dbpedia-entity|bm25|direct|judge|0.4495
dbpedia-entity|bm25|direct|judge_expr|0.3219
dbpedia-entity|bm25|direct|rankgpt|0.463
dbpedia-entity|bm25|direct|setmaxheaptopk|0.4737
dbpedia-entity|bm25|largest_gap|judge|0.3775
dbpedia-entity|bm25|largest_gap|judge_expr|0.3639
dbpedia-entity|bm25|largest_gap|rankgpt|0.463
dbpedia-entity|bm25|largest_gap|setmaxheaptopk|0.4737
dbpedia-entity|bm25|optimal_global|judge|0.292
dbpedia-entity|bm25|optimal_global|judge_expr|0.3127
dbpedia-entity|bm25|optimal_global|rankgpt|0.4831
dbpedia-entity|bm25|optimal_global|setmaxheaptopk|0.4506
dbpedia-entity|bm25|optimal_per_topic|judge|0.3806
dbpedia-entity|bm25|optimal_per_topic|judge_expr|0.3486
dbpedia-entity|bm25|optimal_per_topic|rankgpt|0.4545
dbpedia-entity|bm25|optimal_per_topic|setmaxheaptopk|0.4306
dbpedia-entity|bm25|quantile|judge|0.8558
dbpedia-entity|bm25|quantile|judge_expr|0.527
dbpedia-entity|bm25|quantile|rankgpt|0.9991
dbpedia-entity|bm25|quantile|setmaxheaptopk|0.6955
dbpedia-entity|bm25|rank|judge|0.5704
dbpedia-entity|bm25|rank|judge_expr|0.3153
dbpedia-entity|bm25|rank|rankgpt|0.5151
dbpedia-entity|bm25|rank|setmaxheaptopk|0.3481
dbpedia-entity|bm25|thresholding|judge|0.304
dbpedia-entity|bm25|thresholding|judge_expr|0.2873
dbpedia-entity|bm25|thresholding|rankgpt|0.0
dbpedia-entity|bm25|thresholding|setmaxheaptopk|0.0
dbpedia-entity|bm25+judge|direct|judge|0.9825
dbpedia-entity|bm25+judge|direct|judge_expr|0.7888
dbpedia-entity|bm25+judge|direct|rankgpt|0.5466
dbpedia-entity|bm25+judge|direct|setmaxheaptopk|0.5433
dbpedia-entity|bm25+judge|largest_gap|judge|0.9833
dbpedia-entity|bm25+judge|largest_gap|judge_expr|0.9079
dbpedia-entity|bm25+judge|largest_gap|rankgpt|0.5466
dbpedia-entity|bm25+judge|largest_gap|setmaxheaptopk|0.5433
dbpedia-entity|bm25+judge|optimal_global|judge|0.705
dbpedia-entity|bm25+judge|optimal_global|judge_expr|0.7467
dbpedia-entity|bm25+judge|optimal_global|rankgpt|0.5416
dbpedia-entity|bm25+judge|optimal_global|setmaxheaptopk|0.5573
dbpedia-entity|bm25+judge|optimal_per_topic|judge|0.87
dbpedia-entity|bm25+judge|optimal_per_topic|judge_expr|0.7075
dbpedia-entity|bm25+judge|optimal_per_topic|rankgpt|0.5583
dbpedia-entity|bm25+judge|optimal_per_topic|setmaxheaptopk|0.5574
dbpedia-entity|bm25+judge|quantile|judge|1.0
dbpedia-entity|bm25+judge|quantile|judge_expr|0.851
dbpedia-entity|bm25+judge|quantile|rankgpt|0.6394
dbpedia-entity|bm25+judge|quantile|setmaxheaptopk|0.6457
dbpedia-entity|bm25+judge|rank|judge|0.7067
dbpedia-entity|bm25+judge|rank|judge_expr|0.6751
dbpedia-entity|bm25+judge|rank|rankgpt|0.455
dbpedia-entity|bm25+judge|rank|setmaxheaptopk|0.4692
dbpedia-entity|bm25+judge|thresholding|judge|0.7475
dbpedia-entity|bm25+judge|thresholding|judge_expr|0.6857
dbpedia-entity|bm25+judge|thresholding|rankgpt|0.0
dbpedia-entity|bm25+judge|thresholding|setmaxheaptopk|0.0
dbpedia-entity|bm25+judge_expr|direct|judge|0.9455
dbpedia-entity|bm25+judge_expr|direct|judge_expr|0.8225
dbpedia-entity|bm25+judge_expr|direct|rankgpt|0.6457
dbpedia-entity|bm25+judge_expr|direct|setmaxheaptopk|0.6535
dbpedia-entity|bm25+judge_expr|largest_gap|judge|0.9556
dbpedia-entity|bm25+judge_expr|largest_gap|judge_expr|1.0
dbpedia-entity|bm25+judge_expr|largest_gap|rankgpt|0.6457
dbpedia-entity|bm25+judge_expr|largest_gap|setmaxheaptopk|0.6535
dbpedia-entity|bm25+judge_expr|optimal_global|judge|0.7048
dbpedia-entity|bm25+judge_expr|optimal_global|judge_expr|0.7575
dbpedia-entity|bm25+judge_expr|optimal_global|rankgpt|0.6333
dbpedia-entity|bm25+judge_expr|optimal_global|setmaxheaptopk|0.6685
dbpedia-entity|bm25+judge_expr|optimal_per_topic|judge|0.8499
dbpedia-entity|bm25+judge_expr|optimal_per_topic|judge_expr|0.87
dbpedia-entity|bm25+judge_expr|optimal_per_topic|rankgpt|0.6473
dbpedia-entity|bm25+judge_expr|optimal_per_topic|setmaxheaptopk|0.6551
dbpedia-entity|bm25+judge_expr|quantile|judge|0.9977
dbpedia-entity|bm25+judge_expr|quantile|judge_expr|1.0
dbpedia-entity|bm25+judge_expr|quantile|rankgpt|0.7049
dbpedia-entity|bm25+judge_expr|quantile|setmaxheaptopk|0.7157
dbpedia-entity|bm25+judge_expr|rank|judge|0.698
dbpedia-entity|bm25+judge_expr|rank|judge_expr|0.9978
dbpedia-entity|bm25+judge_expr|rank|rankgpt|0.5257
dbpedia-entity|bm25+judge_expr|rank|setmaxheaptopk|0.5386
dbpedia-entity|bm25+judge_expr|thresholding|judge|0.7461
dbpedia-entity|bm25+judge_expr|thresholding|judge_expr|0.6925
dbpedia-entity|bm25+judge_expr|thresholding|rankgpt|0.0
dbpedia-entity|bm25+judge_expr|thresholding|setmaxheaptopk|0.0
dbpedia-entity|bm25+point|direct|judge|0.7277
dbpedia-entity|bm25+point|direct|judge_expr|0.5758
dbpedia-entity|bm25+point|direct|rankgpt|0.5252
dbpedia-entity|bm25+point|direct|setmaxheaptopk|0.5461
dbpedia-entity|bm25+point|largest_gap|judge|0.6605
dbpedia-entity|bm25+point|largest_gap|judge_expr|0.67
dbpedia-entity|bm25+point|largest_gap|rankgpt|0.5252
dbpedia-entity|bm25+point|largest_gap|setmaxheaptopk|0.5461
dbpedia-entity|bm25+point|optimal_global|judge|0.5093
dbpedia-entity|bm25+point|optimal_global|judge_expr|0.5562
dbpedia-entity|bm25+point|optimal_global|rankgpt|0.5341
dbpedia-entity|bm25+point|optimal_global|setmaxheaptopk|0.5627
dbpedia-entity|bm25+point|optimal_per_topic|judge|0.6398
dbpedia-entity|bm25+point|optimal_per_topic|judge_expr|0.571
dbpedia-entity|bm25+point|optimal_per_topic|rankgpt|0.56
dbpedia-entity|bm25+point|optimal_per_topic|setmaxheaptopk|0.5787
dbpedia-entity|bm25+point|quantile|judge|0.9325
dbpedia-entity|bm25+point|quantile|judge_expr|0.7569
dbpedia-entity|bm25+point|quantile|rankgpt|0.6545
dbpedia-entity|bm25+point|quantile|setmaxheaptopk|0.6809
dbpedia-entity|bm25+point|rank|judge|0.5076
dbpedia-entity|bm25+point|rank|judge_expr|0.5367
dbpedia-entity|bm25+point|rank|rankgpt|0.4645
dbpedia-entity|bm25+point|rank|setmaxheaptopk|0.4971
dbpedia-entity|bm25+point|thresholding|judge|0.5443
dbpedia-entity|bm25+point|thresholding|judge_expr|0.4975
dbpedia-entity|bm25+point|thresholding|rankgpt|0.0
dbpedia-entity|bm25+point|thresholding|setmaxheaptopk|0.0
dbpedia-entity|bm25+rankfirst|direct|judge|0.7538
dbpedia-entity|bm25+rankfirst|direct|judge_expr|0.6075
dbpedia-entity|bm25+rankfirst|direct|rankgpt|0.768
dbpedia-entity|bm25+rankfirst|direct|setmaxheaptopk|0.7721
dbpedia-entity|bm25+rankfirst|largest_gap|judge|0.727
dbpedia-entity|bm25+rankfirst|largest_gap|judge_expr|0.7179
dbpedia-entity|bm25+rankfirst|largest_gap|rankgpt|0.768
dbpedia-entity|bm25+rankfirst|largest_gap|setmaxheaptopk|0.7721
dbpedia-entity|bm25+rankfirst|optimal_global|judge|0.536
dbpedia-entity|bm25+rankfirst|optimal_global|judge_expr|0.5763
dbpedia-entity|bm25+rankfirst|optimal_global|rankgpt|0.76
dbpedia-entity|bm25+rankfirst|optimal_global|setmaxheaptopk|0.7641
dbpedia-entity|bm25+rankfirst|optimal_per_topic|judge|0.6878
dbpedia-entity|bm25+rankfirst|optimal_per_topic|judge_expr|0.6566
dbpedia-entity|bm25+rankfirst|optimal_per_topic|rankgpt|0.7183
dbpedia-entity|bm25+rankfirst|optimal_per_topic|setmaxheaptopk|0.712
dbpedia-entity|bm25+rankfirst|quantile|judge|0.9405
dbpedia-entity|bm25+rankfirst|quantile|judge_expr|0.7648
dbpedia-entity|bm25+rankfirst|quantile|rankgpt|0.8589
dbpedia-entity|bm25+rankfirst|quantile|setmaxheaptopk|0.7728
dbpedia-entity|bm25+rankfirst|rank|judge|0.6325
dbpedia-entity|bm25+rankfirst|rank|judge_expr|0.5571
dbpedia-entity|bm25+rankfirst|rank|rankgpt|0.6077
dbpedia-entity|bm25+rankfirst|rank|setmaxheaptopk|0.5582
dbpedia-entity|bm25+rankfirst|thresholding|judge|0.5711
dbpedia-entity|bm25+rankfirst|thresholding|judge_expr|0.5245
dbpedia-entity|bm25+rankfirst|thresholding|rankgpt|0.0
dbpedia-entity|bm25+rankfirst|thresholding|setmaxheaptopk|0.0
dbpedia-entity|bm25+rankgpt|direct|judge|0.7255
dbpedia-entity|bm25+rankgpt|direct|judge_expr|0.5984
dbpedia-entity|bm25+rankgpt|direct|rankgpt|1.0
dbpedia-entity|bm25+rankgpt|direct|setmaxheaptopk|0.7338
dbpedia-entity|bm25+rankgpt|largest_gap|judge|0.6927
dbpedia-entity|bm25+rankgpt|largest_gap|judge_expr|0.6965
dbpedia-entity|bm25+rankgpt|largest_gap|rankgpt|1.0
dbpedia-entity|bm25+rankgpt|largest_gap|setmaxheaptopk|0.7338
dbpedia-entity|bm25+rankgpt|optimal_global|judge|0.5331
dbpedia-entity|bm25+rankgpt|optimal_global|judge_expr|0.571
dbpedia-entity|bm25+rankgpt|optimal_global|rankgpt|1.0
dbpedia-entity|bm25+rankgpt|optimal_global|setmaxheaptopk|0.7146
dbpedia-entity|bm25+rankgpt|optimal_per_topic|judge|0.661
dbpedia-entity|bm25+rankgpt|optimal_per_topic|judge_expr|0.6374
dbpedia-entity|bm25+rankgpt|optimal_per_topic|rankgpt|0.87
dbpedia-entity|bm25+rankgpt|optimal_per_topic|setmaxheaptopk|0.6764
dbpedia-entity|bm25+rankgpt|quantile|judge|0.9401
dbpedia-entity|bm25+rankgpt|quantile|judge_expr|0.7562
dbpedia-entity|bm25+rankgpt|quantile|rankgpt|1.0
dbpedia-entity|bm25+rankgpt|quantile|setmaxheaptopk|0.7512
dbpedia-entity|bm25+rankgpt|rank|judge|0.586
dbpedia-entity|bm25+rankgpt|rank|judge_expr|0.5401
dbpedia-entity|bm25+rankgpt|rank|rankgpt|1.0
dbpedia-entity|bm25+rankgpt|rank|setmaxheaptopk|0.5317
dbpedia-entity|bm25+rankgpt|thresholding|judge|0.5597
dbpedia-entity|bm25+rankgpt|thresholding|judge_expr|0.5181
dbpedia-entity|bm25+rankgpt|thresholding|rankgpt|0.0
dbpedia-entity|bm25+rankgpt|thresholding|setmaxheaptopk|0.0
dbpedia-entity|bm25+rankzephyr|direct|judge|0.7582
dbpedia-entity|bm25+rankzephyr|direct|judge_expr|0.6056
dbpedia-entity|bm25+rankzephyr|direct|rankgpt|0.7245
dbpedia-entity|bm25+rankzephyr|direct|setmaxheaptopk|0.7262
dbpedia-entity|bm25+rankzephyr|largest_gap|judge|0.7119
dbpedia-entity|bm25+rankzephyr|largest_gap|judge_expr|0.709
dbpedia-entity|bm25+rankzephyr|largest_gap|rankgpt|0.7245
dbpedia-entity|bm25+rankzephyr|largest_gap|setmaxheaptopk|0.7262
dbpedia-entity|bm25+rankzephyr|optimal_global|judge|0.5365
dbpedia-entity|bm25+rankzephyr|optimal_global|judge_expr|0.5784
dbpedia-entity|bm25+rankzephyr|optimal_global|rankgpt|0.7153
dbpedia-entity|bm25+rankzephyr|optimal_global|setmaxheaptopk|0.7257
dbpedia-entity|bm25+rankzephyr|optimal_per_topic|judge|0.6868
dbpedia-entity|bm25+rankzephyr|optimal_per_topic|judge_expr|0.6481
dbpedia-entity|bm25+rankzephyr|optimal_per_topic|rankgpt|0.694
dbpedia-entity|bm25+rankzephyr|optimal_per_topic|setmaxheaptopk|0.6891
dbpedia-entity|bm25+rankzephyr|quantile|judge|0.9491
dbpedia-entity|bm25+rankzephyr|quantile|judge_expr|0.8026
dbpedia-entity|bm25+rankzephyr|quantile|rankgpt|0.7432
dbpedia-entity|bm25+rankzephyr|quantile|setmaxheaptopk|0.7336
dbpedia-entity|bm25+rankzephyr|rank|judge|0.5559
dbpedia-entity|bm25+rankzephyr|rank|judge_expr|0.5767
dbpedia-entity|bm25+rankzephyr|rank|rankgpt|0.557
dbpedia-entity|bm25+rankzephyr|rank|setmaxheaptopk|0.5572
dbpedia-entity|bm25+rankzephyr|thresholding|judge|0.5669
dbpedia-entity|bm25+rankzephyr|thresholding|judge_expr|0.5253
dbpedia-entity|bm25+rankzephyr|thresholding|rankgpt|0.0
dbpedia-entity|bm25+rankzephyr|thresholding|setmaxheaptopk|0.0
dbpedia-entity|bm25+setmaxheaptopk|direct|judge|0.7306
dbpedia-entity|bm25+setmaxheaptopk|direct|judge_expr|0.6174
dbpedia-entity|bm25+setmaxheaptopk|direct|rankgpt|0.7394
dbpedia-entity|bm25+setmaxheaptopk|direct|setmaxheaptopk|1.0
dbpedia-entity|bm25+setmaxheaptopk|largest_gap|judge|0.7083
dbpedia-entity|bm25+setmaxheaptopk|largest_gap|judge_expr|0.7062
dbpedia-entity|bm25+setmaxheaptopk|largest_gap|rankgpt|0.7394
dbpedia-entity|bm25+setmaxheaptopk|largest_gap|setmaxheaptopk|1.0
dbpedia-entity|bm25+setmaxheaptopk|optimal_global|judge|0.5501
dbpedia-entity|bm25+setmaxheaptopk|optimal_global|judge_expr|0.5926
dbpedia-entity|bm25+setmaxheaptopk|optimal_global|rankgpt|0.7261
dbpedia-entity|bm25+setmaxheaptopk|optimal_global|setmaxheaptopk|1.0
dbpedia-entity|bm25+setmaxheaptopk|optimal_per_topic|judge|0.6725
dbpedia-entity|bm25+setmaxheaptopk|optimal_per_topic|judge_expr|0.6432
dbpedia-entity|bm25+setmaxheaptopk|optimal_per_topic|rankgpt|0.6775
dbpedia-entity|bm25+setmaxheaptopk|optimal_per_topic|setmaxheaptopk|0.87
dbpedia-entity|bm25+setmaxheaptopk|quantile|judge|0.9394
dbpedia-entity|bm25+setmaxheaptopk|quantile|judge_expr|0.7427
dbpedia-entity|bm25+setmaxheaptopk|quantile|rankgpt|0.6868
dbpedia-entity|bm25+setmaxheaptopk|quantile|setmaxheaptopk|1.0
dbpedia-entity|bm25+setmaxheaptopk|rank|judge|0.5346
dbpedia-entity|bm25+setmaxheaptopk|rank|judge_expr|0.5517
dbpedia-entity|bm25+setmaxheaptopk|rank|rankgpt|0.5293
dbpedia-entity|bm25+setmaxheaptopk|rank|setmaxheaptopk|1.0
dbpedia-entity|bm25+setmaxheaptopk|thresholding|judge|0.5786
dbpedia-entity|bm25+setmaxheaptopk|thresholding|judge_expr|0.5378
dbpedia-entity|bm25+setmaxheaptopk|thresholding|rankgpt|0.0
dbpedia-entity|bm25+setmaxheaptopk|thresholding|setmaxheaptopk|0.0
dbpedia-entity|colbert-small|direct|judge|0.4313
dbpedia-entity|colbert-small|direct|judge_expr|0.3748
dbpedia-entity|colbert-small|direct|rankgpt|0.5055
dbpedia-entity|colbert-small|direct|setmaxheaptopk|0.5048
dbpedia-entity|colbert-small|largest_gap|judge|0.4267
dbpedia-entity|colbert-small|largest_gap|judge_expr|0.4278
dbpedia-entity|colbert-small|largest_gap|rankgpt|0.5055
dbpedia-entity|colbert-small|largest_gap|setmaxheaptopk|0.5048
dbpedia-entity|colbert-small|optimal_global|judge|0.3473
dbpedia-entity|colbert-small|optimal_global|judge_expr|0.3564
dbpedia-entity|colbert-small|optimal_global|rankgpt|0.4593
dbpedia-entity|colbert-small|optimal_global|setmaxheaptopk|0.4629
dbpedia-entity|colbert-small|optimal_per_topic|judge|0.4085
dbpedia-entity|colbert-small|optimal_per_topic|judge_expr|0.4206
dbpedia-entity|colbert-small|optimal_per_topic|rankgpt|0.4653
dbpedia-entity|colbert-small|optimal_per_topic|setmaxheaptopk|0.463
dbpedia-entity|colbert-small|quantile|judge|0.4602
dbpedia-entity|colbert-small|quantile|judge_expr|0.3938
dbpedia-entity|colbert-small|quantile|rankgpt|0.4187
dbpedia-entity|colbert-small|quantile|setmaxheaptopk|0.3847
dbpedia-entity|colbert-small|rank|judge|0.3039
dbpedia-entity|colbert-small|rank|judge_expr|0.2965
dbpedia-entity|colbert-small|rank|rankgpt|0.3067
dbpedia-entity|colbert-small|rank|setmaxheaptopk|0.3015
dbpedia-entity|colbert-small|thresholding|judge|0.3542
dbpedia-entity|colbert-small|thresholding|judge_expr|0.343
dbpedia-entity|colbert-small|thresholding|rankgpt|0.0
dbpedia-entity|colbert-small|thresholding|setmaxheaptopk|0.0
dbpedia-entity|colbert-small+judge|direct|judge|0.4667
dbpedia-entity|colbert-small+judge|direct|judge_expr|0.4727
dbpedia-entity|colbert-small+judge|direct|rankgpt|0.3469
dbpedia-entity|colbert-small+judge|direct|setmaxheaptopk|0.3482
dbpedia-entity|colbert-small+judge|largest_gap|judge|0.5421
dbpedia-entity|colbert-small+judge|largest_gap|judge_expr|0.5174
dbpedia-entity|colbert-small+judge|largest_gap|rankgpt|0.3469
dbpedia-entity|colbert-small+judge|largest_gap|setmaxheaptopk|0.3482
dbpedia-entity|colbert-small+judge|optimal_global|judge|0.4386
dbpedia-entity|colbert-small+judge|optimal_global|judge_expr|0.4499
dbpedia-entity|colbert-small+judge|optimal_global|rankgpt|0.3214
dbpedia-entity|colbert-small+judge|optimal_global|setmaxheaptopk|0.3405
dbpedia-entity|colbert-small+judge|optimal_per_topic|judge|0.4546
dbpedia-entity|colbert-small+judge|optimal_per_topic|judge_expr|0.4175
dbpedia-entity|colbert-small+judge|optimal_per_topic|rankgpt|0.346
dbpedia-entity|colbert-small+judge|optimal_per_topic|setmaxheaptopk|0.3559
dbpedia-entity|colbert-small+judge|quantile|judge|0.365
dbpedia-entity|colbert-small+judge|quantile|judge_expr|0.348
dbpedia-entity|colbert-small+judge|quantile|rankgpt|0.3004
dbpedia-entity|colbert-small+judge|quantile|setmaxheaptopk|0.2916
dbpedia-entity|colbert-small+judge|rank|judge|0.3083
dbpedia-entity|colbert-small+judge|rank|judge_expr|0.294
dbpedia-entity|colbert-small+judge|rank|rankgpt|0.2244
dbpedia-entity|colbert-small+judge|rank|setmaxheaptopk|0.2324
dbpedia-entity|colbert-small+judge|thresholding|judge|0.4498
dbpedia-entity|colbert-small+judge|thresholding|judge_expr|0.4318
dbpedia-entity|colbert-small+judge|thresholding|rankgpt|0.0
dbpedia-entity|colbert-small+judge|thresholding|setmaxheaptopk|0.0
dbpedia-entity|colbert-small+judge_expr|direct|judge|0.4802
dbpedia-entity|colbert-small+judge_expr|direct|judge_expr|0.5044
dbpedia-entity|colbert-small+judge_expr|direct|rankgpt|0.4363
dbpedia-entity|colbert-small+judge_expr|direct|setmaxheaptopk|0.4358
dbpedia-entity|colbert-small+judge_expr|largest_gap|judge|0.5554
dbpedia-entity|colbert-small+judge_expr|largest_gap|judge_expr|0.5603
dbpedia-entity|colbert-small+judge_expr|largest_gap|rankgpt|0.4363
dbpedia-entity|colbert-small+judge_expr|largest_gap|setmaxheaptopk|0.4358
dbpedia-entity|colbert-small+judge_expr|optimal_global|judge|0.4558
dbpedia-entity|colbert-small+judge_expr|optimal_global|judge_expr|0.4692
dbpedia-entity|colbert-small+judge_expr|optimal_global|rankgpt|0.3992
dbpedia-entity|colbert-small+judge_expr|optimal_global|setmaxheaptopk|0.4197
dbpedia-entity|colbert-small+judge_expr|optimal_per_topic|judge|0.4703
dbpedia-entity|colbert-small+judge_expr|optimal_per_topic|judge_expr|0.508
dbpedia-entity|colbert-small+judge_expr|optimal_per_topic|rankgpt|0.4175
dbpedia-entity|colbert-small+judge_expr|optimal_per_topic|setmaxheaptopk|0.4254
dbpedia-entity|colbert-small+judge_expr|quantile|judge|0.3898
dbpedia-entity|colbert-small+judge_expr|quantile|judge_expr|0.3897
dbpedia-entity|colbert-small+judge_expr|quantile|rankgpt|0.3329
dbpedia-entity|colbert-small+judge_expr|quantile|setmaxheaptopk|0.3296
dbpedia-entity|colbert-small+judge_expr|rank|judge|0.3239
dbpedia-entity|colbert-small+judge_expr|rank|judge_expr|0.3706
dbpedia-entity|colbert-small+judge_expr|rank|rankgpt|0.2628
dbpedia-entity|colbert-small+judge_expr|rank|setmaxheaptopk|0.2747
dbpedia-entity|colbert-small+judge_expr|thresholding|judge|0.4649
dbpedia-entity|colbert-small+judge_expr|thresholding|judge_expr|0.4497
dbpedia-entity|colbert-small+judge_expr|thresholding|rankgpt|0.0
dbpedia-entity|colbert-small+judge_expr|thresholding|setmaxheaptopk|0.0
dbpedia-entity|colbert-small+point|direct|judge|0.3899
dbpedia-entity|colbert-small+point|direct|judge_expr|0.37
dbpedia-entity|colbert-small+point|direct|rankgpt|0.341
dbpedia-entity|colbert-small+point|direct|setmaxheaptopk|0.3574
dbpedia-entity|colbert-small+point|largest_gap|judge|0.4046
dbpedia-entity|colbert-small+point|largest_gap|judge_expr|0.4143
dbpedia-entity|colbert-small+point|largest_gap|rankgpt|0.341
dbpedia-entity|colbert-small+point|largest_gap|setmaxheaptopk|0.3574
dbpedia-entity|colbert-small+point|optimal_global|judge|0.3417
dbpedia-entity|colbert-small+point|optimal_global|judge_expr|0.3633
dbpedia-entity|colbert-small+point|optimal_global|rankgpt|0.3287
dbpedia-entity|colbert-small+point|optimal_global|setmaxheaptopk|0.3435
dbpedia-entity|colbert-small+point|optimal_per_topic|judge|0.3604
dbpedia-entity|colbert-small+point|optimal_per_topic|judge_expr|0.3472
dbpedia-entity|colbert-small+point|optimal_per_topic|rankgpt|0.344
dbpedia-entity|colbert-small+point|optimal_per_topic|setmaxheaptopk|0.3615
dbpedia-entity|colbert-small+point|quantile|judge|0.3527
dbpedia-entity|colbert-small+point|quantile|judge_expr|0.3188
dbpedia-entity|colbert-small+point|quantile|rankgpt|0.3102
dbpedia-entity|colbert-small+point|quantile|setmaxheaptopk|0.3049
dbpedia-entity|colbert-small+point|rank|judge|0.2513
dbpedia-entity|colbert-small+point|rank|judge_expr|0.25
dbpedia-entity|colbert-small+point|rank|rankgpt|0.2385
dbpedia-entity|colbert-small+point|rank|setmaxheaptopk|0.2451
dbpedia-entity|colbert-small+point|thresholding|judge|0.3526
dbpedia-entity|colbert-small+point|thresholding|judge_expr|0.3324
dbpedia-entity|colbert-small+point|thresholding|rankgpt|0.0
dbpedia-entity|colbert-small+point|thresholding|setmaxheaptopk|0.0
dbpedia-entity|colbert-small+rankfirst|direct|judge|0.5085
dbpedia-entity|colbert-small+rankfirst|direct|judge_expr|0.4749
dbpedia-entity|colbert-small+rankfirst|direct|rankgpt|0.5731
dbpedia-entity|colbert-small+rankfirst|direct|setmaxheaptopk|0.5881
dbpedia-entity|colbert-small+rankfirst|largest_gap|judge|0.5319
dbpedia-entity|colbert-small+rankfirst|largest_gap|judge_expr|0.5331
dbpedia-entity|colbert-small+rankfirst|largest_gap|rankgpt|0.5731
dbpedia-entity|colbert-small+rankfirst|largest_gap|setmaxheaptopk|0.5881
dbpedia-entity|colbert-small+rankfirst|optimal_global|judge|0.4347
dbpedia-entity|colbert-small+rankfirst|optimal_global|judge_expr|0.4516
dbpedia-entity|colbert-small+rankfirst|optimal_global|rankgpt|0.5482
dbpedia-entity|colbert-small+rankfirst|optimal_global|setmaxheaptopk|0.5564
dbpedia-entity|colbert-small+rankfirst|optimal_per_topic|judge|0.4931
dbpedia-entity|colbert-small+rankfirst|optimal_per_topic|judge_expr|0.5039
dbpedia-entity|colbert-small+rankfirst|optimal_per_topic|rankgpt|0.5314
dbpedia-entity|colbert-small+rankfirst|optimal_per_topic|setmaxheaptopk|0.543
dbpedia-entity|colbert-small+rankfirst|quantile|judge|0.4852
dbpedia-entity|colbert-small+rankfirst|quantile|judge_expr|0.443
dbpedia-entity|colbert-small+rankfirst|quantile|rankgpt|0.4451
dbpedia-entity|colbert-small+rankfirst|quantile|setmaxheaptopk|0.4248
dbpedia-entity|colbert-small+rankfirst|rank|judge|0.3586
dbpedia-entity|colbert-small+rankfirst|rank|judge_expr|0.3533
dbpedia-entity|colbert-small+rankfirst|rank|rankgpt|0.3501
dbpedia-entity|colbert-small+rankfirst|rank|setmaxheaptopk|0.3573
dbpedia-entity|colbert-small+rankfirst|thresholding|judge|0.4457
dbpedia-entity|colbert-small+rankfirst|thresholding|judge_expr|0.4245
dbpedia-entity|colbert-small+rankfirst|thresholding|rankgpt|0.0
dbpedia-entity|colbert-small+rankfirst|thresholding|setmaxheaptopk|0.0
dbpedia-entity|colbert-small+rankgpt|direct|judge|0.4628
dbpedia-entity|colbert-small+rankgpt|direct|judge_expr|0.44
dbpedia-entity|colbert-small+rankgpt|direct|rankgpt|0.531
dbpedia-entity|colbert-small+rankgpt|direct|setmaxheaptopk|0.5492
dbpedia-entity|colbert-small+rankgpt|largest_gap|judge|0.4865
dbpedia-entity|colbert-small+rankgpt|largest_gap|judge_expr|0.4847
dbpedia-entity|colbert-small+rankgpt|largest_gap|rankgpt|0.531
dbpedia-entity|colbert-small+rankgpt|largest_gap|setmaxheaptopk|0.5492
dbpedia-entity|colbert-small+rankgpt|optimal_global|judge|0.4111
dbpedia-entity|colbert-small+rankgpt|optimal_global|judge_expr|0.4238
dbpedia-entity|colbert-small+rankgpt|optimal_global|rankgpt|0.5039
dbpedia-entity|colbert-small+rankgpt|optimal_global|setmaxheaptopk|0.506
dbpedia-entity|colbert-small+rankgpt|optimal_per_topic|judge|0.455
dbpedia-entity|colbert-small+rankgpt|optimal_per_topic|judge_expr|0.4634
dbpedia-entity|colbert-small+rankgpt|optimal_per_topic|rankgpt|0.4938
dbpedia-entity|colbert-small+rankgpt|optimal_per_topic|setmaxheaptopk|0.5042
dbpedia-entity|colbert-small+rankgpt|quantile|judge|0.4326
dbpedia-entity|colbert-small+rankgpt|quantile|judge_expr|0.3999
dbpedia-entity|colbert-small+rankgpt|quantile|rankgpt|0.3976
dbpedia-entity|colbert-small+rankgpt|quantile|setmaxheaptopk|0.3806
dbpedia-entity|colbert-small+rankgpt|rank|judge|0.3112
dbpedia-entity|colbert-small+rankgpt|rank|judge_expr|0.3183
dbpedia-entity|colbert-small+rankgpt|rank|rankgpt|0.3263
dbpedia-entity|colbert-small+rankgpt|rank|setmaxheaptopk|0.3212
dbpedia-entity|colbert-small+rankgpt|thresholding|judge|0.417
dbpedia-entity|colbert-small+rankgpt|thresholding|judge_expr|0.3952
dbpedia-entity|colbert-small+rankgpt|thresholding|rankgpt|0.0
dbpedia-entity|colbert-small+rankgpt|thresholding|setmaxheaptopk|0.0
dbpedia-entity|colbert-small+rankzephyr|direct|judge|0.4801
dbpedia-entity|colbert-small+rankzephyr|direct|judge_expr|0.4488
dbpedia-entity|colbert-small+rankzephyr|direct|rankgpt|0.5311
dbpedia-entity|colbert-small+rankzephyr|direct|setmaxheaptopk|0.5535
dbpedia-entity|colbert-small+rankzephyr|largest_gap|judge|0.5034
dbpedia-entity|colbert-small+rankzephyr|largest_gap|judge_expr|0.509
dbpedia-entity|colbert-small+rankzephyr|largest_gap|rankgpt|0.5311
dbpedia-entity|colbert-small+rankzephyr|largest_gap|setmaxheaptopk|0.5535
dbpedia-entity|colbert-small+rankzephyr|optimal_global|judge|0.4143
dbpedia-entity|colbert-small+rankzephyr|optimal_global|judge_expr|0.433
dbpedia-entity|colbert-small+rankzephyr|optimal_global|rankgpt|0.5006
dbpedia-entity|colbert-small+rankzephyr|optimal_global|setmaxheaptopk|0.5166
dbpedia-entity|colbert-small+rankzephyr|optimal_per_topic|judge|0.4651
dbpedia-entity|colbert-small+rankzephyr|optimal_per_topic|judge_expr|0.4757
dbpedia-entity|colbert-small+rankzephyr|optimal_per_topic|rankgpt|0.4931
dbpedia-entity|colbert-small+rankzephyr|optimal_per_topic|setmaxheaptopk|0.5001
dbpedia-entity|colbert-small+rankzephyr|quantile|judge|0.4409
dbpedia-entity|colbert-small+rankzephyr|quantile|judge_expr|0.4064
dbpedia-entity|colbert-small+rankzephyr|quantile|rankgpt|0.4008
dbpedia-entity|colbert-small+rankzephyr|quantile|setmaxheaptopk|0.3909
dbpedia-entity|colbert-small+rankzephyr|rank|judge|0.3233
dbpedia-entity|colbert-small+rankzephyr|rank|judge_expr|0.3284
dbpedia-entity|colbert-small+rankzephyr|rank|rankgpt|0.3208
dbpedia-entity|colbert-small+rankzephyr|rank|setmaxheaptopk|0.333
dbpedia-entity|colbert-small+rankzephyr|thresholding|judge|0.425
dbpedia-entity|colbert-small+rankzephyr|thresholding|judge_expr|0.4073
dbpedia-entity|colbert-small+rankzephyr|thresholding|rankgpt|0.0
dbpedia-entity|colbert-small+rankzephyr|thresholding|setmaxheaptopk|0.0
dbpedia-entity|colbert-small+setmaxheaptopk|direct|judge|0.4615
dbpedia-entity|colbert-small+setmaxheaptopk|direct|judge_expr|0.4498
dbpedia-entity|colbert-small+setmaxheaptopk|direct|rankgpt|0.5311
dbpedia-entity|colbert-small+setmaxheaptopk|direct|setmaxheaptopk|0.5632
dbpedia-entity|colbert-small+setmaxheaptopk|largest_gap|judge|0.4934
dbpedia-entity|colbert-small+setmaxheaptopk|largest_gap|judge_expr|0.4995
dbpedia-entity|colbert-small+setmaxheaptopk|largest_gap|rankgpt|0.5311
dbpedia-entity|colbert-small+setmaxheaptopk|largest_gap|setmaxheaptopk|0.5632
dbpedia-entity|colbert-small+setmaxheaptopk|optimal_global|judge|0.421
dbpedia-entity|colbert-small+setmaxheaptopk|optimal_global|judge_expr|0.4363
dbpedia-entity|colbert-small+setmaxheaptopk|optimal_global|rankgpt|0.4944
dbpedia-entity|colbert-small+setmaxheaptopk|optimal_global|setmaxheaptopk|0.5263
dbpedia-entity|colbert-small+setmaxheaptopk|optimal_per_topic|judge|0.4561
dbpedia-entity|colbert-small+setmaxheaptopk|optimal_per_topic|judge_expr|0.4753
dbpedia-entity|colbert-small+setmaxheaptopk|optimal_per_topic|rankgpt|0.4873
dbpedia-entity|colbert-small+setmaxheaptopk|optimal_per_topic|setmaxheaptopk|0.51
dbpedia-entity|colbert-small+setmaxheaptopk|quantile|judge|0.4095
dbpedia-entity|colbert-small+setmaxheaptopk|quantile|judge_expr|0.3867
dbpedia-entity|colbert-small+setmaxheaptopk|quantile|rankgpt|0.3738
dbpedia-entity|colbert-small+setmaxheaptopk|quantile|setmaxheaptopk|0.3794
dbpedia-entity|colbert-small+setmaxheaptopk|rank|judge|0.3045
dbpedia-entity|colbert-small+setmaxheaptopk|rank|judge_expr|0.3182
dbpedia-entity|colbert-small+setmaxheaptopk|rank|rankgpt|0.3054
dbpedia-entity|colbert-small+setmaxheaptopk|rank|setmaxheaptopk|0.334
dbpedia-entity|colbert-small+setmaxheaptopk|thresholding|judge|0.4277
dbpedia-entity|colbert-small+setmaxheaptopk|thresholding|judge_expr|0.4104
dbpedia-entity|colbert-small+setmaxheaptopk|thresholding|rankgpt|0.0
dbpedia-entity|colbert-small+setmaxheaptopk|thresholding|setmaxheaptopk|0.0
dbpedia-entity|nomicai-modernbert-embed|direct|judge|0.4495
dbpedia-entity|nomicai-modernbert-embed|direct|judge_expr|0.3842
dbpedia-entity|nomicai-modernbert-embed|direct|rankgpt|0.5202
dbpedia-entity|nomicai-modernbert-embed|direct|setmaxheaptopk|0.5147
dbpedia-entity|nomicai-modernbert-embed|largest_gap|judge|0.4352
dbpedia-entity|nomicai-modernbert-embed|largest_gap|judge_expr|0.4424
dbpedia-entity|nomicai-modernbert-embed|largest_gap|rankgpt|0.5202
dbpedia-entity|nomicai-modernbert-embed|largest_gap|setmaxheaptopk|0.5147
dbpedia-entity|nomicai-modernbert-embed|optimal_global|judge|0.3609
dbpedia-entity|nomicai-modernbert-embed|optimal_global|judge_expr|0.3731
dbpedia-entity|nomicai-modernbert-embed|optimal_global|rankgpt|0.4805
dbpedia-entity|nomicai-modernbert-embed|optimal_global|setmaxheaptopk|0.4791
dbpedia-entity|nomicai-modernbert-embed|optimal_per_topic|judge|0.4392
dbpedia-entity|nomicai-modernbert-embed|optimal_per_topic|judge_expr|0.4525
dbpedia-entity|nomicai-modernbert-embed|optimal_per_topic|rankgpt|0.4971
dbpedia-entity|nomicai-modernbert-embed|optimal_per_topic|setmaxheaptopk|0.4902
dbpedia-entity|nomicai-modernbert-embed|quantile|judge|0.4856
dbpedia-entity|nomicai-modernbert-embed|quantile|judge_expr|0.4175
dbpedia-entity|nomicai-modernbert-embed|quantile|rankgpt|0.4493
dbpedia-entity|nomicai-modernbert-embed|quantile|setmaxheaptopk|0.4093
dbpedia-entity|nomicai-modernbert-embed|rank|judge|0.3258
dbpedia-entity|nomicai-modernbert-embed|rank|judge_expr|0.3104
dbpedia-entity|nomicai-modernbert-embed|rank|rankgpt|0.3336
dbpedia-entity|nomicai-modernbert-embed|rank|setmaxheaptopk|0.3153
dbpedia-entity|nomicai-modernbert-embed|thresholding|judge|0.3694
dbpedia-entity|nomicai-modernbert-embed|thresholding|judge_expr|0.3567
dbpedia-entity|nomicai-modernbert-embed|thresholding|rankgpt|0.0
dbpedia-entity|nomicai-modernbert-embed|thresholding|setmaxheaptopk|0.0
dbpedia-entity|nomicai-modernbert-embed+judge|direct|judge|0.4869
dbpedia-entity|nomicai-modernbert-embed+judge|direct|judge_expr|0.4873
dbpedia-entity|nomicai-modernbert-embed+judge|direct|rankgpt|0.3652
dbpedia-entity|nomicai-modernbert-embed+judge|direct|setmaxheaptopk|0.3601
dbpedia-entity|nomicai-modernbert-embed+judge|largest_gap|judge|0.5595
dbpedia-entity|nomicai-modernbert-embed+judge|largest_gap|judge_expr|0.5313
dbpedia-entity|nomicai-modernbert-embed+judge|largest_gap|rankgpt|0.3652
dbpedia-entity|nomicai-modernbert-embed+judge|largest_gap|setmaxheaptopk|0.3601
dbpedia-entity|nomicai-modernbert-embed+judge|optimal_global|judge|0.4618
dbpedia-entity|nomicai-modernbert-embed+judge|optimal_global|judge_expr|0.4736
dbpedia-entity|nomicai-modernbert-embed+judge|optimal_global|rankgpt|0.3357
dbpedia-entity|nomicai-modernbert-embed+judge|optimal_global|setmaxheaptopk|0.3452
dbpedia-entity|nomicai-modernbert-embed+judge|optimal_per_topic|judge|0.474
dbpedia-entity|nomicai-modernbert-embed+judge|optimal_per_topic|judge_expr|0.4288
dbpedia-entity|nomicai-modernbert-embed+judge|optimal_per_topic|rankgpt|0.3581
dbpedia-entity|nomicai-modernbert-embed+judge|optimal_per_topic|setmaxheaptopk|0.3659
dbpedia-entity|nomicai-modernbert-embed+judge|quantile|judge|0.3845
dbpedia-entity|nomicai-modernbert-embed+judge|quantile|judge_expr|0.3685
dbpedia-entity|nomicai-modernbert-embed+judge|quantile|rankgpt|0.3182
dbpedia-entity|nomicai-modernbert-embed+judge|quantile|setmaxheaptopk|0.3051
dbpedia-entity|nomicai-modernbert-embed+judge|rank|judge|0.3287
dbpedia-entity|nomicai-modernbert-embed+judge|rank|judge_expr|0.3146
dbpedia-entity|nomicai-modernbert-embed+judge|rank|rankgpt|0.2403
dbpedia-entity|nomicai-modernbert-embed+judge|rank|setmaxheaptopk|0.2455
dbpedia-entity|nomicai-modernbert-embed+judge|thresholding|judge|0.4747
dbpedia-entity|nomicai-modernbert-embed+judge|thresholding|judge_expr|0.4574
dbpedia-entity|nomicai-modernbert-embed+judge|thresholding|rankgpt|0.0
dbpedia-entity|nomicai-modernbert-embed+judge|thresholding|setmaxheaptopk|0.0
dbpedia-entity|nomicai-modernbert-embed+judge_expr|direct|judge|0.5
dbpedia-entity|nomicai-modernbert-embed+judge_expr|direct|judge_expr|0.5238
dbpedia-entity|nomicai-modernbert-embed+judge_expr|direct|rankgpt|0.4549
dbpedia-entity|nomicai-modernbert-embed+judge_expr|direct|setmaxheaptopk|0.4394
dbpedia-entity|nomicai-modernbert-embed+judge_expr|largest_gap|judge|0.5769
dbpedia-entity|nomicai-modernbert-embed+judge_expr|largest_gap|judge_expr|0.5807
dbpedia-entity|nomicai-modernbert-embed+judge_expr|largest_gap|rankgpt|0.4549
dbpedia-entity|nomicai-modernbert-embed+judge_expr|largest_gap|setmaxheaptopk|0.4394
dbpedia-entity|nomicai-modernbert-embed+judge_expr|optimal_global|judge|0.479
dbpedia-entity|nomicai-modernbert-embed+judge_expr|optimal_global|judge_expr|0.4917
dbpedia-entity|nomicai-modernbert-embed+judge_expr|optimal_global|rankgpt|0.4132
dbpedia-entity|nomicai-modernbert-embed+judge_expr|optimal_global|setmaxheaptopk|0.4256
dbpedia-entity|nomicai-modernbert-embed+judge_expr|optimal_per_topic|judge|0.4888
dbpedia-entity|nomicai-modernbert-embed+judge_expr|optimal_per_topic|judge_expr|0.5247
dbpedia-entity|nomicai-modernbert-embed+judge_expr|optimal_per_topic|rankgpt|0.4297
dbpedia-entity|nomicai-modernbert-embed+judge_expr|optimal_per_topic|setmaxheaptopk|0.431
dbpedia-entity|nomicai-modernbert-embed+judge_expr|quantile|judge|0.4067
dbpedia-entity|nomicai-modernbert-embed+judge_expr|quantile|judge_expr|0.4071
dbpedia-entity|nomicai-modernbert-embed+judge_expr|quantile|rankgpt|0.3495
dbpedia-entity|nomicai-modernbert-embed+judge_expr|quantile|setmaxheaptopk|0.3444
dbpedia-entity|nomicai-modernbert-embed+judge_expr|rank|judge|0.3409
dbpedia-entity|nomicai-modernbert-embed+judge_expr|rank|judge_expr|0.3922
dbpedia-entity|nomicai-modernbert-embed+judge_expr|rank|rankgpt|0.2774
dbpedia-entity|nomicai-modernbert-embed+judge_expr|rank|setmaxheaptopk|0.287
dbpedia-entity|nomicai-modernbert-embed+judge_expr|thresholding|judge|0.4886
dbpedia-entity|nomicai-modernbert-embed+judge_expr|thresholding|judge_expr|0.4768
dbpedia-entity|nomicai-modernbert-embed+judge_expr|thresholding|rankgpt|0.0
dbpedia-entity|nomicai-modernbert-embed+judge_expr|thresholding|setmaxheaptopk|0.0
dbpedia-entity|nomicai-modernbert-embed+point|direct|judge|0.3977
dbpedia-entity|nomicai-modernbert-embed+point|direct|judge_expr|0.3695
dbpedia-entity|nomicai-modernbert-embed+point|direct|rankgpt|0.3491
dbpedia-entity|nomicai-modernbert-embed+point|direct|setmaxheaptopk|0.3491
dbpedia-entity|nomicai-modernbert-embed+point|largest_gap|judge|0.4055
dbpedia-entity|nomicai-modernbert-embed+point|largest_gap|judge_expr|0.416
dbpedia-entity|nomicai-modernbert-embed+point|largest_gap|rankgpt|0.3491
dbpedia-entity|nomicai-modernbert-embed+point|largest_gap|setmaxheaptopk|0.3491
dbpedia-entity|nomicai-modernbert-embed+point|optimal_global|judge|0.3438
dbpedia-entity|nomicai-modernbert-embed+point|optimal_global|judge_expr|0.3642
dbpedia-entity|nomicai-modernbert-embed+point|optimal_global|rankgpt|0.3352
dbpedia-entity|nomicai-modernbert-embed+point|optimal_global|setmaxheaptopk|0.3419
dbpedia-entity|nomicai-modernbert-embed+point|optimal_per_topic|judge|0.3613
dbpedia-entity|nomicai-modernbert-embed+point|optimal_per_topic|judge_expr|0.3502
dbpedia-entity|nomicai-modernbert-embed+point|optimal_per_topic|rankgpt|0.3473
dbpedia-entity|nomicai-modernbert-embed+point|optimal_per_topic|setmaxheaptopk|0.3561
dbpedia-entity|nomicai-modernbert-embed+point|quantile|judge|0.3725
dbpedia-entity|nomicai-modernbert-embed+point|quantile|judge_expr|0.3352
dbpedia-entity|nomicai-modernbert-embed+point|quantile|rankgpt|0.3261
dbpedia-entity|nomicai-modernbert-embed+point|quantile|setmaxheaptopk|0.3142
dbpedia-entity|nomicai-modernbert-embed+point|rank|judge|0.2643
dbpedia-entity|nomicai-modernbert-embed+point|rank|judge_expr|0.2629
dbpedia-entity|nomicai-modernbert-embed+point|rank|rankgpt|0.2462
dbpedia-entity|nomicai-modernbert-embed+point|rank|setmaxheaptopk|0.2505
dbpedia-entity|nomicai-modernbert-embed+point|thresholding|judge|0.3563
dbpedia-entity|nomicai-modernbert-embed+point|thresholding|judge_expr|0.3405
dbpedia-entity|nomicai-modernbert-embed+point|thresholding|rankgpt|0.0
dbpedia-entity|nomicai-modernbert-embed+point|thresholding|setmaxheaptopk|0.0
dbpedia-entity|nomicai-modernbert-embed+rankfirst|direct|judge|0.512
dbpedia-entity|nomicai-modernbert-embed+rankfirst|direct|judge_expr|0.4753
dbpedia-entity|nomicai-modernbert-embed+rankfirst|direct|rankgpt|0.5879
dbpedia-entity|nomicai-modernbert-embed+rankfirst|direct|setmaxheaptopk|0.5946
dbpedia-entity|nomicai-modernbert-embed+rankfirst|largest_gap|judge|0.5371
dbpedia-entity|nomicai-modernbert-embed+rankfirst|largest_gap|judge_expr|0.5387
dbpedia-entity|nomicai-modernbert-embed+rankfirst|largest_gap|rankgpt|0.5879
dbpedia-entity|nomicai-modernbert-embed+rankfirst|largest_gap|setmaxheaptopk|0.5946
dbpedia-entity|nomicai-modernbert-embed+rankfirst|optimal_global|judge|0.4368
dbpedia-entity|nomicai-modernbert-embed+rankfirst|optimal_global|judge_expr|0.4573
dbpedia-entity|nomicai-modernbert-embed+rankfirst|optimal_global|rankgpt|0.5599
dbpedia-entity|nomicai-modernbert-embed+rankfirst|optimal_global|setmaxheaptopk|0.5659
dbpedia-entity|nomicai-modernbert-embed+rankfirst|optimal_per_topic|judge|0.4935
dbpedia-entity|nomicai-modernbert-embed+rankfirst|optimal_per_topic|judge_expr|0.5082
dbpedia-entity|nomicai-modernbert-embed+rankfirst|optimal_per_topic|rankgpt|0.5449
dbpedia-entity|nomicai-modernbert-embed+rankfirst|optimal_per_topic|setmaxheaptopk|0.5424
dbpedia-entity|nomicai-modernbert-embed+rankfirst|quantile|judge|0.4948
dbpedia-entity|nomicai-modernbert-embed+rankfirst|quantile|judge_expr|0.4508
dbpedia-entity|nomicai-modernbert-embed+rankfirst|quantile|rankgpt|0.4593
dbpedia-entity|nomicai-modernbert-embed+rankfirst|quantile|setmaxheaptopk|0.4357
dbpedia-entity|nomicai-modernbert-embed+rankfirst|rank|judge|0.3637
dbpedia-entity|nomicai-modernbert-embed+rankfirst|rank|judge_expr|0.3561
dbpedia-entity|nomicai-modernbert-embed+rankfirst|rank|rankgpt|0.3646
dbpedia-entity|nomicai-modernbert-embed+rankfirst|rank|setmaxheaptopk|0.3599
dbpedia-entity|nomicai-modernbert-embed+rankfirst|thresholding|judge|0.4493
dbpedia-entity|nomicai-modernbert-embed+rankfirst|thresholding|judge_expr|0.4324
dbpedia-entity|nomicai-modernbert-embed+rankfirst|thresholding|rankgpt|0.0
dbpedia-entity|nomicai-modernbert-embed+rankfirst|thresholding|setmaxheaptopk|0.0
dbpedia-entity|nomicai-modernbert-embed+rankgpt|direct|judge|0.4788
dbpedia-entity|nomicai-modernbert-embed+rankgpt|direct|judge_expr|0.4506
dbpedia-entity|nomicai-modernbert-embed+rankgpt|direct|rankgpt|0.5726
dbpedia-entity|nomicai-modernbert-embed+rankgpt|direct|setmaxheaptopk|0.5634
dbpedia-entity|nomicai-modernbert-embed+rankgpt|largest_gap|judge|0.4996
dbpedia-entity|nomicai-modernbert-embed+rankgpt|largest_gap|judge_expr|0.5048
dbpedia-entity|nomicai-modernbert-embed+rankgpt|largest_gap|rankgpt|0.5726
dbpedia-entity|nomicai-modernbert-embed+rankgpt|largest_gap|setmaxheaptopk|0.5634
dbpedia-entity|nomicai-modernbert-embed+rankgpt|optimal_global|judge|0.4194
dbpedia-entity|nomicai-modernbert-embed+rankgpt|optimal_global|judge_expr|0.4341
dbpedia-entity|nomicai-modernbert-embed+rankgpt|optimal_global|rankgpt|0.526
dbpedia-entity|nomicai-modernbert-embed+rankgpt|optimal_global|setmaxheaptopk|0.5139
dbpedia-entity|nomicai-modernbert-embed+rankgpt|optimal_per_topic|judge|0.4677
dbpedia-entity|nomicai-modernbert-embed+rankgpt|optimal_per_topic|judge_expr|0.4807
dbpedia-entity|nomicai-modernbert-embed+rankgpt|optimal_per_topic|rankgpt|0.5163
dbpedia-entity|nomicai-modernbert-embed+rankgpt|optimal_per_topic|setmaxheaptopk|0.511
dbpedia-entity|nomicai-modernbert-embed+rankgpt|quantile|judge|0.453
dbpedia-entity|nomicai-modernbert-embed+rankgpt|quantile|judge_expr|0.4188
dbpedia-entity|nomicai-modernbert-embed+rankgpt|quantile|rankgpt|0.4193
dbpedia-entity|nomicai-modernbert-embed+rankgpt|quantile|setmaxheaptopk|0.3966
dbpedia-entity|nomicai-modernbert-embed+rankgpt|rank|judge|0.3276
dbpedia-entity|nomicai-modernbert-embed+rankgpt|rank|judge_expr|0.3281
dbpedia-entity|nomicai-modernbert-embed+rankgpt|rank|rankgpt|0.3476
dbpedia-entity|nomicai-modernbert-embed+rankgpt|rank|setmaxheaptopk|0.3291
dbpedia-entity|nomicai-modernbert-embed+rankgpt|thresholding|judge|0.4281
dbpedia-entity|nomicai-modernbert-embed+rankgpt|thresholding|judge_expr|0.414
dbpedia-entity|nomicai-modernbert-embed+rankgpt|thresholding|rankgpt|0.0
dbpedia-entity|nomicai-modernbert-embed+rankgpt|thresholding|setmaxheaptopk|0.0
dbpedia-entity|nomicai-modernbert-embed+rankzephyr|direct|judge|0.4845
dbpedia-entity|nomicai-modernbert-embed+rankzephyr|direct|judge_expr|0.448
dbpedia-entity|nomicai-modernbert-embed+rankzephyr|direct|rankgpt|0.5501
dbpedia-entity|nomicai-modernbert-embed+rankzephyr|direct|setmaxheaptopk|0.5563
dbpedia-entity|nomicai-modernbert-embed+rankzephyr|largest_gap|judge|0.499
dbpedia-entity|nomicai-modernbert-embed+rankzephyr|largest_gap|judge_expr|0.5048
dbpedia-entity|nomicai-modernbert-embed+rankzephyr|largest_gap|rankgpt|0.5501
dbpedia-entity|nomicai-modernbert-embed+rankzephyr|largest_gap|setmaxheaptopk|0.5563
dbpedia-entity|nomicai-modernbert-embed+rankzephyr|optimal_global|judge|0.4162
dbpedia-entity|nomicai-modernbert-embed+rankzephyr|optimal_global|judge_expr|0.4342
dbpedia-entity|nomicai-modernbert-embed+rankzephyr|optimal_global|rankgpt|0.5103
dbpedia-entity|nomicai-modernbert-embed+rankzephyr|optimal_global|setmaxheaptopk|0.5243
dbpedia-entity|nomicai-modernbert-embed+rankzephyr|optimal_per_topic|judge|0.4702
dbpedia-entity|nomicai-modernbert-embed+rankzephyr|optimal_per_topic|judge_expr|0.4845
dbpedia-entity|nomicai-modernbert-embed+rankzephyr|optimal_per_topic|rankgpt|0.5065
dbpedia-entity|nomicai-modernbert-embed+rankzephyr|optimal_per_topic|setmaxheaptopk|0.5095
dbpedia-entity|nomicai-modernbert-embed+rankzephyr|quantile|judge|0.4547
dbpedia-entity|nomicai-modernbert-embed+rankzephyr|quantile|judge_expr|0.4197
dbpedia-entity|nomicai-modernbert-embed+rankzephyr|quantile|rankgpt|0.4113
dbpedia-entity|nomicai-modernbert-embed+rankzephyr|quantile|setmaxheaptopk|0.3959
dbpedia-entity|nomicai-modernbert-embed+rankzephyr|rank|judge|0.3352
dbpedia-entity|nomicai-modernbert-embed+rankzephyr|rank|judge_expr|0.3357
dbpedia-entity|nomicai-modernbert-embed+rankzephyr|rank|rankgpt|0.3322
dbpedia-entity|nomicai-modernbert-embed+rankzephyr|rank|setmaxheaptopk|0.3339
dbpedia-entity|nomicai-modernbert-embed+rankzephyr|thresholding|judge|0.4288
dbpedia-entity|nomicai-modernbert-embed+rankzephyr|thresholding|judge_expr|0.411
dbpedia-entity|nomicai-modernbert-embed+rankzephyr|thresholding|rankgpt|0.0
dbpedia-entity|nomicai-modernbert-embed+rankzephyr|thresholding|setmaxheaptopk|0.0
dbpedia-entity|nomicai-modernbert-embed+setmaxheaptopk|direct|judge|0.4757
dbpedia-entity|nomicai-modernbert-embed+setmaxheaptopk|direct|judge_expr|0.4536
dbpedia-entity|nomicai-modernbert-embed+setmaxheaptopk|direct|rankgpt|0.5469
dbpedia-entity|nomicai-modernbert-embed+setmaxheaptopk|direct|setmaxheaptopk|0.5674
dbpedia-entity|nomicai-modernbert-embed+setmaxheaptopk|largest_gap|judge|0.5108
dbpedia-entity|nomicai-modernbert-embed+setmaxheaptopk|largest_gap|judge_expr|0.5102
dbpedia-entity|nomicai-modernbert-embed+setmaxheaptopk|largest_gap|rankgpt|0.5469
dbpedia-entity|nomicai-modernbert-embed+setmaxheaptopk|largest_gap|setmaxheaptopk|0.5674
dbpedia-entity|nomicai-modernbert-embed+setmaxheaptopk|optimal_global|judge|0.4321
dbpedia-entity|nomicai-modernbert-embed+setmaxheaptopk|optimal_global|judge_expr|0.4412
dbpedia-entity|nomicai-modernbert-embed+setmaxheaptopk|optimal_global|rankgpt|0.5092
dbpedia-entity|nomicai-modernbert-embed+setmaxheaptopk|optimal_global|setmaxheaptopk|0.5315
dbpedia-entity|nomicai-modernbert-embed+setmaxheaptopk|optimal_per_topic|judge|0.4692
dbpedia-entity|nomicai-modernbert-embed+setmaxheaptopk|optimal_per_topic|judge_expr|0.4801
dbpedia-entity|nomicai-modernbert-embed+setmaxheaptopk|optimal_per_topic|rankgpt|0.5027
dbpedia-entity|nomicai-modernbert-embed+setmaxheaptopk|optimal_per_topic|setmaxheaptopk|0.5139
dbpedia-entity|nomicai-modernbert-embed+setmaxheaptopk|quantile|judge|0.4322
dbpedia-entity|nomicai-modernbert-embed+setmaxheaptopk|quantile|judge_expr|0.4022
dbpedia-entity|nomicai-modernbert-embed+setmaxheaptopk|quantile|rankgpt|0.3929
dbpedia-entity|nomicai-modernbert-embed+setmaxheaptopk|quantile|setmaxheaptopk|0.3929
dbpedia-entity|nomicai-modernbert-embed+setmaxheaptopk|rank|judge|0.3222
dbpedia-entity|nomicai-modernbert-embed+setmaxheaptopk|rank|judge_expr|0.3295
dbpedia-entity|nomicai-modernbert-embed+setmaxheaptopk|rank|rankgpt|0.3224
dbpedia-entity|nomicai-modernbert-embed+setmaxheaptopk|rank|setmaxheaptopk|0.3438
dbpedia-entity|nomicai-modernbert-embed+setmaxheaptopk|thresholding|judge|0.4337
dbpedia-entity|nomicai-modernbert-embed+setmaxheaptopk|thresholding|judge_expr|0.4248
dbpedia-entity|nomicai-modernbert-embed+setmaxheaptopk|thresholding|rankgpt|0.0
dbpedia-entity|nomicai-modernbert-embed+setmaxheaptopk|thresholding|setmaxheaptopk|0.0
dbpedia-entity|qwen3-embed-600m|direct|judge|0.4389
dbpedia-entity|qwen3-embed-600m|direct|judge_expr|0.3669
dbpedia-entity|qwen3-embed-600m|direct|rankgpt|0.5088
dbpedia-entity|qwen3-embed-600m|direct|setmaxheaptopk|0.4925
dbpedia-entity|qwen3-embed-600m|largest_gap|judge|0.4266
dbpedia-entity|qwen3-embed-600m|largest_gap|judge_expr|0.4251
dbpedia-entity|qwen3-embed-600m|largest_gap|rankgpt|0.5088
dbpedia-entity|qwen3-embed-600m|largest_gap|setmaxheaptopk|0.4925
dbpedia-entity|qwen3-embed-600m|optimal_global|judge|0.3449
dbpedia-entity|qwen3-embed-600m|optimal_global|judge_expr|0.3527
dbpedia-entity|qwen3-embed-600m|optimal_global|rankgpt|0.4809
dbpedia-entity|qwen3-embed-600m|optimal_global|setmaxheaptopk|0.456
dbpedia-entity|qwen3-embed-600m|optimal_per_topic|judge|0.4237
dbpedia-entity|qwen3-embed-600m|optimal_per_topic|judge_expr|0.4318
dbpedia-entity|qwen3-embed-600m|optimal_per_topic|rankgpt|0.4824
dbpedia-entity|qwen3-embed-600m|optimal_per_topic|setmaxheaptopk|0.4617
dbpedia-entity|qwen3-embed-600m|quantile|judge|0.4839
dbpedia-entity|qwen3-embed-600m|quantile|judge_expr|0.4116
dbpedia-entity|qwen3-embed-600m|quantile|rankgpt|0.4415
dbpedia-entity|qwen3-embed-600m|quantile|setmaxheaptopk|0.4017
dbpedia-entity|qwen3-embed-600m|rank|judge|0.3212
dbpedia-entity|qwen3-embed-600m|rank|judge_expr|0.2991
dbpedia-entity|qwen3-embed-600m|rank|rankgpt|0.3221
dbpedia-entity|qwen3-embed-600m|rank|setmaxheaptopk|0.3123
dbpedia-entity|qwen3-embed-600m|thresholding|judge|0.3501
dbpedia-entity|qwen3-embed-600m|thresholding|judge_expr|0.3386
dbpedia-entity|qwen3-embed-600m|thresholding|rankgpt|0.0
dbpedia-entity|qwen3-embed-600m|thresholding|setmaxheaptopk|0.0
dbpedia-entity|qwen3-embed-600m+judge|direct|judge|0.4832
dbpedia-entity|qwen3-embed-600m+judge|direct|judge_expr|0.4755
dbpedia-entity|qwen3-embed-600m+judge|direct|rankgpt|0.3725
dbpedia-entity|qwen3-embed-600m+judge|direct|setmaxheaptopk|0.3779
dbpedia-entity|qwen3-embed-600m+judge|largest_gap|judge|0.5446
dbpedia-entity|qwen3-embed-600m+judge|largest_gap|judge_expr|0.5151
dbpedia-entity|qwen3-embed-600m+judge|largest_gap|rankgpt|0.3725
dbpedia-entity|qwen3-embed-600m+judge|largest_gap|setmaxheaptopk|0.3779
dbpedia-entity|qwen3-embed-600m+judge|optimal_global|judge|0.449
dbpedia-entity|qwen3-embed-600m+judge|optimal_global|judge_expr|0.458
dbpedia-entity|qwen3-embed-600m+judge|optimal_global|rankgpt|0.3409
dbpedia-entity|qwen3-embed-600m+judge|optimal_global|setmaxheaptopk|0.357
dbpedia-entity|qwen3-embed-600m+judge|optimal_per_topic|judge|0.4669
dbpedia-entity|qwen3-embed-600m+judge|optimal_per_topic|judge_expr|0.4223
dbpedia-entity|qwen3-embed-600m+judge|optimal_per_topic|rankgpt|0.3647
dbpedia-entity|qwen3-embed-600m+judge|optimal_per_topic|setmaxheaptopk|0.3717
dbpedia-entity|qwen3-embed-600m+judge|quantile|judge|0.3882
dbpedia-entity|qwen3-embed-600m+judge|quantile|judge_expr|0.3698
dbpedia-entity|qwen3-embed-600m+judge|quantile|rankgpt|0.3203
dbpedia-entity|qwen3-embed-600m+judge|quantile|setmaxheaptopk|0.3084
dbpedia-entity|qwen3-embed-600m+judge|rank|judge|0.3266
dbpedia-entity|qwen3-embed-600m+judge|rank|judge_expr|0.3121
dbpedia-entity|qwen3-embed-600m+judge|rank|rankgpt|0.2396
dbpedia-entity|qwen3-embed-600m+judge|rank|setmaxheaptopk|0.2514
dbpedia-entity|qwen3-embed-600m+judge|thresholding|judge|0.4573
dbpedia-entity|qwen3-embed-600m+judge|thresholding|judge_expr|0.4425
dbpedia-entity|qwen3-embed-600m+judge|thresholding|rankgpt|0.0
dbpedia-entity|qwen3-embed-600m+judge|thresholding|setmaxheaptopk|0.0
dbpedia-entity|qwen3-embed-600m+judge_expr|direct|judge|0.4899
dbpedia-entity|qwen3-embed-600m+judge_expr|direct|judge_expr|0.5117
dbpedia-entity|qwen3-embed-600m+judge_expr|direct|rankgpt|0.4571
dbpedia-entity|qwen3-embed-600m+judge_expr|direct|setmaxheaptopk|0.4543
dbpedia-entity|qwen3-embed-600m+judge_expr|largest_gap|judge|0.5589
dbpedia-entity|qwen3-embed-600m+judge_expr|largest_gap|judge_expr|0.5653
dbpedia-entity|qwen3-embed-600m+judge_expr|largest_gap|rankgpt|0.4571
dbpedia-entity|qwen3-embed-600m+judge_expr|largest_gap|setmaxheaptopk|0.4543
dbpedia-entity|qwen3-embed-600m+judge_expr|optimal_global|judge|0.4679
dbpedia-entity|qwen3-embed-600m+judge_expr|optimal_global|judge_expr|0.4762
dbpedia-entity|qwen3-embed-600m+judge_expr|optimal_global|rankgpt|0.4132
dbpedia-entity|qwen3-embed-600m+judge_expr|optimal_global|setmaxheaptopk|0.4304
dbpedia-entity|qwen3-embed-600m+judge_expr|optimal_per_topic|judge|0.4804
dbpedia-entity|qwen3-embed-600m+judge_expr|optimal_per_topic|judge_expr|0.5156
dbpedia-entity|qwen3-embed-600m+judge_expr|optimal_per_topic|rankgpt|0.4296
dbpedia-entity|qwen3-embed-600m+judge_expr|optimal_per_topic|setmaxheaptopk|0.4321
dbpedia-entity|qwen3-embed-600m+judge_expr|quantile|judge|0.4075
dbpedia-entity|qwen3-embed-600m+judge_expr|quantile|judge_expr|0.4078
dbpedia-entity|qwen3-embed-600m+judge_expr|quantile|rankgpt|0.3471
dbpedia-entity|qwen3-embed-600m+judge_expr|quantile|setmaxheaptopk|0.3418
dbpedia-entity|qwen3-embed-600m+judge_expr|rank|judge|0.335
dbpedia-entity|qwen3-embed-600m+judge_expr|rank|judge_expr|0.3841
dbpedia-entity|qwen3-embed-600m+judge_expr|rank|rankgpt|0.2767
dbpedia-entity|qwen3-embed-600m+judge_expr|rank|setmaxheaptopk|0.2857
dbpedia-entity|qwen3-embed-600m+judge_expr|thresholding|judge|0.4729
dbpedia-entity|qwen3-embed-600m+judge_expr|thresholding|judge_expr|0.4632
dbpedia-entity|qwen3-embed-600m+judge_expr|thresholding|rankgpt|0.0
dbpedia-entity|qwen3-embed-600m+judge_expr|thresholding|setmaxheaptopk|0.0
dbpedia-entity|qwen3-embed-600m+point|direct|judge|0.4066
dbpedia-entity|qwen3-embed-600m+point|direct|judge_expr|0.378
dbpedia-entity|qwen3-embed-600m+point|direct|rankgpt|0.3609
dbpedia-entity|qwen3-embed-600m+point|direct|setmaxheaptopk|0.3725
dbpedia-entity|qwen3-embed-600m+point|largest_gap|judge|0.4032
dbpedia-entity|qwen3-embed-600m+point|largest_gap|judge_expr|0.4131
dbpedia-entity|qwen3-embed-600m+point|largest_gap|rankgpt|0.3609
dbpedia-entity|qwen3-embed-600m+point|largest_gap|setmaxheaptopk|0.3725
dbpedia-entity|qwen3-embed-600m+point|optimal_global|judge|0.3474
dbpedia-entity|qwen3-embed-600m+point|optimal_global|judge_expr|0.3691
dbpedia-entity|qwen3-embed-600m+point|optimal_global|rankgpt|0.3468
dbpedia-entity|qwen3-embed-600m+point|optimal_global|setmaxheaptopk|0.3578
dbpedia-entity|qwen3-embed-600m+point|optimal_per_topic|judge|0.3673
dbpedia-entity|qwen3-embed-600m+point|optimal_per_topic|judge_expr|0.3589
dbpedia-entity|qwen3-embed-600m+point|optimal_per_topic|rankgpt|0.3641
dbpedia-entity|qwen3-embed-600m+point|optimal_per_topic|setmaxheaptopk|0.3718
dbpedia-entity|qwen3-embed-600m+point|quantile|judge|0.3887
dbpedia-entity|qwen3-embed-600m+point|quantile|judge_expr|0.3499
dbpedia-entity|qwen3-embed-600m+point|quantile|rankgpt|0.3454
dbpedia-entity|qwen3-embed-600m+point|quantile|setmaxheaptopk|0.3332
dbpedia-entity|qwen3-embed-600m+point|rank|judge|0.2739
dbpedia-entity|qwen3-embed-600m+point|rank|judge_expr|0.2699
dbpedia-entity|qwen3-embed-600m+point|rank|rankgpt|0.2605
dbpedia-entity|qwen3-embed-600m+point|rank|setmaxheaptopk|0.2649
dbpedia-entity|qwen3-embed-600m+point|thresholding|judge|0.3612
dbpedia-entity|qwen3-embed-600m+point|thresholding|judge_expr|0.3413
dbpedia-entity|qwen3-embed-600m+point|thresholding|rankgpt|0.0
dbpedia-entity|qwen3-embed-600m+point|thresholding|setmaxheaptopk|0.0
dbpedia-entity|qwen3-embed-600m+rankfirst|direct|judge|0.5065
dbpedia-entity|qwen3-embed-600m+rankfirst|direct|judge_expr|0.4636
dbpedia-entity|qwen3-embed-600m+rankfirst|direct|rankgpt|0.5955
dbpedia-entity|qwen3-embed-600m+rankfirst|direct|setmaxheaptopk|0.6013
dbpedia-entity|qwen3-embed-600m+rankfirst|largest_gap|judge|0.5221
dbpedia-entity|qwen3-embed-600m+rankfirst|largest_gap|judge_expr|0.524
dbpedia-entity|qwen3-embed-600m+rankfirst|largest_gap|rankgpt|0.5955
dbpedia-entity|qwen3-embed-600m+rankfirst|largest_gap|setmaxheaptopk|0.6013
dbpedia-entity|qwen3-embed-600m+rankfirst|optimal_global|judge|0.4266
dbpedia-entity|qwen3-embed-600m+rankfirst|optimal_global|judge_expr|0.4434
dbpedia-entity|qwen3-embed-600m+rankfirst|optimal_global|rankgpt|0.5637
dbpedia-entity|qwen3-embed-600m+rankfirst|optimal_global|setmaxheaptopk|0.5598
dbpedia-entity|qwen3-embed-600m+rankfirst|optimal_per_topic|judge|0.4872
dbpedia-entity|qwen3-embed-600m+rankfirst|optimal_per_topic|judge_expr|0.502
dbpedia-entity|qwen3-embed-600m+rankfirst|optimal_per_topic|rankgpt|0.5416
dbpedia-entity|qwen3-embed-600m+rankfirst|optimal_per_topic|setmaxheaptopk|0.5367
dbpedia-entity|qwen3-embed-600m+rankfirst|quantile|judge|0.4962
dbpedia-entity|qwen3-embed-600m+rankfirst|quantile|judge_expr|0.4468
dbpedia-entity|qwen3-embed-600m+rankfirst|quantile|rankgpt|0.4582
dbpedia-entity|qwen3-embed-600m+rankfirst|quantile|setmaxheaptopk|0.4369
dbpedia-entity|qwen3-embed-600m+rankfirst|rank|judge|0.3598
dbpedia-entity|qwen3-embed-600m+rankfirst|rank|judge_expr|0.351
dbpedia-entity|qwen3-embed-600m+rankfirst|rank|rankgpt|0.3651
dbpedia-entity|qwen3-embed-600m+rankfirst|rank|setmaxheaptopk|0.3651
dbpedia-entity|qwen3-embed-600m+rankfirst|thresholding|judge|0.4414
dbpedia-entity|qwen3-embed-600m+rankfirst|thresholding|judge_expr|0.4178
dbpedia-entity|qwen3-embed-600m+rankfirst|thresholding|rankgpt|0.0
dbpedia-entity|qwen3-embed-600m+rankfirst|thresholding|setmaxheaptopk|0.0
dbpedia-entity|qwen3-embed-600m+rankgpt|direct|judge|0.4712
dbpedia-entity|qwen3-embed-600m+rankgpt|direct|judge_expr|0.4421
dbpedia-entity|qwen3-embed-600m+rankgpt|direct|rankgpt|0.5612
dbpedia-entity|qwen3-embed-600m+rankgpt|direct|setmaxheaptopk|0.552
dbpedia-entity|qwen3-embed-600m+rankgpt|largest_gap|judge|0.4912
dbpedia-entity|qwen3-embed-600m+rankgpt|largest_gap|judge_expr|0.4959
dbpedia-entity|qwen3-embed-600m+rankgpt|largest_gap|rankgpt|0.5612
dbpedia-entity|qwen3-embed-600m+rankgpt|largest_gap|setmaxheaptopk|0.552
dbpedia-entity|qwen3-embed-600m+rankgpt|optimal_global|judge|0.4108
dbpedia-entity|qwen3-embed-600m+rankgpt|optimal_global|judge_expr|0.423
dbpedia-entity|qwen3-embed-600m+rankgpt|optimal_global|rankgpt|0.5148
dbpedia-entity|qwen3-embed-600m+rankgpt|optimal_global|setmaxheaptopk|0.5103
dbpedia-entity|qwen3-embed-600m+rankgpt|optimal_per_topic|judge|0.4552
dbpedia-entity|qwen3-embed-600m+rankgpt|optimal_per_topic|judge_expr|0.4759
dbpedia-entity|qwen3-embed-600m+rankgpt|optimal_per_topic|rankgpt|0.5088
dbpedia-entity|qwen3-embed-600m+rankgpt|optimal_per_topic|setmaxheaptopk|0.5027
dbpedia-entity|qwen3-embed-600m+rankgpt|quantile|judge|0.4493
dbpedia-entity|qwen3-embed-600m+rankgpt|quantile|judge_expr|0.4092
dbpedia-entity|qwen3-embed-600m+rankgpt|quantile|rankgpt|0.4124
dbpedia-entity|qwen3-embed-600m+rankgpt|quantile|setmaxheaptopk|0.3914
dbpedia-entity|qwen3-embed-600m+rankgpt|rank|judge|0.318
dbpedia-entity|qwen3-embed-600m+rankgpt|rank|judge_expr|0.3233
dbpedia-entity|qwen3-embed-600m+rankgpt|rank|rankgpt|0.3385
dbpedia-entity|qwen3-embed-600m+rankgpt|rank|setmaxheaptopk|0.3274
dbpedia-entity|qwen3-embed-600m+rankgpt|thresholding|judge|0.4155
dbpedia-entity|qwen3-embed-600m+rankgpt|thresholding|judge_expr|0.3978
dbpedia-entity|qwen3-embed-600m+rankgpt|thresholding|rankgpt|0.0
dbpedia-entity|qwen3-embed-600m+rankgpt|thresholding|setmaxheaptopk|0.0
dbpedia-entity|qwen3-embed-600m+rankzephyr|direct|judge|0.4868
dbpedia-entity|qwen3-embed-600m+rankzephyr|direct|judge_expr|0.4491
dbpedia-entity|qwen3-embed-600m+rankzephyr|direct|rankgpt|0.5486
dbpedia-entity|qwen3-embed-600m+rankzephyr|direct|setmaxheaptopk|0.5626
dbpedia-entity|qwen3-embed-600m+rankzephyr|largest_gap|judge|0.4956
dbpedia-entity|qwen3-embed-600m+rankzephyr|largest_gap|judge_expr|0.5029
dbpedia-entity|qwen3-embed-600m+rankzephyr|largest_gap|rankgpt|0.5486
dbpedia-entity|qwen3-embed-600m+rankzephyr|largest_gap|setmaxheaptopk|0.5626
dbpedia-entity|qwen3-embed-600m+rankzephyr|optimal_global|judge|0.4196
dbpedia-entity|qwen3-embed-600m+rankzephyr|optimal_global|judge_expr|0.432
dbpedia-entity|qwen3-embed-600m+rankzephyr|optimal_global|rankgpt|0.5163
dbpedia-entity|qwen3-embed-600m+rankzephyr|optimal_global|setmaxheaptopk|0.5195
dbpedia-entity|qwen3-embed-600m+rankzephyr|optimal_per_topic|judge|0.4692
dbpedia-entity|qwen3-embed-600m+rankzephyr|optimal_per_topic|judge_expr|0.4823
dbpedia-entity|qwen3-embed-600m+rankzephyr|optimal_per_topic|rankgpt|0.5025
dbpedia-entity|qwen3-embed-600m+rankzephyr|optimal_per_topic|setmaxheaptopk|0.5103
dbpedia-entity|qwen3-embed-600m+rankzephyr|quantile|judge|0.463
dbpedia-entity|qwen3-embed-600m+rankzephyr|quantile|judge_expr|0.4262
dbpedia-entity|qwen3-embed-600m+rankzephyr|quantile|rankgpt|0.4202
dbpedia-entity|qwen3-embed-600m+rankzephyr|quantile|setmaxheaptopk|0.4042
dbpedia-entity|qwen3-embed-600m+rankzephyr|rank|judge|0.3375
dbpedia-entity|qwen3-embed-600m+rankzephyr|rank|judge_expr|0.3346
dbpedia-entity|qwen3-embed-600m+rankzephyr|rank|rankgpt|0.3367
dbpedia-entity|qwen3-embed-600m+rankzephyr|rank|setmaxheaptopk|0.3418
dbpedia-entity|qwen3-embed-600m+rankzephyr|thresholding|judge|0.4263
dbpedia-entity|qwen3-embed-600m+rankzephyr|thresholding|judge_expr|0.4113
dbpedia-entity|qwen3-embed-600m+rankzephyr|thresholding|rankgpt|0.0
dbpedia-entity|qwen3-embed-600m+rankzephyr|thresholding|setmaxheaptopk|0.0
dbpedia-entity|qwen3-embed-600m+setmaxheaptopk|direct|judge|0.4625
dbpedia-entity|qwen3-embed-600m+setmaxheaptopk|direct|judge_expr|0.4483
dbpedia-entity|qwen3-embed-600m+setmaxheaptopk|direct|rankgpt|0.5549
dbpedia-entity|qwen3-embed-600m+setmaxheaptopk|direct|setmaxheaptopk|0.5761
dbpedia-entity|qwen3-embed-600m+setmaxheaptopk|largest_gap|judge|0.4937
dbpedia-entity|qwen3-embed-600m+setmaxheaptopk|largest_gap|judge_expr|0.5053
dbpedia-entity|qwen3-embed-600m+setmaxheaptopk|largest_gap|rankgpt|0.5549
dbpedia-entity|qwen3-embed-600m+setmaxheaptopk|largest_gap|setmaxheaptopk|0.5761
dbpedia-entity|qwen3-embed-600m+setmaxheaptopk|optimal_global|judge|0.4216
dbpedia-entity|qwen3-embed-600m+setmaxheaptopk|optimal_global|judge_expr|0.4345
dbpedia-entity|qwen3-embed-600m+setmaxheaptopk|optimal_global|rankgpt|0.5147
dbpedia-entity|qwen3-embed-600m+setmaxheaptopk|optimal_global|setmaxheaptopk|0.5353
dbpedia-entity|qwen3-embed-600m+setmaxheaptopk|optimal_per_topic|judge|0.4562
dbpedia-entity|qwen3-embed-600m+setmaxheaptopk|optimal_per_topic|judge_expr|0.4764
dbpedia-entity|qwen3-embed-600m+setmaxheaptopk|optimal_per_topic|rankgpt|0.5048
dbpedia-entity|qwen3-embed-600m+setmaxheaptopk|optimal_per_topic|setmaxheaptopk|0.5201
dbpedia-entity|qwen3-embed-600m+setmaxheaptopk|quantile|judge|0.4185
dbpedia-entity|qwen3-embed-600m+setmaxheaptopk|quantile|judge_expr|0.3907
dbpedia-entity|qwen3-embed-600m+setmaxheaptopk|quantile|rankgpt|0.3859
dbpedia-entity|qwen3-embed-600m+setmaxheaptopk|quantile|setmaxheaptopk|0.3851
dbpedia-entity|qwen3-embed-600m+setmaxheaptopk|rank|judge|0.3087
dbpedia-entity|qwen3-embed-600m+setmaxheaptopk|rank|judge_expr|0.3148
dbpedia-entity|qwen3-embed-600m+setmaxheaptopk|rank|rankgpt|0.3132
dbpedia-entity|qwen3-embed-600m+setmaxheaptopk|rank|setmaxheaptopk|0.3384
dbpedia-entity|qwen3-embed-600m+setmaxheaptopk|thresholding|judge|0.4248
dbpedia-entity|qwen3-embed-600m+setmaxheaptopk|thresholding|judge_expr|0.4137
dbpedia-entity|qwen3-embed-600m+setmaxheaptopk|thresholding|rankgpt|0.0
dbpedia-entity|qwen3-embed-600m+setmaxheaptopk|thresholding|setmaxheaptopk|0.0
dbpedia-entity|splade-v3|direct|judge|0.4613
dbpedia-entity|splade-v3|direct|judge_expr|0.4147
dbpedia-entity|splade-v3|direct|rankgpt|0.5294
dbpedia-entity|splade-v3|direct|setmaxheaptopk|0.5146
dbpedia-entity|splade-v3|largest_gap|judge|0.4596
dbpedia-entity|splade-v3|largest_gap|judge_expr|0.4631
dbpedia-entity|splade-v3|largest_gap|rankgpt|0.5294
dbpedia-entity|splade-v3|largest_gap|setmaxheaptopk|0.5146
dbpedia-entity|splade-v3|optimal_global|judge|0.3858
dbpedia-entity|splade-v3|optimal_global|judge_expr|0.4027
dbpedia-entity|splade-v3|optimal_global|rankgpt|0.5016
dbpedia-entity|splade-v3|optimal_global|setmaxheaptopk|0.4911
dbpedia-entity|splade-v3|optimal_per_topic|judge|0.4476
dbpedia-entity|splade-v3|optimal_per_topic|judge_expr|0.4615
dbpedia-entity|splade-v3|optimal_per_topic|rankgpt|0.507
dbpedia-entity|splade-v3|optimal_per_topic|setmaxheaptopk|0.5009
dbpedia-entity|splade-v3|quantile|judge|0.4993
dbpedia-entity|splade-v3|quantile|judge_expr|0.4329
dbpedia-entity|splade-v3|quantile|rankgpt|0.4653
dbpedia-entity|splade-v3|quantile|setmaxheaptopk|0.4305
dbpedia-entity|splade-v3|rank|judge|0.3379
dbpedia-entity|splade-v3|rank|judge_expr|0.3203
dbpedia-entity|splade-v3|rank|rankgpt|0.3423
dbpedia-entity|splade-v3|rank|setmaxheaptopk|0.3338
dbpedia-entity|splade-v3|thresholding|judge|0.3953
dbpedia-entity|splade-v3|thresholding|judge_expr|0.3795
dbpedia-entity|splade-v3|thresholding|rankgpt|0.0
dbpedia-entity|splade-v3|thresholding|setmaxheaptopk|0.0
dbpedia-entity|splade-v3+judge|direct|judge|0.46
dbpedia-entity|splade-v3+judge|direct|judge_expr|0.473
dbpedia-entity|splade-v3+judge|direct|rankgpt|0.3425
dbpedia-entity|splade-v3+judge|direct|setmaxheaptopk|0.338
dbpedia-entity|splade-v3+judge|largest_gap|judge|0.5384
dbpedia-entity|splade-v3+judge|largest_gap|judge_expr|0.5119
dbpedia-entity|splade-v3+judge|largest_gap|rankgpt|0.3425
dbpedia-entity|splade-v3+judge|largest_gap|setmaxheaptopk|0.338
dbpedia-entity|splade-v3+judge|optimal_global|judge|0.4394
dbpedia-entity|splade-v3+judge|optimal_global|judge_expr|0.4534
dbpedia-entity|splade-v3+judge|optimal_global|rankgpt|0.3134
dbpedia-entity|splade-v3+judge|optimal_global|setmaxheaptopk|0.3265
dbpedia-entity|splade-v3+judge|optimal_per_topic|judge|0.4516
dbpedia-entity|splade-v3+judge|optimal_per_topic|judge_expr|0.4097
dbpedia-entity|splade-v3+judge|optimal_per_topic|rankgpt|0.3363
dbpedia-entity|splade-v3+judge|optimal_per_topic|setmaxheaptopk|0.3377
dbpedia-entity|splade-v3+judge|quantile|judge|0.352
dbpedia-entity|splade-v3+judge|quantile|judge_expr|0.3398
dbpedia-entity|splade-v3+judge|quantile|rankgpt|0.2848
dbpedia-entity|splade-v3+judge|quantile|setmaxheaptopk|0.2799
dbpedia-entity|splade-v3+judge|rank|judge|0.3017
dbpedia-entity|splade-v3+judge|rank|judge_expr|0.2923
dbpedia-entity|splade-v3+judge|rank|rankgpt|0.2197
dbpedia-entity|splade-v3+judge|rank|setmaxheaptopk|0.2301
dbpedia-entity|splade-v3+judge|thresholding|judge|0.454
dbpedia-entity|splade-v3+judge|thresholding|judge_expr|0.4355
dbpedia-entity|splade-v3+judge|thresholding|rankgpt|0.0
dbpedia-entity|splade-v3+judge|thresholding|setmaxheaptopk|0.0
dbpedia-entity|splade-v3+judge_expr|direct|judge|0.4831
dbpedia-entity|splade-v3+judge_expr|direct|judge_expr|0.518
dbpedia-entity|splade-v3+judge_expr|direct|rankgpt|0.4373
dbpedia-entity|splade-v3+judge_expr|direct|setmaxheaptopk|0.4384
dbpedia-entity|splade-v3+judge_expr|largest_gap|judge|0.5637
dbpedia-entity|splade-v3+judge_expr|largest_gap|judge_expr|0.5713
dbpedia-entity|splade-v3+judge_expr|largest_gap|rankgpt|0.4373
dbpedia-entity|splade-v3+judge_expr|largest_gap|setmaxheaptopk|0.4384
dbpedia-entity|splade-v3+judge_expr|optimal_global|judge|0.4633
dbpedia-entity|splade-v3+judge_expr|optimal_global|judge_expr|0.4782
dbpedia-entity|splade-v3+judge_expr|optimal_global|rankgpt|0.3947
dbpedia-entity|splade-v3+judge_expr|optimal_global|setmaxheaptopk|0.4237
dbpedia-entity|splade-v3+judge_expr|optimal_per_topic|judge|0.4764
dbpedia-entity|splade-v3+judge_expr|optimal_per_topic|judge_expr|0.5101
dbpedia-entity|splade-v3+judge_expr|optimal_per_topic|rankgpt|0.4103
dbpedia-entity|splade-v3+judge_expr|optimal_per_topic|setmaxheaptopk|0.4166
dbpedia-entity|splade-v3+judge_expr|quantile|judge|0.3829
dbpedia-entity|splade-v3+judge_expr|quantile|judge_expr|0.3836
dbpedia-entity|splade-v3+judge_expr|quantile|rankgpt|0.3252
dbpedia-entity|splade-v3+judge_expr|quantile|setmaxheaptopk|0.3262
dbpedia-entity|splade-v3+judge_expr|rank|judge|0.325
dbpedia-entity|splade-v3+judge_expr|rank|judge_expr|0.3751
dbpedia-entity|splade-v3+judge_expr|rank|rankgpt|0.2646
dbpedia-entity|splade-v3+judge_expr|rank|setmaxheaptopk|0.2737
dbpedia-entity|splade-v3+judge_expr|thresholding|judge|0.4751
dbpedia-entity|splade-v3+judge_expr|thresholding|judge_expr|0.4615
dbpedia-entity|splade-v3+judge_expr|thresholding|rankgpt|0.0
dbpedia-entity|splade-v3+judge_expr|thresholding|setmaxheaptopk|0.0
dbpedia-entity|splade-v3+point|direct|judge|0.3772
dbpedia-entity|splade-v3+point|direct|judge_expr|0.3521
dbpedia-entity|splade-v3+point|direct|rankgpt|0.33
dbpedia-entity|splade-v3+point|direct|setmaxheaptopk|0.3488
dbpedia-entity|splade-v3+point|largest_gap|judge|0.3839
dbpedia-entity|splade-v3+point|largest_gap|judge_expr|0.3935
dbpedia-entity|splade-v3+point|largest_gap|rankgpt|0.33
dbpedia-entity|splade-v3+point|largest_gap|setmaxheaptopk|0.3488
dbpedia-entity|splade-v3+point|optimal_global|judge|0.3218
dbpedia-entity|splade-v3+point|optimal_global|judge_expr|0.3447
dbpedia-entity|splade-v3+point|optimal_global|rankgpt|0.3161
dbpedia-entity|splade-v3+point|optimal_global|setmaxheaptopk|0.3336
dbpedia-entity|splade-v3+point|optimal_per_topic|judge|0.3453
dbpedia-entity|splade-v3+point|optimal_per_topic|judge_expr|0.3347
dbpedia-entity|splade-v3+point|optimal_per_topic|rankgpt|0.3311
dbpedia-entity|splade-v3+point|optimal_per_topic|setmaxheaptopk|0.3436
dbpedia-entity|splade-v3+point|quantile|judge|0.3434
dbpedia-entity|splade-v3+point|quantile|judge_expr|0.3134
dbpedia-entity|splade-v3+point|quantile|rankgpt|0.2964
dbpedia-entity|splade-v3+point|quantile|setmaxheaptopk|0.2973
dbpedia-entity|splade-v3+point|rank|judge|0.2441
dbpedia-entity|splade-v3+point|rank|judge_expr|0.246
dbpedia-entity|splade-v3+point|rank|rankgpt|0.2303
dbpedia-entity|splade-v3+point|rank|setmaxheaptopk|0.2382
dbpedia-entity|splade-v3+point|thresholding|judge|0.3359
dbpedia-entity|splade-v3+point|thresholding|judge_expr|0.3149
dbpedia-entity|splade-v3+point|thresholding|rankgpt|0.0
dbpedia-entity|splade-v3+point|thresholding|setmaxheaptopk|0.0
dbpedia-entity|splade-v3+rankfirst|direct|judge|0.5107
dbpedia-entity|splade-v3+rankfirst|direct|judge_expr|0.4776
dbpedia-entity|splade-v3+rankfirst|direct|rankgpt|0.5972
dbpedia-entity|splade-v3+rankfirst|direct|setmaxheaptopk|0.6122
dbpedia-entity|splade-v3+rankfirst|largest_gap|judge|0.5361
dbpedia-entity|splade-v3+rankfirst|largest_gap|judge_expr|0.5428
dbpedia-entity|splade-v3+rankfirst|largest_gap|rankgpt|0.5972
dbpedia-entity|splade-v3+rankfirst|largest_gap|setmaxheaptopk|0.6122
dbpedia-entity|splade-v3+rankfirst|optimal_global|judge|0.4354
dbpedia-entity|splade-v3+rankfirst|optimal_global|judge_expr|0.4569
dbpedia-entity|splade-v3+rankfirst|optimal_global|rankgpt|0.5624
dbpedia-entity|splade-v3+rankfirst|optimal_global|setmaxheaptopk|0.5746
dbpedia-entity|splade-v3+rankfirst|optimal_per_topic|judge|0.4938
dbpedia-entity|splade-v3+rankfirst|optimal_per_topic|judge_expr|0.5143
dbpedia-entity|splade-v3+rankfirst|optimal_per_topic|rankgpt|0.5437
dbpedia-entity|splade-v3+rankfirst|optimal_per_topic|setmaxheaptopk|0.5519
dbpedia-entity|splade-v3+rankfirst|quantile|judge|0.4822
dbpedia-entity|splade-v3+rankfirst|quantile|judge_expr|0.4468
dbpedia-entity|splade-v3+rankfirst|quantile|rankgpt|0.45
dbpedia-entity|splade-v3+rankfirst|quantile|setmaxheaptopk|0.4309
dbpedia-entity|splade-v3+rankfirst|rank|judge|0.3575
dbpedia-entity|splade-v3+rankfirst|rank|judge_expr|0.3538
dbpedia-entity|splade-v3+rankfirst|rank|rankgpt|0.3629
dbpedia-entity|splade-v3+rankfirst|rank|setmaxheaptopk|0.3658
dbpedia-entity|splade-v3+rankfirst|thresholding|judge|0.4519
dbpedia-entity|splade-v3+rankfirst|thresholding|judge_expr|0.4292
dbpedia-entity|splade-v3+rankfirst|thresholding|rankgpt|0.0
dbpedia-entity|splade-v3+rankfirst|thresholding|setmaxheaptopk|0.0
dbpedia-entity|splade-v3+rankgpt|direct|judge|0.467
dbpedia-entity|splade-v3+rankgpt|direct|judge_expr|0.4492
dbpedia-entity|splade-v3+rankgpt|direct|rankgpt|0.5517
dbpedia-entity|splade-v3+rankgpt|direct|setmaxheaptopk|0.5622
dbpedia-entity|splade-v3+rankgpt|largest_gap|judge|0.4903
dbpedia-entity|splade-v3+rankgpt|largest_gap|judge_expr|0.4944
dbpedia-entity|splade-v3+rankgpt|largest_gap|rankgpt|0.5517
dbpedia-entity|splade-v3+rankgpt|largest_gap|setmaxheaptopk|0.5622
dbpedia-entity|splade-v3+rankgpt|optimal_global|judge|0.4113
dbpedia-entity|splade-v3+rankgpt|optimal_global|judge_expr|0.4275
dbpedia-entity|splade-v3+rankgpt|optimal_global|rankgpt|0.5123
dbpedia-entity|splade-v3+rankgpt|optimal_global|setmaxheaptopk|0.5067
dbpedia-entity|splade-v3+rankgpt|optimal_per_topic|judge|0.4606
dbpedia-entity|splade-v3+rankgpt|optimal_per_topic|judge_expr|0.482
dbpedia-entity|splade-v3+rankgpt|optimal_per_topic|rankgpt|0.5121
dbpedia-entity|splade-v3+rankgpt|optimal_per_topic|setmaxheaptopk|0.5119
dbpedia-entity|splade-v3+rankgpt|quantile|judge|0.4334
dbpedia-entity|splade-v3+rankgpt|quantile|judge_expr|0.3976
dbpedia-entity|splade-v3+rankgpt|quantile|rankgpt|0.4022
dbpedia-entity|splade-v3+rankgpt|quantile|setmaxheaptopk|0.3813
dbpedia-entity|splade-v3+rankgpt|rank|judge|0.3134
dbpedia-entity|splade-v3+rankgpt|rank|judge_expr|0.3202
dbpedia-entity|splade-v3+rankgpt|rank|rankgpt|0.332
dbpedia-entity|splade-v3+rankgpt|rank|setmaxheaptopk|0.3234
dbpedia-entity|splade-v3+rankgpt|thresholding|judge|0.4179
dbpedia-entity|splade-v3+rankgpt|thresholding|judge_expr|0.4034
dbpedia-entity|splade-v3+rankgpt|thresholding|rankgpt|0.0
dbpedia-entity|splade-v3+rankgpt|thresholding|setmaxheaptopk|0.0
dbpedia-entity|splade-v3+rankzephyr|direct|judge|0.4812
dbpedia-entity|splade-v3+rankzephyr|direct|judge_expr|0.4587
dbpedia-entity|splade-v3+rankzephyr|direct|rankgpt|0.5497
dbpedia-entity|splade-v3+rankzephyr|direct|setmaxheaptopk|0.563
dbpedia-entity|splade-v3+rankzephyr|largest_gap|judge|0.5027
dbpedia-entity|splade-v3+rankzephyr|largest_gap|judge_expr|0.5117
dbpedia-entity|splade-v3+rankzephyr|largest_gap|rankgpt|0.5497
dbpedia-entity|splade-v3+rankzephyr|largest_gap|setmaxheaptopk|0.563
dbpedia-entity|splade-v3+rankzephyr|optimal_global|judge|0.4166
dbpedia-entity|splade-v3+rankzephyr|optimal_global|judge_expr|0.4397
dbpedia-entity|splade-v3+rankzephyr|optimal_global|rankgpt|0.5176
dbpedia-entity|splade-v3+rankzephyr|optimal_global|setmaxheaptopk|0.5302
dbpedia-entity|splade-v3+rankzephyr|optimal_per_topic|judge|0.4774
dbpedia-entity|splade-v3+rankzephyr|optimal_per_topic|judge_expr|0.4899
dbpedia-entity|splade-v3+rankzephyr|optimal_per_topic|rankgpt|0.51
dbpedia-entity|splade-v3+rankzephyr|optimal_per_topic|setmaxheaptopk|0.514
dbpedia-entity|splade-v3+rankzephyr|quantile|judge|0.4421
dbpedia-entity|splade-v3+rankzephyr|quantile|judge_expr|0.414
dbpedia-entity|splade-v3+rankzephyr|quantile|rankgpt|0.3992
dbpedia-entity|splade-v3+rankzephyr|quantile|setmaxheaptopk|0.3933
dbpedia-entity|splade-v3+rankzephyr|rank|judge|0.3259
dbpedia-entity|splade-v3+rankzephyr|rank|judge_expr|0.3306
dbpedia-entity|splade-v3+rankzephyr|rank|rankgpt|0.3273
dbpedia-entity|splade-v3+rankzephyr|rank|setmaxheaptopk|0.3387
dbpedia-entity|splade-v3+rankzephyr|thresholding|judge|0.431
dbpedia-entity|splade-v3+rankzephyr|thresholding|judge_expr|0.4125
dbpedia-entity|splade-v3+rankzephyr|thresholding|rankgpt|0.0
dbpedia-entity|splade-v3+rankzephyr|thresholding|setmaxheaptopk|0.0
dbpedia-entity|splade-v3+setmaxheaptopk|direct|judge|0.4657
dbpedia-entity|splade-v3+setmaxheaptopk|direct|judge_expr|0.4587
dbpedia-entity|splade-v3+setmaxheaptopk|direct|rankgpt|0.5563
dbpedia-entity|splade-v3+setmaxheaptopk|direct|setmaxheaptopk|0.5765
dbpedia-entity|splade-v3+setmaxheaptopk|largest_gap|judge|0.5079
dbpedia-entity|splade-v3+setmaxheaptopk|largest_gap|judge_expr|0.5104
dbpedia-entity|splade-v3+setmaxheaptopk|largest_gap|rankgpt|0.5563
dbpedia-entity|splade-v3+setmaxheaptopk|largest_gap|setmaxheaptopk|0.5765
dbpedia-entity|splade-v3+setmaxheaptopk|optimal_global|judge|0.43
dbpedia-entity|splade-v3+setmaxheaptopk|optimal_global|judge_expr|0.4404
dbpedia-entity|splade-v3+setmaxheaptopk|optimal_global|rankgpt|0.5183
dbpedia-entity|splade-v3+setmaxheaptopk|optimal_global|setmaxheaptopk|0.5345
dbpedia-entity|splade-v3+setmaxheaptopk|optimal_per_topic|judge|0.4599
dbpedia-entity|splade-v3+setmaxheaptopk|optimal_per_topic|judge_expr|0.4861
dbpedia-entity|splade-v3+setmaxheaptopk|optimal_per_topic|rankgpt|0.4979
dbpedia-entity|splade-v3+setmaxheaptopk|optimal_per_topic|setmaxheaptopk|0.5118
dbpedia-entity|splade-v3+setmaxheaptopk|quantile|judge|0.4094
dbpedia-entity|splade-v3+setmaxheaptopk|quantile|judge_expr|0.3853
dbpedia-entity|splade-v3+setmaxheaptopk|quantile|rankgpt|0.3754
dbpedia-entity|splade-v3+setmaxheaptopk|quantile|setmaxheaptopk|0.3785
dbpedia-entity|splade-v3+setmaxheaptopk|rank|judge|0.3136
dbpedia-entity|splade-v3+setmaxheaptopk|rank|judge_expr|0.324
dbpedia-entity|splade-v3+setmaxheaptopk|rank|rankgpt|0.3108
dbpedia-entity|splade-v3+setmaxheaptopk|rank|setmaxheaptopk|0.3382
dbpedia-entity|splade-v3+setmaxheaptopk|thresholding|judge|0.4327
dbpedia-entity|splade-v3+setmaxheaptopk|thresholding|judge_expr|0.4219
dbpedia-entity|splade-v3+setmaxheaptopk|thresholding|rankgpt|0.0
dbpedia-entity|splade-v3+setmaxheaptopk|thresholding|setmaxheaptopk|0.0
nfcorpus|bm25|direct|judge|0.6967
nfcorpus|bm25|direct|judge_expr|0.5936
nfcorpus|bm25|direct|rankgpt|0.613
nfcorpus|bm25|direct|setmaxheaptopk|0.6955
nfcorpus|bm25|largest_gap|judge|0.624
nfcorpus|bm25|largest_gap|judge_expr|0.6506
nfcorpus|bm25|largest_gap|rankgpt|0.613
nfcorpus|bm25|largest_gap|setmaxheaptopk|0.6955
nfcorpus|bm25|optimal_global|judge|0.5738
nfcorpus|bm25|optimal_global|judge_expr|0.5164
nfcorpus|bm25|optimal_global|rankgpt|0.6184
nfcorpus|bm25|optimal_global|setmaxheaptopk|0.6702
nfcorpus|bm25|optimal_per_topic|judge|0.2316
nfcorpus|bm25|optimal_per_topic|judge_expr|0.216
nfcorpus|bm25|optimal_per_topic|rankgpt|0.2538
nfcorpus|bm25|optimal_per_topic|setmaxheaptopk|0.2518
nfcorpus|bm25|quantile|judge|0.7834
nfcorpus|bm25|quantile|judge_expr|0.631
nfcorpus|bm25|quantile|rankgpt|0.9373
nfcorpus|bm25|quantile|setmaxheaptopk|0.784
nfcorpus|bm25|rank|judge|0.651
nfcorpus|bm25|rank|judge_expr|0.5403
nfcorpus|bm25|rank|rankgpt|0.5672
nfcorpus|bm25|rank|setmaxheaptopk|0.5966
nfcorpus|bm25|thresholding|judge|0.5908
nfcorpus|bm25|thresholding|judge_expr|0.5706
nfcorpus|bm25|thresholding|rankgpt|0.0
nfcorpus|bm25|thresholding|setmaxheaptopk|0.0
nfcorpus|bm25+judge|direct|judge|0.9968
nfcorpus|bm25+judge|direct|judge_expr|0.899
nfcorpus|bm25+judge|direct|rankgpt|0.5118
nfcorpus|bm25+judge|direct|setmaxheaptopk|0.526
nfcorpus|bm25+judge|largest_gap|judge|0.9869
nfcorpus|bm25+judge|largest_gap|judge_expr|0.959
nfcorpus|bm25+judge|largest_gap|rankgpt|0.5118
nfcorpus|bm25+judge|largest_gap|setmaxheaptopk|0.526
nfcorpus|bm25+judge|optimal_global|judge|0.8766
nfcorpus|bm25+judge|optimal_global|judge_expr|0.7908
nfcorpus|bm25+judge|optimal_global|rankgpt|0.5493
nfcorpus|bm25+judge|optimal_global|setmaxheaptopk|0.5916
nfcorpus|bm25+judge|optimal_per_topic|judge|0.3864
nfcorpus|bm25+judge|optimal_per_topic|judge_expr|0.3132
nfcorpus|bm25+judge|optimal_per_topic|rankgpt|0.2375
nfcorpus|bm25+judge|optimal_per_topic|setmaxheaptopk|0.2441
nfcorpus|bm25+judge|quantile|judge|1.0
nfcorpus|bm25+judge|quantile|judge_expr|0.9002
nfcorpus|bm25+judge|quantile|rankgpt|0.6548
nfcorpus|bm25+judge|quantile|setmaxheaptopk|0.6432
nfcorpus|bm25+judge|rank|judge|0.8089
nfcorpus|bm25+judge|rank|judge_expr|0.7963
nfcorpus|bm25+judge|rank|rankgpt|0.5325
nfcorpus|bm25+judge|rank|setmaxheaptopk|0.5739
nfcorpus|bm25+judge|thresholding|judge|0.8961
nfcorpus|bm25+judge|thresholding|judge_expr|0.8665
nfcorpus|bm25+judge|thresholding|rankgpt|0.0
nfcorpus|bm25+judge|thresholding|setmaxheaptopk|0.0
nfcorpus|bm25+judge_expr|direct|judge|0.9847
nfcorpus|bm25+judge_expr|direct|judge_expr|0.9156
nfcorpus|bm25+judge_expr|direct|rankgpt|0.5747
nfcorpus|bm25+judge_expr|direct|setmaxheaptopk|0.6034
nfcorpus|bm25+judge_expr|largest_gap|judge|0.9774
nfcorpus|bm25+judge_expr|largest_gap|judge_expr|1.0
nfcorpus|bm25+judge_expr|largest_gap|rankgpt|0.5747
nfcorpus|bm25+judge_expr|largest_gap|setmaxheaptopk|0.6034
nfcorpus|bm25+judge_expr|optimal_global|judge|0.876
nfcorpus|bm25+judge_expr|optimal_global|judge_expr|0.8117
nfcorpus|bm25+judge_expr|optimal_global|rankgpt|0.611
nfcorpus|bm25+judge_expr|optimal_global|setmaxheaptopk|0.6592
nfcorpus|bm25+judge_expr|optimal_per_topic|judge|0.3837
nfcorpus|bm25+judge_expr|optimal_per_topic|judge_expr|0.3864
nfcorpus|bm25+judge_expr|optimal_per_topic|rankgpt|0.2609
nfcorpus|bm25+judge_expr|optimal_per_topic|setmaxheaptopk|0.2699
nfcorpus|bm25+judge_expr|quantile|judge|0.996
nfcorpus|bm25+judge_expr|quantile|judge_expr|1.0
nfcorpus|bm25+judge_expr|quantile|rankgpt|0.7032
nfcorpus|bm25+judge_expr|quantile|setmaxheaptopk|0.6922
nfcorpus|bm25+judge_expr|rank|judge|0.8155
nfcorpus|bm25+judge_expr|rank|judge_expr|0.999
nfcorpus|bm25+judge_expr|rank|rankgpt|0.5696
nfcorpus|bm25+judge_expr|rank|setmaxheaptopk|0.6213
nfcorpus|bm25+judge_expr|thresholding|judge|0.8957
nfcorpus|bm25+judge_expr|thresholding|judge_expr|0.8734
nfcorpus|bm25+judge_expr|thresholding|rankgpt|0.0
nfcorpus|bm25+judge_expr|thresholding|setmaxheaptopk|0.0
nfcorpus|bm25+point|direct|judge|0.7948
nfcorpus|bm25+point|direct|judge_expr|0.6773
nfcorpus|bm25+point|direct|rankgpt|0.5163
nfcorpus|bm25+point|direct|setmaxheaptopk|0.5766
nfcorpus|bm25+point|largest_gap|judge|0.6839
nfcorpus|bm25+point|largest_gap|judge_expr|0.7314
nfcorpus|bm25+point|largest_gap|rankgpt|0.5163
nfcorpus|bm25+point|largest_gap|setmaxheaptopk|0.5766
nfcorpus|bm25+point|optimal_global|judge|0.6476
nfcorpus|bm25+point|optimal_global|judge_expr|0.5696
nfcorpus|bm25+point|optimal_global|rankgpt|0.5494
nfcorpus|bm25+point|optimal_global|setmaxheaptopk|0.6547
nfcorpus|bm25+point|optimal_per_topic|judge|0.2886
nfcorpus|bm25+point|optimal_per_topic|judge_expr|0.2663
nfcorpus|bm25+point|optimal_per_topic|rankgpt|0.2524
nfcorpus|bm25+point|optimal_per_topic|setmaxheaptopk|0.2868
nfcorpus|bm25+point|quantile|judge|0.8763
nfcorpus|bm25+point|quantile|judge_expr|0.7368
nfcorpus|bm25+point|quantile|rankgpt|0.6482
nfcorpus|bm25+point|quantile|setmaxheaptopk|0.6911
nfcorpus|bm25+point|rank|judge|0.6123
nfcorpus|bm25+point|rank|judge_expr|0.6217
nfcorpus|bm25+point|rank|rankgpt|0.5442
nfcorpus|bm25+point|rank|setmaxheaptopk|0.6247
nfcorpus|bm25+point|thresholding|judge|0.6824
nfcorpus|bm25+point|thresholding|judge_expr|0.6478
nfcorpus|bm25+point|thresholding|rankgpt|0.0
nfcorpus|bm25+point|thresholding|setmaxheaptopk|0.0
nfcorpus|bm25+rankfirst|direct|judge|0.8062
nfcorpus|bm25+rankfirst|direct|judge_expr|0.7085
nfcorpus|bm25+rankfirst|direct|rankgpt|0.6874
nfcorpus|bm25+rankfirst|direct|setmaxheaptopk|0.7274
nfcorpus|bm25+rankfirst|largest_gap|judge|0.736
nfcorpus|bm25+rankfirst|largest_gap|judge_expr|0.7723
nfcorpus|bm25+rankfirst|largest_gap|rankgpt|0.6874
nfcorpus|bm25+rankfirst|largest_gap|setmaxheaptopk|0.7274
nfcorpus|bm25+rankfirst|optimal_global|judge|0.6844
nfcorpus|bm25+rankfirst|optimal_global|judge_expr|0.6258
nfcorpus|bm25+rankfirst|optimal_global|rankgpt|0.6916
nfcorpus|bm25+rankfirst|optimal_global|setmaxheaptopk|0.753
nfcorpus|bm25+rankfirst|optimal_per_topic|judge|0.3026
nfcorpus|bm25+rankfirst|optimal_per_topic|judge_expr|0.2893
nfcorpus|bm25+rankfirst|optimal_per_topic|rankgpt|0.291
nfcorpus|bm25+rankfirst|optimal_per_topic|setmaxheaptopk|0.3118
nfcorpus|bm25+rankfirst|quantile|judge|0.881
nfcorpus|bm25+rankfirst|quantile|judge_expr|0.7651
nfcorpus|bm25+rankfirst|quantile|rankgpt|0.8049
nfcorpus|bm25+rankfirst|quantile|setmaxheaptopk|0.7772
nfcorpus|bm25+rankfirst|rank|judge|0.6723
nfcorpus|bm25+rankfirst|rank|judge_expr|0.6458
nfcorpus|bm25+rankfirst|rank|rankgpt|0.6132
nfcorpus|bm25+rankfirst|rank|setmaxheaptopk|0.6809
nfcorpus|bm25+rankfirst|thresholding|judge|0.7043
nfcorpus|bm25+rankfirst|thresholding|judge_expr|0.685
nfcorpus|bm25+rankfirst|thresholding|rankgpt|0.0
nfcorpus|bm25+rankfirst|thresholding|setmaxheaptopk|0.0
nfcorpus|bm25+rankgpt|direct|judge|0.7544
nfcorpus|bm25+rankgpt|direct|judge_expr|0.6597
nfcorpus|bm25+rankgpt|direct|rankgpt|1.0
nfcorpus|bm25+rankgpt|direct|setmaxheaptopk|0.7241
nfcorpus|bm25+rankgpt|largest_gap|judge|0.6878
nfcorpus|bm25+rankgpt|largest_gap|judge_expr|0.704
nfcorpus|bm25+rankgpt|largest_gap|rankgpt|1.0
nfcorpus|bm25+rankgpt|largest_gap|setmaxheaptopk|0.7241
nfcorpus|bm25+rankgpt|optimal_global|judge|0.6364
nfcorpus|bm25+rankgpt|optimal_global|judge_expr|0.5895
nfcorpus|bm25+rankgpt|optimal_global|rankgpt|1.0
nfcorpus|bm25+rankgpt|optimal_global|setmaxheaptopk|0.6836
nfcorpus|bm25+rankgpt|optimal_per_topic|judge|0.2708
nfcorpus|bm25+rankgpt|optimal_per_topic|judge_expr|0.2458
nfcorpus|bm25+rankgpt|optimal_per_topic|rankgpt|0.3864
nfcorpus|bm25+rankgpt|optimal_per_topic|setmaxheaptopk|0.2665
nfcorpus|bm25+rankgpt|quantile|judge|0.838
nfcorpus|bm25+rankgpt|quantile|judge_expr|0.7004
nfcorpus|bm25+rankgpt|quantile|rankgpt|1.0
nfcorpus|bm25+rankgpt|quantile|setmaxheaptopk|0.7436
nfcorpus|bm25+rankgpt|rank|judge|0.6013
nfcorpus|bm25+rankgpt|rank|judge_expr|0.5838
nfcorpus|bm25+rankgpt|rank|rankgpt|1.0
nfcorpus|bm25+rankgpt|rank|setmaxheaptopk|0.6162
nfcorpus|bm25+rankgpt|thresholding|judge|0.6526
nfcorpus|bm25+rankgpt|thresholding|judge_expr|0.6339
nfcorpus|bm25+rankgpt|thresholding|rankgpt|0.0
nfcorpus|bm25+rankgpt|thresholding|setmaxheaptopk|0.0
nfcorpus|bm25+rankzephyr|direct|judge|0.6909
nfcorpus|bm25+rankzephyr|direct|judge_expr|0.5892
nfcorpus|bm25+rankzephyr|direct|rankgpt|0.6025
nfcorpus|bm25+rankzephyr|largest_gap|judge|0.6155
nfcorpus|bm25+rankzephyr|largest_gap|judge_expr|0.6453
nfcorpus|bm25+rankzephyr|largest_gap|rankgpt|0.6025
nfcorpus|bm25+rankzephyr|optimal_global|judge|0.5704
nfcorpus|bm25+rankzephyr|optimal_global|judge_expr|0.515
nfcorpus|bm25+rankzephyr|optimal_global|rankgpt|0.6099
nfcorpus|bm25+rankzephyr|optimal_per_topic|judge|0.2285
nfcorpus|bm25+rankzephyr|optimal_per_topic|judge_expr|0.2143
nfcorpus|bm25+rankzephyr|optimal_per_topic|rankgpt|0.2522
nfcorpus|bm25+rankzephyr|quantile|judge|0.7816
nfcorpus|bm25+rankzephyr|quantile|judge_expr|0.6245
nfcorpus|bm25+rankzephyr|quantile|rankgpt|0.9272
nfcorpus|bm25+rankzephyr|rank|judge|0.645
nfcorpus|bm25+rankzephyr|rank|judge_expr|0.5352
nfcorpus|bm25+rankzephyr|rank|rankgpt|0.5631
nfcorpus|bm25+rankzephyr|thresholding|judge|0.5859
nfcorpus|bm25+rankzephyr|thresholding|judge_expr|0.5677
nfcorpus|bm25+rankzephyr|thresholding|rankgpt|0.0
nfcorpus|bm25+setmaxheaptopk|direct|judge|0.7889
nfcorpus|bm25+setmaxheaptopk|direct|judge_expr|0.6989
nfcorpus|bm25+setmaxheaptopk|direct|rankgpt|0.7409
nfcorpus|bm25+setmaxheaptopk|direct|setmaxheaptopk|1.0
nfcorpus|bm25+setmaxheaptopk|largest_gap|judge|0.7304
nfcorpus|bm25+setmaxheaptopk|largest_gap|judge_expr|0.7621
nfcorpus|bm25+setmaxheaptopk|largest_gap|rankgpt|0.7409
nfcorpus|bm25+setmaxheaptopk|largest_gap|setmaxheaptopk|1.0
nfcorpus|bm25+setmaxheaptopk|optimal_global|judge|0.6807
nfcorpus|bm25+setmaxheaptopk|optimal_global|judge_expr|0.629
nfcorpus|bm25+setmaxheaptopk|optimal_global|rankgpt|0.713
nfcorpus|bm25+setmaxheaptopk|optimal_global|setmaxheaptopk|1.0
nfcorpus|bm25+setmaxheaptopk|optimal_per_topic|judge|0.2998
nfcorpus|bm25+setmaxheaptopk|optimal_per_topic|judge_expr|0.2835
nfcorpus|bm25+setmaxheaptopk|optimal_per_topic|rankgpt|0.2977
nfcorpus|bm25+setmaxheaptopk|optimal_per_topic|setmaxheaptopk|0.3864
nfcorpus|bm25+setmaxheaptopk|quantile|judge|0.8516
nfcorpus|bm25+setmaxheaptopk|quantile|judge_expr|0.7232
nfcorpus|bm25+setmaxheaptopk|quantile|rankgpt|0.7636
nfcorpus|bm25+setmaxheaptopk|quantile|setmaxheaptopk|1.0
nfcorpus|bm25+setmaxheaptopk|rank|judge|0.6427
nfcorpus|bm25+setmaxheaptopk|rank|judge_expr|0.6289
nfcorpus|bm25+setmaxheaptopk|rank|rankgpt|0.6096
nfcorpus|bm25+setmaxheaptopk|rank|setmaxheaptopk|1.0
nfcorpus|bm25+setmaxheaptopk|thresholding|judge|0.6986
nfcorpus|bm25+setmaxheaptopk|thresholding|judge_expr|0.6813
nfcorpus|bm25+setmaxheaptopk|thresholding|rankgpt|0.0
nfcorpus|bm25+setmaxheaptopk|thresholding|setmaxheaptopk|0.0
nfcorpus|colbert-small|direct|judge|0.5897
nfcorpus|colbert-small|direct|judge_expr|0.5331
nfcorpus|colbert-small|direct|rankgpt|0.4441
nfcorpus|colbert-small|direct|setmaxheaptopk|0.4895
nfcorpus|colbert-small|largest_gap|judge|0.543
nfcorpus|colbert-small|largest_gap|judge_expr|0.5707
nfcorpus|colbert-small|largest_gap|rankgpt|0.4441
nfcorpus|colbert-small|largest_gap|setmaxheaptopk|0.4895
nfcorpus|colbert-small|optimal_global|judge|0.5298
nfcorpus|colbert-small|optimal_global|judge_expr|0.4907
nfcorpus|colbert-small|optimal_global|rankgpt|0.4555
nfcorpus|colbert-small|optimal_global|setmaxheaptopk|0.5166
nfcorpus|colbert-small|optimal_per_topic|judge|0.2357
nfcorpus|colbert-small|optimal_per_topic|judge_expr|0.2267
nfcorpus|colbert-small|optimal_per_topic|rankgpt|0.2333
nfcorpus|colbert-small|optimal_per_topic|setmaxheaptopk|0.2397
nfcorpus|colbert-small|quantile|judge|0.6147
nfcorpus|colbert-small|quantile|judge_expr|0.5304
nfcorpus|colbert-small|quantile|rankgpt|0.5533
nfcorpus|colbert-small|quantile|setmaxheaptopk|0.5322
nfcorpus|colbert-small|rank|judge|0.4655
nfcorpus|colbert-small|rank|judge_expr|0.4378
nfcorpus|colbert-small|rank|rankgpt|0.41
nfcorpus|colbert-small|rank|setmaxheaptopk|0.4541
nfcorpus|colbert-small|thresholding|judge|0.5387
nfcorpus|colbert-small|thresholding|judge_expr|0.5282
nfcorpus|colbert-small|thresholding|rankgpt|0.0
nfcorpus|colbert-small|thresholding|setmaxheaptopk|0.0
nfcorpus|colbert-small+judge|direct|judge|0.7013
nfcorpus|colbert-small+judge|direct|judge_expr|0.6976
nfcorpus|colbert-small+judge|direct|rankgpt|0.431
nfcorpus|colbert-small+judge|direct|setmaxheaptopk|0.4603
nfcorpus|colbert-small+judge|largest_gap|judge|0.7506
nfcorpus|colbert-small+judge|largest_gap|judge_expr|0.7391
nfcorpus|colbert-small+judge|largest_gap|rankgpt|0.431
nfcorpus|colbert-small+judge|largest_gap|setmaxheaptopk|0.4603
nfcorpus|colbert-small+judge|optimal_global|judge|0.6887
nfcorpus|colbert-small+judge|optimal_global|judge_expr|0.634
nfcorpus|colbert-small+judge|optimal_global|rankgpt|0.4432
nfcorpus|colbert-small+judge|optimal_global|setmaxheaptopk|0.4787
nfcorpus|colbert-small+judge|optimal_per_topic|judge|0.2823
nfcorpus|colbert-small+judge|optimal_per_topic|judge_expr|0.2478
nfcorpus|colbert-small+judge|optimal_per_topic|rankgpt|0.2018
nfcorpus|colbert-small+judge|optimal_per_topic|setmaxheaptopk|0.2134
nfcorpus|colbert-small+judge|quantile|judge|0.6649
nfcorpus|colbert-small+judge|quantile|judge_expr|0.6291
nfcorpus|colbert-small+judge|quantile|rankgpt|0.5053
nfcorpus|colbert-small+judge|quantile|setmaxheaptopk|0.4912
nfcorpus|colbert-small+judge|rank|judge|0.56
nfcorpus|colbert-small+judge|rank|judge_expr|0.557
nfcorpus|colbert-small+judge|rank|rankgpt|0.3917
nfcorpus|colbert-small+judge|rank|setmaxheaptopk|0.4277
nfcorpus|colbert-small+judge|thresholding|judge|0.7045
nfcorpus|colbert-small+judge|thresholding|judge_expr|0.6878
nfcorpus|colbert-small+judge|thresholding|rankgpt|0.0
nfcorpus|colbert-small+judge|thresholding|setmaxheaptopk|0.0
nfcorpus|colbert-small+judge_expr|direct|judge|0.7405
nfcorpus|colbert-small+judge_expr|direct|judge_expr|0.7389
nfcorpus|colbert-small+judge_expr|direct|rankgpt|0.5041
nfcorpus|colbert-small+judge_expr|direct|setmaxheaptopk|0.5322
nfcorpus|colbert-small+judge_expr|largest_gap|judge|0.7891
nfcorpus|colbert-small+judge_expr|largest_gap|judge_expr|0.7968
nfcorpus|colbert-small+judge_expr|largest_gap|rankgpt|0.5041
nfcorpus|colbert-small+judge_expr|largest_gap|setmaxheaptopk|0.5322
nfcorpus|colbert-small+judge_expr|optimal_global|judge|0.7203
nfcorpus|colbert-small+judge_expr|optimal_global|judge_expr|0.6774
nfcorpus|colbert-small+judge_expr|optimal_global|rankgpt|0.5202
nfcorpus|colbert-small+judge_expr|optimal_global|setmaxheaptopk|0.5577
nfcorpus|colbert-small+judge_expr|optimal_per_topic|judge|0.3002
nfcorpus|colbert-small+judge_expr|optimal_per_topic|judge_expr|0.308
nfcorpus|colbert-small+judge_expr|optimal_per_topic|rankgpt|0.2291
nfcorpus|colbert-small+judge_expr|optimal_per_topic|setmaxheaptopk|0.2432
nfcorpus|colbert-small+judge_expr|quantile|judge|0.7058
nfcorpus|colbert-small+judge_expr|quantile|judge_expr|0.7172
nfcorpus|colbert-small+judge_expr|quantile|rankgpt|0.5639
nfcorpus|colbert-small+judge_expr|quantile|setmaxheaptopk|0.5469
nfcorpus|colbert-small+judge_expr|rank|judge|0.6152
nfcorpus|colbert-small+judge_expr|rank|judge_expr|0.6869
nfcorpus|colbert-small+judge_expr|rank|rankgpt|0.4513
nfcorpus|colbert-small+judge_expr|rank|setmaxheaptopk|0.4945
nfcorpus|colbert-small+judge_expr|thresholding|judge|0.735
nfcorpus|colbert-small+judge_expr|thresholding|judge_expr|0.7233
nfcorpus|colbert-small+judge_expr|thresholding|rankgpt|0.0
nfcorpus|colbert-small+judge_expr|thresholding|setmaxheaptopk|0.0
nfcorpus|colbert-small+point|direct|judge|0.6428
nfcorpus|colbert-small+point|direct|judge_expr|0.5806
nfcorpus|colbert-small+point|direct|rankgpt|0.4702
nfcorpus|colbert-small+point|direct|setmaxheaptopk|0.526
nfcorpus|colbert-small+point|largest_gap|judge|0.5971
nfcorpus|colbert-small+point|largest_gap|judge_expr|0.6329
nfcorpus|colbert-small+point|largest_gap|rankgpt|0.4702
nfcorpus|colbert-small+point|largest_gap|setmaxheaptopk|0.526
nfcorpus|colbert-small+point|optimal_global|judge|0.5639
nfcorpus|colbert-small+point|optimal_global|judge_expr|0.5037
nfcorpus|colbert-small+point|optimal_global|rankgpt|0.4802
nfcorpus|colbert-small+point|optimal_global|setmaxheaptopk|0.5705
nfcorpus|colbert-small+point|optimal_per_topic|judge|0.245
nfcorpus|colbert-small+point|optimal_per_topic|judge_expr|0.2359
nfcorpus|colbert-small+point|optimal_per_topic|rankgpt|0.2196
nfcorpus|colbert-small+point|optimal_per_topic|setmaxheaptopk|0.2524
nfcorpus|colbert-small+point|quantile|judge|0.6503
nfcorpus|colbert-small+point|quantile|judge_expr|0.5791
nfcorpus|colbert-small+point|quantile|rankgpt|0.5409
nfcorpus|colbert-small+point|quantile|setmaxheaptopk|0.5573
nfcorpus|colbert-small+point|rank|judge|0.5003
nfcorpus|colbert-small+point|rank|judge_expr|0.5029
nfcorpus|colbert-small+point|rank|rankgpt|0.4487
nfcorpus|colbert-small+point|rank|setmaxheaptopk|0.5091
nfcorpus|colbert-small+point|thresholding|judge|0.5909
nfcorpus|colbert-small+point|thresholding|judge_expr|0.5651
nfcorpus|colbert-small+point|thresholding|rankgpt|0.0
nfcorpus|colbert-small+point|thresholding|setmaxheaptopk|0.0
nfcorpus|colbert-small+rankfirst|direct|judge|0.7015
nfcorpus|colbert-small+rankfirst|direct|judge_expr|0.6388
nfcorpus|colbert-small+rankfirst|direct|rankgpt|0.5907
nfcorpus|colbert-small+rankfirst|direct|setmaxheaptopk|0.658
nfcorpus|colbert-small+rankfirst|largest_gap|judge|0.6638
nfcorpus|colbert-small+rankfirst|largest_gap|judge_expr|0.6931
nfcorpus|colbert-small+rankfirst|largest_gap|rankgpt|0.5907
nfcorpus|colbert-small+rankfirst|largest_gap|setmaxheaptopk|0.658
nfcorpus|colbert-small+rankfirst|optimal_global|judge|0.6272
nfcorpus|colbert-small+rankfirst|optimal_global|judge_expr|0.5806
nfcorpus|colbert-small+rankfirst|optimal_global|rankgpt|0.5948
nfcorpus|colbert-small+rankfirst|optimal_global|setmaxheaptopk|0.6516
nfcorpus|colbert-small+rankfirst|optimal_per_topic|judge|0.2701
nfcorpus|colbert-small+rankfirst|optimal_per_topic|judge_expr|0.2597
nfcorpus|colbert-small+rankfirst|optimal_per_topic|rankgpt|0.2476
nfcorpus|colbert-small+rankfirst|optimal_per_topic|setmaxheaptopk|0.2733
nfcorpus|colbert-small+rankfirst|quantile|judge|0.7302
nfcorpus|colbert-small+rankfirst|quantile|judge_expr|0.664
nfcorpus|colbert-small+rankfirst|quantile|rankgpt|0.6574
nfcorpus|colbert-small+rankfirst|quantile|setmaxheaptopk|0.6432
nfcorpus|colbert-small+rankfirst|rank|judge|0.5708
nfcorpus|colbert-small+rankfirst|rank|judge_expr|0.5609
nfcorpus|colbert-small+rankfirst|rank|rankgpt|0.5114
nfcorpus|colbert-small+rankfirst|rank|setmaxheaptopk|0.5742
nfcorpus|colbert-small+rankfirst|thresholding|judge|0.6396
nfcorpus|colbert-small+rankfirst|thresholding|judge_expr|0.6332
nfcorpus|colbert-small+rankfirst|thresholding|rankgpt|0.0
nfcorpus|colbert-small+rankfirst|thresholding|setmaxheaptopk|0.0
nfcorpus|colbert-small+rankgpt|direct|judge|0.6167
nfcorpus|colbert-small+rankgpt|direct|judge_expr|0.5794
nfcorpus|colbert-small+rankgpt|direct|rankgpt|0.5695
nfcorpus|colbert-small+rankgpt|direct|setmaxheaptopk|0.5947
nfcorpus|colbert-small+rankgpt|largest_gap|judge|0.587
nfcorpus|colbert-small+rankgpt|largest_gap|judge_expr|0.616
nfcorpus|colbert-small+rankgpt|largest_gap|rankgpt|0.5695
nfcorpus|colbert-small+rankgpt|largest_gap|setmaxheaptopk|0.5947
nfcorpus|colbert-small+rankgpt|optimal_global|judge|0.5711
nfcorpus|colbert-small+rankgpt|optimal_global|judge_expr|0.5328
nfcorpus|colbert-small+rankgpt|optimal_global|rankgpt|0.564
nfcorpus|colbert-small+rankgpt|optimal_global|setmaxheaptopk|0.5781
nfcorpus|colbert-small+rankgpt|optimal_per_topic|judge|0.2308
nfcorpus|colbert-small+rankgpt|optimal_per_topic|judge_expr|0.2265
nfcorpus|colbert-small+rankgpt|optimal_per_topic|rankgpt|0.243
nfcorpus|colbert-small+rankgpt|optimal_per_topic|setmaxheaptopk|0.2376
nfcorpus|colbert-small+rankgpt|quantile|judge|0.6419
nfcorpus|colbert-small+rankgpt|quantile|judge_expr|0.5818
nfcorpus|colbert-small+rankgpt|quantile|rankgpt|0.6012
nfcorpus|colbert-small+rankgpt|quantile|setmaxheaptopk|0.5801
nfcorpus|colbert-small+rankgpt|rank|judge|0.4945
nfcorpus|colbert-small+rankgpt|rank|judge_expr|0.4834
nfcorpus|colbert-small+rankgpt|rank|rankgpt|0.4793
nfcorpus|colbert-small+rankgpt|rank|setmaxheaptopk|0.4977
nfcorpus|colbert-small+rankgpt|thresholding|judge|0.5765
nfcorpus|colbert-small+rankgpt|thresholding|judge_expr|0.57
nfcorpus|colbert-small+rankgpt|thresholding|rankgpt|0.0
nfcorpus|colbert-small+rankgpt|thresholding|setmaxheaptopk|0.0
nfcorpus|colbert-small+rankzephyr|direct|judge|0.5831
nfcorpus|colbert-small+rankzephyr|direct|judge_expr|0.5236
nfcorpus|colbert-small+rankzephyr|direct|rankgpt|0.4343
nfcorpus|colbert-small+rankzephyr|largest_gap|judge|0.5337
nfcorpus|colbert-small+rankzephyr|largest_gap|judge_expr|0.5597
nfcorpus|colbert-small+rankzephyr|largest_gap|rankgpt|0.4343
nfcorpus|colbert-small+rankzephyr|optimal_global|judge|0.5202
nfcorpus|colbert-small+rankzephyr|optimal_global|judge_expr|0.4787
nfcorpus|colbert-small+rankzephyr|optimal_global|rankgpt|0.4444
nfcorpus|colbert-small+rankzephyr|optimal_per_topic|judge|0.23
nfcorpus|colbert-small+rankzephyr|optimal_per_topic|judge_expr|0.2208
nfcorpus|colbert-small+rankzephyr|optimal_per_topic|rankgpt|0.2263
nfcorpus|colbert-small+rankzephyr|quantile|judge|0.613
nfcorpus|colbert-small+rankzephyr|quantile|judge_expr|0.5291
nfcorpus|colbert-small+rankzephyr|quantile|rankgpt|0.551
nfcorpus|colbert-small+rankzephyr|rank|judge|0.4597
nfcorpus|colbert-small+rankzephyr|rank|judge_expr|0.4301
nfcorpus|colbert-small+rankzephyr|rank|rankgpt|0.402
nfcorpus|colbert-small+rankzephyr|thresholding|judge|0.5273
nfcorpus|colbert-small+rankzephyr|thresholding|judge_expr|0.518
nfcorpus|colbert-small+rankzephyr|thresholding|rankgpt|0.0
nfcorpus|colbert-small+setmaxheaptopk|direct|judge|0.6613
nfcorpus|colbert-small+setmaxheaptopk|direct|judge_expr|0.618
nfcorpus|colbert-small+setmaxheaptopk|direct|rankgpt|0.5839
nfcorpus|colbert-small+setmaxheaptopk|direct|setmaxheaptopk|0.6538
nfcorpus|colbert-small+setmaxheaptopk|largest_gap|judge|0.6386
nfcorpus|colbert-small+setmaxheaptopk|largest_gap|judge_expr|0.668
nfcorpus|colbert-small+setmaxheaptopk|largest_gap|rankgpt|0.5839
nfcorpus|colbert-small+setmaxheaptopk|largest_gap|setmaxheaptopk|0.6538
nfcorpus|colbert-small+setmaxheaptopk|optimal_global|judge|0.6081
nfcorpus|colbert-small+setmaxheaptopk|optimal_global|judge_expr|0.567
nfcorpus|colbert-small+setmaxheaptopk|optimal_global|rankgpt|0.5759
nfcorpus|colbert-small+setmaxheaptopk|optimal_global|setmaxheaptopk|0.6621
nfcorpus|colbert-small+setmaxheaptopk|optimal_per_topic|judge|0.2595
nfcorpus|colbert-small+setmaxheaptopk|optimal_per_topic|judge_expr|0.2542
nfcorpus|colbert-small+setmaxheaptopk|optimal_per_topic|rankgpt|0.251
nfcorpus|colbert-small+setmaxheaptopk|optimal_per_topic|setmaxheaptopk|0.2741
nfcorpus|colbert-small+setmaxheaptopk|quantile|judge|0.6652
nfcorpus|colbert-small+setmaxheaptopk|quantile|judge_expr|0.6059
nfcorpus|colbert-small+setmaxheaptopk|quantile|rankgpt|0.6059
nfcorpus|colbert-small+setmaxheaptopk|quantile|setmaxheaptopk|0.6252
nfcorpus|colbert-small+setmaxheaptopk|rank|judge|0.5443
nfcorpus|colbert-small+setmaxheaptopk|rank|judge_expr|0.5352
nfcorpus|colbert-small+setmaxheaptopk|rank|rankgpt|0.4944
nfcorpus|colbert-small+setmaxheaptopk|rank|setmaxheaptopk|0.5698
nfcorpus|colbert-small+setmaxheaptopk|thresholding|judge|0.6208
nfcorpus|colbert-small+setmaxheaptopk|thresholding|judge_expr|0.611
nfcorpus|colbert-small+setmaxheaptopk|thresholding|rankgpt|0.0
nfcorpus|colbert-small+setmaxheaptopk|thresholding|setmaxheaptopk|0.0
nfcorpus|nomicai-modernbert-embed|direct|judge|0.5598
nfcorpus|nomicai-modernbert-embed|direct|judge_expr|0.5248
nfcorpus|nomicai-modernbert-embed|direct|rankgpt|0.4836
nfcorpus|nomicai-modernbert-embed|direct|setmaxheaptopk|0.5154
nfcorpus|nomicai-modernbert-embed|largest_gap|judge|0.5365
nfcorpus|nomicai-modernbert-embed|largest_gap|judge_expr|0.5608
nfcorpus|nomicai-modernbert-embed|largest_gap|rankgpt|0.4836
nfcorpus|nomicai-modernbert-embed|largest_gap|setmaxheaptopk|0.5154
nfcorpus|nomicai-modernbert-embed|optimal_global|judge|0.537
nfcorpus|nomicai-modernbert-embed|optimal_global|judge_expr|0.5027
nfcorpus|nomicai-modernbert-embed|optimal_global|rankgpt|0.4732
nfcorpus|nomicai-modernbert-embed|optimal_global|setmaxheaptopk|0.5119
nfcorpus|nomicai-modernbert-embed|optimal_per_topic|judge|0.2415
nfcorpus|nomicai-modernbert-embed|optimal_per_topic|judge_expr|0.2373
nfcorpus|nomicai-modernbert-embed|optimal_per_topic|rankgpt|0.244
nfcorpus|nomicai-modernbert-embed|optimal_per_topic|setmaxheaptopk|0.2531
nfcorpus|nomicai-modernbert-embed|quantile|judge|0.5843
nfcorpus|nomicai-modernbert-embed|quantile|judge_expr|0.5093
nfcorpus|nomicai-modernbert-embed|quantile|rankgpt|0.5468
nfcorpus|nomicai-modernbert-embed|quantile|setmaxheaptopk|0.522
nfcorpus|nomicai-modernbert-embed|rank|judge|0.4385
nfcorpus|nomicai-modernbert-embed|rank|judge_expr|0.4079
nfcorpus|nomicai-modernbert-embed|rank|rankgpt|0.3916
nfcorpus|nomicai-modernbert-embed|rank|setmaxheaptopk|0.4297
nfcorpus|nomicai-modernbert-embed|thresholding|judge|0.5288
nfcorpus|nomicai-modernbert-embed|thresholding|judge_expr|0.531
nfcorpus|nomicai-modernbert-embed|thresholding|rankgpt|0.0
nfcorpus|nomicai-modernbert-embed|thresholding|setmaxheaptopk|0.0
nfcorpus|nomicai-modernbert-embed+judge|direct|judge|0.6702
nfcorpus|nomicai-modernbert-embed+judge|direct|judge_expr|0.6667
nfcorpus|nomicai-modernbert-embed+judge|direct|rankgpt|0.427
nfcorpus|nomicai-modernbert-embed+judge|direct|setmaxheaptopk|0.4388
nfcorpus|nomicai-modernbert-embed+judge|largest_gap|judge|0.7241
nfcorpus|nomicai-modernbert-embed+judge|largest_gap|judge_expr|0.7059
nfcorpus|nomicai-modernbert-embed+judge|largest_gap|rankgpt|0.427
nfcorpus|nomicai-modernbert-embed+judge|largest_gap|setmaxheaptopk|0.4388
nfcorpus|nomicai-modernbert-embed+judge|optimal_global|judge|0.6639
nfcorpus|nomicai-modernbert-embed+judge|optimal_global|judge_expr|0.6131
nfcorpus|nomicai-modernbert-embed+judge|optimal_global|rankgpt|0.4378
nfcorpus|nomicai-modernbert-embed+judge|optimal_global|setmaxheaptopk|0.4555
nfcorpus|nomicai-modernbert-embed+judge|optimal_per_topic|judge|0.2836
nfcorpus|nomicai-modernbert-embed+judge|optimal_per_topic|judge_expr|0.2472
nfcorpus|nomicai-modernbert-embed+judge|optimal_per_topic|rankgpt|0.2048
nfcorpus|nomicai-modernbert-embed+judge|optimal_per_topic|setmaxheaptopk|0.215
nfcorpus|nomicai-modernbert-embed+judge|quantile|judge|0.6383
nfcorpus|nomicai-modernbert-embed+judge|quantile|judge_expr|0.6018
nfcorpus|nomicai-modernbert-embed+judge|quantile|rankgpt|0.49
nfcorpus|nomicai-modernbert-embed+judge|quantile|setmaxheaptopk|0.4623
nfcorpus|nomicai-modernbert-embed+judge|rank|judge|0.5383
nfcorpus|nomicai-modernbert-embed+judge|rank|judge_expr|0.5283
nfcorpus|nomicai-modernbert-embed+judge|rank|rankgpt|0.3736
nfcorpus|nomicai-modernbert-embed+judge|rank|setmaxheaptopk|0.4045
nfcorpus|nomicai-modernbert-embed+judge|thresholding|judge|0.6687
nfcorpus|nomicai-modernbert-embed+judge|thresholding|judge_expr|0.6546
nfcorpus|nomicai-modernbert-embed+judge|thresholding|rankgpt|0.0
nfcorpus|nomicai-modernbert-embed+judge|thresholding|setmaxheaptopk|0.0
nfcorpus|nomicai-modernbert-embed+judge_expr|direct|judge|0.6976
nfcorpus|nomicai-modernbert-embed+judge_expr|direct|judge_expr|0.7068
nfcorpus|nomicai-modernbert-embed+judge_expr|direct|rankgpt|0.4969
nfcorpus|nomicai-modernbert-embed+judge_expr|direct|setmaxheaptopk|0.5154
nfcorpus|nomicai-modernbert-embed+judge_expr|largest_gap|judge|0.7501
nfcorpus|nomicai-modernbert-embed+judge_expr|largest_gap|judge_expr|0.7547
nfcorpus|nomicai-modernbert-embed+judge_expr|largest_gap|rankgpt|0.4969
nfcorpus|nomicai-modernbert-embed+judge_expr|largest_gap|setmaxheaptopk|0.5154
nfcorpus|nomicai-modernbert-embed+judge_expr|optimal_global|judge|0.6891
nfcorpus|nomicai-modernbert-embed+judge_expr|optimal_global|judge_expr|0.6506
nfcorpus|nomicai-modernbert-embed+judge_expr|optimal_global|rankgpt|0.5051
nfcorpus|nomicai-modernbert-embed+judge_expr|optimal_global|setmaxheaptopk|0.5229
nfcorpus|nomicai-modernbert-embed+judge_expr|optimal_per_topic|judge|0.2958
nfcorpus|nomicai-modernbert-embed+judge_expr|optimal_per_topic|judge_expr|0.3034
nfcorpus|nomicai-modernbert-embed+judge_expr|optimal_per_topic|rankgpt|0.2314
nfcorpus|nomicai-modernbert-embed+judge_expr|optimal_per_topic|setmaxheaptopk|0.242
nfcorpus|nomicai-modernbert-embed+judge_expr|quantile|judge|0.6678
nfcorpus|nomicai-modernbert-embed+judge_expr|quantile|judge_expr|0.6793
nfcorpus|nomicai-modernbert-embed+judge_expr|quantile|rankgpt|0.5422
nfcorpus|nomicai-modernbert-embed+judge_expr|quantile|setmaxheaptopk|0.5161
nfcorpus|nomicai-modernbert-embed+judge_expr|rank|judge|0.5679
nfcorpus|nomicai-modernbert-embed+judge_expr|rank|judge_expr|0.6359
nfcorpus|nomicai-modernbert-embed+judge_expr|rank|rankgpt|0.4205
nfcorpus|nomicai-modernbert-embed+judge_expr|rank|setmaxheaptopk|0.4585
nfcorpus|nomicai-modernbert-embed+judge_expr|thresholding|judge|0.6937
nfcorpus|nomicai-modernbert-embed+judge_expr|thresholding|judge_expr|0.6848
nfcorpus|nomicai-modernbert-embed+judge_expr|thresholding|rankgpt|0.0
nfcorpus|nomicai-modernbert-embed+judge_expr|thresholding|setmaxheaptopk|0.0
nfcorpus|nomicai-modernbert-embed+point|direct|judge|0.6136
nfcorpus|nomicai-modernbert-embed+point|direct|judge_expr|0.5731
nfcorpus|nomicai-modernbert-embed+point|direct|rankgpt|0.4567
nfcorpus|nomicai-modernbert-embed+point|direct|setmaxheaptopk|0.5026
nfcorpus|nomicai-modernbert-embed+point|largest_gap|judge|0.5845
nfcorpus|nomicai-modernbert-embed+point|largest_gap|judge_expr|0.616
nfcorpus|nomicai-modernbert-embed+point|largest_gap|rankgpt|0.4567
nfcorpus|nomicai-modernbert-embed+point|largest_gap|setmaxheaptopk|0.5026
nfcorpus|nomicai-modernbert-embed+point|optimal_global|judge|0.5641
nfcorpus|nomicai-modernbert-embed+point|optimal_global|judge_expr|0.507
nfcorpus|nomicai-modernbert-embed+point|optimal_global|rankgpt|0.4653
nfcorpus|nomicai-modernbert-embed+point|optimal_global|setmaxheaptopk|0.5371
nfcorpus|nomicai-modernbert-embed+point|optimal_per_topic|judge|0.2492
nfcorpus|nomicai-modernbert-embed+point|optimal_per_topic|judge_expr|0.2413
nfcorpus|nomicai-modernbert-embed+point|optimal_per_topic|rankgpt|0.2272
nfcorpus|nomicai-modernbert-embed+point|optimal_per_topic|setmaxheaptopk|0.2606
nfcorpus|nomicai-modernbert-embed+point|quantile|judge|0.6233
nfcorpus|nomicai-modernbert-embed+point|quantile|judge_expr|0.5587
nfcorpus|nomicai-modernbert-embed+point|quantile|rankgpt|0.531
nfcorpus|nomicai-modernbert-embed+point|quantile|setmaxheaptopk|0.5239
nfcorpus|nomicai-modernbert-embed+point|rank|judge|0.4724
nfcorpus|nomicai-modernbert-embed+point|rank|judge_expr|0.4739
nfcorpus|nomicai-modernbert-embed+point|rank|rankgpt|0.4195
nfcorpus|nomicai-modernbert-embed+point|rank|setmaxheaptopk|0.4709
nfcorpus|nomicai-modernbert-embed+point|thresholding|judge|0.5775
nfcorpus|nomicai-modernbert-embed+point|thresholding|judge_expr|0.5583
nfcorpus|nomicai-modernbert-embed+point|thresholding|rankgpt|0.0
nfcorpus|nomicai-modernbert-embed+point|thresholding|setmaxheaptopk|0.0
nfcorpus|nomicai-modernbert-embed+rankfirst|direct|judge|0.6657
nfcorpus|nomicai-modernbert-embed+rankfirst|direct|judge_expr|0.6219
nfcorpus|nomicai-modernbert-embed+rankfirst|direct|rankgpt|0.5764
nfcorpus|nomicai-modernbert-embed+rankfirst|direct|setmaxheaptopk|0.6196
nfcorpus|nomicai-modernbert-embed+rankfirst|largest_gap|judge|0.6429
nfcorpus|nomicai-modernbert-embed+rankfirst|largest_gap|judge_expr|0.6663
nfcorpus|nomicai-modernbert-embed+rankfirst|largest_gap|rankgpt|0.5764
nfcorpus|nomicai-modernbert-embed+rankfirst|largest_gap|setmaxheaptopk|0.6196
nfcorpus|nomicai-modernbert-embed+rankfirst|optimal_global|judge|0.6151
nfcorpus|nomicai-modernbert-embed+rankfirst|optimal_global|judge_expr|0.5696
nfcorpus|nomicai-modernbert-embed+rankfirst|optimal_global|rankgpt|0.5735
nfcorpus|nomicai-modernbert-embed+rankfirst|optimal_global|setmaxheaptopk|0.6218
nfcorpus|nomicai-modernbert-embed+rankfirst|optimal_per_topic|judge|0.2722
nfcorpus|nomicai-modernbert-embed+rankfirst|optimal_per_topic|judge_expr|0.2648
nfcorpus|nomicai-modernbert-embed+rankfirst|optimal_per_topic|rankgpt|0.2588
nfcorpus|nomicai-modernbert-embed+rankfirst|optimal_per_topic|setmaxheaptopk|0.2816
nfcorpus|nomicai-modernbert-embed+rankfirst|quantile|judge|0.69
nfcorpus|nomicai-modernbert-embed+rankfirst|quantile|judge_expr|0.6258
nfcorpus|nomicai-modernbert-embed+rankfirst|quantile|rankgpt|0.6202
nfcorpus|nomicai-modernbert-embed+rankfirst|quantile|setmaxheaptopk|0.603
nfcorpus|nomicai-modernbert-embed+rankfirst|rank|judge|0.5297
nfcorpus|nomicai-modernbert-embed+rankfirst|rank|judge_expr|0.5239
nfcorpus|nomicai-modernbert-embed+rankfirst|rank|rankgpt|0.4745
nfcorpus|nomicai-modernbert-embed+rankfirst|rank|setmaxheaptopk|0.529
nfcorpus|nomicai-modernbert-embed+rankfirst|thresholding|judge|0.6173
nfcorpus|nomicai-modernbert-embed+rankfirst|thresholding|judge_expr|0.6088
nfcorpus|nomicai-modernbert-embed+rankfirst|thresholding|rankgpt|0.0
nfcorpus|nomicai-modernbert-embed+rankfirst|thresholding|setmaxheaptopk|0.0
nfcorpus|nomicai-modernbert-embed+rankgpt|direct|judge|0.5796
nfcorpus|nomicai-modernbert-embed+rankgpt|direct|judge_expr|0.5485
nfcorpus|nomicai-modernbert-embed+rankgpt|direct|rankgpt|0.5381
nfcorpus|nomicai-modernbert-embed+rankgpt|direct|setmaxheaptopk|0.5512
nfcorpus|nomicai-modernbert-embed+rankgpt|largest_gap|judge|0.5714
nfcorpus|nomicai-modernbert-embed+rankgpt|largest_gap|judge_expr|0.5891
nfcorpus|nomicai-modernbert-embed+rankgpt|largest_gap|rankgpt|0.5381
nfcorpus|nomicai-modernbert-embed+rankgpt|largest_gap|setmaxheaptopk|0.5512
nfcorpus|nomicai-modernbert-embed+rankgpt|optimal_global|judge|0.5491
nfcorpus|nomicai-modernbert-embed+rankgpt|optimal_global|judge_expr|0.5064
nfcorpus|nomicai-modernbert-embed+rankgpt|optimal_global|rankgpt|0.5307
nfcorpus|nomicai-modernbert-embed+rankgpt|optimal_global|setmaxheaptopk|0.5324
nfcorpus|nomicai-modernbert-embed+rankgpt|optimal_per_topic|judge|0.2337
nfcorpus|nomicai-modernbert-embed+rankgpt|optimal_per_topic|judge_expr|0.2258
nfcorpus|nomicai-modernbert-embed+rankgpt|optimal_per_topic|rankgpt|0.2442
nfcorpus|nomicai-modernbert-embed+rankgpt|optimal_per_topic|setmaxheaptopk|0.2395
nfcorpus|nomicai-modernbert-embed+rankgpt|quantile|judge|0.5962
nfcorpus|nomicai-modernbert-embed+rankgpt|quantile|judge_expr|0.5342
nfcorpus|nomicai-modernbert-embed+rankgpt|quantile|rankgpt|0.5612
nfcorpus|nomicai-modernbert-embed+rankgpt|quantile|setmaxheaptopk|0.5194
nfcorpus|nomicai-modernbert-embed+rankgpt|rank|judge|0.4593
nfcorpus|nomicai-modernbert-embed+rankgpt|rank|judge_expr|0.4482
nfcorpus|nomicai-modernbert-embed+rankgpt|rank|rankgpt|0.4429
nfcorpus|nomicai-modernbert-embed+rankgpt|rank|setmaxheaptopk|0.4596
nfcorpus|nomicai-modernbert-embed+rankgpt|thresholding|judge|0.5473
nfcorpus|nomicai-modernbert-embed+rankgpt|thresholding|judge_expr|0.5435
nfcorpus|nomicai-modernbert-embed+rankgpt|thresholding|rankgpt|0.0
nfcorpus|nomicai-modernbert-embed+rankgpt|thresholding|setmaxheaptopk|0.0
nfcorpus|nomicai-modernbert-embed+rankzephyr|direct|judge|0.5532
nfcorpus|nomicai-modernbert-embed+rankzephyr|direct|judge_expr|0.5184
nfcorpus|nomicai-modernbert-embed+rankzephyr|direct|rankgpt|0.4769
nfcorpus|nomicai-modernbert-embed+rankzephyr|largest_gap|judge|0.5281
nfcorpus|nomicai-modernbert-embed+rankzephyr|largest_gap|judge_expr|0.552
nfcorpus|nomicai-modernbert-embed+rankzephyr|largest_gap|rankgpt|0.4769
nfcorpus|nomicai-modernbert-embed+rankzephyr|optimal_global|judge|0.5319
nfcorpus|nomicai-modernbert-embed+rankzephyr|optimal_global|judge_expr|0.4953
nfcorpus|nomicai-modernbert-embed+rankzephyr|optimal_global|rankgpt|0.4686
nfcorpus|nomicai-modernbert-embed+rankzephyr|optimal_per_topic|judge|0.2388
nfcorpus|nomicai-modernbert-embed+rankzephyr|optimal_per_topic|judge_expr|0.2328
nfcorpus|nomicai-modernbert-embed+rankzephyr|optimal_per_topic|rankgpt|0.2405
nfcorpus|nomicai-modernbert-embed+rankzephyr|quantile|judge|0.5785
nfcorpus|nomicai-modernbert-embed+rankzephyr|quantile|judge_expr|0.5022
nfcorpus|nomicai-modernbert-embed+rankzephyr|quantile|rankgpt|0.5402
nfcorpus|nomicai-modernbert-embed+rankzephyr|rank|judge|0.4338
nfcorpus|nomicai-modernbert-embed+rankzephyr|rank|judge_expr|0.4029
nfcorpus|nomicai-modernbert-embed+rankzephyr|rank|rankgpt|0.3864
nfcorpus|nomicai-modernbert-embed+rankzephyr|thresholding|judge|0.524
nfcorpus|nomicai-modernbert-embed+rankzephyr|thresholding|judge_expr|0.5262
nfcorpus|nomicai-modernbert-embed+rankzephyr|thresholding|rankgpt|0.0
nfcorpus|nomicai-modernbert-embed+setmaxheaptopk|direct|judge|0.6246
nfcorpus|nomicai-modernbert-embed+setmaxheaptopk|direct|judge_expr|0.6008
nfcorpus|nomicai-modernbert-embed+setmaxheaptopk|direct|rankgpt|0.5883
nfcorpus|nomicai-modernbert-embed+setmaxheaptopk|direct|setmaxheaptopk|0.6254
nfcorpus|nomicai-modernbert-embed+setmaxheaptopk|largest_gap|judge|0.6219
nfcorpus|nomicai-modernbert-embed+setmaxheaptopk|largest_gap|judge_expr|0.6462
nfcorpus|nomicai-modernbert-embed+setmaxheaptopk|largest_gap|rankgpt|0.5883
nfcorpus|nomicai-modernbert-embed+setmaxheaptopk|largest_gap|setmaxheaptopk|0.6254
nfcorpus|nomicai-modernbert-embed+setmaxheaptopk|optimal_global|judge|0.6015
nfcorpus|nomicai-modernbert-embed+setmaxheaptopk|optimal_global|judge_expr|0.5598
nfcorpus|nomicai-modernbert-embed+setmaxheaptopk|optimal_global|rankgpt|0.5639
nfcorpus|nomicai-modernbert-embed+setmaxheaptopk|optimal_global|setmaxheaptopk|0.6268
nfcorpus|nomicai-modernbert-embed+setmaxheaptopk|optimal_per_topic|judge|0.2586
nfcorpus|nomicai-modernbert-embed+setmaxheaptopk|optimal_per_topic|judge_expr|0.2572
nfcorpus|nomicai-modernbert-embed+setmaxheaptopk|optimal_per_topic|rankgpt|0.2672
nfcorpus|nomicai-modernbert-embed+setmaxheaptopk|optimal_per_topic|setmaxheaptopk|0.2838
nfcorpus|nomicai-modernbert-embed+setmaxheaptopk|quantile|judge|0.6332
nfcorpus|nomicai-modernbert-embed+setmaxheaptopk|quantile|judge_expr|0.5761
nfcorpus|nomicai-modernbert-embed+setmaxheaptopk|quantile|rankgpt|0.5844
nfcorpus|nomicai-modernbert-embed+setmaxheaptopk|quantile|setmaxheaptopk|0.574
nfcorpus|nomicai-modernbert-embed+setmaxheaptopk|rank|judge|0.501
nfcorpus|nomicai-modernbert-embed+setmaxheaptopk|rank|judge_expr|0.4881
nfcorpus|nomicai-modernbert-embed+setmaxheaptopk|rank|rankgpt|0.4645
nfcorpus|nomicai-modernbert-embed+setmaxheaptopk|rank|setmaxheaptopk|0.5221
nfcorpus|nomicai-modernbert-embed+setmaxheaptopk|thresholding|judge|0.5985
nfcorpus|nomicai-modernbert-embed+setmaxheaptopk|thresholding|judge_expr|0.5953
nfcorpus|nomicai-modernbert-embed+setmaxheaptopk|thresholding|rankgpt|0.0
nfcorpus|nomicai-modernbert-embed+setmaxheaptopk|thresholding|setmaxheaptopk|0.0
nfcorpus|qwen3-embed-600m|direct|judge|0.5873
nfcorpus|qwen3-embed-600m|direct|judge_expr|0.5437
nfcorpus|qwen3-embed-600m|direct|rankgpt|0.498
nfcorpus|qwen3-embed-600m|direct|setmaxheaptopk|0.5292
nfcorpus|qwen3-embed-600m|largest_gap|judge|0.5558
nfcorpus|qwen3-embed-600m|largest_gap|judge_expr|0.5769
nfcorpus|qwen3-embed-600m|largest_gap|rankgpt|0.498
nfcorpus|qwen3-embed-600m|largest_gap|setmaxheaptopk|0.5292
nfcorpus|qwen3-embed-600m|optimal_global|judge|0.5462
nfcorpus|qwen3-embed-600m|optimal_global|judge_expr|0.5026
nfcorpus|qwen3-embed-600m|optimal_global|rankgpt|0.4954
nfcorpus|qwen3-embed-600m|optimal_global|setmaxheaptopk|0.5343
nfcorpus|qwen3-embed-600m|optimal_per_topic|judge|0.2443
nfcorpus|qwen3-embed-600m|optimal_per_topic|judge_expr|0.2424
nfcorpus|qwen3-embed-600m|optimal_per_topic|rankgpt|0.2471
nfcorpus|qwen3-embed-600m|optimal_per_topic|setmaxheaptopk|0.2562
nfcorpus|qwen3-embed-600m|quantile|judge|0.616
nfcorpus|qwen3-embed-600m|quantile|judge_expr|0.5435
nfcorpus|qwen3-embed-600m|quantile|rankgpt|0.5743
nfcorpus|qwen3-embed-600m|quantile|setmaxheaptopk|0.5586
nfcorpus|qwen3-embed-600m|rank|judge|0.4664
nfcorpus|qwen3-embed-600m|rank|judge_expr|0.438
nfcorpus|qwen3-embed-600m|rank|rankgpt|0.4119
nfcorpus|qwen3-embed-600m|rank|setmaxheaptopk|0.4605
nfcorpus|qwen3-embed-600m|thresholding|judge|0.5465
nfcorpus|qwen3-embed-600m|thresholding|judge_expr|0.5367
nfcorpus|qwen3-embed-600m|thresholding|rankgpt|0.0
nfcorpus|qwen3-embed-600m|thresholding|setmaxheaptopk|0.0
nfcorpus|qwen3-embed-600m+judge|direct|judge|0.6659
nfcorpus|qwen3-embed-600m+judge|direct|judge_expr|0.6688
nfcorpus|qwen3-embed-600m+judge|direct|rankgpt|0.4107
nfcorpus|qwen3-embed-600m+judge|direct|setmaxheaptopk|0.4289
nfcorpus|qwen3-embed-600m+judge|largest_gap|judge|0.7205
nfcorpus|qwen3-embed-600m+judge|largest_gap|judge_expr|0.7057
nfcorpus|qwen3-embed-600m+judge|largest_gap|rankgpt|0.4107
nfcorpus|qwen3-embed-600m+judge|largest_gap|setmaxheaptopk|0.4289
nfcorpus|qwen3-embed-600m+judge|optimal_global|judge|0.6636
nfcorpus|qwen3-embed-600m+judge|optimal_global|judge_expr|0.6189
nfcorpus|qwen3-embed-600m+judge|optimal_global|rankgpt|0.4289
nfcorpus|qwen3-embed-600m+judge|optimal_global|setmaxheaptopk|0.4534
nfcorpus|qwen3-embed-600m+judge|optimal_per_topic|judge|0.2794
nfcorpus|qwen3-embed-600m+judge|optimal_per_topic|judge_expr|0.2456
nfcorpus|qwen3-embed-600m+judge|optimal_per_topic|rankgpt|0.2003
nfcorpus|qwen3-embed-600m+judge|optimal_per_topic|setmaxheaptopk|0.2096
nfcorpus|qwen3-embed-600m+judge|quantile|judge|0.6318
nfcorpus|qwen3-embed-600m+judge|quantile|judge_expr|0.5965
nfcorpus|qwen3-embed-600m+judge|quantile|rankgpt|0.4888
nfcorpus|qwen3-embed-600m+judge|quantile|setmaxheaptopk|0.4632
nfcorpus|qwen3-embed-600m+judge|rank|judge|0.5305
nfcorpus|qwen3-embed-600m+judge|rank|judge_expr|0.5239
nfcorpus|qwen3-embed-600m+judge|rank|rankgpt|0.3675
nfcorpus|qwen3-embed-600m+judge|rank|setmaxheaptopk|0.4005
nfcorpus|qwen3-embed-600m+judge|thresholding|judge|0.6718
nfcorpus|qwen3-embed-600m+judge|thresholding|judge_expr|0.6581
nfcorpus|qwen3-embed-600m+judge|thresholding|rankgpt|0.0
nfcorpus|qwen3-embed-600m+judge|thresholding|setmaxheaptopk|0.0
nfcorpus|qwen3-embed-600m+judge_expr|direct|judge|0.6936
nfcorpus|qwen3-embed-600m+judge_expr|direct|judge_expr|0.7073
nfcorpus|qwen3-embed-600m+judge_expr|direct|rankgpt|0.4782
nfcorpus|qwen3-embed-600m+judge_expr|direct|setmaxheaptopk|0.5097
nfcorpus|qwen3-embed-600m+judge_expr|largest_gap|judge|0.7482
nfcorpus|qwen3-embed-600m+judge_expr|largest_gap|judge_expr|0.7499
nfcorpus|qwen3-embed-600m+judge_expr|largest_gap|rankgpt|0.4782
nfcorpus|qwen3-embed-600m+judge_expr|largest_gap|setmaxheaptopk|0.5097
nfcorpus|qwen3-embed-600m+judge_expr|optimal_global|judge|0.6926
nfcorpus|qwen3-embed-600m+judge_expr|optimal_global|judge_expr|0.662
nfcorpus|qwen3-embed-600m+judge_expr|optimal_global|rankgpt|0.4979
nfcorpus|qwen3-embed-600m+judge_expr|optimal_global|setmaxheaptopk|0.5295
nfcorpus|qwen3-embed-600m+judge_expr|optimal_per_topic|judge|0.2917
nfcorpus|qwen3-embed-600m+judge_expr|optimal_per_topic|judge_expr|0.3013
nfcorpus|qwen3-embed-600m+judge_expr|optimal_per_topic|rankgpt|0.2221
nfcorpus|qwen3-embed-600m+judge_expr|optimal_per_topic|setmaxheaptopk|0.2339
nfcorpus|qwen3-embed-600m+judge_expr|quantile|judge|0.6576
nfcorpus|qwen3-embed-600m+judge_expr|quantile|judge_expr|0.6684
nfcorpus|qwen3-embed-600m+judge_expr|quantile|rankgpt|0.5277
nfcorpus|qwen3-embed-600m+judge_expr|quantile|setmaxheaptopk|0.5106
nfcorpus|qwen3-embed-600m+judge_expr|rank|judge|0.5666
nfcorpus|qwen3-embed-600m+judge_expr|rank|judge_expr|0.6334
nfcorpus|qwen3-embed-600m+judge_expr|rank|rankgpt|0.4176
nfcorpus|qwen3-embed-600m+judge_expr|rank|setmaxheaptopk|0.4562
nfcorpus|qwen3-embed-600m+judge_expr|thresholding|judge|0.6981
nfcorpus|qwen3-embed-600m+judge_expr|thresholding|judge_expr|0.6937
nfcorpus|qwen3-embed-600m+judge_expr|thresholding|rankgpt|0.0
nfcorpus|qwen3-embed-600m+judge_expr|thresholding|setmaxheaptopk|0.0
nfcorpus|qwen3-embed-600m+point|direct|judge|0.6067
nfcorpus|qwen3-embed-600m+point|direct|judge_expr|0.57
nfcorpus|qwen3-embed-600m+point|direct|rankgpt|0.4454
nfcorpus|qwen3-embed-600m+point|direct|setmaxheaptopk|0.4951
nfcorpus|qwen3-embed-600m+point|largest_gap|judge|0.5731
nfcorpus|qwen3-embed-600m+point|largest_gap|judge_expr|0.6066
nfcorpus|qwen3-embed-600m+point|largest_gap|rankgpt|0.4454
nfcorpus|qwen3-embed-600m+point|largest_gap|setmaxheaptopk|0.4951
nfcorpus|qwen3-embed-600m+point|optimal_global|judge|0.5566
nfcorpus|qwen3-embed-600m+point|optimal_global|judge_expr|0.504
nfcorpus|qwen3-embed-600m+point|optimal_global|rankgpt|0.4669
nfcorpus|qwen3-embed-600m+point|optimal_global|setmaxheaptopk|0.5451
nfcorpus|qwen3-embed-600m+point|optimal_per_topic|judge|0.2389
nfcorpus|qwen3-embed-600m+point|optimal_per_topic|judge_expr|0.2348
nfcorpus|qwen3-embed-600m+point|optimal_per_topic|rankgpt|0.2191
nfcorpus|qwen3-embed-600m+point|optimal_per_topic|setmaxheaptopk|0.2527
nfcorpus|qwen3-embed-600m+point|quantile|judge|0.6135
nfcorpus|qwen3-embed-600m+point|quantile|judge_expr|0.5549
nfcorpus|qwen3-embed-600m+point|quantile|rankgpt|0.5207
nfcorpus|qwen3-embed-600m+point|quantile|setmaxheaptopk|0.5232
nfcorpus|qwen3-embed-600m+point|rank|judge|0.4716
nfcorpus|qwen3-embed-600m+point|rank|judge_expr|0.4739
nfcorpus|qwen3-embed-600m+point|rank|rankgpt|0.4143
nfcorpus|qwen3-embed-600m+point|rank|setmaxheaptopk|0.4735
nfcorpus|qwen3-embed-600m+point|thresholding|judge|0.573
nfcorpus|qwen3-embed-600m+point|thresholding|judge_expr|0.5531
nfcorpus|qwen3-embed-600m+point|thresholding|rankgpt|0.0
nfcorpus|qwen3-embed-600m+point|thresholding|setmaxheaptopk|0.0
nfcorpus|qwen3-embed-600m+rankfirst|direct|judge|0.6656
nfcorpus|qwen3-embed-600m+rankfirst|direct|judge_expr|0.6233
nfcorpus|qwen3-embed-600m+rankfirst|direct|rankgpt|0.5619
nfcorpus|qwen3-embed-600m+rankfirst|direct|setmaxheaptopk|0.6194
nfcorpus|qwen3-embed-600m+rankfirst|largest_gap|judge|0.6373
nfcorpus|qwen3-embed-600m+rankfirst|largest_gap|judge_expr|0.663
nfcorpus|qwen3-embed-600m+rankfirst|largest_gap|rankgpt|0.5619
nfcorpus|qwen3-embed-600m+rankfirst|largest_gap|setmaxheaptopk|0.6194
nfcorpus|qwen3-embed-600m+rankfirst|optimal_global|judge|0.613
nfcorpus|qwen3-embed-600m+rankfirst|optimal_global|judge_expr|0.5702
nfcorpus|qwen3-embed-600m+rankfirst|optimal_global|rankgpt|0.5836
nfcorpus|qwen3-embed-600m+rankfirst|optimal_global|setmaxheaptopk|0.6244
nfcorpus|qwen3-embed-600m+rankfirst|optimal_per_topic|judge|0.2678
nfcorpus|qwen3-embed-600m+rankfirst|optimal_per_topic|judge_expr|0.26
nfcorpus|qwen3-embed-600m+rankfirst|optimal_per_topic|rankgpt|0.2518
nfcorpus|qwen3-embed-600m+rankfirst|optimal_per_topic|setmaxheaptopk|0.2781
nfcorpus|qwen3-embed-600m+rankfirst|quantile|judge|0.6887
nfcorpus|qwen3-embed-600m+rankfirst|quantile|judge_expr|0.6263
nfcorpus|qwen3-embed-600m+rankfirst|quantile|rankgpt|0.6179
nfcorpus|qwen3-embed-600m+rankfirst|quantile|setmaxheaptopk|0.6052
nfcorpus|qwen3-embed-600m+rankfirst|rank|judge|0.5361
nfcorpus|qwen3-embed-600m+rankfirst|rank|judge_expr|0.5235
nfcorpus|qwen3-embed-600m+rankfirst|rank|rankgpt|0.4832
nfcorpus|qwen3-embed-600m+rankfirst|rank|setmaxheaptopk|0.5365
nfcorpus|qwen3-embed-600m+rankfirst|thresholding|judge|0.6203
nfcorpus|qwen3-embed-600m+rankfirst|thresholding|judge_expr|0.6115
nfcorpus|qwen3-embed-600m+rankfirst|thresholding|rankgpt|0.0
nfcorpus|qwen3-embed-600m+rankfirst|thresholding|setmaxheaptopk|0.0
nfcorpus|qwen3-embed-600m+rankgpt|direct|judge|0.5711
nfcorpus|qwen3-embed-600m+rankgpt|direct|judge_expr|0.548
nfcorpus|qwen3-embed-600m+rankgpt|direct|rankgpt|0.5339
nfcorpus|qwen3-embed-600m+rankgpt|direct|setmaxheaptopk|0.5756
nfcorpus|qwen3-embed-600m+rankgpt|largest_gap|judge|0.5584
nfcorpus|qwen3-embed-600m+rankgpt|largest_gap|judge_expr|0.5707
nfcorpus|qwen3-embed-600m+rankgpt|largest_gap|rankgpt|0.5339
nfcorpus|qwen3-embed-600m+rankgpt|largest_gap|setmaxheaptopk|0.5756
nfcorpus|qwen3-embed-600m+rankgpt|optimal_global|judge|0.5423
nfcorpus|qwen3-embed-600m+rankgpt|optimal_global|judge_expr|0.5064
nfcorpus|qwen3-embed-600m+rankgpt|optimal_global|rankgpt|0.5235
nfcorpus|qwen3-embed-600m+rankgpt|optimal_global|setmaxheaptopk|0.5347
nfcorpus|qwen3-embed-600m+rankgpt|optimal_per_topic|judge|0.2225
nfcorpus|qwen3-embed-600m+rankgpt|optimal_per_topic|judge_expr|0.2197
nfcorpus|qwen3-embed-600m+rankgpt|optimal_per_topic|rankgpt|0.2338
nfcorpus|qwen3-embed-600m+rankgpt|optimal_per_topic|setmaxheaptopk|0.2395
nfcorpus|qwen3-embed-600m+rankgpt|quantile|judge|0.5823
nfcorpus|qwen3-embed-600m+rankgpt|quantile|judge_expr|0.53
nfcorpus|qwen3-embed-600m+rankgpt|quantile|rankgpt|0.5479
nfcorpus|qwen3-embed-600m+rankgpt|quantile|setmaxheaptopk|0.5221
nfcorpus|qwen3-embed-600m+rankgpt|rank|judge|0.4433
nfcorpus|qwen3-embed-600m+rankgpt|rank|judge_expr|0.4368
nfcorpus|qwen3-embed-600m+rankgpt|rank|rankgpt|0.4376
nfcorpus|qwen3-embed-600m+rankgpt|rank|setmaxheaptopk|0.4494
nfcorpus|qwen3-embed-600m+rankgpt|thresholding|judge|0.5421
nfcorpus|qwen3-embed-600m+rankgpt|thresholding|judge_expr|0.5352
nfcorpus|qwen3-embed-600m+rankgpt|thresholding|rankgpt|0.0
nfcorpus|qwen3-embed-600m+rankgpt|thresholding|setmaxheaptopk|0.0
nfcorpus|qwen3-embed-600m+rankzephyr|direct|judge|0.5687
nfcorpus|qwen3-embed-600m+rankzephyr|direct|judge_expr|0.5243
nfcorpus|qwen3-embed-600m+rankzephyr|direct|rankgpt|0.4787
nfcorpus|qwen3-embed-600m+rankzephyr|largest_gap|judge|0.5373
nfcorpus|qwen3-embed-600m+rankzephyr|largest_gap|judge_expr|0.5576
nfcorpus|qwen3-embed-600m+rankzephyr|largest_gap|rankgpt|0.4787
nfcorpus|qwen3-embed-600m+rankzephyr|optimal_global|judge|0.5285
nfcorpus|qwen3-embed-600m+rankzephyr|optimal_global|judge_expr|0.4849
nfcorpus|qwen3-embed-600m+rankzephyr|optimal_global|rankgpt|0.4784
nfcorpus|qwen3-embed-600m+rankzephyr|optimal_per_topic|judge|0.2374
nfcorpus|qwen3-embed-600m+rankzephyr|optimal_per_topic|judge_expr|0.2356
nfcorpus|qwen3-embed-600m+rankzephyr|optimal_per_topic|rankgpt|0.242
nfcorpus|qwen3-embed-600m+rankzephyr|quantile|judge|0.5975
nfcorpus|qwen3-embed-600m+rankzephyr|quantile|judge_expr|0.5241
nfcorpus|qwen3-embed-600m+rankzephyr|quantile|rankgpt|0.5541
nfcorpus|qwen3-embed-600m+rankzephyr|rank|judge|0.4476
nfcorpus|qwen3-embed-600m+rankzephyr|rank|judge_expr|0.4203
nfcorpus|qwen3-embed-600m+rankzephyr|rank|rankgpt|0.3968
nfcorpus|qwen3-embed-600m+rankzephyr|thresholding|judge|0.5287
nfcorpus|qwen3-embed-600m+rankzephyr|thresholding|judge_expr|0.5197
nfcorpus|qwen3-embed-600m+rankzephyr|thresholding|rankgpt|0.0
nfcorpus|qwen3-embed-600m+setmaxheaptopk|direct|judge|0.6308
nfcorpus|qwen3-embed-600m+setmaxheaptopk|direct|judge_expr|0.6067
nfcorpus|qwen3-embed-600m+setmaxheaptopk|direct|rankgpt|0.5665
nfcorpus|qwen3-embed-600m+setmaxheaptopk|direct|setmaxheaptopk|0.628
nfcorpus|qwen3-embed-600m+setmaxheaptopk|largest_gap|judge|0.626
nfcorpus|qwen3-embed-600m+setmaxheaptopk|largest_gap|judge_expr|0.6453
nfcorpus|qwen3-embed-600m+setmaxheaptopk|largest_gap|rankgpt|0.5665
nfcorpus|qwen3-embed-600m+setmaxheaptopk|largest_gap|setmaxheaptopk|0.628
nfcorpus|qwen3-embed-600m+setmaxheaptopk|optimal_global|judge|0.6019
nfcorpus|qwen3-embed-600m+setmaxheaptopk|optimal_global|judge_expr|0.5664
nfcorpus|qwen3-embed-600m+setmaxheaptopk|optimal_global|rankgpt|0.5631
nfcorpus|qwen3-embed-600m+setmaxheaptopk|optimal_global|setmaxheaptopk|0.6305
nfcorpus|qwen3-embed-600m+setmaxheaptopk|optimal_per_topic|judge|0.2586
nfcorpus|qwen3-embed-600m+setmaxheaptopk|optimal_per_topic|judge_expr|0.2576
nfcorpus|qwen3-embed-600m+setmaxheaptopk|optimal_per_topic|rankgpt|0.2579
nfcorpus|qwen3-embed-600m+setmaxheaptopk|optimal_per_topic|setmaxheaptopk|0.2768
nfcorpus|qwen3-embed-600m+setmaxheaptopk|quantile|judge|0.6308
nfcorpus|qwen3-embed-600m+setmaxheaptopk|quantile|judge_expr|0.5762
nfcorpus|qwen3-embed-600m+setmaxheaptopk|quantile|rankgpt|0.5764
nfcorpus|qwen3-embed-600m+setmaxheaptopk|quantile|setmaxheaptopk|0.5845
nfcorpus|qwen3-embed-600m+setmaxheaptopk|rank|judge|0.5098
nfcorpus|qwen3-embed-600m+setmaxheaptopk|rank|judge_expr|0.4979
nfcorpus|qwen3-embed-600m+setmaxheaptopk|rank|rankgpt|0.4648
nfcorpus|qwen3-embed-600m+setmaxheaptopk|rank|setmaxheaptopk|0.5323
nfcorpus|qwen3-embed-600m+setmaxheaptopk|thresholding|judge|0.6003
nfcorpus|qwen3-embed-600m+setmaxheaptopk|thresholding|judge_expr|0.5989
nfcorpus|qwen3-embed-600m+setmaxheaptopk|thresholding|rankgpt|0.0
nfcorpus|qwen3-embed-600m+setmaxheaptopk|thresholding|setmaxheaptopk|0.0
nfcorpus|splade-v3|direct|judge|0.7006
nfcorpus|splade-v3|direct|judge_expr|0.6293
nfcorpus|splade-v3|direct|rankgpt|0.5593
nfcorpus|splade-v3|direct|setmaxheaptopk|0.6135
nfcorpus|splade-v3|largest_gap|judge|0.644
nfcorpus|splade-v3|largest_gap|judge_expr|0.6768
nfcorpus|splade-v3|largest_gap|rankgpt|0.5593
nfcorpus|splade-v3|largest_gap|setmaxheaptopk|0.6135
nfcorpus|splade-v3|optimal_global|judge|0.6125
nfcorpus|splade-v3|optimal_global|judge_expr|0.5607
nfcorpus|splade-v3|optimal_global|rankgpt|0.5615
nfcorpus|splade-v3|optimal_global|setmaxheaptopk|0.6485
nfcorpus|splade-v3|optimal_per_topic|judge|0.2622
nfcorpus|splade-v3|optimal_per_topic|judge_expr|0.2554
nfcorpus|splade-v3|optimal_per_topic|rankgpt|0.259
nfcorpus|splade-v3|optimal_per_topic|setmaxheaptopk|0.275
nfcorpus|splade-v3|quantile|judge|0.7545
nfcorpus|splade-v3|quantile|judge_expr|0.6514
nfcorpus|splade-v3|quantile|rankgpt|0.6747
nfcorpus|splade-v3|quantile|setmaxheaptopk|0.6767
nfcorpus|splade-v3|rank|judge|0.5841
nfcorpus|splade-v3|rank|judge_expr|0.55
nfcorpus|splade-v3|rank|rankgpt|0.5079
nfcorpus|splade-v3|rank|setmaxheaptopk|0.5841
nfcorpus|splade-v3|thresholding|judge|0.6257
nfcorpus|splade-v3|thresholding|judge_expr|0.6117
nfcorpus|splade-v3|thresholding|rankgpt|0.0
nfcorpus|splade-v3|thresholding|setmaxheaptopk|0.0
nfcorpus|splade-v3+judge|direct|judge|0.7581
nfcorpus|splade-v3+judge|direct|judge_expr|0.7408
nfcorpus|splade-v3+judge|direct|rankgpt|0.4461
nfcorpus|splade-v3+judge|direct|setmaxheaptopk|0.4691
nfcorpus|splade-v3+judge|largest_gap|judge|0.8028
nfcorpus|splade-v3+judge|largest_gap|judge_expr|0.7824
nfcorpus|splade-v3+judge|largest_gap|rankgpt|0.4461
nfcorpus|splade-v3+judge|largest_gap|setmaxheaptopk|0.4691
nfcorpus|splade-v3+judge|optimal_global|judge|0.7299
nfcorpus|splade-v3+judge|optimal_global|judge_expr|0.6614
nfcorpus|splade-v3+judge|optimal_global|rankgpt|0.4674
nfcorpus|splade-v3+judge|optimal_global|setmaxheaptopk|0.5016
nfcorpus|splade-v3+judge|optimal_per_topic|judge|0.2979
nfcorpus|splade-v3+judge|optimal_per_topic|judge_expr|0.2549
nfcorpus|splade-v3+judge|optimal_per_topic|rankgpt|0.2039
nfcorpus|splade-v3+judge|optimal_per_topic|setmaxheaptopk|0.2123
nfcorpus|splade-v3+judge|quantile|judge|0.7284
nfcorpus|splade-v3+judge|quantile|judge_expr|0.675
nfcorpus|splade-v3+judge|quantile|rankgpt|0.538
nfcorpus|splade-v3+judge|quantile|setmaxheaptopk|0.5174
nfcorpus|splade-v3+judge|rank|judge|0.6103
nfcorpus|splade-v3+judge|rank|judge_expr|0.5996
nfcorpus|splade-v3+judge|rank|rankgpt|0.4159
nfcorpus|splade-v3+judge|rank|setmaxheaptopk|0.452
nfcorpus|splade-v3+judge|thresholding|judge|0.7449
nfcorpus|splade-v3+judge|thresholding|judge_expr|0.7211
nfcorpus|splade-v3+judge|thresholding|rankgpt|0.0
nfcorpus|splade-v3+judge|thresholding|setmaxheaptopk|0.0
nfcorpus|splade-v3+judge_expr|direct|judge|0.7837
nfcorpus|splade-v3+judge_expr|direct|judge_expr|0.7766
nfcorpus|splade-v3+judge_expr|direct|rankgpt|0.5166
nfcorpus|splade-v3+judge_expr|direct|setmaxheaptopk|0.5506
nfcorpus|splade-v3+judge_expr|largest_gap|judge|0.826
nfcorpus|splade-v3+judge_expr|largest_gap|judge_expr|0.839
nfcorpus|splade-v3+judge_expr|largest_gap|rankgpt|0.5166
nfcorpus|splade-v3+judge_expr|largest_gap|setmaxheaptopk|0.5506
nfcorpus|splade-v3+judge_expr|optimal_global|judge|0.7477
nfcorpus|splade-v3+judge_expr|optimal_global|judge_expr|0.6952
nfcorpus|splade-v3+judge_expr|optimal_global|rankgpt|0.5335
nfcorpus|splade-v3+judge_expr|optimal_global|setmaxheaptopk|0.5742
nfcorpus|splade-v3+judge_expr|optimal_per_topic|judge|0.3056
nfcorpus|splade-v3+judge_expr|optimal_per_topic|judge_expr|0.3141
nfcorpus|splade-v3+judge_expr|optimal_per_topic|rankgpt|0.2289
nfcorpus|splade-v3+judge_expr|optimal_per_topic|setmaxheaptopk|0.2417
nfcorpus|splade-v3+judge_expr|quantile|judge|0.7567
nfcorpus|splade-v3+judge_expr|quantile|judge_expr|0.7665
nfcorpus|splade-v3+judge_expr|quantile|rankgpt|0.5866
nfcorpus|splade-v3+judge_expr|quantile|setmaxheaptopk|0.5689
nfcorpus|splade-v3+judge_expr|rank|judge|0.6466
nfcorpus|splade-v3+judge_expr|rank|judge_expr|0.7347
nfcorpus|splade-v3+judge_expr|rank|rankgpt|0.4679
nfcorpus|splade-v3+judge_expr|rank|setmaxheaptopk|0.5132
nfcorpus|splade-v3+judge_expr|thresholding|judge|0.7639
nfcorpus|splade-v3+judge_expr|thresholding|judge_expr|0.7459
nfcorpus|splade-v3+judge_expr|thresholding|rankgpt|0.0
nfcorpus|splade-v3+judge_expr|thresholding|setmaxheaptopk|0.0
nfcorpus|splade-v3+point|direct|judge|0.6668
nfcorpus|splade-v3+point|direct|judge_expr|0.6006
nfcorpus|splade-v3+point|direct|rankgpt|0.4821
nfcorpus|splade-v3+point|direct|setmaxheaptopk|0.5374
nfcorpus|splade-v3+point|largest_gap|judge|0.6073
nfcorpus|splade-v3+point|largest_gap|judge_expr|0.6473
nfcorpus|splade-v3+point|largest_gap|rankgpt|0.4821
nfcorpus|splade-v3+point|largest_gap|setmaxheaptopk|0.5374
nfcorpus|splade-v3+point|optimal_global|judge|0.5758
nfcorpus|splade-v3+point|optimal_global|judge_expr|0.512
nfcorpus|splade-v3+point|optimal_global|rankgpt|0.503
nfcorpus|splade-v3+point|optimal_global|setmaxheaptopk|0.5932
nfcorpus|splade-v3+point|optimal_per_topic|judge|0.2447
nfcorpus|splade-v3+point|optimal_per_topic|judge_expr|0.2356
nfcorpus|splade-v3+point|optimal_per_topic|rankgpt|0.2281
nfcorpus|splade-v3+point|optimal_per_topic|setmaxheaptopk|0.2615
nfcorpus|splade-v3+point|quantile|judge|0.6859
nfcorpus|splade-v3+point|quantile|judge_expr|0.6088
nfcorpus|splade-v3+point|quantile|rankgpt|0.561
nfcorpus|splade-v3+point|quantile|setmaxheaptopk|0.5821
nfcorpus|splade-v3+point|rank|judge|0.5263
nfcorpus|splade-v3+point|rank|judge_expr|0.5302
nfcorpus|splade-v3+point|rank|rankgpt|0.473
nfcorpus|splade-v3+point|rank|setmaxheaptopk|0.5369
nfcorpus|splade-v3+point|thresholding|judge|0.6044
nfcorpus|splade-v3+point|thresholding|judge_expr|0.5762
nfcorpus|splade-v3+point|thresholding|rankgpt|0.0
nfcorpus|splade-v3+point|thresholding|setmaxheaptopk|0.0
nfcorpus|splade-v3+rankfirst|direct|judge|0.7182
nfcorpus|splade-v3+rankfirst|direct|judge_expr|0.6551
nfcorpus|splade-v3+rankfirst|direct|rankgpt|0.6136
nfcorpus|splade-v3+rankfirst|direct|setmaxheaptopk|0.6676
nfcorpus|splade-v3+rankfirst|largest_gap|judge|0.6763
nfcorpus|splade-v3+rankfirst|largest_gap|judge_expr|0.6961
nfcorpus|splade-v3+rankfirst|largest_gap|rankgpt|0.6136
nfcorpus|splade-v3+rankfirst|largest_gap|setmaxheaptopk|0.6676
nfcorpus|splade-v3+rankfirst|optimal_global|judge|0.6334
nfcorpus|splade-v3+rankfirst|optimal_global|judge_expr|0.5883
nfcorpus|splade-v3+rankfirst|optimal_global|rankgpt|0.6243
nfcorpus|splade-v3+rankfirst|optimal_global|setmaxheaptopk|0.6795
nfcorpus|splade-v3+rankfirst|optimal_per_topic|judge|0.2729
nfcorpus|splade-v3+rankfirst|optimal_per_topic|judge_expr|0.2656
nfcorpus|splade-v3+rankfirst|optimal_per_topic|rankgpt|0.2689
nfcorpus|splade-v3+rankfirst|optimal_per_topic|setmaxheaptopk|0.2879
nfcorpus|splade-v3+rankfirst|quantile|judge|0.755
nfcorpus|splade-v3+rankfirst|quantile|judge_expr|0.6747
nfcorpus|splade-v3+rankfirst|quantile|rankgpt|0.672
nfcorpus|splade-v3+rankfirst|quantile|setmaxheaptopk|0.6701
nfcorpus|splade-v3+rankfirst|rank|judge|0.5918
nfcorpus|splade-v3+rankfirst|rank|judge_expr|0.576
nfcorpus|splade-v3+rankfirst|rank|rankgpt|0.5323
nfcorpus|splade-v3+rankfirst|rank|setmaxheaptopk|0.6001
nfcorpus|splade-v3+rankfirst|thresholding|judge|0.6491
nfcorpus|splade-v3+rankfirst|thresholding|judge_expr|0.636
nfcorpus|splade-v3+rankfirst|thresholding|rankgpt|0.0
nfcorpus|splade-v3+rankfirst|thresholding|setmaxheaptopk|0.0
nfcorpus|splade-v3+rankgpt|direct|judge|0.644
nfcorpus|splade-v3+rankgpt|direct|judge_expr|0.5989
nfcorpus|splade-v3+rankgpt|direct|rankgpt|0.5818
nfcorpus|splade-v3+rankgpt|direct|setmaxheaptopk|0.5946
nfcorpus|splade-v3+rankgpt|largest_gap|judge|0.6233
nfcorpus|splade-v3+rankgpt|largest_gap|judge_expr|0.6448
nfcorpus|splade-v3+rankgpt|largest_gap|rankgpt|0.5818
nfcorpus|splade-v3+rankgpt|largest_gap|setmaxheaptopk|0.5946
nfcorpus|splade-v3+rankgpt|optimal_global|judge|0.5871
nfcorpus|splade-v3+rankgpt|optimal_global|judge_expr|0.5325
nfcorpus|splade-v3+rankgpt|optimal_global|rankgpt|0.5831
nfcorpus|splade-v3+rankgpt|optimal_global|setmaxheaptopk|0.5883
nfcorpus|splade-v3+rankgpt|optimal_per_topic|judge|0.2426
nfcorpus|splade-v3+rankgpt|optimal_per_topic|judge_expr|0.2417
nfcorpus|splade-v3+rankgpt|optimal_per_topic|rankgpt|0.2524
nfcorpus|splade-v3+rankgpt|optimal_per_topic|setmaxheaptopk|0.2534
nfcorpus|splade-v3+rankgpt|quantile|judge|0.6747
nfcorpus|splade-v3+rankgpt|quantile|judge_expr|0.6041
nfcorpus|splade-v3+rankgpt|quantile|rankgpt|0.6187
nfcorpus|splade-v3+rankgpt|quantile|setmaxheaptopk|0.5926
nfcorpus|splade-v3+rankgpt|rank|judge|0.5089
nfcorpus|splade-v3+rankgpt|rank|judge_expr|0.4963
nfcorpus|splade-v3+rankgpt|rank|rankgpt|0.5022
nfcorpus|splade-v3+rankgpt|rank|setmaxheaptopk|0.5137
nfcorpus|splade-v3+rankgpt|thresholding|judge|0.5946
nfcorpus|splade-v3+rankgpt|thresholding|judge_expr|0.5813
nfcorpus|splade-v3+rankgpt|thresholding|rankgpt|0.0
nfcorpus|splade-v3+rankgpt|thresholding|setmaxheaptopk|0.0
nfcorpus|splade-v3+rankzephyr|direct|judge|0.6831
nfcorpus|splade-v3+rankzephyr|direct|judge_expr|0.6123
nfcorpus|splade-v3+rankzephyr|direct|rankgpt|0.5522
nfcorpus|splade-v3+rankzephyr|largest_gap|judge|0.6285
nfcorpus|splade-v3+rankzephyr|largest_gap|judge_expr|0.6608
nfcorpus|splade-v3+rankzephyr|largest_gap|rankgpt|0.5522
nfcorpus|splade-v3+rankzephyr|optimal_global|judge|0.597
nfcorpus|splade-v3+rankzephyr|optimal_global|judge_expr|0.544
nfcorpus|splade-v3+rankzephyr|optimal_global|rankgpt|0.5481
nfcorpus|splade-v3+rankzephyr|optimal_per_topic|judge|0.2537
nfcorpus|splade-v3+rankzephyr|optimal_per_topic|judge_expr|0.2446
nfcorpus|splade-v3+rankzephyr|optimal_per_topic|rankgpt|0.2538
nfcorpus|splade-v3+rankzephyr|quantile|judge|0.7397
nfcorpus|splade-v3+rankzephyr|quantile|judge_expr|0.6347
nfcorpus|splade-v3+rankzephyr|quantile|rankgpt|0.6589
nfcorpus|splade-v3+rankzephyr|rank|judge|0.567
nfcorpus|splade-v3+rankzephyr|rank|judge_expr|0.5339
nfcorpus|splade-v3+rankzephyr|rank|rankgpt|0.4986
nfcorpus|splade-v3+rankzephyr|thresholding|judge|0.6084
nfcorpus|splade-v3+rankzephyr|thresholding|judge_expr|0.5963
nfcorpus|splade-v3+rankzephyr|thresholding|rankgpt|0.0
nfcorpus|splade-v3+setmaxheaptopk|direct|judge|0.6905
nfcorpus|splade-v3+setmaxheaptopk|direct|judge_expr|0.6417
nfcorpus|splade-v3+setmaxheaptopk|direct|rankgpt|0.6129
nfcorpus|splade-v3+setmaxheaptopk|direct|setmaxheaptopk|0.6921
nfcorpus|splade-v3+setmaxheaptopk|largest_gap|judge|0.6695
nfcorpus|splade-v3+setmaxheaptopk|largest_gap|judge_expr|0.6866
nfcorpus|splade-v3+setmaxheaptopk|largest_gap|rankgpt|0.6129
nfcorpus|splade-v3+setmaxheaptopk|largest_gap|setmaxheaptopk|0.6921
nfcorpus|splade-v3+setmaxheaptopk|optimal_global|judge|0.6302
nfcorpus|splade-v3+setmaxheaptopk|optimal_global|judge_expr|0.5827
nfcorpus|splade-v3+setmaxheaptopk|optimal_global|rankgpt|0.605
nfcorpus|splade-v3+setmaxheaptopk|optimal_global|setmaxheaptopk|0.7073
nfcorpus|splade-v3+setmaxheaptopk|optimal_per_topic|judge|0.2718
nfcorpus|splade-v3+setmaxheaptopk|optimal_per_topic|judge_expr|0.2671
nfcorpus|splade-v3+setmaxheaptopk|optimal_per_topic|rankgpt|0.2747
nfcorpus|splade-v3+setmaxheaptopk|optimal_per_topic|setmaxheaptopk|0.2939
nfcorpus|splade-v3+setmaxheaptopk|quantile|judge|0.7002
nfcorpus|splade-v3+setmaxheaptopk|quantile|judge_expr|0.6303
nfcorpus|splade-v3+setmaxheaptopk|quantile|rankgpt|0.6296
nfcorpus|splade-v3+setmaxheaptopk|quantile|setmaxheaptopk|0.6513
nfcorpus|splade-v3+setmaxheaptopk|rank|judge|0.5697
nfcorpus|splade-v3+setmaxheaptopk|rank|judge_expr|0.5599
nfcorpus|splade-v3+setmaxheaptopk|rank|rankgpt|0.5213
nfcorpus|splade-v3+setmaxheaptopk|rank|setmaxheaptopk|0.6078
nfcorpus|splade-v3+setmaxheaptopk|thresholding|judge|0.6441
nfcorpus|splade-v3+setmaxheaptopk|thresholding|judge_expr|0.6287
nfcorpus|splade-v3+setmaxheaptopk|thresholding|rankgpt|0.0
nfcorpus|splade-v3+setmaxheaptopk|thresholding|setmaxheaptopk|0.0
scidocs|bm25|direct|judge|0.6092
scidocs|bm25|direct|judge_expr|0.4754
scidocs|bm25|direct|rankgpt|0.555
scidocs|bm25|direct|setmaxheaptopk|0.5156
scidocs|bm25|largest_gap|judge|0.4361
scidocs|bm25|largest_gap|judge_expr|0.4816
scidocs|bm25|largest_gap|rankgpt|0.555
scidocs|bm25|largest_gap|setmaxheaptopk|0.5156
scidocs|bm25|optimal_global|judge|0.3685
scidocs|bm25|optimal_global|judge_expr|0.0006
scidocs|bm25|optimal_global|rankgpt|0.555
scidocs|bm25|optimal_global|setmaxheaptopk|0.5156
scidocs|bm25|optimal_per_topic|judge|0.0
scidocs|bm25|optimal_per_topic|judge_expr|0.0
scidocs|bm25|optimal_per_topic|rankgpt|0.0
scidocs|bm25|optimal_per_topic|setmaxheaptopk|0.0
scidocs|bm25|quantile|judge|0.7453
scidocs|bm25|quantile|judge_expr|0.5894
scidocs|bm25|quantile|rankgpt|0.9996
scidocs|bm25|quantile|setmaxheaptopk|0.6753
scidocs|bm25|rank|judge|0.496
scidocs|bm25|rank|judge_expr|0.3611
scidocs|bm25|rank|rankgpt|0.4489
scidocs|bm25|rank|setmaxheaptopk|0.4574
scidocs|bm25|thresholding|judge|0.4736
scidocs|bm25|thresholding|judge_expr|0.4546
scidocs|bm25|thresholding|rankgpt|0.0
scidocs|bm25|thresholding|setmaxheaptopk|0.0
scidocs|bm25+judge|direct|judge|0.999
scidocs|bm25+judge|direct|judge_expr|0.9373
scidocs|bm25+judge|direct|rankgpt|0.3381
scidocs|bm25+judge|direct|setmaxheaptopk|0.345
scidocs|bm25+judge|largest_gap|judge|0.999
scidocs|bm25+judge|largest_gap|judge_expr|0.9692
scidocs|bm25+judge|largest_gap|rankgpt|0.3381
scidocs|bm25+judge|largest_gap|setmaxheaptopk|0.345
scidocs|bm25+judge|optimal_global|judge|0.823
scidocs|bm25+judge|optimal_global|judge_expr|0.0004
scidocs|bm25+judge|optimal_global|rankgpt|0.3381
scidocs|bm25+judge|optimal_global|setmaxheaptopk|0.345
scidocs|bm25+judge|optimal_per_topic|judge|0.0
scidocs|bm25+judge|optimal_per_topic|judge_expr|0.0
scidocs|bm25+judge|optimal_per_topic|rankgpt|0.0
scidocs|bm25+judge|optimal_per_topic|setmaxheaptopk|0.0
scidocs|bm25+judge|quantile|judge|1.0
scidocs|bm25+judge|quantile|judge_expr|0.9491
scidocs|bm25+judge|quantile|rankgpt|0.6133
scidocs|bm25+judge|quantile|setmaxheaptopk|0.6088
scidocs|bm25+judge|rank|judge|0.7663
scidocs|bm25+judge|rank|judge_expr|0.754
scidocs|bm25+judge|rank|rankgpt|0.3775
scidocs|bm25+judge|rank|setmaxheaptopk|0.4024
scidocs|bm25+judge|thresholding|judge|0.942
scidocs|bm25+judge|thresholding|judge_expr|0.9175
scidocs|bm25+judge|thresholding|rankgpt|0.0
scidocs|bm25+judge|thresholding|setmaxheaptopk|0.0
scidocs|bm25+judge_expr|direct|judge|0.9893
scidocs|bm25+judge_expr|direct|judge_expr|0.975
scidocs|bm25+judge_expr|direct|rankgpt|0.443
scidocs|bm25+judge_expr|direct|setmaxheaptopk|0.4548
scidocs|bm25+judge_expr|largest_gap|judge|0.9902
scidocs|bm25+judge_expr|largest_gap|judge_expr|1.0
scidocs|bm25+judge_expr|largest_gap|rankgpt|0.443
scidocs|bm25+judge_expr|largest_gap|setmaxheaptopk|0.4548
scidocs|bm25+judge_expr|optimal_global|judge|0.8216
scidocs|bm25+judge_expr|optimal_global|judge_expr|0.001
scidocs|bm25+judge_expr|optimal_global|rankgpt|0.443
scidocs|bm25+judge_expr|optimal_global|setmaxheaptopk|0.4548
scidocs|bm25+judge_expr|optimal_per_topic|judge|0.0
scidocs|bm25+judge_expr|optimal_per_topic|judge_expr|0.0
scidocs|bm25+judge_expr|optimal_per_topic|rankgpt|0.0
scidocs|bm25+judge_expr|optimal_per_topic|setmaxheaptopk|0.0
scidocs|bm25+judge_expr|quantile|judge|0.9989
scidocs|bm25+judge_expr|quantile|judge_expr|1.0
scidocs|bm25+judge_expr|quantile|rankgpt|0.6658
scidocs|bm25+judge_expr|quantile|setmaxheaptopk|0.6628
scidocs|bm25+judge_expr|rank|judge|0.7808
scidocs|bm25+judge_expr|rank|judge_expr|0.9998
scidocs|bm25+judge_expr|rank|rankgpt|0.4329
scidocs|bm25+judge_expr|rank|setmaxheaptopk|0.4639
scidocs|bm25+judge_expr|thresholding|judge|0.9411
scidocs|bm25+judge_expr|thresholding|judge_expr|0.925
scidocs|bm25+judge_expr|thresholding|rankgpt|0.0
scidocs|bm25+judge_expr|thresholding|setmaxheaptopk|0.0
scidocs|bm25+point|direct|judge|0.7242
scidocs|bm25+point|direct|judge_expr|0.593
scidocs|bm25+point|direct|rankgpt|0.4226
scidocs|bm25+point|direct|setmaxheaptopk|0.4561
scidocs|bm25+point|largest_gap|judge|0.529
scidocs|bm25+point|largest_gap|judge_expr|0.5979
scidocs|bm25+point|largest_gap|rankgpt|0.4226
scidocs|bm25+point|largest_gap|setmaxheaptopk|0.4561
scidocs|bm25+point|optimal_global|judge|0.4361
scidocs|bm25+point|optimal_global|judge_expr|0.0004
scidocs|bm25+point|optimal_global|rankgpt|0.4226
scidocs|bm25+point|optimal_global|setmaxheaptopk|0.4561
scidocs|bm25+point|optimal_per_topic|judge|0.0
scidocs|bm25+point|optimal_per_topic|judge_expr|0.0
scidocs|bm25+point|optimal_per_topic|rankgpt|0.0
scidocs|bm25+point|optimal_per_topic|setmaxheaptopk|0.0
scidocs|bm25+point|quantile|judge|0.8604
scidocs|bm25+point|quantile|judge_expr|0.7245
scidocs|bm25+point|quantile|rankgpt|0.6573
scidocs|bm25+point|quantile|setmaxheaptopk|0.6678
scidocs|bm25+point|rank|judge|0.4671
scidocs|bm25+point|rank|judge_expr|0.4589
scidocs|bm25+point|rank|rankgpt|0.4223
scidocs|bm25+point|rank|setmaxheaptopk|0.4736
scidocs|bm25+point|thresholding|judge|0.5925
scidocs|bm25+point|thresholding|judge_expr|0.5586
scidocs|bm25+point|thresholding|rankgpt|0.0
scidocs|bm25+point|thresholding|setmaxheaptopk|0.0
scidocs|bm25+rankfirst|direct|judge|0.7476
scidocs|bm25+rankfirst|direct|judge_expr|0.6335
scidocs|bm25+rankfirst|direct|rankgpt|0.6619
scidocs|bm25+rankfirst|direct|setmaxheaptopk|0.674
scidocs|bm25+rankfirst|largest_gap|judge|0.5908
scidocs|bm25+rankfirst|largest_gap|judge_expr|0.6429
scidocs|bm25+rankfirst|largest_gap|rankgpt|0.6619
scidocs|bm25+rankfirst|largest_gap|setmaxheaptopk|0.674
scidocs|bm25+rankfirst|optimal_global|judge|0.4915
scidocs|bm25+rankfirst|optimal_global|judge_expr|0.0005
scidocs|bm25+rankfirst|optimal_global|rankgpt|0.6619
scidocs|bm25+rankfirst|optimal_global|setmaxheaptopk|0.674
scidocs|bm25+rankfirst|optimal_per_topic|judge|0.0
scidocs|bm25+rankfirst|optimal_per_topic|judge_expr|0.0
scidocs|bm25+rankfirst|optimal_per_topic|rankgpt|0.0
scidocs|bm25+rankfirst|optimal_per_topic|setmaxheaptopk|0.0
scidocs|bm25+rankfirst|quantile|judge|0.873
scidocs|bm25+rankfirst|quantile|judge_expr|0.7571
scidocs|bm25+rankfirst|quantile|rankgpt|0.8386
scidocs|bm25+rankfirst|quantile|setmaxheaptopk|0.7752
scidocs|bm25+rankfirst|rank|judge|0.5553
scidocs|bm25+rankfirst|rank|judge_expr|0.5068
scidocs|bm25+rankfirst|rank|rankgpt|0.5552
scidocs|bm25+rankfirst|rank|setmaxheaptopk|0.5894
scidocs|bm25+rankfirst|thresholding|judge|0.6297
scidocs|bm25+rankfirst|thresholding|judge_expr|0.6032
scidocs|bm25+rankfirst|thresholding|rankgpt|0.0
scidocs|bm25+rankfirst|thresholding|setmaxheaptopk|0.0
scidocs|bm25+rankgpt|direct|judge|0.7026
scidocs|bm25+rankgpt|direct|judge_expr|0.5817
scidocs|bm25+rankgpt|direct|rankgpt|1.0
scidocs|bm25+rankgpt|direct|setmaxheaptopk|0.6681
scidocs|bm25+rankgpt|largest_gap|judge|0.538
scidocs|bm25+rankgpt|largest_gap|judge_expr|0.5935
scidocs|bm25+rankgpt|largest_gap|rankgpt|1.0
scidocs|bm25+rankgpt|largest_gap|setmaxheaptopk|0.6681
scidocs|bm25+rankgpt|optimal_global|judge|0.454
scidocs|bm25+rankgpt|optimal_global|judge_expr|0.0004
scidocs|bm25+rankgpt|optimal_global|rankgpt|1.0
scidocs|bm25+rankgpt|optimal_global|setmaxheaptopk|0.6681
scidocs|bm25+rankgpt|optimal_per_topic|judge|0.0
scidocs|bm25+rankgpt|optimal_per_topic|judge_expr|0.0
scidocs|bm25+rankgpt|optimal_per_topic|rankgpt|0.0
scidocs|bm25+rankgpt|optimal_per_topic|setmaxheaptopk|0.0
scidocs|bm25+rankgpt|quantile|judge|0.8373
scidocs|bm25+rankgpt|quantile|judge_expr|0.701
scidocs|bm25+rankgpt|quantile|rankgpt|1.0
scidocs|bm25+rankgpt|quantile|setmaxheaptopk|0.7155
scidocs|bm25+rankgpt|rank|judge|0.4905
scidocs|bm25+rankgpt|rank|judge_expr|0.4529
scidocs|bm25+rankgpt|rank|rankgpt|1.0
scidocs|bm25+rankgpt|rank|setmaxheaptopk|0.5208
scidocs|bm25+rankgpt|thresholding|judge|0.5806
scidocs|bm25+rankgpt|thresholding|judge_expr|0.5574
scidocs|bm25+rankgpt|thresholding|rankgpt|0.0
scidocs|bm25+rankgpt|thresholding|setmaxheaptopk|0.0
scidocs|bm25+rankzephyr|direct|judge|0.598
scidocs|bm25+rankzephyr|direct|judge_expr|0.4608
scidocs|bm25+rankzephyr|direct|rankgpt|0.5285
scidocs|bm25+rankzephyr|largest_gap|judge|0.4226
scidocs|bm25+rankzephyr|largest_gap|judge_expr|0.4687
scidocs|bm25+rankzephyr|largest_gap|rankgpt|0.5285
scidocs|bm25+rankzephyr|optimal_global|judge|0.3557
scidocs|bm25+rankzephyr|optimal_global|judge_expr|0.0
scidocs|bm25+rankzephyr|optimal_global|rankgpt|0.5285
scidocs|bm25+rankzephyr|optimal_per_topic|judge|0.0
scidocs|bm25+rankzephyr|optimal_per_topic|judge_expr|0.0
scidocs|bm25+rankzephyr|optimal_per_topic|rankgpt|0.0
scidocs|bm25+rankzephyr|quantile|judge|0.7349
scidocs|bm25+rankzephyr|quantile|judge_expr|0.5767
scidocs|bm25+rankzephyr|quantile|rankgpt|0.9661
scidocs|bm25+rankzephyr|rank|judge|0.4734
scidocs|bm25+rankzephyr|rank|judge_expr|0.3474
scidocs|bm25+rankzephyr|rank|rankgpt|0.4383
scidocs|bm25+rankzephyr|thresholding|judge|0.4601
scidocs|bm25+rankzephyr|thresholding|judge_expr|0.4415
scidocs|bm25+rankzephyr|thresholding|rankgpt|0.0
scidocs|bm25+setmaxheaptopk|direct|judge|0.7226
scidocs|bm25+setmaxheaptopk|direct|judge_expr|0.615
scidocs|bm25+setmaxheaptopk|direct|rankgpt|0.6751
scidocs|bm25+setmaxheaptopk|direct|setmaxheaptopk|1.0
scidocs|bm25+setmaxheaptopk|largest_gap|judge|0.5766
scidocs|bm25+setmaxheaptopk|largest_gap|judge_expr|0.627
scidocs|bm25+setmaxheaptopk|largest_gap|rankgpt|0.6751
scidocs|bm25+setmaxheaptopk|largest_gap|setmaxheaptopk|1.0
scidocs|bm25+setmaxheaptopk|optimal_global|judge|0.4832
scidocs|bm25+setmaxheaptopk|optimal_global|judge_expr|0.0006
scidocs|bm25+setmaxheaptopk|optimal_global|rankgpt|0.6751
scidocs|bm25+setmaxheaptopk|optimal_global|setmaxheaptopk|1.0
scidocs|bm25+setmaxheaptopk|optimal_per_topic|judge|0.0
scidocs|bm25+setmaxheaptopk|optimal_per_topic|judge_expr|0.0
scidocs|bm25+setmaxheaptopk|optimal_per_topic|rankgpt|0.0
scidocs|bm25+setmaxheaptopk|optimal_per_topic|setmaxheaptopk|0.0
scidocs|bm25+setmaxheaptopk|quantile|judge|0.8454
scidocs|bm25+setmaxheaptopk|quantile|judge_expr|0.7173
scidocs|bm25+setmaxheaptopk|quantile|rankgpt|0.7593
scidocs|bm25+setmaxheaptopk|quantile|setmaxheaptopk|1.0
scidocs|bm25+setmaxheaptopk|rank|judge|0.5137
scidocs|bm25+setmaxheaptopk|rank|judge_expr|0.4761
scidocs|bm25+setmaxheaptopk|rank|rankgpt|0.5181
scidocs|bm25+setmaxheaptopk|rank|setmaxheaptopk|1.0
scidocs|bm25+setmaxheaptopk|thresholding|judge|0.6116
scidocs|bm25+setmaxheaptopk|thresholding|judge_expr|0.588
scidocs|bm25+setmaxheaptopk|thresholding|rankgpt|0.0
scidocs|bm25+setmaxheaptopk|thresholding|setmaxheaptopk|0.0
scidocs|colbert-small|direct|judge|0.5775
scidocs|colbert-small|direct|judge_expr|0.4889
scidocs|colbert-small|direct|rankgpt|0.4714
scidocs|colbert-small|direct|setmaxheaptopk|0.4745
scidocs|colbert-small|largest_gap|judge|0.4544
scidocs|colbert-small|largest_gap|judge_expr|0.4968
scidocs|colbert-small|largest_gap|rankgpt|0.4714
scidocs|colbert-small|largest_gap|setmaxheaptopk|0.4745
scidocs|colbert-small|optimal_global|judge|0.3863
scidocs|colbert-small|optimal_global|judge_expr|0.0004
scidocs|colbert-small|optimal_global|rankgpt|0.4714
scidocs|colbert-small|optimal_global|setmaxheaptopk|0.4745
scidocs|colbert-small|optimal_per_topic|judge|0.0
scidocs|colbert-small|optimal_per_topic|judge_expr|0.0
scidocs|colbert-small|optimal_per_topic|rankgpt|0.0
scidocs|colbert-small|optimal_per_topic|setmaxheaptopk|0.0
scidocs|colbert-small|quantile|judge|0.6656
scidocs|colbert-small|quantile|judge_expr|0.5728
scidocs|colbert-small|quantile|rankgpt|0.628
scidocs|colbert-small|quantile|setmaxheaptopk|0.5736
scidocs|colbert-small|rank|judge|0.4258
scidocs|colbert-small|rank|judge_expr|0.3777
scidocs|colbert-small|rank|rankgpt|0.3973
scidocs|colbert-small|rank|setmaxheaptopk|0.4298
scidocs|colbert-small|thresholding|judge|0.4843
scidocs|colbert-small|thresholding|judge_expr|0.4692
scidocs|colbert-small|thresholding|rankgpt|0.0
scidocs|colbert-small|thresholding|setmaxheaptopk|0.0
scidocs|colbert-small+judge|direct|judge|0.6267
scidocs|colbert-small+judge|direct|judge_expr|0.6265
scidocs|colbert-small+judge|direct|rankgpt|0.2801
scidocs|colbert-small+judge|direct|setmaxheaptopk|0.283
scidocs|colbert-small+judge|largest_gap|judge|0.6824
scidocs|colbert-small+judge|largest_gap|judge_expr|0.6504
scidocs|colbert-small+judge|largest_gap|rankgpt|0.2801
scidocs|colbert-small+judge|largest_gap|setmaxheaptopk|0.283
scidocs|colbert-small+judge|optimal_global|judge|0.5804
scidocs|colbert-small+judge|optimal_global|judge_expr|0.0003
scidocs|colbert-small+judge|optimal_global|rankgpt|0.2801
scidocs|colbert-small+judge|optimal_global|setmaxheaptopk|0.283
scidocs|colbert-small+judge|optimal_per_topic|judge|0.0
scidocs|colbert-small+judge|optimal_per_topic|judge_expr|0.0
scidocs|colbert-small+judge|optimal_per_topic|rankgpt|0.0
scidocs|colbert-small+judge|optimal_per_topic|setmaxheaptopk|0.0
scidocs|colbert-small+judge|quantile|judge|0.596
scidocs|colbert-small+judge|quantile|judge_expr|0.5778
scidocs|colbert-small+judge|quantile|rankgpt|0.4319
scidocs|colbert-small+judge|quantile|setmaxheaptopk|0.4234
scidocs|colbert-small+judge|rank|judge|0.4967
scidocs|colbert-small+judge|rank|judge_expr|0.4884
scidocs|colbert-small+judge|rank|rankgpt|0.2805
scidocs|colbert-small+judge|rank|setmaxheaptopk|0.2991
scidocs|colbert-small+judge|thresholding|judge|0.6289
scidocs|colbert-small+judge|thresholding|judge_expr|0.6232
scidocs|colbert-small+judge|thresholding|rankgpt|0.0
scidocs|colbert-small+judge|thresholding|setmaxheaptopk|0.0
scidocs|colbert-small+judge_expr|direct|judge|0.6519
scidocs|colbert-small+judge_expr|direct|judge_expr|0.6709
scidocs|colbert-small+judge_expr|direct|rankgpt|0.3841
scidocs|colbert-small+judge_expr|direct|setmaxheaptopk|0.3948
scidocs|colbert-small+judge_expr|largest_gap|judge|0.7018
scidocs|colbert-small+judge_expr|largest_gap|judge_expr|0.6901
scidocs|colbert-small+judge_expr|largest_gap|rankgpt|0.3841
scidocs|colbert-small+judge_expr|largest_gap|setmaxheaptopk|0.3948
scidocs|colbert-small+judge_expr|optimal_global|judge|0.6043
scidocs|colbert-small+judge_expr|optimal_global|judge_expr|0.001
scidocs|colbert-small+judge_expr|optimal_global|rankgpt|0.3841
scidocs|colbert-small+judge_expr|optimal_global|setmaxheaptopk|0.3948
scidocs|colbert-small+judge_expr|optimal_per_topic|judge|0.0
scidocs|colbert-small+judge_expr|optimal_per_topic|judge_expr|0.0
scidocs|colbert-small+judge_expr|optimal_per_topic|rankgpt|0.0
scidocs|colbert-small+judge_expr|optimal_per_topic|setmaxheaptopk|0.0
scidocs|colbert-small+judge_expr|quantile|judge|0.6265
scidocs|colbert-small+judge_expr|quantile|judge_expr|0.627
scidocs|colbert-small+judge_expr|quantile|rankgpt|0.4821
scidocs|colbert-small+judge_expr|quantile|setmaxheaptopk|0.4737
scidocs|colbert-small+judge_expr|rank|judge|0.5307
scidocs|colbert-small+judge_expr|rank|judge_expr|0.6134
scidocs|colbert-small+judge_expr|rank|rankgpt|0.3307
scidocs|colbert-small+judge_expr|rank|setmaxheaptopk|0.3566
scidocs|colbert-small+judge_expr|thresholding|judge|0.6511
scidocs|colbert-small+judge_expr|thresholding|judge_expr|0.6498
scidocs|colbert-small+judge_expr|thresholding|rankgpt|0.0
scidocs|colbert-small+judge_expr|thresholding|setmaxheaptopk|0.0
scidocs|colbert-small+point|direct|judge|0.5139
scidocs|colbert-small+point|direct|judge_expr|0.4528
scidocs|colbert-small+point|direct|rankgpt|0.3693
scidocs|colbert-small+point|direct|setmaxheaptopk|0.3975
scidocs|colbert-small+point|largest_gap|judge|0.4139
scidocs|colbert-small+point|largest_gap|judge_expr|0.4587
scidocs|colbert-small+point|largest_gap|rankgpt|0.3693
scidocs|colbert-small+point|largest_gap|setmaxheaptopk|0.3975
scidocs|colbert-small+point|optimal_global|judge|0.3528
scidocs|colbert-small+point|optimal_global|judge_expr|0.0004
scidocs|colbert-small+point|optimal_global|rankgpt|0.3693
scidocs|colbert-small+point|optimal_global|setmaxheaptopk|0.3975
scidocs|colbert-small+point|optimal_per_topic|judge|0.0
scidocs|colbert-small+point|optimal_per_topic|judge_expr|0.0
scidocs|colbert-small+point|optimal_per_topic|rankgpt|0.0
scidocs|colbert-small+point|optimal_per_topic|setmaxheaptopk|0.0
scidocs|colbert-small+point|quantile|judge|0.5753
scidocs|colbert-small+point|quantile|judge_expr|0.5118
scidocs|colbert-small+point|quantile|rankgpt|0.4917
scidocs|colbert-small+point|quantile|setmaxheaptopk|0.4832
scidocs|colbert-small+point|rank|judge|0.3632
scidocs|colbert-small+point|rank|judge_expr|0.3478
scidocs|colbert-small+point|rank|rankgpt|0.3325
scidocs|colbert-small+point|rank|setmaxheaptopk|0.3693
scidocs|colbert-small+point|thresholding|judge|0.4509
scidocs|colbert-small+point|thresholding|judge_expr|0.4332
scidocs|colbert-small+point|thresholding|rankgpt|0.0
scidocs|colbert-small+point|thresholding|setmaxheaptopk|0.0
scidocs|colbert-small+rankfirst|direct|judge|0.6371
scidocs|colbert-small+rankfirst|direct|judge_expr|0.5624
scidocs|colbert-small+rankfirst|direct|rankgpt|0.5802
scidocs|colbert-small+rankfirst|direct|setmaxheaptopk|0.6186
scidocs|colbert-small+rankfirst|largest_gap|judge|0.5317
scidocs|colbert-small+rankfirst|largest_gap|judge_expr|0.5737
scidocs|colbert-small+rankfirst|largest_gap|rankgpt|0.5802
scidocs|colbert-small+rankfirst|largest_gap|setmaxheaptopk|0.6186
scidocs|colbert-small+rankfirst|optimal_global|judge|0.4522
scidocs|colbert-small+rankfirst|optimal_global|judge_expr|0.0004
scidocs|colbert-small+rankfirst|optimal_global|rankgpt|0.5802
scidocs|colbert-small+rankfirst|optimal_global|setmaxheaptopk|0.6186
scidocs|colbert-small+rankfirst|optimal_per_topic|judge|0.0
scidocs|colbert-small+rankfirst|optimal_per_topic|judge_expr|0.0
scidocs|colbert-small+rankfirst|optimal_per_topic|rankgpt|0.0
scidocs|colbert-small+rankfirst|optimal_per_topic|setmaxheaptopk|0.0
scidocs|colbert-small+rankfirst|quantile|judge|0.7158
scidocs|colbert-small+rankfirst|quantile|judge_expr|0.6398
scidocs|colbert-small+rankfirst|quantile|rankgpt|0.6817
scidocs|colbert-small+rankfirst|quantile|setmaxheaptopk|0.647
scidocs|colbert-small+rankfirst|rank|judge|0.482
scidocs|colbert-small+rankfirst|rank|judge_expr|0.4455
scidocs|colbert-small+rankfirst|rank|rankgpt|0.4766
scidocs|colbert-small+rankfirst|rank|setmaxheaptopk|0.5131
scidocs|colbert-small+rankfirst|thresholding|judge|0.5568
scidocs|colbert-small+rankfirst|thresholding|judge_expr|0.5404
scidocs|colbert-small+rankfirst|thresholding|rankgpt|0.0
scidocs|colbert-small+rankfirst|thresholding|setmaxheaptopk|0.0
scidocs|colbert-small+rankgpt|direct|judge|0.5687
scidocs|colbert-small+rankgpt|direct|judge_expr|0.4991
scidocs|colbert-small+rankgpt|direct|rankgpt|0.5501
scidocs|colbert-small+rankgpt|direct|setmaxheaptopk|0.5483
scidocs|colbert-small+rankgpt|largest_gap|judge|0.47
scidocs|colbert-small+rankgpt|largest_gap|judge_expr|0.5088
scidocs|colbert-small+rankgpt|largest_gap|rankgpt|0.5501
scidocs|colbert-small+rankgpt|largest_gap|setmaxheaptopk|0.5483
scidocs|colbert-small+rankgpt|optimal_global|judge|0.4037
scidocs|colbert-small+rankgpt|optimal_global|judge_expr|0.0
scidocs|colbert-small+rankgpt|optimal_global|rankgpt|0.5501
scidocs|colbert-small+rankgpt|optimal_global|setmaxheaptopk|0.5483
scidocs|colbert-small+rankgpt|optimal_per_topic|judge|0.0
scidocs|colbert-small+rankgpt|optimal_per_topic|judge_expr|0.0
scidocs|colbert-small+rankgpt|optimal_per_topic|rankgpt|0.0
scidocs|colbert-small+rankgpt|optimal_per_topic|setmaxheaptopk|0.0
scidocs|colbert-small+rankgpt|quantile|judge|0.6402
scidocs|colbert-small+rankgpt|quantile|judge_expr|0.5629
scidocs|colbert-small+rankgpt|quantile|rankgpt|0.6026
scidocs|colbert-small+rankgpt|quantile|setmaxheaptopk|0.5555
scidocs|colbert-small+rankgpt|rank|judge|0.408
scidocs|colbert-small+rankgpt|rank|judge_expr|0.3841
scidocs|colbert-small+rankgpt|rank|rankgpt|0.4369
scidocs|colbert-small+rankgpt|rank|setmaxheaptopk|0.4312
scidocs|colbert-small+rankgpt|thresholding|judge|0.4958
scidocs|colbert-small+rankgpt|thresholding|judge_expr|0.483
scidocs|colbert-small+rankgpt|thresholding|rankgpt|0.0
scidocs|colbert-small+rankgpt|thresholding|setmaxheaptopk|0.0
scidocs|colbert-small+rankzephyr|direct|judge|0.5747
scidocs|colbert-small+rankzephyr|direct|judge_expr|0.4853
scidocs|colbert-small+rankzephyr|direct|rankgpt|0.4611
scidocs|colbert-small+rankzephyr|largest_gap|judge|0.4521
scidocs|colbert-small+rankzephyr|largest_gap|judge_expr|0.4916
scidocs|colbert-small+rankzephyr|largest_gap|rankgpt|0.4611
scidocs|colbert-small+rankzephyr|optimal_global|judge|0.3842
scidocs|colbert-small+rankzephyr|optimal_global|judge_expr|0.0004
scidocs|colbert-small+rankzephyr|optimal_global|rankgpt|0.4611
scidocs|colbert-small+rankzephyr|optimal_per_topic|judge|0.0
scidocs|colbert-small+rankzephyr|optimal_per_topic|judge_expr|0.0
scidocs|colbert-small+rankzephyr|optimal_per_topic|rankgpt|0.0
scidocs|colbert-small+rankzephyr|quantile|judge|0.667
scidocs|colbert-small+rankzephyr|quantile|judge_expr|0.5731
scidocs|colbert-small+rankzephyr|quantile|rankgpt|0.626
scidocs|colbert-small+rankzephyr|rank|judge|0.4213
scidocs|colbert-small+rankzephyr|rank|judge_expr|0.3733
scidocs|colbert-small+rankzephyr|rank|rankgpt|0.3979
scidocs|colbert-small+rankzephyr|thresholding|judge|0.4814
scidocs|colbert-small+rankzephyr|thresholding|judge_expr|0.4665
scidocs|colbert-small+rankzephyr|thresholding|rankgpt|0.0
scidocs|colbert-small+setmaxheaptopk|direct|judge|0.5826
scidocs|colbert-small+setmaxheaptopk|direct|judge_expr|0.5256
scidocs|colbert-small+setmaxheaptopk|direct|rankgpt|0.5501
scidocs|colbert-small+setmaxheaptopk|direct|setmaxheaptopk|0.5931
scidocs|colbert-small+setmaxheaptopk|largest_gap|judge|0.5024
scidocs|colbert-small+setmaxheaptopk|largest_gap|judge_expr|0.5353
scidocs|colbert-small+setmaxheaptopk|largest_gap|rankgpt|0.5501
scidocs|colbert-small+setmaxheaptopk|largest_gap|setmaxheaptopk|0.5931
scidocs|colbert-small+setmaxheaptopk|optimal_global|judge|0.4296
scidocs|colbert-small+setmaxheaptopk|optimal_global|judge_expr|0.0004
scidocs|colbert-small+setmaxheaptopk|optimal_global|rankgpt|0.5501
scidocs|colbert-small+setmaxheaptopk|optimal_global|setmaxheaptopk|0.5931
scidocs|colbert-small+setmaxheaptopk|optimal_per_topic|judge|0.0
scidocs|colbert-small+setmaxheaptopk|optimal_per_topic|judge_expr|0.0
scidocs|colbert-small+setmaxheaptopk|optimal_per_topic|rankgpt|0.0
scidocs|colbert-small+setmaxheaptopk|optimal_per_topic|setmaxheaptopk|0.0
scidocs|colbert-small+setmaxheaptopk|quantile|judge|0.6457
scidocs|colbert-small+setmaxheaptopk|quantile|judge_expr|0.5802
scidocs|colbert-small+setmaxheaptopk|quantile|rankgpt|0.5989
scidocs|colbert-small+setmaxheaptopk|quantile|setmaxheaptopk|0.5925
scidocs|colbert-small+setmaxheaptopk|rank|judge|0.4347
scidocs|colbert-small+setmaxheaptopk|rank|judge_expr|0.4101
scidocs|colbert-small+setmaxheaptopk|rank|rankgpt|0.4289
scidocs|colbert-small+setmaxheaptopk|rank|setmaxheaptopk|0.4839
scidocs|colbert-small+setmaxheaptopk|thresholding|judge|0.5203
scidocs|colbert-small+setmaxheaptopk|thresholding|judge_expr|0.5087
scidocs|colbert-small+setmaxheaptopk|thresholding|rankgpt|0.0
scidocs|colbert-small+setmaxheaptopk|thresholding|setmaxheaptopk|0.0
scidocs|nomicai-modernbert-embed|direct|judge|0.5687
scidocs|nomicai-modernbert-embed|direct|judge_expr|0.4893
scidocs|nomicai-modernbert-embed|direct|rankgpt|0.4853
scidocs|nomicai-modernbert-embed|direct|setmaxheaptopk|0.4936
scidocs|nomicai-modernbert-embed|largest_gap|judge|0.4565
scidocs|nomicai-modernbert-embed|largest_gap|judge_expr|0.4991
scidocs|nomicai-modernbert-embed|largest_gap|rankgpt|0.4853
scidocs|nomicai-modernbert-embed|largest_gap|setmaxheaptopk|0.4936
scidocs|nomicai-modernbert-embed|optimal_global|judge|0.3866
scidocs|nomicai-modernbert-embed|optimal_global|judge_expr|0.0005
scidocs|nomicai-modernbert-embed|optimal_global|rankgpt|0.4853
scidocs|nomicai-modernbert-embed|optimal_global|setmaxheaptopk|0.4936
scidocs|nomicai-modernbert-embed|optimal_per_topic|judge|0.0
scidocs|nomicai-modernbert-embed|optimal_per_topic|judge_expr|0.0
scidocs|nomicai-modernbert-embed|optimal_per_topic|rankgpt|0.0
scidocs|nomicai-modernbert-embed|optimal_per_topic|setmaxheaptopk|0.0
scidocs|nomicai-modernbert-embed|quantile|judge|0.6486
scidocs|nomicai-modernbert-embed|quantile|judge_expr|0.5632
scidocs|nomicai-modernbert-embed|quantile|rankgpt|0.6242
scidocs|nomicai-modernbert-embed|quantile|setmaxheaptopk|0.5655
scidocs|nomicai-modernbert-embed|rank|judge|0.4232
scidocs|nomicai-modernbert-embed|rank|judge_expr|0.375
scidocs|nomicai-modernbert-embed|rank|rankgpt|0.3998
scidocs|nomicai-modernbert-embed|rank|setmaxheaptopk|0.4262
scidocs|nomicai-modernbert-embed|thresholding|judge|0.4877
scidocs|nomicai-modernbert-embed|thresholding|judge_expr|0.4736
scidocs|nomicai-modernbert-embed|thresholding|rankgpt|0.0
scidocs|nomicai-modernbert-embed|thresholding|setmaxheaptopk|0.0
scidocs|nomicai-modernbert-embed+judge|direct|judge|0.6242
scidocs|nomicai-modernbert-embed+judge|direct|judge_expr|0.6236
scidocs|nomicai-modernbert-embed+judge|direct|rankgpt|0.2932
scidocs|nomicai-modernbert-embed+judge|direct|setmaxheaptopk|0.297
scidocs|nomicai-modernbert-embed+judge|largest_gap|judge|0.6729
scidocs|nomicai-modernbert-embed+judge|largest_gap|judge_expr|0.6471
scidocs|nomicai-modernbert-embed+judge|largest_gap|rankgpt|0.2932
scidocs|nomicai-modernbert-embed+judge|largest_gap|setmaxheaptopk|0.297
scidocs|nomicai-modernbert-embed+judge|optimal_global|judge|0.5765
scidocs|nomicai-modernbert-embed+judge|optimal_global|judge_expr|0.0003
scidocs|nomicai-modernbert-embed+judge|optimal_global|rankgpt|0.2932
scidocs|nomicai-modernbert-embed+judge|optimal_global|setmaxheaptopk|0.297
scidocs|nomicai-modernbert-embed+judge|optimal_per_topic|judge|0.0
scidocs|nomicai-modernbert-embed+judge|optimal_per_topic|judge_expr|0.0
scidocs|nomicai-modernbert-embed+judge|optimal_per_topic|rankgpt|0.0
scidocs|nomicai-modernbert-embed+judge|optimal_per_topic|setmaxheaptopk|0.0
scidocs|nomicai-modernbert-embed+judge|quantile|judge|0.5964
scidocs|nomicai-modernbert-embed+judge|quantile|judge_expr|0.5769
scidocs|nomicai-modernbert-embed+judge|quantile|rankgpt|0.4412
scidocs|nomicai-modernbert-embed+judge|quantile|setmaxheaptopk|0.4278
scidocs|nomicai-modernbert-embed+judge|rank|judge|0.4968
scidocs|nomicai-modernbert-embed+judge|rank|judge_expr|0.4855
scidocs|nomicai-modernbert-embed+judge|rank|rankgpt|0.2866
scidocs|nomicai-modernbert-embed+judge|rank|setmaxheaptopk|0.3055
scidocs|nomicai-modernbert-embed+judge|thresholding|judge|0.626
scidocs|nomicai-modernbert-embed+judge|thresholding|judge_expr|0.6166
scidocs|nomicai-modernbert-embed+judge|thresholding|rankgpt|0.0
scidocs|nomicai-modernbert-embed+judge|thresholding|setmaxheaptopk|0.0
scidocs|nomicai-modernbert-embed+judge_expr|direct|judge|0.6511
scidocs|nomicai-modernbert-embed+judge_expr|direct|judge_expr|0.6705
scidocs|nomicai-modernbert-embed+judge_expr|direct|rankgpt|0.3962
scidocs|nomicai-modernbert-embed+judge_expr|direct|setmaxheaptopk|0.4043
scidocs|nomicai-modernbert-embed+judge_expr|largest_gap|judge|0.6963
scidocs|nomicai-modernbert-embed+judge_expr|largest_gap|judge_expr|0.6891
scidocs|nomicai-modernbert-embed+judge_expr|largest_gap|rankgpt|0.3962
scidocs|nomicai-modernbert-embed+judge_expr|largest_gap|setmaxheaptopk|0.4043
scidocs|nomicai-modernbert-embed+judge_expr|optimal_global|judge|0.6024
scidocs|nomicai-modernbert-embed+judge_expr|optimal_global|judge_expr|0.001
scidocs|nomicai-modernbert-embed+judge_expr|optimal_global|rankgpt|0.3962
scidocs|nomicai-modernbert-embed+judge_expr|optimal_global|setmaxheaptopk|0.4043
scidocs|nomicai-modernbert-embed+judge_expr|optimal_per_topic|judge|0.0
scidocs|nomicai-modernbert-embed+judge_expr|optimal_per_topic|judge_expr|0.0
scidocs|nomicai-modernbert-embed+judge_expr|optimal_per_topic|rankgpt|0.0
scidocs|nomicai-modernbert-embed+judge_expr|optimal_per_topic|setmaxheaptopk|0.0
scidocs|nomicai-modernbert-embed+judge_expr|quantile|judge|0.629
scidocs|nomicai-modernbert-embed+judge_expr|quantile|judge_expr|0.6293
scidocs|nomicai-modernbert-embed+judge_expr|quantile|rankgpt|0.4894
scidocs|nomicai-modernbert-embed+judge_expr|quantile|setmaxheaptopk|0.4787
scidocs|nomicai-modernbert-embed+judge_expr|rank|judge|0.5283
scidocs|nomicai-modernbert-embed+judge_expr|rank|judge_expr|0.6125
scidocs|nomicai-modernbert-embed+judge_expr|rank|rankgpt|0.3361
scidocs|nomicai-modernbert-embed+judge_expr|rank|setmaxheaptopk|0.3606
scidocs|nomicai-modernbert-embed+judge_expr|thresholding|judge|0.652
scidocs|nomicai-modernbert-embed+judge_expr|thresholding|judge_expr|0.6481
scidocs|nomicai-modernbert-embed+judge_expr|thresholding|rankgpt|0.0
scidocs|nomicai-modernbert-embed+judge_expr|thresholding|setmaxheaptopk|0.0
scidocs|nomicai-modernbert-embed+point|direct|judge|0.5275
scidocs|nomicai-modernbert-embed+point|direct|judge_expr|0.4641
scidocs|nomicai-modernbert-embed+point|direct|rankgpt|0.387
scidocs|nomicai-modernbert-embed+point|direct|setmaxheaptopk|0.4127
scidocs|nomicai-modernbert-embed+point|largest_gap|judge|0.4267
scidocs|nomicai-modernbert-embed+point|largest_gap|judge_expr|0.47
scidocs|nomicai-modernbert-embed+point|largest_gap|rankgpt|0.387
scidocs|nomicai-modernbert-embed+point|largest_gap|setmaxheaptopk|0.4127
scidocs|nomicai-modernbert-embed+point|optimal_global|judge|0.3623
scidocs|nomicai-modernbert-embed+point|optimal_global|judge_expr|0.0004
scidocs|nomicai-modernbert-embed+point|optimal_global|rankgpt|0.387
scidocs|nomicai-modernbert-embed+point|optimal_global|setmaxheaptopk|0.4127
scidocs|nomicai-modernbert-embed+point|optimal_per_topic|judge|0.0
scidocs|nomicai-modernbert-embed+point|optimal_per_topic|judge_expr|0.0
scidocs|nomicai-modernbert-embed+point|optimal_per_topic|rankgpt|0.0
scidocs|nomicai-modernbert-embed+point|optimal_per_topic|setmaxheaptopk|0.0
scidocs|nomicai-modernbert-embed+point|quantile|judge|0.5896
scidocs|nomicai-modernbert-embed+point|quantile|judge_expr|0.5272
scidocs|nomicai-modernbert-embed+point|quantile|rankgpt|0.5136
scidocs|nomicai-modernbert-embed+point|quantile|setmaxheaptopk|0.4989
scidocs|nomicai-modernbert-embed+point|rank|judge|0.3757
scidocs|nomicai-modernbert-embed+point|rank|judge_expr|0.3607
scidocs|nomicai-modernbert-embed+point|rank|rankgpt|0.3439
scidocs|nomicai-modernbert-embed+point|rank|setmaxheaptopk|0.3819
scidocs|nomicai-modernbert-embed+point|thresholding|judge|0.4634
scidocs|nomicai-modernbert-embed+point|thresholding|judge_expr|0.4436
scidocs|nomicai-modernbert-embed+point|thresholding|rankgpt|0.0
scidocs|nomicai-modernbert-embed+point|thresholding|setmaxheaptopk|0.0
scidocs|nomicai-modernbert-embed+rankfirst|direct|judge|0.6318
scidocs|nomicai-modernbert-embed+rankfirst|direct|judge_expr|0.5585
scidocs|nomicai-modernbert-embed+rankfirst|direct|rankgpt|0.5857
scidocs|nomicai-modernbert-embed+rankfirst|direct|setmaxheaptopk|0.6217
scidocs|nomicai-modernbert-embed+rankfirst|largest_gap|judge|0.527
scidocs|nomicai-modernbert-embed+rankfirst|largest_gap|judge_expr|0.5703
scidocs|nomicai-modernbert-embed+rankfirst|largest_gap|rankgpt|0.5857
scidocs|nomicai-modernbert-embed+rankfirst|largest_gap|setmaxheaptopk|0.6217
scidocs|nomicai-modernbert-embed+rankfirst|optimal_global|judge|0.4471
scidocs|nomicai-modernbert-embed+rankfirst|optimal_global|judge_expr|0.0004
scidocs|nomicai-modernbert-embed+rankfirst|optimal_global|rankgpt|0.5857
scidocs|nomicai-modernbert-embed+rankfirst|optimal_global|setmaxheaptopk|0.6217
scidocs|nomicai-modernbert-embed+rankfirst|optimal_per_topic|judge|0.0
scidocs|nomicai-modernbert-embed+rankfirst|optimal_per_topic|judge_expr|0.0
scidocs|nomicai-modernbert-embed+rankfirst|optimal_per_topic|rankgpt|0.0
scidocs|nomicai-modernbert-embed+rankfirst|optimal_per_topic|setmaxheaptopk|0.0
scidocs|nomicai-modernbert-embed+rankfirst|quantile|judge|0.7094
scidocs|nomicai-modernbert-embed+rankfirst|quantile|judge_expr|0.632
scidocs|nomicai-modernbert-embed+rankfirst|quantile|rankgpt|0.6789
scidocs|nomicai-modernbert-embed+rankfirst|quantile|setmaxheaptopk|0.64
scidocs|nomicai-modernbert-embed+rankfirst|rank|judge|0.4782
scidocs|nomicai-modernbert-embed+rankfirst|rank|judge_expr|0.44
scidocs|nomicai-modernbert-embed+rankfirst|rank|rankgpt|0.4757
scidocs|nomicai-modernbert-embed+rankfirst|rank|setmaxheaptopk|0.5081
scidocs|nomicai-modernbert-embed+rankfirst|thresholding|judge|0.5539
scidocs|nomicai-modernbert-embed+rankfirst|thresholding|judge_expr|0.5379
scidocs|nomicai-modernbert-embed+rankfirst|thresholding|rankgpt|0.0
scidocs|nomicai-modernbert-embed+rankfirst|thresholding|setmaxheaptopk|0.0
scidocs|nomicai-modernbert-embed+rankgpt|direct|judge|0.5617
scidocs|nomicai-modernbert-embed+rankgpt|direct|judge_expr|0.4943
scidocs|nomicai-modernbert-embed+rankgpt|direct|rankgpt|0.5595
scidocs|nomicai-modernbert-embed+rankgpt|direct|setmaxheaptopk|0.5418
scidocs|nomicai-modernbert-embed+rankgpt|largest_gap|judge|0.467
scidocs|nomicai-modernbert-embed+rankgpt|largest_gap|judge_expr|0.5057
scidocs|nomicai-modernbert-embed+rankgpt|largest_gap|rankgpt|0.5595
scidocs|nomicai-modernbert-embed+rankgpt|largest_gap|setmaxheaptopk|0.5418
scidocs|nomicai-modernbert-embed+rankgpt|optimal_global|judge|0.397
scidocs|nomicai-modernbert-embed+rankgpt|optimal_global|judge_expr|0.0
scidocs|nomicai-modernbert-embed+rankgpt|optimal_global|rankgpt|0.5595
scidocs|nomicai-modernbert-embed+rankgpt|optimal_global|setmaxheaptopk|0.5418
scidocs|nomicai-modernbert-embed+rankgpt|optimal_per_topic|judge|0.0
scidocs|nomicai-modernbert-embed+rankgpt|optimal_per_topic|judge_expr|0.0
scidocs|nomicai-modernbert-embed+rankgpt|optimal_per_topic|rankgpt|0.0
scidocs|nomicai-modernbert-embed+rankgpt|optimal_per_topic|setmaxheaptopk|0.0
scidocs|nomicai-modernbert-embed+rankgpt|quantile|judge|0.6315
scidocs|nomicai-modernbert-embed+rankgpt|quantile|judge_expr|0.5558
scidocs|nomicai-modernbert-embed+rankgpt|quantile|rankgpt|0.5963
scidocs|nomicai-modernbert-embed+rankgpt|quantile|setmaxheaptopk|0.5541
scidocs|nomicai-modernbert-embed+rankgpt|rank|judge|0.4079
scidocs|nomicai-modernbert-embed+rankgpt|rank|judge_expr|0.3838
scidocs|nomicai-modernbert-embed+rankgpt|rank|rankgpt|0.437
scidocs|nomicai-modernbert-embed+rankgpt|rank|setmaxheaptopk|0.4321
scidocs|nomicai-modernbert-embed+rankgpt|thresholding|judge|0.4927
scidocs|nomicai-modernbert-embed+rankgpt|thresholding|judge_expr|0.4779
scidocs|nomicai-modernbert-embed+rankgpt|thresholding|rankgpt|0.0
scidocs|nomicai-modernbert-embed+rankgpt|thresholding|setmaxheaptopk|0.0
scidocs|nomicai-modernbert-embed+rankzephyr|direct|judge|0.5568
scidocs|nomicai-modernbert-embed+rankzephyr|direct|judge_expr|0.4785
scidocs|nomicai-modernbert-embed+rankzephyr|direct|rankgpt|0.4712
scidocs|nomicai-modernbert-embed+rankzephyr|largest_gap|judge|0.4465
scidocs|nomicai-modernbert-embed+rankzephyr|largest_gap|judge_expr|0.4881
scidocs|nomicai-modernbert-embed+rankzephyr|largest_gap|rankgpt|0.4712
scidocs|nomicai-modernbert-embed+rankzephyr|optimal_global|judge|0.3794
scidocs|nomicai-modernbert-embed+rankzephyr|optimal_global|judge_expr|0.0005
scidocs|nomicai-modernbert-embed+rankzephyr|optimal_global|rankgpt|0.4712
scidocs|nomicai-modernbert-embed+rankzephyr|optimal_per_topic|judge|0.0
scidocs|nomicai-modernbert-embed+rankzephyr|optimal_per_topic|judge_expr|0.0
scidocs|nomicai-modernbert-embed+rankzephyr|optimal_per_topic|rankgpt|0.0
scidocs|nomicai-modernbert-embed+rankzephyr|quantile|judge|0.6348
scidocs|nomicai-modernbert-embed+rankzephyr|quantile|judge_expr|0.5483
scidocs|nomicai-modernbert-embed+rankzephyr|quantile|rankgpt|0.6092
scidocs|nomicai-modernbert-embed+rankzephyr|rank|judge|0.4104
scidocs|nomicai-modernbert-embed+rankzephyr|rank|judge_expr|0.3641
scidocs|nomicai-modernbert-embed+rankzephyr|rank|rankgpt|0.3915
scidocs|nomicai-modernbert-embed+rankzephyr|thresholding|judge|0.4774
scidocs|nomicai-modernbert-embed+rankzephyr|thresholding|judge_expr|0.4637
scidocs|nomicai-modernbert-embed+rankzephyr|thresholding|rankgpt|0.0
scidocs|nomicai-modernbert-embed+setmaxheaptopk|direct|judge|0.5775
scidocs|nomicai-modernbert-embed+setmaxheaptopk|direct|judge_expr|0.5194
scidocs|nomicai-modernbert-embed+setmaxheaptopk|direct|rankgpt|0.5658
scidocs|nomicai-modernbert-embed+setmaxheaptopk|direct|setmaxheaptopk|0.5951
scidocs|nomicai-modernbert-embed+setmaxheaptopk|largest_gap|judge|0.4996
scidocs|nomicai-modernbert-embed+setmaxheaptopk|largest_gap|judge_expr|0.5296
scidocs|nomicai-modernbert-embed+setmaxheaptopk|largest_gap|rankgpt|0.5658
scidocs|nomicai-modernbert-embed+setmaxheaptopk|largest_gap|setmaxheaptopk|0.5951
scidocs|nomicai-modernbert-embed+setmaxheaptopk|optimal_global|judge|0.4321
scidocs|nomicai-modernbert-embed+setmaxheaptopk|optimal_global|judge_expr|0.0004
scidocs|nomicai-modernbert-embed+setmaxheaptopk|optimal_global|rankgpt|0.5658
scidocs|nomicai-modernbert-embed+setmaxheaptopk|optimal_global|setmaxheaptopk|0.5951
scidocs|nomicai-modernbert-embed+setmaxheaptopk|optimal_per_topic|judge|0.0
scidocs|nomicai-modernbert-embed+setmaxheaptopk|optimal_per_topic|judge_expr|0.0
scidocs|nomicai-modernbert-embed+setmaxheaptopk|optimal_per_topic|rankgpt|0.0
scidocs|nomicai-modernbert-embed+setmaxheaptopk|optimal_per_topic|setmaxheaptopk|0.0
scidocs|nomicai-modernbert-embed+setmaxheaptopk|quantile|judge|0.6353
scidocs|nomicai-modernbert-embed+setmaxheaptopk|quantile|judge_expr|0.5735
scidocs|nomicai-modernbert-embed+setmaxheaptopk|quantile|rankgpt|0.5935
scidocs|nomicai-modernbert-embed+setmaxheaptopk|quantile|setmaxheaptopk|0.5848
scidocs|nomicai-modernbert-embed+setmaxheaptopk|rank|judge|0.431
scidocs|nomicai-modernbert-embed+setmaxheaptopk|rank|judge_expr|0.4055
scidocs|nomicai-modernbert-embed+setmaxheaptopk|rank|rankgpt|0.4224
scidocs|nomicai-modernbert-embed+setmaxheaptopk|rank|setmaxheaptopk|0.481
scidocs|nomicai-modernbert-embed+setmaxheaptopk|thresholding|judge|0.5178
scidocs|nomicai-modernbert-embed+setmaxheaptopk|thresholding|judge_expr|0.5032
scidocs|nomicai-modernbert-embed+setmaxheaptopk|thresholding|rankgpt|0.0
scidocs|nomicai-modernbert-embed+setmaxheaptopk|thresholding|setmaxheaptopk|0.0
scidocs|qwen3-embed-600m|direct|judge|0.5727
scidocs|qwen3-embed-600m|direct|judge_expr|0.4838
scidocs|qwen3-embed-600m|direct|rankgpt|0.4759
scidocs|qwen3-embed-600m|direct|setmaxheaptopk|0.4974
scidocs|qwen3-embed-600m|largest_gap|judge|0.4503
scidocs|qwen3-embed-600m|largest_gap|judge_expr|0.4928
scidocs|qwen3-embed-600m|largest_gap|rankgpt|0.4759
scidocs|qwen3-embed-600m|largest_gap|setmaxheaptopk|0.4974
scidocs|qwen3-embed-600m|optimal_global|judge|0.3795
scidocs|qwen3-embed-600m|optimal_global|judge_expr|0.0004
scidocs|qwen3-embed-600m|optimal_global|rankgpt|0.4759
scidocs|qwen3-embed-600m|optimal_global|setmaxheaptopk|0.4974
scidocs|qwen3-embed-600m|optimal_per_topic|judge|0.0
scidocs|qwen3-embed-600m|optimal_per_topic|judge_expr|0.0
scidocs|qwen3-embed-600m|optimal_per_topic|rankgpt|0.0
scidocs|qwen3-embed-600m|optimal_per_topic|setmaxheaptopk|0.0
scidocs|qwen3-embed-600m|quantile|judge|0.6558
scidocs|qwen3-embed-600m|quantile|judge_expr|0.5618
scidocs|qwen3-embed-600m|quantile|rankgpt|0.6336
scidocs|qwen3-embed-600m|quantile|setmaxheaptopk|0.5758
scidocs|qwen3-embed-600m|rank|judge|0.4222
scidocs|qwen3-embed-600m|rank|judge_expr|0.3703
scidocs|qwen3-embed-600m|rank|rankgpt|0.4008
scidocs|qwen3-embed-600m|rank|setmaxheaptopk|0.4365
scidocs|qwen3-embed-600m|thresholding|judge|0.4814
scidocs|qwen3-embed-600m|thresholding|judge_expr|0.4626
scidocs|qwen3-embed-600m|thresholding|rankgpt|0.0
scidocs|qwen3-embed-600m|thresholding|setmaxheaptopk|0.0
scidocs|qwen3-embed-600m+judge|direct|judge|0.428
scidocs|qwen3-embed-600m+judge|direct|judge_expr|0.4369
scidocs|qwen3-embed-600m+judge|direct|rankgpt|0.1978
scidocs|qwen3-embed-600m+judge|direct|setmaxheaptopk|0.2014
scidocs|qwen3-embed-600m+judge|largest_gap|judge|0.4812
scidocs|qwen3-embed-600m+judge|largest_gap|judge_expr|0.4514
scidocs|qwen3-embed-600m+judge|largest_gap|rankgpt|0.1978
scidocs|qwen3-embed-600m+judge|largest_gap|setmaxheaptopk|0.2014
scidocs|qwen3-embed-600m+judge|optimal_global|judge|0.4345
scidocs|qwen3-embed-600m+judge|optimal_global|judge_expr|0.0003
scidocs|qwen3-embed-600m+judge|optimal_global|rankgpt|0.1978
scidocs|qwen3-embed-600m+judge|optimal_global|setmaxheaptopk|0.2014
scidocs|qwen3-embed-600m+judge|optimal_per_topic|judge|0.0
scidocs|qwen3-embed-600m+judge|optimal_per_topic|judge_expr|0.0
scidocs|qwen3-embed-600m+judge|optimal_per_topic|rankgpt|0.0
scidocs|qwen3-embed-600m+judge|optimal_per_topic|setmaxheaptopk|0.0
scidocs|qwen3-embed-600m+judge|quantile|judge|0.4031
scidocs|qwen3-embed-600m+judge|quantile|judge_expr|0.3877
scidocs|qwen3-embed-600m+judge|quantile|rankgpt|0.2974
scidocs|qwen3-embed-600m+judge|quantile|setmaxheaptopk|0.2913
scidocs|qwen3-embed-600m+judge|rank|judge|0.3314
scidocs|qwen3-embed-600m+judge|rank|judge_expr|0.3261
scidocs|qwen3-embed-600m+judge|rank|rankgpt|0.1938
scidocs|qwen3-embed-600m+judge|rank|setmaxheaptopk|0.2068
scidocs|qwen3-embed-600m+judge|thresholding|judge|0.4346
scidocs|qwen3-embed-600m+judge|thresholding|judge_expr|0.4332
scidocs|qwen3-embed-600m+judge|thresholding|rankgpt|0.0
scidocs|qwen3-embed-600m+judge|thresholding|setmaxheaptopk|0.0
scidocs|qwen3-embed-600m+judge_expr|direct|judge|0.4376
scidocs|qwen3-embed-600m+judge_expr|direct|judge_expr|0.4559
scidocs|qwen3-embed-600m+judge_expr|direct|rankgpt|0.2907
scidocs|qwen3-embed-600m+judge_expr|direct|setmaxheaptopk|0.3034
scidocs|qwen3-embed-600m+judge_expr|largest_gap|judge|0.4866
scidocs|qwen3-embed-600m+judge_expr|largest_gap|judge_expr|0.4665
scidocs|qwen3-embed-600m+judge_expr|largest_gap|rankgpt|0.2907
scidocs|qwen3-embed-600m+judge_expr|largest_gap|setmaxheaptopk|0.3034
scidocs|qwen3-embed-600m+judge_expr|optimal_global|judge|0.443
scidocs|qwen3-embed-600m+judge_expr|optimal_global|judge_expr|0.001
scidocs|qwen3-embed-600m+judge_expr|optimal_global|rankgpt|0.2907
scidocs|qwen3-embed-600m+judge_expr|optimal_global|setmaxheaptopk|0.3034
scidocs|qwen3-embed-600m+judge_expr|optimal_per_topic|judge|0.0
scidocs|qwen3-embed-600m+judge_expr|optimal_per_topic|judge_expr|0.0
scidocs|qwen3-embed-600m+judge_expr|optimal_per_topic|rankgpt|0.0
scidocs|qwen3-embed-600m+judge_expr|optimal_per_topic|setmaxheaptopk|0.0
scidocs|qwen3-embed-600m+judge_expr|quantile|judge|0.4155
scidocs|qwen3-embed-600m+judge_expr|quantile|judge_expr|0.4158
scidocs|qwen3-embed-600m+judge_expr|quantile|rankgpt|0.3287
scidocs|qwen3-embed-600m+judge_expr|quantile|setmaxheaptopk|0.3239
scidocs|qwen3-embed-600m+judge_expr|rank|judge|0.351
scidocs|qwen3-embed-600m+judge_expr|rank|judge_expr|0.4103
scidocs|qwen3-embed-600m+judge_expr|rank|rankgpt|0.2324
scidocs|qwen3-embed-600m+judge_expr|rank|setmaxheaptopk|0.2518
scidocs|qwen3-embed-600m+judge_expr|thresholding|judge|0.4422
scidocs|qwen3-embed-600m+judge_expr|thresholding|judge_expr|0.4409
scidocs|qwen3-embed-600m+judge_expr|thresholding|rankgpt|0.0
scidocs|qwen3-embed-600m+judge_expr|thresholding|setmaxheaptopk|0.0
scidocs|qwen3-embed-600m+point|direct|judge|0.3653
scidocs|qwen3-embed-600m+point|direct|judge_expr|0.3363
scidocs|qwen3-embed-600m+point|direct|rankgpt|0.2926
scidocs|qwen3-embed-600m+point|direct|setmaxheaptopk|0.3154
scidocs|qwen3-embed-600m+point|largest_gap|judge|0.3128
scidocs|qwen3-embed-600m+point|largest_gap|judge_expr|0.3397
scidocs|qwen3-embed-600m+point|largest_gap|rankgpt|0.2926
scidocs|qwen3-embed-600m+point|largest_gap|setmaxheaptopk|0.3154
scidocs|qwen3-embed-600m+point|optimal_global|judge|0.2755
scidocs|qwen3-embed-600m+point|optimal_global|judge_expr|0.0004
scidocs|qwen3-embed-600m+point|optimal_global|rankgpt|0.2926
scidocs|qwen3-embed-600m+point|optimal_global|setmaxheaptopk|0.3154
scidocs|qwen3-embed-600m+point|optimal_per_topic|judge|0.0
scidocs|qwen3-embed-600m+point|optimal_per_topic|judge_expr|0.0
scidocs|qwen3-embed-600m+point|optimal_per_topic|rankgpt|0.0
scidocs|qwen3-embed-600m+point|optimal_per_topic|setmaxheaptopk|0.0
scidocs|qwen3-embed-600m+point|quantile|judge|0.391
scidocs|qwen3-embed-600m+point|quantile|judge_expr|0.3499
scidocs|qwen3-embed-600m+point|quantile|rankgpt|0.3389
scidocs|qwen3-embed-600m+point|quantile|setmaxheaptopk|0.3393
scidocs|qwen3-embed-600m+point|rank|judge|0.2558
scidocs|qwen3-embed-600m+point|rank|judge_expr|0.2452
scidocs|qwen3-embed-600m+point|rank|rankgpt|0.2372
scidocs|qwen3-embed-600m+point|rank|setmaxheaptopk|0.2676
scidocs|qwen3-embed-600m+point|thresholding|judge|0.3352
scidocs|qwen3-embed-600m+point|thresholding|judge_expr|0.3245
scidocs|qwen3-embed-600m+point|thresholding|rankgpt|0.0
scidocs|qwen3-embed-600m+point|thresholding|setmaxheaptopk|0.0
scidocs|qwen3-embed-600m+rankfirst|direct|judge|0.6293
scidocs|qwen3-embed-600m+rankfirst|direct|judge_expr|0.5556
scidocs|qwen3-embed-600m+rankfirst|direct|rankgpt|0.5836
scidocs|qwen3-embed-600m+rankfirst|direct|setmaxheaptopk|0.6153
scidocs|qwen3-embed-600m+rankfirst|largest_gap|judge|0.5251
scidocs|qwen3-embed-600m+rankfirst|largest_gap|judge_expr|0.5666
scidocs|qwen3-embed-600m+rankfirst|largest_gap|rankgpt|0.5836
scidocs|qwen3-embed-600m+rankfirst|largest_gap|setmaxheaptopk|0.6153
scidocs|qwen3-embed-600m+rankfirst|optimal_global|judge|0.4445
scidocs|qwen3-embed-600m+rankfirst|optimal_global|judge_expr|0.0004
scidocs|qwen3-embed-600m+rankfirst|optimal_global|rankgpt|0.5836
scidocs|qwen3-embed-600m+rankfirst|optimal_global|setmaxheaptopk|0.6153
scidocs|qwen3-embed-600m+rankfirst|optimal_per_topic|judge|0.0
scidocs|qwen3-embed-600m+rankfirst|optimal_per_topic|judge_expr|0.0
scidocs|qwen3-embed-600m+rankfirst|optimal_per_topic|rankgpt|0.0
scidocs|qwen3-embed-600m+rankfirst|optimal_per_topic|setmaxheaptopk|0.0
scidocs|qwen3-embed-600m+rankfirst|quantile|judge|0.7057
scidocs|qwen3-embed-600m+rankfirst|quantile|judge_expr|0.6299
scidocs|qwen3-embed-600m+rankfirst|quantile|rankgpt|0.6769
scidocs|qwen3-embed-600m+rankfirst|quantile|setmaxheaptopk|0.6399
scidocs|qwen3-embed-600m+rankfirst|rank|judge|0.4785
scidocs|qwen3-embed-600m+rankfirst|rank|judge_expr|0.4373
scidocs|qwen3-embed-600m+rankfirst|rank|rankgpt|0.4741
scidocs|qwen3-embed-600m+rankfirst|rank|setmaxheaptopk|0.5092
scidocs|qwen3-embed-600m+rankfirst|thresholding|judge|0.5496
scidocs|qwen3-embed-600m+rankfirst|thresholding|judge_expr|0.5329
scidocs|qwen3-embed-600m+rankfirst|thresholding|rankgpt|0.0
scidocs|qwen3-embed-600m+rankfirst|thresholding|setmaxheaptopk|0.0
scidocs|qwen3-embed-600m+rankgpt|direct|judge|0.5572
scidocs|qwen3-embed-600m+rankgpt|direct|judge_expr|0.494
scidocs|qwen3-embed-600m+rankgpt|direct|rankgpt|0.5501
scidocs|qwen3-embed-600m+rankgpt|direct|setmaxheaptopk|0.5508
scidocs|qwen3-embed-600m+rankgpt|largest_gap|judge|0.4639
scidocs|qwen3-embed-600m+rankgpt|largest_gap|judge_expr|0.4997
scidocs|qwen3-embed-600m+rankgpt|largest_gap|rankgpt|0.5501
scidocs|qwen3-embed-600m+rankgpt|largest_gap|setmaxheaptopk|0.5508
scidocs|qwen3-embed-600m+rankgpt|optimal_global|judge|0.3971
scidocs|qwen3-embed-600m+rankgpt|optimal_global|judge_expr|0.0004
scidocs|qwen3-embed-600m+rankgpt|optimal_global|rankgpt|0.5501
scidocs|qwen3-embed-600m+rankgpt|optimal_global|setmaxheaptopk|0.5508
scidocs|qwen3-embed-600m+rankgpt|optimal_per_topic|judge|0.0
scidocs|qwen3-embed-600m+rankgpt|optimal_per_topic|judge_expr|0.0
scidocs|qwen3-embed-600m+rankgpt|optimal_per_topic|rankgpt|0.0
scidocs|qwen3-embed-600m+rankgpt|optimal_per_topic|setmaxheaptopk|0.0
scidocs|qwen3-embed-600m+rankgpt|quantile|judge|0.6233
scidocs|qwen3-embed-600m+rankgpt|quantile|judge_expr|0.5529
scidocs|qwen3-embed-600m+rankgpt|quantile|rankgpt|0.5904
scidocs|qwen3-embed-600m+rankgpt|quantile|setmaxheaptopk|0.5483
scidocs|qwen3-embed-600m+rankgpt|rank|judge|0.4009
scidocs|qwen3-embed-600m+rankgpt|rank|judge_expr|0.3758
scidocs|qwen3-embed-600m+rankgpt|rank|rankgpt|0.4304
scidocs|qwen3-embed-600m+rankgpt|rank|setmaxheaptopk|0.427
scidocs|qwen3-embed-600m+rankgpt|thresholding|judge|0.4914
scidocs|qwen3-embed-600m+rankgpt|thresholding|judge_expr|0.471
scidocs|qwen3-embed-600m+rankgpt|thresholding|rankgpt|0.0
scidocs|qwen3-embed-600m+rankgpt|thresholding|setmaxheaptopk|0.0
scidocs|qwen3-embed-600m+rankzephyr|direct|judge|0.5834
scidocs|qwen3-embed-600m+rankzephyr|direct|judge_expr|0.4948
scidocs|qwen3-embed-600m+rankzephyr|direct|rankgpt|0.4879
scidocs|qwen3-embed-600m+rankzephyr|largest_gap|judge|0.46
scidocs|qwen3-embed-600m+rankzephyr|largest_gap|judge_expr|0.5048
scidocs|qwen3-embed-600m+rankzephyr|largest_gap|rankgpt|0.4879
scidocs|qwen3-embed-600m+rankzephyr|optimal_global|judge|0.3891
scidocs|qwen3-embed-600m+rankzephyr|optimal_global|judge_expr|0.0004
scidocs|qwen3-embed-600m+rankzephyr|optimal_global|rankgpt|0.4879
scidocs|qwen3-embed-600m+rankzephyr|optimal_per_topic|judge|0.0
scidocs|qwen3-embed-600m+rankzephyr|optimal_per_topic|judge_expr|0.0
scidocs|qwen3-embed-600m+rankzephyr|optimal_per_topic|rankgpt|0.0
scidocs|qwen3-embed-600m+rankzephyr|quantile|judge|0.6658
scidocs|qwen3-embed-600m+rankzephyr|quantile|judge_expr|0.5752
scidocs|qwen3-embed-600m+rankzephyr|quantile|rankgpt|0.6405
scidocs|qwen3-embed-600m+rankzephyr|rank|judge|0.4301
scidocs|qwen3-embed-600m+rankzephyr|rank|judge_expr|0.3806
scidocs|qwen3-embed-600m+rankzephyr|rank|rankgpt|0.4104
scidocs|qwen3-embed-600m+rankzephyr|thresholding|judge|0.4922
scidocs|qwen3-embed-600m+rankzephyr|thresholding|judge_expr|0.4744
scidocs|qwen3-embed-600m+rankzephyr|thresholding|rankgpt|0.0
scidocs|qwen3-embed-600m+setmaxheaptopk|direct|judge|0.5629
scidocs|qwen3-embed-600m+setmaxheaptopk|direct|judge_expr|0.5099
scidocs|qwen3-embed-600m+setmaxheaptopk|direct|rankgpt|0.5379
scidocs|qwen3-embed-600m+setmaxheaptopk|direct|setmaxheaptopk|0.5873
scidocs|qwen3-embed-600m+setmaxheaptopk|largest_gap|judge|0.4882
scidocs|qwen3-embed-600m+setmaxheaptopk|largest_gap|judge_expr|0.521
scidocs|qwen3-embed-600m+setmaxheaptopk|largest_gap|rankgpt|0.5379
scidocs|qwen3-embed-600m+setmaxheaptopk|largest_gap|setmaxheaptopk|0.5873
scidocs|qwen3-embed-600m+setmaxheaptopk|optimal_global|judge|0.4213
scidocs|qwen3-embed-600m+setmaxheaptopk|optimal_global|judge_expr|0.0004
scidocs|qwen3-embed-600m+setmaxheaptopk|optimal_global|rankgpt|0.5379
scidocs|qwen3-embed-600m+setmaxheaptopk|optimal_global|setmaxheaptopk|0.5873
scidocs|qwen3-embed-600m+setmaxheaptopk|optimal_per_topic|judge|0.0
scidocs|qwen3-embed-600m+setmaxheaptopk|optimal_per_topic|judge_expr|0.0
scidocs|qwen3-embed-600m+setmaxheaptopk|optimal_per_topic|rankgpt|0.0
scidocs|qwen3-embed-600m+setmaxheaptopk|optimal_per_topic|setmaxheaptopk|0.0
scidocs|qwen3-embed-600m+setmaxheaptopk|quantile|judge|0.6151
scidocs|qwen3-embed-600m+setmaxheaptopk|quantile|judge_expr|0.5569
scidocs|qwen3-embed-600m+setmaxheaptopk|quantile|rankgpt|0.5753
scidocs|qwen3-embed-600m+setmaxheaptopk|quantile|setmaxheaptopk|0.57
scidocs|qwen3-embed-600m+setmaxheaptopk|rank|judge|0.4218
scidocs|qwen3-embed-600m+setmaxheaptopk|rank|judge_expr|0.3942
scidocs|qwen3-embed-600m+setmaxheaptopk|rank|rankgpt|0.4151
scidocs|qwen3-embed-600m+setmaxheaptopk|rank|setmaxheaptopk|0.4677
scidocs|qwen3-embed-600m+setmaxheaptopk|thresholding|judge|0.5053
scidocs|qwen3-embed-600m+setmaxheaptopk|thresholding|judge_expr|0.494
scidocs|qwen3-embed-600m+setmaxheaptopk|thresholding|rankgpt|0.0
scidocs|qwen3-embed-600m+setmaxheaptopk|thresholding|setmaxheaptopk|0.0
scidocs|splade-v3|direct|judge|0.5609
scidocs|splade-v3|direct|judge_expr|0.4603
scidocs|splade-v3|direct|rankgpt|0.4544
scidocs|splade-v3|direct|setmaxheaptopk|0.4657
scidocs|splade-v3|largest_gap|judge|0.4229
scidocs|splade-v3|largest_gap|judge_expr|0.4691
scidocs|splade-v3|largest_gap|rankgpt|0.4544
scidocs|splade-v3|largest_gap|setmaxheaptopk|0.4657
scidocs|splade-v3|optimal_global|judge|0.3548
scidocs|splade-v3|optimal_global|judge_expr|0.0004
scidocs|splade-v3|optimal_global|rankgpt|0.4544
scidocs|splade-v3|optimal_global|setmaxheaptopk|0.4657
scidocs|splade-v3|optimal_per_topic|judge|0.0
scidocs|splade-v3|optimal_per_topic|judge_expr|0.0
scidocs|splade-v3|optimal_per_topic|rankgpt|0.0
scidocs|splade-v3|optimal_per_topic|setmaxheaptopk|0.0
scidocs|splade-v3|quantile|judge|0.6646
scidocs|splade-v3|quantile|judge_expr|0.5507
scidocs|splade-v3|quantile|rankgpt|0.6535
scidocs|splade-v3|quantile|setmaxheaptopk|0.5724
scidocs|splade-v3|rank|judge|0.4067
scidocs|splade-v3|rank|judge_expr|0.3495
scidocs|splade-v3|rank|rankgpt|0.3859
scidocs|splade-v3|rank|setmaxheaptopk|0.4129
scidocs|splade-v3|thresholding|judge|0.4564
scidocs|splade-v3|thresholding|judge_expr|0.4387
scidocs|splade-v3|thresholding|rankgpt|0.0
scidocs|splade-v3|thresholding|setmaxheaptopk|0.0
scidocs|splade-v3+judge|direct|judge|0.6884
scidocs|splade-v3+judge|direct|judge_expr|0.6758
scidocs|splade-v3+judge|direct|rankgpt|0.298
scidocs|splade-v3+judge|direct|setmaxheaptopk|0.3097
scidocs|splade-v3+judge|largest_gap|judge|0.7227
scidocs|splade-v3+judge|largest_gap|judge_expr|0.6994
scidocs|splade-v3+judge|largest_gap|rankgpt|0.298
scidocs|splade-v3+judge|largest_gap|setmaxheaptopk|0.3097
scidocs|splade-v3+judge|optimal_global|judge|0.6071
scidocs|splade-v3+judge|optimal_global|judge_expr|0.0004
scidocs|splade-v3+judge|optimal_global|rankgpt|0.298
scidocs|splade-v3+judge|optimal_global|setmaxheaptopk|0.3097
scidocs|splade-v3+judge|optimal_per_topic|judge|0.0
scidocs|splade-v3+judge|optimal_per_topic|judge_expr|0.0
scidocs|splade-v3+judge|optimal_per_topic|rankgpt|0.0
scidocs|splade-v3+judge|optimal_per_topic|setmaxheaptopk|0.0
scidocs|splade-v3+judge|quantile|judge|0.6712
scidocs|splade-v3+judge|quantile|judge_expr|0.6443
scidocs|splade-v3+judge|quantile|rankgpt|0.4777
scidocs|splade-v3+judge|quantile|setmaxheaptopk|0.462
scidocs|splade-v3+judge|rank|judge|0.5496
scidocs|splade-v3+judge|rank|judge_expr|0.5314
scidocs|splade-v3+judge|rank|rankgpt|0.304
scidocs|splade-v3+judge|rank|setmaxheaptopk|0.3251
scidocs|splade-v3+judge|thresholding|judge|0.6797
scidocs|splade-v3+judge|thresholding|judge_expr|0.6671
scidocs|splade-v3+judge|thresholding|rankgpt|0.0
scidocs|splade-v3+judge|thresholding|setmaxheaptopk|0.0
scidocs|splade-v3+judge_expr|direct|judge|0.7142
scidocs|splade-v3+judge_expr|direct|judge_expr|0.725
scidocs|splade-v3+judge_expr|direct|rankgpt|0.4007
scidocs|splade-v3+judge_expr|direct|setmaxheaptopk|0.4127
scidocs|splade-v3+judge_expr|largest_gap|judge|0.7446
scidocs|splade-v3+judge_expr|largest_gap|judge_expr|0.7435
scidocs|splade-v3+judge_expr|largest_gap|rankgpt|0.4007
scidocs|splade-v3+judge_expr|largest_gap|setmaxheaptopk|0.4127
scidocs|splade-v3+judge_expr|optimal_global|judge|0.6342
scidocs|splade-v3+judge_expr|optimal_global|judge_expr|0.001
scidocs|splade-v3+judge_expr|optimal_global|rankgpt|0.4007
scidocs|splade-v3+judge_expr|optimal_global|setmaxheaptopk|0.4127
scidocs|splade-v3+judge_expr|optimal_per_topic|judge|0.0
scidocs|splade-v3+judge_expr|optimal_per_topic|judge_expr|0.0
scidocs|splade-v3+judge_expr|optimal_per_topic|rankgpt|0.0
scidocs|splade-v3+judge_expr|optimal_per_topic|setmaxheaptopk|0.0
scidocs|splade-v3+judge_expr|quantile|judge|0.7028
scidocs|splade-v3+judge_expr|quantile|judge_expr|0.7042
scidocs|splade-v3+judge_expr|quantile|rankgpt|0.5306
scidocs|splade-v3+judge_expr|quantile|setmaxheaptopk|0.515
scidocs|splade-v3+judge_expr|rank|judge|0.5835
scidocs|splade-v3+judge_expr|rank|judge_expr|0.6726
scidocs|splade-v3+judge_expr|rank|rankgpt|0.3566
scidocs|splade-v3+judge_expr|rank|setmaxheaptopk|0.3812
scidocs|splade-v3+judge_expr|thresholding|judge|0.703
scidocs|splade-v3+judge_expr|thresholding|judge_expr|0.6954
scidocs|splade-v3+judge_expr|thresholding|rankgpt|0.0
scidocs|splade-v3+judge_expr|thresholding|setmaxheaptopk|0.0
scidocs|splade-v3+point|direct|judge|0.5553
scidocs|splade-v3+point|direct|judge_expr|0.4781
scidocs|splade-v3+point|direct|rankgpt|0.3858
scidocs|splade-v3+point|direct|setmaxheaptopk|0.4217
scidocs|splade-v3+point|largest_gap|judge|0.4338
scidocs|splade-v3+point|largest_gap|judge_expr|0.4826
scidocs|splade-v3+point|largest_gap|rankgpt|0.3858
scidocs|splade-v3+point|largest_gap|setmaxheaptopk|0.4217
scidocs|splade-v3+point|optimal_global|judge|0.3652
scidocs|splade-v3+point|optimal_global|judge_expr|0.0004
scidocs|splade-v3+point|optimal_global|rankgpt|0.3858
scidocs|splade-v3+point|optimal_global|setmaxheaptopk|0.4217
scidocs|splade-v3+point|optimal_per_topic|judge|0.0
scidocs|splade-v3+point|optimal_per_topic|judge_expr|0.0
scidocs|splade-v3+point|optimal_per_topic|rankgpt|0.0
scidocs|splade-v3+point|optimal_per_topic|setmaxheaptopk|0.0
scidocs|splade-v3+point|quantile|judge|0.6346
scidocs|splade-v3+point|quantile|judge_expr|0.5585
scidocs|splade-v3+point|quantile|rankgpt|0.5374
scidocs|splade-v3+point|quantile|setmaxheaptopk|0.5266
scidocs|splade-v3+point|rank|judge|0.3875
scidocs|splade-v3+point|rank|judge_expr|0.369
scidocs|splade-v3+point|rank|rankgpt|0.3569
scidocs|splade-v3+point|rank|setmaxheaptopk|0.3938
scidocs|splade-v3+point|thresholding|judge|0.4758
scidocs|splade-v3+point|thresholding|judge_expr|0.4522
scidocs|splade-v3+point|thresholding|rankgpt|0.0
scidocs|splade-v3+point|thresholding|setmaxheaptopk|0.0
scidocs|splade-v3+rankfirst|direct|judge|0.6358
scidocs|splade-v3+rankfirst|direct|judge_expr|0.5538
scidocs|splade-v3+rankfirst|direct|rankgpt|0.5794
scidocs|splade-v3+rankfirst|direct|setmaxheaptopk|0.6035
scidocs|splade-v3+rankfirst|largest_gap|judge|0.5206
scidocs|splade-v3+rankfirst|largest_gap|judge_expr|0.5639
scidocs|splade-v3+rankfirst|largest_gap|rankgpt|0.5794
scidocs|splade-v3+rankfirst|largest_gap|setmaxheaptopk|0.6035
scidocs|splade-v3+rankfirst|optimal_global|judge|0.4417
scidocs|splade-v3+rankfirst|optimal_global|judge_expr|0.0004
scidocs|splade-v3+rankfirst|optimal_global|rankgpt|0.5794
scidocs|splade-v3+rankfirst|optimal_global|setmaxheaptopk|0.6035
scidocs|splade-v3+rankfirst|optimal_per_topic|judge|0.0
scidocs|splade-v3+rankfirst|optimal_per_topic|judge_expr|0.0
scidocs|splade-v3+rankfirst|optimal_per_topic|rankgpt|0.0
scidocs|splade-v3+rankfirst|optimal_per_topic|setmaxheaptopk|0.0
scidocs|splade-v3+rankfirst|quantile|judge|0.7241
scidocs|splade-v3+rankfirst|quantile|judge_expr|0.6396
scidocs|splade-v3+rankfirst|quantile|rankgpt|0.6939
scidocs|splade-v3+rankfirst|quantile|setmaxheaptopk|0.6553
scidocs|splade-v3+rankfirst|rank|judge|0.4785
scidocs|splade-v3+rankfirst|rank|judge_expr|0.4373
scidocs|splade-v3+rankfirst|rank|rankgpt|0.4767
scidocs|splade-v3+rankfirst|rank|setmaxheaptopk|0.5153
scidocs|splade-v3+rankfirst|thresholding|judge|0.5468
scidocs|splade-v3+rankfirst|thresholding|judge_expr|0.5301
scidocs|splade-v3+rankfirst|thresholding|rankgpt|0.0
scidocs|splade-v3+rankfirst|thresholding|setmaxheaptopk|0.0
scidocs|splade-v3+rankgpt|direct|judge|0.5807
scidocs|splade-v3+rankgpt|direct|judge_expr|0.5019
scidocs|splade-v3+rankgpt|direct|rankgpt|0.5412
scidocs|splade-v3+rankgpt|direct|setmaxheaptopk|0.5387
scidocs|splade-v3+rankgpt|largest_gap|judge|0.4682
scidocs|splade-v3+rankgpt|largest_gap|judge_expr|0.5107
scidocs|splade-v3+rankgpt|largest_gap|rankgpt|0.5412
scidocs|splade-v3+rankgpt|largest_gap|setmaxheaptopk|0.5387
scidocs|splade-v3+rankgpt|optimal_global|judge|0.3978
scidocs|splade-v3+rankgpt|optimal_global|judge_expr|0.0004
scidocs|splade-v3+rankgpt|optimal_global|rankgpt|0.5412
scidocs|splade-v3+rankgpt|optimal_global|setmaxheaptopk|0.5387
scidocs|splade-v3+rankgpt|optimal_per_topic|judge|0.0
scidocs|splade-v3+rankgpt|optimal_per_topic|judge_expr|0.0
scidocs|splade-v3+rankgpt|optimal_per_topic|rankgpt|0.0
scidocs|splade-v3+rankgpt|optimal_per_topic|setmaxheaptopk|0.0
scidocs|splade-v3+rankgpt|quantile|judge|0.6677
scidocs|splade-v3+rankgpt|quantile|judge_expr|0.5808
scidocs|splade-v3+rankgpt|quantile|rankgpt|0.63
scidocs|splade-v3+rankgpt|quantile|setmaxheaptopk|0.5852
scidocs|splade-v3+rankgpt|rank|judge|0.4096
scidocs|splade-v3+rankgpt|rank|judge_expr|0.3823
scidocs|splade-v3+rankgpt|rank|rankgpt|0.4507
scidocs|splade-v3+rankgpt|rank|setmaxheaptopk|0.4439
scidocs|splade-v3+rankgpt|thresholding|judge|0.4946
scidocs|splade-v3+rankgpt|thresholding|judge_expr|0.4787
scidocs|splade-v3+rankgpt|thresholding|rankgpt|0.0
scidocs|splade-v3+rankgpt|thresholding|setmaxheaptopk|0.0
scidocs|splade-v3+rankzephyr|direct|judge|0.553
scidocs|splade-v3+rankzephyr|direct|judge_expr|0.4522
scidocs|splade-v3+rankzephyr|direct|rankgpt|0.4365
scidocs|splade-v3+rankzephyr|largest_gap|judge|0.4146
scidocs|splade-v3+rankzephyr|largest_gap|judge_expr|0.46
scidocs|splade-v3+rankzephyr|largest_gap|rankgpt|0.4365
scidocs|splade-v3+rankzephyr|optimal_global|judge|0.3465
scidocs|splade-v3+rankzephyr|optimal_global|judge_expr|0.0004
scidocs|splade-v3+rankzephyr|optimal_global|rankgpt|0.4365
scidocs|splade-v3+rankzephyr|optimal_per_topic|judge|0.0
scidocs|splade-v3+rankzephyr|optimal_per_topic|judge_expr|0.0
scidocs|splade-v3+rankzephyr|optimal_per_topic|rankgpt|0.0
scidocs|splade-v3+rankzephyr|quantile|judge|0.6552
scidocs|splade-v3+rankzephyr|quantile|judge_expr|0.5415
scidocs|splade-v3+rankzephyr|quantile|rankgpt|0.6405
scidocs|splade-v3+rankzephyr|rank|judge|0.3972
scidocs|splade-v3+rankzephyr|rank|judge_expr|0.3416
scidocs|splade-v3+rankzephyr|rank|rankgpt|0.377
scidocs|splade-v3+rankzephyr|thresholding|judge|0.4495
scidocs|splade-v3+rankzephyr|thresholding|judge_expr|0.4312
scidocs|splade-v3+rankzephyr|thresholding|rankgpt|0.0
scidocs|splade-v3+setmaxheaptopk|direct|judge|0.5897
scidocs|splade-v3+setmaxheaptopk|direct|judge_expr|0.5196
scidocs|splade-v3+setmaxheaptopk|direct|rankgpt|0.551
scidocs|splade-v3+setmaxheaptopk|direct|setmaxheaptopk|0.5994
scidocs|splade-v3+setmaxheaptopk|largest_gap|judge|0.4951
scidocs|splade-v3+setmaxheaptopk|largest_gap|judge_expr|0.5312
scidocs|splade-v3+setmaxheaptopk|largest_gap|rankgpt|0.551
scidocs|splade-v3+setmaxheaptopk|largest_gap|setmaxheaptopk|0.5994
scidocs|splade-v3+setmaxheaptopk|optimal_global|judge|0.4263
scidocs|splade-v3+setmaxheaptopk|optimal_global|judge_expr|0.0004
scidocs|splade-v3+setmaxheaptopk|optimal_global|rankgpt|0.551
scidocs|splade-v3+setmaxheaptopk|optimal_global|setmaxheaptopk|0.5994
scidocs|splade-v3+setmaxheaptopk|optimal_per_topic|judge|0.0
scidocs|splade-v3+setmaxheaptopk|optimal_per_topic|judge_expr|0.0
scidocs|splade-v3+setmaxheaptopk|optimal_per_topic|rankgpt|0.0
scidocs|splade-v3+setmaxheaptopk|optimal_per_topic|setmaxheaptopk|0.0
scidocs|splade-v3+setmaxheaptopk|quantile|judge|0.6623
scidocs|splade-v3+setmaxheaptopk|quantile|judge_expr|0.5877
scidocs|splade-v3+setmaxheaptopk|quantile|rankgpt|0.6195
scidocs|splade-v3+setmaxheaptopk|quantile|setmaxheaptopk|0.6067
scidocs|splade-v3+setmaxheaptopk|rank|judge|0.435
scidocs|splade-v3+setmaxheaptopk|rank|judge_expr|0.4071
scidocs|splade-v3+setmaxheaptopk|rank|rankgpt|0.4374
scidocs|splade-v3+setmaxheaptopk|rank|setmaxheaptopk|0.4934
scidocs|splade-v3+setmaxheaptopk|thresholding|judge|0.5145
scidocs|splade-v3+setmaxheaptopk|thresholding|judge_expr|0.4991
scidocs|splade-v3+setmaxheaptopk|thresholding|rankgpt|0.0
scidocs|splade-v3+setmaxheaptopk|thresholding|setmaxheaptopk|0.0
trec-covid|bm25|direct|judge|0.6035
trec-covid|bm25|direct|judge_expr|0.4859
trec-covid|bm25|direct|rankgpt|0.3176
trec-covid|bm25|direct|setmaxheaptopk|0.3905
trec-covid|bm25|largest_gap|judge|0.3808
trec-covid|bm25|largest_gap|judge_expr|0.5102
trec-covid|bm25|largest_gap|rankgpt|0.3176
trec-covid|bm25|largest_gap|setmaxheaptopk|0.3905
trec-covid|bm25|optimal_global|judge|0.8866
trec-covid|bm25|optimal_global|judge_expr|0.7981
trec-covid|bm25|optimal_global|rankgpt|1.0
trec-covid|bm25|optimal_global|setmaxheaptopk|1.0
trec-covid|bm25|optimal_per_topic|judge|0.8524
trec-covid|bm25|optimal_per_topic|judge_expr|0.7986
trec-covid|bm25|optimal_per_topic|rankgpt|0.9804
trec-covid|bm25|optimal_per_topic|setmaxheaptopk|0.9084
trec-covid|bm25|quantile|judge|0.6348
trec-covid|bm25|quantile|judge_expr|0.4443
trec-covid|bm25|quantile|rankgpt|1.0
trec-covid|bm25|quantile|setmaxheaptopk|0.5865
trec-covid|bm25|rank|judge|0.4255
trec-covid|bm25|rank|judge_expr|0.2377
trec-covid|bm25|rank|rankgpt|0.4042
trec-covid|bm25|rank|setmaxheaptopk|0.3314
trec-covid|bm25|thresholding|judge|0.5194
trec-covid|bm25|thresholding|judge_expr|0.4861
trec-covid|bm25|thresholding|rankgpt|0.0
trec-covid|bm25|thresholding|setmaxheaptopk|0.0
trec-covid|bm25+judge|direct|judge|1.0
trec-covid|bm25+judge|direct|judge_expr|0.9802
trec-covid|bm25+judge|direct|rankgpt|0.3015
trec-covid|bm25+judge|direct|setmaxheaptopk|0.2905
trec-covid|bm25+judge|largest_gap|judge|1.0
trec-covid|bm25+judge|largest_gap|judge_expr|0.9912
trec-covid|bm25+judge|largest_gap|rankgpt|0.3015
trec-covid|bm25+judge|largest_gap|setmaxheaptopk|0.2905
trec-covid|bm25+judge|optimal_global|judge|1.0
trec-covid|bm25+judge|optimal_global|judge_expr|0.9948
trec-covid|bm25+judge|optimal_global|rankgpt|1.0
trec-covid|bm25+judge|optimal_global|setmaxheaptopk|1.0
trec-covid|bm25+judge|optimal_per_topic|judge|1.0
trec-covid|bm25+judge|optimal_per_topic|judge_expr|0.9911
trec-covid|bm25+judge|optimal_per_topic|rankgpt|0.9757
trec-covid|bm25+judge|optimal_per_topic|setmaxheaptopk|0.9711
trec-covid|bm25+judge|quantile|judge|1.0
trec-covid|bm25+judge|quantile|judge_expr|0.8933
trec-covid|bm25+judge|quantile|rankgpt|0.5835
trec-covid|bm25+judge|quantile|setmaxheaptopk|0.6522
trec-covid|bm25+judge|rank|judge|0.657
trec-covid|bm25+judge|rank|judge_expr|0.6541
trec-covid|bm25+judge|rank|rankgpt|0.3901
trec-covid|bm25+judge|rank|setmaxheaptopk|0.4533
trec-covid|bm25+judge|thresholding|judge|0.98
trec-covid|bm25+judge|thresholding|judge_expr|0.9739
trec-covid|bm25+judge|thresholding|rankgpt|0.0
trec-covid|bm25+judge|thresholding|setmaxheaptopk|0.0
trec-covid|bm25+judge_expr|direct|judge|0.9972
trec-covid|bm25+judge_expr|direct|judge_expr|1.0
trec-covid|bm25+judge_expr|direct|rankgpt|0.5204
trec-covid|bm25+judge_expr|direct|setmaxheaptopk|0.4345
trec-covid|bm25+judge_expr|largest_gap|judge|0.9959
trec-covid|bm25+judge_expr|largest_gap|judge_expr|1.0
trec-covid|bm25+judge_expr|largest_gap|rankgpt|0.5204
trec-covid|bm25+judge_expr|largest_gap|setmaxheaptopk|0.4345
trec-covid|bm25+judge_expr|optimal_global|judge|0.9987
trec-covid|bm25+judge_expr|optimal_global|judge_expr|1.0
trec-covid|bm25+judge_expr|optimal_global|rankgpt|1.0
trec-covid|bm25+judge_expr|optimal_global|setmaxheaptopk|1.0
trec-covid|bm25+judge_expr|optimal_per_topic|judge|0.9984
trec-covid|bm25+judge_expr|optimal_per_topic|judge_expr|1.0
trec-covid|bm25+judge_expr|optimal_per_topic|rankgpt|0.9785
trec-covid|bm25+judge_expr|optimal_per_topic|setmaxheaptopk|0.9825
trec-covid|bm25+judge_expr|quantile|judge|1.0
trec-covid|bm25+judge_expr|quantile|judge_expr|1.0
trec-covid|bm25+judge_expr|quantile|rankgpt|0.6543
trec-covid|bm25+judge_expr|quantile|setmaxheaptopk|0.7454
trec-covid|bm25+judge_expr|rank|judge|0.6743
trec-covid|bm25+judge_expr|rank|judge_expr|0.9923
trec-covid|bm25+judge_expr|rank|rankgpt|0.4758
trec-covid|bm25+judge_expr|rank|setmaxheaptopk|0.5637
trec-covid|bm25+judge_expr|thresholding|judge|0.98
trec-covid|bm25+judge_expr|thresholding|judge_expr|0.98
trec-covid|bm25+judge_expr|thresholding|rankgpt|0.0
trec-covid|bm25+judge_expr|thresholding|setmaxheaptopk|0.0
trec-covid|bm25+point|direct|judge|0.8173
trec-covid|bm25+point|direct|judge_expr|0.755
trec-covid|bm25+point|direct|rankgpt|0.1574
trec-covid|bm25+point|direct|setmaxheaptopk|0.2352
trec-covid|bm25+point|largest_gap|judge|0.589
trec-covid|bm25+point|largest_gap|judge_expr|0.8049
trec-covid|bm25+point|largest_gap|rankgpt|0.1574
trec-covid|bm25+point|largest_gap|setmaxheaptopk|0.2352
trec-covid|bm25+point|optimal_global|judge|0.9886
trec-covid|bm25+point|optimal_global|judge_expr|0.9748
trec-covid|bm25+point|optimal_global|rankgpt|1.0
trec-covid|bm25+point|optimal_global|setmaxheaptopk|1.0
trec-covid|bm25+point|optimal_per_topic|judge|0.9922
trec-covid|bm25+point|optimal_per_topic|judge_expr|0.9829
trec-covid|bm25+point|optimal_per_topic|rankgpt|0.965
trec-covid|bm25+point|optimal_per_topic|setmaxheaptopk|0.9584
trec-covid|bm25+point|quantile|judge|0.8298
trec-covid|bm25+point|quantile|judge_expr|0.6527
trec-covid|bm25+point|quantile|rankgpt|0.4833
trec-covid|bm25+point|quantile|setmaxheaptopk|0.5973
trec-covid|bm25+point|rank|judge|0.3962
trec-covid|bm25+point|rank|judge_expr|0.382
trec-covid|bm25+point|rank|rankgpt|0.2851
trec-covid|bm25+point|rank|setmaxheaptopk|0.3541
trec-covid|bm25+point|thresholding|judge|0.7892
trec-covid|bm25+point|thresholding|judge_expr|0.7614
trec-covid|bm25+point|thresholding|rankgpt|0.0
trec-covid|bm25+point|thresholding|setmaxheaptopk|0.0
trec-covid|bm25+rankfirst|direct|judge|0.8851
trec-covid|bm25+rankfirst|direct|judge_expr|0.8319
trec-covid|bm25+rankfirst|direct|rankgpt|0.517
trec-covid|bm25+rankfirst|direct|setmaxheaptopk|0.5188
trec-covid|bm25+rankfirst|largest_gap|judge|0.7359
trec-covid|bm25+rankfirst|largest_gap|judge_expr|0.8522
trec-covid|bm25+rankfirst|largest_gap|rankgpt|0.517
trec-covid|bm25+rankfirst|largest_gap|setmaxheaptopk|0.5188
trec-covid|bm25+rankfirst|optimal_global|judge|0.9884
trec-covid|bm25+rankfirst|optimal_global|judge_expr|0.9867
trec-covid|bm25+rankfirst|optimal_global|rankgpt|1.0
trec-covid|bm25+rankfirst|optimal_global|setmaxheaptopk|1.0
trec-covid|bm25+rankfirst|optimal_per_topic|judge|0.9928
trec-covid|bm25+rankfirst|optimal_per_topic|judge_expr|0.9835
trec-covid|bm25+rankfirst|optimal_per_topic|rankgpt|0.9885
trec-covid|bm25+rankfirst|optimal_per_topic|setmaxheaptopk|0.9904
trec-covid|bm25+rankfirst|quantile|judge|0.9576
trec-covid|bm25+rankfirst|quantile|judge_expr|0.8226
trec-covid|bm25+rankfirst|quantile|rankgpt|0.7614
trec-covid|bm25+rankfirst|quantile|setmaxheaptopk|0.7868
trec-covid|bm25+rankfirst|rank|judge|0.5714
trec-covid|bm25+rankfirst|rank|judge_expr|0.5603
trec-covid|bm25+rankfirst|rank|rankgpt|0.5374
trec-covid|bm25+rankfirst|rank|setmaxheaptopk|0.6023
trec-covid|bm25+rankfirst|thresholding|judge|0.8512
trec-covid|bm25+rankfirst|thresholding|judge_expr|0.8259
trec-covid|bm25+rankfirst|thresholding|rankgpt|0.0
trec-covid|bm25+rankfirst|thresholding|setmaxheaptopk|0.0
trec-covid|bm25+rankgpt|direct|judge|0.8439
trec-covid|bm25+rankgpt|direct|judge_expr|0.7869
trec-covid|bm25+rankgpt|direct|rankgpt|1.0
trec-covid|bm25+rankgpt|direct|setmaxheaptopk|0.567
trec-covid|bm25+rankgpt|largest_gap|judge|0.7068
trec-covid|bm25+rankgpt|largest_gap|judge_expr|0.8126
trec-covid|bm25+rankgpt|largest_gap|rankgpt|1.0
trec-covid|bm25+rankgpt|largest_gap|setmaxheaptopk|0.567
trec-covid|bm25+rankgpt|optimal_global|judge|0.9735
trec-covid|bm25+rankgpt|optimal_global|judge_expr|0.9452
trec-covid|bm25+rankgpt|optimal_global|rankgpt|1.0
trec-covid|bm25+rankgpt|optimal_global|setmaxheaptopk|1.0
trec-covid|bm25+rankgpt|optimal_per_topic|judge|0.9631
trec-covid|bm25+rankgpt|optimal_per_topic|judge_expr|0.955
trec-covid|bm25+rankgpt|optimal_per_topic|rankgpt|1.0
trec-covid|bm25+rankgpt|optimal_per_topic|setmaxheaptopk|0.9716
trec-covid|bm25+rankgpt|quantile|judge|0.8795
trec-covid|bm25+rankgpt|quantile|judge_expr|0.7532
trec-covid|bm25+rankgpt|quantile|rankgpt|1.0
trec-covid|bm25+rankgpt|quantile|setmaxheaptopk|0.7741
trec-covid|bm25+rankgpt|rank|judge|0.5659
trec-covid|bm25+rankgpt|rank|judge_expr|0.5067
trec-covid|bm25+rankgpt|rank|rankgpt|1.0
trec-covid|bm25+rankgpt|rank|setmaxheaptopk|0.605
trec-covid|bm25+rankgpt|thresholding|judge|0.816
trec-covid|bm25+rankgpt|thresholding|judge_expr|0.7899
trec-covid|bm25+rankgpt|thresholding|rankgpt|0.0
trec-covid|bm25+rankgpt|thresholding|setmaxheaptopk|0.0
trec-covid|bm25+rankzephyr|direct|judge|0.6035
trec-covid|bm25+rankzephyr|direct|judge_expr|0.4859
trec-covid|bm25+rankzephyr|direct|rankgpt|0.3176
trec-covid|bm25+rankzephyr|largest_gap|judge|0.3808
trec-covid|bm25+rankzephyr|largest_gap|judge_expr|0.5102
trec-covid|bm25+rankzephyr|largest_gap|rankgpt|0.3176
trec-covid|bm25+rankzephyr|optimal_global|judge|0.8866
trec-covid|bm25+rankzephyr|optimal_global|judge_expr|0.7981
trec-covid|bm25+rankzephyr|optimal_global|rankgpt|1.0
trec-covid|bm25+rankzephyr|optimal_per_topic|judge|0.8524
trec-covid|bm25+rankzephyr|optimal_per_topic|judge_expr|0.7986
trec-covid|bm25+rankzephyr|optimal_per_topic|rankgpt|0.9804
trec-covid|bm25+rankzephyr|quantile|judge|0.6348
trec-covid|bm25+rankzephyr|quantile|judge_expr|0.4443
trec-covid|bm25+rankzephyr|quantile|rankgpt|1.0
trec-covid|bm25+rankzephyr|rank|judge|0.4255
trec-covid|bm25+rankzephyr|rank|judge_expr|0.2377
trec-covid|bm25+rankzephyr|rank|rankgpt|0.4042
trec-covid|bm25+rankzephyr|thresholding|judge|0.5194
trec-covid|bm25+rankzephyr|thresholding|judge_expr|0.4861
trec-covid|bm25+rankzephyr|thresholding|rankgpt|0.0
trec-covid|bm25+setmaxheaptopk|direct|judge|0.8883
trec-covid|bm25+setmaxheaptopk|direct|judge_expr|0.8496
trec-covid|bm25+setmaxheaptopk|direct|rankgpt|0.6551
trec-covid|bm25+setmaxheaptopk|direct|setmaxheaptopk|1.0
trec-covid|bm25+setmaxheaptopk|largest_gap|judge|0.7226
trec-covid|bm25+setmaxheaptopk|largest_gap|judge_expr|0.8654
trec-covid|bm25+setmaxheaptopk|largest_gap|rankgpt|0.6551
trec-covid|bm25+setmaxheaptopk|largest_gap|setmaxheaptopk|1.0
trec-covid|bm25+setmaxheaptopk|optimal_global|judge|0.9888
trec-covid|bm25+setmaxheaptopk|optimal_global|judge_expr|0.9811
trec-covid|bm25+setmaxheaptopk|optimal_global|rankgpt|1.0
trec-covid|bm25+setmaxheaptopk|optimal_global|setmaxheaptopk|1.0
trec-covid|bm25+setmaxheaptopk|optimal_per_topic|judge|0.9904
trec-covid|bm25+setmaxheaptopk|optimal_per_topic|judge_expr|0.9844
trec-covid|bm25+setmaxheaptopk|optimal_per_topic|rankgpt|0.9721
trec-covid|bm25+setmaxheaptopk|optimal_per_topic|setmaxheaptopk|1.0
trec-covid|bm25+setmaxheaptopk|quantile|judge|0.9339
trec-covid|bm25+setmaxheaptopk|quantile|judge_expr|0.8134
trec-covid|bm25+setmaxheaptopk|quantile|rankgpt|0.7508
trec-covid|bm25+setmaxheaptopk|quantile|setmaxheaptopk|1.0
trec-covid|bm25+setmaxheaptopk|rank|judge|0.5855
trec-covid|bm25+setmaxheaptopk|rank|judge_expr|0.5668
trec-covid|bm25+setmaxheaptopk|rank|rankgpt|0.5722
trec-covid|bm25+setmaxheaptopk|rank|setmaxheaptopk|1.0
trec-covid|bm25+setmaxheaptopk|thresholding|judge|0.8778
trec-covid|bm25+setmaxheaptopk|thresholding|judge_expr|0.8502
trec-covid|bm25+setmaxheaptopk|thresholding|rankgpt|0.0
trec-covid|bm25+setmaxheaptopk|thresholding|setmaxheaptopk|0.0
trec-covid|colbert-small|direct|judge|0.5405
trec-covid|colbert-small|direct|judge_expr|0.5137
trec-covid|colbert-small|direct|rankgpt|0.2295
trec-covid|colbert-small|direct|setmaxheaptopk|0.2972
trec-covid|colbert-small|largest_gap|judge|0.4237
trec-covid|colbert-small|largest_gap|judge_expr|0.5387
trec-covid|colbert-small|largest_gap|rankgpt|0.2295
trec-covid|colbert-small|largest_gap|setmaxheaptopk|0.2972
trec-covid|colbert-small|optimal_global|judge|0.6224
trec-covid|colbert-small|optimal_global|judge_expr|0.6183
trec-covid|colbert-small|optimal_global|rankgpt|0.6237
trec-covid|colbert-small|optimal_global|setmaxheaptopk|0.6237
trec-covid|colbert-small|optimal_per_topic|judge|0.6232
trec-covid|colbert-small|optimal_per_topic|judge_expr|0.6248
trec-covid|colbert-small|optimal_per_topic|rankgpt|0.6262
trec-covid|colbert-small|optimal_per_topic|setmaxheaptopk|0.6271
trec-covid|colbert-small|quantile|judge|0.5174
trec-covid|colbert-small|quantile|judge_expr|0.411
trec-covid|colbert-small|quantile|rankgpt|0.4297
trec-covid|colbert-small|quantile|setmaxheaptopk|0.4161
trec-covid|colbert-small|rank|judge|0.2866
trec-covid|colbert-small|rank|judge_expr|0.2635
trec-covid|colbert-small|rank|rankgpt|0.2761
trec-covid|colbert-small|rank|setmaxheaptopk|0.2839
trec-covid|colbert-small|thresholding|judge|0.5458
trec-covid|colbert-small|thresholding|judge_expr|0.5272
trec-covid|colbert-small|thresholding|rankgpt|0.0
trec-covid|colbert-small|thresholding|setmaxheaptopk|0.0
trec-covid|colbert-small+judge|direct|judge|0.4544
trec-covid|colbert-small+judge|direct|judge_expr|0.4561
trec-covid|colbert-small+judge|direct|rankgpt|0.1649
trec-covid|colbert-small+judge|direct|setmaxheaptopk|0.1699
trec-covid|colbert-small+judge|largest_gap|judge|0.4899
trec-covid|colbert-small+judge|largest_gap|judge_expr|0.4582
trec-covid|colbert-small+judge|largest_gap|rankgpt|0.1649
trec-covid|colbert-small+judge|largest_gap|setmaxheaptopk|0.1699
trec-covid|colbert-small+judge|optimal_global|judge|0.4401
trec-covid|colbert-small+judge|optimal_global|judge_expr|0.4408
trec-covid|colbert-small+judge|optimal_global|rankgpt|0.4401
trec-covid|colbert-small+judge|optimal_global|setmaxheaptopk|0.4401
trec-covid|colbert-small+judge|optimal_per_topic|judge|0.4414
trec-covid|colbert-small+judge|optimal_per_topic|judge_expr|0.4436
trec-covid|colbert-small+judge|optimal_per_topic|rankgpt|0.4376
trec-covid|colbert-small+judge|optimal_per_topic|setmaxheaptopk|0.4408
trec-covid|colbert-small+judge|quantile|judge|0.4401
trec-covid|colbert-small+judge|quantile|judge_expr|0.3876
trec-covid|colbert-small+judge|quantile|rankgpt|0.2688
trec-covid|colbert-small+judge|quantile|setmaxheaptopk|0.3168
trec-covid|colbert-small+judge|rank|judge|0.2922
trec-covid|colbert-small+judge|rank|judge_expr|0.2907
trec-covid|colbert-small+judge|rank|rankgpt|0.1938
trec-covid|colbert-small+judge|rank|setmaxheaptopk|0.223
trec-covid|colbert-small+judge|thresholding|judge|0.456
trec-covid|colbert-small+judge|thresholding|judge_expr|0.4604
trec-covid|colbert-small+judge|thresholding|rankgpt|0.0
trec-covid|colbert-small+judge|thresholding|setmaxheaptopk|0.0
trec-covid|colbert-small+judge_expr|direct|judge|0.5039
trec-covid|colbert-small+judge_expr|direct|judge_expr|0.525
trec-covid|colbert-small+judge_expr|direct|rankgpt|0.4058
trec-covid|colbert-small+judge_expr|direct|setmaxheaptopk|0.2947
trec-covid|colbert-small+judge_expr|largest_gap|judge|0.5596
trec-covid|colbert-small+judge_expr|largest_gap|judge_expr|0.5229
trec-covid|colbert-small+judge_expr|largest_gap|rankgpt|0.4058
trec-covid|colbert-small+judge_expr|largest_gap|setmaxheaptopk|0.2947
trec-covid|colbert-small+judge_expr|optimal_global|judge|0.4835
trec-covid|colbert-small+judge_expr|optimal_global|judge_expr|0.4846
trec-covid|colbert-small+judge_expr|optimal_global|rankgpt|0.4835
trec-covid|colbert-small+judge_expr|optimal_global|setmaxheaptopk|0.4835
trec-covid|colbert-small+judge_expr|optimal_per_topic|judge|0.4858
trec-covid|colbert-small+judge_expr|optimal_per_topic|judge_expr|0.4873
trec-covid|colbert-small+judge_expr|optimal_per_topic|rankgpt|0.4853
trec-covid|colbert-small+judge_expr|optimal_per_topic|setmaxheaptopk|0.4859
trec-covid|colbert-small+judge_expr|quantile|judge|0.4835
trec-covid|colbert-small+judge_expr|quantile|judge_expr|0.4835
trec-covid|colbert-small+judge_expr|quantile|rankgpt|0.3492
trec-covid|colbert-small+judge_expr|quantile|setmaxheaptopk|0.3888
trec-covid|colbert-small+judge_expr|rank|judge|0.3489
trec-covid|colbert-small+judge_expr|rank|judge_expr|0.4714
trec-covid|colbert-small+judge_expr|rank|rankgpt|0.2763
trec-covid|colbert-small+judge_expr|rank|setmaxheaptopk|0.3158
trec-covid|colbert-small+judge_expr|thresholding|judge|0.4996
trec-covid|colbert-small+judge_expr|thresholding|judge_expr|0.506
trec-covid|colbert-small+judge_expr|thresholding|rankgpt|0.0
trec-covid|colbert-small+judge_expr|thresholding|setmaxheaptopk|0.0
trec-covid|colbert-small+point|direct|judge|0.3521
trec-covid|colbert-small+point|direct|judge_expr|0.3378
trec-covid|colbert-small+point|direct|rankgpt|0.0649
trec-covid|colbert-small+point|direct|setmaxheaptopk|0.1409
trec-covid|colbert-small+point|largest_gap|judge|0.2726
trec-covid|colbert-small+point|largest_gap|judge_expr|0.3667
trec-covid|colbert-small+point|largest_gap|rankgpt|0.0649
trec-covid|colbert-small+point|largest_gap|setmaxheaptopk|0.1409
trec-covid|colbert-small+point|optimal_global|judge|0.403
trec-covid|colbert-small+point|optimal_global|judge_expr|0.4003
trec-covid|colbert-small+point|optimal_global|rankgpt|0.4075
trec-covid|colbert-small+point|optimal_global|setmaxheaptopk|0.4075
trec-covid|colbert-small+point|optimal_per_topic|judge|0.4047
trec-covid|colbert-small+point|optimal_per_topic|judge_expr|0.408
trec-covid|colbert-small+point|optimal_per_topic|rankgpt|0.3988
trec-covid|colbert-small+point|optimal_per_topic|setmaxheaptopk|0.4036
trec-covid|colbert-small+point|quantile|judge|0.3383
trec-covid|colbert-small+point|quantile|judge_expr|0.2654
trec-covid|colbert-small+point|quantile|rankgpt|0.2227
trec-covid|colbert-small+point|quantile|setmaxheaptopk|0.2672
trec-covid|colbert-small+point|rank|judge|0.1777
trec-covid|colbert-small+point|rank|judge_expr|0.1584
trec-covid|colbert-small+point|rank|rankgpt|0.1421
trec-covid|colbert-small+point|rank|setmaxheaptopk|0.1621
trec-covid|colbert-small+point|thresholding|judge|0.3555
trec-covid|colbert-small+point|thresholding|judge_expr|0.3504
trec-covid|colbert-small+point|thresholding|rankgpt|0.0
trec-covid|colbert-small+point|thresholding|setmaxheaptopk|0.0
trec-covid|colbert-small+rankfirst|direct|judge|0.5592
trec-covid|colbert-small+rankfirst|direct|judge_expr|0.5408
trec-covid|colbert-small+rankfirst|direct|rankgpt|0.3765
trec-covid|colbert-small+rankfirst|direct|setmaxheaptopk|0.4187
trec-covid|colbert-small+rankfirst|largest_gap|judge|0.495
trec-covid|colbert-small+rankfirst|largest_gap|judge_expr|0.5574
trec-covid|colbert-small+rankfirst|largest_gap|rankgpt|0.3765
trec-covid|colbert-small+rankfirst|largest_gap|setmaxheaptopk|0.4187
trec-covid|colbert-small+rankfirst|optimal_global|judge|0.6012
trec-covid|colbert-small+rankfirst|optimal_global|judge_expr|0.6012
trec-covid|colbert-small+rankfirst|optimal_global|rankgpt|0.6012
trec-covid|colbert-small+rankfirst|optimal_global|setmaxheaptopk|0.6012
trec-covid|colbert-small+rankfirst|optimal_per_topic|judge|0.603
trec-covid|colbert-small+rankfirst|optimal_per_topic|judge_expr|0.6024
trec-covid|colbert-small+rankfirst|optimal_per_topic|rankgpt|0.5996
trec-covid|colbert-small+rankfirst|optimal_per_topic|setmaxheaptopk|0.6094
trec-covid|colbert-small+rankfirst|quantile|judge|0.5736
trec-covid|colbert-small+rankfirst|quantile|judge_expr|0.4896
trec-covid|colbert-small+rankfirst|quantile|rankgpt|0.4682
trec-covid|colbert-small+rankfirst|quantile|setmaxheaptopk|0.4871
trec-covid|colbert-small+rankfirst|rank|judge|0.3565
trec-covid|colbert-small+rankfirst|rank|judge_expr|0.35
trec-covid|colbert-small+rankfirst|rank|rankgpt|0.3423
trec-covid|colbert-small+rankfirst|rank|setmaxheaptopk|0.3766
trec-covid|colbert-small+rankfirst|thresholding|judge|0.5463
trec-covid|colbert-small+rankfirst|thresholding|judge_expr|0.5372
trec-covid|colbert-small+rankfirst|thresholding|rankgpt|0.0
trec-covid|colbert-small+rankfirst|thresholding|setmaxheaptopk|0.0
trec-covid|colbert-small+rankgpt|direct|judge|0.5343
trec-covid|colbert-small+rankgpt|direct|judge_expr|0.5142
trec-covid|colbert-small+rankgpt|direct|rankgpt|0.4112
trec-covid|colbert-small+rankgpt|direct|setmaxheaptopk|0.3869
trec-covid|colbert-small+rankgpt|largest_gap|judge|0.4632
trec-covid|colbert-small+rankgpt|largest_gap|judge_expr|0.5316
trec-covid|colbert-small+rankgpt|largest_gap|rankgpt|0.4112
trec-covid|colbert-small+rankgpt|largest_gap|setmaxheaptopk|0.3869
trec-covid|colbert-small+rankgpt|optimal_global|judge|0.5741
trec-covid|colbert-small+rankgpt|optimal_global|judge_expr|0.5727
trec-covid|colbert-small+rankgpt|optimal_global|rankgpt|0.5741
trec-covid|colbert-small+rankgpt|optimal_global|setmaxheaptopk|0.5741
trec-covid|colbert-small+rankgpt|optimal_per_topic|judge|0.5754
trec-covid|colbert-small+rankgpt|optimal_per_topic|judge_expr|0.5746
trec-covid|colbert-small+rankgpt|optimal_per_topic|rankgpt|0.5724
trec-covid|colbert-small+rankgpt|optimal_per_topic|setmaxheaptopk|0.5731
trec-covid|colbert-small+rankgpt|quantile|judge|0.5284
trec-covid|colbert-small+rankgpt|quantile|judge_expr|0.4586
trec-covid|colbert-small+rankgpt|quantile|rankgpt|0.4326
trec-covid|colbert-small+rankgpt|quantile|setmaxheaptopk|0.4476
trec-covid|colbert-small+rankgpt|rank|judge|0.3179
trec-covid|colbert-small+rankgpt|rank|judge_expr|0.341
trec-covid|colbert-small+rankgpt|rank|rankgpt|0.3252
trec-covid|colbert-small+rankgpt|rank|setmaxheaptopk|0.3558
trec-covid|colbert-small+rankgpt|thresholding|judge|0.5289
trec-covid|colbert-small+rankgpt|thresholding|judge_expr|0.5171
trec-covid|colbert-small+rankgpt|thresholding|rankgpt|0.0
trec-covid|colbert-small+rankgpt|thresholding|setmaxheaptopk|0.0
trec-covid|colbert-small+rankzephyr|direct|judge|0.5607
trec-covid|colbert-small+rankzephyr|direct|judge_expr|0.5343
trec-covid|colbert-small+rankzephyr|direct|rankgpt|0.2355
trec-covid|colbert-small+rankzephyr|largest_gap|judge|0.4383
trec-covid|colbert-small+rankzephyr|largest_gap|judge_expr|0.559
trec-covid|colbert-small+rankzephyr|largest_gap|rankgpt|0.2355
trec-covid|colbert-small+rankzephyr|optimal_global|judge|0.644
trec-covid|colbert-small+rankzephyr|optimal_global|judge_expr|0.6398
trec-covid|colbert-small+rankzephyr|optimal_global|rankgpt|0.644
trec-covid|colbert-small+rankzephyr|optimal_per_topic|judge|0.6436
trec-covid|colbert-small+rankzephyr|optimal_per_topic|judge_expr|0.6451
trec-covid|colbert-small+rankzephyr|optimal_per_topic|rankgpt|0.6467
trec-covid|colbert-small+rankzephyr|quantile|judge|0.5412
trec-covid|colbert-small+rankzephyr|quantile|judge_expr|0.4303
trec-covid|colbert-small+rankzephyr|quantile|rankgpt|0.4439
trec-covid|colbert-small+rankzephyr|rank|judge|0.2994
trec-covid|colbert-small+rankzephyr|rank|judge_expr|0.2725
trec-covid|colbert-small+rankzephyr|rank|rankgpt|0.2803
trec-covid|colbert-small+rankzephyr|thresholding|judge|0.5682
trec-covid|colbert-small+rankzephyr|thresholding|judge_expr|0.5482
trec-covid|colbert-small+rankzephyr|thresholding|rankgpt|0.0
trec-covid|colbert-small+setmaxheaptopk|direct|judge|0.5198
trec-covid|colbert-small+setmaxheaptopk|direct|judge_expr|0.5116
trec-covid|colbert-small+setmaxheaptopk|direct|rankgpt|0.3744
trec-covid|colbert-small+setmaxheaptopk|direct|setmaxheaptopk|0.4511
trec-covid|colbert-small+setmaxheaptopk|largest_gap|judge|0.4647
trec-covid|colbert-small+setmaxheaptopk|largest_gap|judge_expr|0.5223
trec-covid|colbert-small+setmaxheaptopk|largest_gap|rankgpt|0.3744
trec-covid|colbert-small+setmaxheaptopk|largest_gap|setmaxheaptopk|0.4511
trec-covid|colbert-small+setmaxheaptopk|optimal_global|judge|0.5537
trec-covid|colbert-small+setmaxheaptopk|optimal_global|judge_expr|0.5525
trec-covid|colbert-small+setmaxheaptopk|optimal_global|rankgpt|0.5537
trec-covid|colbert-small+setmaxheaptopk|optimal_global|setmaxheaptopk|0.5537
trec-covid|colbert-small+setmaxheaptopk|optimal_per_topic|judge|0.5554
trec-covid|colbert-small+setmaxheaptopk|optimal_per_topic|judge_expr|0.5571
trec-covid|colbert-small+setmaxheaptopk|optimal_per_topic|rankgpt|0.5552
trec-covid|colbert-small+setmaxheaptopk|optimal_per_topic|setmaxheaptopk|0.5602
trec-covid|colbert-small+setmaxheaptopk|quantile|judge|0.5332
trec-covid|colbert-small+setmaxheaptopk|quantile|judge_expr|0.4766
trec-covid|colbert-small+setmaxheaptopk|quantile|rankgpt|0.4302
trec-covid|colbert-small+setmaxheaptopk|quantile|setmaxheaptopk|0.4538
trec-covid|colbert-small+setmaxheaptopk|rank|judge|0.3306
trec-covid|colbert-small+setmaxheaptopk|rank|judge_expr|0.3462
trec-covid|colbert-small+setmaxheaptopk|rank|rankgpt|0.3197
trec-covid|colbert-small+setmaxheaptopk|rank|setmaxheaptopk|0.3681
trec-covid|colbert-small+setmaxheaptopk|thresholding|judge|0.5126
trec-covid|colbert-small+setmaxheaptopk|thresholding|judge_expr|0.5057
trec-covid|colbert-small+setmaxheaptopk|thresholding|rankgpt|0.0
trec-covid|colbert-small+setmaxheaptopk|thresholding|setmaxheaptopk|0.0
trec-covid|nomicai-modernbert-embed|direct|judge|0.5479
trec-covid|nomicai-modernbert-embed|direct|judge_expr|0.5243
trec-covid|nomicai-modernbert-embed|direct|rankgpt|0.2653
trec-covid|nomicai-modernbert-embed|direct|setmaxheaptopk|0.2937
trec-covid|nomicai-modernbert-embed|largest_gap|judge|0.4432
trec-covid|nomicai-modernbert-embed|largest_gap|judge_expr|0.5526
trec-covid|nomicai-modernbert-embed|largest_gap|rankgpt|0.2653
trec-covid|nomicai-modernbert-embed|largest_gap|setmaxheaptopk|0.2937
trec-covid|nomicai-modernbert-embed|optimal_global|judge|0.6141
trec-covid|nomicai-modernbert-embed|optimal_global|judge_expr|0.6099
trec-covid|nomicai-modernbert-embed|optimal_global|rankgpt|0.6141
trec-covid|nomicai-modernbert-embed|optimal_global|setmaxheaptopk|0.6141
trec-covid|nomicai-modernbert-embed|optimal_per_topic|judge|0.6121
trec-covid|nomicai-modernbert-embed|optimal_per_topic|judge_expr|0.6074
trec-covid|nomicai-modernbert-embed|optimal_per_topic|rankgpt|0.6094
trec-covid|nomicai-modernbert-embed|optimal_per_topic|setmaxheaptopk|0.6108
trec-covid|nomicai-modernbert-embed|quantile|judge|0.5509
trec-covid|nomicai-modernbert-embed|quantile|judge_expr|0.4648
trec-covid|nomicai-modernbert-embed|quantile|rankgpt|0.4726
trec-covid|nomicai-modernbert-embed|quantile|setmaxheaptopk|0.4491
trec-covid|nomicai-modernbert-embed|rank|judge|0.3439
trec-covid|nomicai-modernbert-embed|rank|judge_expr|0.3088
trec-covid|nomicai-modernbert-embed|rank|rankgpt|0.3192
trec-covid|nomicai-modernbert-embed|rank|setmaxheaptopk|0.3228
trec-covid|nomicai-modernbert-embed|thresholding|judge|0.5466
trec-covid|nomicai-modernbert-embed|thresholding|judge_expr|0.5256
trec-covid|nomicai-modernbert-embed|thresholding|rankgpt|0.0
trec-covid|nomicai-modernbert-embed|thresholding|setmaxheaptopk|0.0
trec-covid|nomicai-modernbert-embed+judge|direct|judge|0.3809
trec-covid|nomicai-modernbert-embed+judge|direct|judge_expr|0.387
trec-covid|nomicai-modernbert-embed+judge|direct|rankgpt|0.1365
trec-covid|nomicai-modernbert-embed+judge|direct|setmaxheaptopk|0.1348
trec-covid|nomicai-modernbert-embed+judge|largest_gap|judge|0.4131
trec-covid|nomicai-modernbert-embed+judge|largest_gap|judge_expr|0.3847
trec-covid|nomicai-modernbert-embed+judge|largest_gap|rankgpt|0.1365
trec-covid|nomicai-modernbert-embed+judge|largest_gap|setmaxheaptopk|0.1348
trec-covid|nomicai-modernbert-embed+judge|optimal_global|judge|0.368
trec-covid|nomicai-modernbert-embed+judge|optimal_global|judge_expr|0.3687
trec-covid|nomicai-modernbert-embed+judge|optimal_global|rankgpt|0.368
trec-covid|nomicai-modernbert-embed+judge|optimal_global|setmaxheaptopk|0.368
trec-covid|nomicai-modernbert-embed+judge|optimal_per_topic|judge|0.3689
trec-covid|nomicai-modernbert-embed+judge|optimal_per_topic|judge_expr|0.3711
trec-covid|nomicai-modernbert-embed+judge|optimal_per_topic|rankgpt|0.3661
trec-covid|nomicai-modernbert-embed+judge|optimal_per_topic|setmaxheaptopk|0.3729
trec-covid|nomicai-modernbert-embed+judge|quantile|judge|0.368
trec-covid|nomicai-modernbert-embed+judge|quantile|judge_expr|0.3244
trec-covid|nomicai-modernbert-embed+judge|quantile|rankgpt|0.235
trec-covid|nomicai-modernbert-embed+judge|quantile|setmaxheaptopk|0.2543
trec-covid|nomicai-modernbert-embed+judge|rank|judge|0.2597
trec-covid|nomicai-modernbert-embed+judge|rank|judge_expr|0.2511
trec-covid|nomicai-modernbert-embed+judge|rank|rankgpt|0.17
trec-covid|nomicai-modernbert-embed+judge|rank|setmaxheaptopk|0.1836
trec-covid|nomicai-modernbert-embed+judge|thresholding|judge|0.3827
trec-covid|nomicai-modernbert-embed+judge|thresholding|judge_expr|0.3864
trec-covid|nomicai-modernbert-embed+judge|thresholding|rankgpt|0.0
trec-covid|nomicai-modernbert-embed+judge|thresholding|setmaxheaptopk|0.0
trec-covid|nomicai-modernbert-embed+judge_expr|direct|judge|0.484
trec-covid|nomicai-modernbert-embed+judge_expr|direct|judge_expr|0.4949
trec-covid|nomicai-modernbert-embed+judge_expr|direct|rankgpt|0.4301
trec-covid|nomicai-modernbert-embed+judge_expr|direct|setmaxheaptopk|0.2761
trec-covid|nomicai-modernbert-embed+judge_expr|largest_gap|judge|0.5376
trec-covid|nomicai-modernbert-embed+judge_expr|largest_gap|judge_expr|0.489
trec-covid|nomicai-modernbert-embed+judge_expr|largest_gap|rankgpt|0.4301
trec-covid|nomicai-modernbert-embed+judge_expr|largest_gap|setmaxheaptopk|0.2761
trec-covid|nomicai-modernbert-embed+judge_expr|optimal_global|judge|0.4651
trec-covid|nomicai-modernbert-embed+judge_expr|optimal_global|judge_expr|0.4664
trec-covid|nomicai-modernbert-embed+judge_expr|optimal_global|rankgpt|0.4651
trec-covid|nomicai-modernbert-embed+judge_expr|optimal_global|setmaxheaptopk|0.4651
trec-covid|nomicai-modernbert-embed+judge_expr|optimal_per_topic|judge|0.4674
trec-covid|nomicai-modernbert-embed+judge_expr|optimal_per_topic|judge_expr|0.4688
trec-covid|nomicai-modernbert-embed+judge_expr|optimal_per_topic|rankgpt|0.4689
trec-covid|nomicai-modernbert-embed+judge_expr|optimal_per_topic|setmaxheaptopk|0.4717
trec-covid|nomicai-modernbert-embed+judge_expr|quantile|judge|0.4651
trec-covid|nomicai-modernbert-embed+judge_expr|quantile|judge_expr|0.4651
trec-covid|nomicai-modernbert-embed+judge_expr|quantile|rankgpt|0.3559
trec-covid|nomicai-modernbert-embed+judge_expr|quantile|setmaxheaptopk|0.3804
trec-covid|nomicai-modernbert-embed+judge_expr|rank|judge|0.3307
trec-covid|nomicai-modernbert-embed+judge_expr|rank|judge_expr|0.4583
trec-covid|nomicai-modernbert-embed+judge_expr|rank|rankgpt|0.2917
trec-covid|nomicai-modernbert-embed+judge_expr|rank|setmaxheaptopk|0.3217
trec-covid|nomicai-modernbert-embed+judge_expr|thresholding|judge|0.4862
trec-covid|nomicai-modernbert-embed+judge_expr|thresholding|judge_expr|0.492
trec-covid|nomicai-modernbert-embed+judge_expr|thresholding|rankgpt|0.0
trec-covid|nomicai-modernbert-embed+judge_expr|thresholding|setmaxheaptopk|0.0
trec-covid|nomicai-modernbert-embed+point|direct|judge|0.3307
trec-covid|nomicai-modernbert-embed+point|direct|judge_expr|0.314
trec-covid|nomicai-modernbert-embed+point|direct|rankgpt|0.0504
trec-covid|nomicai-modernbert-embed+point|direct|setmaxheaptopk|0.1069
trec-covid|nomicai-modernbert-embed+point|largest_gap|judge|0.2441
trec-covid|nomicai-modernbert-embed+point|largest_gap|judge_expr|0.3347
trec-covid|nomicai-modernbert-embed+point|largest_gap|rankgpt|0.0504
trec-covid|nomicai-modernbert-embed+point|largest_gap|setmaxheaptopk|0.1069
trec-covid|nomicai-modernbert-embed+point|optimal_global|judge|0.3755
trec-covid|nomicai-modernbert-embed+point|optimal_global|judge_expr|0.3727
trec-covid|nomicai-modernbert-embed+point|optimal_global|rankgpt|0.3755
trec-covid|nomicai-modernbert-embed+point|optimal_global|setmaxheaptopk|0.3755
trec-covid|nomicai-modernbert-embed+point|optimal_per_topic|judge|0.3757
trec-covid|nomicai-modernbert-embed+point|optimal_per_topic|judge_expr|0.3762
trec-covid|nomicai-modernbert-embed+point|optimal_per_topic|rankgpt|0.3727
trec-covid|nomicai-modernbert-embed+point|optimal_per_topic|setmaxheaptopk|0.3734
trec-covid|nomicai-modernbert-embed+point|quantile|judge|0.3247
trec-covid|nomicai-modernbert-embed+point|quantile|judge_expr|0.2593
trec-covid|nomicai-modernbert-embed+point|quantile|rankgpt|0.2114
trec-covid|nomicai-modernbert-embed+point|quantile|setmaxheaptopk|0.2401
trec-covid|nomicai-modernbert-embed+point|rank|judge|0.1721
trec-covid|nomicai-modernbert-embed+point|rank|judge_expr|0.1444
trec-covid|nomicai-modernbert-embed+point|rank|rankgpt|0.1318
trec-covid|nomicai-modernbert-embed+point|rank|setmaxheaptopk|0.1467
trec-covid|nomicai-modernbert-embed+point|thresholding|judge|0.334
trec-covid|nomicai-modernbert-embed+point|thresholding|judge_expr|0.3259
trec-covid|nomicai-modernbert-embed+point|thresholding|rankgpt|0.0
trec-covid|nomicai-modernbert-embed+point|thresholding|setmaxheaptopk|0.0
trec-covid|nomicai-modernbert-embed+rankfirst|direct|judge|0.5381
trec-covid|nomicai-modernbert-embed+rankfirst|direct|judge_expr|0.5239
trec-covid|nomicai-modernbert-embed+rankfirst|direct|rankgpt|0.3404
trec-covid|nomicai-modernbert-embed+rankfirst|direct|setmaxheaptopk|0.3555
trec-covid|nomicai-modernbert-embed+rankfirst|largest_gap|judge|0.4693
trec-covid|nomicai-modernbert-embed+rankfirst|largest_gap|judge_expr|0.541
trec-covid|nomicai-modernbert-embed+rankfirst|largest_gap|rankgpt|0.3404
trec-covid|nomicai-modernbert-embed+rankfirst|largest_gap|setmaxheaptopk|0.3555
trec-covid|nomicai-modernbert-embed+rankfirst|optimal_global|judge|0.5715
trec-covid|nomicai-modernbert-embed+rankfirst|optimal_global|judge_expr|0.5711
trec-covid|nomicai-modernbert-embed+rankfirst|optimal_global|rankgpt|0.5715
trec-covid|nomicai-modernbert-embed+rankfirst|optimal_global|setmaxheaptopk|0.5715
trec-covid|nomicai-modernbert-embed+rankfirst|optimal_per_topic|judge|0.5737
trec-covid|nomicai-modernbert-embed+rankfirst|optimal_per_topic|judge_expr|0.5737
trec-covid|nomicai-modernbert-embed+rankfirst|optimal_per_topic|rankgpt|0.5697
trec-covid|nomicai-modernbert-embed+rankfirst|optimal_per_topic|setmaxheaptopk|0.5779
trec-covid|nomicai-modernbert-embed+rankfirst|quantile|judge|0.5455
trec-covid|nomicai-modernbert-embed+rankfirst|quantile|judge_expr|0.4778
trec-covid|nomicai-modernbert-embed+rankfirst|quantile|rankgpt|0.4527
trec-covid|nomicai-modernbert-embed+rankfirst|quantile|setmaxheaptopk|0.4442
trec-covid|nomicai-modernbert-embed+rankfirst|rank|judge|0.3564
trec-covid|nomicai-modernbert-embed+rankfirst|rank|judge_expr|0.3566
trec-covid|nomicai-modernbert-embed+rankfirst|rank|rankgpt|0.3331
trec-covid|nomicai-modernbert-embed+rankfirst|rank|setmaxheaptopk|0.3634
trec-covid|nomicai-modernbert-embed+rankfirst|thresholding|judge|0.5395
trec-covid|nomicai-modernbert-embed+rankfirst|thresholding|judge_expr|0.5254
trec-covid|nomicai-modernbert-embed+rankfirst|thresholding|rankgpt|0.0
trec-covid|nomicai-modernbert-embed+rankfirst|thresholding|setmaxheaptopk|0.0
trec-covid|nomicai-modernbert-embed+rankgpt|direct|judge|0.5228
trec-covid|nomicai-modernbert-embed+rankgpt|direct|judge_expr|0.5052
trec-covid|nomicai-modernbert-embed+rankgpt|direct|rankgpt|0.3765
trec-covid|nomicai-modernbert-embed+rankgpt|direct|setmaxheaptopk|0.3149
trec-covid|nomicai-modernbert-embed+rankgpt|largest_gap|judge|0.4773
trec-covid|nomicai-modernbert-embed+rankgpt|largest_gap|judge_expr|0.517
trec-covid|nomicai-modernbert-embed+rankgpt|largest_gap|rankgpt|0.3765
trec-covid|nomicai-modernbert-embed+rankgpt|largest_gap|setmaxheaptopk|0.3149
trec-covid|nomicai-modernbert-embed+rankgpt|optimal_global|judge|0.5614
trec-covid|nomicai-modernbert-embed+rankgpt|optimal_global|judge_expr|0.5607
trec-covid|nomicai-modernbert-embed+rankgpt|optimal_global|rankgpt|0.5614
trec-covid|nomicai-modernbert-embed+rankgpt|optimal_global|setmaxheaptopk|0.5614
trec-covid|nomicai-modernbert-embed+rankgpt|optimal_per_topic|judge|0.5635
trec-covid|nomicai-modernbert-embed+rankgpt|optimal_per_topic|judge_expr|0.5638
trec-covid|nomicai-modernbert-embed+rankgpt|optimal_per_topic|rankgpt|0.5593
trec-covid|nomicai-modernbert-embed+rankgpt|optimal_per_topic|setmaxheaptopk|0.5615
trec-covid|nomicai-modernbert-embed+rankgpt|quantile|judge|0.5454
trec-covid|nomicai-modernbert-embed+rankgpt|quantile|judge_expr|0.4901
trec-covid|nomicai-modernbert-embed+rankgpt|quantile|rankgpt|0.4412
trec-covid|nomicai-modernbert-embed+rankgpt|quantile|setmaxheaptopk|0.4314
trec-covid|nomicai-modernbert-embed+rankgpt|rank|judge|0.317
trec-covid|nomicai-modernbert-embed+rankgpt|rank|judge_expr|0.3242
trec-covid|nomicai-modernbert-embed+rankgpt|rank|rankgpt|0.3422
trec-covid|nomicai-modernbert-embed+rankgpt|rank|setmaxheaptopk|0.3391
trec-covid|nomicai-modernbert-embed+rankgpt|thresholding|judge|0.5127
trec-covid|nomicai-modernbert-embed+rankgpt|thresholding|judge_expr|0.4943
trec-covid|nomicai-modernbert-embed+rankgpt|thresholding|rankgpt|0.0
trec-covid|nomicai-modernbert-embed+rankgpt|thresholding|setmaxheaptopk|0.0
trec-covid|nomicai-modernbert-embed+rankzephyr|direct|judge|0.5424
trec-covid|nomicai-modernbert-embed+rankzephyr|direct|judge_expr|0.5168
trec-covid|nomicai-modernbert-embed+rankzephyr|direct|rankgpt|0.2528
trec-covid|nomicai-modernbert-embed+rankzephyr|largest_gap|judge|0.4355
trec-covid|nomicai-modernbert-embed+rankzephyr|largest_gap|judge_expr|0.5449
trec-covid|nomicai-modernbert-embed+rankzephyr|largest_gap|rankgpt|0.2528
trec-covid|nomicai-modernbert-embed+rankzephyr|optimal_global|judge|0.61
trec-covid|nomicai-modernbert-embed+rankzephyr|optimal_global|judge_expr|0.6065
trec-covid|nomicai-modernbert-embed+rankzephyr|optimal_global|rankgpt|0.61
trec-covid|nomicai-modernbert-embed+rankzephyr|optimal_per_topic|judge|0.608
trec-covid|nomicai-modernbert-embed+rankzephyr|optimal_per_topic|judge_expr|0.6034
trec-covid|nomicai-modernbert-embed+rankzephyr|optimal_per_topic|rankgpt|0.6053
trec-covid|nomicai-modernbert-embed+rankzephyr|quantile|judge|0.547
trec-covid|nomicai-modernbert-embed+rankzephyr|quantile|judge_expr|0.4614
trec-covid|nomicai-modernbert-embed+rankzephyr|quantile|rankgpt|0.4686
trec-covid|nomicai-modernbert-embed+rankzephyr|rank|judge|0.3362
trec-covid|nomicai-modernbert-embed+rankzephyr|rank|judge_expr|0.3038
trec-covid|nomicai-modernbert-embed+rankzephyr|rank|rankgpt|0.3159
trec-covid|nomicai-modernbert-embed+rankzephyr|thresholding|judge|0.5389
trec-covid|nomicai-modernbert-embed+rankzephyr|thresholding|judge_expr|0.5179
trec-covid|nomicai-modernbert-embed+rankzephyr|thresholding|rankgpt|0.0
trec-covid|nomicai-modernbert-embed+setmaxheaptopk|direct|judge|0.5019
trec-covid|nomicai-modernbert-embed+setmaxheaptopk|direct|judge_expr|0.4939
trec-covid|nomicai-modernbert-embed+setmaxheaptopk|direct|rankgpt|0.3871
trec-covid|nomicai-modernbert-embed+setmaxheaptopk|direct|setmaxheaptopk|0.3653
trec-covid|nomicai-modernbert-embed+setmaxheaptopk|largest_gap|judge|0.4608
trec-covid|nomicai-modernbert-embed+setmaxheaptopk|largest_gap|judge_expr|0.5072
trec-covid|nomicai-modernbert-embed+setmaxheaptopk|largest_gap|rankgpt|0.3871
trec-covid|nomicai-modernbert-embed+setmaxheaptopk|largest_gap|setmaxheaptopk|0.3653
trec-covid|nomicai-modernbert-embed+setmaxheaptopk|optimal_global|judge|0.5197
trec-covid|nomicai-modernbert-embed+setmaxheaptopk|optimal_global|judge_expr|0.5197
trec-covid|nomicai-modernbert-embed+setmaxheaptopk|optimal_global|rankgpt|0.5197
trec-covid|nomicai-modernbert-embed+setmaxheaptopk|optimal_global|setmaxheaptopk|0.5197
trec-covid|nomicai-modernbert-embed+setmaxheaptopk|optimal_per_topic|judge|0.518
trec-covid|nomicai-modernbert-embed+setmaxheaptopk|optimal_per_topic|judge_expr|0.5219
trec-covid|nomicai-modernbert-embed+setmaxheaptopk|optimal_per_topic|rankgpt|0.5197
trec-covid|nomicai-modernbert-embed+setmaxheaptopk|optimal_per_topic|setmaxheaptopk|0.5226
trec-covid|nomicai-modernbert-embed+setmaxheaptopk|quantile|judge|0.5045
trec-covid|nomicai-modernbert-embed+setmaxheaptopk|quantile|judge_expr|0.4555
trec-covid|nomicai-modernbert-embed+setmaxheaptopk|quantile|rankgpt|0.426
trec-covid|nomicai-modernbert-embed+setmaxheaptopk|quantile|setmaxheaptopk|0.4225
trec-covid|nomicai-modernbert-embed+setmaxheaptopk|rank|judge|0.3297
trec-covid|nomicai-modernbert-embed+setmaxheaptopk|rank|judge_expr|0.3357
trec-covid|nomicai-modernbert-embed+setmaxheaptopk|rank|rankgpt|0.3143
trec-covid|nomicai-modernbert-embed+setmaxheaptopk|rank|setmaxheaptopk|0.3544
trec-covid|nomicai-modernbert-embed+setmaxheaptopk|thresholding|judge|0.5061
trec-covid|nomicai-modernbert-embed+setmaxheaptopk|thresholding|judge_expr|0.4867
trec-covid|nomicai-modernbert-embed+setmaxheaptopk|thresholding|rankgpt|0.0
trec-covid|nomicai-modernbert-embed+setmaxheaptopk|thresholding|setmaxheaptopk|0.0
trec-covid|qwen3-embed-600m|direct|judge|0.502
trec-covid|qwen3-embed-600m|direct|judge_expr|0.4739
trec-covid|qwen3-embed-600m|direct|rankgpt|0.29
trec-covid|qwen3-embed-600m|direct|setmaxheaptopk|0.2653
trec-covid|qwen3-embed-600m|largest_gap|judge|0.3931
trec-covid|qwen3-embed-600m|largest_gap|judge_expr|0.4938
trec-covid|qwen3-embed-600m|largest_gap|rankgpt|0.29
trec-covid|qwen3-embed-600m|largest_gap|setmaxheaptopk|0.2653
trec-covid|qwen3-embed-600m|optimal_global|judge|0.5631
trec-covid|qwen3-embed-600m|optimal_global|judge_expr|0.56
trec-covid|qwen3-embed-600m|optimal_global|rankgpt|0.5631
trec-covid|qwen3-embed-600m|optimal_global|setmaxheaptopk|0.5631
trec-covid|qwen3-embed-600m|optimal_per_topic|judge|0.5641
trec-covid|qwen3-embed-600m|optimal_per_topic|judge_expr|0.5634
trec-covid|qwen3-embed-600m|optimal_per_topic|rankgpt|0.5671
trec-covid|qwen3-embed-600m|optimal_per_topic|setmaxheaptopk|0.5711
trec-covid|qwen3-embed-600m|quantile|judge|0.5183
trec-covid|qwen3-embed-600m|quantile|judge_expr|0.4045
trec-covid|qwen3-embed-600m|quantile|rankgpt|0.4166
trec-covid|qwen3-embed-600m|quantile|setmaxheaptopk|0.4266
trec-covid|qwen3-embed-600m|rank|judge|0.3156
trec-covid|qwen3-embed-600m|rank|judge_expr|0.2784
trec-covid|qwen3-embed-600m|rank|rankgpt|0.2772
trec-covid|qwen3-embed-600m|rank|setmaxheaptopk|0.3109
trec-covid|qwen3-embed-600m|thresholding|judge|0.4968
trec-covid|qwen3-embed-600m|thresholding|judge_expr|0.4777
trec-covid|qwen3-embed-600m|thresholding|rankgpt|0.0
trec-covid|qwen3-embed-600m|thresholding|setmaxheaptopk|0.0
trec-covid|qwen3-embed-600m+judge|direct|judge|0.3556
trec-covid|qwen3-embed-600m+judge|direct|judge_expr|0.36
trec-covid|qwen3-embed-600m+judge|direct|rankgpt|0.0935
trec-covid|qwen3-embed-600m+judge|direct|setmaxheaptopk|0.0871
trec-covid|qwen3-embed-600m+judge|largest_gap|judge|0.3901
trec-covid|qwen3-embed-600m+judge|largest_gap|judge_expr|0.3584
trec-covid|qwen3-embed-600m+judge|largest_gap|rankgpt|0.0935
trec-covid|qwen3-embed-600m+judge|largest_gap|setmaxheaptopk|0.0871
trec-covid|qwen3-embed-600m+judge|optimal_global|judge|0.3442
trec-covid|qwen3-embed-600m+judge|optimal_global|judge_expr|0.3448
trec-covid|qwen3-embed-600m+judge|optimal_global|rankgpt|0.3442
trec-covid|qwen3-embed-600m+judge|optimal_global|setmaxheaptopk|0.3442
trec-covid|qwen3-embed-600m+judge|optimal_per_topic|judge|0.3448
trec-covid|qwen3-embed-600m+judge|optimal_per_topic|judge_expr|0.3469
trec-covid|qwen3-embed-600m+judge|optimal_per_topic|rankgpt|0.3432
trec-covid|qwen3-embed-600m+judge|optimal_per_topic|setmaxheaptopk|0.3479
trec-covid|qwen3-embed-600m+judge|quantile|judge|0.3442
trec-covid|qwen3-embed-600m+judge|quantile|judge_expr|0.3123
trec-covid|qwen3-embed-600m+judge|quantile|rankgpt|0.2181
trec-covid|qwen3-embed-600m+judge|quantile|setmaxheaptopk|0.2426
trec-covid|qwen3-embed-600m+judge|rank|judge|0.243
trec-covid|qwen3-embed-600m+judge|rank|judge_expr|0.2328
trec-covid|qwen3-embed-600m+judge|rank|rankgpt|0.1517
trec-covid|qwen3-embed-600m+judge|rank|setmaxheaptopk|0.1683
trec-covid|qwen3-embed-600m+judge|thresholding|judge|0.3566
trec-covid|qwen3-embed-600m+judge|thresholding|judge_expr|0.3567
trec-covid|qwen3-embed-600m+judge|thresholding|rankgpt|0.0
trec-covid|qwen3-embed-600m+judge|thresholding|setmaxheaptopk|0.0
trec-covid|qwen3-embed-600m+judge_expr|direct|judge|0.4906
trec-covid|qwen3-embed-600m+judge_expr|direct|judge_expr|0.4999
trec-covid|qwen3-embed-600m+judge_expr|direct|rankgpt|0.3562
trec-covid|qwen3-embed-600m+judge_expr|direct|setmaxheaptopk|0.2514
trec-covid|qwen3-embed-600m+judge_expr|largest_gap|judge|0.5464
trec-covid|qwen3-embed-600m+judge_expr|largest_gap|judge_expr|0.4925
trec-covid|qwen3-embed-600m+judge_expr|largest_gap|rankgpt|0.3562
trec-covid|qwen3-embed-600m+judge_expr|largest_gap|setmaxheaptopk|0.2514
trec-covid|qwen3-embed-600m+judge_expr|optimal_global|judge|0.4734
trec-covid|qwen3-embed-600m+judge_expr|optimal_global|judge_expr|0.4739
trec-covid|qwen3-embed-600m+judge_expr|optimal_global|rankgpt|0.4734
trec-covid|qwen3-embed-600m+judge_expr|optimal_global|setmaxheaptopk|0.4734
trec-covid|qwen3-embed-600m+judge_expr|optimal_per_topic|judge|0.475
trec-covid|qwen3-embed-600m+judge_expr|optimal_per_topic|judge_expr|0.4753
trec-covid|qwen3-embed-600m+judge_expr|optimal_per_topic|rankgpt|0.475
trec-covid|qwen3-embed-600m+judge_expr|optimal_per_topic|setmaxheaptopk|0.4736
trec-covid|qwen3-embed-600m+judge_expr|quantile|judge|0.4734
trec-covid|qwen3-embed-600m+judge_expr|quantile|judge_expr|0.4734
trec-covid|qwen3-embed-600m+judge_expr|quantile|rankgpt|0.347
trec-covid|qwen3-embed-600m+judge_expr|quantile|setmaxheaptopk|0.3714
trec-covid|qwen3-embed-600m+judge_expr|rank|judge|0.3201
trec-covid|qwen3-embed-600m+judge_expr|rank|judge_expr|0.4629
trec-covid|qwen3-embed-600m+judge_expr|rank|rankgpt|0.2744
trec-covid|qwen3-embed-600m+judge_expr|rank|setmaxheaptopk|0.3086
trec-covid|qwen3-embed-600m+judge_expr|thresholding|judge|0.486
trec-covid|qwen3-embed-600m+judge_expr|thresholding|judge_expr|0.4891
trec-covid|qwen3-embed-600m+judge_expr|thresholding|rankgpt|0.0
trec-covid|qwen3-embed-600m+judge_expr|thresholding|setmaxheaptopk|0.0
trec-covid|qwen3-embed-600m+point|direct|judge|0.3508
trec-covid|qwen3-embed-600m+point|direct|judge_expr|0.3362
trec-covid|qwen3-embed-600m+point|direct|rankgpt|0.0593
trec-covid|qwen3-embed-600m+point|direct|setmaxheaptopk|0.1209
trec-covid|qwen3-embed-600m+point|largest_gap|judge|0.271
trec-covid|qwen3-embed-600m+point|largest_gap|judge_expr|0.3579
trec-covid|qwen3-embed-600m+point|largest_gap|rankgpt|0.0593
trec-covid|qwen3-embed-600m+point|largest_gap|setmaxheaptopk|0.1209
trec-covid|qwen3-embed-600m+point|optimal_global|judge|0.3959
trec-covid|qwen3-embed-600m+point|optimal_global|judge_expr|0.3931
trec-covid|qwen3-embed-600m+point|optimal_global|rankgpt|0.3959
trec-covid|qwen3-embed-600m+point|optimal_global|setmaxheaptopk|0.3959
trec-covid|qwen3-embed-600m+point|optimal_per_topic|judge|0.3946
trec-covid|qwen3-embed-600m+point|optimal_per_topic|judge_expr|0.3965
trec-covid|qwen3-embed-600m+point|optimal_per_topic|rankgpt|0.3871
trec-covid|qwen3-embed-600m+point|optimal_per_topic|setmaxheaptopk|0.3886
trec-covid|qwen3-embed-600m+point|quantile|judge|0.3387
trec-covid|qwen3-embed-600m+point|quantile|judge_expr|0.2732
trec-covid|qwen3-embed-600m+point|quantile|rankgpt|0.2114
trec-covid|qwen3-embed-600m+point|quantile|setmaxheaptopk|0.2584
trec-covid|qwen3-embed-600m+point|rank|judge|0.1755
trec-covid|qwen3-embed-600m+point|rank|judge_expr|0.1632
trec-covid|qwen3-embed-600m+point|rank|rankgpt|0.1385
trec-covid|qwen3-embed-600m+point|rank|setmaxheaptopk|0.1603
trec-covid|qwen3-embed-600m+point|thresholding|judge|0.3499
trec-covid|qwen3-embed-600m+point|thresholding|judge_expr|0.3417
trec-covid|qwen3-embed-600m+point|thresholding|rankgpt|0.0
trec-covid|qwen3-embed-600m+point|thresholding|setmaxheaptopk|0.0
trec-covid|qwen3-embed-600m+rankfirst|direct|judge|0.5469
trec-covid|qwen3-embed-600m+rankfirst|direct|judge_expr|0.524
trec-covid|qwen3-embed-600m+rankfirst|direct|rankgpt|0.3557
trec-covid|qwen3-embed-600m+rankfirst|direct|setmaxheaptopk|0.373
trec-covid|qwen3-embed-600m+rankfirst|largest_gap|judge|0.4736
trec-covid|qwen3-embed-600m+rankfirst|largest_gap|judge_expr|0.5366
trec-covid|qwen3-embed-600m+rankfirst|largest_gap|rankgpt|0.3557
trec-covid|qwen3-embed-600m+rankfirst|largest_gap|setmaxheaptopk|0.373
trec-covid|qwen3-embed-600m+rankfirst|optimal_global|judge|0.5894
trec-covid|qwen3-embed-600m+rankfirst|optimal_global|judge_expr|0.5859
trec-covid|qwen3-embed-600m+rankfirst|optimal_global|rankgpt|0.5894
trec-covid|qwen3-embed-600m+rankfirst|optimal_global|setmaxheaptopk|0.5894
trec-covid|qwen3-embed-600m+rankfirst|optimal_per_topic|judge|0.5906
trec-covid|qwen3-embed-600m+rankfirst|optimal_per_topic|judge_expr|0.5915
trec-covid|qwen3-embed-600m+rankfirst|optimal_per_topic|rankgpt|0.5855
trec-covid|qwen3-embed-600m+rankfirst|optimal_per_topic|setmaxheaptopk|0.5936
trec-covid|qwen3-embed-600m+rankfirst|quantile|judge|0.562
trec-covid|qwen3-embed-600m+rankfirst|quantile|judge_expr|0.4772
trec-covid|qwen3-embed-600m+rankfirst|quantile|rankgpt|0.4581
trec-covid|qwen3-embed-600m+rankfirst|quantile|setmaxheaptopk|0.4655
trec-covid|qwen3-embed-600m+rankfirst|rank|judge|0.356
trec-covid|qwen3-embed-600m+rankfirst|rank|judge_expr|0.3658
trec-covid|qwen3-embed-600m+rankfirst|rank|rankgpt|0.3409
trec-covid|qwen3-embed-600m+rankfirst|rank|setmaxheaptopk|0.3685
trec-covid|qwen3-embed-600m+rankfirst|thresholding|judge|0.5359
trec-covid|qwen3-embed-600m+rankfirst|thresholding|judge_expr|0.5241
trec-covid|qwen3-embed-600m+rankfirst|thresholding|rankgpt|0.0
trec-covid|qwen3-embed-600m+rankfirst|thresholding|setmaxheaptopk|0.0
trec-covid|qwen3-embed-600m+rankgpt|direct|judge|0.5214
trec-covid|qwen3-embed-600m+rankgpt|direct|judge_expr|0.5018
trec-covid|qwen3-embed-600m+rankgpt|direct|rankgpt|0.3847
trec-covid|qwen3-embed-600m+rankgpt|direct|setmaxheaptopk|0.3432
trec-covid|qwen3-embed-600m+rankgpt|largest_gap|judge|0.4532
trec-covid|qwen3-embed-600m+rankgpt|largest_gap|judge_expr|0.516
trec-covid|qwen3-embed-600m+rankgpt|largest_gap|rankgpt|0.3847
trec-covid|qwen3-embed-600m+rankgpt|largest_gap|setmaxheaptopk|0.3432
trec-covid|qwen3-embed-600m+rankgpt|optimal_global|judge|0.5622
trec-covid|qwen3-embed-600m+rankgpt|optimal_global|judge_expr|0.5524
trec-covid|qwen3-embed-600m+rankgpt|optimal_global|rankgpt|0.5622
trec-covid|qwen3-embed-600m+rankgpt|optimal_global|setmaxheaptopk|0.5622
trec-covid|qwen3-embed-600m+rankgpt|optimal_per_topic|judge|0.5633
trec-covid|qwen3-embed-600m+rankgpt|optimal_per_topic|judge_expr|0.5642
trec-covid|qwen3-embed-600m+rankgpt|optimal_per_topic|rankgpt|0.5528
trec-covid|qwen3-embed-600m+rankgpt|optimal_per_topic|setmaxheaptopk|0.5628
trec-covid|qwen3-embed-600m+rankgpt|quantile|judge|0.5305
trec-covid|qwen3-embed-600m+rankgpt|quantile|judge_expr|0.4624
trec-covid|qwen3-embed-600m+rankgpt|quantile|rankgpt|0.448
trec-covid|qwen3-embed-600m+rankgpt|quantile|setmaxheaptopk|0.4593
trec-covid|qwen3-embed-600m+rankgpt|rank|judge|0.324
trec-covid|qwen3-embed-600m+rankgpt|rank|judge_expr|0.3419
trec-covid|qwen3-embed-600m+rankgpt|rank|rankgpt|0.3462
trec-covid|qwen3-embed-600m+rankgpt|rank|setmaxheaptopk|0.3713
trec-covid|qwen3-embed-600m+rankgpt|thresholding|judge|0.5144
trec-covid|qwen3-embed-600m+rankgpt|thresholding|judge_expr|0.4919
trec-covid|qwen3-embed-600m+rankgpt|thresholding|rankgpt|0.0
trec-covid|qwen3-embed-600m+rankgpt|thresholding|setmaxheaptopk|0.0
trec-covid|qwen3-embed-600m+rankzephyr|direct|judge|0.5264
trec-covid|qwen3-embed-600m+rankzephyr|direct|judge_expr|0.4942
trec-covid|qwen3-embed-600m+rankzephyr|direct|rankgpt|0.2851
trec-covid|qwen3-embed-600m+rankzephyr|largest_gap|judge|0.406
trec-covid|qwen3-embed-600m+rankzephyr|largest_gap|judge_expr|0.5156
trec-covid|qwen3-embed-600m+rankzephyr|largest_gap|rankgpt|0.2851
trec-covid|qwen3-embed-600m+rankzephyr|optimal_global|judge|0.5923
trec-covid|qwen3-embed-600m+rankzephyr|optimal_global|judge_expr|0.5892
trec-covid|qwen3-embed-600m+rankzephyr|optimal_global|rankgpt|0.5923
trec-covid|qwen3-embed-600m+rankzephyr|optimal_per_topic|judge|0.5933
trec-covid|qwen3-embed-600m+rankzephyr|optimal_per_topic|judge_expr|0.5926
trec-covid|qwen3-embed-600m+rankzephyr|optimal_per_topic|rankgpt|0.5963
trec-covid|qwen3-embed-600m+rankzephyr|quantile|judge|0.5482
trec-covid|qwen3-embed-600m+rankzephyr|quantile|judge_expr|0.4329
trec-covid|qwen3-embed-600m+rankzephyr|quantile|rankgpt|0.4467
trec-covid|qwen3-embed-600m+rankzephyr|rank|judge|0.3298
trec-covid|qwen3-embed-600m+rankzephyr|rank|judge_expr|0.2914
trec-covid|qwen3-embed-600m+rankzephyr|rank|rankgpt|0.2956
trec-covid|qwen3-embed-600m+rankzephyr|thresholding|judge|0.5146
trec-covid|qwen3-embed-600m+rankzephyr|thresholding|judge_expr|0.4963
trec-covid|qwen3-embed-600m+rankzephyr|thresholding|rankgpt|0.0
trec-covid|qwen3-embed-600m+setmaxheaptopk|direct|judge|0.4926
trec-covid|qwen3-embed-600m+setmaxheaptopk|direct|judge_expr|0.4806
trec-covid|qwen3-embed-600m+setmaxheaptopk|direct|rankgpt|0.3587
trec-covid|qwen3-embed-600m+setmaxheaptopk|direct|setmaxheaptopk|0.3774
trec-covid|qwen3-embed-600m+setmaxheaptopk|largest_gap|judge|0.44
trec-covid|qwen3-embed-600m+setmaxheaptopk|largest_gap|judge_expr|0.4931
trec-covid|qwen3-embed-600m+setmaxheaptopk|largest_gap|rankgpt|0.3587
trec-covid|qwen3-embed-600m+setmaxheaptopk|largest_gap|setmaxheaptopk|0.3774
trec-covid|qwen3-embed-600m+setmaxheaptopk|optimal_global|judge|0.5106
trec-covid|qwen3-embed-600m+setmaxheaptopk|optimal_global|judge_expr|0.508
trec-covid|qwen3-embed-600m+setmaxheaptopk|optimal_global|rankgpt|0.5106
trec-covid|qwen3-embed-600m+setmaxheaptopk|optimal_global|setmaxheaptopk|0.5106
trec-covid|qwen3-embed-600m+setmaxheaptopk|optimal_per_topic|judge|0.5119
trec-covid|qwen3-embed-600m+setmaxheaptopk|optimal_per_topic|judge_expr|0.5131
trec-covid|qwen3-embed-600m+setmaxheaptopk|optimal_per_topic|rankgpt|0.5092
trec-covid|qwen3-embed-600m+setmaxheaptopk|optimal_per_topic|setmaxheaptopk|0.5161
trec-covid|qwen3-embed-600m+setmaxheaptopk|quantile|judge|0.5014
trec-covid|qwen3-embed-600m+setmaxheaptopk|quantile|judge_expr|0.4489
trec-covid|qwen3-embed-600m+setmaxheaptopk|quantile|rankgpt|0.3996
trec-covid|qwen3-embed-600m+setmaxheaptopk|quantile|setmaxheaptopk|0.4095
trec-covid|qwen3-embed-600m+setmaxheaptopk|rank|judge|0.3291
trec-covid|qwen3-embed-600m+setmaxheaptopk|rank|judge_expr|0.3435
trec-covid|qwen3-embed-600m+setmaxheaptopk|rank|rankgpt|0.3003
trec-covid|qwen3-embed-600m+setmaxheaptopk|rank|setmaxheaptopk|0.3556
trec-covid|qwen3-embed-600m+setmaxheaptopk|thresholding|judge|0.497
trec-covid|qwen3-embed-600m+setmaxheaptopk|thresholding|judge_expr|0.4792
trec-covid|qwen3-embed-600m+setmaxheaptopk|thresholding|rankgpt|0.0
trec-covid|qwen3-embed-600m+setmaxheaptopk|thresholding|setmaxheaptopk|0.0
trec-covid|splade-v3|direct|judge|0.4623
trec-covid|splade-v3|direct|judge_expr|0.422
trec-covid|splade-v3|direct|rankgpt|0.2102
trec-covid|splade-v3|direct|setmaxheaptopk|0.2592
trec-covid|splade-v3|largest_gap|judge|0.3661
trec-covid|splade-v3|largest_gap|judge_expr|0.4397
trec-covid|splade-v3|largest_gap|rankgpt|0.2102
trec-covid|splade-v3|largest_gap|setmaxheaptopk|0.2592
trec-covid|splade-v3|optimal_global|judge|0.5587
trec-covid|splade-v3|optimal_global|judge_expr|0.5505
trec-covid|splade-v3|optimal_global|rankgpt|0.5672
trec-covid|splade-v3|optimal_global|setmaxheaptopk|0.5672
trec-covid|splade-v3|optimal_per_topic|judge|0.5526
trec-covid|splade-v3|optimal_per_topic|judge_expr|0.5508
trec-covid|splade-v3|optimal_per_topic|rankgpt|0.5595
trec-covid|splade-v3|optimal_per_topic|setmaxheaptopk|0.5572
trec-covid|splade-v3|quantile|judge|0.4674
trec-covid|splade-v3|quantile|judge_expr|0.3851
trec-covid|splade-v3|quantile|rankgpt|0.3605
trec-covid|splade-v3|quantile|setmaxheaptopk|0.3694
trec-covid|splade-v3|rank|judge|0.2623
trec-covid|splade-v3|rank|judge_expr|0.2353
trec-covid|splade-v3|rank|rankgpt|0.2039
trec-covid|splade-v3|rank|setmaxheaptopk|0.2401
trec-covid|splade-v3|thresholding|judge|0.4367
trec-covid|splade-v3|thresholding|judge_expr|0.4255
trec-covid|splade-v3|thresholding|rankgpt|0.0
trec-covid|splade-v3|thresholding|setmaxheaptopk|0.0
trec-covid|splade-v3+judge|direct|judge|0.4451
trec-covid|splade-v3+judge|direct|judge_expr|0.4536
trec-covid|splade-v3+judge|direct|rankgpt|0.1499
trec-covid|splade-v3+judge|direct|setmaxheaptopk|0.1647
trec-covid|splade-v3+judge|largest_gap|judge|0.4821
trec-covid|splade-v3+judge|largest_gap|judge_expr|0.4514
trec-covid|splade-v3+judge|largest_gap|rankgpt|0.1499
trec-covid|splade-v3+judge|largest_gap|setmaxheaptopk|0.1647
trec-covid|splade-v3+judge|optimal_global|judge|0.43
trec-covid|splade-v3+judge|optimal_global|judge_expr|0.4311
trec-covid|splade-v3+judge|optimal_global|rankgpt|0.43
trec-covid|splade-v3+judge|optimal_global|setmaxheaptopk|0.43
trec-covid|splade-v3+judge|optimal_per_topic|judge|0.4317
trec-covid|splade-v3+judge|optimal_per_topic|judge_expr|0.434
trec-covid|splade-v3+judge|optimal_per_topic|rankgpt|0.4278
trec-covid|splade-v3+judge|optimal_per_topic|setmaxheaptopk|0.4326
trec-covid|splade-v3+judge|quantile|judge|0.43
trec-covid|splade-v3+judge|quantile|judge_expr|0.3722
trec-covid|splade-v3+judge|quantile|rankgpt|0.2728
trec-covid|splade-v3+judge|quantile|setmaxheaptopk|0.3106
trec-covid|splade-v3+judge|rank|judge|0.3
trec-covid|splade-v3+judge|rank|judge_expr|0.2944
trec-covid|splade-v3+judge|rank|rankgpt|0.181
trec-covid|splade-v3+judge|rank|setmaxheaptopk|0.2181
trec-covid|splade-v3+judge|thresholding|judge|0.4498
trec-covid|splade-v3+judge|thresholding|judge_expr|0.4481
trec-covid|splade-v3+judge|thresholding|rankgpt|0.0
trec-covid|splade-v3+judge|thresholding|setmaxheaptopk|0.0
trec-covid|splade-v3+judge_expr|direct|judge|0.54
trec-covid|splade-v3+judge_expr|direct|judge_expr|0.5601
trec-covid|splade-v3+judge_expr|direct|rankgpt|0.4222
trec-covid|splade-v3+judge_expr|direct|setmaxheaptopk|0.3092
trec-covid|splade-v3+judge_expr|largest_gap|judge|0.5766
trec-covid|splade-v3+judge_expr|largest_gap|judge_expr|0.5537
trec-covid|splade-v3+judge_expr|largest_gap|rankgpt|0.4222
trec-covid|splade-v3+judge_expr|largest_gap|setmaxheaptopk|0.3092
trec-covid|splade-v3+judge_expr|optimal_global|judge|0.5233
trec-covid|splade-v3+judge_expr|optimal_global|judge_expr|0.5243
trec-covid|splade-v3+judge_expr|optimal_global|rankgpt|0.5233
trec-covid|splade-v3+judge_expr|optimal_global|setmaxheaptopk|0.5233
trec-covid|splade-v3+judge_expr|optimal_per_topic|judge|0.5258
trec-covid|splade-v3+judge_expr|optimal_per_topic|judge_expr|0.5273
trec-covid|splade-v3+judge_expr|optimal_per_topic|rankgpt|0.5251
trec-covid|splade-v3+judge_expr|optimal_per_topic|setmaxheaptopk|0.5288
trec-covid|splade-v3+judge_expr|quantile|judge|0.5233
trec-covid|splade-v3+judge_expr|quantile|judge_expr|0.5233
trec-covid|splade-v3+judge_expr|quantile|rankgpt|0.3808
trec-covid|splade-v3+judge_expr|quantile|setmaxheaptopk|0.4265
trec-covid|splade-v3+judge_expr|rank|judge|0.3697
trec-covid|splade-v3+judge_expr|rank|judge_expr|0.5115
trec-covid|splade-v3+judge_expr|rank|rankgpt|0.2925
trec-covid|splade-v3+judge_expr|rank|setmaxheaptopk|0.3392
trec-covid|splade-v3+judge_expr|thresholding|judge|0.5354
trec-covid|splade-v3+judge_expr|thresholding|judge_expr|0.5379
trec-covid|splade-v3+judge_expr|thresholding|rankgpt|0.0
trec-covid|splade-v3+judge_expr|thresholding|setmaxheaptopk|0.0
trec-covid|splade-v3+point|direct|judge|0.356
trec-covid|splade-v3+point|direct|judge_expr|0.3466
trec-covid|splade-v3+point|direct|rankgpt|0.078
trec-covid|splade-v3+point|direct|setmaxheaptopk|0.1468
trec-covid|splade-v3+point|largest_gap|judge|0.2731
trec-covid|splade-v3+point|largest_gap|judge_expr|0.3695
trec-covid|splade-v3+point|largest_gap|rankgpt|0.078
trec-covid|splade-v3+point|largest_gap|setmaxheaptopk|0.1468
trec-covid|splade-v3+point|optimal_global|judge|0.4
trec-covid|splade-v3+point|optimal_global|judge_expr|0.3973
trec-covid|splade-v3+point|optimal_global|rankgpt|0.4017
trec-covid|splade-v3+point|optimal_global|setmaxheaptopk|0.4017
trec-covid|splade-v3+point|optimal_per_topic|judge|0.3995
trec-covid|splade-v3+point|optimal_per_topic|judge_expr|0.4011
trec-covid|splade-v3+point|optimal_per_topic|rankgpt|0.3929
trec-covid|splade-v3+point|optimal_per_topic|setmaxheaptopk|0.3962
trec-covid|splade-v3+point|quantile|judge|0.3424
trec-covid|splade-v3+point|quantile|judge_expr|0.2767
trec-covid|splade-v3+point|quantile|rankgpt|0.2297
trec-covid|splade-v3+point|quantile|setmaxheaptopk|0.2622
trec-covid|splade-v3+point|rank|judge|0.1842
trec-covid|splade-v3+point|rank|judge_expr|0.1692
trec-covid|splade-v3+point|rank|rankgpt|0.1429
trec-covid|splade-v3+point|rank|setmaxheaptopk|0.1619
trec-covid|splade-v3+point|thresholding|judge|0.3623
trec-covid|splade-v3+point|thresholding|judge_expr|0.3519
trec-covid|splade-v3+point|thresholding|rankgpt|0.0
trec-covid|splade-v3+point|thresholding|setmaxheaptopk|0.0
trec-covid|splade-v3+rankfirst|direct|judge|0.5345
trec-covid|splade-v3+rankfirst|direct|judge_expr|0.5128
trec-covid|splade-v3+rankfirst|direct|rankgpt|0.3367
trec-covid|splade-v3+rankfirst|direct|setmaxheaptopk|0.3886
trec-covid|splade-v3+rankfirst|largest_gap|judge|0.4746
trec-covid|splade-v3+rankfirst|largest_gap|judge_expr|0.5249
trec-covid|splade-v3+rankfirst|largest_gap|rankgpt|0.3367
trec-covid|splade-v3+rankfirst|largest_gap|setmaxheaptopk|0.3886
trec-covid|splade-v3+rankfirst|optimal_global|judge|0.5858
trec-covid|splade-v3+rankfirst|optimal_global|judge_expr|0.5823
trec-covid|splade-v3+rankfirst|optimal_global|rankgpt|0.5858
trec-covid|splade-v3+rankfirst|optimal_global|setmaxheaptopk|0.5858
trec-covid|splade-v3+rankfirst|optimal_per_topic|judge|0.5833
trec-covid|splade-v3+rankfirst|optimal_per_topic|judge_expr|0.5858
trec-covid|splade-v3+rankfirst|optimal_per_topic|rankgpt|0.5816
trec-covid|splade-v3+rankfirst|optimal_per_topic|setmaxheaptopk|0.5894
trec-covid|splade-v3+rankfirst|quantile|judge|0.5432
trec-covid|splade-v3+rankfirst|quantile|judge_expr|0.4686
trec-covid|splade-v3+rankfirst|quantile|rankgpt|0.4454
trec-covid|splade-v3+rankfirst|quantile|setmaxheaptopk|0.464
trec-covid|splade-v3+rankfirst|rank|judge|0.3476
trec-covid|splade-v3+rankfirst|rank|judge_expr|0.3551
trec-covid|splade-v3+rankfirst|rank|rankgpt|0.3206
trec-covid|splade-v3+rankfirst|rank|setmaxheaptopk|0.3667
trec-covid|splade-v3+rankfirst|thresholding|judge|0.5206
trec-covid|splade-v3+rankfirst|thresholding|judge_expr|0.5085
trec-covid|splade-v3+rankfirst|thresholding|rankgpt|0.0
trec-covid|splade-v3+rankfirst|thresholding|setmaxheaptopk|0.0
trec-covid|splade-v3+rankgpt|direct|judge|0.5265
trec-covid|splade-v3+rankgpt|direct|judge_expr|0.5131
trec-covid|splade-v3+rankgpt|direct|rankgpt|0.3356
trec-covid|splade-v3+rankgpt|direct|setmaxheaptopk|0.3476
trec-covid|splade-v3+rankgpt|largest_gap|judge|0.4492
trec-covid|splade-v3+rankgpt|largest_gap|judge_expr|0.5358
trec-covid|splade-v3+rankgpt|largest_gap|rankgpt|0.3356
trec-covid|splade-v3+rankgpt|largest_gap|setmaxheaptopk|0.3476
trec-covid|splade-v3+rankgpt|optimal_global|judge|0.5733
trec-covid|splade-v3+rankgpt|optimal_global|judge_expr|0.5704
trec-covid|splade-v3+rankgpt|optimal_global|rankgpt|0.576
trec-covid|splade-v3+rankgpt|optimal_global|setmaxheaptopk|0.576
trec-covid|splade-v3+rankgpt|optimal_per_topic|judge|0.5739
trec-covid|splade-v3+rankgpt|optimal_per_topic|judge_expr|0.575
trec-covid|splade-v3+rankgpt|optimal_per_topic|rankgpt|0.5747
trec-covid|splade-v3+rankgpt|optimal_per_topic|setmaxheaptopk|0.5797
trec-covid|splade-v3+rankgpt|quantile|judge|0.5315
trec-covid|splade-v3+rankgpt|quantile|judge_expr|0.4817
trec-covid|splade-v3+rankgpt|quantile|rankgpt|0.4371
trec-covid|splade-v3+rankgpt|quantile|setmaxheaptopk|0.4437
trec-covid|splade-v3+rankgpt|rank|judge|0.3134
trec-covid|splade-v3+rankgpt|rank|judge_expr|0.3271
trec-covid|splade-v3+rankgpt|rank|rankgpt|0.3261
trec-covid|splade-v3+rankgpt|rank|setmaxheaptopk|0.3526
trec-covid|splade-v3+rankgpt|thresholding|judge|0.5348
trec-covid|splade-v3+rankgpt|thresholding|judge_expr|0.5113
trec-covid|splade-v3+rankgpt|thresholding|rankgpt|0.0
trec-covid|splade-v3+rankgpt|thresholding|setmaxheaptopk|0.0
trec-covid|splade-v3+rankzephyr|direct|judge|0.4623
trec-covid|splade-v3+rankzephyr|direct|judge_expr|0.4217
trec-covid|splade-v3+rankzephyr|direct|rankgpt|0.2107
trec-covid|splade-v3+rankzephyr|largest_gap|judge|0.3661
trec-covid|splade-v3+rankzephyr|largest_gap|judge_expr|0.4397
trec-covid|splade-v3+rankzephyr|largest_gap|rankgpt|0.2107
trec-covid|splade-v3+rankzephyr|optimal_global|judge|0.5587
trec-covid|splade-v3+rankzephyr|optimal_global|judge_expr|0.5505
trec-covid|splade-v3+rankzephyr|optimal_global|rankgpt|0.5672
trec-covid|splade-v3+rankzephyr|optimal_per_topic|judge|0.5526
trec-covid|splade-v3+rankzephyr|optimal_per_topic|judge_expr|0.5508
trec-covid|splade-v3+rankzephyr|optimal_per_topic|rankgpt|0.5595
trec-covid|splade-v3+rankzephyr|quantile|judge|0.4674
trec-covid|splade-v3+rankzephyr|quantile|judge_expr|0.3851
trec-covid|splade-v3+rankzephyr|quantile|rankgpt|0.362
trec-covid|splade-v3+rankzephyr|rank|judge|0.2624
trec-covid|splade-v3+rankzephyr|rank|judge_expr|0.2353
trec-covid|splade-v3+rankzephyr|rank|rankgpt|0.2054
trec-covid|splade-v3+rankzephyr|thresholding|judge|0.4367
trec-covid|splade-v3+rankzephyr|thresholding|judge_expr|0.4255
trec-covid|splade-v3+rankzephyr|thresholding|rankgpt|0.0
trec-covid|splade-v3+setmaxheaptopk|direct|judge|0.5581
trec-covid|splade-v3+setmaxheaptopk|direct|judge_expr|0.5507
trec-covid|splade-v3+setmaxheaptopk|direct|rankgpt|0.4118
trec-covid|splade-v3+setmaxheaptopk|direct|setmaxheaptopk|0.4507
trec-covid|splade-v3+setmaxheaptopk|largest_gap|judge|0.5322
trec-covid|splade-v3+setmaxheaptopk|largest_gap|judge_expr|0.5668
trec-covid|splade-v3+setmaxheaptopk|largest_gap|rankgpt|0.4118
trec-covid|splade-v3+setmaxheaptopk|largest_gap|setmaxheaptopk|0.4507
trec-covid|splade-v3+setmaxheaptopk|optimal_global|judge|0.5842
trec-covid|splade-v3+setmaxheaptopk|optimal_global|judge_expr|0.5829
trec-covid|splade-v3+setmaxheaptopk|optimal_global|rankgpt|0.5842
trec-covid|splade-v3+setmaxheaptopk|optimal_global|setmaxheaptopk|0.5842
trec-covid|splade-v3+setmaxheaptopk|optimal_per_topic|judge|0.5829
trec-covid|splade-v3+setmaxheaptopk|optimal_per_topic|judge_expr|0.5836
trec-covid|splade-v3+setmaxheaptopk|optimal_per_topic|rankgpt|0.5795
trec-covid|splade-v3+setmaxheaptopk|optimal_per_topic|setmaxheaptopk|0.5827
trec-covid|splade-v3+setmaxheaptopk|quantile|judge|0.5562
trec-covid|splade-v3+setmaxheaptopk|quantile|judge_expr|0.5019
trec-covid|splade-v3+setmaxheaptopk|quantile|rankgpt|0.412
trec-covid|splade-v3+setmaxheaptopk|quantile|setmaxheaptopk|0.4642
trec-covid|splade-v3+setmaxheaptopk|rank|judge|0.3502
trec-covid|splade-v3+setmaxheaptopk|rank|judge_expr|0.3952
trec-covid|splade-v3+setmaxheaptopk|rank|rankgpt|0.3093
trec-covid|splade-v3+setmaxheaptopk|rank|setmaxheaptopk|0.3638
trec-covid|splade-v3+setmaxheaptopk|thresholding|judge|0.5489
trec-covid|splade-v3+setmaxheaptopk|thresholding|judge_expr|0.5442
trec-covid|splade-v3+setmaxheaptopk|thresholding|rankgpt|0.0
trec-covid|splade-v3+setmaxheaptopk|thresholding|setmaxheaptopk|0.0
trec-dl-2019|bm25|direct|judge|0.6014
trec-dl-2019|bm25|direct|judge_expr|0.4986
trec-dl-2019|bm25|direct|rankgpt|0.527
trec-dl-2019|bm25|direct|setmaxheaptopk|0.4226
trec-dl-2019|bm25|largest_gap|judge|0.4094
trec-dl-2019|bm25|largest_gap|judge_expr|0.5028
trec-dl-2019|bm25|largest_gap|rankgpt|0.527
trec-dl-2019|bm25|largest_gap|setmaxheaptopk|0.4226
trec-dl-2019|bm25|optimal_global|judge|0.6079
trec-dl-2019|bm25|optimal_global|judge_expr|0.6477
trec-dl-2019|bm25|optimal_global|rankgpt|0.6011
trec-dl-2019|bm25|optimal_global|setmaxheaptopk|0.4898
trec-dl-2019|bm25|optimal_per_topic|judge|0.6327
trec-dl-2019|bm25|optimal_per_topic|judge_expr|0.6016
trec-dl-2019|bm25|optimal_per_topic|rankgpt|0.7654
trec-dl-2019|bm25|optimal_per_topic|setmaxheaptopk|0.6378
trec-dl-2019|bm25|quantile|judge|0.692
trec-dl-2019|bm25|quantile|judge_expr|0.5477
trec-dl-2019|bm25|quantile|rankgpt|1.0
trec-dl-2019|bm25|quantile|setmaxheaptopk|0.6378
trec-dl-2019|bm25|rank|judge|0.5023
trec-dl-2019|bm25|rank|judge_expr|0.292
trec-dl-2019|bm25|rank|rankgpt|0.5171
trec-dl-2019|bm25|rank|setmaxheaptopk|0.4054
trec-dl-2019|bm25|thresholding|judge|0.5213
trec-dl-2019|bm25|thresholding|judge_expr|0.4634
trec-dl-2019|bm25|thresholding|rankgpt|0.0
trec-dl-2019|bm25|thresholding|setmaxheaptopk|0.0
trec-dl-2019|bm25+judge|direct|judge|1.0
trec-dl-2019|bm25+judge|direct|judge_expr|0.9793
trec-dl-2019|bm25+judge|direct|rankgpt|0.3471
trec-dl-2019|bm25+judge|direct|setmaxheaptopk|0.3419
trec-dl-2019|bm25+judge|largest_gap|judge|1.0
trec-dl-2019|bm25+judge|largest_gap|judge_expr|0.9977
trec-dl-2019|bm25+judge|largest_gap|rankgpt|0.3471
trec-dl-2019|bm25+judge|largest_gap|setmaxheaptopk|0.3419
trec-dl-2019|bm25+judge|optimal_global|judge|1.0
trec-dl-2019|bm25+judge|optimal_global|judge_expr|0.9352
trec-dl-2019|bm25+judge|optimal_global|rankgpt|0.5059
trec-dl-2019|bm25+judge|optimal_global|setmaxheaptopk|0.6263
trec-dl-2019|bm25+judge|optimal_per_topic|judge|1.0
trec-dl-2019|bm25+judge|optimal_per_topic|judge_expr|0.9206
trec-dl-2019|bm25+judge|optimal_per_topic|rankgpt|0.7169
trec-dl-2019|bm25+judge|optimal_per_topic|setmaxheaptopk|0.7426
trec-dl-2019|bm25+judge|quantile|judge|1.0
trec-dl-2019|bm25+judge|quantile|judge_expr|0.9014
trec-dl-2019|bm25+judge|quantile|rankgpt|0.6791
trec-dl-2019|bm25+judge|quantile|setmaxheaptopk|0.7077
trec-dl-2019|bm25+judge|rank|judge|0.668
trec-dl-2019|bm25+judge|rank|judge_expr|0.6616
trec-dl-2019|bm25+judge|rank|rankgpt|0.4545
trec-dl-2019|bm25+judge|rank|setmaxheaptopk|0.5346
trec-dl-2019|bm25+judge|thresholding|judge|1.0
trec-dl-2019|bm25+judge|thresholding|judge_expr|0.8973
trec-dl-2019|bm25+judge|thresholding|rankgpt|0.0
trec-dl-2019|bm25+judge|thresholding|setmaxheaptopk|0.0
trec-dl-2019|bm25+judge_expr|direct|judge|0.9945
trec-dl-2019|bm25+judge_expr|direct|judge_expr|1.0
trec-dl-2019|bm25+judge_expr|direct|rankgpt|0.466
trec-dl-2019|bm25+judge_expr|direct|setmaxheaptopk|0.3946
trec-dl-2019|bm25+judge_expr|largest_gap|judge|0.9904
trec-dl-2019|bm25+judge_expr|largest_gap|judge_expr|1.0
trec-dl-2019|bm25+judge_expr|largest_gap|rankgpt|0.466
trec-dl-2019|bm25+judge_expr|largest_gap|setmaxheaptopk|0.3946
trec-dl-2019|bm25+judge_expr|optimal_global|judge|0.9926
trec-dl-2019|bm25+judge_expr|optimal_global|judge_expr|1.0
trec-dl-2019|bm25+judge_expr|optimal_global|rankgpt|0.5706
trec-dl-2019|bm25+judge_expr|optimal_global|setmaxheaptopk|0.6861
trec-dl-2019|bm25+judge_expr|optimal_per_topic|judge|0.998
trec-dl-2019|bm25+judge_expr|optimal_per_topic|judge_expr|1.0
trec-dl-2019|bm25+judge_expr|optimal_per_topic|rankgpt|0.7718
trec-dl-2019|bm25+judge_expr|optimal_per_topic|setmaxheaptopk|0.8016
trec-dl-2019|bm25+judge_expr|quantile|judge|0.9985
trec-dl-2019|bm25+judge_expr|quantile|judge_expr|1.0
trec-dl-2019|bm25+judge_expr|quantile|rankgpt|0.7227
trec-dl-2019|bm25+judge_expr|quantile|setmaxheaptopk|0.7647
trec-dl-2019|bm25+judge_expr|rank|judge|0.6967
trec-dl-2019|bm25+judge_expr|rank|judge_expr|1.0
trec-dl-2019|bm25+judge_expr|rank|rankgpt|0.5371
trec-dl-2019|bm25+judge_expr|rank|setmaxheaptopk|0.5895
trec-dl-2019|bm25+judge_expr|thresholding|judge|0.9906
trec-dl-2019|bm25+judge_expr|thresholding|judge_expr|0.907
trec-dl-2019|bm25+judge_expr|thresholding|rankgpt|0.0
trec-dl-2019|bm25+judge_expr|thresholding|setmaxheaptopk|0.0
trec-dl-2019|bm25+point|direct|judge|0.7871
trec-dl-2019|bm25+point|direct|judge_expr|0.6857
trec-dl-2019|bm25+point|direct|rankgpt|0.3552
trec-dl-2019|bm25+point|direct|setmaxheaptopk|0.368
trec-dl-2019|bm25+point|largest_gap|judge|0.6058
trec-dl-2019|bm25+point|largest_gap|judge_expr|0.6935
trec-dl-2019|bm25+point|largest_gap|rankgpt|0.3552
trec-dl-2019|bm25+point|largest_gap|setmaxheaptopk|0.368
trec-dl-2019|bm25+point|optimal_global|judge|0.7962
trec-dl-2019|bm25+point|optimal_global|judge_expr|0.8264
trec-dl-2019|bm25+point|optimal_global|rankgpt|0.5104
trec-dl-2019|bm25+point|optimal_global|setmaxheaptopk|0.6273
trec-dl-2019|bm25+point|optimal_per_topic|judge|0.8452
trec-dl-2019|bm25+point|optimal_per_topic|judge_expr|0.7933
trec-dl-2019|bm25+point|optimal_per_topic|rankgpt|0.7513
trec-dl-2019|bm25+point|optimal_per_topic|setmaxheaptopk|0.7601
trec-dl-2019|bm25+point|quantile|judge|0.8661
trec-dl-2019|bm25+point|quantile|judge_expr|0.7561
trec-dl-2019|bm25+point|quantile|rankgpt|0.6775
trec-dl-2019|bm25+point|quantile|setmaxheaptopk|0.7229
trec-dl-2019|bm25+point|rank|judge|0.4963
trec-dl-2019|bm25+point|rank|judge_expr|0.4971
trec-dl-2019|bm25+point|rank|rankgpt|0.4589
trec-dl-2019|bm25+point|rank|setmaxheaptopk|0.5433
trec-dl-2019|bm25+point|thresholding|judge|0.7041
trec-dl-2019|bm25+point|thresholding|judge_expr|0.6346
trec-dl-2019|bm25+point|thresholding|rankgpt|0.0
trec-dl-2019|bm25+point|thresholding|setmaxheaptopk|0.0
trec-dl-2019|bm25+rankfirst|direct|judge|0.8086
trec-dl-2019|bm25+rankfirst|direct|judge_expr|0.7376
trec-dl-2019|bm25+rankfirst|direct|rankgpt|0.5986
trec-dl-2019|bm25+rankfirst|direct|setmaxheaptopk|0.585
trec-dl-2019|bm25+rankfirst|largest_gap|judge|0.6813
trec-dl-2019|bm25+rankfirst|largest_gap|judge_expr|0.7368
trec-dl-2019|bm25+rankfirst|largest_gap|rankgpt|0.5986
trec-dl-2019|bm25+rankfirst|largest_gap|setmaxheaptopk|0.585
trec-dl-2019|bm25+rankfirst|optimal_global|judge|0.7873
trec-dl-2019|bm25+rankfirst|optimal_global|judge_expr|0.8256
trec-dl-2019|bm25+rankfirst|optimal_global|rankgpt|0.6921
trec-dl-2019|bm25+rankfirst|optimal_global|setmaxheaptopk|0.7654
trec-dl-2019|bm25+rankfirst|optimal_per_topic|judge|0.872
trec-dl-2019|bm25+rankfirst|optimal_per_topic|judge_expr|0.825
trec-dl-2019|bm25+rankfirst|optimal_per_topic|rankgpt|0.8935
trec-dl-2019|bm25+rankfirst|optimal_per_topic|setmaxheaptopk|0.878
trec-dl-2019|bm25+rankfirst|quantile|judge|0.8985
trec-dl-2019|bm25+rankfirst|quantile|judge_expr|0.8032
trec-dl-2019|bm25+rankfirst|quantile|rankgpt|0.8639
trec-dl-2019|bm25+rankfirst|quantile|setmaxheaptopk|0.8308
trec-dl-2019|bm25+rankfirst|rank|judge|0.5797
trec-dl-2019|bm25+rankfirst|rank|judge_expr|0.5632
trec-dl-2019|bm25+rankfirst|rank|rankgpt|0.6504
trec-dl-2019|bm25+rankfirst|rank|setmaxheaptopk|0.6801
trec-dl-2019|bm25+rankfirst|thresholding|judge|0.7191
trec-dl-2019|bm25+rankfirst|thresholding|judge_expr|0.6972
trec-dl-2019|bm25+rankfirst|thresholding|rankgpt|0.0
trec-dl-2019|bm25+rankfirst|thresholding|setmaxheaptopk|0.0
trec-dl-2019|bm25+rankgpt|direct|judge|0.7972
trec-dl-2019|bm25+rankgpt|direct|judge_expr|0.7229
trec-dl-2019|bm25+rankgpt|direct|rankgpt|1.0
trec-dl-2019|bm25+rankgpt|direct|setmaxheaptopk|0.7394
trec-dl-2019|bm25+rankgpt|largest_gap|judge|0.657
trec-dl-2019|bm25+rankgpt|largest_gap|judge_expr|0.7191
trec-dl-2019|bm25+rankgpt|largest_gap|rankgpt|1.0
trec-dl-2019|bm25+rankgpt|largest_gap|setmaxheaptopk|0.7394
trec-dl-2019|bm25+rankgpt|optimal_global|judge|0.7978
trec-dl-2019|bm25+rankgpt|optimal_global|judge_expr|0.8213
trec-dl-2019|bm25+rankgpt|optimal_global|rankgpt|1.0
trec-dl-2019|bm25+rankgpt|optimal_global|setmaxheaptopk|0.729
trec-dl-2019|bm25+rankgpt|optimal_per_topic|judge|0.8459
trec-dl-2019|bm25+rankgpt|optimal_per_topic|judge_expr|0.813
trec-dl-2019|bm25+rankgpt|optimal_per_topic|rankgpt|1.0
trec-dl-2019|bm25+rankgpt|optimal_per_topic|setmaxheaptopk|0.8503
trec-dl-2019|bm25+rankgpt|quantile|judge|0.8774
trec-dl-2019|bm25+rankgpt|quantile|judge_expr|0.7861
trec-dl-2019|bm25+rankgpt|quantile|rankgpt|1.0
trec-dl-2019|bm25+rankgpt|quantile|setmaxheaptopk|0.8114
trec-dl-2019|bm25+rankgpt|rank|judge|0.6087
trec-dl-2019|bm25+rankgpt|rank|judge_expr|0.5413
trec-dl-2019|bm25+rankgpt|rank|rankgpt|1.0
trec-dl-2019|bm25+rankgpt|rank|setmaxheaptopk|0.6373
trec-dl-2019|bm25+rankgpt|thresholding|judge|0.7014
trec-dl-2019|bm25+rankgpt|thresholding|judge_expr|0.6715
trec-dl-2019|bm25+rankgpt|thresholding|rankgpt|0.0
trec-dl-2019|bm25+rankgpt|thresholding|setmaxheaptopk|0.0
trec-dl-2019|bm25+rankzephyr|direct|judge|0.8311
trec-dl-2019|bm25+rankzephyr|direct|judge_expr|0.7447
trec-dl-2019|bm25+rankzephyr|direct|rankgpt|0.5793
trec-dl-2019|bm25+rankzephyr|direct|setmaxheaptopk|0.5317
trec-dl-2019|bm25+rankzephyr|largest_gap|judge|0.6824
trec-dl-2019|bm25+rankzephyr|largest_gap|judge_expr|0.7468
trec-dl-2019|bm25+rankzephyr|largest_gap|rankgpt|0.5793
trec-dl-2019|bm25+rankzephyr|largest_gap|setmaxheaptopk|0.5317
trec-dl-2019|bm25+rankzephyr|optimal_global|judge|0.8237
trec-dl-2019|bm25+rankzephyr|optimal_global|judge_expr|0.8532
trec-dl-2019|bm25+rankzephyr|optimal_global|rankgpt|0.7104
trec-dl-2019|bm25+rankzephyr|optimal_global|setmaxheaptopk|0.766
trec-dl-2019|bm25+rankzephyr|optimal_per_topic|judge|0.8805
trec-dl-2019|bm25+rankzephyr|optimal_per_topic|judge_expr|0.8317
trec-dl-2019|bm25+rankzephyr|optimal_per_topic|rankgpt|0.9049
trec-dl-2019|bm25+rankzephyr|optimal_per_topic|setmaxheaptopk|0.8586
trec-dl-2019|bm25+rankzephyr|quantile|judge|0.9306
trec-dl-2019|bm25+rankzephyr|quantile|judge_expr|0.8368
trec-dl-2019|bm25+rankzephyr|quantile|rankgpt|0.8262
trec-dl-2019|bm25+rankzephyr|quantile|setmaxheaptopk|0.8328
trec-dl-2019|bm25+rankzephyr|rank|judge|0.5604
trec-dl-2019|bm25+rankzephyr|rank|judge_expr|0.5772
trec-dl-2019|bm25+rankzephyr|rank|rankgpt|0.6712
trec-dl-2019|bm25+rankzephyr|rank|setmaxheaptopk|0.66
trec-dl-2019|bm25+rankzephyr|thresholding|judge|0.7353
trec-dl-2019|bm25+rankzephyr|thresholding|judge_expr|0.7064
trec-dl-2019|bm25+rankzephyr|thresholding|rankgpt|0.0
trec-dl-2019|bm25+rankzephyr|thresholding|setmaxheaptopk|0.0
trec-dl-2019|bm25+setmaxheaptopk|direct|judge|0.8458
trec-dl-2019|bm25+setmaxheaptopk|direct|judge_expr|0.7646
trec-dl-2019|bm25+setmaxheaptopk|direct|rankgpt|0.7313
trec-dl-2019|bm25+setmaxheaptopk|direct|setmaxheaptopk|1.0
trec-dl-2019|bm25+setmaxheaptopk|largest_gap|judge|0.7159
trec-dl-2019|bm25+setmaxheaptopk|largest_gap|judge_expr|0.7654
trec-dl-2019|bm25+setmaxheaptopk|largest_gap|rankgpt|0.7313
trec-dl-2019|bm25+setmaxheaptopk|largest_gap|setmaxheaptopk|1.0
trec-dl-2019|bm25+setmaxheaptopk|optimal_global|judge|0.8281
trec-dl-2019|bm25+setmaxheaptopk|optimal_global|judge_expr|0.8694
trec-dl-2019|bm25+setmaxheaptopk|optimal_global|rankgpt|0.6842
trec-dl-2019|bm25+setmaxheaptopk|optimal_global|setmaxheaptopk|1.0
trec-dl-2019|bm25+setmaxheaptopk|optimal_per_topic|judge|0.8937
trec-dl-2019|bm25+setmaxheaptopk|optimal_per_topic|judge_expr|0.8422
trec-dl-2019|bm25+setmaxheaptopk|optimal_per_topic|rankgpt|0.8763
trec-dl-2019|bm25+setmaxheaptopk|optimal_per_topic|setmaxheaptopk|1.0
trec-dl-2019|bm25+setmaxheaptopk|quantile|judge|0.9316
trec-dl-2019|bm25+setmaxheaptopk|quantile|judge_expr|0.8472
trec-dl-2019|bm25+setmaxheaptopk|quantile|rankgpt|0.7827
trec-dl-2019|bm25+setmaxheaptopk|quantile|setmaxheaptopk|1.0
trec-dl-2019|bm25+setmaxheaptopk|rank|judge|0.6033
trec-dl-2019|bm25+setmaxheaptopk|rank|judge_expr|0.6024
trec-dl-2019|bm25+setmaxheaptopk|rank|rankgpt|0.644
trec-dl-2019|bm25+setmaxheaptopk|rank|setmaxheaptopk|1.0
trec-dl-2019|bm25+setmaxheaptopk|thresholding|judge|0.7521
trec-dl-2019|bm25+setmaxheaptopk|thresholding|judge_expr|0.7139
trec-dl-2019|bm25+setmaxheaptopk|thresholding|rankgpt|0.0
trec-dl-2019|bm25+setmaxheaptopk|thresholding|setmaxheaptopk|0.0
trec-dl-2019|colbert-small|direct|judge|0.5995
trec-dl-2019|colbert-small|direct|judge_expr|0.5447
trec-dl-2019|colbert-small|direct|rankgpt|0.4038
trec-dl-2019|colbert-small|direct|setmaxheaptopk|0.4341
trec-dl-2019|colbert-small|largest_gap|judge|0.504
trec-dl-2019|colbert-small|largest_gap|judge_expr|0.543
trec-dl-2019|colbert-small|largest_gap|rankgpt|0.4038
trec-dl-2019|colbert-small|largest_gap|setmaxheaptopk|0.4341
trec-dl-2019|colbert-small|optimal_global|judge|0.599
trec-dl-2019|colbert-small|optimal_global|judge_expr|0.6309
trec-dl-2019|colbert-small|optimal_global|rankgpt|0.4866
trec-dl-2019|colbert-small|optimal_global|setmaxheaptopk|0.5608
trec-dl-2019|colbert-small|optimal_per_topic|judge|0.6345
trec-dl-2019|colbert-small|optimal_per_topic|judge_expr|0.6191
trec-dl-2019|colbert-small|optimal_per_topic|rankgpt|0.6517
trec-dl-2019|colbert-small|optimal_per_topic|setmaxheaptopk|0.6418
trec-dl-2019|colbert-small|quantile|judge|0.6578
trec-dl-2019|colbert-small|quantile|judge_expr|0.5874
trec-dl-2019|colbert-small|quantile|rankgpt|0.6128
trec-dl-2019|colbert-small|quantile|setmaxheaptopk|0.6097
trec-dl-2019|colbert-small|rank|judge|0.4255
trec-dl-2019|colbert-small|rank|judge_expr|0.395
trec-dl-2019|colbert-small|rank|rankgpt|0.4623
trec-dl-2019|colbert-small|rank|setmaxheaptopk|0.5115
trec-dl-2019|colbert-small|thresholding|judge|0.5411
trec-dl-2019|colbert-small|thresholding|judge_expr|0.5097
trec-dl-2019|colbert-small|thresholding|rankgpt|0.0
trec-dl-2019|colbert-small|thresholding|setmaxheaptopk|0.0
trec-dl-2019|colbert-small+judge|direct|judge|0.618
trec-dl-2019|colbert-small+judge|direct|judge_expr|0.6256
trec-dl-2019|colbert-small+judge|direct|rankgpt|0.246
trec-dl-2019|colbert-small+judge|direct|setmaxheaptopk|0.2301
trec-dl-2019|colbert-small+judge|largest_gap|judge|0.6315
trec-dl-2019|colbert-small+judge|largest_gap|judge_expr|0.6254
trec-dl-2019|colbert-small+judge|largest_gap|rankgpt|0.246
trec-dl-2019|colbert-small+judge|largest_gap|setmaxheaptopk|0.2301
trec-dl-2019|colbert-small+judge|optimal_global|judge|0.6207
trec-dl-2019|colbert-small+judge|optimal_global|judge_expr|0.5996
trec-dl-2019|colbert-small+judge|optimal_global|rankgpt|0.3653
trec-dl-2019|colbert-small+judge|optimal_global|setmaxheaptopk|0.4214
trec-dl-2019|colbert-small+judge|optimal_per_topic|judge|0.6191
trec-dl-2019|colbert-small+judge|optimal_per_topic|judge_expr|0.5723
trec-dl-2019|colbert-small+judge|optimal_per_topic|rankgpt|0.4949
trec-dl-2019|colbert-small+judge|optimal_per_topic|setmaxheaptopk|0.5091
trec-dl-2019|colbert-small+judge|quantile|judge|0.6071
trec-dl-2019|colbert-small+judge|quantile|judge_expr|0.5599
trec-dl-2019|colbert-small+judge|quantile|rankgpt|0.4755
trec-dl-2019|colbert-small+judge|quantile|setmaxheaptopk|0.4756
trec-dl-2019|colbert-small+judge|rank|judge|0.4358
trec-dl-2019|colbert-small+judge|rank|judge_expr|0.4266
trec-dl-2019|colbert-small+judge|rank|rankgpt|0.3283
trec-dl-2019|colbert-small+judge|rank|setmaxheaptopk|0.3675
trec-dl-2019|colbert-small+judge|thresholding|judge|0.6149
trec-dl-2019|colbert-small+judge|thresholding|judge_expr|0.5905
trec-dl-2019|colbert-small+judge|thresholding|rankgpt|0.0
trec-dl-2019|colbert-small+judge|thresholding|setmaxheaptopk|0.0
trec-dl-2019|colbert-small+judge_expr|direct|judge|0.614
trec-dl-2019|colbert-small+judge_expr|direct|judge_expr|0.6321
trec-dl-2019|colbert-small+judge_expr|direct|rankgpt|0.3615
trec-dl-2019|colbert-small+judge_expr|direct|setmaxheaptopk|0.2799
trec-dl-2019|colbert-small+judge_expr|largest_gap|judge|0.6475
trec-dl-2019|colbert-small+judge_expr|largest_gap|judge_expr|0.6296
trec-dl-2019|colbert-small+judge_expr|largest_gap|rankgpt|0.3615
trec-dl-2019|colbert-small+judge_expr|largest_gap|setmaxheaptopk|0.2799
trec-dl-2019|colbert-small+judge_expr|optimal_global|judge|0.6035
trec-dl-2019|colbert-small+judge_expr|optimal_global|judge_expr|0.6135
trec-dl-2019|colbert-small+judge_expr|optimal_global|rankgpt|0.4172
trec-dl-2019|colbert-small+judge_expr|optimal_global|setmaxheaptopk|0.4679
trec-dl-2019|colbert-small+judge_expr|optimal_per_topic|judge|0.6096
trec-dl-2019|colbert-small+judge_expr|optimal_per_topic|judge_expr|0.6173
trec-dl-2019|colbert-small+judge_expr|optimal_per_topic|rankgpt|0.5305
trec-dl-2019|colbert-small+judge_expr|optimal_per_topic|setmaxheaptopk|0.5394
trec-dl-2019|colbert-small+judge_expr|quantile|judge|0.5984
trec-dl-2019|colbert-small+judge_expr|quantile|judge_expr|0.5984
trec-dl-2019|colbert-small+judge_expr|quantile|rankgpt|0.505
trec-dl-2019|colbert-small+judge_expr|quantile|setmaxheaptopk|0.5132
trec-dl-2019|colbert-small+judge_expr|rank|judge|0.4392
trec-dl-2019|colbert-small+judge_expr|rank|judge_expr|0.5819
trec-dl-2019|colbert-small+judge_expr|rank|rankgpt|0.3998
trec-dl-2019|colbert-small+judge_expr|rank|setmaxheaptopk|0.4039
trec-dl-2019|colbert-small+judge_expr|thresholding|judge|0.6164
trec-dl-2019|colbert-small+judge_expr|thresholding|judge_expr|0.608
trec-dl-2019|colbert-small+judge_expr|thresholding|rankgpt|0.0
trec-dl-2019|colbert-small+judge_expr|thresholding|setmaxheaptopk|0.0
trec-dl-2019|colbert-small+point|direct|judge|0.5134
trec-dl-2019|colbert-small+point|direct|judge_expr|0.4595
trec-dl-2019|colbert-small+point|direct|rankgpt|0.2282
trec-dl-2019|colbert-small+point|direct|setmaxheaptopk|0.2861
trec-dl-2019|colbert-small+point|largest_gap|judge|0.415
trec-dl-2019|colbert-small+point|largest_gap|judge_expr|0.4568
trec-dl-2019|colbert-small+point|largest_gap|rankgpt|0.2282
trec-dl-2019|colbert-small+point|largest_gap|setmaxheaptopk|0.2861
trec-dl-2019|colbert-small+point|optimal_global|judge|0.5238
trec-dl-2019|colbert-small+point|optimal_global|judge_expr|0.5383
trec-dl-2019|colbert-small+point|optimal_global|rankgpt|0.363
trec-dl-2019|colbert-small+point|optimal_global|setmaxheaptopk|0.4282
trec-dl-2019|colbert-small+point|optimal_per_topic|judge|0.5503
trec-dl-2019|colbert-small+point|optimal_per_topic|judge_expr|0.5203
trec-dl-2019|colbert-small+point|optimal_per_topic|rankgpt|0.4975
trec-dl-2019|colbert-small+point|optimal_per_topic|setmaxheaptopk|0.517
trec-dl-2019|colbert-small+point|quantile|judge|0.5451
trec-dl-2019|colbert-small+point|quantile|judge_expr|0.484
trec-dl-2019|colbert-small+point|quantile|rankgpt|0.4591
trec-dl-2019|colbert-small+point|quantile|setmaxheaptopk|0.4769
trec-dl-2019|colbert-small+point|rank|judge|0.346
trec-dl-2019|colbert-small+point|rank|judge_expr|0.3321
trec-dl-2019|colbert-small+point|rank|rankgpt|0.3304
trec-dl-2019|colbert-small+point|rank|setmaxheaptopk|0.3789
trec-dl-2019|colbert-small+point|thresholding|judge|0.4694
trec-dl-2019|colbert-small+point|thresholding|judge_expr|0.4257
trec-dl-2019|colbert-small+point|thresholding|rankgpt|0.0
trec-dl-2019|colbert-small+point|thresholding|setmaxheaptopk|0.0
trec-dl-2019|colbert-small+rankfirst|direct|judge|0.6252
trec-dl-2019|colbert-small+rankfirst|direct|judge_expr|0.5807
trec-dl-2019|colbert-small+rankfirst|direct|rankgpt|0.4529
trec-dl-2019|colbert-small+rankfirst|direct|setmaxheaptopk|0.4491
trec-dl-2019|colbert-small+rankfirst|largest_gap|judge|0.5667
trec-dl-2019|colbert-small+rankfirst|largest_gap|judge_expr|0.5819
trec-dl-2019|colbert-small+rankfirst|largest_gap|rankgpt|0.4529
trec-dl-2019|colbert-small+rankfirst|largest_gap|setmaxheaptopk|0.4491
trec-dl-2019|colbert-small+rankfirst|optimal_global|judge|0.5995
trec-dl-2019|colbert-small+rankfirst|optimal_global|judge_expr|0.6273
trec-dl-2019|colbert-small+rankfirst|optimal_global|rankgpt|0.5106
trec-dl-2019|colbert-small+rankfirst|optimal_global|setmaxheaptopk|0.5903
trec-dl-2019|colbert-small+rankfirst|optimal_per_topic|judge|0.6641
trec-dl-2019|colbert-small+rankfirst|optimal_per_topic|judge_expr|0.6381
trec-dl-2019|colbert-small+rankfirst|optimal_per_topic|rankgpt|0.6775
trec-dl-2019|colbert-small+rankfirst|optimal_per_topic|setmaxheaptopk|0.6791
trec-dl-2019|colbert-small+rankfirst|quantile|judge|0.6766
trec-dl-2019|colbert-small+rankfirst|quantile|judge_expr|0.6191
trec-dl-2019|colbert-small+rankfirst|quantile|rankgpt|0.6134
trec-dl-2019|colbert-small+rankfirst|quantile|setmaxheaptopk|0.6177
trec-dl-2019|colbert-small+rankfirst|rank|judge|0.4295
trec-dl-2019|colbert-small+rankfirst|rank|judge_expr|0.4475
trec-dl-2019|colbert-small+rankfirst|rank|rankgpt|0.4849
trec-dl-2019|colbert-small+rankfirst|rank|setmaxheaptopk|0.5433
trec-dl-2019|colbert-small+rankfirst|thresholding|judge|0.5661
trec-dl-2019|colbert-small+rankfirst|thresholding|judge_expr|0.5504
trec-dl-2019|colbert-small+rankfirst|thresholding|rankgpt|0.0
trec-dl-2019|colbert-small+rankfirst|thresholding|setmaxheaptopk|0.0
trec-dl-2019|colbert-small+rankgpt|direct|judge|0.6165
trec-dl-2019|colbert-small+rankgpt|direct|judge_expr|0.5789
trec-dl-2019|colbert-small+rankgpt|direct|rankgpt|0.4854
trec-dl-2019|colbert-small+rankgpt|direct|setmaxheaptopk|0.4786
trec-dl-2019|colbert-small+rankgpt|largest_gap|judge|0.5555
trec-dl-2019|colbert-small+rankgpt|largest_gap|judge_expr|0.5693
trec-dl-2019|colbert-small+rankgpt|largest_gap|rankgpt|0.4854
trec-dl-2019|colbert-small+rankgpt|largest_gap|setmaxheaptopk|0.4786
trec-dl-2019|colbert-small+rankgpt|optimal_global|judge|0.6142
trec-dl-2019|colbert-small+rankgpt|optimal_global|judge_expr|0.6315
trec-dl-2019|colbert-small+rankgpt|optimal_global|rankgpt|0.5054
trec-dl-2019|colbert-small+rankgpt|optimal_global|setmaxheaptopk|0.5535
trec-dl-2019|colbert-small+rankgpt|optimal_per_topic|judge|0.6516
trec-dl-2019|colbert-small+rankgpt|optimal_per_topic|judge_expr|0.6255
trec-dl-2019|colbert-small+rankgpt|optimal_per_topic|rankgpt|0.649
trec-dl-2019|colbert-small+rankgpt|optimal_per_topic|setmaxheaptopk|0.6483
trec-dl-2019|colbert-small+rankgpt|quantile|judge|0.6618
trec-dl-2019|colbert-small+rankgpt|quantile|judge_expr|0.6025
trec-dl-2019|colbert-small+rankgpt|quantile|rankgpt|0.5965
trec-dl-2019|colbert-small+rankgpt|quantile|setmaxheaptopk|0.5937
trec-dl-2019|colbert-small+rankgpt|rank|judge|0.4366
trec-dl-2019|colbert-small+rankgpt|rank|judge_expr|0.4106
trec-dl-2019|colbert-small+rankgpt|rank|rankgpt|0.4797
trec-dl-2019|colbert-small+rankgpt|rank|setmaxheaptopk|0.4919
trec-dl-2019|colbert-small+rankgpt|thresholding|judge|0.5627
trec-dl-2019|colbert-small+rankgpt|thresholding|judge_expr|0.5415
trec-dl-2019|colbert-small+rankgpt|thresholding|rankgpt|0.0
trec-dl-2019|colbert-small+rankgpt|thresholding|setmaxheaptopk|0.0
trec-dl-2019|colbert-small+rankzephyr|direct|judge|0.6591
trec-dl-2019|colbert-small+rankzephyr|direct|judge_expr|0.6095
trec-dl-2019|colbert-small+rankzephyr|direct|rankgpt|0.4435
trec-dl-2019|colbert-small+rankzephyr|direct|setmaxheaptopk|0.4684
trec-dl-2019|colbert-small+rankzephyr|largest_gap|judge|0.5886
trec-dl-2019|colbert-small+rankzephyr|largest_gap|judge_expr|0.6038
trec-dl-2019|colbert-small+rankzephyr|largest_gap|rankgpt|0.4435
trec-dl-2019|colbert-small+rankzephyr|largest_gap|setmaxheaptopk|0.4684
trec-dl-2019|colbert-small+rankzephyr|optimal_global|judge|0.6553
trec-dl-2019|colbert-small+rankzephyr|optimal_global|judge_expr|0.6772
trec-dl-2019|colbert-small+rankzephyr|optimal_global|rankgpt|0.5604
trec-dl-2019|colbert-small+rankzephyr|optimal_global|setmaxheaptopk|0.6049
trec-dl-2019|colbert-small+rankzephyr|optimal_per_topic|judge|0.6919
trec-dl-2019|colbert-small+rankzephyr|optimal_per_topic|judge_expr|0.6716
trec-dl-2019|colbert-small+rankzephyr|optimal_per_topic|rankgpt|0.71
trec-dl-2019|colbert-small+rankzephyr|optimal_per_topic|setmaxheaptopk|0.7195
trec-dl-2019|colbert-small+rankzephyr|quantile|judge|0.7121
trec-dl-2019|colbert-small+rankzephyr|quantile|judge_expr|0.6438
trec-dl-2019|colbert-small+rankzephyr|quantile|rankgpt|0.6573
trec-dl-2019|colbert-small+rankzephyr|quantile|setmaxheaptopk|0.6535
trec-dl-2019|colbert-small+rankzephyr|rank|judge|0.4656
trec-dl-2019|colbert-small+rankzephyr|rank|judge_expr|0.4677
trec-dl-2019|colbert-small+rankzephyr|rank|rankgpt|0.5298
trec-dl-2019|colbert-small+rankzephyr|rank|setmaxheaptopk|0.5495
trec-dl-2019|colbert-small+rankzephyr|thresholding|judge|0.5951
trec-dl-2019|colbert-small+rankzephyr|thresholding|judge_expr|0.5749
trec-dl-2019|colbert-small+rankzephyr|thresholding|rankgpt|0.0
trec-dl-2019|colbert-small+rankzephyr|thresholding|setmaxheaptopk|0.0
trec-dl-2019|colbert-small+setmaxheaptopk|direct|judge|0.6182
trec-dl-2019|colbert-small+setmaxheaptopk|direct|judge_expr|0.5855
trec-dl-2019|colbert-small+setmaxheaptopk|direct|rankgpt|0.4718
trec-dl-2019|colbert-small+setmaxheaptopk|direct|setmaxheaptopk|0.4686
trec-dl-2019|colbert-small+setmaxheaptopk|largest_gap|judge|0.557
trec-dl-2019|colbert-small+setmaxheaptopk|largest_gap|judge_expr|0.578
trec-dl-2019|colbert-small+setmaxheaptopk|largest_gap|rankgpt|0.4718
trec-dl-2019|colbert-small+setmaxheaptopk|largest_gap|setmaxheaptopk|0.4686
trec-dl-2019|colbert-small+setmaxheaptopk|optimal_global|judge|0.6097
trec-dl-2019|colbert-small+setmaxheaptopk|optimal_global|judge_expr|0.6371
trec-dl-2019|colbert-small+setmaxheaptopk|optimal_global|rankgpt|0.4787
trec-dl-2019|colbert-small+setmaxheaptopk|optimal_global|setmaxheaptopk|0.5875
trec-dl-2019|colbert-small+setmaxheaptopk|optimal_per_topic|judge|0.6519
trec-dl-2019|colbert-small+setmaxheaptopk|optimal_per_topic|judge_expr|0.6259
trec-dl-2019|colbert-small+setmaxheaptopk|optimal_per_topic|rankgpt|0.627
trec-dl-2019|colbert-small+setmaxheaptopk|optimal_per_topic|setmaxheaptopk|0.6754
trec-dl-2019|colbert-small+setmaxheaptopk|quantile|judge|0.646
trec-dl-2019|colbert-small+setmaxheaptopk|quantile|judge_expr|0.6055
trec-dl-2019|colbert-small+setmaxheaptopk|quantile|rankgpt|0.575
trec-dl-2019|colbert-small+setmaxheaptopk|quantile|setmaxheaptopk|0.6159
trec-dl-2019|colbert-small+setmaxheaptopk|rank|judge|0.434
trec-dl-2019|colbert-small+setmaxheaptopk|rank|judge_expr|0.4602
trec-dl-2019|colbert-small+setmaxheaptopk|rank|rankgpt|0.4619
trec-dl-2019|colbert-small+setmaxheaptopk|rank|setmaxheaptopk|0.5428
trec-dl-2019|colbert-small+setmaxheaptopk|thresholding|judge|0.5653
trec-dl-2019|colbert-small+setmaxheaptopk|thresholding|judge_expr|0.5456
trec-dl-2019|colbert-small+setmaxheaptopk|thresholding|rankgpt|0.0
trec-dl-2019|colbert-small+setmaxheaptopk|thresholding|setmaxheaptopk|0.0
trec-dl-2019|nomicai-modernbert-embed|direct|judge|0.5757
trec-dl-2019|nomicai-modernbert-embed|direct|judge_expr|0.5356
trec-dl-2019|nomicai-modernbert-embed|direct|rankgpt|0.4184
trec-dl-2019|nomicai-modernbert-embed|direct|setmaxheaptopk|0.4182
trec-dl-2019|nomicai-modernbert-embed|largest_gap|judge|0.4744
trec-dl-2019|nomicai-modernbert-embed|largest_gap|judge_expr|0.5375
trec-dl-2019|nomicai-modernbert-embed|largest_gap|rankgpt|0.4184
trec-dl-2019|nomicai-modernbert-embed|largest_gap|setmaxheaptopk|0.4182
trec-dl-2019|nomicai-modernbert-embed|optimal_global|judge|0.571
trec-dl-2019|nomicai-modernbert-embed|optimal_global|judge_expr|0.5926
trec-dl-2019|nomicai-modernbert-embed|optimal_global|rankgpt|0.459
trec-dl-2019|nomicai-modernbert-embed|optimal_global|setmaxheaptopk|0.5296
trec-dl-2019|nomicai-modernbert-embed|optimal_per_topic|judge|0.6067
trec-dl-2019|nomicai-modernbert-embed|optimal_per_topic|judge_expr|0.5928
trec-dl-2019|nomicai-modernbert-embed|optimal_per_topic|rankgpt|0.6154
trec-dl-2019|nomicai-modernbert-embed|optimal_per_topic|setmaxheaptopk|0.5918
trec-dl-2019|nomicai-modernbert-embed|quantile|judge|0.6125
trec-dl-2019|nomicai-modernbert-embed|quantile|judge_expr|0.564
trec-dl-2019|nomicai-modernbert-embed|quantile|rankgpt|0.5547
trec-dl-2019|nomicai-modernbert-embed|quantile|setmaxheaptopk|0.5764
trec-dl-2019|nomicai-modernbert-embed|rank|judge|0.3974
trec-dl-2019|nomicai-modernbert-embed|rank|judge_expr|0.3728
trec-dl-2019|nomicai-modernbert-embed|rank|rankgpt|0.4333
trec-dl-2019|nomicai-modernbert-embed|rank|setmaxheaptopk|0.4713
trec-dl-2019|nomicai-modernbert-embed|thresholding|judge|0.5225
trec-dl-2019|nomicai-modernbert-embed|thresholding|judge_expr|0.5126
trec-dl-2019|nomicai-modernbert-embed|thresholding|rankgpt|0.0
trec-dl-2019|nomicai-modernbert-embed|thresholding|setmaxheaptopk|0.0
trec-dl-2019|nomicai-modernbert-embed+judge|direct|judge|0.591
trec-dl-2019|nomicai-modernbert-embed+judge|direct|judge_expr|0.6018
trec-dl-2019|nomicai-modernbert-embed+judge|direct|rankgpt|0.2412
trec-dl-2019|nomicai-modernbert-embed+judge|direct|setmaxheaptopk|0.2217
trec-dl-2019|nomicai-modernbert-embed+judge|largest_gap|judge|0.62
trec-dl-2019|nomicai-modernbert-embed+judge|largest_gap|judge_expr|0.6183
trec-dl-2019|nomicai-modernbert-embed+judge|largest_gap|rankgpt|0.2412
trec-dl-2019|nomicai-modernbert-embed+judge|largest_gap|setmaxheaptopk|0.2217
trec-dl-2019|nomicai-modernbert-embed+judge|optimal_global|judge|0.5976
trec-dl-2019|nomicai-modernbert-embed+judge|optimal_global|judge_expr|0.577
trec-dl-2019|nomicai-modernbert-embed+judge|optimal_global|rankgpt|0.3521
trec-dl-2019|nomicai-modernbert-embed+judge|optimal_global|setmaxheaptopk|0.4066
trec-dl-2019|nomicai-modernbert-embed+judge|optimal_per_topic|judge|0.5901
trec-dl-2019|nomicai-modernbert-embed+judge|optimal_per_topic|judge_expr|0.5571
trec-dl-2019|nomicai-modernbert-embed+judge|optimal_per_topic|rankgpt|0.4909
trec-dl-2019|nomicai-modernbert-embed+judge|optimal_per_topic|setmaxheaptopk|0.5077
trec-dl-2019|nomicai-modernbert-embed+judge|quantile|judge|0.5789
trec-dl-2019|nomicai-modernbert-embed+judge|quantile|judge_expr|0.5411
trec-dl-2019|nomicai-modernbert-embed+judge|quantile|rankgpt|0.4619
trec-dl-2019|nomicai-modernbert-embed+judge|quantile|setmaxheaptopk|0.4542
trec-dl-2019|nomicai-modernbert-embed+judge|rank|judge|0.4065
trec-dl-2019|nomicai-modernbert-embed+judge|rank|judge_expr|0.4047
trec-dl-2019|nomicai-modernbert-embed+judge|rank|rankgpt|0.3161
trec-dl-2019|nomicai-modernbert-embed+judge|rank|setmaxheaptopk|0.3487
trec-dl-2019|nomicai-modernbert-embed+judge|thresholding|judge|0.5922
trec-dl-2019|nomicai-modernbert-embed+judge|thresholding|judge_expr|0.5673
trec-dl-2019|nomicai-modernbert-embed+judge|thresholding|rankgpt|0.0
trec-dl-2019|nomicai-modernbert-embed+judge|thresholding|setmaxheaptopk|0.0
trec-dl-2019|nomicai-modernbert-embed+judge_expr|direct|judge|0.5857
trec-dl-2019|nomicai-modernbert-embed+judge_expr|direct|judge_expr|0.6062
trec-dl-2019|nomicai-modernbert-embed+judge_expr|direct|rankgpt|0.3292
trec-dl-2019|nomicai-modernbert-embed+judge_expr|direct|setmaxheaptopk|0.2641
trec-dl-2019|nomicai-modernbert-embed+judge_expr|largest_gap|judge|0.6232
trec-dl-2019|nomicai-modernbert-embed+judge_expr|largest_gap|judge_expr|0.621
trec-dl-2019|nomicai-modernbert-embed+judge_expr|largest_gap|rankgpt|0.3292
trec-dl-2019|nomicai-modernbert-embed+judge_expr|largest_gap|setmaxheaptopk|0.2641
trec-dl-2019|nomicai-modernbert-embed+judge_expr|optimal_global|judge|0.5781
trec-dl-2019|nomicai-modernbert-embed+judge_expr|optimal_global|judge_expr|0.5848
trec-dl-2019|nomicai-modernbert-embed+judge_expr|optimal_global|rankgpt|0.3977
trec-dl-2019|nomicai-modernbert-embed+judge_expr|optimal_global|setmaxheaptopk|0.4485
trec-dl-2019|nomicai-modernbert-embed+judge_expr|optimal_per_topic|judge|0.5718
trec-dl-2019|nomicai-modernbert-embed+judge_expr|optimal_per_topic|judge_expr|0.5799
trec-dl-2019|nomicai-modernbert-embed+judge_expr|optimal_per_topic|rankgpt|0.5151
trec-dl-2019|nomicai-modernbert-embed+judge_expr|optimal_per_topic|setmaxheaptopk|0.525
trec-dl-2019|nomicai-modernbert-embed+judge_expr|quantile|judge|0.5718
trec-dl-2019|nomicai-modernbert-embed+judge_expr|quantile|judge_expr|0.5718
trec-dl-2019|nomicai-modernbert-embed+judge_expr|quantile|rankgpt|0.4843
trec-dl-2019|nomicai-modernbert-embed+judge_expr|quantile|setmaxheaptopk|0.4897
trec-dl-2019|nomicai-modernbert-embed+judge_expr|rank|judge|0.4184
trec-dl-2019|nomicai-modernbert-embed+judge_expr|rank|judge_expr|0.5511
trec-dl-2019|nomicai-modernbert-embed+judge_expr|rank|rankgpt|0.3774
trec-dl-2019|nomicai-modernbert-embed+judge_expr|rank|setmaxheaptopk|0.3844
trec-dl-2019|nomicai-modernbert-embed+judge_expr|thresholding|judge|0.5931
trec-dl-2019|nomicai-modernbert-embed+judge_expr|thresholding|judge_expr|0.5825
trec-dl-2019|nomicai-modernbert-embed+judge_expr|thresholding|rankgpt|0.0
trec-dl-2019|nomicai-modernbert-embed+judge_expr|thresholding|setmaxheaptopk|0.0
trec-dl-2019|nomicai-modernbert-embed+point|direct|judge|0.5096
trec-dl-2019|nomicai-modernbert-embed+point|direct|judge_expr|0.4606
trec-dl-2019|nomicai-modernbert-embed+point|direct|rankgpt|0.2367
trec-dl-2019|nomicai-modernbert-embed+point|direct|setmaxheaptopk|0.266
trec-dl-2019|nomicai-modernbert-embed+point|largest_gap|judge|0.4238
trec-dl-2019|nomicai-modernbert-embed+point|largest_gap|judge_expr|0.473
trec-dl-2019|nomicai-modernbert-embed+point|largest_gap|rankgpt|0.2367
trec-dl-2019|nomicai-modernbert-embed+point|largest_gap|setmaxheaptopk|0.266
trec-dl-2019|nomicai-modernbert-embed+point|optimal_global|judge|0.5171
trec-dl-2019|nomicai-modernbert-embed+point|optimal_global|judge_expr|0.5358
trec-dl-2019|nomicai-modernbert-embed+point|optimal_global|rankgpt|0.3622
trec-dl-2019|nomicai-modernbert-embed+point|optimal_global|setmaxheaptopk|0.4155
trec-dl-2019|nomicai-modernbert-embed+point|optimal_per_topic|judge|0.5428
trec-dl-2019|nomicai-modernbert-embed+point|optimal_per_topic|judge_expr|0.5197
trec-dl-2019|nomicai-modernbert-embed+point|optimal_per_topic|rankgpt|0.4995
trec-dl-2019|nomicai-modernbert-embed+point|optimal_per_topic|setmaxheaptopk|0.5076
trec-dl-2019|nomicai-modernbert-embed+point|quantile|judge|0.5311
trec-dl-2019|nomicai-modernbert-embed+point|quantile|judge_expr|0.4798
trec-dl-2019|nomicai-modernbert-embed+point|quantile|rankgpt|0.4496
trec-dl-2019|nomicai-modernbert-embed+point|quantile|setmaxheaptopk|0.465
trec-dl-2019|nomicai-modernbert-embed+point|rank|judge|0.334
trec-dl-2019|nomicai-modernbert-embed+point|rank|judge_expr|0.3411
trec-dl-2019|nomicai-modernbert-embed+point|rank|rankgpt|0.331
trec-dl-2019|nomicai-modernbert-embed+point|rank|setmaxheaptopk|0.3661
trec-dl-2019|nomicai-modernbert-embed+point|thresholding|judge|0.4739
trec-dl-2019|nomicai-modernbert-embed+point|thresholding|judge_expr|0.4343
trec-dl-2019|nomicai-modernbert-embed+point|thresholding|rankgpt|0.0
trec-dl-2019|nomicai-modernbert-embed+point|thresholding|setmaxheaptopk|0.0
trec-dl-2019|nomicai-modernbert-embed+rankfirst|direct|judge|0.6119
trec-dl-2019|nomicai-modernbert-embed+rankfirst|direct|judge_expr|0.5768
trec-dl-2019|nomicai-modernbert-embed+rankfirst|direct|rankgpt|0.4847
trec-dl-2019|nomicai-modernbert-embed+rankfirst|direct|setmaxheaptopk|0.4515
trec-dl-2019|nomicai-modernbert-embed+rankfirst|largest_gap|judge|0.5542
trec-dl-2019|nomicai-modernbert-embed+rankfirst|largest_gap|judge_expr|0.5803
trec-dl-2019|nomicai-modernbert-embed+rankfirst|largest_gap|rankgpt|0.4847
trec-dl-2019|nomicai-modernbert-embed+rankfirst|largest_gap|setmaxheaptopk|0.4515
trec-dl-2019|nomicai-modernbert-embed+rankfirst|optimal_global|judge|0.5914
trec-dl-2019|nomicai-modernbert-embed+rankfirst|optimal_global|judge_expr|0.6143
trec-dl-2019|nomicai-modernbert-embed+rankfirst|optimal_global|rankgpt|0.4881
trec-dl-2019|nomicai-modernbert-embed+rankfirst|optimal_global|setmaxheaptopk|0.5826
trec-dl-2019|nomicai-modernbert-embed+rankfirst|optimal_per_topic|judge|0.6475
trec-dl-2019|nomicai-modernbert-embed+rankfirst|optimal_per_topic|judge_expr|0.62
trec-dl-2019|nomicai-modernbert-embed+rankfirst|optimal_per_topic|rankgpt|0.6623
trec-dl-2019|nomicai-modernbert-embed+rankfirst|optimal_per_topic|setmaxheaptopk|0.6491
trec-dl-2019|nomicai-modernbert-embed+rankfirst|quantile|judge|0.6512
trec-dl-2019|nomicai-modernbert-embed+rankfirst|quantile|judge_expr|0.5987
trec-dl-2019|nomicai-modernbert-embed+rankfirst|quantile|rankgpt|0.5873
trec-dl-2019|nomicai-modernbert-embed+rankfirst|quantile|setmaxheaptopk|0.6147
trec-dl-2019|nomicai-modernbert-embed+rankfirst|rank|judge|0.4237
trec-dl-2019|nomicai-modernbert-embed+rankfirst|rank|judge_expr|0.4374
trec-dl-2019|nomicai-modernbert-embed+rankfirst|rank|rankgpt|0.4607
trec-dl-2019|nomicai-modernbert-embed+rankfirst|rank|setmaxheaptopk|0.5246
trec-dl-2019|nomicai-modernbert-embed+rankfirst|thresholding|judge|0.5566
trec-dl-2019|nomicai-modernbert-embed+rankfirst|thresholding|judge_expr|0.555
trec-dl-2019|nomicai-modernbert-embed+rankfirst|thresholding|rankgpt|0.0
trec-dl-2019|nomicai-modernbert-embed+rankfirst|thresholding|setmaxheaptopk|0.0
trec-dl-2019|nomicai-modernbert-embed+rankgpt|direct|judge|0.5877
trec-dl-2019|nomicai-modernbert-embed+rankgpt|direct|judge_expr|0.5545
trec-dl-2019|nomicai-modernbert-embed+rankgpt|direct|rankgpt|0.476
trec-dl-2019|nomicai-modernbert-embed+rankgpt|direct|setmaxheaptopk|0.4517
trec-dl-2019|nomicai-modernbert-embed+rankgpt|largest_gap|judge|0.5227
trec-dl-2019|nomicai-modernbert-embed+rankgpt|largest_gap|judge_expr|0.5487
trec-dl-2019|nomicai-modernbert-embed+rankgpt|largest_gap|rankgpt|0.476
trec-dl-2019|nomicai-modernbert-embed+rankgpt|largest_gap|setmaxheaptopk|0.4517
trec-dl-2019|nomicai-modernbert-embed+rankgpt|optimal_global|judge|0.5861
trec-dl-2019|nomicai-modernbert-embed+rankgpt|optimal_global|judge_expr|0.6015
trec-dl-2019|nomicai-modernbert-embed+rankgpt|optimal_global|rankgpt|0.4696
trec-dl-2019|nomicai-modernbert-embed+rankgpt|optimal_global|setmaxheaptopk|0.5334
trec-dl-2019|nomicai-modernbert-embed+rankgpt|optimal_per_topic|judge|0.6208
trec-dl-2019|nomicai-modernbert-embed+rankgpt|optimal_per_topic|judge_expr|0.6023
trec-dl-2019|nomicai-modernbert-embed+rankgpt|optimal_per_topic|rankgpt|0.6167
trec-dl-2019|nomicai-modernbert-embed+rankgpt|optimal_per_topic|setmaxheaptopk|0.6002
trec-dl-2019|nomicai-modernbert-embed+rankgpt|quantile|judge|0.625
trec-dl-2019|nomicai-modernbert-embed+rankgpt|quantile|judge_expr|0.5795
trec-dl-2019|nomicai-modernbert-embed+rankgpt|quantile|rankgpt|0.5534
trec-dl-2019|nomicai-modernbert-embed+rankgpt|quantile|setmaxheaptopk|0.5763
trec-dl-2019|nomicai-modernbert-embed+rankgpt|rank|judge|0.4029
trec-dl-2019|nomicai-modernbert-embed+rankgpt|rank|judge_expr|0.4012
trec-dl-2019|nomicai-modernbert-embed+rankgpt|rank|rankgpt|0.4352
trec-dl-2019|nomicai-modernbert-embed+rankgpt|rank|setmaxheaptopk|0.487
trec-dl-2019|nomicai-modernbert-embed+rankgpt|thresholding|judge|0.5289
trec-dl-2019|nomicai-modernbert-embed+rankgpt|thresholding|judge_expr|0.5292
trec-dl-2019|nomicai-modernbert-embed+rankgpt|thresholding|rankgpt|0.0
trec-dl-2019|nomicai-modernbert-embed+rankgpt|thresholding|setmaxheaptopk|0.0
trec-dl-2019|nomicai-modernbert-embed+rankzephyr|direct|judge|0.6331
trec-dl-2019|nomicai-modernbert-embed+rankzephyr|direct|judge_expr|0.6015
trec-dl-2019|nomicai-modernbert-embed+rankzephyr|direct|rankgpt|0.4686
trec-dl-2019|nomicai-modernbert-embed+rankzephyr|direct|setmaxheaptopk|0.4916
trec-dl-2019|nomicai-modernbert-embed+rankzephyr|largest_gap|judge|0.5736
trec-dl-2019|nomicai-modernbert-embed+rankzephyr|largest_gap|judge_expr|0.6025
trec-dl-2019|nomicai-modernbert-embed+rankzephyr|largest_gap|rankgpt|0.4686
trec-dl-2019|nomicai-modernbert-embed+rankzephyr|largest_gap|setmaxheaptopk|0.4916
trec-dl-2019|nomicai-modernbert-embed+rankzephyr|optimal_global|judge|0.6175
trec-dl-2019|nomicai-modernbert-embed+rankzephyr|optimal_global|judge_expr|0.6456
trec-dl-2019|nomicai-modernbert-embed+rankzephyr|optimal_global|rankgpt|0.5428
trec-dl-2019|nomicai-modernbert-embed+rankzephyr|optimal_global|setmaxheaptopk|0.5868
trec-dl-2019|nomicai-modernbert-embed+rankzephyr|optimal_per_topic|judge|0.6561
trec-dl-2019|nomicai-modernbert-embed+rankzephyr|optimal_per_topic|judge_expr|0.6459
trec-dl-2019|nomicai-modernbert-embed+rankzephyr|optimal_per_topic|rankgpt|0.6849
trec-dl-2019|nomicai-modernbert-embed+rankzephyr|optimal_per_topic|setmaxheaptopk|0.6768
trec-dl-2019|nomicai-modernbert-embed+rankzephyr|quantile|judge|0.6683
trec-dl-2019|nomicai-modernbert-embed+rankzephyr|quantile|judge_expr|0.6126
trec-dl-2019|nomicai-modernbert-embed+rankzephyr|quantile|rankgpt|0.6146
trec-dl-2019|nomicai-modernbert-embed+rankzephyr|quantile|setmaxheaptopk|0.6136
trec-dl-2019|nomicai-modernbert-embed+rankzephyr|rank|judge|0.4445
trec-dl-2019|nomicai-modernbert-embed+rankzephyr|rank|judge_expr|0.4664
trec-dl-2019|nomicai-modernbert-embed+rankzephyr|rank|rankgpt|0.5052
trec-dl-2019|nomicai-modernbert-embed+rankzephyr|rank|setmaxheaptopk|0.5298
trec-dl-2019|nomicai-modernbert-embed+rankzephyr|thresholding|judge|0.5761
trec-dl-2019|nomicai-modernbert-embed+rankzephyr|thresholding|judge_expr|0.5773
trec-dl-2019|nomicai-modernbert-embed+rankzephyr|thresholding|rankgpt|0.0
trec-dl-2019|nomicai-modernbert-embed+rankzephyr|thresholding|setmaxheaptopk|0.0
trec-dl-2019|nomicai-modernbert-embed+setmaxheaptopk|direct|judge|0.6013
trec-dl-2019|nomicai-modernbert-embed+setmaxheaptopk|direct|judge_expr|0.5733
trec-dl-2019|nomicai-modernbert-embed+setmaxheaptopk|direct|rankgpt|0.506
trec-dl-2019|nomicai-modernbert-embed+setmaxheaptopk|direct|setmaxheaptopk|0.5733
trec-dl-2019|nomicai-modernbert-embed+setmaxheaptopk|largest_gap|judge|0.5384
trec-dl-2019|nomicai-modernbert-embed+setmaxheaptopk|largest_gap|judge_expr|0.5639
trec-dl-2019|nomicai-modernbert-embed+setmaxheaptopk|largest_gap|rankgpt|0.506
trec-dl-2019|nomicai-modernbert-embed+setmaxheaptopk|largest_gap|setmaxheaptopk|0.5733
trec-dl-2019|nomicai-modernbert-embed+setmaxheaptopk|optimal_global|judge|0.6044
trec-dl-2019|nomicai-modernbert-embed+setmaxheaptopk|optimal_global|judge_expr|0.6266
trec-dl-2019|nomicai-modernbert-embed+setmaxheaptopk|optimal_global|rankgpt|0.4931
trec-dl-2019|nomicai-modernbert-embed+setmaxheaptopk|optimal_global|setmaxheaptopk|0.5767
trec-dl-2019|nomicai-modernbert-embed+setmaxheaptopk|optimal_per_topic|judge|0.6347
trec-dl-2019|nomicai-modernbert-embed+setmaxheaptopk|optimal_per_topic|judge_expr|0.6279
trec-dl-2019|nomicai-modernbert-embed+setmaxheaptopk|optimal_per_topic|rankgpt|0.6384
trec-dl-2019|nomicai-modernbert-embed+setmaxheaptopk|optimal_per_topic|setmaxheaptopk|0.6491
trec-dl-2019|nomicai-modernbert-embed+setmaxheaptopk|quantile|judge|0.642
trec-dl-2019|nomicai-modernbert-embed+setmaxheaptopk|quantile|judge_expr|0.6059
trec-dl-2019|nomicai-modernbert-embed+setmaxheaptopk|quantile|rankgpt|0.58
trec-dl-2019|nomicai-modernbert-embed+setmaxheaptopk|quantile|setmaxheaptopk|0.6004
trec-dl-2019|nomicai-modernbert-embed+setmaxheaptopk|rank|judge|0.4303
trec-dl-2019|nomicai-modernbert-embed+setmaxheaptopk|rank|judge_expr|0.4493
trec-dl-2019|nomicai-modernbert-embed+setmaxheaptopk|rank|rankgpt|0.4718
trec-dl-2019|nomicai-modernbert-embed+setmaxheaptopk|rank|setmaxheaptopk|0.5405
trec-dl-2019|nomicai-modernbert-embed+setmaxheaptopk|thresholding|judge|0.5427
trec-dl-2019|nomicai-modernbert-embed+setmaxheaptopk|thresholding|judge_expr|0.539
trec-dl-2019|nomicai-modernbert-embed+setmaxheaptopk|thresholding|rankgpt|0.0
trec-dl-2019|nomicai-modernbert-embed+setmaxheaptopk|thresholding|setmaxheaptopk|0.0
trec-dl-2019|qwen3-embed-600m|direct|judge|0.5786
trec-dl-2019|qwen3-embed-600m|direct|judge_expr|0.5226
trec-dl-2019|qwen3-embed-600m|direct|rankgpt|0.4308
trec-dl-2019|qwen3-embed-600m|direct|setmaxheaptopk|0.4067
trec-dl-2019|qwen3-embed-600m|largest_gap|judge|0.4871
trec-dl-2019|qwen3-embed-600m|largest_gap|judge_expr|0.5171
trec-dl-2019|qwen3-embed-600m|largest_gap|rankgpt|0.4308
trec-dl-2019|qwen3-embed-600m|largest_gap|setmaxheaptopk|0.4067
trec-dl-2019|qwen3-embed-600m|optimal_global|judge|0.5702
trec-dl-2019|qwen3-embed-600m|optimal_global|judge_expr|0.5989
trec-dl-2019|qwen3-embed-600m|optimal_global|rankgpt|0.4813
trec-dl-2019|qwen3-embed-600m|optimal_global|setmaxheaptopk|0.5223
trec-dl-2019|qwen3-embed-600m|optimal_per_topic|judge|0.6047
trec-dl-2019|qwen3-embed-600m|optimal_per_topic|judge_expr|0.5869
trec-dl-2019|qwen3-embed-600m|optimal_per_topic|rankgpt|0.6367
trec-dl-2019|qwen3-embed-600m|optimal_per_topic|setmaxheaptopk|0.6031
trec-dl-2019|qwen3-embed-600m|quantile|judge|0.63
trec-dl-2019|qwen3-embed-600m|quantile|judge_expr|0.5672
trec-dl-2019|qwen3-embed-600m|quantile|rankgpt|0.5835
trec-dl-2019|qwen3-embed-600m|quantile|setmaxheaptopk|0.5796
trec-dl-2019|qwen3-embed-600m|rank|judge|0.4048
trec-dl-2019|qwen3-embed-600m|rank|judge_expr|0.4044
trec-dl-2019|qwen3-embed-600m|rank|rankgpt|0.4493
trec-dl-2019|qwen3-embed-600m|rank|setmaxheaptopk|0.466
trec-dl-2019|qwen3-embed-600m|thresholding|judge|0.5075
trec-dl-2019|qwen3-embed-600m|thresholding|judge_expr|0.4901
trec-dl-2019|qwen3-embed-600m|thresholding|rankgpt|0.0
trec-dl-2019|qwen3-embed-600m|thresholding|setmaxheaptopk|0.0
trec-dl-2019|qwen3-embed-600m+judge|direct|judge|0.5951
trec-dl-2019|qwen3-embed-600m+judge|direct|judge_expr|0.6109
trec-dl-2019|qwen3-embed-600m+judge|direct|rankgpt|0.2185
trec-dl-2019|qwen3-embed-600m+judge|direct|setmaxheaptopk|0.2086
trec-dl-2019|qwen3-embed-600m+judge|largest_gap|judge|0.6344
trec-dl-2019|qwen3-embed-600m+judge|largest_gap|judge_expr|0.6287
trec-dl-2019|qwen3-embed-600m+judge|largest_gap|rankgpt|0.2185
trec-dl-2019|qwen3-embed-600m+judge|largest_gap|setmaxheaptopk|0.2086
trec-dl-2019|qwen3-embed-600m+judge|optimal_global|judge|0.6086
trec-dl-2019|qwen3-embed-600m+judge|optimal_global|judge_expr|0.5747
trec-dl-2019|qwen3-embed-600m+judge|optimal_global|rankgpt|0.3527
trec-dl-2019|qwen3-embed-600m+judge|optimal_global|setmaxheaptopk|0.4053
trec-dl-2019|qwen3-embed-600m+judge|optimal_per_topic|judge|0.5871
trec-dl-2019|qwen3-embed-600m+judge|optimal_per_topic|judge_expr|0.5459
trec-dl-2019|qwen3-embed-600m+judge|optimal_per_topic|rankgpt|0.4764
trec-dl-2019|qwen3-embed-600m+judge|optimal_per_topic|setmaxheaptopk|0.4945
trec-dl-2019|qwen3-embed-600m+judge|quantile|judge|0.5785
trec-dl-2019|qwen3-embed-600m+judge|quantile|judge_expr|0.5381
trec-dl-2019|qwen3-embed-600m+judge|quantile|rankgpt|0.4563
trec-dl-2019|qwen3-embed-600m+judge|quantile|setmaxheaptopk|0.4581
trec-dl-2019|qwen3-embed-600m+judge|rank|judge|0.4076
trec-dl-2019|qwen3-embed-600m+judge|rank|judge_expr|0.4002
trec-dl-2019|qwen3-embed-600m+judge|rank|rankgpt|0.3118
trec-dl-2019|qwen3-embed-600m+judge|rank|setmaxheaptopk|0.3448
trec-dl-2019|qwen3-embed-600m+judge|thresholding|judge|0.6101
trec-dl-2019|qwen3-embed-600m+judge|thresholding|judge_expr|0.5629
trec-dl-2019|qwen3-embed-600m+judge|thresholding|rankgpt|0.0
trec-dl-2019|qwen3-embed-600m+judge|thresholding|setmaxheaptopk|0.0
trec-dl-2019|qwen3-embed-600m+judge_expr|direct|judge|0.6105
trec-dl-2019|qwen3-embed-600m+judge_expr|direct|judge_expr|0.6342
trec-dl-2019|qwen3-embed-600m+judge_expr|direct|rankgpt|0.3172
trec-dl-2019|qwen3-embed-600m+judge_expr|direct|setmaxheaptopk|0.2772
trec-dl-2019|qwen3-embed-600m+judge_expr|largest_gap|judge|0.6647
trec-dl-2019|qwen3-embed-600m+judge_expr|largest_gap|judge_expr|0.6514
trec-dl-2019|qwen3-embed-600m+judge_expr|largest_gap|rankgpt|0.3172
trec-dl-2019|qwen3-embed-600m+judge_expr|largest_gap|setmaxheaptopk|0.2772
trec-dl-2019|qwen3-embed-600m+judge_expr|optimal_global|judge|0.6081
trec-dl-2019|qwen3-embed-600m+judge_expr|optimal_global|judge_expr|0.5995
trec-dl-2019|qwen3-embed-600m+judge_expr|optimal_global|rankgpt|0.4058
trec-dl-2019|qwen3-embed-600m+judge_expr|optimal_global|setmaxheaptopk|0.4546
trec-dl-2019|qwen3-embed-600m+judge_expr|optimal_per_topic|judge|0.5949
trec-dl-2019|qwen3-embed-600m+judge_expr|optimal_per_topic|judge_expr|0.6005
trec-dl-2019|qwen3-embed-600m+judge_expr|optimal_per_topic|rankgpt|0.5179
trec-dl-2019|qwen3-embed-600m+judge_expr|optimal_per_topic|setmaxheaptopk|0.5322
trec-dl-2019|qwen3-embed-600m+judge_expr|quantile|judge|0.5917
trec-dl-2019|qwen3-embed-600m+judge_expr|quantile|judge_expr|0.5917
trec-dl-2019|qwen3-embed-600m+judge_expr|quantile|rankgpt|0.4928
trec-dl-2019|qwen3-embed-600m+judge_expr|quantile|setmaxheaptopk|0.4981
trec-dl-2019|qwen3-embed-600m+judge_expr|rank|judge|0.4383
trec-dl-2019|qwen3-embed-600m+judge_expr|rank|judge_expr|0.5754
trec-dl-2019|qwen3-embed-600m+judge_expr|rank|rankgpt|0.3786
trec-dl-2019|qwen3-embed-600m+judge_expr|rank|setmaxheaptopk|0.386
trec-dl-2019|qwen3-embed-600m+judge_expr|thresholding|judge|0.6273
trec-dl-2019|qwen3-embed-600m+judge_expr|thresholding|judge_expr|0.5932
trec-dl-2019|qwen3-embed-600m+judge_expr|thresholding|rankgpt|0.0
trec-dl-2019|qwen3-embed-600m+judge_expr|thresholding|setmaxheaptopk|0.0
trec-dl-2019|qwen3-embed-600m+point|direct|judge|0.492
trec-dl-2019|qwen3-embed-600m+point|direct|judge_expr|0.4475
trec-dl-2019|qwen3-embed-600m+point|direct|rankgpt|0.2019
trec-dl-2019|qwen3-embed-600m+point|direct|setmaxheaptopk|0.2483
trec-dl-2019|qwen3-embed-600m+point|largest_gap|judge|0.4093
trec-dl-2019|qwen3-embed-600m+point|largest_gap|judge_expr|0.4568
trec-dl-2019|qwen3-embed-600m+point|largest_gap|rankgpt|0.2019
trec-dl-2019|qwen3-embed-600m+point|largest_gap|setmaxheaptopk|0.2483
trec-dl-2019|qwen3-embed-600m+point|optimal_global|judge|0.5052
trec-dl-2019|qwen3-embed-600m+point|optimal_global|judge_expr|0.5144
trec-dl-2019|qwen3-embed-600m+point|optimal_global|rankgpt|0.3469
trec-dl-2019|qwen3-embed-600m+point|optimal_global|setmaxheaptopk|0.4032
trec-dl-2019|qwen3-embed-600m+point|optimal_per_topic|judge|0.5149
trec-dl-2019|qwen3-embed-600m+point|optimal_per_topic|judge_expr|0.4962
trec-dl-2019|qwen3-embed-600m+point|optimal_per_topic|rankgpt|0.4843
trec-dl-2019|qwen3-embed-600m+point|optimal_per_topic|setmaxheaptopk|0.4917
trec-dl-2019|qwen3-embed-600m+point|quantile|judge|0.511
trec-dl-2019|qwen3-embed-600m+point|quantile|judge_expr|0.4567
trec-dl-2019|qwen3-embed-600m+point|quantile|rankgpt|0.4355
trec-dl-2019|qwen3-embed-600m+point|quantile|setmaxheaptopk|0.4564
trec-dl-2019|qwen3-embed-600m+point|rank|judge|0.3228
trec-dl-2019|qwen3-embed-600m+point|rank|judge_expr|0.3302
trec-dl-2019|qwen3-embed-600m+point|rank|rankgpt|0.3135
trec-dl-2019|qwen3-embed-600m+point|rank|setmaxheaptopk|0.3526
trec-dl-2019|qwen3-embed-600m+point|thresholding|judge|0.4576
trec-dl-2019|qwen3-embed-600m+point|thresholding|judge_expr|0.4287
trec-dl-2019|qwen3-embed-600m+point|thresholding|rankgpt|0.0
trec-dl-2019|qwen3-embed-600m+point|thresholding|setmaxheaptopk|0.0
trec-dl-2019|qwen3-embed-600m+rankfirst|direct|judge|0.6241
trec-dl-2019|qwen3-embed-600m+rankfirst|direct|judge_expr|0.5834
trec-dl-2019|qwen3-embed-600m+rankfirst|direct|rankgpt|0.4887
trec-dl-2019|qwen3-embed-600m+rankfirst|direct|setmaxheaptopk|0.475
trec-dl-2019|qwen3-embed-600m+rankfirst|largest_gap|judge|0.5597
trec-dl-2019|qwen3-embed-600m+rankfirst|largest_gap|judge_expr|0.5798
trec-dl-2019|qwen3-embed-600m+rankfirst|largest_gap|rankgpt|0.4887
trec-dl-2019|qwen3-embed-600m+rankfirst|largest_gap|setmaxheaptopk|0.475
trec-dl-2019|qwen3-embed-600m+rankfirst|optimal_global|judge|0.6103
trec-dl-2019|qwen3-embed-600m+rankfirst|optimal_global|judge_expr|0.6375
trec-dl-2019|qwen3-embed-600m+rankfirst|optimal_global|rankgpt|0.5166
trec-dl-2019|qwen3-embed-600m+rankfirst|optimal_global|setmaxheaptopk|0.5926
trec-dl-2019|qwen3-embed-600m+rankfirst|optimal_per_topic|judge|0.6645
trec-dl-2019|qwen3-embed-600m+rankfirst|optimal_per_topic|judge_expr|0.6395
trec-dl-2019|qwen3-embed-600m+rankfirst|optimal_per_topic|rankgpt|0.6903
trec-dl-2019|qwen3-embed-600m+rankfirst|optimal_per_topic|setmaxheaptopk|0.6762
trec-dl-2019|qwen3-embed-600m+rankfirst|quantile|judge|0.6665
trec-dl-2019|qwen3-embed-600m+rankfirst|quantile|judge_expr|0.6136
trec-dl-2019|qwen3-embed-600m+rankfirst|quantile|rankgpt|0.597
trec-dl-2019|qwen3-embed-600m+rankfirst|quantile|setmaxheaptopk|0.6287
trec-dl-2019|qwen3-embed-600m+rankfirst|rank|judge|0.428
trec-dl-2019|qwen3-embed-600m+rankfirst|rank|judge_expr|0.4503
trec-dl-2019|qwen3-embed-600m+rankfirst|rank|rankgpt|0.4898
trec-dl-2019|qwen3-embed-600m+rankfirst|rank|setmaxheaptopk|0.5391
trec-dl-2019|qwen3-embed-600m+rankfirst|thresholding|judge|0.5639
trec-dl-2019|qwen3-embed-600m+rankfirst|thresholding|judge_expr|0.5567
trec-dl-2019|qwen3-embed-600m+rankfirst|thresholding|rankgpt|0.0
trec-dl-2019|qwen3-embed-600m+rankfirst|thresholding|setmaxheaptopk|0.0
trec-dl-2019|qwen3-embed-600m+rankgpt|direct|judge|0.5948
trec-dl-2019|qwen3-embed-600m+rankgpt|direct|judge_expr|0.5551
trec-dl-2019|qwen3-embed-600m+rankgpt|direct|rankgpt|0.4588
trec-dl-2019|qwen3-embed-600m+rankgpt|direct|setmaxheaptopk|0.4138
trec-dl-2019|qwen3-embed-600m+rankgpt|largest_gap|judge|0.5384
trec-dl-2019|qwen3-embed-600m+rankgpt|largest_gap|judge_expr|0.5567
trec-dl-2019|qwen3-embed-600m+rankgpt|largest_gap|rankgpt|0.4588
trec-dl-2019|qwen3-embed-600m+rankgpt|largest_gap|setmaxheaptopk|0.4138
trec-dl-2019|qwen3-embed-600m+rankgpt|optimal_global|judge|0.5944
trec-dl-2019|qwen3-embed-600m+rankgpt|optimal_global|judge_expr|0.6072
trec-dl-2019|qwen3-embed-600m+rankgpt|optimal_global|rankgpt|0.4938
trec-dl-2019|qwen3-embed-600m+rankgpt|optimal_global|setmaxheaptopk|0.5306
trec-dl-2019|qwen3-embed-600m+rankgpt|optimal_per_topic|judge|0.6265
trec-dl-2019|qwen3-embed-600m+rankgpt|optimal_per_topic|judge_expr|0.6003
trec-dl-2019|qwen3-embed-600m+rankgpt|optimal_per_topic|rankgpt|0.632
trec-dl-2019|qwen3-embed-600m+rankgpt|optimal_per_topic|setmaxheaptopk|0.6274
trec-dl-2019|qwen3-embed-600m+rankgpt|quantile|judge|0.6181
trec-dl-2019|qwen3-embed-600m+rankgpt|quantile|judge_expr|0.5738
trec-dl-2019|qwen3-embed-600m+rankgpt|quantile|rankgpt|0.574
trec-dl-2019|qwen3-embed-600m+rankgpt|quantile|setmaxheaptopk|0.5727
trec-dl-2019|qwen3-embed-600m+rankgpt|rank|judge|0.4222
trec-dl-2019|qwen3-embed-600m+rankgpt|rank|judge_expr|0.424
trec-dl-2019|qwen3-embed-600m+rankgpt|rank|rankgpt|0.4739
trec-dl-2019|qwen3-embed-600m+rankgpt|rank|setmaxheaptopk|0.4721
trec-dl-2019|qwen3-embed-600m+rankgpt|thresholding|judge|0.5462
trec-dl-2019|qwen3-embed-600m+rankgpt|thresholding|judge_expr|0.5268
trec-dl-2019|qwen3-embed-600m+rankgpt|thresholding|rankgpt|0.0
trec-dl-2019|qwen3-embed-600m+rankgpt|thresholding|setmaxheaptopk|0.0
trec-dl-2019|qwen3-embed-600m+rankzephyr|direct|judge|0.6354
trec-dl-2019|qwen3-embed-600m+rankzephyr|direct|judge_expr|0.6021
trec-dl-2019|qwen3-embed-600m+rankzephyr|direct|rankgpt|0.4348
trec-dl-2019|qwen3-embed-600m+rankzephyr|direct|setmaxheaptopk|0.4516
trec-dl-2019|qwen3-embed-600m+rankzephyr|largest_gap|judge|0.5729
trec-dl-2019|qwen3-embed-600m+rankzephyr|largest_gap|judge_expr|0.5992
trec-dl-2019|qwen3-embed-600m+rankzephyr|largest_gap|rankgpt|0.4348
trec-dl-2019|qwen3-embed-600m+rankzephyr|largest_gap|setmaxheaptopk|0.4516
trec-dl-2019|qwen3-embed-600m+rankzephyr|optimal_global|judge|0.6084
trec-dl-2019|qwen3-embed-600m+rankzephyr|optimal_global|judge_expr|0.6368
trec-dl-2019|qwen3-embed-600m+rankzephyr|optimal_global|rankgpt|0.532
trec-dl-2019|qwen3-embed-600m+rankzephyr|optimal_global|setmaxheaptopk|0.5885
trec-dl-2019|qwen3-embed-600m+rankzephyr|optimal_per_topic|judge|0.6649
trec-dl-2019|qwen3-embed-600m+rankzephyr|optimal_per_topic|judge_expr|0.6408
trec-dl-2019|qwen3-embed-600m+rankzephyr|optimal_per_topic|rankgpt|0.6726
trec-dl-2019|qwen3-embed-600m+rankzephyr|optimal_per_topic|setmaxheaptopk|0.6753
trec-dl-2019|qwen3-embed-600m+rankzephyr|quantile|judge|0.6747
trec-dl-2019|qwen3-embed-600m+rankzephyr|quantile|judge_expr|0.6216
trec-dl-2019|qwen3-embed-600m+rankzephyr|quantile|rankgpt|0.6044
trec-dl-2019|qwen3-embed-600m+rankzephyr|quantile|setmaxheaptopk|0.6326
trec-dl-2019|qwen3-embed-600m+rankzephyr|rank|judge|0.4453
trec-dl-2019|qwen3-embed-600m+rankzephyr|rank|judge_expr|0.4714
trec-dl-2019|qwen3-embed-600m+rankzephyr|rank|rankgpt|0.4985
trec-dl-2019|qwen3-embed-600m+rankzephyr|rank|setmaxheaptopk|0.534
trec-dl-2019|qwen3-embed-600m+rankzephyr|thresholding|judge|0.5857
trec-dl-2019|qwen3-embed-600m+rankzephyr|thresholding|judge_expr|0.5772
trec-dl-2019|qwen3-embed-600m+rankzephyr|thresholding|rankgpt|0.0
trec-dl-2019|qwen3-embed-600m+rankzephyr|thresholding|setmaxheaptopk|0.0
trec-dl-2019|qwen3-embed-600m+setmaxheaptopk|direct|judge|0.581
trec-dl-2019|qwen3-embed-600m+setmaxheaptopk|direct|judge_expr|0.5546
trec-dl-2019|qwen3-embed-600m+setmaxheaptopk|direct|rankgpt|0.4343
trec-dl-2019|qwen3-embed-600m+setmaxheaptopk|direct|setmaxheaptopk|0.4833
trec-dl-2019|qwen3-embed-600m+setmaxheaptopk|largest_gap|judge|0.5281
trec-dl-2019|qwen3-embed-600m+setmaxheaptopk|largest_gap|judge_expr|0.5614
trec-dl-2019|qwen3-embed-600m+setmaxheaptopk|largest_gap|rankgpt|0.4343
trec-dl-2019|qwen3-embed-600m+setmaxheaptopk|largest_gap|setmaxheaptopk|0.4833
trec-dl-2019|qwen3-embed-600m+setmaxheaptopk|optimal_global|judge|0.5731
trec-dl-2019|qwen3-embed-600m+setmaxheaptopk|optimal_global|judge_expr|0.5923
trec-dl-2019|qwen3-embed-600m+setmaxheaptopk|optimal_global|rankgpt|0.4634
trec-dl-2019|qwen3-embed-600m+setmaxheaptopk|optimal_global|setmaxheaptopk|0.5351
trec-dl-2019|qwen3-embed-600m+setmaxheaptopk|optimal_per_topic|judge|0.607
trec-dl-2019|qwen3-embed-600m+setmaxheaptopk|optimal_per_topic|judge_expr|0.5954
trec-dl-2019|qwen3-embed-600m+setmaxheaptopk|optimal_per_topic|rankgpt|0.5965
trec-dl-2019|qwen3-embed-600m+setmaxheaptopk|optimal_per_topic|setmaxheaptopk|0.6177
trec-dl-2019|qwen3-embed-600m+setmaxheaptopk|quantile|judge|0.6018
trec-dl-2019|qwen3-embed-600m+setmaxheaptopk|quantile|judge_expr|0.5618
trec-dl-2019|qwen3-embed-600m+setmaxheaptopk|quantile|rankgpt|0.5252
trec-dl-2019|qwen3-embed-600m+setmaxheaptopk|quantile|setmaxheaptopk|0.5799
trec-dl-2019|qwen3-embed-600m+setmaxheaptopk|rank|judge|0.4141
trec-dl-2019|qwen3-embed-600m+setmaxheaptopk|rank|judge_expr|0.4405
trec-dl-2019|qwen3-embed-600m+setmaxheaptopk|rank|rankgpt|0.4392
trec-dl-2019|qwen3-embed-600m+setmaxheaptopk|rank|setmaxheaptopk|0.4902
trec-dl-2019|qwen3-embed-600m+setmaxheaptopk|thresholding|judge|0.5363
trec-dl-2019|qwen3-embed-600m+setmaxheaptopk|thresholding|judge_expr|0.5337
trec-dl-2019|qwen3-embed-600m+setmaxheaptopk|thresholding|rankgpt|0.0
trec-dl-2019|qwen3-embed-600m+setmaxheaptopk|thresholding|setmaxheaptopk|0.0
trec-dl-2019|splade-v3|direct|judge|0.5916
trec-dl-2019|splade-v3|direct|judge_expr|0.5444
trec-dl-2019|splade-v3|direct|rankgpt|0.4656
trec-dl-2019|splade-v3|direct|setmaxheaptopk|0.4667
trec-dl-2019|splade-v3|largest_gap|judge|0.5039
trec-dl-2019|splade-v3|largest_gap|judge_expr|0.5423
trec-dl-2019|splade-v3|largest_gap|rankgpt|0.4656
trec-dl-2019|splade-v3|largest_gap|setmaxheaptopk|0.4667
trec-dl-2019|splade-v3|optimal_global|judge|0.581
trec-dl-2019|splade-v3|optimal_global|judge_expr|0.6121
trec-dl-2019|splade-v3|optimal_global|rankgpt|0.5025
trec-dl-2019|splade-v3|optimal_global|setmaxheaptopk|0.5732
trec-dl-2019|splade-v3|optimal_per_topic|judge|0.6263
trec-dl-2019|splade-v3|optimal_per_topic|judge_expr|0.617
trec-dl-2019|splade-v3|optimal_per_topic|rankgpt|0.666
trec-dl-2019|splade-v3|optimal_per_topic|setmaxheaptopk|0.6463
trec-dl-2019|splade-v3|quantile|judge|0.656
trec-dl-2019|splade-v3|quantile|judge_expr|0.5909
trec-dl-2019|splade-v3|quantile|rankgpt|0.6086
trec-dl-2019|splade-v3|quantile|setmaxheaptopk|0.6209
trec-dl-2019|splade-v3|rank|judge|0.4263
trec-dl-2019|splade-v3|rank|judge_expr|0.4137
trec-dl-2019|splade-v3|rank|rankgpt|0.4773
trec-dl-2019|splade-v3|rank|setmaxheaptopk|0.5216
trec-dl-2019|splade-v3|thresholding|judge|0.5228
trec-dl-2019|splade-v3|thresholding|judge_expr|0.5131
trec-dl-2019|splade-v3|thresholding|rankgpt|0.0
trec-dl-2019|splade-v3|thresholding|setmaxheaptopk|0.0
trec-dl-2019|splade-v3+judge|direct|judge|0.6021
trec-dl-2019|splade-v3+judge|direct|judge_expr|0.6139
trec-dl-2019|splade-v3+judge|direct|rankgpt|0.2476
trec-dl-2019|splade-v3+judge|direct|setmaxheaptopk|0.2271
trec-dl-2019|splade-v3+judge|largest_gap|judge|0.6151
trec-dl-2019|splade-v3+judge|largest_gap|judge_expr|0.6092
trec-dl-2019|splade-v3+judge|largest_gap|rankgpt|0.2476
trec-dl-2019|splade-v3+judge|largest_gap|setmaxheaptopk|0.2271
trec-dl-2019|splade-v3+judge|optimal_global|judge|0.6082
trec-dl-2019|splade-v3+judge|optimal_global|judge_expr|0.5957
trec-dl-2019|splade-v3+judge|optimal_global|rankgpt|0.3703
trec-dl-2019|splade-v3+judge|optimal_global|setmaxheaptopk|0.4112
trec-dl-2019|splade-v3+judge|optimal_per_topic|judge|0.6161
trec-dl-2019|splade-v3+judge|optimal_per_topic|judge_expr|0.5691
trec-dl-2019|splade-v3+judge|optimal_per_topic|rankgpt|0.5121
trec-dl-2019|splade-v3+judge|optimal_per_topic|setmaxheaptopk|0.5127
trec-dl-2019|splade-v3+judge|quantile|judge|0.5905
trec-dl-2019|splade-v3+judge|quantile|judge_expr|0.5487
trec-dl-2019|splade-v3+judge|quantile|rankgpt|0.481
trec-dl-2019|splade-v3+judge|quantile|setmaxheaptopk|0.4558
trec-dl-2019|splade-v3+judge|rank|judge|0.4208
trec-dl-2019|splade-v3+judge|rank|judge_expr|0.4229
trec-dl-2019|splade-v3+judge|rank|rankgpt|0.3335
trec-dl-2019|splade-v3+judge|rank|setmaxheaptopk|0.3605
trec-dl-2019|splade-v3+judge|thresholding|judge|0.5943
trec-dl-2019|splade-v3+judge|thresholding|judge_expr|0.5785
trec-dl-2019|splade-v3+judge|thresholding|rankgpt|0.0
trec-dl-2019|splade-v3+judge|thresholding|setmaxheaptopk|0.0
trec-dl-2019|splade-v3+judge_expr|direct|judge|0.6004
trec-dl-2019|splade-v3+judge_expr|direct|judge_expr|0.616
trec-dl-2019|splade-v3+judge_expr|direct|rankgpt|0.3442
trec-dl-2019|splade-v3+judge_expr|direct|setmaxheaptopk|0.2746
trec-dl-2019|splade-v3+judge_expr|largest_gap|judge|0.6189
trec-dl-2019|splade-v3+judge_expr|largest_gap|judge_expr|0.6052
trec-dl-2019|splade-v3+judge_expr|largest_gap|rankgpt|0.3442
trec-dl-2019|splade-v3+judge_expr|largest_gap|setmaxheaptopk|0.2746
trec-dl-2019|splade-v3+judge_expr|optimal_global|judge|0.5934
trec-dl-2019|splade-v3+judge_expr|optimal_global|judge_expr|0.6102
trec-dl-2019|splade-v3+judge_expr|optimal_global|rankgpt|0.4207
trec-dl-2019|splade-v3+judge_expr|optimal_global|setmaxheaptopk|0.4656
trec-dl-2019|splade-v3+judge_expr|optimal_per_topic|judge|0.6024
trec-dl-2019|splade-v3+judge_expr|optimal_per_topic|judge_expr|0.6099
trec-dl-2019|splade-v3+judge_expr|optimal_per_topic|rankgpt|0.5398
trec-dl-2019|splade-v3+judge_expr|optimal_per_topic|setmaxheaptopk|0.5392
trec-dl-2019|splade-v3+judge_expr|quantile|judge|0.5913
trec-dl-2019|splade-v3+judge_expr|quantile|judge_expr|0.5911
trec-dl-2019|splade-v3+judge_expr|quantile|rankgpt|0.5028
trec-dl-2019|splade-v3+judge_expr|quantile|setmaxheaptopk|0.509
trec-dl-2019|splade-v3+judge_expr|rank|judge|0.4335
trec-dl-2019|splade-v3+judge_expr|rank|judge_expr|0.5745
trec-dl-2019|splade-v3+judge_expr|rank|rankgpt|0.3989
trec-dl-2019|splade-v3+judge_expr|rank|setmaxheaptopk|0.405
trec-dl-2019|splade-v3+judge_expr|thresholding|judge|0.5894
trec-dl-2019|splade-v3+judge_expr|thresholding|judge_expr|0.586
trec-dl-2019|splade-v3+judge_expr|thresholding|rankgpt|0.0
trec-dl-2019|splade-v3+judge_expr|thresholding|setmaxheaptopk|0.0
trec-dl-2019|splade-v3+point|direct|judge|0.5029
trec-dl-2019|splade-v3+point|direct|judge_expr|0.4568
trec-dl-2019|splade-v3+point|direct|rankgpt|0.237
trec-dl-2019|splade-v3+point|direct|setmaxheaptopk|0.2763
trec-dl-2019|splade-v3+point|largest_gap|judge|0.4098
trec-dl-2019|splade-v3+point|largest_gap|judge_expr|0.4584
trec-dl-2019|splade-v3+point|largest_gap|rankgpt|0.237
trec-dl-2019|splade-v3+point|largest_gap|setmaxheaptopk|0.2763
trec-dl-2019|splade-v3+point|optimal_global|judge|0.5144
trec-dl-2019|splade-v3+point|optimal_global|judge_expr|0.5302
trec-dl-2019|splade-v3+point|optimal_global|rankgpt|0.369
trec-dl-2019|splade-v3+point|optimal_global|setmaxheaptopk|0.4154
trec-dl-2019|splade-v3+point|optimal_per_topic|judge|0.5337
trec-dl-2019|splade-v3+point|optimal_per_topic|judge_expr|0.5111
trec-dl-2019|splade-v3+point|optimal_per_topic|rankgpt|0.507
trec-dl-2019|splade-v3+point|optimal_per_topic|setmaxheaptopk|0.5117
trec-dl-2019|splade-v3+point|quantile|judge|0.5218
trec-dl-2019|splade-v3+point|quantile|judge_expr|0.4692
trec-dl-2019|splade-v3+point|quantile|rankgpt|0.4579
trec-dl-2019|splade-v3+point|quantile|setmaxheaptopk|0.4644
trec-dl-2019|splade-v3+point|rank|judge|0.3412
trec-dl-2019|splade-v3+point|rank|judge_expr|0.332
trec-dl-2019|splade-v3+point|rank|rankgpt|0.3376
trec-dl-2019|splade-v3+point|rank|setmaxheaptopk|0.3707
trec-dl-2019|splade-v3+point|thresholding|judge|0.4616
trec-dl-2019|splade-v3+point|thresholding|judge_expr|0.4355
trec-dl-2019|splade-v3+point|thresholding|rankgpt|0.0
trec-dl-2019|splade-v3+point|thresholding|setmaxheaptopk|0.0
trec-dl-2019|splade-v3+rankfirst|direct|judge|0.62
trec-dl-2019|splade-v3+rankfirst|direct|judge_expr|0.58
trec-dl-2019|splade-v3+rankfirst|direct|rankgpt|0.5034
trec-dl-2019|splade-v3+rankfirst|direct|setmaxheaptopk|0.476
trec-dl-2019|splade-v3+rankfirst|largest_gap|judge|0.5566
trec-dl-2019|splade-v3+rankfirst|largest_gap|judge_expr|0.5798
trec-dl-2019|splade-v3+rankfirst|largest_gap|rankgpt|0.5034
trec-dl-2019|splade-v3+rankfirst|largest_gap|setmaxheaptopk|0.476
trec-dl-2019|splade-v3+rankfirst|optimal_global|judge|0.5993
trec-dl-2019|splade-v3+rankfirst|optimal_global|judge_expr|0.6267
trec-dl-2019|splade-v3+rankfirst|optimal_global|rankgpt|0.5117
trec-dl-2019|splade-v3+rankfirst|optimal_global|setmaxheaptopk|0.5909
trec-dl-2019|splade-v3+rankfirst|optimal_per_topic|judge|0.658
trec-dl-2019|splade-v3+rankfirst|optimal_per_topic|judge_expr|0.6387
trec-dl-2019|splade-v3+rankfirst|optimal_per_topic|rankgpt|0.689
trec-dl-2019|splade-v3+rankfirst|optimal_per_topic|setmaxheaptopk|0.6834
trec-dl-2019|splade-v3+rankfirst|quantile|judge|0.6712
trec-dl-2019|splade-v3+rankfirst|quantile|judge_expr|0.5952
trec-dl-2019|splade-v3+rankfirst|quantile|rankgpt|0.611
trec-dl-2019|splade-v3+rankfirst|quantile|setmaxheaptopk|0.6275
trec-dl-2019|splade-v3+rankfirst|rank|judge|0.4262
trec-dl-2019|splade-v3+rankfirst|rank|judge_expr|0.4345
trec-dl-2019|splade-v3+rankfirst|rank|rankgpt|0.4844
trec-dl-2019|splade-v3+rankfirst|rank|setmaxheaptopk|0.5415
trec-dl-2019|splade-v3+rankfirst|thresholding|judge|0.5545
trec-dl-2019|splade-v3+rankfirst|thresholding|judge_expr|0.5559
trec-dl-2019|splade-v3+rankfirst|thresholding|rankgpt|0.0
trec-dl-2019|splade-v3+rankfirst|thresholding|setmaxheaptopk|0.0
trec-dl-2019|splade-v3+rankgpt|direct|judge|0.597
trec-dl-2019|splade-v3+rankgpt|direct|judge_expr|0.5628
trec-dl-2019|splade-v3+rankgpt|direct|rankgpt|0.5318
trec-dl-2019|splade-v3+rankgpt|direct|setmaxheaptopk|0.4938
trec-dl-2019|splade-v3+rankgpt|largest_gap|judge|0.5332
trec-dl-2019|splade-v3+rankgpt|largest_gap|judge_expr|0.5601
trec-dl-2019|splade-v3+rankgpt|largest_gap|rankgpt|0.5318
trec-dl-2019|splade-v3+rankgpt|largest_gap|setmaxheaptopk|0.4938
trec-dl-2019|splade-v3+rankgpt|optimal_global|judge|0.5899
trec-dl-2019|splade-v3+rankgpt|optimal_global|judge_expr|0.6094
trec-dl-2019|splade-v3+rankgpt|optimal_global|rankgpt|0.5018
trec-dl-2019|splade-v3+rankgpt|optimal_global|setmaxheaptopk|0.5508
trec-dl-2019|splade-v3+rankgpt|optimal_per_topic|judge|0.6272
trec-dl-2019|splade-v3+rankgpt|optimal_per_topic|judge_expr|0.6241
trec-dl-2019|splade-v3+rankgpt|optimal_per_topic|rankgpt|0.6385
trec-dl-2019|splade-v3+rankgpt|optimal_per_topic|setmaxheaptopk|0.6228
trec-dl-2019|splade-v3+rankgpt|quantile|judge|0.638
trec-dl-2019|splade-v3+rankgpt|quantile|judge_expr|0.5871
trec-dl-2019|splade-v3+rankgpt|quantile|rankgpt|0.5833
trec-dl-2019|splade-v3+rankgpt|quantile|setmaxheaptopk|0.592
trec-dl-2019|splade-v3+rankgpt|rank|judge|0.4255
trec-dl-2019|splade-v3+rankgpt|rank|judge_expr|0.4228
trec-dl-2019|splade-v3+rankgpt|rank|rankgpt|0.4804
trec-dl-2019|splade-v3+rankgpt|rank|setmaxheaptopk|0.4975
trec-dl-2019|splade-v3+rankgpt|thresholding|judge|0.5424
trec-dl-2019|splade-v3+rankgpt|thresholding|judge_expr|0.5302
trec-dl-2019|splade-v3+rankgpt|thresholding|rankgpt|0.0
trec-dl-2019|splade-v3+rankgpt|thresholding|setmaxheaptopk|0.0
trec-dl-2019|splade-v3+rankzephyr|direct|judge|0.6245
trec-dl-2019|splade-v3+rankzephyr|direct|judge_expr|0.5846
trec-dl-2019|splade-v3+rankzephyr|direct|rankgpt|0.463
trec-dl-2019|splade-v3+rankzephyr|direct|setmaxheaptopk|0.4656
trec-dl-2019|splade-v3+rankzephyr|largest_gap|judge|0.5579
trec-dl-2019|splade-v3+rankzephyr|largest_gap|judge_expr|0.5828
trec-dl-2019|splade-v3+rankzephyr|largest_gap|rankgpt|0.463
trec-dl-2019|splade-v3+rankzephyr|largest_gap|setmaxheaptopk|0.4656
trec-dl-2019|splade-v3+rankzephyr|optimal_global|judge|0.6034
trec-dl-2019|splade-v3+rankzephyr|optimal_global|judge_expr|0.6288
trec-dl-2019|splade-v3+rankzephyr|optimal_global|rankgpt|0.5153
trec-dl-2019|splade-v3+rankzephyr|optimal_global|setmaxheaptopk|0.5788
trec-dl-2019|splade-v3+rankzephyr|optimal_per_topic|judge|0.6684
trec-dl-2019|splade-v3+rankzephyr|optimal_per_topic|judge_expr|0.6525
trec-dl-2019|splade-v3+rankzephyr|optimal_per_topic|rankgpt|0.7061
trec-dl-2019|splade-v3+rankzephyr|optimal_per_topic|setmaxheaptopk|0.677
trec-dl-2019|splade-v3+rankzephyr|quantile|judge|0.6793
trec-dl-2019|splade-v3+rankzephyr|quantile|judge_expr|0.6047
trec-dl-2019|splade-v3+rankzephyr|quantile|rankgpt|0.6314
trec-dl-2019|splade-v3+rankzephyr|quantile|setmaxheaptopk|0.628
trec-dl-2019|splade-v3+rankzephyr|rank|judge|0.4379
trec-dl-2019|splade-v3+rankzephyr|rank|judge_expr|0.4379
trec-dl-2019|splade-v3+rankzephyr|rank|rankgpt|0.4882
trec-dl-2019|splade-v3+rankzephyr|rank|setmaxheaptopk|0.5199
trec-dl-2019|splade-v3+rankzephyr|thresholding|judge|0.5571
trec-dl-2019|splade-v3+rankzephyr|thresholding|judge_expr|0.5538
trec-dl-2019|splade-v3+rankzephyr|thresholding|rankgpt|0.0
trec-dl-2019|splade-v3+rankzephyr|thresholding|setmaxheaptopk|0.0
trec-dl-2019|splade-v3+setmaxheaptopk|direct|judge|0.6132
trec-dl-2019|splade-v3+setmaxheaptopk|direct|judge_expr|0.5809
trec-dl-2019|splade-v3+setmaxheaptopk|direct|rankgpt|0.5036
trec-dl-2019|splade-v3+setmaxheaptopk|direct|setmaxheaptopk|0.4892
trec-dl-2019|splade-v3+setmaxheaptopk|largest_gap|judge|0.5598
trec-dl-2019|splade-v3+setmaxheaptopk|largest_gap|judge_expr|0.5796
trec-dl-2019|splade-v3+setmaxheaptopk|largest_gap|rankgpt|0.5036
trec-dl-2019|splade-v3+setmaxheaptopk|largest_gap|setmaxheaptopk|0.4892
trec-dl-2019|splade-v3+setmaxheaptopk|optimal_global|judge|0.6107
trec-dl-2019|splade-v3+setmaxheaptopk|optimal_global|judge_expr|0.6363
trec-dl-2019|splade-v3+setmaxheaptopk|optimal_global|rankgpt|0.5043
trec-dl-2019|splade-v3+setmaxheaptopk|optimal_global|setmaxheaptopk|0.5689
trec-dl-2019|splade-v3+setmaxheaptopk|optimal_per_topic|judge|0.6489
trec-dl-2019|splade-v3+setmaxheaptopk|optimal_per_topic|judge_expr|0.6254
trec-dl-2019|splade-v3+setmaxheaptopk|optimal_per_topic|rankgpt|0.6493
trec-dl-2019|splade-v3+setmaxheaptopk|optimal_per_topic|setmaxheaptopk|0.6718
trec-dl-2019|splade-v3+setmaxheaptopk|quantile|judge|0.6444
trec-dl-2019|splade-v3+setmaxheaptopk|quantile|judge_expr|0.6058
trec-dl-2019|splade-v3+setmaxheaptopk|quantile|rankgpt|0.5906
trec-dl-2019|splade-v3+setmaxheaptopk|quantile|setmaxheaptopk|0.6155
trec-dl-2019|splade-v3+setmaxheaptopk|rank|judge|0.4547
trec-dl-2019|splade-v3+setmaxheaptopk|rank|judge_expr|0.4547
trec-dl-2019|splade-v3+setmaxheaptopk|rank|rankgpt|0.4879
trec-dl-2019|splade-v3+setmaxheaptopk|rank|setmaxheaptopk|0.5365
trec-dl-2019|splade-v3+setmaxheaptopk|thresholding|judge|0.5605
trec-dl-2019|splade-v3+setmaxheaptopk|thresholding|judge_expr|0.5441
trec-dl-2019|splade-v3+setmaxheaptopk|thresholding|rankgpt|0.0
trec-dl-2019|splade-v3+setmaxheaptopk|thresholding|setmaxheaptopk|0.0
trec-dl-2020|bm25|direct|judge|0.5924
trec-dl-2020|bm25|direct|judge_expr|0.4951
trec-dl-2020|bm25|direct|rankgpt|0.6055
trec-dl-2020|bm25|direct|setmaxheaptopk|0.4174
trec-dl-2020|bm25|largest_gap|judge|0.4665
trec-dl-2020|bm25|largest_gap|judge_expr|0.5032
trec-dl-2020|bm25|largest_gap|rankgpt|0.6055
trec-dl-2020|bm25|largest_gap|setmaxheaptopk|0.4174
trec-dl-2020|bm25|optimal_global|judge|0.4954
trec-dl-2020|bm25|optimal_global|judge_expr|0.5222
trec-dl-2020|bm25|optimal_global|rankgpt|0.6621
trec-dl-2020|bm25|optimal_global|setmaxheaptopk|0.4211
trec-dl-2020|bm25|optimal_per_topic|judge|0.6106
trec-dl-2020|bm25|optimal_per_topic|judge_expr|0.5946
trec-dl-2020|bm25|optimal_per_topic|rankgpt|0.7717
trec-dl-2020|bm25|optimal_per_topic|setmaxheaptopk|0.6145
trec-dl-2020|bm25|quantile|judge|0.7359
trec-dl-2020|bm25|quantile|judge_expr|0.6063
trec-dl-2020|bm25|quantile|rankgpt|1.0
trec-dl-2020|bm25|quantile|setmaxheaptopk|0.6571
trec-dl-2020|bm25|rank|judge|0.4937
trec-dl-2020|bm25|rank|judge_expr|0.3878
trec-dl-2020|bm25|rank|rankgpt|0.5417
trec-dl-2020|bm25|rank|setmaxheaptopk|0.4211
trec-dl-2020|bm25|thresholding|judge|0.497
trec-dl-2020|bm25|thresholding|judge_expr|0.4862
trec-dl-2020|bm25|thresholding|rankgpt|0.0
trec-dl-2020|bm25|thresholding|setmaxheaptopk|0.0
trec-dl-2020|bm25+judge|direct|judge|1.0
trec-dl-2020|bm25+judge|direct|judge_expr|0.951
trec-dl-2020|bm25+judge|direct|rankgpt|0.4586
trec-dl-2020|bm25+judge|direct|setmaxheaptopk|0.4775
trec-dl-2020|bm25+judge|largest_gap|judge|1.0
trec-dl-2020|bm25+judge|largest_gap|judge_expr|0.9703
trec-dl-2020|bm25+judge|largest_gap|rankgpt|0.4586
trec-dl-2020|bm25+judge|largest_gap|setmaxheaptopk|0.4775
trec-dl-2020|bm25+judge|optimal_global|judge|0.963
trec-dl-2020|bm25+judge|optimal_global|judge_expr|0.9679
trec-dl-2020|bm25+judge|optimal_global|rankgpt|0.6191
trec-dl-2020|bm25+judge|optimal_global|setmaxheaptopk|0.5757
trec-dl-2020|bm25+judge|optimal_per_topic|judge|1.0
trec-dl-2020|bm25+judge|optimal_per_topic|judge_expr|0.938
trec-dl-2020|bm25+judge|optimal_per_topic|rankgpt|0.7523
trec-dl-2020|bm25+judge|optimal_per_topic|setmaxheaptopk|0.7264
trec-dl-2020|bm25+judge|quantile|judge|1.0
trec-dl-2020|bm25+judge|quantile|judge_expr|0.9574
trec-dl-2020|bm25+judge|quantile|rankgpt|0.7499
trec-dl-2020|bm25+judge|quantile|setmaxheaptopk|0.7895
trec-dl-2020|bm25+judge|rank|judge|0.8108
trec-dl-2020|bm25+judge|rank|judge_expr|0.7958
trec-dl-2020|bm25+judge|rank|rankgpt|0.5474
trec-dl-2020|bm25+judge|rank|setmaxheaptopk|0.5757
trec-dl-2020|bm25+judge|thresholding|judge|0.963
trec-dl-2020|bm25+judge|thresholding|judge_expr|0.9475
trec-dl-2020|bm25+judge|thresholding|rankgpt|0.0
trec-dl-2020|bm25+judge|thresholding|setmaxheaptopk|0.0
trec-dl-2020|bm25+judge_expr|direct|judge|0.9934
trec-dl-2020|bm25+judge_expr|direct|judge_expr|0.9815
trec-dl-2020|bm25+judge_expr|direct|rankgpt|0.5483
trec-dl-2020|bm25+judge_expr|direct|setmaxheaptopk|0.5508
trec-dl-2020|bm25+judge_expr|largest_gap|judge|0.997
trec-dl-2020|bm25+judge_expr|largest_gap|judge_expr|1.0
trec-dl-2020|bm25+judge_expr|largest_gap|rankgpt|0.5483
trec-dl-2020|bm25+judge_expr|largest_gap|setmaxheaptopk|0.5508
trec-dl-2020|bm25+judge_expr|optimal_global|judge|0.9625
trec-dl-2020|bm25+judge_expr|optimal_global|judge_expr|0.9815
trec-dl-2020|bm25+judge_expr|optimal_global|rankgpt|0.6664
trec-dl-2020|bm25+judge_expr|optimal_global|setmaxheaptopk|0.6191
trec-dl-2020|bm25+judge_expr|optimal_per_topic|judge|0.9945
trec-dl-2020|bm25+judge_expr|optimal_per_topic|judge_expr|1.0
trec-dl-2020|bm25+judge_expr|optimal_per_topic|rankgpt|0.78
trec-dl-2020|bm25+judge_expr|optimal_per_topic|setmaxheaptopk|0.7703
trec-dl-2020|bm25+judge_expr|quantile|judge|0.9962
trec-dl-2020|bm25+judge_expr|quantile|judge_expr|1.0
trec-dl-2020|bm25+judge_expr|quantile|rankgpt|0.7905
trec-dl-2020|bm25+judge_expr|quantile|setmaxheaptopk|0.8113
trec-dl-2020|bm25+judge_expr|rank|judge|0.7949
trec-dl-2020|bm25+judge_expr|rank|judge_expr|1.0
trec-dl-2020|bm25+judge_expr|rank|rankgpt|0.5917
trec-dl-2020|bm25+judge_expr|rank|setmaxheaptopk|0.6191
trec-dl-2020|bm25+judge_expr|thresholding|judge|0.9612
trec-dl-2020|bm25+judge_expr|thresholding|judge_expr|0.963
trec-dl-2020|bm25+judge_expr|thresholding|rankgpt|0.0
trec-dl-2020|bm25+judge_expr|thresholding|setmaxheaptopk|0.0
trec-dl-2020|bm25+point|direct|judge|0.7771
trec-dl-2020|bm25+point|direct|judge_expr|0.6885
trec-dl-2020|bm25+point|direct|rankgpt|0.4369
trec-dl-2020|bm25+point|direct|setmaxheaptopk|0.4543
trec-dl-2020|bm25+point|largest_gap|judge|0.6539
trec-dl-2020|bm25+point|largest_gap|judge_expr|0.7301
trec-dl-2020|bm25+point|largest_gap|rankgpt|0.4369
trec-dl-2020|bm25+point|largest_gap|setmaxheaptopk|0.4543
trec-dl-2020|bm25+point|optimal_global|judge|0.6937
trec-dl-2020|bm25+point|optimal_global|judge_expr|0.7353
trec-dl-2020|bm25+point|optimal_global|rankgpt|0.5876
trec-dl-2020|bm25+point|optimal_global|setmaxheaptopk|0.5877
trec-dl-2020|bm25+point|optimal_per_topic|judge|0.7774
trec-dl-2020|bm25+point|optimal_per_topic|judge_expr|0.8011
trec-dl-2020|bm25+point|optimal_per_topic|rankgpt|0.7751
trec-dl-2020|bm25+point|optimal_per_topic|setmaxheaptopk|0.7508
trec-dl-2020|bm25+point|quantile|judge|0.9052
trec-dl-2020|bm25+point|quantile|judge_expr|0.7938
trec-dl-2020|bm25+point|quantile|rankgpt|0.7329
trec-dl-2020|bm25+point|quantile|setmaxheaptopk|0.7751
trec-dl-2020|bm25+point|rank|judge|0.5352
trec-dl-2020|bm25+point|rank|judge_expr|0.5435
trec-dl-2020|bm25+point|rank|rankgpt|0.5177
trec-dl-2020|bm25+point|rank|setmaxheaptopk|0.5877
trec-dl-2020|bm25+point|thresholding|judge|0.7006
trec-dl-2020|bm25+point|thresholding|judge_expr|0.6876
trec-dl-2020|bm25+point|thresholding|rankgpt|0.0
trec-dl-2020|bm25+point|thresholding|setmaxheaptopk|0.0
trec-dl-2020|bm25+rankfirst|direct|judge|0.8002
trec-dl-2020|bm25+rankfirst|direct|judge_expr|0.7335
trec-dl-2020|bm25+rankfirst|direct|rankgpt|0.7235
trec-dl-2020|bm25+rankfirst|direct|setmaxheaptopk|0.7086
trec-dl-2020|bm25+rankfirst|largest_gap|judge|0.7206
trec-dl-2020|bm25+rankfirst|largest_gap|judge_expr|0.771
trec-dl-2020|bm25+rankfirst|largest_gap|rankgpt|0.7235
trec-dl-2020|bm25+rankfirst|largest_gap|setmaxheaptopk|0.7086
trec-dl-2020|bm25+rankfirst|optimal_global|judge|0.7377
trec-dl-2020|bm25+rankfirst|optimal_global|judge_expr|0.7522
trec-dl-2020|bm25+rankfirst|optimal_global|rankgpt|0.7499
trec-dl-2020|bm25+rankfirst|optimal_global|setmaxheaptopk|0.6737
trec-dl-2020|bm25+rankfirst|optimal_per_topic|judge|0.8279
trec-dl-2020|bm25+rankfirst|optimal_per_topic|judge_expr|0.8659
trec-dl-2020|bm25+rankfirst|optimal_per_topic|rankgpt|0.9297
trec-dl-2020|bm25+rankfirst|optimal_per_topic|setmaxheaptopk|0.859
trec-dl-2020|bm25+rankfirst|quantile|judge|0.9113
trec-dl-2020|bm25+rankfirst|quantile|judge_expr|0.8153
trec-dl-2020|bm25+rankfirst|quantile|rankgpt|0.9181
trec-dl-2020|bm25+rankfirst|quantile|setmaxheaptopk|0.8403
trec-dl-2020|bm25+rankfirst|rank|judge|0.6401
trec-dl-2020|bm25+rankfirst|rank|judge_expr|0.6026
trec-dl-2020|bm25+rankfirst|rank|rankgpt|0.6613
trec-dl-2020|bm25+rankfirst|rank|setmaxheaptopk|0.6737
trec-dl-2020|bm25+rankfirst|thresholding|judge|0.7256
trec-dl-2020|bm25+rankfirst|thresholding|judge_expr|0.7367
trec-dl-2020|bm25+rankfirst|thresholding|rankgpt|0.0
trec-dl-2020|bm25+rankfirst|thresholding|setmaxheaptopk|0.0
trec-dl-2020|bm25+rankgpt|direct|judge|0.7949
trec-dl-2020|bm25+rankgpt|direct|judge_expr|0.713
trec-dl-2020|bm25+rankgpt|direct|rankgpt|1.0
trec-dl-2020|bm25+rankgpt|direct|setmaxheaptopk|0.6745
trec-dl-2020|bm25+rankgpt|largest_gap|judge|0.7088
trec-dl-2020|bm25+rankgpt|largest_gap|judge_expr|0.7281
trec-dl-2020|bm25+rankgpt|largest_gap|rankgpt|1.0
trec-dl-2020|bm25+rankgpt|largest_gap|setmaxheaptopk|0.6745
trec-dl-2020|bm25+rankgpt|optimal_global|judge|0.724
trec-dl-2020|bm25+rankgpt|optimal_global|judge_expr|0.743
trec-dl-2020|bm25+rankgpt|optimal_global|rankgpt|1.0
trec-dl-2020|bm25+rankgpt|optimal_global|setmaxheaptopk|0.6672
trec-dl-2020|bm25+rankgpt|optimal_per_topic|judge|0.8252
trec-dl-2020|bm25+rankgpt|optimal_per_topic|judge_expr|0.8307
trec-dl-2020|bm25+rankgpt|optimal_per_topic|rankgpt|1.0
trec-dl-2020|bm25+rankgpt|optimal_per_topic|setmaxheaptopk|0.8581
trec-dl-2020|bm25+rankgpt|quantile|judge|0.9182
trec-dl-2020|bm25+rankgpt|quantile|judge_expr|0.8536
trec-dl-2020|bm25+rankgpt|quantile|rankgpt|1.0
trec-dl-2020|bm25+rankgpt|quantile|setmaxheaptopk|0.8454
trec-dl-2020|bm25+rankgpt|rank|judge|0.6321
trec-dl-2020|bm25+rankgpt|rank|judge_expr|0.6108
trec-dl-2020|bm25+rankgpt|rank|rankgpt|1.0
trec-dl-2020|bm25+rankgpt|rank|setmaxheaptopk|0.6672
trec-dl-2020|bm25+rankgpt|thresholding|judge|0.7136
trec-dl-2020|bm25+rankgpt|thresholding|judge_expr|0.7173
trec-dl-2020|bm25+rankgpt|thresholding|rankgpt|0.0
trec-dl-2020|bm25+rankgpt|thresholding|setmaxheaptopk|0.0
trec-dl-2020|bm25+rankzephyr|direct|judge|0.8155
trec-dl-2020|bm25+rankzephyr|direct|judge_expr|0.7443
trec-dl-2020|bm25+rankzephyr|direct|rankgpt|0.7143
trec-dl-2020|bm25+rankzephyr|direct|setmaxheaptopk|0.6585
trec-dl-2020|bm25+rankzephyr|largest_gap|judge|0.7393
trec-dl-2020|bm25+rankzephyr|largest_gap|judge_expr|0.7832
trec-dl-2020|bm25+rankzephyr|largest_gap|rankgpt|0.7143
trec-dl-2020|bm25+rankzephyr|largest_gap|setmaxheaptopk|0.6585
trec-dl-2020|bm25+rankzephyr|optimal_global|judge|0.753
trec-dl-2020|bm25+rankzephyr|optimal_global|judge_expr|0.7659
trec-dl-2020|bm25+rankzephyr|optimal_global|rankgpt|0.716
trec-dl-2020|bm25+rankzephyr|optimal_global|setmaxheaptopk|0.6748
trec-dl-2020|bm25+rankzephyr|optimal_per_topic|judge|0.8409
trec-dl-2020|bm25+rankzephyr|optimal_per_topic|judge_expr|0.8698
trec-dl-2020|bm25+rankzephyr|optimal_per_topic|rankgpt|0.8956
trec-dl-2020|bm25+rankzephyr|optimal_per_topic|setmaxheaptopk|0.8531
trec-dl-2020|bm25+rankzephyr|quantile|judge|0.9313
trec-dl-2020|bm25+rankzephyr|quantile|judge_expr|0.8542
trec-dl-2020|bm25+rankzephyr|quantile|rankgpt|0.8443
trec-dl-2020|bm25+rankzephyr|quantile|setmaxheaptopk|0.8395
trec-dl-2020|bm25+rankzephyr|rank|judge|0.6128
trec-dl-2020|bm25+rankzephyr|rank|judge_expr|0.6279
trec-dl-2020|bm25+rankzephyr|rank|rankgpt|0.6432
trec-dl-2020|bm25+rankzephyr|rank|setmaxheaptopk|0.6748
trec-dl-2020|bm25+rankzephyr|thresholding|judge|0.743
trec-dl-2020|bm25+rankzephyr|thresholding|judge_expr|0.7494
trec-dl-2020|bm25+rankzephyr|thresholding|rankgpt|0.0
trec-dl-2020|bm25+rankzephyr|thresholding|setmaxheaptopk|0.0
trec-dl-2020|bm25+setmaxheaptopk|direct|judge|0.8203
trec-dl-2020|bm25+setmaxheaptopk|direct|judge_expr|0.7504
trec-dl-2020|bm25+setmaxheaptopk|direct|rankgpt|0.7326
trec-dl-2020|bm25+setmaxheaptopk|direct|setmaxheaptopk|1.0
trec-dl-2020|bm25+setmaxheaptopk|largest_gap|judge|0.7337
trec-dl-2020|bm25+setmaxheaptopk|largest_gap|judge_expr|0.7923
trec-dl-2020|bm25+setmaxheaptopk|largest_gap|rankgpt|0.7326
trec-dl-2020|bm25+setmaxheaptopk|largest_gap|setmaxheaptopk|1.0
trec-dl-2020|bm25+setmaxheaptopk|optimal_global|judge|0.7536
trec-dl-2020|bm25+setmaxheaptopk|optimal_global|judge_expr|0.7748
trec-dl-2020|bm25+setmaxheaptopk|optimal_global|rankgpt|0.7198
trec-dl-2020|bm25+setmaxheaptopk|optimal_global|setmaxheaptopk|1.0
trec-dl-2020|bm25+setmaxheaptopk|optimal_per_topic|judge|0.8481
trec-dl-2020|bm25+setmaxheaptopk|optimal_per_topic|judge_expr|0.8731
trec-dl-2020|bm25+setmaxheaptopk|optimal_per_topic|rankgpt|0.8889
trec-dl-2020|bm25+setmaxheaptopk|optimal_per_topic|setmaxheaptopk|1.0
trec-dl-2020|bm25+setmaxheaptopk|quantile|judge|0.9346
trec-dl-2020|bm25+setmaxheaptopk|quantile|judge_expr|0.8735
trec-dl-2020|bm25+setmaxheaptopk|quantile|rankgpt|0.8288
trec-dl-2020|bm25+setmaxheaptopk|quantile|setmaxheaptopk|1.0
trec-dl-2020|bm25+setmaxheaptopk|rank|judge|0.6251
trec-dl-2020|bm25+setmaxheaptopk|rank|judge_expr|0.6235
trec-dl-2020|bm25+setmaxheaptopk|rank|rankgpt|0.655
trec-dl-2020|bm25+setmaxheaptopk|rank|setmaxheaptopk|1.0
trec-dl-2020|bm25+setmaxheaptopk|thresholding|judge|0.7518
trec-dl-2020|bm25+setmaxheaptopk|thresholding|judge_expr|0.7589
trec-dl-2020|bm25+setmaxheaptopk|thresholding|rankgpt|0.0
trec-dl-2020|bm25+setmaxheaptopk|thresholding|setmaxheaptopk|0.0
trec-dl-2020|colbert-small|direct|judge|0.6131
trec-dl-2020|colbert-small|direct|judge_expr|0.5714
trec-dl-2020|colbert-small|direct|rankgpt|0.5638
trec-dl-2020|colbert-small|direct|setmaxheaptopk|0.533
trec-dl-2020|colbert-small|largest_gap|judge|0.5471
trec-dl-2020|colbert-small|largest_gap|judge_expr|0.6016
trec-dl-2020|colbert-small|largest_gap|rankgpt|0.5638
trec-dl-2020|colbert-small|largest_gap|setmaxheaptopk|0.533
trec-dl-2020|colbert-small|optimal_global|judge|0.5729
trec-dl-2020|colbert-small|optimal_global|judge_expr|0.5927
trec-dl-2020|colbert-small|optimal_global|rankgpt|0.559
trec-dl-2020|colbert-small|optimal_global|setmaxheaptopk|0.5085
trec-dl-2020|colbert-small|optimal_per_topic|judge|0.6493
trec-dl-2020|colbert-small|optimal_per_topic|judge_expr|0.6759
trec-dl-2020|colbert-small|optimal_per_topic|rankgpt|0.7355
trec-dl-2020|colbert-small|optimal_per_topic|setmaxheaptopk|0.7149
trec-dl-2020|colbert-small|quantile|judge|0.6868
trec-dl-2020|colbert-small|quantile|judge_expr|0.614
trec-dl-2020|colbert-small|quantile|rankgpt|0.6479
trec-dl-2020|colbert-small|quantile|setmaxheaptopk|0.6376
trec-dl-2020|colbert-small|rank|judge|0.4632
trec-dl-2020|colbert-small|rank|judge_expr|0.4375
trec-dl-2020|colbert-small|rank|rankgpt|0.498
trec-dl-2020|colbert-small|rank|setmaxheaptopk|0.5085
trec-dl-2020|colbert-small|thresholding|judge|0.566
trec-dl-2020|colbert-small|thresholding|judge_expr|0.5795
trec-dl-2020|colbert-small|thresholding|rankgpt|0.0
trec-dl-2020|colbert-small|thresholding|setmaxheaptopk|0.0
trec-dl-2020|colbert-small+judge|direct|judge|0.6332
trec-dl-2020|colbert-small+judge|direct|judge_expr|0.6501
trec-dl-2020|colbert-small+judge|direct|rankgpt|0.3523
trec-dl-2020|colbert-small+judge|direct|setmaxheaptopk|0.3691
trec-dl-2020|colbert-small+judge|largest_gap|judge|0.6878
trec-dl-2020|colbert-small+judge|largest_gap|judge_expr|0.6649
trec-dl-2020|colbert-small+judge|largest_gap|rankgpt|0.3523
trec-dl-2020|colbert-small+judge|largest_gap|setmaxheaptopk|0.3691
trec-dl-2020|colbert-small+judge|optimal_global|judge|0.6533
trec-dl-2020|colbert-small+judge|optimal_global|judge_expr|0.6509
trec-dl-2020|colbert-small+judge|optimal_global|rankgpt|0.4293
trec-dl-2020|colbert-small+judge|optimal_global|setmaxheaptopk|0.4045
trec-dl-2020|colbert-small+judge|optimal_per_topic|judge|0.6485
trec-dl-2020|colbert-small+judge|optimal_per_topic|judge_expr|0.6506
trec-dl-2020|colbert-small+judge|optimal_per_topic|rankgpt|0.5365
trec-dl-2020|colbert-small+judge|optimal_per_topic|setmaxheaptopk|0.5134
trec-dl-2020|colbert-small+judge|quantile|judge|0.5977
trec-dl-2020|colbert-small+judge|quantile|judge_expr|0.5788
trec-dl-2020|colbert-small+judge|quantile|rankgpt|0.5041
trec-dl-2020|colbert-small+judge|quantile|setmaxheaptopk|0.52
trec-dl-2020|colbert-small+judge|rank|judge|0.5232
trec-dl-2020|colbert-small+judge|rank|judge_expr|0.5049
trec-dl-2020|colbert-small+judge|rank|rankgpt|0.3833
trec-dl-2020|colbert-small+judge|rank|setmaxheaptopk|0.4045
trec-dl-2020|colbert-small+judge|thresholding|judge|0.6402
trec-dl-2020|colbert-small+judge|thresholding|judge_expr|0.6542
trec-dl-2020|colbert-small+judge|thresholding|rankgpt|0.0
trec-dl-2020|colbert-small+judge|thresholding|setmaxheaptopk|0.0
trec-dl-2020|colbert-small+judge_expr|direct|judge|0.6306
trec-dl-2020|colbert-small+judge_expr|direct|judge_expr|0.654
trec-dl-2020|colbert-small+judge_expr|direct|rankgpt|0.3973
trec-dl-2020|colbert-small+judge_expr|direct|setmaxheaptopk|0.4239
trec-dl-2020|colbert-small+judge_expr|largest_gap|judge|0.7048
trec-dl-2020|colbert-small+judge_expr|largest_gap|judge_expr|0.6825
trec-dl-2020|colbert-small+judge_expr|largest_gap|rankgpt|0.3973
trec-dl-2020|colbert-small+judge_expr|largest_gap|setmaxheaptopk|0.4239
trec-dl-2020|colbert-small+judge_expr|optimal_global|judge|0.6576
trec-dl-2020|colbert-small+judge_expr|optimal_global|judge_expr|0.6417
trec-dl-2020|colbert-small+judge_expr|optimal_global|rankgpt|0.4626
trec-dl-2020|colbert-small+judge_expr|optimal_global|setmaxheaptopk|0.4278
trec-dl-2020|colbert-small+judge_expr|optimal_per_topic|judge|0.6482
trec-dl-2020|colbert-small+judge_expr|optimal_per_topic|judge_expr|0.6714
trec-dl-2020|colbert-small+judge_expr|optimal_per_topic|rankgpt|0.5565
trec-dl-2020|colbert-small+judge_expr|optimal_per_topic|setmaxheaptopk|0.535
trec-dl-2020|colbert-small+judge_expr|quantile|judge|0.5929
trec-dl-2020|colbert-small+judge_expr|quantile|judge_expr|0.5929
trec-dl-2020|colbert-small+judge_expr|quantile|rankgpt|0.5322
trec-dl-2020|colbert-small+judge_expr|quantile|setmaxheaptopk|0.5187
trec-dl-2020|colbert-small+judge_expr|rank|judge|0.5165
trec-dl-2020|colbert-small+judge_expr|rank|judge_expr|0.5858
trec-dl-2020|colbert-small+judge_expr|rank|rankgpt|0.4117
trec-dl-2020|colbert-small+judge_expr|rank|setmaxheaptopk|0.4278
trec-dl-2020|colbert-small+judge_expr|thresholding|judge|0.6414
trec-dl-2020|colbert-small+judge_expr|thresholding|judge_expr|0.6714
trec-dl-2020|colbert-small+judge_expr|thresholding|rankgpt|0.0
trec-dl-2020|colbert-small+judge_expr|thresholding|setmaxheaptopk|0.0
trec-dl-2020|colbert-small+point|direct|judge|0.5062
trec-dl-2020|colbert-small+point|direct|judge_expr|0.4736
trec-dl-2020|colbert-small+point|direct|rankgpt|0.323
trec-dl-2020|colbert-small+point|direct|setmaxheaptopk|0.3502
trec-dl-2020|colbert-small+point|largest_gap|judge|0.46
trec-dl-2020|colbert-small+point|largest_gap|judge_expr|0.492
trec-dl-2020|colbert-small+point|largest_gap|rankgpt|0.323
trec-dl-2020|colbert-small+point|largest_gap|setmaxheaptopk|0.3502
trec-dl-2020|colbert-small+point|optimal_global|judge|0.4714
trec-dl-2020|colbert-small+point|optimal_global|judge_expr|0.497
trec-dl-2020|colbert-small+point|optimal_global|rankgpt|0.4116
trec-dl-2020|colbert-small+point|optimal_global|setmaxheaptopk|0.3993
trec-dl-2020|colbert-small+point|optimal_per_topic|judge|0.5229
trec-dl-2020|colbert-small+point|optimal_per_topic|judge_expr|0.5521
trec-dl-2020|colbert-small+point|optimal_per_topic|rankgpt|0.5386
trec-dl-2020|colbert-small+point|optimal_per_topic|setmaxheaptopk|0.5357
trec-dl-2020|colbert-small+point|quantile|judge|0.573
trec-dl-2020|colbert-small+point|quantile|judge_expr|0.5173
trec-dl-2020|colbert-small+point|quantile|rankgpt|0.4979
trec-dl-2020|colbert-small+point|quantile|setmaxheaptopk|0.5058
trec-dl-2020|colbert-small+point|rank|judge|0.3716
trec-dl-2020|colbert-small+point|rank|judge_expr|0.364
trec-dl-2020|colbert-small+point|rank|rankgpt|0.3676
trec-dl-2020|colbert-small+point|rank|setmaxheaptopk|0.3993
trec-dl-2020|colbert-small+point|thresholding|judge|0.4794
trec-dl-2020|colbert-small+point|thresholding|judge_expr|0.4735
trec-dl-2020|colbert-small+point|thresholding|rankgpt|0.0
trec-dl-2020|colbert-small+point|thresholding|setmaxheaptopk|0.0
trec-dl-2020|colbert-small+rankfirst|direct|judge|0.6448
trec-dl-2020|colbert-small+rankfirst|direct|judge_expr|0.625
trec-dl-2020|colbert-small+rankfirst|direct|rankgpt|0.6285
trec-dl-2020|colbert-small+rankfirst|direct|setmaxheaptopk|0.6488
trec-dl-2020|colbert-small+rankfirst|largest_gap|judge|0.6258
trec-dl-2020|colbert-small+rankfirst|largest_gap|judge_expr|0.6515
trec-dl-2020|colbert-small+rankfirst|largest_gap|rankgpt|0.6285
trec-dl-2020|colbert-small+rankfirst|largest_gap|setmaxheaptopk|0.6488
trec-dl-2020|colbert-small+rankfirst|optimal_global|judge|0.6345
trec-dl-2020|colbert-small+rankfirst|optimal_global|judge_expr|0.6328
trec-dl-2020|colbert-small+rankfirst|optimal_global|rankgpt|0.6034
trec-dl-2020|colbert-small+rankfirst|optimal_global|setmaxheaptopk|0.5567
trec-dl-2020|colbert-small+rankfirst|optimal_per_topic|judge|0.6845
trec-dl-2020|colbert-small+rankfirst|optimal_per_topic|judge_expr|0.725
trec-dl-2020|colbert-small+rankfirst|optimal_per_topic|rankgpt|0.7768
trec-dl-2020|colbert-small+rankfirst|optimal_per_topic|setmaxheaptopk|0.7448
trec-dl-2020|colbert-small+rankfirst|quantile|judge|0.7007
trec-dl-2020|colbert-small+rankfirst|quantile|judge_expr|0.6564
trec-dl-2020|colbert-small+rankfirst|quantile|rankgpt|0.6786
trec-dl-2020|colbert-small+rankfirst|quantile|setmaxheaptopk|0.6645
trec-dl-2020|colbert-small+rankfirst|rank|judge|0.5094
trec-dl-2020|colbert-small+rankfirst|rank|judge_expr|0.5003
trec-dl-2020|colbert-small+rankfirst|rank|rankgpt|0.5421
trec-dl-2020|colbert-small+rankfirst|rank|setmaxheaptopk|0.5567
trec-dl-2020|colbert-small+rankfirst|thresholding|judge|0.6173
trec-dl-2020|colbert-small+rankfirst|thresholding|judge_expr|0.644
trec-dl-2020|colbert-small+rankfirst|thresholding|rankgpt|0.0
trec-dl-2020|colbert-small+rankfirst|thresholding|setmaxheaptopk|0.0
trec-dl-2020|colbert-small+rankgpt|direct|judge|0.6387
trec-dl-2020|colbert-small+rankgpt|direct|judge_expr|0.6237
trec-dl-2020|colbert-small+rankgpt|direct|rankgpt|0.6089
trec-dl-2020|colbert-small+rankgpt|direct|setmaxheaptopk|0.6335
trec-dl-2020|colbert-small+rankgpt|largest_gap|judge|0.6236
trec-dl-2020|colbert-small+rankgpt|largest_gap|judge_expr|0.646
trec-dl-2020|colbert-small+rankgpt|largest_gap|rankgpt|0.6089
trec-dl-2020|colbert-small+rankgpt|largest_gap|setmaxheaptopk|0.6335
trec-dl-2020|colbert-small+rankgpt|optimal_global|judge|0.6275
trec-dl-2020|colbert-small+rankgpt|optimal_global|judge_expr|0.6315
trec-dl-2020|colbert-small+rankgpt|optimal_global|rankgpt|0.5772
trec-dl-2020|colbert-small+rankgpt|optimal_global|setmaxheaptopk|0.5202
trec-dl-2020|colbert-small+rankgpt|optimal_per_topic|judge|0.6671
trec-dl-2020|colbert-small+rankgpt|optimal_per_topic|judge_expr|0.7053
trec-dl-2020|colbert-small+rankgpt|optimal_per_topic|rankgpt|0.7275
trec-dl-2020|colbert-small+rankgpt|optimal_per_topic|setmaxheaptopk|0.7036
trec-dl-2020|colbert-small+rankgpt|quantile|judge|0.6701
trec-dl-2020|colbert-small+rankgpt|quantile|judge_expr|0.637
trec-dl-2020|colbert-small+rankgpt|quantile|rankgpt|0.6313
trec-dl-2020|colbert-small+rankgpt|quantile|setmaxheaptopk|0.6318
trec-dl-2020|colbert-small+rankgpt|rank|judge|0.4975
trec-dl-2020|colbert-small+rankgpt|rank|judge_expr|0.4819
trec-dl-2020|colbert-small+rankgpt|rank|rankgpt|0.5278
trec-dl-2020|colbert-small+rankgpt|rank|setmaxheaptopk|0.5202
trec-dl-2020|colbert-small+rankgpt|thresholding|judge|0.6186
trec-dl-2020|colbert-small+rankgpt|thresholding|judge_expr|0.6447
trec-dl-2020|colbert-small+rankgpt|thresholding|rankgpt|0.0
trec-dl-2020|colbert-small+rankgpt|thresholding|setmaxheaptopk|0.0
trec-dl-2020|colbert-small+rankzephyr|direct|judge|0.6219
trec-dl-2020|colbert-small+rankzephyr|direct|judge_expr|0.6051
trec-dl-2020|colbert-small+rankzephyr|direct|rankgpt|0.5648
trec-dl-2020|colbert-small+rankzephyr|direct|setmaxheaptopk|0.6075
trec-dl-2020|colbert-small+rankzephyr|largest_gap|judge|0.6039
trec-dl-2020|colbert-small+rankzephyr|largest_gap|judge_expr|0.631
trec-dl-2020|colbert-small+rankzephyr|largest_gap|rankgpt|0.5648
trec-dl-2020|colbert-small+rankzephyr|largest_gap|setmaxheaptopk|0.6075
trec-dl-2020|colbert-small+rankzephyr|optimal_global|judge|0.6095
trec-dl-2020|colbert-small+rankzephyr|optimal_global|judge_expr|0.6231
trec-dl-2020|colbert-small+rankzephyr|optimal_global|rankgpt|0.5479
trec-dl-2020|colbert-small+rankzephyr|optimal_global|setmaxheaptopk|0.5359
trec-dl-2020|colbert-small+rankzephyr|optimal_per_topic|judge|0.6659
trec-dl-2020|colbert-small+rankzephyr|optimal_per_topic|judge_expr|0.7086
trec-dl-2020|colbert-small+rankzephyr|optimal_per_topic|rankgpt|0.7319
trec-dl-2020|colbert-small+rankzephyr|optimal_per_topic|setmaxheaptopk|0.7035
trec-dl-2020|colbert-small+rankzephyr|quantile|judge|0.6725
trec-dl-2020|colbert-small+rankzephyr|quantile|judge_expr|0.6303
trec-dl-2020|colbert-small+rankzephyr|quantile|rankgpt|0.6351
trec-dl-2020|colbert-small+rankzephyr|quantile|setmaxheaptopk|0.6376
trec-dl-2020|colbert-small+rankzephyr|rank|judge|0.4901
trec-dl-2020|colbert-small+rankzephyr|rank|judge_expr|0.4766
trec-dl-2020|colbert-small+rankzephyr|rank|rankgpt|0.496
trec-dl-2020|colbert-small+rankzephyr|rank|setmaxheaptopk|0.5359
trec-dl-2020|colbert-small+rankzephyr|thresholding|judge|0.6007
trec-dl-2020|colbert-small+rankzephyr|thresholding|judge_expr|0.6221
trec-dl-2020|colbert-small+rankzephyr|thresholding|rankgpt|0.0
trec-dl-2020|colbert-small+rankzephyr|thresholding|setmaxheaptopk|0.0
trec-dl-2020|colbert-small+setmaxheaptopk|direct|judge|0.6375
trec-dl-2020|colbert-small+setmaxheaptopk|direct|judge_expr|0.619
trec-dl-2020|colbert-small+setmaxheaptopk|direct|rankgpt|0.6018
trec-dl-2020|colbert-small+setmaxheaptopk|direct|setmaxheaptopk|0.6358
trec-dl-2020|colbert-small+setmaxheaptopk|largest_gap|judge|0.6323
trec-dl-2020|colbert-small+setmaxheaptopk|largest_gap|judge_expr|0.6407
trec-dl-2020|colbert-small+setmaxheaptopk|largest_gap|rankgpt|0.6018
trec-dl-2020|colbert-small+setmaxheaptopk|largest_gap|setmaxheaptopk|0.6358
trec-dl-2020|colbert-small+setmaxheaptopk|optimal_global|judge|0.6228
trec-dl-2020|colbert-small+setmaxheaptopk|optimal_global|judge_expr|0.6257
trec-dl-2020|colbert-small+setmaxheaptopk|optimal_global|rankgpt|0.5682
trec-dl-2020|colbert-small+setmaxheaptopk|optimal_global|setmaxheaptopk|0.569
trec-dl-2020|colbert-small+setmaxheaptopk|optimal_per_topic|judge|0.6649
trec-dl-2020|colbert-small+setmaxheaptopk|optimal_per_topic|judge_expr|0.6941
trec-dl-2020|colbert-small+setmaxheaptopk|optimal_per_topic|rankgpt|0.6969
trec-dl-2020|colbert-small+setmaxheaptopk|optimal_per_topic|setmaxheaptopk|0.7184
trec-dl-2020|colbert-small+setmaxheaptopk|quantile|judge|0.6669
trec-dl-2020|colbert-small+setmaxheaptopk|quantile|judge_expr|0.638
trec-dl-2020|colbert-small+setmaxheaptopk|quantile|rankgpt|0.6345
trec-dl-2020|colbert-small+setmaxheaptopk|quantile|setmaxheaptopk|0.6544
trec-dl-2020|colbert-small+setmaxheaptopk|rank|judge|0.4958
trec-dl-2020|colbert-small+setmaxheaptopk|rank|judge_expr|0.5015
trec-dl-2020|colbert-small+setmaxheaptopk|rank|rankgpt|0.5249
trec-dl-2020|colbert-small+setmaxheaptopk|rank|setmaxheaptopk|0.569
trec-dl-2020|colbert-small+setmaxheaptopk|thresholding|judge|0.6124
trec-dl-2020|colbert-small+setmaxheaptopk|thresholding|judge_expr|0.6302
trec-dl-2020|colbert-small+setmaxheaptopk|thresholding|rankgpt|0.0
trec-dl-2020|colbert-small+setmaxheaptopk|thresholding|setmaxheaptopk|0.0
trec-dl-2020|nomicai-modernbert-embed|direct|judge|0.6045
trec-dl-2020|nomicai-modernbert-embed|direct|judge_expr|0.5681
trec-dl-2020|nomicai-modernbert-embed|direct|rankgpt|0.5363
trec-dl-2020|nomicai-modernbert-embed|direct|setmaxheaptopk|0.5451
trec-dl-2020|nomicai-modernbert-embed|largest_gap|judge|0.5482
trec-dl-2020|nomicai-modernbert-embed|largest_gap|judge_expr|0.5805
trec-dl-2020|nomicai-modernbert-embed|largest_gap|rankgpt|0.5363
trec-dl-2020|nomicai-modernbert-embed|largest_gap|setmaxheaptopk|0.5451
trec-dl-2020|nomicai-modernbert-embed|optimal_global|judge|0.5764
trec-dl-2020|nomicai-modernbert-embed|optimal_global|judge_expr|0.5899
trec-dl-2020|nomicai-modernbert-embed|optimal_global|rankgpt|0.5495
trec-dl-2020|nomicai-modernbert-embed|optimal_global|setmaxheaptopk|0.5188
trec-dl-2020|nomicai-modernbert-embed|optimal_per_topic|judge|0.6372
trec-dl-2020|nomicai-modernbert-embed|optimal_per_topic|judge_expr|0.6729
trec-dl-2020|nomicai-modernbert-embed|optimal_per_topic|rankgpt|0.7202
trec-dl-2020|nomicai-modernbert-embed|optimal_per_topic|setmaxheaptopk|0.6809
trec-dl-2020|nomicai-modernbert-embed|quantile|judge|0.6699
trec-dl-2020|nomicai-modernbert-embed|quantile|judge_expr|0.6089
trec-dl-2020|nomicai-modernbert-embed|quantile|rankgpt|0.6411
trec-dl-2020|nomicai-modernbert-embed|quantile|setmaxheaptopk|0.6156
trec-dl-2020|nomicai-modernbert-embed|rank|judge|0.4646
trec-dl-2020|nomicai-modernbert-embed|rank|judge_expr|0.441
trec-dl-2020|nomicai-modernbert-embed|rank|rankgpt|0.479
trec-dl-2020|nomicai-modernbert-embed|rank|setmaxheaptopk|0.5188
trec-dl-2020|nomicai-modernbert-embed|thresholding|judge|0.5729
trec-dl-2020|nomicai-modernbert-embed|thresholding|judge_expr|0.5789
trec-dl-2020|nomicai-modernbert-embed|thresholding|rankgpt|0.0
trec-dl-2020|nomicai-modernbert-embed|thresholding|setmaxheaptopk|0.0
trec-dl-2020|nomicai-modernbert-embed+judge|direct|judge|0.6005
trec-dl-2020|nomicai-modernbert-embed+judge|direct|judge_expr|0.6017
trec-dl-2020|nomicai-modernbert-embed+judge|direct|rankgpt|0.332
trec-dl-2020|nomicai-modernbert-embed+judge|direct|setmaxheaptopk|0.3504
trec-dl-2020|nomicai-modernbert-embed+judge|largest_gap|judge|0.6226
trec-dl-2020|nomicai-modernbert-embed+judge|largest_gap|judge_expr|0.6062
trec-dl-2020|nomicai-modernbert-embed+judge|largest_gap|rankgpt|0.332
trec-dl-2020|nomicai-modernbert-embed+judge|largest_gap|setmaxheaptopk|0.3504
trec-dl-2020|nomicai-modernbert-embed+judge|optimal_global|judge|0.6085
trec-dl-2020|nomicai-modernbert-embed+judge|optimal_global|judge_expr|0.6109
trec-dl-2020|nomicai-modernbert-embed+judge|optimal_global|rankgpt|0.4247
trec-dl-2020|nomicai-modernbert-embed+judge|optimal_global|setmaxheaptopk|0.3906
trec-dl-2020|nomicai-modernbert-embed+judge|optimal_per_topic|judge|0.6181
trec-dl-2020|nomicai-modernbert-embed+judge|optimal_per_topic|judge_expr|0.6213
trec-dl-2020|nomicai-modernbert-embed+judge|optimal_per_topic|rankgpt|0.5422
trec-dl-2020|nomicai-modernbert-embed+judge|optimal_per_topic|setmaxheaptopk|0.513
trec-dl-2020|nomicai-modernbert-embed+judge|quantile|judge|0.5879
trec-dl-2020|nomicai-modernbert-embed+judge|quantile|judge_expr|0.5658
trec-dl-2020|nomicai-modernbert-embed+judge|quantile|rankgpt|0.5015
trec-dl-2020|nomicai-modernbert-embed+judge|quantile|setmaxheaptopk|0.4998
trec-dl-2020|nomicai-modernbert-embed+judge|rank|judge|0.506
trec-dl-2020|nomicai-modernbert-embed+judge|rank|judge_expr|0.4769
trec-dl-2020|nomicai-modernbert-embed+judge|rank|rankgpt|0.3759
trec-dl-2020|nomicai-modernbert-embed+judge|rank|setmaxheaptopk|0.3906
trec-dl-2020|nomicai-modernbert-embed+judge|thresholding|judge|0.6021
trec-dl-2020|nomicai-modernbert-embed+judge|thresholding|judge_expr|0.6072
trec-dl-2020|nomicai-modernbert-embed+judge|thresholding|rankgpt|0.0
trec-dl-2020|nomicai-modernbert-embed+judge|thresholding|setmaxheaptopk|0.0
trec-dl-2020|nomicai-modernbert-embed+judge_expr|direct|judge|0.6052
trec-dl-2020|nomicai-modernbert-embed+judge_expr|direct|judge_expr|0.6173
trec-dl-2020|nomicai-modernbert-embed+judge_expr|direct|rankgpt|0.3962
trec-dl-2020|nomicai-modernbert-embed+judge_expr|direct|setmaxheaptopk|0.399
trec-dl-2020|nomicai-modernbert-embed+judge_expr|largest_gap|judge|0.6492
trec-dl-2020|nomicai-modernbert-embed+judge_expr|largest_gap|judge_expr|0.6314
trec-dl-2020|nomicai-modernbert-embed+judge_expr|largest_gap|rankgpt|0.3962
trec-dl-2020|nomicai-modernbert-embed+judge_expr|largest_gap|setmaxheaptopk|0.399
trec-dl-2020|nomicai-modernbert-embed+judge_expr|optimal_global|judge|0.6273
trec-dl-2020|nomicai-modernbert-embed+judge_expr|optimal_global|judge_expr|0.6144
trec-dl-2020|nomicai-modernbert-embed+judge_expr|optimal_global|rankgpt|0.4476
trec-dl-2020|nomicai-modernbert-embed+judge_expr|optimal_global|setmaxheaptopk|0.4124
trec-dl-2020|nomicai-modernbert-embed+judge_expr|optimal_per_topic|judge|0.6231
trec-dl-2020|nomicai-modernbert-embed+judge_expr|optimal_per_topic|judge_expr|0.6474
trec-dl-2020|nomicai-modernbert-embed+judge_expr|optimal_per_topic|rankgpt|0.5545
trec-dl-2020|nomicai-modernbert-embed+judge_expr|optimal_per_topic|setmaxheaptopk|0.537
trec-dl-2020|nomicai-modernbert-embed+judge_expr|quantile|judge|0.5854
trec-dl-2020|nomicai-modernbert-embed+judge_expr|quantile|judge_expr|0.5866
trec-dl-2020|nomicai-modernbert-embed+judge_expr|quantile|rankgpt|0.5151
trec-dl-2020|nomicai-modernbert-embed+judge_expr|quantile|setmaxheaptopk|0.5024
trec-dl-2020|nomicai-modernbert-embed+judge_expr|rank|judge|0.4933
trec-dl-2020|nomicai-modernbert-embed+judge_expr|rank|judge_expr|0.5561
trec-dl-2020|nomicai-modernbert-embed+judge_expr|rank|rankgpt|0.3974
trec-dl-2020|nomicai-modernbert-embed+judge_expr|rank|setmaxheaptopk|0.4124
trec-dl-2020|nomicai-modernbert-embed+judge_expr|thresholding|judge|0.6153
trec-dl-2020|nomicai-modernbert-embed+judge_expr|thresholding|judge_expr|0.6311
trec-dl-2020|nomicai-modernbert-embed+judge_expr|thresholding|rankgpt|0.0
trec-dl-2020|nomicai-modernbert-embed+judge_expr|thresholding|setmaxheaptopk|0.0
trec-dl-2020|nomicai-modernbert-embed+point|direct|judge|0.4958
trec-dl-2020|nomicai-modernbert-embed+point|direct|judge_expr|0.46
trec-dl-2020|nomicai-modernbert-embed+point|direct|rankgpt|0.3333
trec-dl-2020|nomicai-modernbert-embed+point|direct|setmaxheaptopk|0.3353
trec-dl-2020|nomicai-modernbert-embed+point|largest_gap|judge|0.4402
trec-dl-2020|nomicai-modernbert-embed+point|largest_gap|judge_expr|0.4693
trec-dl-2020|nomicai-modernbert-embed+point|largest_gap|rankgpt|0.3333
trec-dl-2020|nomicai-modernbert-embed+point|largest_gap|setmaxheaptopk|0.3353
trec-dl-2020|nomicai-modernbert-embed+point|optimal_global|judge|0.4652
trec-dl-2020|nomicai-modernbert-embed+point|optimal_global|judge_expr|0.4852
trec-dl-2020|nomicai-modernbert-embed+point|optimal_global|rankgpt|0.4086
trec-dl-2020|nomicai-modernbert-embed+point|optimal_global|setmaxheaptopk|0.3929
trec-dl-2020|nomicai-modernbert-embed+point|optimal_per_topic|judge|0.5012
trec-dl-2020|nomicai-modernbert-embed+point|optimal_per_topic|judge_expr|0.5308
trec-dl-2020|nomicai-modernbert-embed+point|optimal_per_topic|rankgpt|0.53
trec-dl-2020|nomicai-modernbert-embed+point|optimal_per_topic|setmaxheaptopk|0.526
trec-dl-2020|nomicai-modernbert-embed+point|quantile|judge|0.5782
trec-dl-2020|nomicai-modernbert-embed+point|quantile|judge_expr|0.5206
trec-dl-2020|nomicai-modernbert-embed+point|quantile|rankgpt|0.499
trec-dl-2020|nomicai-modernbert-embed+point|quantile|setmaxheaptopk|0.5066
trec-dl-2020|nomicai-modernbert-embed+point|rank|judge|0.3687
trec-dl-2020|nomicai-modernbert-embed+point|rank|judge_expr|0.3702
trec-dl-2020|nomicai-modernbert-embed+point|rank|rankgpt|0.3594
trec-dl-2020|nomicai-modernbert-embed+point|rank|setmaxheaptopk|0.3929
trec-dl-2020|nomicai-modernbert-embed+point|thresholding|judge|0.4728
trec-dl-2020|nomicai-modernbert-embed+point|thresholding|judge_expr|0.4617
trec-dl-2020|nomicai-modernbert-embed+point|thresholding|rankgpt|0.0
trec-dl-2020|nomicai-modernbert-embed+point|thresholding|setmaxheaptopk|0.0
trec-dl-2020|nomicai-modernbert-embed+rankfirst|direct|judge|0.631
trec-dl-2020|nomicai-modernbert-embed+rankfirst|direct|judge_expr|0.6028
trec-dl-2020|nomicai-modernbert-embed+rankfirst|direct|rankgpt|0.6251
trec-dl-2020|nomicai-modernbert-embed+rankfirst|direct|setmaxheaptopk|0.6589
trec-dl-2020|nomicai-modernbert-embed+rankfirst|largest_gap|judge|0.6019
trec-dl-2020|nomicai-modernbert-embed+rankfirst|largest_gap|judge_expr|0.6203
trec-dl-2020|nomicai-modernbert-embed+rankfirst|largest_gap|rankgpt|0.6251
trec-dl-2020|nomicai-modernbert-embed+rankfirst|largest_gap|setmaxheaptopk|0.6589
trec-dl-2020|nomicai-modernbert-embed+rankfirst|optimal_global|judge|0.612
trec-dl-2020|nomicai-modernbert-embed+rankfirst|optimal_global|judge_expr|0.6153
trec-dl-2020|nomicai-modernbert-embed+rankfirst|optimal_global|rankgpt|0.5699
trec-dl-2020|nomicai-modernbert-embed+rankfirst|optimal_global|setmaxheaptopk|0.5512
trec-dl-2020|nomicai-modernbert-embed+rankfirst|optimal_per_topic|judge|0.6733
trec-dl-2020|nomicai-modernbert-embed+rankfirst|optimal_per_topic|judge_expr|0.7125
trec-dl-2020|nomicai-modernbert-embed+rankfirst|optimal_per_topic|rankgpt|0.7652
trec-dl-2020|nomicai-modernbert-embed+rankfirst|optimal_per_topic|setmaxheaptopk|0.7347
trec-dl-2020|nomicai-modernbert-embed+rankfirst|quantile|judge|0.6874
trec-dl-2020|nomicai-modernbert-embed+rankfirst|quantile|judge_expr|0.6385
trec-dl-2020|nomicai-modernbert-embed+rankfirst|quantile|rankgpt|0.667
trec-dl-2020|nomicai-modernbert-embed+rankfirst|quantile|setmaxheaptopk|0.6429
trec-dl-2020|nomicai-modernbert-embed+rankfirst|rank|judge|0.4954
trec-dl-2020|nomicai-modernbert-embed+rankfirst|rank|judge_expr|0.4865
trec-dl-2020|nomicai-modernbert-embed+rankfirst|rank|rankgpt|0.5117
trec-dl-2020|nomicai-modernbert-embed+rankfirst|rank|setmaxheaptopk|0.5512
trec-dl-2020|nomicai-modernbert-embed+rankfirst|thresholding|judge|0.6006
trec-dl-2020|nomicai-modernbert-embed+rankfirst|thresholding|judge_expr|0.615
trec-dl-2020|nomicai-modernbert-embed+rankfirst|thresholding|rankgpt|0.0
trec-dl-2020|nomicai-modernbert-embed+rankfirst|thresholding|setmaxheaptopk|0.0
trec-dl-2020|nomicai-modernbert-embed+rankgpt|direct|judge|0.6028
trec-dl-2020|nomicai-modernbert-embed+rankgpt|direct|judge_expr|0.5791
trec-dl-2020|nomicai-modernbert-embed+rankgpt|direct|rankgpt|0.6067
trec-dl-2020|nomicai-modernbert-embed+rankgpt|direct|setmaxheaptopk|0.5994
trec-dl-2020|nomicai-modernbert-embed+rankgpt|largest_gap|judge|0.5791
trec-dl-2020|nomicai-modernbert-embed+rankgpt|largest_gap|judge_expr|0.5962
trec-dl-2020|nomicai-modernbert-embed+rankgpt|largest_gap|rankgpt|0.6067
trec-dl-2020|nomicai-modernbert-embed+rankgpt|largest_gap|setmaxheaptopk|0.5994
trec-dl-2020|nomicai-modernbert-embed+rankgpt|optimal_global|judge|0.5928
trec-dl-2020|nomicai-modernbert-embed+rankgpt|optimal_global|judge_expr|0.5913
trec-dl-2020|nomicai-modernbert-embed+rankgpt|optimal_global|rankgpt|0.5459
trec-dl-2020|nomicai-modernbert-embed+rankgpt|optimal_global|setmaxheaptopk|0.508
trec-dl-2020|nomicai-modernbert-embed+rankgpt|optimal_per_topic|judge|0.6206
trec-dl-2020|nomicai-modernbert-embed+rankgpt|optimal_per_topic|judge_expr|0.6578
trec-dl-2020|nomicai-modernbert-embed+rankgpt|optimal_per_topic|rankgpt|0.7014
trec-dl-2020|nomicai-modernbert-embed+rankgpt|optimal_per_topic|setmaxheaptopk|0.6737
trec-dl-2020|nomicai-modernbert-embed+rankgpt|quantile|judge|0.6438
trec-dl-2020|nomicai-modernbert-embed+rankgpt|quantile|judge_expr|0.6088
trec-dl-2020|nomicai-modernbert-embed+rankgpt|quantile|rankgpt|0.6143
trec-dl-2020|nomicai-modernbert-embed+rankgpt|quantile|setmaxheaptopk|0.5951
trec-dl-2020|nomicai-modernbert-embed+rankgpt|rank|judge|0.4632
trec-dl-2020|nomicai-modernbert-embed+rankgpt|rank|judge_expr|0.457
trec-dl-2020|nomicai-modernbert-embed+rankgpt|rank|rankgpt|0.4943
trec-dl-2020|nomicai-modernbert-embed+rankgpt|rank|setmaxheaptopk|0.508
trec-dl-2020|nomicai-modernbert-embed+rankgpt|thresholding|judge|0.5818
trec-dl-2020|nomicai-modernbert-embed+rankgpt|thresholding|judge_expr|0.5973
trec-dl-2020|nomicai-modernbert-embed+rankgpt|thresholding|rankgpt|0.0
trec-dl-2020|nomicai-modernbert-embed+rankgpt|thresholding|setmaxheaptopk|0.0
trec-dl-2020|nomicai-modernbert-embed+rankzephyr|direct|judge|0.6064
trec-dl-2020|nomicai-modernbert-embed+rankzephyr|direct|judge_expr|0.5891
trec-dl-2020|nomicai-modernbert-embed+rankzephyr|direct|rankgpt|0.5833
trec-dl-2020|nomicai-modernbert-embed+rankzephyr|direct|setmaxheaptopk|0.585
trec-dl-2020|nomicai-modernbert-embed+rankzephyr|largest_gap|judge|0.5926
trec-dl-2020|nomicai-modernbert-embed+rankzephyr|largest_gap|judge_expr|0.5967
trec-dl-2020|nomicai-modernbert-embed+rankzephyr|largest_gap|rankgpt|0.5833
trec-dl-2020|nomicai-modernbert-embed+rankzephyr|largest_gap|setmaxheaptopk|0.585
trec-dl-2020|nomicai-modernbert-embed+rankzephyr|optimal_global|judge|0.5954
trec-dl-2020|nomicai-modernbert-embed+rankzephyr|optimal_global|judge_expr|0.606
trec-dl-2020|nomicai-modernbert-embed+rankzephyr|optimal_global|rankgpt|0.5444
trec-dl-2020|nomicai-modernbert-embed+rankzephyr|optimal_global|setmaxheaptopk|0.5257
trec-dl-2020|nomicai-modernbert-embed+rankzephyr|optimal_per_topic|judge|0.6487
trec-dl-2020|nomicai-modernbert-embed+rankzephyr|optimal_per_topic|judge_expr|0.6876
trec-dl-2020|nomicai-modernbert-embed+rankzephyr|optimal_per_topic|rankgpt|0.7119
trec-dl-2020|nomicai-modernbert-embed+rankzephyr|optimal_per_topic|setmaxheaptopk|0.6825
trec-dl-2020|nomicai-modernbert-embed+rankzephyr|quantile|judge|0.6611
trec-dl-2020|nomicai-modernbert-embed+rankzephyr|quantile|judge_expr|0.6282
trec-dl-2020|nomicai-modernbert-embed+rankzephyr|quantile|rankgpt|0.6293
trec-dl-2020|nomicai-modernbert-embed+rankzephyr|quantile|setmaxheaptopk|0.6283
trec-dl-2020|nomicai-modernbert-embed+rankzephyr|rank|judge|0.4772
trec-dl-2020|nomicai-modernbert-embed+rankzephyr|rank|judge_expr|0.4624
trec-dl-2020|nomicai-modernbert-embed+rankzephyr|rank|rankgpt|0.4894
trec-dl-2020|nomicai-modernbert-embed+rankzephyr|rank|setmaxheaptopk|0.5257
trec-dl-2020|nomicai-modernbert-embed+rankzephyr|thresholding|judge|0.5959
trec-dl-2020|nomicai-modernbert-embed+rankzephyr|thresholding|judge_expr|0.5984
trec-dl-2020|nomicai-modernbert-embed+rankzephyr|thresholding|rankgpt|0.0
trec-dl-2020|nomicai-modernbert-embed+rankzephyr|thresholding|setmaxheaptopk|0.0
trec-dl-2020|nomicai-modernbert-embed+setmaxheaptopk|direct|judge|0.6057
trec-dl-2020|nomicai-modernbert-embed+setmaxheaptopk|direct|judge_expr|0.5814
trec-dl-2020|nomicai-modernbert-embed+setmaxheaptopk|direct|rankgpt|0.5441
trec-dl-2020|nomicai-modernbert-embed+setmaxheaptopk|direct|setmaxheaptopk|0.6501
trec-dl-2020|nomicai-modernbert-embed+setmaxheaptopk|largest_gap|judge|0.5801
trec-dl-2020|nomicai-modernbert-embed+setmaxheaptopk|largest_gap|judge_expr|0.5939
trec-dl-2020|nomicai-modernbert-embed+setmaxheaptopk|largest_gap|rankgpt|0.5441
trec-dl-2020|nomicai-modernbert-embed+setmaxheaptopk|largest_gap|setmaxheaptopk|0.6501
trec-dl-2020|nomicai-modernbert-embed+setmaxheaptopk|optimal_global|judge|0.5957
trec-dl-2020|nomicai-modernbert-embed+setmaxheaptopk|optimal_global|judge_expr|0.5929
trec-dl-2020|nomicai-modernbert-embed+setmaxheaptopk|optimal_global|rankgpt|0.5311
trec-dl-2020|nomicai-modernbert-embed+setmaxheaptopk|optimal_global|setmaxheaptopk|0.5431
trec-dl-2020|nomicai-modernbert-embed+setmaxheaptopk|optimal_per_topic|judge|0.6407
trec-dl-2020|nomicai-modernbert-embed+setmaxheaptopk|optimal_per_topic|judge_expr|0.6836
trec-dl-2020|nomicai-modernbert-embed+setmaxheaptopk|optimal_per_topic|rankgpt|0.7096
trec-dl-2020|nomicai-modernbert-embed+setmaxheaptopk|optimal_per_topic|setmaxheaptopk|0.7094
trec-dl-2020|nomicai-modernbert-embed+setmaxheaptopk|quantile|judge|0.6524
trec-dl-2020|nomicai-modernbert-embed+setmaxheaptopk|quantile|judge_expr|0.6318
trec-dl-2020|nomicai-modernbert-embed+setmaxheaptopk|quantile|rankgpt|0.6026
trec-dl-2020|nomicai-modernbert-embed+setmaxheaptopk|quantile|setmaxheaptopk|0.6234
trec-dl-2020|nomicai-modernbert-embed+setmaxheaptopk|rank|judge|0.4645
trec-dl-2020|nomicai-modernbert-embed+setmaxheaptopk|rank|judge_expr|0.4796
trec-dl-2020|nomicai-modernbert-embed+setmaxheaptopk|rank|rankgpt|0.4922
trec-dl-2020|nomicai-modernbert-embed+setmaxheaptopk|rank|setmaxheaptopk|0.5431
trec-dl-2020|nomicai-modernbert-embed+setmaxheaptopk|thresholding|judge|0.5838
trec-dl-2020|nomicai-modernbert-embed+setmaxheaptopk|thresholding|judge_expr|0.5951
trec-dl-2020|nomicai-modernbert-embed+setmaxheaptopk|thresholding|rankgpt|0.0
trec-dl-2020|nomicai-modernbert-embed+setmaxheaptopk|thresholding|setmaxheaptopk|0.0
trec-dl-2020|qwen3-embed-600m|direct|judge|0.6021
trec-dl-2020|qwen3-embed-600m|direct|judge_expr|0.5708
trec-dl-2020|qwen3-embed-600m|direct|rankgpt|0.553
trec-dl-2020|qwen3-embed-600m|direct|setmaxheaptopk|0.5519
trec-dl-2020|qwen3-embed-600m|largest_gap|judge|0.5473
trec-dl-2020|qwen3-embed-600m|largest_gap|judge_expr|0.5951
trec-dl-2020|qwen3-embed-600m|largest_gap|rankgpt|0.553
trec-dl-2020|qwen3-embed-600m|largest_gap|setmaxheaptopk|0.5519
trec-dl-2020|qwen3-embed-600m|optimal_global|judge|0.5823
trec-dl-2020|qwen3-embed-600m|optimal_global|judge_expr|0.5852
trec-dl-2020|qwen3-embed-600m|optimal_global|rankgpt|0.5392
trec-dl-2020|qwen3-embed-600m|optimal_global|setmaxheaptopk|0.4995
trec-dl-2020|qwen3-embed-600m|optimal_per_topic|judge|0.6203
trec-dl-2020|qwen3-embed-600m|optimal_per_topic|judge_expr|0.654
trec-dl-2020|qwen3-embed-600m|optimal_per_topic|rankgpt|0.7025
trec-dl-2020|qwen3-embed-600m|optimal_per_topic|setmaxheaptopk|0.6567
trec-dl-2020|qwen3-embed-600m|quantile|judge|0.6636
trec-dl-2020|qwen3-embed-600m|quantile|judge_expr|0.5922
trec-dl-2020|qwen3-embed-600m|quantile|rankgpt|0.6335
trec-dl-2020|qwen3-embed-600m|quantile|setmaxheaptopk|0.6048
trec-dl-2020|qwen3-embed-600m|rank|judge|0.4446
trec-dl-2020|qwen3-embed-600m|rank|judge_expr|0.4339
trec-dl-2020|qwen3-embed-600m|rank|rankgpt|0.4805
trec-dl-2020|qwen3-embed-600m|rank|setmaxheaptopk|0.4995
trec-dl-2020|qwen3-embed-600m|thresholding|judge|0.5753
trec-dl-2020|qwen3-embed-600m|thresholding|judge_expr|0.5859
trec-dl-2020|qwen3-embed-600m|thresholding|rankgpt|0.0
trec-dl-2020|qwen3-embed-600m|thresholding|setmaxheaptopk|0.0
trec-dl-2020|qwen3-embed-600m+judge|direct|judge|0.6392
trec-dl-2020|qwen3-embed-600m+judge|direct|judge_expr|0.6507
trec-dl-2020|qwen3-embed-600m+judge|direct|rankgpt|0.3855
trec-dl-2020|qwen3-embed-600m+judge|direct|setmaxheaptopk|0.4072
trec-dl-2020|qwen3-embed-600m+judge|largest_gap|judge|0.6799
trec-dl-2020|qwen3-embed-600m+judge|largest_gap|judge_expr|0.6572
trec-dl-2020|qwen3-embed-600m+judge|largest_gap|rankgpt|0.3855
trec-dl-2020|qwen3-embed-600m+judge|largest_gap|setmaxheaptopk|0.4072
trec-dl-2020|qwen3-embed-600m+judge|optimal_global|judge|0.6535
trec-dl-2020|qwen3-embed-600m+judge|optimal_global|judge_expr|0.6569
trec-dl-2020|qwen3-embed-600m+judge|optimal_global|rankgpt|0.4522
trec-dl-2020|qwen3-embed-600m+judge|optimal_global|setmaxheaptopk|0.4342
trec-dl-2020|qwen3-embed-600m+judge|optimal_per_topic|judge|0.6507
trec-dl-2020|qwen3-embed-600m+judge|optimal_per_topic|judge_expr|0.66
trec-dl-2020|qwen3-embed-600m+judge|optimal_per_topic|rankgpt|0.5714
trec-dl-2020|qwen3-embed-600m+judge|optimal_per_topic|setmaxheaptopk|0.5556
trec-dl-2020|qwen3-embed-600m+judge|quantile|judge|0.6159
trec-dl-2020|qwen3-embed-600m+judge|quantile|judge_expr|0.592
trec-dl-2020|qwen3-embed-600m+judge|quantile|rankgpt|0.5324
trec-dl-2020|qwen3-embed-600m+judge|quantile|setmaxheaptopk|0.5384
trec-dl-2020|qwen3-embed-600m+judge|rank|judge|0.5319
trec-dl-2020|qwen3-embed-600m+judge|rank|judge_expr|0.5147
trec-dl-2020|qwen3-embed-600m+judge|rank|rankgpt|0.4062
trec-dl-2020|qwen3-embed-600m+judge|rank|setmaxheaptopk|0.4342
trec-dl-2020|qwen3-embed-600m+judge|thresholding|judge|0.6496
trec-dl-2020|qwen3-embed-600m+judge|thresholding|judge_expr|0.6558
trec-dl-2020|qwen3-embed-600m+judge|thresholding|rankgpt|0.0
trec-dl-2020|qwen3-embed-600m+judge|thresholding|setmaxheaptopk|0.0
trec-dl-2020|qwen3-embed-600m+judge_expr|direct|judge|0.6224
trec-dl-2020|qwen3-embed-600m+judge_expr|direct|judge_expr|0.6413
trec-dl-2020|qwen3-embed-600m+judge_expr|direct|rankgpt|0.4221
trec-dl-2020|qwen3-embed-600m+judge_expr|direct|setmaxheaptopk|0.4355
trec-dl-2020|qwen3-embed-600m+judge_expr|largest_gap|judge|0.6865
trec-dl-2020|qwen3-embed-600m+judge_expr|largest_gap|judge_expr|0.658
trec-dl-2020|qwen3-embed-600m+judge_expr|largest_gap|rankgpt|0.4221
trec-dl-2020|qwen3-embed-600m+judge_expr|largest_gap|setmaxheaptopk|0.4355
trec-dl-2020|qwen3-embed-600m+judge_expr|optimal_global|judge|0.6485
trec-dl-2020|qwen3-embed-600m+judge_expr|optimal_global|judge_expr|0.6332
trec-dl-2020|qwen3-embed-600m+judge_expr|optimal_global|rankgpt|0.469
trec-dl-2020|qwen3-embed-600m+judge_expr|optimal_global|setmaxheaptopk|0.4414
trec-dl-2020|qwen3-embed-600m+judge_expr|optimal_per_topic|judge|0.6356
trec-dl-2020|qwen3-embed-600m+judge_expr|optimal_per_topic|judge_expr|0.6656
trec-dl-2020|qwen3-embed-600m+judge_expr|optimal_per_topic|rankgpt|0.5651
trec-dl-2020|qwen3-embed-600m+judge_expr|optimal_per_topic|setmaxheaptopk|0.5558
trec-dl-2020|qwen3-embed-600m+judge_expr|quantile|judge|0.5927
trec-dl-2020|qwen3-embed-600m+judge_expr|quantile|judge_expr|0.5951
trec-dl-2020|qwen3-embed-600m+judge_expr|quantile|rankgpt|0.5379
trec-dl-2020|qwen3-embed-600m+judge_expr|quantile|setmaxheaptopk|0.5315
trec-dl-2020|qwen3-embed-600m+judge_expr|rank|judge|0.5105
trec-dl-2020|qwen3-embed-600m+judge_expr|rank|judge_expr|0.5755
trec-dl-2020|qwen3-embed-600m+judge_expr|rank|rankgpt|0.4174
trec-dl-2020|qwen3-embed-600m+judge_expr|rank|setmaxheaptopk|0.4414
trec-dl-2020|qwen3-embed-600m+judge_expr|thresholding|judge|0.6394
trec-dl-2020|qwen3-embed-600m+judge_expr|thresholding|judge_expr|0.6553
trec-dl-2020|qwen3-embed-600m+judge_expr|thresholding|rankgpt|0.0
trec-dl-2020|qwen3-embed-600m+judge_expr|thresholding|setmaxheaptopk|0.0
trec-dl-2020|qwen3-embed-600m+point|direct|judge|0.5048
trec-dl-2020|qwen3-embed-600m+point|direct|judge_expr|0.4714
trec-dl-2020|qwen3-embed-600m+point|direct|rankgpt|0.3412
trec-dl-2020|qwen3-embed-600m+point|direct|setmaxheaptopk|0.3693
trec-dl-2020|qwen3-embed-600m+point|largest_gap|judge|0.4545
trec-dl-2020|qwen3-embed-600m+point|largest_gap|judge_expr|0.4874
trec-dl-2020|qwen3-embed-600m+point|largest_gap|rankgpt|0.3412
trec-dl-2020|qwen3-embed-600m+point|largest_gap|setmaxheaptopk|0.3693
trec-dl-2020|qwen3-embed-600m+point|optimal_global|judge|0.4818
trec-dl-2020|qwen3-embed-600m+point|optimal_global|judge_expr|0.4912
trec-dl-2020|qwen3-embed-600m+point|optimal_global|rankgpt|0.4115
trec-dl-2020|qwen3-embed-600m+point|optimal_global|setmaxheaptopk|0.394
trec-dl-2020|qwen3-embed-600m+point|optimal_per_topic|judge|0.5081
trec-dl-2020|qwen3-embed-600m+point|optimal_per_topic|judge_expr|0.5349
trec-dl-2020|qwen3-embed-600m+point|optimal_per_topic|rankgpt|0.5277
trec-dl-2020|qwen3-embed-600m+point|optimal_per_topic|setmaxheaptopk|0.5273
trec-dl-2020|qwen3-embed-600m+point|quantile|judge|0.5742
trec-dl-2020|qwen3-embed-600m+point|quantile|judge_expr|0.5216
trec-dl-2020|qwen3-embed-600m+point|quantile|rankgpt|0.4951
trec-dl-2020|qwen3-embed-600m+point|quantile|setmaxheaptopk|0.4947
trec-dl-2020|qwen3-embed-600m+point|rank|judge|0.3713
trec-dl-2020|qwen3-embed-600m+point|rank|judge_expr|0.3765
trec-dl-2020|qwen3-embed-600m+point|rank|rankgpt|0.3608
trec-dl-2020|qwen3-embed-600m+point|rank|setmaxheaptopk|0.394
trec-dl-2020|qwen3-embed-600m+point|thresholding|judge|0.4852
trec-dl-2020|qwen3-embed-600m+point|thresholding|judge_expr|0.4738
trec-dl-2020|qwen3-embed-600m+point|thresholding|rankgpt|0.0
trec-dl-2020|qwen3-embed-600m+point|thresholding|setmaxheaptopk|0.0
trec-dl-2020|qwen3-embed-600m+rankfirst|direct|judge|0.6462
trec-dl-2020|qwen3-embed-600m+rankfirst|direct|judge_expr|0.6302
trec-dl-2020|qwen3-embed-600m+rankfirst|direct|rankgpt|0.6407
trec-dl-2020|qwen3-embed-600m+rankfirst|direct|setmaxheaptopk|0.7062
trec-dl-2020|qwen3-embed-600m+rankfirst|largest_gap|judge|0.6348
trec-dl-2020|qwen3-embed-600m+rankfirst|largest_gap|judge_expr|0.6637
trec-dl-2020|qwen3-embed-600m+rankfirst|largest_gap|rankgpt|0.6407
trec-dl-2020|qwen3-embed-600m+rankfirst|largest_gap|setmaxheaptopk|0.7062
trec-dl-2020|qwen3-embed-600m+rankfirst|optimal_global|judge|0.6446
trec-dl-2020|qwen3-embed-600m+rankfirst|optimal_global|judge_expr|0.6384
trec-dl-2020|qwen3-embed-600m+rankfirst|optimal_global|rankgpt|0.5836
trec-dl-2020|qwen3-embed-600m+rankfirst|optimal_global|setmaxheaptopk|0.5618
trec-dl-2020|qwen3-embed-600m+rankfirst|optimal_per_topic|judge|0.6794
trec-dl-2020|qwen3-embed-600m+rankfirst|optimal_per_topic|judge_expr|0.7204
trec-dl-2020|qwen3-embed-600m+rankfirst|optimal_per_topic|rankgpt|0.7597
trec-dl-2020|qwen3-embed-600m+rankfirst|optimal_per_topic|setmaxheaptopk|0.7243
trec-dl-2020|qwen3-embed-600m+rankfirst|quantile|judge|0.6976
trec-dl-2020|qwen3-embed-600m+rankfirst|quantile|judge_expr|0.66
trec-dl-2020|qwen3-embed-600m+rankfirst|quantile|rankgpt|0.6665
trec-dl-2020|qwen3-embed-600m+rankfirst|quantile|setmaxheaptopk|0.6508
trec-dl-2020|qwen3-embed-600m+rankfirst|rank|judge|0.4999
trec-dl-2020|qwen3-embed-600m+rankfirst|rank|judge_expr|0.4928
trec-dl-2020|qwen3-embed-600m+rankfirst|rank|rankgpt|0.5285
trec-dl-2020|qwen3-embed-600m+rankfirst|rank|setmaxheaptopk|0.5618
trec-dl-2020|qwen3-embed-600m+rankfirst|thresholding|judge|0.632
trec-dl-2020|qwen3-embed-600m+rankfirst|thresholding|judge_expr|0.6585
trec-dl-2020|qwen3-embed-600m+rankfirst|thresholding|rankgpt|0.0
trec-dl-2020|qwen3-embed-600m+rankfirst|thresholding|setmaxheaptopk|0.0
trec-dl-2020|qwen3-embed-600m+rankgpt|direct|judge|0.6218
trec-dl-2020|qwen3-embed-600m+rankgpt|direct|judge_expr|0.6
trec-dl-2020|qwen3-embed-600m+rankgpt|direct|rankgpt|0.5761
trec-dl-2020|qwen3-embed-600m+rankgpt|direct|setmaxheaptopk|0.5688
trec-dl-2020|qwen3-embed-600m+rankgpt|largest_gap|judge|0.5969
trec-dl-2020|qwen3-embed-600m+rankgpt|largest_gap|judge_expr|0.6185
trec-dl-2020|qwen3-embed-600m+rankgpt|largest_gap|rankgpt|0.5761
trec-dl-2020|qwen3-embed-600m+rankgpt|largest_gap|setmaxheaptopk|0.5688
trec-dl-2020|qwen3-embed-600m+rankgpt|optimal_global|judge|0.6149
trec-dl-2020|qwen3-embed-600m+rankgpt|optimal_global|judge_expr|0.615
trec-dl-2020|qwen3-embed-600m+rankgpt|optimal_global|rankgpt|0.561
trec-dl-2020|qwen3-embed-600m+rankgpt|optimal_global|setmaxheaptopk|0.5203
trec-dl-2020|qwen3-embed-600m+rankgpt|optimal_per_topic|judge|0.6506
trec-dl-2020|qwen3-embed-600m+rankgpt|optimal_per_topic|judge_expr|0.6873
trec-dl-2020|qwen3-embed-600m+rankgpt|optimal_per_topic|rankgpt|0.7195
trec-dl-2020|qwen3-embed-600m+rankgpt|optimal_per_topic|setmaxheaptopk|0.6867
trec-dl-2020|qwen3-embed-600m+rankgpt|quantile|judge|0.6687
trec-dl-2020|qwen3-embed-600m+rankgpt|quantile|judge_expr|0.6317
trec-dl-2020|qwen3-embed-600m+rankgpt|quantile|rankgpt|0.633
trec-dl-2020|qwen3-embed-600m+rankgpt|quantile|setmaxheaptopk|0.6037
trec-dl-2020|qwen3-embed-600m+rankgpt|rank|judge|0.4644
trec-dl-2020|qwen3-embed-600m+rankgpt|rank|judge_expr|0.4703
trec-dl-2020|qwen3-embed-600m+rankgpt|rank|rankgpt|0.5218
trec-dl-2020|qwen3-embed-600m+rankgpt|rank|setmaxheaptopk|0.5203
trec-dl-2020|qwen3-embed-600m+rankgpt|thresholding|judge|0.6045
trec-dl-2020|qwen3-embed-600m+rankgpt|thresholding|judge_expr|0.6148
trec-dl-2020|qwen3-embed-600m+rankgpt|thresholding|rankgpt|0.0
trec-dl-2020|qwen3-embed-600m+rankgpt|thresholding|setmaxheaptopk|0.0
trec-dl-2020|qwen3-embed-600m+rankzephyr|direct|judge|0.6333
trec-dl-2020|qwen3-embed-600m+rankzephyr|direct|judge_expr|0.6143
trec-dl-2020|qwen3-embed-600m+rankzephyr|direct|rankgpt|0.5961
trec-dl-2020|qwen3-embed-600m+rankzephyr|direct|setmaxheaptopk|0.6181
trec-dl-2020|qwen3-embed-600m+rankzephyr|largest_gap|judge|0.6179
trec-dl-2020|qwen3-embed-600m+rankzephyr|largest_gap|judge_expr|0.6362
trec-dl-2020|qwen3-embed-600m+rankzephyr|largest_gap|rankgpt|0.5961
trec-dl-2020|qwen3-embed-600m+rankzephyr|largest_gap|setmaxheaptopk|0.6181
trec-dl-2020|qwen3-embed-600m+rankzephyr|optimal_global|judge|0.6266
trec-dl-2020|qwen3-embed-600m+rankzephyr|optimal_global|judge_expr|0.6262
trec-dl-2020|qwen3-embed-600m+rankzephyr|optimal_global|rankgpt|0.5752
trec-dl-2020|qwen3-embed-600m+rankzephyr|optimal_global|setmaxheaptopk|0.5442
trec-dl-2020|qwen3-embed-600m+rankzephyr|optimal_per_topic|judge|0.6726
trec-dl-2020|qwen3-embed-600m+rankzephyr|optimal_per_topic|judge_expr|0.7176
trec-dl-2020|qwen3-embed-600m+rankzephyr|optimal_per_topic|rankgpt|0.7561
trec-dl-2020|qwen3-embed-600m+rankzephyr|optimal_per_topic|setmaxheaptopk|0.7144
trec-dl-2020|qwen3-embed-600m+rankzephyr|quantile|judge|0.6909
trec-dl-2020|qwen3-embed-600m+rankzephyr|quantile|judge_expr|0.6472
trec-dl-2020|qwen3-embed-600m+rankzephyr|quantile|rankgpt|0.6514
trec-dl-2020|qwen3-embed-600m+rankzephyr|quantile|setmaxheaptopk|0.6448
trec-dl-2020|qwen3-embed-600m+rankzephyr|rank|judge|0.4743
trec-dl-2020|qwen3-embed-600m+rankzephyr|rank|judge_expr|0.4833
trec-dl-2020|qwen3-embed-600m+rankzephyr|rank|rankgpt|0.5248
trec-dl-2020|qwen3-embed-600m+rankzephyr|rank|setmaxheaptopk|0.5442
trec-dl-2020|qwen3-embed-600m+rankzephyr|thresholding|judge|0.6141
trec-dl-2020|qwen3-embed-600m+rankzephyr|thresholding|judge_expr|0.6328
trec-dl-2020|qwen3-embed-600m+rankzephyr|thresholding|rankgpt|0.0
trec-dl-2020|qwen3-embed-600m+rankzephyr|thresholding|setmaxheaptopk|0.0
trec-dl-2020|qwen3-embed-600m+setmaxheaptopk|direct|judge|0.6269
trec-dl-2020|qwen3-embed-600m+setmaxheaptopk|direct|judge_expr|0.6066
trec-dl-2020|qwen3-embed-600m+setmaxheaptopk|direct|rankgpt|0.6146
trec-dl-2020|qwen3-embed-600m+setmaxheaptopk|direct|setmaxheaptopk|0.6641
trec-dl-2020|qwen3-embed-600m+setmaxheaptopk|largest_gap|judge|0.6131
trec-dl-2020|qwen3-embed-600m+setmaxheaptopk|largest_gap|judge_expr|0.6226
trec-dl-2020|qwen3-embed-600m+setmaxheaptopk|largest_gap|rankgpt|0.6146
trec-dl-2020|qwen3-embed-600m+setmaxheaptopk|largest_gap|setmaxheaptopk|0.6641
trec-dl-2020|qwen3-embed-600m+setmaxheaptopk|optimal_global|judge|0.6144
trec-dl-2020|qwen3-embed-600m+setmaxheaptopk|optimal_global|judge_expr|0.6125
trec-dl-2020|qwen3-embed-600m+setmaxheaptopk|optimal_global|rankgpt|0.5548
trec-dl-2020|qwen3-embed-600m+setmaxheaptopk|optimal_global|setmaxheaptopk|0.5658
trec-dl-2020|qwen3-embed-600m+setmaxheaptopk|optimal_per_topic|judge|0.657
trec-dl-2020|qwen3-embed-600m+setmaxheaptopk|optimal_per_topic|judge_expr|0.6873
trec-dl-2020|qwen3-embed-600m+setmaxheaptopk|optimal_per_topic|rankgpt|0.7118
trec-dl-2020|qwen3-embed-600m+setmaxheaptopk|optimal_per_topic|setmaxheaptopk|0.7106
trec-dl-2020|qwen3-embed-600m+setmaxheaptopk|quantile|judge|0.6655
trec-dl-2020|qwen3-embed-600m+setmaxheaptopk|quantile|judge_expr|0.6361
trec-dl-2020|qwen3-embed-600m+setmaxheaptopk|quantile|rankgpt|0.6223
trec-dl-2020|qwen3-embed-600m+setmaxheaptopk|quantile|setmaxheaptopk|0.6345
trec-dl-2020|qwen3-embed-600m+setmaxheaptopk|rank|judge|0.4815
trec-dl-2020|qwen3-embed-600m+setmaxheaptopk|rank|judge_expr|0.4921
trec-dl-2020|qwen3-embed-600m+setmaxheaptopk|rank|rankgpt|0.5078
trec-dl-2020|qwen3-embed-600m+setmaxheaptopk|rank|setmaxheaptopk|0.5658
trec-dl-2020|qwen3-embed-600m+setmaxheaptopk|thresholding|judge|0.6063
trec-dl-2020|qwen3-embed-600m+setmaxheaptopk|thresholding|judge_expr|0.6238
trec-dl-2020|qwen3-embed-600m+setmaxheaptopk|thresholding|rankgpt|0.0
trec-dl-2020|qwen3-embed-600m+setmaxheaptopk|thresholding|setmaxheaptopk|0.0
trec-dl-2020|splade-v3|direct|judge|0.6339
trec-dl-2020|splade-v3|direct|judge_expr|0.5885
trec-dl-2020|splade-v3|direct|rankgpt|0.5512
trec-dl-2020|splade-v3|direct|setmaxheaptopk|0.5615
trec-dl-2020|splade-v3|largest_gap|judge|0.574
trec-dl-2020|splade-v3|largest_gap|judge_expr|0.6288
trec-dl-2020|splade-v3|largest_gap|rankgpt|0.5512
trec-dl-2020|splade-v3|largest_gap|setmaxheaptopk|0.5615
trec-dl-2020|splade-v3|optimal_global|judge|0.5973
trec-dl-2020|splade-v3|optimal_global|judge_expr|0.6119
trec-dl-2020|splade-v3|optimal_global|rankgpt|0.5792
trec-dl-2020|splade-v3|optimal_global|setmaxheaptopk|0.5293
trec-dl-2020|splade-v3|optimal_per_topic|judge|0.6695
trec-dl-2020|splade-v3|optimal_per_topic|judge_expr|0.7037
trec-dl-2020|splade-v3|optimal_per_topic|rankgpt|0.7582
trec-dl-2020|splade-v3|optimal_per_topic|setmaxheaptopk|0.7149
trec-dl-2020|splade-v3|quantile|judge|0.7123
trec-dl-2020|splade-v3|quantile|judge_expr|0.6452
trec-dl-2020|splade-v3|quantile|rankgpt|0.6855
trec-dl-2020|splade-v3|quantile|setmaxheaptopk|0.6624
trec-dl-2020|splade-v3|rank|judge|0.4886
trec-dl-2020|splade-v3|rank|judge_expr|0.4723
trec-dl-2020|splade-v3|rank|rankgpt|0.5203
trec-dl-2020|splade-v3|rank|setmaxheaptopk|0.5293
trec-dl-2020|splade-v3|thresholding|judge|0.5912
trec-dl-2020|splade-v3|thresholding|judge_expr|0.6073
trec-dl-2020|splade-v3|thresholding|rankgpt|0.0
trec-dl-2020|splade-v3|thresholding|setmaxheaptopk|0.0
trec-dl-2020|splade-v3+judge|direct|judge|0.6342
trec-dl-2020|splade-v3+judge|direct|judge_expr|0.6525
trec-dl-2020|splade-v3+judge|direct|rankgpt|0.3377
trec-dl-2020|splade-v3+judge|direct|setmaxheaptopk|0.3614
trec-dl-2020|splade-v3+judge|largest_gap|judge|0.6844
trec-dl-2020|splade-v3+judge|largest_gap|judge_expr|0.6623
trec-dl-2020|splade-v3+judge|largest_gap|rankgpt|0.3377
trec-dl-2020|splade-v3+judge|largest_gap|setmaxheaptopk|0.3614
trec-dl-2020|splade-v3+judge|optimal_global|judge|0.6464
trec-dl-2020|splade-v3+judge|optimal_global|judge_expr|0.6587
trec-dl-2020|splade-v3+judge|optimal_global|rankgpt|0.4253
trec-dl-2020|splade-v3+judge|optimal_global|setmaxheaptopk|0.4068
trec-dl-2020|splade-v3+judge|optimal_per_topic|judge|0.6475
trec-dl-2020|splade-v3+judge|optimal_per_topic|judge_expr|0.6412
trec-dl-2020|splade-v3+judge|optimal_per_topic|rankgpt|0.529
trec-dl-2020|splade-v3+judge|optimal_per_topic|setmaxheaptopk|0.5175
trec-dl-2020|splade-v3+judge|quantile|judge|0.5946
trec-dl-2020|splade-v3+judge|quantile|judge_expr|0.5794
trec-dl-2020|splade-v3+judge|quantile|rankgpt|0.4968
trec-dl-2020|splade-v3+judge|quantile|setmaxheaptopk|0.5252
trec-dl-2020|splade-v3+judge|rank|judge|0.5234
trec-dl-2020|splade-v3+judge|rank|judge_expr|0.5022
trec-dl-2020|splade-v3+judge|rank|rankgpt|0.3861
trec-dl-2020|splade-v3+judge|rank|setmaxheaptopk|0.4068
trec-dl-2020|splade-v3+judge|thresholding|judge|0.6434
trec-dl-2020|splade-v3+judge|thresholding|judge_expr|0.651
trec-dl-2020|splade-v3+judge|thresholding|rankgpt|0.0
trec-dl-2020|splade-v3+judge|thresholding|setmaxheaptopk|0.0
trec-dl-2020|splade-v3+judge_expr|direct|judge|0.6242
trec-dl-2020|splade-v3+judge_expr|direct|judge_expr|0.6491
trec-dl-2020|splade-v3+judge_expr|direct|rankgpt|0.3832
trec-dl-2020|splade-v3+judge_expr|direct|setmaxheaptopk|0.4127
trec-dl-2020|splade-v3+judge_expr|largest_gap|judge|0.6973
trec-dl-2020|splade-v3+judge_expr|largest_gap|judge_expr|0.673
trec-dl-2020|splade-v3+judge_expr|largest_gap|rankgpt|0.3832
trec-dl-2020|splade-v3+judge_expr|largest_gap|setmaxheaptopk|0.4127
trec-dl-2020|splade-v3+judge_expr|optimal_global|judge|0.6483
trec-dl-2020|splade-v3+judge_expr|optimal_global|judge_expr|0.6396
trec-dl-2020|splade-v3+judge_expr|optimal_global|rankgpt|0.4488
trec-dl-2020|splade-v3+judge_expr|optimal_global|setmaxheaptopk|0.4218
trec-dl-2020|splade-v3+judge_expr|optimal_per_topic|judge|0.6397
trec-dl-2020|splade-v3+judge_expr|optimal_per_topic|judge_expr|0.6622
trec-dl-2020|splade-v3+judge_expr|optimal_per_topic|rankgpt|0.5411
trec-dl-2020|splade-v3+judge_expr|optimal_per_topic|setmaxheaptopk|0.5282
trec-dl-2020|splade-v3+judge_expr|quantile|judge|0.5824
trec-dl-2020|splade-v3+judge_expr|quantile|judge_expr|0.5824
trec-dl-2020|splade-v3+judge_expr|quantile|rankgpt|0.5115
trec-dl-2020|splade-v3+judge_expr|quantile|setmaxheaptopk|0.5135
trec-dl-2020|splade-v3+judge_expr|rank|judge|0.5028
trec-dl-2020|splade-v3+judge_expr|rank|judge_expr|0.5727
trec-dl-2020|splade-v3+judge_expr|rank|rankgpt|0.4015
trec-dl-2020|splade-v3+judge_expr|rank|setmaxheaptopk|0.4218
trec-dl-2020|splade-v3+judge_expr|thresholding|judge|0.6382
trec-dl-2020|splade-v3+judge_expr|thresholding|judge_expr|0.661
trec-dl-2020|splade-v3+judge_expr|thresholding|rankgpt|0.0
trec-dl-2020|splade-v3+judge_expr|thresholding|setmaxheaptopk|0.0
trec-dl-2020|splade-v3+point|direct|judge|0.5044
trec-dl-2020|splade-v3+point|direct|judge_expr|0.4744
trec-dl-2020|splade-v3+point|direct|rankgpt|0.33
trec-dl-2020|splade-v3+point|direct|setmaxheaptopk|0.3541
trec-dl-2020|splade-v3+point|largest_gap|judge|0.4575
trec-dl-2020|splade-v3+point|largest_gap|judge_expr|0.4918
trec-dl-2020|splade-v3+point|largest_gap|rankgpt|0.33
trec-dl-2020|splade-v3+point|largest_gap|setmaxheaptopk|0.3541
trec-dl-2020|splade-v3+point|optimal_global|judge|0.4742
trec-dl-2020|splade-v3+point|optimal_global|judge_expr|0.4946
trec-dl-2020|splade-v3+point|optimal_global|rankgpt|0.4053
trec-dl-2020|splade-v3+point|optimal_global|setmaxheaptopk|0.4011
trec-dl-2020|splade-v3+point|optimal_per_topic|judge|0.5254
trec-dl-2020|splade-v3+point|optimal_per_topic|judge_expr|0.5518
trec-dl-2020|splade-v3+point|optimal_per_topic|rankgpt|0.5336
trec-dl-2020|splade-v3+point|optimal_per_topic|setmaxheaptopk|0.5311
trec-dl-2020|splade-v3+point|quantile|judge|0.5739
trec-dl-2020|splade-v3+point|quantile|judge_expr|0.5167
trec-dl-2020|splade-v3+point|quantile|rankgpt|0.4881
trec-dl-2020|splade-v3+point|quantile|setmaxheaptopk|0.5064
trec-dl-2020|splade-v3+point|rank|judge|0.3731
trec-dl-2020|splade-v3+point|rank|judge_expr|0.3682
trec-dl-2020|splade-v3+point|rank|rankgpt|0.365
trec-dl-2020|splade-v3+point|rank|setmaxheaptopk|0.4011
trec-dl-2020|splade-v3+point|thresholding|judge|0.4781
trec-dl-2020|splade-v3+point|thresholding|judge_expr|0.4698
trec-dl-2020|splade-v3+point|thresholding|rankgpt|0.0
trec-dl-2020|splade-v3+point|thresholding|setmaxheaptopk|0.0
trec-dl-2020|splade-v3+rankfirst|direct|judge|0.6542
trec-dl-2020|splade-v3+rankfirst|direct|judge_expr|0.6314
trec-dl-2020|splade-v3+rankfirst|direct|rankgpt|0.6073
trec-dl-2020|splade-v3+rankfirst|direct|setmaxheaptopk|0.6699
trec-dl-2020|splade-v3+rankfirst|largest_gap|judge|0.6357
trec-dl-2020|splade-v3+rankfirst|largest_gap|judge_expr|0.6616
trec-dl-2020|splade-v3+rankfirst|largest_gap|rankgpt|0.6073
trec-dl-2020|splade-v3+rankfirst|largest_gap|setmaxheaptopk|0.6699
trec-dl-2020|splade-v3+rankfirst|optimal_global|judge|0.6435
trec-dl-2020|splade-v3+rankfirst|optimal_global|judge_expr|0.6457
trec-dl-2020|splade-v3+rankfirst|optimal_global|rankgpt|0.6023
trec-dl-2020|splade-v3+rankfirst|optimal_global|setmaxheaptopk|0.5638
trec-dl-2020|splade-v3+rankfirst|optimal_per_topic|judge|0.6927
trec-dl-2020|splade-v3+rankfirst|optimal_per_topic|judge_expr|0.7319
trec-dl-2020|splade-v3+rankfirst|optimal_per_topic|rankgpt|0.7786
trec-dl-2020|splade-v3+rankfirst|optimal_per_topic|setmaxheaptopk|0.735
trec-dl-2020|splade-v3+rankfirst|quantile|judge|0.7117
trec-dl-2020|splade-v3+rankfirst|quantile|judge_expr|0.6649
trec-dl-2020|splade-v3+rankfirst|quantile|rankgpt|0.6841
trec-dl-2020|splade-v3+rankfirst|quantile|setmaxheaptopk|0.67
trec-dl-2020|splade-v3+rankfirst|rank|judge|0.5173
trec-dl-2020|splade-v3+rankfirst|rank|judge_expr|0.5066
trec-dl-2020|splade-v3+rankfirst|rank|rankgpt|0.5361
trec-dl-2020|splade-v3+rankfirst|rank|setmaxheaptopk|0.5638
trec-dl-2020|splade-v3+rankfirst|thresholding|judge|0.6302
trec-dl-2020|splade-v3+rankfirst|thresholding|judge_expr|0.6544
trec-dl-2020|splade-v3+rankfirst|thresholding|rankgpt|0.0
trec-dl-2020|splade-v3+rankfirst|thresholding|setmaxheaptopk|0.0
trec-dl-2020|splade-v3+rankgpt|direct|judge|0.6027
trec-dl-2020|splade-v3+rankgpt|direct|judge_expr|0.5822
trec-dl-2020|splade-v3+rankgpt|direct|rankgpt|0.5844
trec-dl-2020|splade-v3+rankgpt|direct|setmaxheaptopk|0.6284
trec-dl-2020|splade-v3+rankgpt|largest_gap|judge|0.5815
trec-dl-2020|splade-v3+rankgpt|largest_gap|judge_expr|0.6042
trec-dl-2020|splade-v3+rankgpt|largest_gap|rankgpt|0.5844
trec-dl-2020|splade-v3+rankgpt|largest_gap|setmaxheaptopk|0.6284
trec-dl-2020|splade-v3+rankgpt|optimal_global|judge|0.5904
trec-dl-2020|splade-v3+rankgpt|optimal_global|judge_expr|0.5953
trec-dl-2020|splade-v3+rankgpt|optimal_global|rankgpt|0.5572
trec-dl-2020|splade-v3+rankgpt|optimal_global|setmaxheaptopk|0.5141
trec-dl-2020|splade-v3+rankgpt|optimal_per_topic|judge|0.631
trec-dl-2020|splade-v3+rankgpt|optimal_per_topic|judge_expr|0.6684
trec-dl-2020|splade-v3+rankgpt|optimal_per_topic|rankgpt|0.7012
trec-dl-2020|splade-v3+rankgpt|optimal_per_topic|setmaxheaptopk|0.6783
trec-dl-2020|splade-v3+rankgpt|quantile|judge|0.641
trec-dl-2020|splade-v3+rankgpt|quantile|judge_expr|0.6055
trec-dl-2020|splade-v3+rankgpt|quantile|rankgpt|0.6113
trec-dl-2020|splade-v3+rankgpt|quantile|setmaxheaptopk|0.6073
trec-dl-2020|splade-v3+rankgpt|rank|judge|0.4649
trec-dl-2020|splade-v3+rankgpt|rank|judge_expr|0.4678
trec-dl-2020|splade-v3+rankgpt|rank|rankgpt|0.5166
trec-dl-2020|splade-v3+rankgpt|rank|setmaxheaptopk|0.5141
trec-dl-2020|splade-v3+rankgpt|thresholding|judge|0.582
trec-dl-2020|splade-v3+rankgpt|thresholding|judge_expr|0.5956
trec-dl-2020|splade-v3+rankgpt|thresholding|rankgpt|0.0
trec-dl-2020|splade-v3+rankgpt|thresholding|setmaxheaptopk|0.0
trec-dl-2020|splade-v3+rankzephyr|direct|judge|0.6197
trec-dl-2020|splade-v3+rankzephyr|direct|judge_expr|0.6025
trec-dl-2020|splade-v3+rankzephyr|direct|rankgpt|0.5554
trec-dl-2020|splade-v3+rankzephyr|direct|setmaxheaptopk|0.5807
trec-dl-2020|splade-v3+rankzephyr|largest_gap|judge|0.6086
trec-dl-2020|splade-v3+rankzephyr|largest_gap|judge_expr|0.6272
trec-dl-2020|splade-v3+rankzephyr|largest_gap|rankgpt|0.5554
trec-dl-2020|splade-v3+rankzephyr|largest_gap|setmaxheaptopk|0.5807
trec-dl-2020|splade-v3+rankzephyr|optimal_global|judge|0.6108
trec-dl-2020|splade-v3+rankzephyr|optimal_global|judge_expr|0.6178
trec-dl-2020|splade-v3+rankzephyr|optimal_global|rankgpt|0.5567
trec-dl-2020|splade-v3+rankzephyr|optimal_global|setmaxheaptopk|0.5228
trec-dl-2020|splade-v3+rankzephyr|optimal_per_topic|judge|0.6626
trec-dl-2020|splade-v3+rankzephyr|optimal_per_topic|judge_expr|0.702
trec-dl-2020|splade-v3+rankzephyr|optimal_per_topic|rankgpt|0.7279
trec-dl-2020|splade-v3+rankzephyr|optimal_per_topic|setmaxheaptopk|0.693
trec-dl-2020|splade-v3+rankzephyr|quantile|judge|0.6699
trec-dl-2020|splade-v3+rankzephyr|quantile|judge_expr|0.6263
trec-dl-2020|splade-v3+rankzephyr|quantile|rankgpt|0.6381
trec-dl-2020|splade-v3+rankzephyr|quantile|setmaxheaptopk|0.626
trec-dl-2020|splade-v3+rankzephyr|rank|judge|0.485
trec-dl-2020|splade-v3+rankzephyr|rank|judge_expr|0.4863
trec-dl-2020|splade-v3+rankzephyr|rank|rankgpt|0.5042
trec-dl-2020|splade-v3+rankzephyr|rank|setmaxheaptopk|0.5228
trec-dl-2020|splade-v3+rankzephyr|thresholding|judge|0.6026
trec-dl-2020|splade-v3+rankzephyr|thresholding|judge_expr|0.6192
trec-dl-2020|splade-v3+rankzephyr|thresholding|rankgpt|0.0
trec-dl-2020|splade-v3+rankzephyr|thresholding|setmaxheaptopk|0.0
trec-dl-2020|splade-v3+setmaxheaptopk|direct|judge|0.6215
trec-dl-2020|splade-v3+setmaxheaptopk|direct|judge_expr|0.6071
trec-dl-2020|splade-v3+setmaxheaptopk|direct|rankgpt|0.588
trec-dl-2020|splade-v3+setmaxheaptopk|direct|setmaxheaptopk|0.6898
trec-dl-2020|splade-v3+setmaxheaptopk|largest_gap|judge|0.6039
trec-dl-2020|splade-v3+setmaxheaptopk|largest_gap|judge_expr|0.6185
trec-dl-2020|splade-v3+setmaxheaptopk|largest_gap|rankgpt|0.588
trec-dl-2020|splade-v3+setmaxheaptopk|largest_gap|setmaxheaptopk|0.6898
trec-dl-2020|splade-v3+setmaxheaptopk|optimal_global|judge|0.6081
trec-dl-2020|splade-v3+setmaxheaptopk|optimal_global|judge_expr|0.626
trec-dl-2020|splade-v3+setmaxheaptopk|optimal_global|rankgpt|0.5268
trec-dl-2020|splade-v3+setmaxheaptopk|optimal_global|setmaxheaptopk|0.5545
trec-dl-2020|splade-v3+setmaxheaptopk|optimal_per_topic|judge|0.6527
trec-dl-2020|splade-v3+setmaxheaptopk|optimal_per_topic|judge_expr|0.6779
trec-dl-2020|splade-v3+setmaxheaptopk|optimal_per_topic|rankgpt|0.6707
trec-dl-2020|splade-v3+setmaxheaptopk|optimal_per_topic|setmaxheaptopk|0.7077
trec-dl-2020|splade-v3+setmaxheaptopk|quantile|judge|0.6386
trec-dl-2020|splade-v3+setmaxheaptopk|quantile|judge_expr|0.6203
trec-dl-2020|splade-v3+setmaxheaptopk|quantile|rankgpt|0.5952
trec-dl-2020|splade-v3+setmaxheaptopk|quantile|setmaxheaptopk|0.6285
trec-dl-2020|splade-v3+setmaxheaptopk|rank|judge|0.4741
trec-dl-2020|splade-v3+setmaxheaptopk|rank|judge_expr|0.4938
trec-dl-2020|splade-v3+setmaxheaptopk|rank|rankgpt|0.4858
trec-dl-2020|splade-v3+setmaxheaptopk|rank|setmaxheaptopk|0.5545
trec-dl-2020|splade-v3+setmaxheaptopk|thresholding|judge|0.6078
trec-dl-2020|splade-v3+setmaxheaptopk|thresholding|judge_expr|0.6058
trec-dl-2020|splade-v3+setmaxheaptopk|thresholding|rankgpt|0.0
trec-dl-2020|splade-v3+setmaxheaptopk|thresholding|setmaxheaptopk|0.0
webis-touche2020|bm25|direct|judge|0.6662
webis-touche2020|bm25|direct|judge_expr|0.5396
webis-touche2020|bm25|direct|rankgpt|0.2997
webis-touche2020|bm25|direct|setmaxheaptopk|0.3227
webis-touche2020|bm25|largest_gap|judge|0.409
webis-touche2020|bm25|largest_gap|judge_expr|0.5549
webis-touche2020|bm25|largest_gap|rankgpt|0.2997
webis-touche2020|bm25|largest_gap|setmaxheaptopk|0.3227
webis-touche2020|bm25|optimal_global|judge|0.403
webis-touche2020|bm25|optimal_global|judge_expr|0.4376
webis-touche2020|bm25|optimal_global|rankgpt|1.0
webis-touche2020|bm25|optimal_global|setmaxheaptopk|0.5107
webis-touche2020|bm25|optimal_per_topic|judge|0.6149
webis-touche2020|bm25|optimal_per_topic|judge_expr|0.4152
webis-touche2020|bm25|optimal_per_topic|rankgpt|0.8094
webis-touche2020|bm25|optimal_per_topic|setmaxheaptopk|0.606
webis-touche2020|bm25|quantile|judge|0.6082
webis-touche2020|bm25|quantile|judge_expr|0.441
webis-touche2020|bm25|quantile|rankgpt|1.0
webis-touche2020|bm25|quantile|setmaxheaptopk|0.5625
webis-touche2020|bm25|rank|judge|0.4264
webis-touche2020|bm25|rank|judge_expr|0.2349
webis-touche2020|bm25|rank|rankgpt|0.317
webis-touche2020|bm25|rank|setmaxheaptopk|0.3123
webis-touche2020|bm25|thresholding|judge|0.5707
webis-touche2020|bm25|thresholding|judge_expr|0.539
webis-touche2020|bm25|thresholding|rankgpt|0.0
webis-touche2020|bm25|thresholding|setmaxheaptopk|0.0
webis-touche2020|bm25+judge|direct|judge|1.0
webis-touche2020|bm25+judge|direct|judge_expr|0.9857
webis-touche2020|bm25+judge|direct|rankgpt|0.2837
webis-touche2020|bm25+judge|direct|setmaxheaptopk|0.246
webis-touche2020|bm25+judge|largest_gap|judge|1.0
webis-touche2020|bm25+judge|largest_gap|judge_expr|0.9905
webis-touche2020|bm25+judge|largest_gap|rankgpt|0.2837
webis-touche2020|bm25+judge|largest_gap|setmaxheaptopk|0.246
webis-touche2020|bm25+judge|optimal_global|judge|0.9592
webis-touche2020|bm25+judge|optimal_global|judge_expr|0.9355
webis-touche2020|bm25+judge|optimal_global|rankgpt|0.466
webis-touche2020|bm25+judge|optimal_global|setmaxheaptopk|0.5077
webis-touche2020|bm25+judge|optimal_per_topic|judge|0.9796
webis-touche2020|bm25+judge|optimal_per_topic|judge_expr|0.7349
webis-touche2020|bm25+judge|optimal_per_topic|rankgpt|0.5104
webis-touche2020|bm25+judge|optimal_per_topic|setmaxheaptopk|0.536
webis-touche2020|bm25+judge|quantile|judge|1.0
webis-touche2020|bm25+judge|quantile|judge_expr|0.9117
webis-touche2020|bm25+judge|quantile|rankgpt|0.5019
webis-touche2020|bm25+judge|quantile|setmaxheaptopk|0.5917
webis-touche2020|bm25+judge|rank|judge|0.5647
webis-touche2020|bm25+judge|rank|judge_expr|0.5583
webis-touche2020|bm25+judge|rank|rankgpt|0.3188
webis-touche2020|bm25+judge|rank|setmaxheaptopk|0.3818
webis-touche2020|bm25+judge|thresholding|judge|1.0
webis-touche2020|bm25+judge|thresholding|judge_expr|0.9723
webis-touche2020|bm25+judge|thresholding|rankgpt|0.0
webis-touche2020|bm25+judge|thresholding|setmaxheaptopk|0.0
webis-touche2020|bm25+judge_expr|direct|judge|0.9964
webis-touche2020|bm25+judge_expr|direct|judge_expr|1.0
webis-touche2020|bm25+judge_expr|direct|rankgpt|0.3757
webis-touche2020|bm25+judge_expr|direct|setmaxheaptopk|0.4095
webis-touche2020|bm25+judge_expr|largest_gap|judge|0.9972
webis-touche2020|bm25+judge_expr|largest_gap|judge_expr|1.0
webis-touche2020|bm25+judge_expr|largest_gap|rankgpt|0.3757
webis-touche2020|bm25+judge_expr|largest_gap|setmaxheaptopk|0.4095
webis-touche2020|bm25+judge_expr|optimal_global|judge|0.9564
webis-touche2020|bm25+judge_expr|optimal_global|judge_expr|0.9796
webis-touche2020|bm25+judge_expr|optimal_global|rankgpt|0.5629
webis-touche2020|bm25+judge_expr|optimal_global|setmaxheaptopk|0.607
webis-touche2020|bm25+judge_expr|optimal_per_topic|judge|0.9796
webis-touche2020|bm25+judge_expr|optimal_per_topic|judge_expr|0.9796
webis-touche2020|bm25+judge_expr|optimal_per_topic|rankgpt|0.6202
webis-touche2020|bm25+judge_expr|optimal_per_topic|setmaxheaptopk|0.6632
webis-touche2020|bm25+judge_expr|quantile|judge|1.0
webis-touche2020|bm25+judge_expr|quantile|judge_expr|1.0
webis-touche2020|bm25+judge_expr|quantile|rankgpt|0.6019
webis-touche2020|bm25+judge_expr|quantile|setmaxheaptopk|0.6905
webis-touche2020|bm25+judge_expr|rank|judge|0.6049
webis-touche2020|bm25+judge_expr|rank|judge_expr|0.9987
webis-touche2020|bm25+judge_expr|rank|rankgpt|0.3915
webis-touche2020|bm25+judge_expr|rank|setmaxheaptopk|0.4868
webis-touche2020|bm25+judge_expr|thresholding|judge|1.0
webis-touche2020|bm25+judge_expr|thresholding|judge_expr|0.9796
webis-touche2020|bm25+judge_expr|thresholding|rankgpt|0.0
webis-touche2020|bm25+judge_expr|thresholding|setmaxheaptopk|0.0
webis-touche2020|bm25+point|direct|judge|0.7603
webis-touche2020|bm25+point|direct|judge_expr|0.6705
webis-touche2020|bm25+point|direct|rankgpt|0.2004
webis-touche2020|bm25+point|direct|setmaxheaptopk|0.2373
webis-touche2020|bm25+point|largest_gap|judge|0.4966
webis-touche2020|bm25+point|largest_gap|judge_expr|0.6961
webis-touche2020|bm25+point|largest_gap|rankgpt|0.2004
webis-touche2020|bm25+point|largest_gap|setmaxheaptopk|0.2373
webis-touche2020|bm25+point|optimal_global|judge|0.464
webis-touche2020|bm25+point|optimal_global|judge_expr|0.5451
webis-touche2020|bm25+point|optimal_global|rankgpt|0.4007
webis-touche2020|bm25+point|optimal_global|setmaxheaptopk|0.4275
webis-touche2020|bm25+point|optimal_per_topic|judge|0.6655
webis-touche2020|bm25+point|optimal_per_topic|judge_expr|0.4525
webis-touche2020|bm25+point|optimal_per_topic|rankgpt|0.4397
webis-touche2020|bm25+point|optimal_per_topic|setmaxheaptopk|0.4976
webis-touche2020|bm25+point|quantile|judge|0.6839
webis-touche2020|bm25+point|quantile|judge_expr|0.5683
webis-touche2020|bm25+point|quantile|rankgpt|0.4371
webis-touche2020|bm25+point|quantile|setmaxheaptopk|0.5028
webis-touche2020|bm25+point|rank|judge|0.2868
webis-touche2020|bm25+point|rank|judge_expr|0.3053
webis-touche2020|bm25+point|rank|rankgpt|0.2512
webis-touche2020|bm25+point|rank|setmaxheaptopk|0.3174
webis-touche2020|bm25+point|thresholding|judge|0.7017
webis-touche2020|bm25+point|thresholding|judge_expr|0.6783
webis-touche2020|bm25+point|thresholding|rankgpt|0.0
webis-touche2020|bm25+point|thresholding|setmaxheaptopk|0.0
webis-touche2020|bm25+rankfirst|direct|judge|0.7617
webis-touche2020|bm25+rankfirst|direct|judge_expr|0.6742
webis-touche2020|bm25+rankfirst|direct|rankgpt|0.3406
webis-touche2020|bm25+rankfirst|direct|setmaxheaptopk|0.4196
webis-touche2020|bm25+rankfirst|largest_gap|judge|0.5797
webis-touche2020|bm25+rankfirst|largest_gap|judge_expr|0.6832
webis-touche2020|bm25+rankfirst|largest_gap|rankgpt|0.3406
webis-touche2020|bm25+rankfirst|largest_gap|setmaxheaptopk|0.4196
webis-touche2020|bm25+rankfirst|optimal_global|judge|0.5736
webis-touche2020|bm25+rankfirst|optimal_global|judge_expr|0.6023
webis-touche2020|bm25+rankfirst|optimal_global|rankgpt|0.6919
webis-touche2020|bm25+rankfirst|optimal_global|setmaxheaptopk|0.5619
webis-touche2020|bm25+rankfirst|optimal_per_topic|judge|0.7334
webis-touche2020|bm25+rankfirst|optimal_per_topic|judge_expr|0.5261
webis-touche2020|bm25+rankfirst|optimal_per_topic|rankgpt|0.6689
webis-touche2020|bm25+rankfirst|optimal_per_topic|setmaxheaptopk|0.6588
webis-touche2020|bm25+rankfirst|quantile|judge|0.7313
webis-touche2020|bm25+rankfirst|quantile|judge_expr|0.5842
webis-touche2020|bm25+rankfirst|quantile|rankgpt|0.735
webis-touche2020|bm25+rankfirst|quantile|setmaxheaptopk|0.6378
webis-touche2020|bm25+rankfirst|rank|judge|0.4394
webis-touche2020|bm25+rankfirst|rank|judge_expr|0.3586
webis-touche2020|bm25+rankfirst|rank|rankgpt|0.3513
webis-touche2020|bm25+rankfirst|rank|setmaxheaptopk|0.4428
webis-touche2020|bm25+rankfirst|thresholding|judge|0.6989
webis-touche2020|bm25+rankfirst|thresholding|judge_expr|0.6684
webis-touche2020|bm25+rankfirst|thresholding|rankgpt|0.0
webis-touche2020|bm25+rankfirst|thresholding|setmaxheaptopk|0.0
webis-touche2020|bm25+rankgpt|direct|judge|0.7962
webis-touche2020|bm25+rankgpt|direct|judge_expr|0.7246
webis-touche2020|bm25+rankgpt|direct|rankgpt|1.0
webis-touche2020|bm25+rankgpt|direct|setmaxheaptopk|0.4539
webis-touche2020|bm25+rankgpt|largest_gap|judge|0.5909
webis-touche2020|bm25+rankgpt|largest_gap|judge_expr|0.7369
webis-touche2020|bm25+rankgpt|largest_gap|rankgpt|1.0
webis-touche2020|bm25+rankgpt|largest_gap|setmaxheaptopk|0.4539
webis-touche2020|bm25+rankgpt|optimal_global|judge|0.596
webis-touche2020|bm25+rankgpt|optimal_global|judge_expr|0.6563
webis-touche2020|bm25+rankgpt|optimal_global|rankgpt|1.0
webis-touche2020|bm25+rankgpt|optimal_global|setmaxheaptopk|0.5431
webis-touche2020|bm25+rankgpt|optimal_per_topic|judge|0.7706
webis-touche2020|bm25+rankgpt|optimal_per_topic|judge_expr|0.5846
webis-touche2020|bm25+rankgpt|optimal_per_topic|rankgpt|0.9796
webis-touche2020|bm25+rankgpt|optimal_per_topic|setmaxheaptopk|0.6082
webis-touche2020|bm25+rankgpt|quantile|judge|0.7709
webis-touche2020|bm25+rankgpt|quantile|judge_expr|0.6658
webis-touche2020|bm25+rankgpt|quantile|rankgpt|1.0
webis-touche2020|bm25+rankgpt|quantile|setmaxheaptopk|0.6331
webis-touche2020|bm25+rankgpt|rank|judge|0.4314
webis-touche2020|bm25+rankgpt|rank|judge_expr|0.432
webis-touche2020|bm25+rankgpt|rank|rankgpt|1.0
webis-touche2020|bm25+rankgpt|rank|setmaxheaptopk|0.3931
webis-touche2020|bm25+rankgpt|thresholding|judge|0.7415
webis-touche2020|bm25+rankgpt|thresholding|judge_expr|0.7112
webis-touche2020|bm25+rankgpt|thresholding|rankgpt|0.0
webis-touche2020|bm25+rankgpt|thresholding|setmaxheaptopk|0.0
webis-touche2020|bm25+rankzephyr|direct|judge|0.6559
webis-touche2020|bm25+rankzephyr|direct|judge_expr|0.5276
webis-touche2020|bm25+rankzephyr|direct|rankgpt|0.2621
webis-touche2020|bm25+rankzephyr|largest_gap|judge|0.3982
webis-touche2020|bm25+rankzephyr|largest_gap|judge_expr|0.5449
webis-touche2020|bm25+rankzephyr|largest_gap|rankgpt|0.2621
webis-touche2020|bm25+rankzephyr|optimal_global|judge|0.3894
webis-touche2020|bm25+rankzephyr|optimal_global|judge_expr|0.4341
webis-touche2020|bm25+rankzephyr|optimal_global|rankgpt|0.9574
webis-touche2020|bm25+rankzephyr|optimal_per_topic|judge|0.6037
webis-touche2020|bm25+rankzephyr|optimal_per_topic|judge_expr|0.4109
webis-touche2020|bm25+rankzephyr|optimal_per_topic|rankgpt|0.782
webis-touche2020|bm25+rankzephyr|quantile|judge|0.6
webis-touche2020|bm25+rankzephyr|quantile|judge_expr|0.4338
webis-touche2020|bm25+rankzephyr|quantile|rankgpt|0.9775
webis-touche2020|bm25+rankzephyr|rank|judge|0.4118
webis-touche2020|bm25+rankzephyr|rank|judge_expr|0.2313
webis-touche2020|bm25+rankzephyr|rank|rankgpt|0.2983
webis-touche2020|bm25+rankzephyr|thresholding|judge|0.5553
webis-touche2020|bm25+rankzephyr|thresholding|judge_expr|0.5273
webis-touche2020|bm25+rankzephyr|thresholding|rankgpt|0.0
webis-touche2020|bm25+setmaxheaptopk|direct|judge|0.8606
webis-touche2020|bm25+setmaxheaptopk|direct|judge_expr|0.8133
webis-touche2020|bm25+setmaxheaptopk|direct|rankgpt|0.42
webis-touche2020|bm25+setmaxheaptopk|direct|setmaxheaptopk|1.0
webis-touche2020|bm25+setmaxheaptopk|largest_gap|judge|0.709
webis-touche2020|bm25+setmaxheaptopk|largest_gap|judge_expr|0.8282
webis-touche2020|bm25+setmaxheaptopk|largest_gap|rankgpt|0.42
webis-touche2020|bm25+setmaxheaptopk|largest_gap|setmaxheaptopk|1.0
webis-touche2020|bm25+setmaxheaptopk|optimal_global|judge|0.7019
webis-touche2020|bm25+setmaxheaptopk|optimal_global|judge_expr|0.7643
webis-touche2020|bm25+setmaxheaptopk|optimal_global|rankgpt|0.6276
webis-touche2020|bm25+setmaxheaptopk|optimal_global|setmaxheaptopk|1.0
webis-touche2020|bm25+setmaxheaptopk|optimal_per_topic|judge|0.8343
webis-touche2020|bm25+setmaxheaptopk|optimal_per_topic|judge_expr|0.6447
webis-touche2020|bm25+setmaxheaptopk|optimal_per_topic|rankgpt|0.6286
webis-touche2020|bm25+setmaxheaptopk|optimal_per_topic|setmaxheaptopk|0.9796
webis-touche2020|bm25+setmaxheaptopk|quantile|judge|0.8776
webis-touche2020|bm25+setmaxheaptopk|quantile|judge_expr|0.7654
webis-touche2020|bm25+setmaxheaptopk|quantile|rankgpt|0.6519
webis-touche2020|bm25+setmaxheaptopk|quantile|setmaxheaptopk|1.0
webis-touche2020|bm25+setmaxheaptopk|rank|judge|0.4589
webis-touche2020|bm25+setmaxheaptopk|rank|judge_expr|0.5065
webis-touche2020|bm25+setmaxheaptopk|rank|rankgpt|0.4027
webis-touche2020|bm25+setmaxheaptopk|rank|setmaxheaptopk|1.0
webis-touche2020|bm25+setmaxheaptopk|thresholding|judge|0.8273
webis-touche2020|bm25+setmaxheaptopk|thresholding|judge_expr|0.8164
webis-touche2020|bm25+setmaxheaptopk|thresholding|rankgpt|0.0
webis-touche2020|bm25+setmaxheaptopk|thresholding|setmaxheaptopk|0.0
webis-touche2020|colbert-small|direct|judge|0.4025
webis-touche2020|colbert-small|direct|judge_expr|0.3061
webis-touche2020|colbert-small|direct|rankgpt|0.0979
webis-touche2020|colbert-small|direct|setmaxheaptopk|0.0901
webis-touche2020|colbert-small|largest_gap|judge|0.2002
webis-touche2020|colbert-small|largest_gap|judge_expr|0.3128
webis-touche2020|colbert-small|largest_gap|rankgpt|0.0979
webis-touche2020|colbert-small|largest_gap|setmaxheaptopk|0.0901
webis-touche2020|colbert-small|optimal_global|judge|0.2008
webis-touche2020|colbert-small|optimal_global|judge_expr|0.2316
webis-touche2020|colbert-small|optimal_global|rankgpt|0.4173
webis-touche2020|colbert-small|optimal_global|setmaxheaptopk|0.2955
webis-touche2020|colbert-small|optimal_per_topic|judge|0.3651
webis-touche2020|colbert-small|optimal_per_topic|judge_expr|0.23
webis-touche2020|colbert-small|optimal_per_topic|rankgpt|0.3827
webis-touche2020|colbert-small|optimal_per_topic|setmaxheaptopk|0.3366
webis-touche2020|colbert-small|quantile|judge|0.3842
webis-touche2020|colbert-small|quantile|judge_expr|0.2644
webis-touche2020|colbert-small|quantile|rankgpt|0.4454
webis-touche2020|colbert-small|quantile|setmaxheaptopk|0.3423
webis-touche2020|colbert-small|rank|judge|0.1991
webis-touche2020|colbert-small|rank|judge_expr|0.1255
webis-touche2020|colbert-small|rank|rankgpt|0.1672
webis-touche2020|colbert-small|rank|setmaxheaptopk|0.193
webis-touche2020|colbert-small|thresholding|judge|0.3236
webis-touche2020|colbert-small|thresholding|judge_expr|0.3034
webis-touche2020|colbert-small|thresholding|rankgpt|0.0
webis-touche2020|colbert-small|thresholding|setmaxheaptopk|0.0
webis-touche2020|colbert-small+judge|direct|judge|0.6488
webis-touche2020|colbert-small+judge|direct|judge_expr|0.6389
webis-touche2020|colbert-small+judge|direct|rankgpt|0.1989
webis-touche2020|colbert-small+judge|direct|setmaxheaptopk|0.2053
webis-touche2020|colbert-small+judge|largest_gap|judge|0.6399
webis-touche2020|colbert-small+judge|largest_gap|judge_expr|0.6418
webis-touche2020|colbert-small+judge|largest_gap|rankgpt|0.1989
webis-touche2020|colbert-small+judge|largest_gap|setmaxheaptopk|0.2053
webis-touche2020|colbert-small+judge|optimal_global|judge|0.6415
webis-touche2020|colbert-small+judge|optimal_global|judge_expr|0.6162
webis-touche2020|colbert-small+judge|optimal_global|rankgpt|0.3845
webis-touche2020|colbert-small+judge|optimal_global|setmaxheaptopk|0.3641
webis-touche2020|colbert-small+judge|optimal_per_topic|judge|0.641
webis-touche2020|colbert-small+judge|optimal_per_topic|judge_expr|0.4949
webis-touche2020|colbert-small+judge|optimal_per_topic|rankgpt|0.3966
webis-touche2020|colbert-small+judge|optimal_per_topic|setmaxheaptopk|0.3946
webis-touche2020|colbert-small+judge|quantile|judge|0.6446
webis-touche2020|colbert-small+judge|quantile|judge_expr|0.6012
webis-touche2020|colbert-small+judge|quantile|rankgpt|0.3986
webis-touche2020|colbert-small+judge|quantile|setmaxheaptopk|0.4154
webis-touche2020|colbert-small+judge|rank|judge|0.4681
webis-touche2020|colbert-small+judge|rank|judge_expr|0.3881
webis-touche2020|colbert-small+judge|rank|rankgpt|0.269
webis-touche2020|colbert-small+judge|rank|setmaxheaptopk|0.2776
webis-touche2020|colbert-small+judge|thresholding|judge|0.6501
webis-touche2020|colbert-small+judge|thresholding|judge_expr|0.6411
webis-touche2020|colbert-small+judge|thresholding|rankgpt|0.0
webis-touche2020|colbert-small+judge|thresholding|setmaxheaptopk|0.0
webis-touche2020|colbert-small+judge_expr|direct|judge|0.6977
webis-touche2020|colbert-small+judge_expr|direct|judge_expr|0.6983
webis-touche2020|colbert-small+judge_expr|direct|rankgpt|0.3052
webis-touche2020|colbert-small+judge_expr|direct|setmaxheaptopk|0.2931
webis-touche2020|colbert-small+judge_expr|largest_gap|judge|0.6832
webis-touche2020|colbert-small+judge_expr|largest_gap|judge_expr|0.7037
webis-touche2020|colbert-small+judge_expr|largest_gap|rankgpt|0.3052
webis-touche2020|colbert-small+judge_expr|largest_gap|setmaxheaptopk|0.2931
webis-touche2020|colbert-small+judge_expr|optimal_global|judge|0.6843
webis-touche2020|colbert-small+judge_expr|optimal_global|judge_expr|0.6923
webis-touche2020|colbert-small+judge_expr|optimal_global|rankgpt|0.4454
webis-touche2020|colbert-small+judge_expr|optimal_global|setmaxheaptopk|0.4122
webis-touche2020|colbert-small+judge_expr|optimal_per_topic|judge|0.6918
webis-touche2020|colbert-small+judge_expr|optimal_per_topic|judge_expr|0.6483
webis-touche2020|colbert-small+judge_expr|optimal_per_topic|rankgpt|0.4822
webis-touche2020|colbert-small+judge_expr|optimal_per_topic|setmaxheaptopk|0.4953
webis-touche2020|colbert-small+judge_expr|quantile|judge|0.6944
webis-touche2020|colbert-small+judge_expr|quantile|judge_expr|0.6891
webis-touche2020|colbert-small+judge_expr|quantile|rankgpt|0.4593
webis-touche2020|colbert-small+judge_expr|quantile|setmaxheaptopk|0.4783
webis-touche2020|colbert-small+judge_expr|rank|judge|0.4768
webis-touche2020|colbert-small+judge_expr|rank|judge_expr|0.5974
webis-touche2020|colbert-small+judge_expr|rank|rankgpt|0.3079
webis-touche2020|colbert-small+judge_expr|rank|setmaxheaptopk|0.3169
webis-touche2020|colbert-small+judge_expr|thresholding|judge|0.7005
webis-touche2020|colbert-small+judge_expr|thresholding|judge_expr|0.6979
webis-touche2020|colbert-small+judge_expr|thresholding|rankgpt|0.0
webis-touche2020|colbert-small+judge_expr|thresholding|setmaxheaptopk|0.0
webis-touche2020|colbert-small+point|direct|judge|0.4295
webis-touche2020|colbert-small+point|direct|judge_expr|0.3792
webis-touche2020|colbert-small+point|direct|rankgpt|0.156
webis-touche2020|colbert-small+point|direct|setmaxheaptopk|0.1677
webis-touche2020|colbert-small+point|largest_gap|judge|0.2814
webis-touche2020|colbert-small+point|largest_gap|judge_expr|0.3855
webis-touche2020|colbert-small+point|largest_gap|rankgpt|0.156
webis-touche2020|colbert-small+point|largest_gap|setmaxheaptopk|0.1677
webis-touche2020|colbert-small+point|optimal_global|judge|0.2745
webis-touche2020|colbert-small+point|optimal_global|judge_expr|0.3064
webis-touche2020|colbert-small+point|optimal_global|rankgpt|0.2908
webis-touche2020|colbert-small+point|optimal_global|setmaxheaptopk|0.282
webis-touche2020|colbert-small+point|optimal_per_topic|judge|0.3929
webis-touche2020|colbert-small+point|optimal_per_topic|judge_expr|0.2977
webis-touche2020|colbert-small+point|optimal_per_topic|rankgpt|0.3108
webis-touche2020|colbert-small+point|optimal_per_topic|setmaxheaptopk|0.3236
webis-touche2020|colbert-small+point|quantile|judge|0.4074
webis-touche2020|colbert-small+point|quantile|judge_expr|0.3531
webis-touche2020|colbert-small+point|quantile|rankgpt|0.3158
webis-touche2020|colbert-small+point|quantile|setmaxheaptopk|0.323
webis-touche2020|colbert-small+point|rank|judge|0.2254
webis-touche2020|colbert-small+point|rank|judge_expr|0.1994
webis-touche2020|colbert-small+point|rank|rankgpt|0.187
webis-touche2020|colbert-small+point|rank|setmaxheaptopk|0.2259
webis-touche2020|colbert-small+point|thresholding|judge|0.3933
webis-touche2020|colbert-small+point|thresholding|judge_expr|0.3778
webis-touche2020|colbert-small+point|thresholding|rankgpt|0.0
webis-touche2020|colbert-small+point|thresholding|setmaxheaptopk|0.0
webis-touche2020|colbert-small+rankfirst|direct|judge|0.5285
webis-touche2020|colbert-small+rankfirst|direct|judge_expr|0.4581
webis-touche2020|colbert-small+rankfirst|direct|rankgpt|0.2407
webis-touche2020|colbert-small+rankfirst|direct|setmaxheaptopk|0.2617
webis-touche2020|colbert-small+rankfirst|largest_gap|judge|0.3854
webis-touche2020|colbert-small+rankfirst|largest_gap|judge_expr|0.4603
webis-touche2020|colbert-small+rankfirst|largest_gap|rankgpt|0.2407
webis-touche2020|colbert-small+rankfirst|largest_gap|setmaxheaptopk|0.2617
webis-touche2020|colbert-small+rankfirst|optimal_global|judge|0.3853
webis-touche2020|colbert-small+rankfirst|optimal_global|judge_expr|0.4095
webis-touche2020|colbert-small+rankfirst|optimal_global|rankgpt|0.4977
webis-touche2020|colbert-small+rankfirst|optimal_global|setmaxheaptopk|0.3937
webis-touche2020|colbert-small+rankfirst|optimal_per_topic|judge|0.4792
webis-touche2020|colbert-small+rankfirst|optimal_per_topic|judge_expr|0.3835
webis-touche2020|colbert-small+rankfirst|optimal_per_topic|rankgpt|0.4827
webis-touche2020|colbert-small+rankfirst|optimal_per_topic|setmaxheaptopk|0.4679
webis-touche2020|colbert-small+rankfirst|quantile|judge|0.5097
webis-touche2020|colbert-small+rankfirst|quantile|judge_expr|0.4281
webis-touche2020|colbert-small+rankfirst|quantile|rankgpt|0.5315
webis-touche2020|colbert-small+rankfirst|quantile|setmaxheaptopk|0.4671
webis-touche2020|colbert-small+rankfirst|rank|judge|0.3104
webis-touche2020|colbert-small+rankfirst|rank|judge_expr|0.2536
webis-touche2020|colbert-small+rankfirst|rank|rankgpt|0.2604
webis-touche2020|colbert-small+rankfirst|rank|setmaxheaptopk|0.3124
webis-touche2020|colbert-small+rankfirst|thresholding|judge|0.4745
webis-touche2020|colbert-small+rankfirst|thresholding|judge_expr|0.4525
webis-touche2020|colbert-small+rankfirst|thresholding|rankgpt|0.0
webis-touche2020|colbert-small+rankfirst|thresholding|setmaxheaptopk|0.0
webis-touche2020|colbert-small+rankgpt|direct|judge|0.5166
webis-touche2020|colbert-small+rankgpt|direct|judge_expr|0.4675
webis-touche2020|colbert-small+rankgpt|direct|rankgpt|0.2187
webis-touche2020|colbert-small+rankgpt|direct|setmaxheaptopk|0.2359
webis-touche2020|colbert-small+rankgpt|largest_gap|judge|0.3839
webis-touche2020|colbert-small+rankgpt|largest_gap|judge_expr|0.4724
webis-touche2020|colbert-small+rankgpt|largest_gap|rankgpt|0.2187
webis-touche2020|colbert-small+rankgpt|largest_gap|setmaxheaptopk|0.2359
webis-touche2020|colbert-small+rankgpt|optimal_global|judge|0.3805
webis-touche2020|colbert-small+rankgpt|optimal_global|judge_expr|0.404
webis-touche2020|colbert-small+rankgpt|optimal_global|rankgpt|0.4081
webis-touche2020|colbert-small+rankgpt|optimal_global|setmaxheaptopk|0.3701
webis-touche2020|colbert-small+rankgpt|optimal_per_topic|judge|0.4801
webis-touche2020|colbert-small+rankgpt|optimal_per_topic|judge_expr|0.387
webis-touche2020|colbert-small+rankgpt|optimal_per_topic|rankgpt|0.4133
webis-touche2020|colbert-small+rankgpt|optimal_per_topic|setmaxheaptopk|0.3905
webis-touche2020|colbert-small+rankgpt|quantile|judge|0.4891
webis-touche2020|colbert-small+rankgpt|quantile|judge_expr|0.4323
webis-touche2020|colbert-small+rankgpt|quantile|rankgpt|0.4324
webis-touche2020|colbert-small+rankgpt|quantile|setmaxheaptopk|0.4207
webis-touche2020|colbert-small+rankgpt|rank|judge|0.2741
webis-touche2020|colbert-small+rankgpt|rank|judge_expr|0.2631
webis-touche2020|colbert-small+rankgpt|rank|rankgpt|0.2731
webis-touche2020|colbert-small+rankgpt|rank|setmaxheaptopk|0.2975
webis-touche2020|colbert-small+rankgpt|thresholding|judge|0.4762
webis-touche2020|colbert-small+rankgpt|thresholding|judge_expr|0.4576
webis-touche2020|colbert-small+rankgpt|thresholding|rankgpt|0.0
webis-touche2020|colbert-small+rankgpt|thresholding|setmaxheaptopk|0.0
webis-touche2020|colbert-small+rankzephyr|direct|judge|0.4068
webis-touche2020|colbert-small+rankzephyr|direct|judge_expr|0.3082
webis-touche2020|colbert-small+rankzephyr|direct|rankgpt|0.097
webis-touche2020|colbert-small+rankzephyr|largest_gap|judge|0.1921
webis-touche2020|colbert-small+rankzephyr|largest_gap|judge_expr|0.3126
webis-touche2020|colbert-small+rankzephyr|largest_gap|rankgpt|0.097
webis-touche2020|colbert-small+rankzephyr|optimal_global|judge|0.1834
webis-touche2020|colbert-small+rankzephyr|optimal_global|judge_expr|0.2288
webis-touche2020|colbert-small+rankzephyr|optimal_global|rankgpt|0.4075
webis-touche2020|colbert-small+rankzephyr|optimal_per_topic|judge|0.3544
webis-touche2020|colbert-small+rankzephyr|optimal_per_topic|judge_expr|0.2256
webis-touche2020|colbert-small+rankzephyr|optimal_per_topic|rankgpt|0.3595
webis-touche2020|colbert-small+rankzephyr|quantile|judge|0.3849
webis-touche2020|colbert-small+rankzephyr|quantile|judge_expr|0.2795
webis-touche2020|colbert-small+rankzephyr|quantile|rankgpt|0.4378
webis-touche2020|colbert-small+rankzephyr|rank|judge|0.1977
webis-touche2020|colbert-small+rankzephyr|rank|judge_expr|0.1253
webis-touche2020|colbert-small+rankzephyr|rank|rankgpt|0.1749
webis-touche2020|colbert-small+rankzephyr|thresholding|judge|0.3296
webis-touche2020|colbert-small+rankzephyr|thresholding|judge_expr|0.3017
webis-touche2020|colbert-small+rankzephyr|thresholding|rankgpt|0.0
webis-touche2020|colbert-small+setmaxheaptopk|direct|judge|0.5887
webis-touche2020|colbert-small+setmaxheaptopk|direct|judge_expr|0.554
webis-touche2020|colbert-small+setmaxheaptopk|direct|rankgpt|0.2912
webis-touche2020|colbert-small+setmaxheaptopk|direct|setmaxheaptopk|0.3178
webis-touche2020|colbert-small+setmaxheaptopk|largest_gap|judge|0.4443
webis-touche2020|colbert-small+setmaxheaptopk|largest_gap|judge_expr|0.5682
webis-touche2020|colbert-small+setmaxheaptopk|largest_gap|rankgpt|0.2912
webis-touche2020|colbert-small+setmaxheaptopk|largest_gap|setmaxheaptopk|0.3178
webis-touche2020|colbert-small+setmaxheaptopk|optimal_global|judge|0.4458
webis-touche2020|colbert-small+setmaxheaptopk|optimal_global|judge_expr|0.5028
webis-touche2020|colbert-small+setmaxheaptopk|optimal_global|rankgpt|0.4407
webis-touche2020|colbert-small+setmaxheaptopk|optimal_global|setmaxheaptopk|0.4245
webis-touche2020|colbert-small+setmaxheaptopk|optimal_per_topic|judge|0.5533
webis-touche2020|colbert-small+setmaxheaptopk|optimal_per_topic|judge_expr|0.4603
webis-touche2020|colbert-small+setmaxheaptopk|optimal_per_topic|rankgpt|0.4441
webis-touche2020|colbert-small+setmaxheaptopk|optimal_per_topic|setmaxheaptopk|0.4946
webis-touche2020|colbert-small+setmaxheaptopk|quantile|judge|0.5823
webis-touche2020|colbert-small+setmaxheaptopk|quantile|judge_expr|0.5199
webis-touche2020|colbert-small+setmaxheaptopk|quantile|rankgpt|0.4603
webis-touche2020|colbert-small+setmaxheaptopk|quantile|setmaxheaptopk|0.4952
webis-touche2020|colbert-small+setmaxheaptopk|rank|judge|0.3451
webis-touche2020|colbert-small+setmaxheaptopk|rank|judge_expr|0.3252
webis-touche2020|colbert-small+setmaxheaptopk|rank|rankgpt|0.3145
webis-touche2020|colbert-small+setmaxheaptopk|rank|setmaxheaptopk|0.3398
webis-touche2020|colbert-small+setmaxheaptopk|thresholding|judge|0.5731
webis-touche2020|colbert-small+setmaxheaptopk|thresholding|judge_expr|0.5613
webis-touche2020|colbert-small+setmaxheaptopk|thresholding|rankgpt|0.0
webis-touche2020|colbert-small+setmaxheaptopk|thresholding|setmaxheaptopk|0.0
webis-touche2020|nomicai-modernbert-embed|direct|judge|0.5634
webis-touche2020|nomicai-modernbert-embed|direct|judge_expr|0.4877
webis-touche2020|nomicai-modernbert-embed|direct|rankgpt|0.2693
webis-touche2020|nomicai-modernbert-embed|direct|setmaxheaptopk|0.2444
webis-touche2020|nomicai-modernbert-embed|largest_gap|judge|0.379
webis-touche2020|nomicai-modernbert-embed|largest_gap|judge_expr|0.4946
webis-touche2020|nomicai-modernbert-embed|largest_gap|rankgpt|0.2693
webis-touche2020|nomicai-modernbert-embed|largest_gap|setmaxheaptopk|0.2444
webis-touche2020|nomicai-modernbert-embed|optimal_global|judge|0.3766
webis-touche2020|nomicai-modernbert-embed|optimal_global|judge_expr|0.4273
webis-touche2020|nomicai-modernbert-embed|optimal_global|rankgpt|0.5444
webis-touche2020|nomicai-modernbert-embed|optimal_global|setmaxheaptopk|0.422
webis-touche2020|nomicai-modernbert-embed|optimal_per_topic|judge|0.5366
webis-touche2020|nomicai-modernbert-embed|optimal_per_topic|judge_expr|0.3981
webis-touche2020|nomicai-modernbert-embed|optimal_per_topic|rankgpt|0.5128
webis-touche2020|nomicai-modernbert-embed|optimal_per_topic|setmaxheaptopk|0.4865
webis-touche2020|nomicai-modernbert-embed|quantile|judge|0.5499
webis-touche2020|nomicai-modernbert-embed|quantile|judge_expr|0.462
webis-touche2020|nomicai-modernbert-embed|quantile|rankgpt|0.5719
webis-touche2020|nomicai-modernbert-embed|quantile|setmaxheaptopk|0.4858
webis-touche2020|nomicai-modernbert-embed|rank|judge|0.3496
webis-touche2020|nomicai-modernbert-embed|rank|judge_expr|0.2833
webis-touche2020|nomicai-modernbert-embed|rank|rankgpt|0.2854
webis-touche2020|nomicai-modernbert-embed|rank|setmaxheaptopk|0.3225
webis-touche2020|nomicai-modernbert-embed|thresholding|judge|0.4979
webis-touche2020|nomicai-modernbert-embed|thresholding|judge_expr|0.4877
webis-touche2020|nomicai-modernbert-embed|thresholding|rankgpt|0.0
webis-touche2020|nomicai-modernbert-embed|thresholding|setmaxheaptopk|0.0
webis-touche2020|nomicai-modernbert-embed+judge|direct|judge|0.6298
webis-touche2020|nomicai-modernbert-embed+judge|direct|judge_expr|0.6295
webis-touche2020|nomicai-modernbert-embed+judge|direct|rankgpt|0.2427
webis-touche2020|nomicai-modernbert-embed+judge|direct|setmaxheaptopk|0.2008
webis-touche2020|nomicai-modernbert-embed+judge|largest_gap|judge|0.6479
webis-touche2020|nomicai-modernbert-embed+judge|largest_gap|judge_expr|0.6345
webis-touche2020|nomicai-modernbert-embed+judge|largest_gap|rankgpt|0.2427
webis-touche2020|nomicai-modernbert-embed+judge|largest_gap|setmaxheaptopk|0.2008
webis-touche2020|nomicai-modernbert-embed+judge|optimal_global|judge|0.6406
webis-touche2020|nomicai-modernbert-embed+judge|optimal_global|judge_expr|0.627
webis-touche2020|nomicai-modernbert-embed+judge|optimal_global|rankgpt|0.3644
webis-touche2020|nomicai-modernbert-embed+judge|optimal_global|setmaxheaptopk|0.3496
webis-touche2020|nomicai-modernbert-embed+judge|optimal_per_topic|judge|0.629
webis-touche2020|nomicai-modernbert-embed+judge|optimal_per_topic|judge_expr|0.4957
webis-touche2020|nomicai-modernbert-embed+judge|optimal_per_topic|rankgpt|0.39
webis-touche2020|nomicai-modernbert-embed+judge|optimal_per_topic|setmaxheaptopk|0.364
webis-touche2020|nomicai-modernbert-embed+judge|quantile|judge|0.6177
webis-touche2020|nomicai-modernbert-embed+judge|quantile|judge_expr|0.5903
webis-touche2020|nomicai-modernbert-embed+judge|quantile|rankgpt|0.3836
webis-touche2020|nomicai-modernbert-embed+judge|quantile|setmaxheaptopk|0.4011
webis-touche2020|nomicai-modernbert-embed+judge|rank|judge|0.4176
webis-touche2020|nomicai-modernbert-embed+judge|rank|judge_expr|0.3974
webis-touche2020|nomicai-modernbert-embed+judge|rank|rankgpt|0.2594
webis-touche2020|nomicai-modernbert-embed+judge|rank|setmaxheaptopk|0.2687
webis-touche2020|nomicai-modernbert-embed+judge|thresholding|judge|0.6345
webis-touche2020|nomicai-modernbert-embed+judge|thresholding|judge_expr|0.6385
webis-touche2020|nomicai-modernbert-embed+judge|thresholding|rankgpt|0.0
webis-touche2020|nomicai-modernbert-embed+judge|thresholding|setmaxheaptopk|0.0
webis-touche2020|nomicai-modernbert-embed+judge_expr|direct|judge|0.6571
webis-touche2020|nomicai-modernbert-embed+judge_expr|direct|judge_expr|0.6626
webis-touche2020|nomicai-modernbert-embed+judge_expr|direct|rankgpt|0.3195
webis-touche2020|nomicai-modernbert-embed+judge_expr|direct|setmaxheaptopk|0.3455
webis-touche2020|nomicai-modernbert-embed+judge_expr|largest_gap|judge|0.6711
webis-touche2020|nomicai-modernbert-embed+judge_expr|largest_gap|judge_expr|0.6664
webis-touche2020|nomicai-modernbert-embed+judge_expr|largest_gap|rankgpt|0.3195
webis-touche2020|nomicai-modernbert-embed+judge_expr|largest_gap|setmaxheaptopk|0.3455
webis-touche2020|nomicai-modernbert-embed+judge_expr|optimal_global|judge|0.6617
webis-touche2020|nomicai-modernbert-embed+judge_expr|optimal_global|judge_expr|0.6817
webis-touche2020|nomicai-modernbert-embed+judge_expr|optimal_global|rankgpt|0.434
webis-touche2020|nomicai-modernbert-embed+judge_expr|optimal_global|setmaxheaptopk|0.4191
webis-touche2020|nomicai-modernbert-embed+judge_expr|optimal_per_topic|judge|0.6533
webis-touche2020|nomicai-modernbert-embed+judge_expr|optimal_per_topic|judge_expr|0.6652
webis-touche2020|nomicai-modernbert-embed+judge_expr|optimal_per_topic|rankgpt|0.4539
webis-touche2020|nomicai-modernbert-embed+judge_expr|optimal_per_topic|setmaxheaptopk|0.4503
webis-touche2020|nomicai-modernbert-embed+judge_expr|quantile|judge|0.6475
webis-touche2020|nomicai-modernbert-embed+judge_expr|quantile|judge_expr|0.6475
webis-touche2020|nomicai-modernbert-embed+judge_expr|quantile|rankgpt|0.4543
webis-touche2020|nomicai-modernbert-embed+judge_expr|quantile|setmaxheaptopk|0.4748
webis-touche2020|nomicai-modernbert-embed+judge_expr|rank|judge|0.4443
webis-touche2020|nomicai-modernbert-embed+judge_expr|rank|judge_expr|0.6216
webis-touche2020|nomicai-modernbert-embed+judge_expr|rank|rankgpt|0.3069
webis-touche2020|nomicai-modernbert-embed+judge_expr|rank|setmaxheaptopk|0.3377
webis-touche2020|nomicai-modernbert-embed+judge_expr|thresholding|judge|0.6616
webis-touche2020|nomicai-modernbert-embed+judge_expr|thresholding|judge_expr|0.6664
webis-touche2020|nomicai-modernbert-embed+judge_expr|thresholding|rankgpt|0.0
webis-touche2020|nomicai-modernbert-embed+judge_expr|thresholding|setmaxheaptopk|0.0
webis-touche2020|nomicai-modernbert-embed+point|direct|judge|0.4803
webis-touche2020|nomicai-modernbert-embed+point|direct|judge_expr|0.4411
webis-touche2020|nomicai-modernbert-embed+point|direct|rankgpt|0.1911
webis-touche2020|nomicai-modernbert-embed+point|direct|setmaxheaptopk|0.206
webis-touche2020|nomicai-modernbert-embed+point|largest_gap|judge|0.3529
webis-touche2020|nomicai-modernbert-embed+point|largest_gap|judge_expr|0.4496
webis-touche2020|nomicai-modernbert-embed+point|largest_gap|rankgpt|0.1911
webis-touche2020|nomicai-modernbert-embed+point|largest_gap|setmaxheaptopk|0.206
webis-touche2020|nomicai-modernbert-embed+point|optimal_global|judge|0.3363
webis-touche2020|nomicai-modernbert-embed+point|optimal_global|judge_expr|0.3769
webis-touche2020|nomicai-modernbert-embed+point|optimal_global|rankgpt|0.3105
webis-touche2020|nomicai-modernbert-embed+point|optimal_global|setmaxheaptopk|0.3163
webis-touche2020|nomicai-modernbert-embed+point|optimal_per_topic|judge|0.4318
webis-touche2020|nomicai-modernbert-embed+point|optimal_per_topic|judge_expr|0.3427
webis-touche2020|nomicai-modernbert-embed+point|optimal_per_topic|rankgpt|0.3187
webis-touche2020|nomicai-modernbert-embed+point|optimal_per_topic|setmaxheaptopk|0.3426
webis-touche2020|nomicai-modernbert-embed+point|quantile|judge|0.4592
webis-touche2020|nomicai-modernbert-embed+point|quantile|judge_expr|0.4142
webis-touche2020|nomicai-modernbert-embed+point|quantile|rankgpt|0.3278
webis-touche2020|nomicai-modernbert-embed+point|quantile|setmaxheaptopk|0.3552
webis-touche2020|nomicai-modernbert-embed+point|rank|judge|0.2373
webis-touche2020|nomicai-modernbert-embed+point|rank|judge_expr|0.2413
webis-touche2020|nomicai-modernbert-embed+point|rank|rankgpt|0.2003
webis-touche2020|nomicai-modernbert-embed+point|rank|setmaxheaptopk|0.249
webis-touche2020|nomicai-modernbert-embed+point|thresholding|judge|0.4505
webis-touche2020|nomicai-modernbert-embed+point|thresholding|judge_expr|0.4457
webis-touche2020|nomicai-modernbert-embed+point|thresholding|rankgpt|0.0
webis-touche2020|nomicai-modernbert-embed+point|thresholding|setmaxheaptopk|0.0
webis-touche2020|nomicai-modernbert-embed+rankfirst|direct|judge|0.5759
webis-touche2020|nomicai-modernbert-embed+rankfirst|direct|judge_expr|0.5135
webis-touche2020|nomicai-modernbert-embed+rankfirst|direct|rankgpt|0.3016
webis-touche2020|nomicai-modernbert-embed+rankfirst|direct|setmaxheaptopk|0.3523
webis-touche2020|nomicai-modernbert-embed+rankfirst|largest_gap|judge|0.4652
webis-touche2020|nomicai-modernbert-embed+rankfirst|largest_gap|judge_expr|0.5098
webis-touche2020|nomicai-modernbert-embed+rankfirst|largest_gap|rankgpt|0.3016
webis-touche2020|nomicai-modernbert-embed+rankfirst|largest_gap|setmaxheaptopk|0.3523
webis-touche2020|nomicai-modernbert-embed+rankfirst|optimal_global|judge|0.4567
webis-touche2020|nomicai-modernbert-embed+rankfirst|optimal_global|judge_expr|0.4738
webis-touche2020|nomicai-modernbert-embed+rankfirst|optimal_global|rankgpt|0.4983
webis-touche2020|nomicai-modernbert-embed+rankfirst|optimal_global|setmaxheaptopk|0.4464
webis-touche2020|nomicai-modernbert-embed+rankfirst|optimal_per_topic|judge|0.5395
webis-touche2020|nomicai-modernbert-embed+rankfirst|optimal_per_topic|judge_expr|0.4174
webis-touche2020|nomicai-modernbert-embed+rankfirst|optimal_per_topic|rankgpt|0.5042
webis-touche2020|nomicai-modernbert-embed+rankfirst|optimal_per_topic|setmaxheaptopk|0.5084
webis-touche2020|nomicai-modernbert-embed+rankfirst|quantile|judge|0.5714
webis-touche2020|nomicai-modernbert-embed+rankfirst|quantile|judge_expr|0.4793
webis-touche2020|nomicai-modernbert-embed+rankfirst|quantile|rankgpt|0.5318
webis-touche2020|nomicai-modernbert-embed+rankfirst|quantile|setmaxheaptopk|0.5123
webis-touche2020|nomicai-modernbert-embed+rankfirst|rank|judge|0.3367
webis-touche2020|nomicai-modernbert-embed+rankfirst|rank|judge_expr|0.3054
webis-touche2020|nomicai-modernbert-embed+rankfirst|rank|rankgpt|0.2704
webis-touche2020|nomicai-modernbert-embed+rankfirst|rank|setmaxheaptopk|0.3597
webis-touche2020|nomicai-modernbert-embed+rankfirst|thresholding|judge|0.5247
webis-touche2020|nomicai-modernbert-embed+rankfirst|thresholding|judge_expr|0.5111
webis-touche2020|nomicai-modernbert-embed+rankfirst|thresholding|rankgpt|0.0
webis-touche2020|nomicai-modernbert-embed+rankfirst|thresholding|setmaxheaptopk|0.0
webis-touche2020|nomicai-modernbert-embed+rankgpt|direct|judge|0.583
webis-touche2020|nomicai-modernbert-embed+rankgpt|direct|judge_expr|0.544
webis-touche2020|nomicai-modernbert-embed+rankgpt|direct|rankgpt|0.2862
webis-touche2020|nomicai-modernbert-embed+rankgpt|direct|setmaxheaptopk|0.3389
webis-touche2020|nomicai-modernbert-embed+rankgpt|largest_gap|judge|0.4804
webis-touche2020|nomicai-modernbert-embed+rankgpt|largest_gap|judge_expr|0.5513
webis-touche2020|nomicai-modernbert-embed+rankgpt|largest_gap|rankgpt|0.2862
webis-touche2020|nomicai-modernbert-embed+rankgpt|largest_gap|setmaxheaptopk|0.3389
webis-touche2020|nomicai-modernbert-embed+rankgpt|optimal_global|judge|0.4759
webis-touche2020|nomicai-modernbert-embed+rankgpt|optimal_global|judge_expr|0.4989
webis-touche2020|nomicai-modernbert-embed+rankgpt|optimal_global|rankgpt|0.4847
webis-touche2020|nomicai-modernbert-embed+rankgpt|optimal_global|setmaxheaptopk|0.424
webis-touche2020|nomicai-modernbert-embed+rankgpt|optimal_per_topic|judge|0.5415
webis-touche2020|nomicai-modernbert-embed+rankgpt|optimal_per_topic|judge_expr|0.4698
webis-touche2020|nomicai-modernbert-embed+rankgpt|optimal_per_topic|rankgpt|0.4708
webis-touche2020|nomicai-modernbert-embed+rankgpt|optimal_per_topic|setmaxheaptopk|0.4358
webis-touche2020|nomicai-modernbert-embed+rankgpt|quantile|judge|0.5556
webis-touche2020|nomicai-modernbert-embed+rankgpt|quantile|judge_expr|0.5148
webis-touche2020|nomicai-modernbert-embed+rankgpt|quantile|rankgpt|0.5043
webis-touche2020|nomicai-modernbert-embed+rankgpt|quantile|setmaxheaptopk|0.4774
webis-touche2020|nomicai-modernbert-embed+rankgpt|rank|judge|0.349
webis-touche2020|nomicai-modernbert-embed+rankgpt|rank|judge_expr|0.3558
webis-touche2020|nomicai-modernbert-embed+rankgpt|rank|rankgpt|0.3323
webis-touche2020|nomicai-modernbert-embed+rankgpt|rank|setmaxheaptopk|0.3281
webis-touche2020|nomicai-modernbert-embed+rankgpt|thresholding|judge|0.557
webis-touche2020|nomicai-modernbert-embed+rankgpt|thresholding|judge_expr|0.5495
webis-touche2020|nomicai-modernbert-embed+rankgpt|thresholding|rankgpt|0.0
webis-touche2020|nomicai-modernbert-embed+rankgpt|thresholding|setmaxheaptopk|0.0
webis-touche2020|nomicai-modernbert-embed+rankzephyr|direct|judge|0.5332
webis-touche2020|nomicai-modernbert-embed+rankzephyr|direct|judge_expr|0.4574
webis-touche2020|nomicai-modernbert-embed+rankzephyr|direct|rankgpt|0.179
webis-touche2020|nomicai-modernbert-embed+rankzephyr|largest_gap|judge|0.3594
webis-touche2020|nomicai-modernbert-embed+rankzephyr|largest_gap|judge_expr|0.4643
webis-touche2020|nomicai-modernbert-embed+rankzephyr|largest_gap|rankgpt|0.179
webis-touche2020|nomicai-modernbert-embed+rankzephyr|optimal_global|judge|0.3597
webis-touche2020|nomicai-modernbert-embed+rankzephyr|optimal_global|judge_expr|0.4014
webis-touche2020|nomicai-modernbert-embed+rankzephyr|optimal_global|rankgpt|0.4768
webis-touche2020|nomicai-modernbert-embed+rankzephyr|optimal_per_topic|judge|0.5175
webis-touche2020|nomicai-modernbert-embed+rankzephyr|optimal_per_topic|judge_expr|0.3671
webis-touche2020|nomicai-modernbert-embed+rankzephyr|optimal_per_topic|rankgpt|0.4391
webis-touche2020|nomicai-modernbert-embed+rankzephyr|quantile|judge|0.5174
webis-touche2020|nomicai-modernbert-embed+rankzephyr|quantile|judge_expr|0.4281
webis-touche2020|nomicai-modernbert-embed+rankzephyr|quantile|rankgpt|0.5167
webis-touche2020|nomicai-modernbert-embed+rankzephyr|rank|judge|0.3075
webis-touche2020|nomicai-modernbert-embed+rankzephyr|rank|judge_expr|0.2464
webis-touche2020|nomicai-modernbert-embed+rankzephyr|rank|rankgpt|0.2528
webis-touche2020|nomicai-modernbert-embed+rankzephyr|thresholding|judge|0.4679
webis-touche2020|nomicai-modernbert-embed+rankzephyr|thresholding|judge_expr|0.4508
webis-touche2020|nomicai-modernbert-embed+rankzephyr|thresholding|rankgpt|0.0
webis-touche2020|nomicai-modernbert-embed+setmaxheaptopk|direct|judge|0.5936
webis-touche2020|nomicai-modernbert-embed+setmaxheaptopk|direct|judge_expr|0.5655
webis-touche2020|nomicai-modernbert-embed+setmaxheaptopk|direct|rankgpt|0.3614
webis-touche2020|nomicai-modernbert-embed+setmaxheaptopk|direct|setmaxheaptopk|0.4441
webis-touche2020|nomicai-modernbert-embed+setmaxheaptopk|largest_gap|judge|0.4923
webis-touche2020|nomicai-modernbert-embed+setmaxheaptopk|largest_gap|judge_expr|0.5771
webis-touche2020|nomicai-modernbert-embed+setmaxheaptopk|largest_gap|rankgpt|0.3614
webis-touche2020|nomicai-modernbert-embed+setmaxheaptopk|largest_gap|setmaxheaptopk|0.4441
webis-touche2020|nomicai-modernbert-embed+setmaxheaptopk|optimal_global|judge|0.4828
webis-touche2020|nomicai-modernbert-embed+setmaxheaptopk|optimal_global|judge_expr|0.524
webis-touche2020|nomicai-modernbert-embed+setmaxheaptopk|optimal_global|rankgpt|0.4453
webis-touche2020|nomicai-modernbert-embed+setmaxheaptopk|optimal_global|setmaxheaptopk|0.4592
webis-touche2020|nomicai-modernbert-embed+setmaxheaptopk|optimal_per_topic|judge|0.5514
webis-touche2020|nomicai-modernbert-embed+setmaxheaptopk|optimal_per_topic|judge_expr|0.5029
webis-touche2020|nomicai-modernbert-embed+setmaxheaptopk|optimal_per_topic|rankgpt|0.4712
webis-touche2020|nomicai-modernbert-embed+setmaxheaptopk|optimal_per_topic|setmaxheaptopk|0.4869
webis-touche2020|nomicai-modernbert-embed+setmaxheaptopk|quantile|judge|0.5799
webis-touche2020|nomicai-modernbert-embed+setmaxheaptopk|quantile|judge_expr|0.5315
webis-touche2020|nomicai-modernbert-embed+setmaxheaptopk|quantile|rankgpt|0.4726
webis-touche2020|nomicai-modernbert-embed+setmaxheaptopk|quantile|setmaxheaptopk|0.5127
webis-touche2020|nomicai-modernbert-embed+setmaxheaptopk|rank|judge|0.3598
webis-touche2020|nomicai-modernbert-embed+setmaxheaptopk|rank|judge_expr|0.3807
webis-touche2020|nomicai-modernbert-embed+setmaxheaptopk|rank|rankgpt|0.3045
webis-touche2020|nomicai-modernbert-embed+setmaxheaptopk|rank|setmaxheaptopk|0.3894
webis-touche2020|nomicai-modernbert-embed+setmaxheaptopk|thresholding|judge|0.5854
webis-touche2020|nomicai-modernbert-embed+setmaxheaptopk|thresholding|judge_expr|0.5734
webis-touche2020|nomicai-modernbert-embed+setmaxheaptopk|thresholding|rankgpt|0.0
webis-touche2020|nomicai-modernbert-embed+setmaxheaptopk|thresholding|setmaxheaptopk|0.0
webis-touche2020|qwen3-embed-600m|direct|judge|0.4289
webis-touche2020|qwen3-embed-600m|direct|judge_expr|0.3468
webis-touche2020|qwen3-embed-600m|direct|rankgpt|0.1515
webis-touche2020|qwen3-embed-600m|direct|setmaxheaptopk|0.1761
webis-touche2020|qwen3-embed-600m|largest_gap|judge|0.2546
webis-touche2020|qwen3-embed-600m|largest_gap|judge_expr|0.3511
webis-touche2020|qwen3-embed-600m|largest_gap|rankgpt|0.1515
webis-touche2020|qwen3-embed-600m|largest_gap|setmaxheaptopk|0.1761
webis-touche2020|qwen3-embed-600m|optimal_global|judge|0.2511
webis-touche2020|qwen3-embed-600m|optimal_global|judge_expr|0.2904
webis-touche2020|qwen3-embed-600m|optimal_global|rankgpt|0.4377
webis-touche2020|qwen3-embed-600m|optimal_global|setmaxheaptopk|0.3337
webis-touche2020|qwen3-embed-600m|optimal_per_topic|judge|0.385
webis-touche2020|qwen3-embed-600m|optimal_per_topic|judge_expr|0.2639
webis-touche2020|qwen3-embed-600m|optimal_per_topic|rankgpt|0.3938
webis-touche2020|qwen3-embed-600m|optimal_per_topic|setmaxheaptopk|0.3808
webis-touche2020|qwen3-embed-600m|quantile|judge|0.3898
webis-touche2020|qwen3-embed-600m|quantile|judge_expr|0.3074
webis-touche2020|qwen3-embed-600m|quantile|rankgpt|0.4718
webis-touche2020|qwen3-embed-600m|quantile|setmaxheaptopk|0.3834
webis-touche2020|qwen3-embed-600m|rank|judge|0.2303
webis-touche2020|qwen3-embed-600m|rank|judge_expr|0.1824
webis-touche2020|qwen3-embed-600m|rank|rankgpt|0.2137
webis-touche2020|qwen3-embed-600m|rank|setmaxheaptopk|0.2417
webis-touche2020|qwen3-embed-600m|thresholding|judge|0.3651
webis-touche2020|qwen3-embed-600m|thresholding|judge_expr|0.3486
webis-touche2020|qwen3-embed-600m|thresholding|rankgpt|0.0
webis-touche2020|qwen3-embed-600m|thresholding|setmaxheaptopk|0.0
webis-touche2020|qwen3-embed-600m+judge|direct|judge|0.6434
webis-touche2020|qwen3-embed-600m+judge|direct|judge_expr|0.6404
webis-touche2020|qwen3-embed-600m+judge|direct|rankgpt|0.2367
webis-touche2020|qwen3-embed-600m+judge|direct|setmaxheaptopk|0.2081
webis-touche2020|qwen3-embed-600m+judge|largest_gap|judge|0.6364
webis-touche2020|qwen3-embed-600m+judge|largest_gap|judge_expr|0.6436
webis-touche2020|qwen3-embed-600m+judge|largest_gap|rankgpt|0.2367
webis-touche2020|qwen3-embed-600m+judge|largest_gap|setmaxheaptopk|0.2081
webis-touche2020|qwen3-embed-600m+judge|optimal_global|judge|0.6296
webis-touche2020|qwen3-embed-600m+judge|optimal_global|judge_expr|0.6266
webis-touche2020|qwen3-embed-600m+judge|optimal_global|rankgpt|0.3884
webis-touche2020|qwen3-embed-600m+judge|optimal_global|setmaxheaptopk|0.3788
webis-touche2020|qwen3-embed-600m+judge|optimal_per_topic|judge|0.6351
webis-touche2020|qwen3-embed-600m+judge|optimal_per_topic|judge_expr|0.5017
webis-touche2020|qwen3-embed-600m+judge|optimal_per_topic|rankgpt|0.4033
webis-touche2020|qwen3-embed-600m+judge|optimal_per_topic|setmaxheaptopk|0.3894
webis-touche2020|qwen3-embed-600m+judge|quantile|judge|0.6375
webis-touche2020|qwen3-embed-600m+judge|quantile|judge_expr|0.6126
webis-touche2020|qwen3-embed-600m+judge|quantile|rankgpt|0.3991
webis-touche2020|qwen3-embed-600m+judge|quantile|setmaxheaptopk|0.4257
webis-touche2020|qwen3-embed-600m+judge|rank|judge|0.4388
webis-touche2020|qwen3-embed-600m+judge|rank|judge_expr|0.4119
webis-touche2020|qwen3-embed-600m+judge|rank|rankgpt|0.2671
webis-touche2020|qwen3-embed-600m+judge|rank|setmaxheaptopk|0.2904
webis-touche2020|qwen3-embed-600m+judge|thresholding|judge|0.6469
webis-touche2020|qwen3-embed-600m+judge|thresholding|judge_expr|0.645
webis-touche2020|qwen3-embed-600m+judge|thresholding|rankgpt|0.0
webis-touche2020|qwen3-embed-600m+judge|thresholding|setmaxheaptopk|0.0
webis-touche2020|qwen3-embed-600m+judge_expr|direct|judge|0.6923
webis-touche2020|qwen3-embed-600m+judge_expr|direct|judge_expr|0.6948
webis-touche2020|qwen3-embed-600m+judge_expr|direct|rankgpt|0.3043
webis-touche2020|qwen3-embed-600m+judge_expr|direct|setmaxheaptopk|0.2924
webis-touche2020|qwen3-embed-600m+judge_expr|largest_gap|judge|0.6854
webis-touche2020|qwen3-embed-600m+judge_expr|largest_gap|judge_expr|0.697
webis-touche2020|qwen3-embed-600m+judge_expr|largest_gap|rankgpt|0.3043
webis-touche2020|qwen3-embed-600m+judge_expr|largest_gap|setmaxheaptopk|0.2924
webis-touche2020|qwen3-embed-600m+judge_expr|optimal_global|judge|0.6794
webis-touche2020|qwen3-embed-600m+judge_expr|optimal_global|judge_expr|0.7063
webis-touche2020|qwen3-embed-600m+judge_expr|optimal_global|rankgpt|0.4466
webis-touche2020|qwen3-embed-600m+judge_expr|optimal_global|setmaxheaptopk|0.4319
webis-touche2020|qwen3-embed-600m+judge_expr|optimal_per_topic|judge|0.6846
webis-touche2020|qwen3-embed-600m+judge_expr|optimal_per_topic|judge_expr|0.6805
webis-touche2020|qwen3-embed-600m+judge_expr|optimal_per_topic|rankgpt|0.4838
webis-touche2020|qwen3-embed-600m+judge_expr|optimal_per_topic|setmaxheaptopk|0.4869
webis-touche2020|qwen3-embed-600m+judge_expr|quantile|judge|0.6887
webis-touche2020|qwen3-embed-600m+judge_expr|quantile|judge_expr|0.6887
webis-touche2020|qwen3-embed-600m+judge_expr|quantile|rankgpt|0.4611
webis-touche2020|qwen3-embed-600m+judge_expr|quantile|setmaxheaptopk|0.4982
webis-touche2020|qwen3-embed-600m+judge_expr|rank|judge|0.4848
webis-touche2020|qwen3-embed-600m+judge_expr|rank|judge_expr|0.6121
webis-touche2020|qwen3-embed-600m+judge_expr|rank|rankgpt|0.299
webis-touche2020|qwen3-embed-600m+judge_expr|rank|setmaxheaptopk|0.3385
webis-touche2020|qwen3-embed-600m+judge_expr|thresholding|judge|0.6951
webis-touche2020|qwen3-embed-600m+judge_expr|thresholding|judge_expr|0.6949
webis-touche2020|qwen3-embed-600m+judge_expr|thresholding|rankgpt|0.0
webis-touche2020|qwen3-embed-600m+judge_expr|thresholding|setmaxheaptopk|0.0
webis-touche2020|qwen3-embed-600m+point|direct|judge|0.4612
webis-touche2020|qwen3-embed-600m+point|direct|judge_expr|0.4209
webis-touche2020|qwen3-embed-600m+point|direct|rankgpt|0.1623
webis-touche2020|qwen3-embed-600m+point|direct|setmaxheaptopk|0.167
webis-touche2020|qwen3-embed-600m+point|largest_gap|judge|0.3117
webis-touche2020|qwen3-embed-600m+point|largest_gap|judge_expr|0.4308
webis-touche2020|qwen3-embed-600m+point|largest_gap|rankgpt|0.1623
webis-touche2020|qwen3-embed-600m+point|largest_gap|setmaxheaptopk|0.167
webis-touche2020|qwen3-embed-600m+point|optimal_global|judge|0.2996
webis-touche2020|qwen3-embed-600m+point|optimal_global|judge_expr|0.3533
webis-touche2020|qwen3-embed-600m+point|optimal_global|rankgpt|0.3152
webis-touche2020|qwen3-embed-600m+point|optimal_global|setmaxheaptopk|0.3041
webis-touche2020|qwen3-embed-600m+point|optimal_per_topic|judge|0.4246
webis-touche2020|qwen3-embed-600m+point|optimal_per_topic|judge_expr|0.3062
webis-touche2020|qwen3-embed-600m+point|optimal_per_topic|rankgpt|0.3175
webis-touche2020|qwen3-embed-600m+point|optimal_per_topic|setmaxheaptopk|0.3428
webis-touche2020|qwen3-embed-600m+point|quantile|judge|0.4347
webis-touche2020|qwen3-embed-600m+point|quantile|judge_expr|0.3821
webis-touche2020|qwen3-embed-600m+point|quantile|rankgpt|0.3346
webis-touche2020|qwen3-embed-600m+point|quantile|setmaxheaptopk|0.3368
webis-touche2020|qwen3-embed-600m+point|rank|judge|0.2098
webis-touche2020|qwen3-embed-600m+point|rank|judge_expr|0.227
webis-touche2020|qwen3-embed-600m+point|rank|rankgpt|0.2034
webis-touche2020|qwen3-embed-600m+point|rank|setmaxheaptopk|0.2409
webis-touche2020|qwen3-embed-600m+point|thresholding|judge|0.4367
webis-touche2020|qwen3-embed-600m+point|thresholding|judge_expr|0.4275
webis-touche2020|qwen3-embed-600m+point|thresholding|rankgpt|0.0
webis-touche2020|qwen3-embed-600m+point|thresholding|setmaxheaptopk|0.0
webis-touche2020|qwen3-embed-600m+rankfirst|direct|judge|0.5265
webis-touche2020|qwen3-embed-600m+rankfirst|direct|judge_expr|0.4588
webis-touche2020|qwen3-embed-600m+rankfirst|direct|rankgpt|0.2529
webis-touche2020|qwen3-embed-600m+rankfirst|direct|setmaxheaptopk|0.3157
webis-touche2020|qwen3-embed-600m+rankfirst|largest_gap|judge|0.3941
webis-touche2020|qwen3-embed-600m+rankfirst|largest_gap|judge_expr|0.4536
webis-touche2020|qwen3-embed-600m+rankfirst|largest_gap|rankgpt|0.2529
webis-touche2020|qwen3-embed-600m+rankfirst|largest_gap|setmaxheaptopk|0.3157
webis-touche2020|qwen3-embed-600m+rankfirst|optimal_global|judge|0.3945
webis-touche2020|qwen3-embed-600m+rankfirst|optimal_global|judge_expr|0.4197
webis-touche2020|qwen3-embed-600m+rankfirst|optimal_global|rankgpt|0.4901
webis-touche2020|qwen3-embed-600m+rankfirst|optimal_global|setmaxheaptopk|0.4044
webis-touche2020|qwen3-embed-600m+rankfirst|optimal_per_topic|judge|0.499
webis-touche2020|qwen3-embed-600m+rankfirst|optimal_per_topic|judge_expr|0.3866
webis-touche2020|qwen3-embed-600m+rankfirst|optimal_per_topic|rankgpt|0.4704
webis-touche2020|qwen3-embed-600m+rankfirst|optimal_per_topic|setmaxheaptopk|0.4748
webis-touche2020|qwen3-embed-600m+rankfirst|quantile|judge|0.5064
webis-touche2020|qwen3-embed-600m+rankfirst|quantile|judge_expr|0.4291
webis-touche2020|qwen3-embed-600m+rankfirst|quantile|rankgpt|0.5205
webis-touche2020|qwen3-embed-600m+rankfirst|quantile|setmaxheaptopk|0.4559
webis-touche2020|qwen3-embed-600m+rankfirst|rank|judge|0.3005
webis-touche2020|qwen3-embed-600m+rankfirst|rank|judge_expr|0.2588
webis-touche2020|qwen3-embed-600m+rankfirst|rank|rankgpt|0.255
webis-touche2020|qwen3-embed-600m+rankfirst|rank|setmaxheaptopk|0.3179
webis-touche2020|qwen3-embed-600m+rankfirst|thresholding|judge|0.4706
webis-touche2020|qwen3-embed-600m+rankfirst|thresholding|judge_expr|0.4546
webis-touche2020|qwen3-embed-600m+rankfirst|thresholding|rankgpt|0.0
webis-touche2020|qwen3-embed-600m+rankfirst|thresholding|setmaxheaptopk|0.0
webis-touche2020|qwen3-embed-600m+rankgpt|direct|judge|0.5124
webis-touche2020|qwen3-embed-600m+rankgpt|direct|judge_expr|0.4754
webis-touche2020|qwen3-embed-600m+rankgpt|direct|rankgpt|0.3138
webis-touche2020|qwen3-embed-600m+rankgpt|direct|setmaxheaptopk|0.321
webis-touche2020|qwen3-embed-600m+rankgpt|largest_gap|judge|0.417
webis-touche2020|qwen3-embed-600m+rankgpt|largest_gap|judge_expr|0.4765
webis-touche2020|qwen3-embed-600m+rankgpt|largest_gap|rankgpt|0.3138
webis-touche2020|qwen3-embed-600m+rankgpt|largest_gap|setmaxheaptopk|0.321
webis-touche2020|qwen3-embed-600m+rankgpt|optimal_global|judge|0.4183
webis-touche2020|qwen3-embed-600m+rankgpt|optimal_global|judge_expr|0.4289
webis-touche2020|qwen3-embed-600m+rankgpt|optimal_global|rankgpt|0.4479
webis-touche2020|qwen3-embed-600m+rankgpt|optimal_global|setmaxheaptopk|0.3788
webis-touche2020|qwen3-embed-600m+rankgpt|optimal_per_topic|judge|0.4892
webis-touche2020|qwen3-embed-600m+rankgpt|optimal_per_topic|judge_expr|0.3964
webis-touche2020|qwen3-embed-600m+rankgpt|optimal_per_topic|rankgpt|0.4578
webis-touche2020|qwen3-embed-600m+rankgpt|optimal_per_topic|setmaxheaptopk|0.4254
webis-touche2020|qwen3-embed-600m+rankgpt|quantile|judge|0.493
webis-touche2020|qwen3-embed-600m+rankgpt|quantile|judge_expr|0.4469
webis-touche2020|qwen3-embed-600m+rankgpt|quantile|rankgpt|0.4619
webis-touche2020|qwen3-embed-600m+rankgpt|quantile|setmaxheaptopk|0.4399
webis-touche2020|qwen3-embed-600m+rankgpt|rank|judge|0.3181
webis-touche2020|qwen3-embed-600m+rankgpt|rank|judge_expr|0.2815
webis-touche2020|qwen3-embed-600m+rankgpt|rank|rankgpt|0.3351
webis-touche2020|qwen3-embed-600m+rankgpt|rank|setmaxheaptopk|0.2977
webis-touche2020|qwen3-embed-600m+rankgpt|thresholding|judge|0.483
webis-touche2020|qwen3-embed-600m+rankgpt|thresholding|judge_expr|0.4736
webis-touche2020|qwen3-embed-600m+rankgpt|thresholding|rankgpt|0.0
webis-touche2020|qwen3-embed-600m+rankgpt|thresholding|setmaxheaptopk|0.0
webis-touche2020|qwen3-embed-600m+rankzephyr|direct|judge|0.4819
webis-touche2020|qwen3-embed-600m+rankzephyr|direct|judge_expr|0.4115
webis-touche2020|qwen3-embed-600m+rankzephyr|direct|rankgpt|0.1793
webis-touche2020|qwen3-embed-600m+rankzephyr|largest_gap|judge|0.3037
webis-touche2020|qwen3-embed-600m+rankzephyr|largest_gap|judge_expr|0.4246
webis-touche2020|qwen3-embed-600m+rankzephyr|largest_gap|rankgpt|0.1793
webis-touche2020|qwen3-embed-600m+rankzephyr|optimal_global|judge|0.3005
webis-touche2020|qwen3-embed-600m+rankzephyr|optimal_global|judge_expr|0.3672
webis-touche2020|qwen3-embed-600m+rankzephyr|optimal_global|rankgpt|0.4536
webis-touche2020|qwen3-embed-600m+rankzephyr|optimal_per_topic|judge|0.4335
webis-touche2020|qwen3-embed-600m+rankzephyr|optimal_per_topic|judge_expr|0.3195
webis-touche2020|qwen3-embed-600m+rankzephyr|optimal_per_topic|rankgpt|0.4161
webis-touche2020|qwen3-embed-600m+rankzephyr|quantile|judge|0.4457
webis-touche2020|qwen3-embed-600m+rankzephyr|quantile|judge_expr|0.3542
webis-touche2020|qwen3-embed-600m+rankzephyr|quantile|rankgpt|0.4786
webis-touche2020|qwen3-embed-600m+rankzephyr|rank|judge|0.2505
webis-touche2020|qwen3-embed-600m+rankzephyr|rank|judge_expr|0.2199
webis-touche2020|qwen3-embed-600m+rankzephyr|rank|rankgpt|0.2271
webis-touche2020|qwen3-embed-600m+rankzephyr|thresholding|judge|0.4335
webis-touche2020|qwen3-embed-600m+rankzephyr|thresholding|judge_expr|0.423
webis-touche2020|qwen3-embed-600m+rankzephyr|thresholding|rankgpt|0.0
webis-touche2020|qwen3-embed-600m+setmaxheaptopk|direct|judge|0.6028
webis-touche2020|qwen3-embed-600m+setmaxheaptopk|direct|judge_expr|0.5706
webis-touche2020|qwen3-embed-600m+setmaxheaptopk|direct|rankgpt|0.3206
webis-touche2020|qwen3-embed-600m+setmaxheaptopk|direct|setmaxheaptopk|0.4378
webis-touche2020|qwen3-embed-600m+setmaxheaptopk|largest_gap|judge|0.5025
webis-touche2020|qwen3-embed-600m+setmaxheaptopk|largest_gap|judge_expr|0.569
webis-touche2020|qwen3-embed-600m+setmaxheaptopk|largest_gap|rankgpt|0.3206
webis-touche2020|qwen3-embed-600m+setmaxheaptopk|largest_gap|setmaxheaptopk|0.4378
webis-touche2020|qwen3-embed-600m+setmaxheaptopk|optimal_global|judge|0.5123
webis-touche2020|qwen3-embed-600m+setmaxheaptopk|optimal_global|judge_expr|0.5245
webis-touche2020|qwen3-embed-600m+setmaxheaptopk|optimal_global|rankgpt|0.4821
webis-touche2020|qwen3-embed-600m+setmaxheaptopk|optimal_global|setmaxheaptopk|0.4617
webis-touche2020|qwen3-embed-600m+setmaxheaptopk|optimal_per_topic|judge|0.5834
webis-touche2020|qwen3-embed-600m+setmaxheaptopk|optimal_per_topic|judge_expr|0.4907
webis-touche2020|qwen3-embed-600m+setmaxheaptopk|optimal_per_topic|rankgpt|0.4762
webis-touche2020|qwen3-embed-600m+setmaxheaptopk|optimal_per_topic|setmaxheaptopk|0.5188
webis-touche2020|qwen3-embed-600m+setmaxheaptopk|quantile|judge|0.5933
webis-touche2020|qwen3-embed-600m+setmaxheaptopk|quantile|judge_expr|0.5445
webis-touche2020|qwen3-embed-600m+setmaxheaptopk|quantile|rankgpt|0.5065
webis-touche2020|qwen3-embed-600m+setmaxheaptopk|quantile|setmaxheaptopk|0.5299
webis-touche2020|qwen3-embed-600m+setmaxheaptopk|rank|judge|0.3927
webis-touche2020|qwen3-embed-600m+setmaxheaptopk|rank|judge_expr|0.3747
webis-touche2020|qwen3-embed-600m+setmaxheaptopk|rank|rankgpt|0.3205
webis-touche2020|qwen3-embed-600m+setmaxheaptopk|rank|setmaxheaptopk|0.3825
webis-touche2020|qwen3-embed-600m+setmaxheaptopk|thresholding|judge|0.5832
webis-touche2020|qwen3-embed-600m+setmaxheaptopk|thresholding|judge_expr|0.5626
webis-touche2020|qwen3-embed-600m+setmaxheaptopk|thresholding|rankgpt|0.0
webis-touche2020|qwen3-embed-600m+setmaxheaptopk|thresholding|setmaxheaptopk|0.0
webis-touche2020|splade-v3|direct|judge|0.5446
webis-touche2020|splade-v3|direct|judge_expr|0.47
webis-touche2020|splade-v3|direct|rankgpt|0.2092
webis-touche2020|splade-v3|direct|setmaxheaptopk|0.233
webis-touche2020|splade-v3|largest_gap|judge|0.3636
webis-touche2020|splade-v3|largest_gap|judge_expr|0.4771
webis-touche2020|splade-v3|largest_gap|rankgpt|0.2092
webis-touche2020|splade-v3|largest_gap|setmaxheaptopk|0.233
webis-touche2020|splade-v3|optimal_global|judge|0.369
webis-touche2020|splade-v3|optimal_global|judge_expr|0.4246
webis-touche2020|splade-v3|optimal_global|rankgpt|0.5158
webis-touche2020|splade-v3|optimal_global|setmaxheaptopk|0.365
webis-touche2020|splade-v3|optimal_per_topic|judge|0.5279
webis-touche2020|splade-v3|optimal_per_topic|judge_expr|0.4142
webis-touche2020|splade-v3|optimal_per_topic|rankgpt|0.4953
webis-touche2020|splade-v3|optimal_per_topic|setmaxheaptopk|0.4421
webis-touche2020|splade-v3|quantile|judge|0.5067
webis-touche2020|splade-v3|quantile|judge_expr|0.4107
webis-touche2020|splade-v3|quantile|rankgpt|0.5425
webis-touche2020|splade-v3|quantile|setmaxheaptopk|0.4261
webis-touche2020|splade-v3|rank|judge|0.3051
webis-touche2020|splade-v3|rank|judge_expr|0.2325
webis-touche2020|splade-v3|rank|rankgpt|0.2426
webis-touche2020|splade-v3|rank|setmaxheaptopk|0.255
webis-touche2020|splade-v3|thresholding|judge|0.4801
webis-touche2020|splade-v3|thresholding|judge_expr|0.4662
webis-touche2020|splade-v3|thresholding|rankgpt|0.0
webis-touche2020|splade-v3|thresholding|setmaxheaptopk|0.0
webis-touche2020|splade-v3+judge|direct|judge|0.5935
webis-touche2020|splade-v3+judge|direct|judge_expr|0.591
webis-touche2020|splade-v3+judge|direct|rankgpt|0.2425
webis-touche2020|splade-v3+judge|direct|setmaxheaptopk|0.2063
webis-touche2020|splade-v3+judge|largest_gap|judge|0.607
webis-touche2020|splade-v3+judge|largest_gap|judge_expr|0.5955
webis-touche2020|splade-v3+judge|largest_gap|rankgpt|0.2425
webis-touche2020|splade-v3+judge|largest_gap|setmaxheaptopk|0.2063
webis-touche2020|splade-v3+judge|optimal_global|judge|0.6018
webis-touche2020|splade-v3+judge|optimal_global|judge_expr|0.587
webis-touche2020|splade-v3+judge|optimal_global|rankgpt|0.3555
webis-touche2020|splade-v3+judge|optimal_global|setmaxheaptopk|0.3476
webis-touche2020|splade-v3+judge|optimal_per_topic|judge|0.5863
webis-touche2020|splade-v3+judge|optimal_per_topic|judge_expr|0.4735
webis-touche2020|splade-v3+judge|optimal_per_topic|rankgpt|0.3797
webis-touche2020|splade-v3+judge|optimal_per_topic|setmaxheaptopk|0.3571
webis-touche2020|splade-v3+judge|quantile|judge|0.5829
webis-touche2020|splade-v3+judge|quantile|judge_expr|0.5633
webis-touche2020|splade-v3+judge|quantile|rankgpt|0.3679
webis-touche2020|splade-v3+judge|quantile|setmaxheaptopk|0.394
webis-touche2020|splade-v3+judge|rank|judge|0.4076
webis-touche2020|splade-v3+judge|rank|judge_expr|0.3821
webis-touche2020|splade-v3+judge|rank|rankgpt|0.2485
webis-touche2020|splade-v3+judge|rank|setmaxheaptopk|0.2604
webis-touche2020|splade-v3+judge|thresholding|judge|0.5966
webis-touche2020|splade-v3+judge|thresholding|judge_expr|0.5986
webis-touche2020|splade-v3+judge|thresholding|rankgpt|0.0
webis-touche2020|splade-v3+judge|thresholding|setmaxheaptopk|0.0
webis-touche2020|splade-v3+judge_expr|direct|judge|0.6397
webis-touche2020|splade-v3+judge_expr|direct|judge_expr|0.6433
webis-touche2020|splade-v3+judge_expr|direct|rankgpt|0.3111
webis-touche2020|splade-v3+judge_expr|direct|setmaxheaptopk|0.3431
webis-touche2020|splade-v3+judge_expr|largest_gap|judge|0.6536
webis-touche2020|splade-v3+judge_expr|largest_gap|judge_expr|0.6471
webis-touche2020|splade-v3+judge_expr|largest_gap|rankgpt|0.3111
webis-touche2020|splade-v3+judge_expr|largest_gap|setmaxheaptopk|0.3431
webis-touche2020|splade-v3+judge_expr|optimal_global|judge|0.6463
webis-touche2020|splade-v3+judge_expr|optimal_global|judge_expr|0.6585
webis-touche2020|splade-v3+judge_expr|optimal_global|rankgpt|0.4197
webis-touche2020|splade-v3+judge_expr|optimal_global|setmaxheaptopk|0.4183
webis-touche2020|splade-v3+judge_expr|optimal_per_topic|judge|0.6316
webis-touche2020|splade-v3+judge_expr|optimal_per_topic|judge_expr|0.6501
webis-touche2020|splade-v3+judge_expr|optimal_per_topic|rankgpt|0.4521
webis-touche2020|splade-v3+judge_expr|optimal_per_topic|setmaxheaptopk|0.4595
webis-touche2020|splade-v3+judge_expr|quantile|judge|0.6329
webis-touche2020|splade-v3+judge_expr|quantile|judge_expr|0.6329
webis-touche2020|splade-v3+judge_expr|quantile|rankgpt|0.4344
webis-touche2020|splade-v3+judge_expr|quantile|setmaxheaptopk|0.4687
webis-touche2020|splade-v3+judge_expr|rank|judge|0.4431
webis-touche2020|splade-v3+judge_expr|rank|judge_expr|0.6121
webis-touche2020|splade-v3+judge_expr|rank|rankgpt|0.2943
webis-touche2020|splade-v3+judge_expr|rank|setmaxheaptopk|0.3327
webis-touche2020|splade-v3+judge_expr|thresholding|judge|0.6422
webis-touche2020|splade-v3+judge_expr|thresholding|judge_expr|0.6464
webis-touche2020|splade-v3+judge_expr|thresholding|rankgpt|0.0
webis-touche2020|splade-v3+judge_expr|thresholding|setmaxheaptopk|0.0
webis-touche2020|splade-v3+point|direct|judge|0.4525
webis-touche2020|splade-v3+point|direct|judge_expr|0.4113
webis-touche2020|splade-v3+point|direct|rankgpt|0.191
webis-touche2020|splade-v3+point|direct|setmaxheaptopk|0.1799
webis-touche2020|splade-v3+point|largest_gap|judge|0.3324
webis-touche2020|splade-v3+point|largest_gap|judge_expr|0.4223
webis-touche2020|splade-v3+point|largest_gap|rankgpt|0.191
webis-touche2020|splade-v3+point|largest_gap|setmaxheaptopk|0.1799
webis-touche2020|splade-v3+point|optimal_global|judge|0.3111
webis-touche2020|splade-v3+point|optimal_global|judge_expr|0.339
webis-touche2020|splade-v3+point|optimal_global|rankgpt|0.309
webis-touche2020|splade-v3+point|optimal_global|setmaxheaptopk|0.3082
webis-touche2020|splade-v3+point|optimal_per_topic|judge|0.4147
webis-touche2020|splade-v3+point|optimal_per_topic|judge_expr|0.3112
webis-touche2020|splade-v3+point|optimal_per_topic|rankgpt|0.3194
webis-touche2020|splade-v3+point|optimal_per_topic|setmaxheaptopk|0.3274
webis-touche2020|splade-v3+point|quantile|judge|0.4373
webis-touche2020|splade-v3+point|quantile|judge_expr|0.3823
webis-touche2020|splade-v3+point|quantile|rankgpt|0.3248
webis-touche2020|splade-v3+point|quantile|setmaxheaptopk|0.3406
webis-touche2020|splade-v3+point|rank|judge|0.2191
webis-touche2020|splade-v3+point|rank|judge_expr|0.2201
webis-touche2020|splade-v3+point|rank|rankgpt|0.1908
webis-touche2020|splade-v3+point|rank|setmaxheaptopk|0.239
webis-touche2020|splade-v3+point|thresholding|judge|0.4195
webis-touche2020|splade-v3+point|thresholding|judge_expr|0.4171
webis-touche2020|splade-v3+point|thresholding|rankgpt|0.0
webis-touche2020|splade-v3+point|thresholding|setmaxheaptopk|0.0
webis-touche2020|splade-v3+rankfirst|direct|judge|0.558
webis-touche2020|splade-v3+rankfirst|direct|judge_expr|0.4959
webis-touche2020|splade-v3+rankfirst|direct|rankgpt|0.2508
webis-touche2020|splade-v3+rankfirst|direct|setmaxheaptopk|0.2975
webis-touche2020|splade-v3+rankfirst|largest_gap|judge|0.4336
webis-touche2020|splade-v3+rankfirst|largest_gap|judge_expr|0.4977
webis-touche2020|splade-v3+rankfirst|largest_gap|rankgpt|0.2508
webis-touche2020|splade-v3+rankfirst|largest_gap|setmaxheaptopk|0.2975
webis-touche2020|splade-v3+rankfirst|optimal_global|judge|0.431
webis-touche2020|splade-v3+rankfirst|optimal_global|judge_expr|0.4556
webis-touche2020|splade-v3+rankfirst|optimal_global|rankgpt|0.5013
webis-touche2020|splade-v3+rankfirst|optimal_global|setmaxheaptopk|0.4193
webis-touche2020|splade-v3+rankfirst|optimal_per_topic|judge|0.5348
webis-touche2020|splade-v3+rankfirst|optimal_per_topic|judge_expr|0.4342
webis-touche2020|splade-v3+rankfirst|optimal_per_topic|rankgpt|0.4949
webis-touche2020|splade-v3+rankfirst|optimal_per_topic|setmaxheaptopk|0.5011
webis-touche2020|splade-v3+rankfirst|quantile|judge|0.5447
webis-touche2020|splade-v3+rankfirst|quantile|judge_expr|0.4704
webis-touche2020|splade-v3+rankfirst|quantile|rankgpt|0.5254
webis-touche2020|splade-v3+rankfirst|quantile|setmaxheaptopk|0.4831
webis-touche2020|splade-v3+rankfirst|rank|judge|0.3378
webis-touche2020|splade-v3+rankfirst|rank|judge_expr|0.2807
webis-touche2020|splade-v3+rankfirst|rank|rankgpt|0.2587
webis-touche2020|splade-v3+rankfirst|rank|setmaxheaptopk|0.3314
webis-touche2020|splade-v3+rankfirst|thresholding|judge|0.5038
webis-touche2020|splade-v3+rankfirst|thresholding|judge_expr|0.4914
webis-touche2020|splade-v3+rankfirst|thresholding|rankgpt|0.0
webis-touche2020|splade-v3+rankfirst|thresholding|setmaxheaptopk|0.0
webis-touche2020|splade-v3+rankgpt|direct|judge|0.5561
webis-touche2020|splade-v3+rankgpt|direct|judge_expr|0.5174
webis-touche2020|splade-v3+rankgpt|direct|rankgpt|0.2864
webis-touche2020|splade-v3+rankgpt|direct|setmaxheaptopk|0.3518
webis-touche2020|splade-v3+rankgpt|largest_gap|judge|0.4365
webis-touche2020|splade-v3+rankgpt|largest_gap|judge_expr|0.5261
webis-touche2020|splade-v3+rankgpt|largest_gap|rankgpt|0.2864
webis-touche2020|splade-v3+rankgpt|largest_gap|setmaxheaptopk|0.3518
webis-touche2020|splade-v3+rankgpt|optimal_global|judge|0.4457
webis-touche2020|splade-v3+rankgpt|optimal_global|judge_expr|0.4759
webis-touche2020|splade-v3+rankgpt|optimal_global|rankgpt|0.439
webis-touche2020|splade-v3+rankgpt|optimal_global|setmaxheaptopk|0.3812
webis-touche2020|splade-v3+rankgpt|optimal_per_topic|judge|0.5598
webis-touche2020|splade-v3+rankgpt|optimal_per_topic|judge_expr|0.4467
webis-touche2020|splade-v3+rankgpt|optimal_per_topic|rankgpt|0.4683
webis-touche2020|splade-v3+rankgpt|optimal_per_topic|setmaxheaptopk|0.4398
webis-touche2020|splade-v3+rankgpt|quantile|judge|0.5465
webis-touche2020|splade-v3+rankgpt|quantile|judge_expr|0.4937
webis-touche2020|splade-v3+rankgpt|quantile|rankgpt|0.461
webis-touche2020|splade-v3+rankgpt|quantile|setmaxheaptopk|0.4467
webis-touche2020|splade-v3+rankgpt|rank|judge|0.3202
webis-touche2020|splade-v3+rankgpt|rank|judge_expr|0.3334
webis-touche2020|splade-v3+rankgpt|rank|rankgpt|0.3162
webis-touche2020|splade-v3+rankgpt|rank|setmaxheaptopk|0.3109
webis-touche2020|splade-v3+rankgpt|thresholding|judge|0.5288
webis-touche2020|splade-v3+rankgpt|thresholding|judge_expr|0.5103
webis-touche2020|splade-v3+rankgpt|thresholding|rankgpt|0.0
webis-touche2020|splade-v3+rankgpt|thresholding|setmaxheaptopk|0.0
webis-touche2020|splade-v3+rankzephyr|direct|judge|0.5274
webis-touche2020|splade-v3+rankzephyr|direct|judge_expr|0.4565
webis-touche2020|splade-v3+rankzephyr|direct|rankgpt|0.2086
webis-touche2020|splade-v3+rankzephyr|largest_gap|judge|0.3571
webis-touche2020|splade-v3+rankzephyr|largest_gap|judge_expr|0.46
webis-touche2020|splade-v3+rankzephyr|largest_gap|rankgpt|0.2086
webis-touche2020|splade-v3+rankzephyr|optimal_global|judge|0.3625
webis-touche2020|splade-v3+rankzephyr|optimal_global|judge_expr|0.411
webis-touche2020|splade-v3+rankzephyr|optimal_global|rankgpt|0.4997
webis-touche2020|splade-v3+rankzephyr|optimal_per_topic|judge|0.5157
webis-touche2020|splade-v3+rankzephyr|optimal_per_topic|judge_expr|0.3935
webis-touche2020|splade-v3+rankzephyr|optimal_per_topic|rankgpt|0.4795
webis-touche2020|splade-v3+rankzephyr|quantile|judge|0.4952
webis-touche2020|splade-v3+rankzephyr|quantile|judge_expr|0.4041
webis-touche2020|splade-v3+rankzephyr|quantile|rankgpt|0.521
webis-touche2020|splade-v3+rankzephyr|rank|judge|0.2885
webis-touche2020|splade-v3+rankzephyr|rank|judge_expr|0.2256
webis-touche2020|splade-v3+rankzephyr|rank|rankgpt|0.248
webis-touche2020|splade-v3+rankzephyr|thresholding|judge|0.4653
webis-touche2020|splade-v3+rankzephyr|thresholding|judge_expr|0.4513
webis-touche2020|splade-v3+rankzephyr|thresholding|rankgpt|0.0
webis-touche2020|splade-v3+setmaxheaptopk|direct|judge|0.5922
webis-touche2020|splade-v3+setmaxheaptopk|direct|judge_expr|0.5621
webis-touche2020|splade-v3+setmaxheaptopk|direct|rankgpt|0.3055
webis-touche2020|splade-v3+setmaxheaptopk|direct|setmaxheaptopk|0.484
webis-touche2020|splade-v3+setmaxheaptopk|largest_gap|judge|0.5111
webis-touche2020|splade-v3+setmaxheaptopk|largest_gap|judge_expr|0.5726
webis-touche2020|splade-v3+setmaxheaptopk|largest_gap|rankgpt|0.3055
webis-touche2020|splade-v3+setmaxheaptopk|largest_gap|setmaxheaptopk|0.484
webis-touche2020|splade-v3+setmaxheaptopk|optimal_global|judge|0.5098
webis-touche2020|splade-v3+setmaxheaptopk|optimal_global|judge_expr|0.521
webis-touche2020|splade-v3+setmaxheaptopk|optimal_global|rankgpt|0.4583
webis-touche2020|splade-v3+setmaxheaptopk|optimal_global|setmaxheaptopk|0.4479
webis-touche2020|splade-v3+setmaxheaptopk|optimal_per_topic|judge|0.5831
webis-touche2020|splade-v3+setmaxheaptopk|optimal_per_topic|judge_expr|0.4889
webis-touche2020|splade-v3+setmaxheaptopk|optimal_per_topic|rankgpt|0.4653
webis-touche2020|splade-v3+setmaxheaptopk|optimal_per_topic|setmaxheaptopk|0.5074
webis-touche2020|splade-v3+setmaxheaptopk|quantile|judge|0.5878
webis-touche2020|splade-v3+setmaxheaptopk|quantile|judge_expr|0.5492
webis-touche2020|splade-v3+setmaxheaptopk|quantile|rankgpt|0.4753
webis-touche2020|splade-v3+setmaxheaptopk|quantile|setmaxheaptopk|0.5068
webis-touche2020|splade-v3+setmaxheaptopk|rank|judge|0.355
webis-touche2020|splade-v3+setmaxheaptopk|rank|judge_expr|0.3937
webis-touche2020|splade-v3+setmaxheaptopk|rank|rankgpt|0.3175
webis-touche2020|splade-v3+setmaxheaptopk|rank|setmaxheaptopk|0.3693
webis-touche2020|splade-v3+setmaxheaptopk|thresholding|judge|0.5712
webis-touche2020|splade-v3+setmaxheaptopk|thresholding|judge_expr|0.5618
webis-touche2020|splade-v3+setmaxheaptopk|thresholding|rankgpt|0.0
webis-touche2020|splade-v3+setmaxheaptopk|thresholding|setmaxheaptopk|0.0
