dbpedia-entity|bm25|direct|judge|0.3077
dbpedia-entity|bm25|direct|judge_expr|0.2516
dbpedia-entity|bm25|direct|rankgpt|0.3122
dbpedia-entity|bm25|direct|setmaxheaptopk|0.3128
dbpedia-entity|bm25|largest_gap|judge|0.2483
dbpedia-entity|bm25|largest_gap|judge_expr|0.2648
dbpedia-entity|bm25|largest_gap|rankgpt|0.3122
dbpedia-entity|bm25|largest_gap|setmaxheaptopk|0.3128
dbpedia-entity|bm25|optimal_global|judge|0.2307
dbpedia-entity|bm25|optimal_global|judge_expr|0.244
dbpedia-entity|bm25|optimal_global|rankgpt|0.2601
dbpedia-entity|bm25|optimal_global|setmaxheaptopk|0.2771
dbpedia-entity|bm25|optimal_per_topic|judge|0.2661
dbpedia-entity|bm25|optimal_per_topic|judge_expr|0.2574
dbpedia-entity|bm25|optimal_per_topic|rankgpt|0.2951
dbpedia-entity|bm25|optimal_per_topic|setmaxheaptopk|0.2772
dbpedia-entity|bm25|quantile|judge|0.4018
dbpedia-entity|bm25|quantile|judge_expr|0.2984
dbpedia-entity|bm25|quantile|rankgpt|0.3612
dbpedia-entity|bm25|quantile|setmaxheaptopk|0.3025
dbpedia-entity|bm25|rank|judge|0.2206
dbpedia-entity|bm25|rank|judge_expr|0.1851
dbpedia-entity|bm25|rank|rankgpt|0.2216
dbpedia-entity|bm25|rank|setmaxheaptopk|0.2043
dbpedia-entity|bm25|thresholding|judge|0.239
dbpedia-entity|bm25|thresholding|judge_expr|0.2288
dbpedia-entity|bm25|thresholding|rankgpt|0.0
dbpedia-entity|bm25|thresholding|setmaxheaptopk|0.0
dbpedia-entity|bm25+judge|direct|judge|0.5067
dbpedia-entity|bm25+judge|direct|judge_expr|0.4627
dbpedia-entity|bm25+judge|direct|rankgpt|0.3815
dbpedia-entity|bm25+judge|direct|setmaxheaptopk|0.3718
dbpedia-entity|bm25+judge|largest_gap|judge|0.4945
dbpedia-entity|bm25+judge|largest_gap|judge_expr|0.4858
dbpedia-entity|bm25+judge|largest_gap|rankgpt|0.3815
dbpedia-entity|bm25+judge|largest_gap|setmaxheaptopk|0.3718
dbpedia-entity|bm25+judge|optimal_global|judge|0.432
dbpedia-entity|bm25+judge|optimal_global|judge_expr|0.4465
dbpedia-entity|bm25+judge|optimal_global|rankgpt|0.3416
dbpedia-entity|bm25+judge|optimal_global|setmaxheaptopk|0.3603
dbpedia-entity|bm25+judge|optimal_per_topic|judge|0.458
dbpedia-entity|bm25+judge|optimal_per_topic|judge_expr|0.4077
dbpedia-entity|bm25+judge|optimal_per_topic|rankgpt|0.3646
dbpedia-entity|bm25+judge|optimal_per_topic|setmaxheaptopk|0.3537
dbpedia-entity|bm25+judge|quantile|judge|0.5077
dbpedia-entity|bm25+judge|quantile|judge_expr|0.448
dbpedia-entity|bm25+judge|quantile|rankgpt|0.3921
dbpedia-entity|bm25+judge|quantile|setmaxheaptopk|0.3813
dbpedia-entity|bm25+judge|rank|judge|0.3605
dbpedia-entity|bm25+judge|rank|judge_expr|0.3272
dbpedia-entity|bm25+judge|rank|rankgpt|0.2789
dbpedia-entity|bm25+judge|rank|setmaxheaptopk|0.2888
dbpedia-entity|bm25+judge|thresholding|judge|0.4465
dbpedia-entity|bm25+judge|thresholding|judge_expr|0.4256
dbpedia-entity|bm25+judge|thresholding|rankgpt|0.0
dbpedia-entity|bm25+judge|thresholding|setmaxheaptopk|0.0
dbpedia-entity|bm25+judge_expr|direct|judge|0.5233
dbpedia-entity|bm25+judge_expr|direct|judge_expr|0.4907
dbpedia-entity|bm25+judge_expr|direct|rankgpt|0.4531
dbpedia-entity|bm25+judge_expr|direct|setmaxheaptopk|0.4495
dbpedia-entity|bm25+judge_expr|largest_gap|judge|0.506
dbpedia-entity|bm25+judge_expr|largest_gap|judge_expr|0.5174
dbpedia-entity|bm25+judge_expr|largest_gap|rankgpt|0.4531
dbpedia-entity|bm25+judge_expr|largest_gap|setmaxheaptopk|0.4495
dbpedia-entity|bm25+judge_expr|optimal_global|judge|0.4452
dbpedia-entity|bm25+judge_expr|optimal_global|judge_expr|0.4653
dbpedia-entity|bm25+judge_expr|optimal_global|rankgpt|0.3983
dbpedia-entity|bm25+judge_expr|optimal_global|setmaxheaptopk|0.4283
dbpedia-entity|bm25+judge_expr|optimal_per_topic|judge|0.4815
dbpedia-entity|bm25+judge_expr|optimal_per_topic|judge_expr|0.4899
dbpedia-entity|bm25+judge_expr|optimal_per_topic|rankgpt|0.4297
dbpedia-entity|bm25+judge_expr|optimal_per_topic|setmaxheaptopk|0.4233
dbpedia-entity|bm25+judge_expr|quantile|judge|0.5528
dbpedia-entity|bm25+judge_expr|quantile|judge_expr|0.5318
dbpedia-entity|bm25+judge_expr|quantile|rankgpt|0.4451
dbpedia-entity|bm25+judge_expr|quantile|setmaxheaptopk|0.4263
dbpedia-entity|bm25+judge_expr|rank|judge|0.3876
dbpedia-entity|bm25+judge_expr|rank|judge_expr|0.4178
dbpedia-entity|bm25+judge_expr|rank|rankgpt|0.3231
dbpedia-entity|bm25+judge_expr|rank|setmaxheaptopk|0.3303
dbpedia-entity|bm25+judge_expr|thresholding|judge|0.4604
dbpedia-entity|bm25+judge_expr|thresholding|judge_expr|0.4429
dbpedia-entity|bm25+judge_expr|thresholding|rankgpt|0.0
dbpedia-entity|bm25+judge_expr|thresholding|setmaxheaptopk|0.0
dbpedia-entity|bm25+point|direct|judge|0.4095
dbpedia-entity|bm25+point|direct|judge_expr|0.3577
dbpedia-entity|bm25+point|direct|rankgpt|0.3526
dbpedia-entity|bm25+point|direct|setmaxheaptopk|0.3639
dbpedia-entity|bm25+point|largest_gap|judge|0.3552
dbpedia-entity|bm25+point|largest_gap|judge_expr|0.3737
dbpedia-entity|bm25+point|largest_gap|rankgpt|0.3526
dbpedia-entity|bm25+point|largest_gap|setmaxheaptopk|0.3639
dbpedia-entity|bm25+point|optimal_global|judge|0.3305
dbpedia-entity|bm25+point|optimal_global|judge_expr|0.3532
dbpedia-entity|bm25+point|optimal_global|rankgpt|0.3182
dbpedia-entity|bm25+point|optimal_global|setmaxheaptopk|0.3544
dbpedia-entity|bm25+point|optimal_per_topic|judge|0.3694
dbpedia-entity|bm25+point|optimal_per_topic|judge_expr|0.3455
dbpedia-entity|bm25+point|optimal_per_topic|rankgpt|0.3568
dbpedia-entity|bm25+point|optimal_per_topic|setmaxheaptopk|0.3562
dbpedia-entity|bm25+point|quantile|judge|0.4695
dbpedia-entity|bm25+point|quantile|judge_expr|0.3912
dbpedia-entity|bm25+point|quantile|rankgpt|0.4091
dbpedia-entity|bm25+point|quantile|setmaxheaptopk|0.3848
dbpedia-entity|bm25+point|rank|judge|0.2826
dbpedia-entity|bm25+point|rank|judge_expr|0.2647
dbpedia-entity|bm25+point|rank|rankgpt|0.2785
dbpedia-entity|bm25+point|rank|setmaxheaptopk|0.2859
dbpedia-entity|bm25+point|thresholding|judge|0.3435
dbpedia-entity|bm25+point|thresholding|judge_expr|0.3265
dbpedia-entity|bm25+point|thresholding|rankgpt|0.0
dbpedia-entity|bm25+point|thresholding|setmaxheaptopk|0.0
dbpedia-entity|bm25+rankfirst|direct|judge|0.4788
dbpedia-entity|bm25+rankfirst|direct|judge_expr|0.4162
dbpedia-entity|bm25+rankfirst|direct|rankgpt|0.543
dbpedia-entity|bm25+rankfirst|direct|setmaxheaptopk|0.5462
dbpedia-entity|bm25+rankfirst|largest_gap|judge|0.4242
dbpedia-entity|bm25+rankfirst|largest_gap|judge_expr|0.439
dbpedia-entity|bm25+rankfirst|largest_gap|rankgpt|0.543
dbpedia-entity|bm25+rankfirst|largest_gap|setmaxheaptopk|0.5462
dbpedia-entity|bm25+rankfirst|optimal_global|judge|0.3869
dbpedia-entity|bm25+rankfirst|optimal_global|judge_expr|0.4061
dbpedia-entity|bm25+rankfirst|optimal_global|rankgpt|0.4616
dbpedia-entity|bm25+rankfirst|optimal_global|setmaxheaptopk|0.4915
dbpedia-entity|bm25+rankfirst|optimal_per_topic|judge|0.4376
dbpedia-entity|bm25+rankfirst|optimal_per_topic|judge_expr|0.4273
dbpedia-entity|bm25+rankfirst|optimal_per_topic|rankgpt|0.4714
dbpedia-entity|bm25+rankfirst|optimal_per_topic|setmaxheaptopk|0.4583
dbpedia-entity|bm25+rankfirst|quantile|judge|0.5589
dbpedia-entity|bm25+rankfirst|quantile|judge_expr|0.4639
dbpedia-entity|bm25+rankfirst|quantile|rankgpt|0.5132
dbpedia-entity|bm25+rankfirst|quantile|setmaxheaptopk|0.4738
dbpedia-entity|bm25+rankfirst|rank|judge|0.3609
dbpedia-entity|bm25+rankfirst|rank|judge_expr|0.3196
dbpedia-entity|bm25+rankfirst|rank|rankgpt|0.3684
dbpedia-entity|bm25+rankfirst|rank|setmaxheaptopk|0.3602
dbpedia-entity|bm25+rankfirst|thresholding|judge|0.4003
dbpedia-entity|bm25+rankfirst|thresholding|judge_expr|0.3845
dbpedia-entity|bm25+rankfirst|thresholding|rankgpt|0.0
dbpedia-entity|bm25+rankfirst|thresholding|setmaxheaptopk|0.0
dbpedia-entity|bm25+rankgpt|direct|judge|0.444
dbpedia-entity|bm25+rankgpt|direct|judge_expr|0.3951
dbpedia-entity|bm25+rankgpt|direct|rankgpt|0.5044
dbpedia-entity|bm25+rankgpt|direct|setmaxheaptopk|0.4978
dbpedia-entity|bm25+rankgpt|largest_gap|judge|0.3978
dbpedia-entity|bm25+rankgpt|largest_gap|judge_expr|0.418
dbpedia-entity|bm25+rankgpt|largest_gap|rankgpt|0.5044
dbpedia-entity|bm25+rankgpt|largest_gap|setmaxheaptopk|0.4978
dbpedia-entity|bm25+rankgpt|optimal_global|judge|0.3671
dbpedia-entity|bm25+rankgpt|optimal_global|judge_expr|0.3848
dbpedia-entity|bm25+rankgpt|optimal_global|rankgpt|0.4369
dbpedia-entity|bm25+rankgpt|optimal_global|setmaxheaptopk|0.4548
dbpedia-entity|bm25+rankgpt|optimal_per_topic|judge|0.4085
dbpedia-entity|bm25+rankgpt|optimal_per_topic|judge_expr|0.4059
dbpedia-entity|bm25+rankgpt|optimal_per_topic|rankgpt|0.4491
dbpedia-entity|bm25+rankgpt|optimal_per_topic|setmaxheaptopk|0.429
dbpedia-entity|bm25+rankgpt|quantile|judge|0.5134
dbpedia-entity|bm25+rankgpt|quantile|judge_expr|0.4327
dbpedia-entity|bm25+rankgpt|quantile|rankgpt|0.4689
dbpedia-entity|bm25+rankgpt|quantile|setmaxheaptopk|0.4267
dbpedia-entity|bm25+rankgpt|rank|judge|0.3238
dbpedia-entity|bm25+rankgpt|rank|judge_expr|0.2945
dbpedia-entity|bm25+rankgpt|rank|rankgpt|0.346
dbpedia-entity|bm25+rankgpt|rank|setmaxheaptopk|0.3272
dbpedia-entity|bm25+rankgpt|thresholding|judge|0.3768
dbpedia-entity|bm25+rankgpt|thresholding|judge_expr|0.3629
dbpedia-entity|bm25+rankgpt|thresholding|rankgpt|0.0
dbpedia-entity|bm25+rankgpt|thresholding|setmaxheaptopk|0.0
dbpedia-entity|bm25+rankzephyr|direct|judge|0.475
dbpedia-entity|bm25+rankzephyr|direct|judge_expr|0.4116
dbpedia-entity|bm25+rankzephyr|direct|rankgpt|0.5208
dbpedia-entity|bm25+rankzephyr|direct|setmaxheaptopk|0.5187
dbpedia-entity|bm25+rankzephyr|largest_gap|judge|0.4136
dbpedia-entity|bm25+rankzephyr|largest_gap|judge_expr|0.4303
dbpedia-entity|bm25+rankzephyr|largest_gap|rankgpt|0.5208
dbpedia-entity|bm25+rankzephyr|largest_gap|setmaxheaptopk|0.5187
dbpedia-entity|bm25+rankzephyr|optimal_global|judge|0.384
dbpedia-entity|bm25+rankzephyr|optimal_global|judge_expr|0.4035
dbpedia-entity|bm25+rankzephyr|optimal_global|rankgpt|0.4516
dbpedia-entity|bm25+rankzephyr|optimal_global|setmaxheaptopk|0.4769
dbpedia-entity|bm25+rankzephyr|optimal_per_topic|judge|0.4342
dbpedia-entity|bm25+rankzephyr|optimal_per_topic|judge_expr|0.4232
dbpedia-entity|bm25+rankzephyr|optimal_per_topic|rankgpt|0.4622
dbpedia-entity|bm25+rankzephyr|optimal_per_topic|setmaxheaptopk|0.4488
dbpedia-entity|bm25+rankzephyr|quantile|judge|0.5555
dbpedia-entity|bm25+rankzephyr|quantile|judge_expr|0.4646
dbpedia-entity|bm25+rankzephyr|quantile|rankgpt|0.5069
dbpedia-entity|bm25+rankzephyr|quantile|setmaxheaptopk|0.4654
dbpedia-entity|bm25+rankzephyr|rank|judge|0.3488
dbpedia-entity|bm25+rankzephyr|rank|judge_expr|0.3182
dbpedia-entity|bm25+rankzephyr|rank|rankgpt|0.3608
dbpedia-entity|bm25+rankzephyr|rank|setmaxheaptopk|0.3547
dbpedia-entity|bm25+rankzephyr|thresholding|judge|0.395
dbpedia-entity|bm25+rankzephyr|thresholding|judge_expr|0.3811
dbpedia-entity|bm25+rankzephyr|thresholding|rankgpt|0.0
dbpedia-entity|bm25+rankzephyr|thresholding|setmaxheaptopk|0.0
dbpedia-entity|bm25+setmaxheaptopk|direct|judge|0.4453
dbpedia-entity|bm25+setmaxheaptopk|direct|judge_expr|0.408
dbpedia-entity|bm25+setmaxheaptopk|direct|rankgpt|0.5136
dbpedia-entity|bm25+setmaxheaptopk|direct|setmaxheaptopk|0.5145
dbpedia-entity|bm25+setmaxheaptopk|largest_gap|judge|0.4075
dbpedia-entity|bm25+setmaxheaptopk|largest_gap|judge_expr|0.4242
dbpedia-entity|bm25+setmaxheaptopk|largest_gap|rankgpt|0.5136
dbpedia-entity|bm25+setmaxheaptopk|largest_gap|setmaxheaptopk|0.5145
dbpedia-entity|bm25+setmaxheaptopk|optimal_global|judge|0.3817
dbpedia-entity|bm25+setmaxheaptopk|optimal_global|judge_expr|0.4023
dbpedia-entity|bm25+setmaxheaptopk|optimal_global|rankgpt|0.436
dbpedia-entity|bm25+setmaxheaptopk|optimal_global|setmaxheaptopk|0.4817
dbpedia-entity|bm25+setmaxheaptopk|optimal_per_topic|judge|0.4177
dbpedia-entity|bm25+setmaxheaptopk|optimal_per_topic|judge_expr|0.4185
dbpedia-entity|bm25+setmaxheaptopk|optimal_per_topic|rankgpt|0.4484
dbpedia-entity|bm25+setmaxheaptopk|optimal_per_topic|setmaxheaptopk|0.4493
dbpedia-entity|bm25+setmaxheaptopk|quantile|judge|0.4962
dbpedia-entity|bm25+setmaxheaptopk|quantile|judge_expr|0.4264
dbpedia-entity|bm25+setmaxheaptopk|quantile|rankgpt|0.4542
dbpedia-entity|bm25+setmaxheaptopk|quantile|setmaxheaptopk|0.4482
dbpedia-entity|bm25+setmaxheaptopk|rank|judge|0.3258
dbpedia-entity|bm25+setmaxheaptopk|rank|judge_expr|0.3065
dbpedia-entity|bm25+setmaxheaptopk|rank|rankgpt|0.3384
dbpedia-entity|bm25+setmaxheaptopk|rank|setmaxheaptopk|0.3589
dbpedia-entity|bm25+setmaxheaptopk|thresholding|judge|0.3927
dbpedia-entity|bm25+setmaxheaptopk|thresholding|judge_expr|0.3792
dbpedia-entity|bm25+setmaxheaptopk|thresholding|rankgpt|0.0
dbpedia-entity|bm25+setmaxheaptopk|thresholding|setmaxheaptopk|0.0
dbpedia-entity|colbert-small|direct|judge|0.5549
dbpedia-entity|colbert-small|direct|judge_expr|0.4361
dbpedia-entity|colbert-small|direct|rankgpt|0.6349
dbpedia-entity|colbert-small|direct|setmaxheaptopk|0.6308
dbpedia-entity|colbert-small|largest_gap|judge|0.4383
dbpedia-entity|colbert-small|largest_gap|judge_expr|0.4554
dbpedia-entity|colbert-small|largest_gap|rankgpt|0.6349
dbpedia-entity|colbert-small|largest_gap|setmaxheaptopk|0.6308
dbpedia-entity|colbert-small|optimal_global|judge|0.4062
dbpedia-entity|colbert-small|optimal_global|judge_expr|0.4271
dbpedia-entity|colbert-small|optimal_global|rankgpt|0.587
dbpedia-entity|colbert-small|optimal_global|setmaxheaptopk|0.5704
dbpedia-entity|colbert-small|optimal_per_topic|judge|0.4931
dbpedia-entity|colbert-small|optimal_per_topic|judge_expr|0.4791
dbpedia-entity|colbert-small|optimal_per_topic|rankgpt|0.6212
dbpedia-entity|colbert-small|optimal_per_topic|setmaxheaptopk|0.5645
dbpedia-entity|colbert-small|quantile|judge|0.7924
dbpedia-entity|colbert-small|quantile|judge_expr|0.5721
dbpedia-entity|colbert-small|quantile|rankgpt|0.9832
dbpedia-entity|colbert-small|quantile|setmaxheaptopk|0.6908
dbpedia-entity|colbert-small|rank|judge|0.5315
dbpedia-entity|colbert-small|rank|judge_expr|0.3542
dbpedia-entity|colbert-small|rank|rankgpt|0.5436
dbpedia-entity|colbert-small|rank|setmaxheaptopk|0.4341
dbpedia-entity|colbert-small|thresholding|judge|0.4145
dbpedia-entity|colbert-small|thresholding|judge_expr|0.3977
dbpedia-entity|colbert-small|thresholding|rankgpt|0.0
dbpedia-entity|colbert-small|thresholding|setmaxheaptopk|0.0
dbpedia-entity|colbert-small+judge|direct|judge|1.0
dbpedia-entity|colbert-small+judge|direct|judge_expr|0.88
dbpedia-entity|colbert-small+judge|direct|rankgpt|0.4669
dbpedia-entity|colbert-small+judge|direct|setmaxheaptopk|0.4593
dbpedia-entity|colbert-small+judge|largest_gap|judge|1.0
dbpedia-entity|colbert-small+judge|largest_gap|judge_expr|0.9271
dbpedia-entity|colbert-small+judge|largest_gap|rankgpt|0.4669
dbpedia-entity|colbert-small+judge|largest_gap|setmaxheaptopk|0.4593
dbpedia-entity|colbert-small+judge|optimal_global|judge|0.8425
dbpedia-entity|colbert-small+judge|optimal_global|judge_expr|0.8568
dbpedia-entity|colbert-small+judge|optimal_global|rankgpt|0.4954
dbpedia-entity|colbert-small+judge|optimal_global|setmaxheaptopk|0.4952
dbpedia-entity|colbert-small+judge|optimal_per_topic|judge|0.87
dbpedia-entity|colbert-small+judge|optimal_per_topic|judge_expr|0.7143
dbpedia-entity|colbert-small+judge|optimal_per_topic|rankgpt|0.5409
dbpedia-entity|colbert-small+judge|optimal_per_topic|setmaxheaptopk|0.5344
dbpedia-entity|colbert-small+judge|quantile|judge|1.0
dbpedia-entity|colbert-small+judge|quantile|judge_expr|0.897
dbpedia-entity|colbert-small+judge|quantile|rankgpt|0.6447
dbpedia-entity|colbert-small+judge|quantile|setmaxheaptopk|0.6672
dbpedia-entity|colbert-small+judge|rank|judge|0.7396
dbpedia-entity|colbert-small+judge|rank|judge_expr|0.7069
dbpedia-entity|colbert-small+judge|rank|rankgpt|0.4574
dbpedia-entity|colbert-small+judge|rank|setmaxheaptopk|0.4843
dbpedia-entity|colbert-small+judge|thresholding|judge|0.8625
dbpedia-entity|colbert-small+judge|thresholding|judge_expr|0.8203
dbpedia-entity|colbert-small+judge|thresholding|rankgpt|0.0
dbpedia-entity|colbert-small+judge|thresholding|setmaxheaptopk|0.0
dbpedia-entity|colbert-small+judge_expr|direct|judge|0.9717
dbpedia-entity|colbert-small+judge_expr|direct|judge_expr|0.925
dbpedia-entity|colbert-small+judge_expr|direct|rankgpt|0.5806
dbpedia-entity|colbert-small+judge_expr|direct|setmaxheaptopk|0.579
dbpedia-entity|colbert-small+judge_expr|largest_gap|judge|0.9784
dbpedia-entity|colbert-small+judge_expr|largest_gap|judge_expr|1.0
dbpedia-entity|colbert-small+judge_expr|largest_gap|rankgpt|0.5806
dbpedia-entity|colbert-small+judge_expr|largest_gap|setmaxheaptopk|0.579
dbpedia-entity|colbert-small+judge_expr|optimal_global|judge|0.842
dbpedia-entity|colbert-small+judge_expr|optimal_global|judge_expr|0.8675
dbpedia-entity|colbert-small+judge_expr|optimal_global|rankgpt|0.5797
dbpedia-entity|colbert-small+judge_expr|optimal_global|setmaxheaptopk|0.6056
dbpedia-entity|colbert-small+judge_expr|optimal_per_topic|judge|0.8574
dbpedia-entity|colbert-small+judge_expr|optimal_per_topic|judge_expr|0.87
dbpedia-entity|colbert-small+judge_expr|optimal_per_topic|rankgpt|0.6305
dbpedia-entity|colbert-small+judge_expr|optimal_per_topic|setmaxheaptopk|0.6309
dbpedia-entity|colbert-small+judge_expr|quantile|judge|0.9975
dbpedia-entity|colbert-small+judge_expr|quantile|judge_expr|1.0
dbpedia-entity|colbert-small+judge_expr|quantile|rankgpt|0.7046
dbpedia-entity|colbert-small+judge_expr|quantile|setmaxheaptopk|0.7197
dbpedia-entity|colbert-small+judge_expr|rank|judge|0.7428
dbpedia-entity|colbert-small+judge_expr|rank|judge_expr|0.9994
dbpedia-entity|colbert-small+judge_expr|rank|rankgpt|0.5151
dbpedia-entity|colbert-small+judge_expr|rank|setmaxheaptopk|0.5466
dbpedia-entity|colbert-small+judge_expr|thresholding|judge|0.8609
dbpedia-entity|colbert-small+judge_expr|thresholding|judge_expr|0.8375
dbpedia-entity|colbert-small+judge_expr|thresholding|rankgpt|0.0
dbpedia-entity|colbert-small+judge_expr|thresholding|setmaxheaptopk|0.0
dbpedia-entity|colbert-small+point|direct|judge|0.7255
dbpedia-entity|colbert-small+point|direct|judge_expr|0.6054
dbpedia-entity|colbert-small+point|direct|rankgpt|0.4765
dbpedia-entity|colbert-small+point|direct|setmaxheaptopk|0.4652
dbpedia-entity|colbert-small+point|largest_gap|judge|0.614
dbpedia-entity|colbert-small+point|largest_gap|judge_expr|0.6381
dbpedia-entity|colbert-small+point|largest_gap|rankgpt|0.4765
dbpedia-entity|colbert-small+point|largest_gap|setmaxheaptopk|0.4652
dbpedia-entity|colbert-small+point|optimal_global|judge|0.5624
dbpedia-entity|colbert-small+point|optimal_global|judge_expr|0.6009
dbpedia-entity|colbert-small+point|optimal_global|rankgpt|0.4772
dbpedia-entity|colbert-small+point|optimal_global|setmaxheaptopk|0.5116
dbpedia-entity|colbert-small+point|optimal_per_topic|judge|0.6176
dbpedia-entity|colbert-small+point|optimal_per_topic|judge_expr|0.5602
dbpedia-entity|colbert-small+point|optimal_per_topic|rankgpt|0.5412
dbpedia-entity|colbert-small+point|optimal_per_topic|setmaxheaptopk|0.5369
dbpedia-entity|colbert-small+point|quantile|judge|0.8913
dbpedia-entity|colbert-small+point|quantile|judge_expr|0.7352
dbpedia-entity|colbert-small+point|quantile|rankgpt|0.6576
dbpedia-entity|colbert-small+point|quantile|setmaxheaptopk|0.6756
dbpedia-entity|colbert-small+point|rank|judge|0.4903
dbpedia-entity|colbert-small+point|rank|judge_expr|0.4876
dbpedia-entity|colbert-small+point|rank|rankgpt|0.4623
dbpedia-entity|colbert-small+point|rank|setmaxheaptopk|0.4961
dbpedia-entity|colbert-small+point|thresholding|judge|0.5824
dbpedia-entity|colbert-small+point|thresholding|judge_expr|0.5496
dbpedia-entity|colbert-small+point|thresholding|rankgpt|0.0
dbpedia-entity|colbert-small+point|thresholding|setmaxheaptopk|0.0
dbpedia-entity|colbert-small+rankfirst|direct|judge|0.7514
dbpedia-entity|colbert-small+rankfirst|direct|judge_expr|0.6365
dbpedia-entity|colbert-small+rankfirst|direct|rankgpt|0.76
dbpedia-entity|colbert-small+rankfirst|direct|setmaxheaptopk|0.7457
dbpedia-entity|colbert-small+rankfirst|largest_gap|judge|0.6629
dbpedia-entity|colbert-small+rankfirst|largest_gap|judge_expr|0.6718
dbpedia-entity|colbert-small+rankfirst|largest_gap|rankgpt|0.76
dbpedia-entity|colbert-small+rankfirst|largest_gap|setmaxheaptopk|0.7457
dbpedia-entity|colbert-small+rankfirst|optimal_global|judge|0.5941
dbpedia-entity|colbert-small+rankfirst|optimal_global|judge_expr|0.617
dbpedia-entity|colbert-small+rankfirst|optimal_global|rankgpt|0.7255
dbpedia-entity|colbert-small+rankfirst|optimal_global|setmaxheaptopk|0.7358
dbpedia-entity|colbert-small+rankfirst|optimal_per_topic|judge|0.6726
dbpedia-entity|colbert-small+rankfirst|optimal_per_topic|judge_expr|0.6626
dbpedia-entity|colbert-small+rankfirst|optimal_per_topic|rankgpt|0.7194
dbpedia-entity|colbert-small+rankfirst|optimal_per_topic|setmaxheaptopk|0.689
dbpedia-entity|colbert-small+rankfirst|quantile|judge|0.9115
dbpedia-entity|colbert-small+rankfirst|quantile|judge_expr|0.765
dbpedia-entity|colbert-small+rankfirst|quantile|rankgpt|0.8738
dbpedia-entity|colbert-small+rankfirst|quantile|setmaxheaptopk|0.7855
dbpedia-entity|colbert-small+rankfirst|rank|judge|0.6096
dbpedia-entity|colbert-small+rankfirst|rank|judge_expr|0.5399
dbpedia-entity|colbert-small+rankfirst|rank|rankgpt|0.6178
dbpedia-entity|colbert-small+rankfirst|rank|setmaxheaptopk|0.5919
dbpedia-entity|colbert-small+rankfirst|thresholding|judge|0.6061
dbpedia-entity|colbert-small+rankfirst|thresholding|judge_expr|0.5831
dbpedia-entity|colbert-small+rankfirst|thresholding|rankgpt|0.0
dbpedia-entity|colbert-small+rankfirst|thresholding|setmaxheaptopk|0.0
dbpedia-entity|colbert-small+rankgpt|direct|judge|0.7417
dbpedia-entity|colbert-small+rankgpt|direct|judge_expr|0.6309
dbpedia-entity|colbert-small+rankgpt|direct|rankgpt|1.0
dbpedia-entity|colbert-small+rankgpt|direct|setmaxheaptopk|0.7798
dbpedia-entity|colbert-small+rankgpt|largest_gap|judge|0.6507
dbpedia-entity|colbert-small+rankgpt|largest_gap|judge_expr|0.6616
dbpedia-entity|colbert-small+rankgpt|largest_gap|rankgpt|1.0
dbpedia-entity|colbert-small+rankgpt|largest_gap|setmaxheaptopk|0.7798
dbpedia-entity|colbert-small+rankgpt|optimal_global|judge|0.6001
dbpedia-entity|colbert-small+rankgpt|optimal_global|judge_expr|0.6162
dbpedia-entity|colbert-small+rankgpt|optimal_global|rankgpt|1.0
dbpedia-entity|colbert-small+rankgpt|optimal_global|setmaxheaptopk|0.7353
dbpedia-entity|colbert-small+rankgpt|optimal_per_topic|judge|0.6678
dbpedia-entity|colbert-small+rankgpt|optimal_per_topic|judge_expr|0.6467
dbpedia-entity|colbert-small+rankgpt|optimal_per_topic|rankgpt|0.87
dbpedia-entity|colbert-small+rankgpt|optimal_per_topic|setmaxheaptopk|0.701
dbpedia-entity|colbert-small+rankgpt|quantile|judge|0.9107
dbpedia-entity|colbert-small+rankgpt|quantile|judge_expr|0.7685
dbpedia-entity|colbert-small+rankgpt|quantile|rankgpt|1.0
dbpedia-entity|colbert-small+rankgpt|quantile|setmaxheaptopk|0.7976
dbpedia-entity|colbert-small+rankgpt|rank|judge|0.5947
dbpedia-entity|colbert-small+rankgpt|rank|judge_expr|0.5289
dbpedia-entity|colbert-small+rankgpt|rank|rankgpt|1.0
dbpedia-entity|colbert-small+rankgpt|rank|setmaxheaptopk|0.5903
dbpedia-entity|colbert-small+rankgpt|thresholding|judge|0.6083
dbpedia-entity|colbert-small+rankgpt|thresholding|judge_expr|0.5874
dbpedia-entity|colbert-small+rankgpt|thresholding|rankgpt|0.0
dbpedia-entity|colbert-small+rankgpt|thresholding|setmaxheaptopk|0.0
dbpedia-entity|colbert-small+rankzephyr|direct|judge|0.7564
dbpedia-entity|colbert-small+rankzephyr|direct|judge_expr|0.6353
dbpedia-entity|colbert-small+rankzephyr|direct|rankgpt|0.745
dbpedia-entity|colbert-small+rankzephyr|direct|setmaxheaptopk|0.7316
dbpedia-entity|colbert-small+rankzephyr|largest_gap|judge|0.6577
dbpedia-entity|colbert-small+rankzephyr|largest_gap|judge_expr|0.6729
dbpedia-entity|colbert-small+rankzephyr|largest_gap|rankgpt|0.745
dbpedia-entity|colbert-small+rankzephyr|largest_gap|setmaxheaptopk|0.7316
dbpedia-entity|colbert-small+rankzephyr|optimal_global|judge|0.6026
dbpedia-entity|colbert-small+rankzephyr|optimal_global|judge_expr|0.625
dbpedia-entity|colbert-small+rankzephyr|optimal_global|rankgpt|0.7145
dbpedia-entity|colbert-small+rankzephyr|optimal_global|setmaxheaptopk|0.7165
dbpedia-entity|colbert-small+rankzephyr|optimal_per_topic|judge|0.6772
dbpedia-entity|colbert-small+rankzephyr|optimal_per_topic|judge_expr|0.6494
dbpedia-entity|colbert-small+rankzephyr|optimal_per_topic|rankgpt|0.6968
dbpedia-entity|colbert-small+rankzephyr|optimal_per_topic|setmaxheaptopk|0.6715
dbpedia-entity|colbert-small+rankzephyr|quantile|judge|0.9245
dbpedia-entity|colbert-small+rankzephyr|quantile|judge_expr|0.7871
dbpedia-entity|colbert-small+rankzephyr|quantile|rankgpt|0.7909
dbpedia-entity|colbert-small+rankzephyr|quantile|setmaxheaptopk|0.765
dbpedia-entity|colbert-small+rankzephyr|rank|judge|0.5639
dbpedia-entity|colbert-small+rankzephyr|rank|judge_expr|0.539
dbpedia-entity|colbert-small+rankzephyr|rank|rankgpt|0.5962
dbpedia-entity|colbert-small+rankzephyr|rank|setmaxheaptopk|0.5808
dbpedia-entity|colbert-small+rankzephyr|thresholding|judge|0.6123
dbpedia-entity|colbert-small+rankzephyr|thresholding|judge_expr|0.5922
dbpedia-entity|colbert-small+rankzephyr|thresholding|rankgpt|0.0
dbpedia-entity|colbert-small+rankzephyr|thresholding|setmaxheaptopk|0.0
dbpedia-entity|colbert-small+setmaxheaptopk|direct|judge|0.7561
dbpedia-entity|colbert-small+setmaxheaptopk|direct|judge_expr|0.6615
dbpedia-entity|colbert-small+setmaxheaptopk|direct|rankgpt|0.7766
dbpedia-entity|colbert-small+setmaxheaptopk|direct|setmaxheaptopk|1.0
dbpedia-entity|colbert-small+setmaxheaptopk|largest_gap|judge|0.6755
dbpedia-entity|colbert-small+setmaxheaptopk|largest_gap|judge_expr|0.6996
dbpedia-entity|colbert-small+setmaxheaptopk|largest_gap|rankgpt|0.7766
dbpedia-entity|colbert-small+setmaxheaptopk|largest_gap|setmaxheaptopk|1.0
dbpedia-entity|colbert-small+setmaxheaptopk|optimal_global|judge|0.6263
dbpedia-entity|colbert-small+setmaxheaptopk|optimal_global|judge_expr|0.6478
dbpedia-entity|colbert-small+setmaxheaptopk|optimal_global|rankgpt|0.7204
dbpedia-entity|colbert-small+setmaxheaptopk|optimal_global|setmaxheaptopk|1.0
dbpedia-entity|colbert-small+setmaxheaptopk|optimal_per_topic|judge|0.6808
dbpedia-entity|colbert-small+setmaxheaptopk|optimal_per_topic|judge_expr|0.6647
dbpedia-entity|colbert-small+setmaxheaptopk|optimal_per_topic|rankgpt|0.7002
dbpedia-entity|colbert-small+setmaxheaptopk|optimal_per_topic|setmaxheaptopk|0.87
dbpedia-entity|colbert-small+setmaxheaptopk|quantile|judge|0.9158
dbpedia-entity|colbert-small+setmaxheaptopk|quantile|judge_expr|0.7672
dbpedia-entity|colbert-small+setmaxheaptopk|quantile|rankgpt|0.7616
dbpedia-entity|colbert-small+setmaxheaptopk|quantile|setmaxheaptopk|1.0
dbpedia-entity|colbert-small+setmaxheaptopk|rank|judge|0.5671
dbpedia-entity|colbert-small+setmaxheaptopk|rank|judge_expr|0.5525
dbpedia-entity|colbert-small+setmaxheaptopk|rank|rankgpt|0.5864
dbpedia-entity|colbert-small+setmaxheaptopk|rank|setmaxheaptopk|1.0
dbpedia-entity|colbert-small+setmaxheaptopk|thresholding|judge|0.6314
dbpedia-entity|colbert-small+setmaxheaptopk|thresholding|judge_expr|0.6136
dbpedia-entity|colbert-small+setmaxheaptopk|thresholding|rankgpt|0.0
dbpedia-entity|colbert-small+setmaxheaptopk|thresholding|setmaxheaptopk|0.0
dbpedia-entity|nomicai-modernbert-embed|direct|judge|0.4659
dbpedia-entity|nomicai-modernbert-embed|direct|judge_expr|0.3919
dbpedia-entity|nomicai-modernbert-embed|direct|rankgpt|0.5443
dbpedia-entity|nomicai-modernbert-embed|direct|setmaxheaptopk|0.5163
dbpedia-entity|nomicai-modernbert-embed|largest_gap|judge|0.3983
dbpedia-entity|nomicai-modernbert-embed|largest_gap|judge_expr|0.4173
dbpedia-entity|nomicai-modernbert-embed|largest_gap|rankgpt|0.5443
dbpedia-entity|nomicai-modernbert-embed|largest_gap|setmaxheaptopk|0.5163
dbpedia-entity|nomicai-modernbert-embed|optimal_global|judge|0.3711
dbpedia-entity|nomicai-modernbert-embed|optimal_global|judge_expr|0.3861
dbpedia-entity|nomicai-modernbert-embed|optimal_global|rankgpt|0.4593
dbpedia-entity|nomicai-modernbert-embed|optimal_global|setmaxheaptopk|0.4798
dbpedia-entity|nomicai-modernbert-embed|optimal_per_topic|judge|0.4483
dbpedia-entity|nomicai-modernbert-embed|optimal_per_topic|judge_expr|0.4485
dbpedia-entity|nomicai-modernbert-embed|optimal_per_topic|rankgpt|0.5114
dbpedia-entity|nomicai-modernbert-embed|optimal_per_topic|setmaxheaptopk|0.4896
dbpedia-entity|nomicai-modernbert-embed|quantile|judge|0.5803
dbpedia-entity|nomicai-modernbert-embed|quantile|judge_expr|0.4597
dbpedia-entity|nomicai-modernbert-embed|quantile|rankgpt|0.5682
dbpedia-entity|nomicai-modernbert-embed|quantile|setmaxheaptopk|0.4874
dbpedia-entity|nomicai-modernbert-embed|rank|judge|0.3609
dbpedia-entity|nomicai-modernbert-embed|rank|judge_expr|0.3037
dbpedia-entity|nomicai-modernbert-embed|rank|rankgpt|0.3757
dbpedia-entity|nomicai-modernbert-embed|rank|setmaxheaptopk|0.3503
dbpedia-entity|nomicai-modernbert-embed|thresholding|judge|0.3737
dbpedia-entity|nomicai-modernbert-embed|thresholding|judge_expr|0.3646
dbpedia-entity|nomicai-modernbert-embed|thresholding|rankgpt|0.0
dbpedia-entity|nomicai-modernbert-embed|thresholding|setmaxheaptopk|0.0
dbpedia-entity|nomicai-modernbert-embed+judge|direct|judge|0.6229
dbpedia-entity|nomicai-modernbert-embed+judge|direct|judge_expr|0.594
dbpedia-entity|nomicai-modernbert-embed+judge|direct|rankgpt|0.4095
dbpedia-entity|nomicai-modernbert-embed+judge|direct|setmaxheaptopk|0.4048
dbpedia-entity|nomicai-modernbert-embed+judge|largest_gap|judge|0.6647
dbpedia-entity|nomicai-modernbert-embed+judge|largest_gap|judge_expr|0.6345
dbpedia-entity|nomicai-modernbert-embed+judge|largest_gap|rankgpt|0.4095
dbpedia-entity|nomicai-modernbert-embed+judge|largest_gap|setmaxheaptopk|0.4048
dbpedia-entity|nomicai-modernbert-embed+judge|optimal_global|judge|0.574
dbpedia-entity|nomicai-modernbert-embed+judge|optimal_global|judge_expr|0.5821
dbpedia-entity|nomicai-modernbert-embed+judge|optimal_global|rankgpt|0.3911
dbpedia-entity|nomicai-modernbert-embed+judge|optimal_global|setmaxheaptopk|0.4196
dbpedia-entity|nomicai-modernbert-embed+judge|optimal_per_topic|judge|0.5698
dbpedia-entity|nomicai-modernbert-embed+judge|optimal_per_topic|judge_expr|0.5052
dbpedia-entity|nomicai-modernbert-embed+judge|optimal_per_topic|rankgpt|0.4321
dbpedia-entity|nomicai-modernbert-embed+judge|optimal_per_topic|setmaxheaptopk|0.4232
dbpedia-entity|nomicai-modernbert-embed+judge|quantile|judge|0.5825
dbpedia-entity|nomicai-modernbert-embed+judge|quantile|judge_expr|0.5414
dbpedia-entity|nomicai-modernbert-embed+judge|quantile|rankgpt|0.4493
dbpedia-entity|nomicai-modernbert-embed+judge|quantile|setmaxheaptopk|0.4462
dbpedia-entity|nomicai-modernbert-embed+judge|rank|judge|0.4622
dbpedia-entity|nomicai-modernbert-embed+judge|rank|judge_expr|0.4334
dbpedia-entity|nomicai-modernbert-embed+judge|rank|rankgpt|0.3357
dbpedia-entity|nomicai-modernbert-embed+judge|rank|setmaxheaptopk|0.3407
dbpedia-entity|nomicai-modernbert-embed+judge|thresholding|judge|0.5782
dbpedia-entity|nomicai-modernbert-embed+judge|thresholding|judge_expr|0.5698
dbpedia-entity|nomicai-modernbert-embed+judge|thresholding|rankgpt|0.0
dbpedia-entity|nomicai-modernbert-embed+judge|thresholding|setmaxheaptopk|0.0
dbpedia-entity|nomicai-modernbert-embed+judge_expr|direct|judge|0.637
dbpedia-entity|nomicai-modernbert-embed+judge_expr|direct|judge_expr|0.6362
dbpedia-entity|nomicai-modernbert-embed+judge_expr|direct|rankgpt|0.522
dbpedia-entity|nomicai-modernbert-embed+judge_expr|direct|setmaxheaptopk|0.5136
dbpedia-entity|nomicai-modernbert-embed+judge_expr|largest_gap|judge|0.6858
dbpedia-entity|nomicai-modernbert-embed+judge_expr|largest_gap|judge_expr|0.6963
dbpedia-entity|nomicai-modernbert-embed+judge_expr|largest_gap|rankgpt|0.522
dbpedia-entity|nomicai-modernbert-embed+judge_expr|largest_gap|setmaxheaptopk|0.5136
dbpedia-entity|nomicai-modernbert-embed+judge_expr|optimal_global|judge|0.5963
dbpedia-entity|nomicai-modernbert-embed+judge_expr|optimal_global|judge_expr|0.6095
dbpedia-entity|nomicai-modernbert-embed+judge_expr|optimal_global|rankgpt|0.4799
dbpedia-entity|nomicai-modernbert-embed+judge_expr|optimal_global|setmaxheaptopk|0.5172
dbpedia-entity|nomicai-modernbert-embed+judge_expr|optimal_per_topic|judge|0.5932
dbpedia-entity|nomicai-modernbert-embed+judge_expr|optimal_per_topic|judge_expr|0.6228
dbpedia-entity|nomicai-modernbert-embed+judge_expr|optimal_per_topic|rankgpt|0.5172
dbpedia-entity|nomicai-modernbert-embed+judge_expr|optimal_per_topic|setmaxheaptopk|0.5151
dbpedia-entity|nomicai-modernbert-embed+judge_expr|quantile|judge|0.614
dbpedia-entity|nomicai-modernbert-embed+judge_expr|quantile|judge_expr|0.6151
dbpedia-entity|nomicai-modernbert-embed+judge_expr|quantile|rankgpt|0.5023
dbpedia-entity|nomicai-modernbert-embed+judge_expr|quantile|setmaxheaptopk|0.4933
dbpedia-entity|nomicai-modernbert-embed+judge_expr|rank|judge|0.4907
dbpedia-entity|nomicai-modernbert-embed+judge_expr|rank|judge_expr|0.5614
dbpedia-entity|nomicai-modernbert-embed+judge_expr|rank|rankgpt|0.3864
dbpedia-entity|nomicai-modernbert-embed+judge_expr|rank|setmaxheaptopk|0.3942
dbpedia-entity|nomicai-modernbert-embed+judge_expr|thresholding|judge|0.6
dbpedia-entity|nomicai-modernbert-embed+judge_expr|thresholding|judge_expr|0.6001
dbpedia-entity|nomicai-modernbert-embed+judge_expr|thresholding|rankgpt|0.0
dbpedia-entity|nomicai-modernbert-embed+judge_expr|thresholding|setmaxheaptopk|0.0
dbpedia-entity|nomicai-modernbert-embed+point|direct|judge|0.4931
dbpedia-entity|nomicai-modernbert-embed+point|direct|judge_expr|0.4375
dbpedia-entity|nomicai-modernbert-embed+point|direct|rankgpt|0.4172
dbpedia-entity|nomicai-modernbert-embed+point|direct|setmaxheaptopk|0.4125
dbpedia-entity|nomicai-modernbert-embed+point|largest_gap|judge|0.4526
dbpedia-entity|nomicai-modernbert-embed+point|largest_gap|judge_expr|0.4681
dbpedia-entity|nomicai-modernbert-embed+point|largest_gap|rankgpt|0.4172
dbpedia-entity|nomicai-modernbert-embed+point|largest_gap|setmaxheaptopk|0.4125
dbpedia-entity|nomicai-modernbert-embed+point|optimal_global|judge|0.4086
dbpedia-entity|nomicai-modernbert-embed+point|optimal_global|judge_expr|0.4323
dbpedia-entity|nomicai-modernbert-embed+point|optimal_global|rankgpt|0.3851
dbpedia-entity|nomicai-modernbert-embed+point|optimal_global|setmaxheaptopk|0.4297
dbpedia-entity|nomicai-modernbert-embed+point|optimal_per_topic|judge|0.4368
dbpedia-entity|nomicai-modernbert-embed+point|optimal_per_topic|judge_expr|0.4203
dbpedia-entity|nomicai-modernbert-embed+point|optimal_per_topic|rankgpt|0.4299
dbpedia-entity|nomicai-modernbert-embed+point|optimal_per_topic|setmaxheaptopk|0.4249
dbpedia-entity|nomicai-modernbert-embed+point|quantile|judge|0.5492
dbpedia-entity|nomicai-modernbert-embed+point|quantile|judge_expr|0.4772
dbpedia-entity|nomicai-modernbert-embed+point|quantile|rankgpt|0.4815
dbpedia-entity|nomicai-modernbert-embed+point|quantile|setmaxheaptopk|0.4534
dbpedia-entity|nomicai-modernbert-embed+point|rank|judge|0.3526
dbpedia-entity|nomicai-modernbert-embed+point|rank|judge_expr|0.3358
dbpedia-entity|nomicai-modernbert-embed+point|rank|rankgpt|0.3415
dbpedia-entity|nomicai-modernbert-embed+point|rank|setmaxheaptopk|0.3472
dbpedia-entity|nomicai-modernbert-embed+point|thresholding|judge|0.4186
dbpedia-entity|nomicai-modernbert-embed+point|thresholding|judge_expr|0.4074
dbpedia-entity|nomicai-modernbert-embed+point|thresholding|rankgpt|0.0
dbpedia-entity|nomicai-modernbert-embed+point|thresholding|setmaxheaptopk|0.0
dbpedia-entity|nomicai-modernbert-embed+rankfirst|direct|judge|0.593
dbpedia-entity|nomicai-modernbert-embed+rankfirst|direct|judge_expr|0.5267
dbpedia-entity|nomicai-modernbert-embed+rankfirst|direct|rankgpt|0.6657
dbpedia-entity|nomicai-modernbert-embed+rankfirst|direct|setmaxheaptopk|0.6665
dbpedia-entity|nomicai-modernbert-embed+rankfirst|largest_gap|judge|0.5537
dbpedia-entity|nomicai-modernbert-embed+rankfirst|largest_gap|judge_expr|0.5666
dbpedia-entity|nomicai-modernbert-embed+rankfirst|largest_gap|rankgpt|0.6657
dbpedia-entity|nomicai-modernbert-embed+rankfirst|largest_gap|setmaxheaptopk|0.6665
dbpedia-entity|nomicai-modernbert-embed+rankfirst|optimal_global|judge|0.4961
dbpedia-entity|nomicai-modernbert-embed+rankfirst|optimal_global|judge_expr|0.5114
dbpedia-entity|nomicai-modernbert-embed+rankfirst|optimal_global|rankgpt|0.6041
dbpedia-entity|nomicai-modernbert-embed+rankfirst|optimal_global|setmaxheaptopk|0.637
dbpedia-entity|nomicai-modernbert-embed+rankfirst|optimal_per_topic|judge|0.5508
dbpedia-entity|nomicai-modernbert-embed+rankfirst|optimal_per_topic|judge_expr|0.5567
dbpedia-entity|nomicai-modernbert-embed+rankfirst|optimal_per_topic|rankgpt|0.6048
dbpedia-entity|nomicai-modernbert-embed+rankfirst|optimal_per_topic|setmaxheaptopk|0.589
dbpedia-entity|nomicai-modernbert-embed+rankfirst|quantile|judge|0.6748
dbpedia-entity|nomicai-modernbert-embed+rankfirst|quantile|judge_expr|0.5868
dbpedia-entity|nomicai-modernbert-embed+rankfirst|quantile|rankgpt|0.639
dbpedia-entity|nomicai-modernbert-embed+rankfirst|quantile|setmaxheaptopk|0.592
dbpedia-entity|nomicai-modernbert-embed+rankfirst|rank|judge|0.4648
dbpedia-entity|nomicai-modernbert-embed+rankfirst|rank|judge_expr|0.4256
dbpedia-entity|nomicai-modernbert-embed+rankfirst|rank|rankgpt|0.4798
dbpedia-entity|nomicai-modernbert-embed+rankfirst|rank|setmaxheaptopk|0.4635
dbpedia-entity|nomicai-modernbert-embed+rankfirst|thresholding|judge|0.5019
dbpedia-entity|nomicai-modernbert-embed+rankfirst|thresholding|judge_expr|0.4918
dbpedia-entity|nomicai-modernbert-embed+rankfirst|thresholding|rankgpt|0.0
dbpedia-entity|nomicai-modernbert-embed+rankfirst|thresholding|setmaxheaptopk|0.0
dbpedia-entity|nomicai-modernbert-embed+rankgpt|direct|judge|0.5619
dbpedia-entity|nomicai-modernbert-embed+rankgpt|direct|judge_expr|0.5041
dbpedia-entity|nomicai-modernbert-embed+rankgpt|direct|rankgpt|0.6643
dbpedia-entity|nomicai-modernbert-embed+rankgpt|direct|setmaxheaptopk|0.619
dbpedia-entity|nomicai-modernbert-embed+rankgpt|largest_gap|judge|0.5271
dbpedia-entity|nomicai-modernbert-embed+rankgpt|largest_gap|judge_expr|0.542
dbpedia-entity|nomicai-modernbert-embed+rankgpt|largest_gap|rankgpt|0.6643
dbpedia-entity|nomicai-modernbert-embed+rankgpt|largest_gap|setmaxheaptopk|0.619
dbpedia-entity|nomicai-modernbert-embed+rankgpt|optimal_global|judge|0.4823
dbpedia-entity|nomicai-modernbert-embed+rankgpt|optimal_global|judge_expr|0.4901
dbpedia-entity|nomicai-modernbert-embed+rankgpt|optimal_global|rankgpt|0.6076
dbpedia-entity|nomicai-modernbert-embed+rankgpt|optimal_global|setmaxheaptopk|0.583
dbpedia-entity|nomicai-modernbert-embed+rankgpt|optimal_per_topic|judge|0.5297
dbpedia-entity|nomicai-modernbert-embed+rankgpt|optimal_per_topic|judge_expr|0.5322
dbpedia-entity|nomicai-modernbert-embed+rankgpt|optimal_per_topic|rankgpt|0.602
dbpedia-entity|nomicai-modernbert-embed+rankgpt|optimal_per_topic|setmaxheaptopk|0.5618
dbpedia-entity|nomicai-modernbert-embed+rankgpt|quantile|judge|0.6262
dbpedia-entity|nomicai-modernbert-embed+rankgpt|quantile|judge_expr|0.5515
dbpedia-entity|nomicai-modernbert-embed+rankgpt|quantile|rankgpt|0.5906
dbpedia-entity|nomicai-modernbert-embed+rankgpt|quantile|setmaxheaptopk|0.5493
dbpedia-entity|nomicai-modernbert-embed+rankgpt|rank|judge|0.4266
dbpedia-entity|nomicai-modernbert-embed+rankgpt|rank|judge_expr|0.3978
dbpedia-entity|nomicai-modernbert-embed+rankgpt|rank|rankgpt|0.4742
dbpedia-entity|nomicai-modernbert-embed+rankgpt|rank|setmaxheaptopk|0.4349
dbpedia-entity|nomicai-modernbert-embed+rankgpt|thresholding|judge|0.4829
dbpedia-entity|nomicai-modernbert-embed+rankgpt|thresholding|judge_expr|0.4774
dbpedia-entity|nomicai-modernbert-embed+rankgpt|thresholding|rankgpt|0.0
dbpedia-entity|nomicai-modernbert-embed+rankgpt|thresholding|setmaxheaptopk|0.0
dbpedia-entity|nomicai-modernbert-embed+rankzephyr|direct|judge|0.5777
dbpedia-entity|nomicai-modernbert-embed+rankzephyr|direct|judge_expr|0.5077
dbpedia-entity|nomicai-modernbert-embed+rankzephyr|direct|rankgpt|0.6477
dbpedia-entity|nomicai-modernbert-embed+rankzephyr|direct|setmaxheaptopk|0.6516
dbpedia-entity|nomicai-modernbert-embed+rankzephyr|largest_gap|judge|0.5295
dbpedia-entity|nomicai-modernbert-embed+rankzephyr|largest_gap|judge_expr|0.5438
dbpedia-entity|nomicai-modernbert-embed+rankzephyr|largest_gap|rankgpt|0.6477
dbpedia-entity|nomicai-modernbert-embed+rankzephyr|largest_gap|setmaxheaptopk|0.6516
dbpedia-entity|nomicai-modernbert-embed+rankzephyr|optimal_global|judge|0.4851
dbpedia-entity|nomicai-modernbert-embed+rankzephyr|optimal_global|judge_expr|0.5002
dbpedia-entity|nomicai-modernbert-embed+rankzephyr|optimal_global|rankgpt|0.5887
dbpedia-entity|nomicai-modernbert-embed+rankzephyr|optimal_global|setmaxheaptopk|0.6224
dbpedia-entity|nomicai-modernbert-embed+rankzephyr|optimal_per_topic|judge|0.5391
dbpedia-entity|nomicai-modernbert-embed+rankzephyr|optimal_per_topic|judge_expr|0.5391
dbpedia-entity|nomicai-modernbert-embed+rankzephyr|optimal_per_topic|rankgpt|0.5917
dbpedia-entity|nomicai-modernbert-embed+rankzephyr|optimal_per_topic|setmaxheaptopk|0.5802
dbpedia-entity|nomicai-modernbert-embed+rankzephyr|quantile|judge|0.6487
dbpedia-entity|nomicai-modernbert-embed+rankzephyr|quantile|judge_expr|0.5725
dbpedia-entity|nomicai-modernbert-embed+rankzephyr|quantile|rankgpt|0.5947
dbpedia-entity|nomicai-modernbert-embed+rankzephyr|quantile|setmaxheaptopk|0.5652
dbpedia-entity|nomicai-modernbert-embed+rankzephyr|rank|judge|0.4372
dbpedia-entity|nomicai-modernbert-embed+rankzephyr|rank|judge_expr|0.4122
dbpedia-entity|nomicai-modernbert-embed+rankzephyr|rank|rankgpt|0.4623
dbpedia-entity|nomicai-modernbert-embed+rankzephyr|rank|setmaxheaptopk|0.4508
dbpedia-entity|nomicai-modernbert-embed+rankzephyr|thresholding|judge|0.4885
dbpedia-entity|nomicai-modernbert-embed+rankzephyr|thresholding|judge_expr|0.4807
dbpedia-entity|nomicai-modernbert-embed+rankzephyr|thresholding|rankgpt|0.0
dbpedia-entity|nomicai-modernbert-embed+rankzephyr|thresholding|setmaxheaptopk|0.0
dbpedia-entity|nomicai-modernbert-embed+setmaxheaptopk|direct|judge|0.5557
dbpedia-entity|nomicai-modernbert-embed+setmaxheaptopk|direct|judge_expr|0.5195
dbpedia-entity|nomicai-modernbert-embed+setmaxheaptopk|direct|rankgpt|0.6417
dbpedia-entity|nomicai-modernbert-embed+setmaxheaptopk|direct|setmaxheaptopk|0.6485
dbpedia-entity|nomicai-modernbert-embed+setmaxheaptopk|largest_gap|judge|0.5415
dbpedia-entity|nomicai-modernbert-embed+setmaxheaptopk|largest_gap|judge_expr|0.5644
dbpedia-entity|nomicai-modernbert-embed+setmaxheaptopk|largest_gap|rankgpt|0.6417
dbpedia-entity|nomicai-modernbert-embed+setmaxheaptopk|largest_gap|setmaxheaptopk|0.6485
dbpedia-entity|nomicai-modernbert-embed+setmaxheaptopk|optimal_global|judge|0.5015
dbpedia-entity|nomicai-modernbert-embed+setmaxheaptopk|optimal_global|judge_expr|0.5126
dbpedia-entity|nomicai-modernbert-embed+setmaxheaptopk|optimal_global|rankgpt|0.5612
dbpedia-entity|nomicai-modernbert-embed+setmaxheaptopk|optimal_global|setmaxheaptopk|0.6322
dbpedia-entity|nomicai-modernbert-embed+setmaxheaptopk|optimal_per_topic|judge|0.5226
dbpedia-entity|nomicai-modernbert-embed+setmaxheaptopk|optimal_per_topic|judge_expr|0.535
dbpedia-entity|nomicai-modernbert-embed+setmaxheaptopk|optimal_per_topic|rankgpt|0.5693
dbpedia-entity|nomicai-modernbert-embed+setmaxheaptopk|optimal_per_topic|setmaxheaptopk|0.5754
dbpedia-entity|nomicai-modernbert-embed+setmaxheaptopk|quantile|judge|0.5933
dbpedia-entity|nomicai-modernbert-embed+setmaxheaptopk|quantile|judge_expr|0.5321
dbpedia-entity|nomicai-modernbert-embed+setmaxheaptopk|quantile|rankgpt|0.5504
dbpedia-entity|nomicai-modernbert-embed+setmaxheaptopk|quantile|setmaxheaptopk|0.5503
dbpedia-entity|nomicai-modernbert-embed+setmaxheaptopk|rank|judge|0.4176
dbpedia-entity|nomicai-modernbert-embed+setmaxheaptopk|rank|judge_expr|0.4023
dbpedia-entity|nomicai-modernbert-embed+setmaxheaptopk|rank|rankgpt|0.4303
dbpedia-entity|nomicai-modernbert-embed+setmaxheaptopk|rank|setmaxheaptopk|0.4602
dbpedia-entity|nomicai-modernbert-embed+setmaxheaptopk|thresholding|judge|0.5011
dbpedia-entity|nomicai-modernbert-embed+setmaxheaptopk|thresholding|judge_expr|0.4944
dbpedia-entity|nomicai-modernbert-embed+setmaxheaptopk|thresholding|rankgpt|0.0
dbpedia-entity|nomicai-modernbert-embed+setmaxheaptopk|thresholding|setmaxheaptopk|0.0
dbpedia-entity|qwen3-embed-600m|direct|judge|0.4468
dbpedia-entity|qwen3-embed-600m|direct|judge_expr|0.3726
dbpedia-entity|qwen3-embed-600m|direct|rankgpt|0.5123
dbpedia-entity|qwen3-embed-600m|direct|setmaxheaptopk|0.5099
dbpedia-entity|qwen3-embed-600m|largest_gap|judge|0.3856
dbpedia-entity|qwen3-embed-600m|largest_gap|judge_expr|0.3985
dbpedia-entity|qwen3-embed-600m|largest_gap|rankgpt|0.5123
dbpedia-entity|qwen3-embed-600m|largest_gap|setmaxheaptopk|0.5099
dbpedia-entity|qwen3-embed-600m|optimal_global|judge|0.3547
dbpedia-entity|qwen3-embed-600m|optimal_global|judge_expr|0.3684
dbpedia-entity|qwen3-embed-600m|optimal_global|rankgpt|0.4378
dbpedia-entity|qwen3-embed-600m|optimal_global|setmaxheaptopk|0.4673
dbpedia-entity|qwen3-embed-600m|optimal_per_topic|judge|0.4223
dbpedia-entity|qwen3-embed-600m|optimal_per_topic|judge_expr|0.4187
dbpedia-entity|qwen3-embed-600m|optimal_per_topic|rankgpt|0.4754
dbpedia-entity|qwen3-embed-600m|optimal_per_topic|setmaxheaptopk|0.4592
dbpedia-entity|qwen3-embed-600m|quantile|judge|0.551
dbpedia-entity|qwen3-embed-600m|quantile|judge_expr|0.4393
dbpedia-entity|qwen3-embed-600m|quantile|rankgpt|0.5349
dbpedia-entity|qwen3-embed-600m|quantile|setmaxheaptopk|0.4611
dbpedia-entity|qwen3-embed-600m|rank|judge|0.3383
dbpedia-entity|qwen3-embed-600m|rank|judge_expr|0.2905
dbpedia-entity|qwen3-embed-600m|rank|rankgpt|0.3533
dbpedia-entity|qwen3-embed-600m|rank|setmaxheaptopk|0.3326
dbpedia-entity|qwen3-embed-600m|thresholding|judge|0.3589
dbpedia-entity|qwen3-embed-600m|thresholding|judge_expr|0.346
dbpedia-entity|qwen3-embed-600m|thresholding|rankgpt|0.0
dbpedia-entity|qwen3-embed-600m|thresholding|setmaxheaptopk|0.0
dbpedia-entity|qwen3-embed-600m+judge|direct|judge|0.6137
dbpedia-entity|qwen3-embed-600m+judge|direct|judge_expr|0.5885
dbpedia-entity|qwen3-embed-600m+judge|direct|rankgpt|0.4081
dbpedia-entity|qwen3-embed-600m+judge|direct|setmaxheaptopk|0.4105
dbpedia-entity|qwen3-embed-600m+judge|largest_gap|judge|0.643
dbpedia-entity|qwen3-embed-600m+judge|largest_gap|judge_expr|0.6185
dbpedia-entity|qwen3-embed-600m+judge|largest_gap|rankgpt|0.4081
dbpedia-entity|qwen3-embed-600m+judge|largest_gap|setmaxheaptopk|0.4105
dbpedia-entity|qwen3-embed-600m+judge|optimal_global|judge|0.5626
dbpedia-entity|qwen3-embed-600m+judge|optimal_global|judge_expr|0.5742
dbpedia-entity|qwen3-embed-600m+judge|optimal_global|rankgpt|0.3998
dbpedia-entity|qwen3-embed-600m+judge|optimal_global|setmaxheaptopk|0.4219
dbpedia-entity|qwen3-embed-600m+judge|optimal_per_topic|judge|0.563
dbpedia-entity|qwen3-embed-600m+judge|optimal_per_topic|judge_expr|0.5039
dbpedia-entity|qwen3-embed-600m+judge|optimal_per_topic|rankgpt|0.439
dbpedia-entity|qwen3-embed-600m+judge|optimal_per_topic|setmaxheaptopk|0.4341
dbpedia-entity|qwen3-embed-600m+judge|quantile|judge|0.5743
dbpedia-entity|qwen3-embed-600m+judge|quantile|judge_expr|0.5342
dbpedia-entity|qwen3-embed-600m+judge|quantile|rankgpt|0.4532
dbpedia-entity|qwen3-embed-600m+judge|quantile|setmaxheaptopk|0.4385
dbpedia-entity|qwen3-embed-600m+judge|rank|judge|0.4556
dbpedia-entity|qwen3-embed-600m+judge|rank|judge_expr|0.4241
dbpedia-entity|qwen3-embed-600m+judge|rank|rankgpt|0.3359
dbpedia-entity|qwen3-embed-600m+judge|rank|setmaxheaptopk|0.3388
dbpedia-entity|qwen3-embed-600m+judge|thresholding|judge|0.5683
dbpedia-entity|qwen3-embed-600m+judge|thresholding|judge_expr|0.5521
dbpedia-entity|qwen3-embed-600m+judge|thresholding|rankgpt|0.0
dbpedia-entity|qwen3-embed-600m+judge|thresholding|setmaxheaptopk|0.0
dbpedia-entity|qwen3-embed-600m+judge_expr|direct|judge|0.6324
dbpedia-entity|qwen3-embed-600m+judge_expr|direct|judge_expr|0.6327
dbpedia-entity|qwen3-embed-600m+judge_expr|direct|rankgpt|0.5223
dbpedia-entity|qwen3-embed-600m+judge_expr|direct|setmaxheaptopk|0.5174
dbpedia-entity|qwen3-embed-600m+judge_expr|largest_gap|judge|0.6654
dbpedia-entity|qwen3-embed-600m+judge_expr|largest_gap|judge_expr|0.684
dbpedia-entity|qwen3-embed-600m+judge_expr|largest_gap|rankgpt|0.5223
dbpedia-entity|qwen3-embed-600m+judge_expr|largest_gap|setmaxheaptopk|0.5174
dbpedia-entity|qwen3-embed-600m+judge_expr|optimal_global|judge|0.5893
dbpedia-entity|qwen3-embed-600m+judge_expr|optimal_global|judge_expr|0.6029
dbpedia-entity|qwen3-embed-600m+judge_expr|optimal_global|rankgpt|0.4809
dbpedia-entity|qwen3-embed-600m+judge_expr|optimal_global|setmaxheaptopk|0.5186
dbpedia-entity|qwen3-embed-600m+judge_expr|optimal_per_topic|judge|0.5882
dbpedia-entity|qwen3-embed-600m+judge_expr|optimal_per_topic|judge_expr|0.6188
dbpedia-entity|qwen3-embed-600m+judge_expr|optimal_per_topic|rankgpt|0.5215
dbpedia-entity|qwen3-embed-600m+judge_expr|optimal_per_topic|setmaxheaptopk|0.5182
dbpedia-entity|qwen3-embed-600m+judge_expr|quantile|judge|0.6152
dbpedia-entity|qwen3-embed-600m+judge_expr|quantile|judge_expr|0.6156
dbpedia-entity|qwen3-embed-600m+judge_expr|quantile|rankgpt|0.5037
dbpedia-entity|qwen3-embed-600m+judge_expr|quantile|setmaxheaptopk|0.4908
dbpedia-entity|qwen3-embed-600m+judge_expr|rank|judge|0.4838
dbpedia-entity|qwen3-embed-600m+judge_expr|rank|judge_expr|0.5505
dbpedia-entity|qwen3-embed-600m+judge_expr|rank|rankgpt|0.3874
dbpedia-entity|qwen3-embed-600m+judge_expr|rank|setmaxheaptopk|0.3906
dbpedia-entity|qwen3-embed-600m+judge_expr|thresholding|judge|0.594
dbpedia-entity|qwen3-embed-600m+judge_expr|thresholding|judge_expr|0.5882
dbpedia-entity|qwen3-embed-600m+judge_expr|thresholding|rankgpt|0.0
dbpedia-entity|qwen3-embed-600m+judge_expr|thresholding|setmaxheaptopk|0.0
dbpedia-entity|qwen3-embed-600m+point|direct|judge|0.5026
dbpedia-entity|qwen3-embed-600m+point|direct|judge_expr|0.4491
dbpedia-entity|qwen3-embed-600m+point|direct|rankgpt|0.4115
dbpedia-entity|qwen3-embed-600m+point|direct|setmaxheaptopk|0.4129
dbpedia-entity|qwen3-embed-600m+point|largest_gap|judge|0.4576
dbpedia-entity|qwen3-embed-600m+point|largest_gap|judge_expr|0.4762
dbpedia-entity|qwen3-embed-600m+point|largest_gap|rankgpt|0.4115
dbpedia-entity|qwen3-embed-600m+point|largest_gap|setmaxheaptopk|0.4129
dbpedia-entity|qwen3-embed-600m+point|optimal_global|judge|0.4165
dbpedia-entity|qwen3-embed-600m+point|optimal_global|judge_expr|0.4419
dbpedia-entity|qwen3-embed-600m+point|optimal_global|rankgpt|0.4032
dbpedia-entity|qwen3-embed-600m+point|optimal_global|setmaxheaptopk|0.4313
dbpedia-entity|qwen3-embed-600m+point|optimal_per_topic|judge|0.448
dbpedia-entity|qwen3-embed-600m+point|optimal_per_topic|judge_expr|0.4368
dbpedia-entity|qwen3-embed-600m+point|optimal_per_topic|rankgpt|0.4441
dbpedia-entity|qwen3-embed-600m+point|optimal_per_topic|setmaxheaptopk|0.441
dbpedia-entity|qwen3-embed-600m+point|quantile|judge|0.5554
dbpedia-entity|qwen3-embed-600m+point|quantile|judge_expr|0.4877
dbpedia-entity|qwen3-embed-600m+point|quantile|rankgpt|0.4914
dbpedia-entity|qwen3-embed-600m+point|quantile|setmaxheaptopk|0.4717
dbpedia-entity|qwen3-embed-600m+point|rank|judge|0.3631
dbpedia-entity|qwen3-embed-600m+point|rank|judge_expr|0.3441
dbpedia-entity|qwen3-embed-600m+point|rank|rankgpt|0.3544
dbpedia-entity|qwen3-embed-600m+point|rank|setmaxheaptopk|0.36
dbpedia-entity|qwen3-embed-600m+point|thresholding|judge|0.4276
dbpedia-entity|qwen3-embed-600m+point|thresholding|judge_expr|0.4103
dbpedia-entity|qwen3-embed-600m+point|thresholding|rankgpt|0.0
dbpedia-entity|qwen3-embed-600m+point|thresholding|setmaxheaptopk|0.0
dbpedia-entity|qwen3-embed-600m+rankfirst|direct|judge|0.5895
dbpedia-entity|qwen3-embed-600m+rankfirst|direct|judge_expr|0.517
dbpedia-entity|qwen3-embed-600m+rankfirst|direct|rankgpt|0.658
dbpedia-entity|qwen3-embed-600m+rankfirst|direct|setmaxheaptopk|0.6624
dbpedia-entity|qwen3-embed-600m+rankfirst|largest_gap|judge|0.5399
dbpedia-entity|qwen3-embed-600m+rankfirst|largest_gap|judge_expr|0.5538
dbpedia-entity|qwen3-embed-600m+rankfirst|largest_gap|rankgpt|0.658
dbpedia-entity|qwen3-embed-600m+rankfirst|largest_gap|setmaxheaptopk|0.6624
dbpedia-entity|qwen3-embed-600m+rankfirst|optimal_global|judge|0.4873
dbpedia-entity|qwen3-embed-600m+rankfirst|optimal_global|judge_expr|0.5026
dbpedia-entity|qwen3-embed-600m+rankfirst|optimal_global|rankgpt|0.6092
dbpedia-entity|qwen3-embed-600m+rankfirst|optimal_global|setmaxheaptopk|0.6363
dbpedia-entity|qwen3-embed-600m+rankfirst|optimal_per_topic|judge|0.5456
dbpedia-entity|qwen3-embed-600m+rankfirst|optimal_per_topic|judge_expr|0.5537
dbpedia-entity|qwen3-embed-600m+rankfirst|optimal_per_topic|rankgpt|0.6104
dbpedia-entity|qwen3-embed-600m+rankfirst|optimal_per_topic|setmaxheaptopk|0.5948
dbpedia-entity|qwen3-embed-600m+rankfirst|quantile|judge|0.67
dbpedia-entity|qwen3-embed-600m+rankfirst|quantile|judge_expr|0.5834
dbpedia-entity|qwen3-embed-600m+rankfirst|quantile|rankgpt|0.6381
dbpedia-entity|qwen3-embed-600m+rankfirst|quantile|setmaxheaptopk|0.5899
dbpedia-entity|qwen3-embed-600m+rankfirst|rank|judge|0.4583
dbpedia-entity|qwen3-embed-600m+rankfirst|rank|judge_expr|0.4216
dbpedia-entity|qwen3-embed-600m+rankfirst|rank|rankgpt|0.4818
dbpedia-entity|qwen3-embed-600m+rankfirst|rank|setmaxheaptopk|0.4656
dbpedia-entity|qwen3-embed-600m+rankfirst|thresholding|judge|0.4971
dbpedia-entity|qwen3-embed-600m+rankfirst|thresholding|judge_expr|0.4783
dbpedia-entity|qwen3-embed-600m+rankfirst|thresholding|rankgpt|0.0
dbpedia-entity|qwen3-embed-600m+rankfirst|thresholding|setmaxheaptopk|0.0
dbpedia-entity|qwen3-embed-600m+rankgpt|direct|judge|0.5532
dbpedia-entity|qwen3-embed-600m+rankgpt|direct|judge_expr|0.4976
dbpedia-entity|qwen3-embed-600m+rankgpt|direct|rankgpt|0.6392
dbpedia-entity|qwen3-embed-600m+rankgpt|direct|setmaxheaptopk|0.6294
dbpedia-entity|qwen3-embed-600m+rankgpt|largest_gap|judge|0.5159
dbpedia-entity|qwen3-embed-600m+rankgpt|largest_gap|judge_expr|0.5223
dbpedia-entity|qwen3-embed-600m+rankgpt|largest_gap|rankgpt|0.6392
dbpedia-entity|qwen3-embed-600m+rankgpt|largest_gap|setmaxheaptopk|0.6294
dbpedia-entity|qwen3-embed-600m+rankgpt|optimal_global|judge|0.4753
dbpedia-entity|qwen3-embed-600m+rankgpt|optimal_global|judge_expr|0.4882
dbpedia-entity|qwen3-embed-600m+rankgpt|optimal_global|rankgpt|0.5898
dbpedia-entity|qwen3-embed-600m+rankgpt|optimal_global|setmaxheaptopk|0.5834
dbpedia-entity|qwen3-embed-600m+rankgpt|optimal_per_topic|judge|0.5206
dbpedia-entity|qwen3-embed-600m+rankgpt|optimal_per_topic|judge_expr|0.5228
dbpedia-entity|qwen3-embed-600m+rankgpt|optimal_per_topic|rankgpt|0.5883
dbpedia-entity|qwen3-embed-600m+rankgpt|optimal_per_topic|setmaxheaptopk|0.5692
dbpedia-entity|qwen3-embed-600m+rankgpt|quantile|judge|0.6114
dbpedia-entity|qwen3-embed-600m+rankgpt|quantile|judge_expr|0.5414
dbpedia-entity|qwen3-embed-600m+rankgpt|quantile|rankgpt|0.5785
dbpedia-entity|qwen3-embed-600m+rankgpt|quantile|setmaxheaptopk|0.5367
dbpedia-entity|qwen3-embed-600m+rankgpt|rank|judge|0.4073
dbpedia-entity|qwen3-embed-600m+rankgpt|rank|judge_expr|0.3895
dbpedia-entity|qwen3-embed-600m+rankgpt|rank|rankgpt|0.4628
dbpedia-entity|qwen3-embed-600m+rankgpt|rank|setmaxheaptopk|0.4317
dbpedia-entity|qwen3-embed-600m+rankgpt|thresholding|judge|0.4787
dbpedia-entity|qwen3-embed-600m+rankgpt|thresholding|judge_expr|0.4638
dbpedia-entity|qwen3-embed-600m+rankgpt|thresholding|rankgpt|0.0
dbpedia-entity|qwen3-embed-600m+rankgpt|thresholding|setmaxheaptopk|0.0
dbpedia-entity|qwen3-embed-600m+rankzephyr|direct|judge|0.577
dbpedia-entity|qwen3-embed-600m+rankzephyr|direct|judge_expr|0.5077
dbpedia-entity|qwen3-embed-600m+rankzephyr|direct|rankgpt|0.6201
dbpedia-entity|qwen3-embed-600m+rankzephyr|direct|setmaxheaptopk|0.6257
dbpedia-entity|qwen3-embed-600m+rankzephyr|largest_gap|judge|0.5293
dbpedia-entity|qwen3-embed-600m+rankzephyr|largest_gap|judge_expr|0.5396
dbpedia-entity|qwen3-embed-600m+rankzephyr|largest_gap|rankgpt|0.6201
dbpedia-entity|qwen3-embed-600m+rankzephyr|largest_gap|setmaxheaptopk|0.6257
dbpedia-entity|qwen3-embed-600m+rankzephyr|optimal_global|judge|0.4842
dbpedia-entity|qwen3-embed-600m+rankzephyr|optimal_global|judge_expr|0.4981
dbpedia-entity|qwen3-embed-600m+rankzephyr|optimal_global|rankgpt|0.5765
dbpedia-entity|qwen3-embed-600m+rankzephyr|optimal_global|setmaxheaptopk|0.6056
dbpedia-entity|qwen3-embed-600m+rankzephyr|optimal_per_topic|judge|0.5337
dbpedia-entity|qwen3-embed-600m+rankzephyr|optimal_per_topic|judge_expr|0.5423
dbpedia-entity|qwen3-embed-600m+rankzephyr|optimal_per_topic|rankgpt|0.5807
dbpedia-entity|qwen3-embed-600m+rankzephyr|optimal_per_topic|setmaxheaptopk|0.57
dbpedia-entity|qwen3-embed-600m+rankzephyr|quantile|judge|0.647
dbpedia-entity|qwen3-embed-600m+rankzephyr|quantile|judge_expr|0.5711
dbpedia-entity|qwen3-embed-600m+rankzephyr|quantile|rankgpt|0.5913
dbpedia-entity|qwen3-embed-600m+rankzephyr|quantile|setmaxheaptopk|0.558
dbpedia-entity|qwen3-embed-600m+rankzephyr|rank|judge|0.4364
dbpedia-entity|qwen3-embed-600m+rankzephyr|rank|judge_expr|0.4048
dbpedia-entity|qwen3-embed-600m+rankzephyr|rank|rankgpt|0.4574
dbpedia-entity|qwen3-embed-600m+rankzephyr|rank|setmaxheaptopk|0.4435
dbpedia-entity|qwen3-embed-600m+rankzephyr|thresholding|judge|0.4867
dbpedia-entity|qwen3-embed-600m+rankzephyr|thresholding|judge_expr|0.478
dbpedia-entity|qwen3-embed-600m+rankzephyr|thresholding|rankgpt|0.0
dbpedia-entity|qwen3-embed-600m+rankzephyr|thresholding|setmaxheaptopk|0.0
dbpedia-entity|qwen3-embed-600m+setmaxheaptopk|direct|judge|0.5492
dbpedia-entity|qwen3-embed-600m+setmaxheaptopk|direct|judge_expr|0.514
dbpedia-entity|qwen3-embed-600m+setmaxheaptopk|direct|rankgpt|0.6335
dbpedia-entity|qwen3-embed-600m+setmaxheaptopk|direct|setmaxheaptopk|0.6493
dbpedia-entity|qwen3-embed-600m+setmaxheaptopk|largest_gap|judge|0.5353
dbpedia-entity|qwen3-embed-600m+setmaxheaptopk|largest_gap|judge_expr|0.5582
dbpedia-entity|qwen3-embed-600m+setmaxheaptopk|largest_gap|rankgpt|0.6335
dbpedia-entity|qwen3-embed-600m+setmaxheaptopk|largest_gap|setmaxheaptopk|0.6493
dbpedia-entity|qwen3-embed-600m+setmaxheaptopk|optimal_global|judge|0.4925
dbpedia-entity|qwen3-embed-600m+setmaxheaptopk|optimal_global|judge_expr|0.5063
dbpedia-entity|qwen3-embed-600m+setmaxheaptopk|optimal_global|rankgpt|0.5663
dbpedia-entity|qwen3-embed-600m+setmaxheaptopk|optimal_global|setmaxheaptopk|0.638
dbpedia-entity|qwen3-embed-600m+setmaxheaptopk|optimal_per_topic|judge|0.5197
dbpedia-entity|qwen3-embed-600m+setmaxheaptopk|optimal_per_topic|judge_expr|0.5348
dbpedia-entity|qwen3-embed-600m+setmaxheaptopk|optimal_per_topic|rankgpt|0.5728
dbpedia-entity|qwen3-embed-600m+setmaxheaptopk|optimal_per_topic|setmaxheaptopk|0.5871
dbpedia-entity|qwen3-embed-600m+setmaxheaptopk|quantile|judge|0.5769
dbpedia-entity|qwen3-embed-600m+setmaxheaptopk|quantile|judge_expr|0.5237
dbpedia-entity|qwen3-embed-600m+setmaxheaptopk|quantile|rankgpt|0.5347
dbpedia-entity|qwen3-embed-600m+setmaxheaptopk|quantile|setmaxheaptopk|0.535
dbpedia-entity|qwen3-embed-600m+setmaxheaptopk|rank|judge|0.4092
dbpedia-entity|qwen3-embed-600m+setmaxheaptopk|rank|judge_expr|0.3944
dbpedia-entity|qwen3-embed-600m+setmaxheaptopk|rank|rankgpt|0.4259
dbpedia-entity|qwen3-embed-600m+setmaxheaptopk|rank|setmaxheaptopk|0.4557
dbpedia-entity|qwen3-embed-600m+setmaxheaptopk|thresholding|judge|0.4931
dbpedia-entity|qwen3-embed-600m+setmaxheaptopk|thresholding|judge_expr|0.4852
dbpedia-entity|qwen3-embed-600m+setmaxheaptopk|thresholding|rankgpt|0.0
dbpedia-entity|qwen3-embed-600m+setmaxheaptopk|thresholding|setmaxheaptopk|0.0
dbpedia-entity|splade-v3|direct|judge|0.5171
dbpedia-entity|splade-v3|direct|judge_expr|0.4411
dbpedia-entity|splade-v3|direct|rankgpt|0.5415
dbpedia-entity|splade-v3|direct|setmaxheaptopk|0.561
dbpedia-entity|splade-v3|largest_gap|judge|0.4575
dbpedia-entity|splade-v3|largest_gap|judge_expr|0.4674
dbpedia-entity|splade-v3|largest_gap|rankgpt|0.5415
dbpedia-entity|splade-v3|largest_gap|setmaxheaptopk|0.561
dbpedia-entity|splade-v3|optimal_global|judge|0.4159
dbpedia-entity|splade-v3|optimal_global|judge_expr|0.4338
dbpedia-entity|splade-v3|optimal_global|rankgpt|0.5033
dbpedia-entity|splade-v3|optimal_global|setmaxheaptopk|0.5311
dbpedia-entity|splade-v3|optimal_per_topic|judge|0.4903
dbpedia-entity|splade-v3|optimal_per_topic|judge_expr|0.4844
dbpedia-entity|splade-v3|optimal_per_topic|rankgpt|0.5422
dbpedia-entity|splade-v3|optimal_per_topic|setmaxheaptopk|0.5304
dbpedia-entity|splade-v3|quantile|judge|0.6249
dbpedia-entity|splade-v3|quantile|judge_expr|0.5085
dbpedia-entity|splade-v3|quantile|rankgpt|0.6072
dbpedia-entity|splade-v3|quantile|setmaxheaptopk|0.5329
dbpedia-entity|splade-v3|rank|judge|0.3901
dbpedia-entity|splade-v3|rank|judge_expr|0.3477
dbpedia-entity|splade-v3|rank|rankgpt|0.4105
dbpedia-entity|splade-v3|rank|setmaxheaptopk|0.3904
dbpedia-entity|splade-v3|thresholding|judge|0.4197
dbpedia-entity|splade-v3|thresholding|judge_expr|0.4089
dbpedia-entity|splade-v3|thresholding|rankgpt|0.0
dbpedia-entity|splade-v3|thresholding|setmaxheaptopk|0.0
dbpedia-entity|splade-v3+judge|direct|judge|0.6301
dbpedia-entity|splade-v3+judge|direct|judge_expr|0.6137
dbpedia-entity|splade-v3+judge|direct|rankgpt|0.3792
dbpedia-entity|splade-v3+judge|direct|setmaxheaptopk|0.3804
dbpedia-entity|splade-v3+judge|largest_gap|judge|0.6925
dbpedia-entity|splade-v3+judge|largest_gap|judge_expr|0.6502
dbpedia-entity|splade-v3+judge|largest_gap|rankgpt|0.3792
dbpedia-entity|splade-v3+judge|largest_gap|setmaxheaptopk|0.3804
dbpedia-entity|splade-v3+judge|optimal_global|judge|0.5824
dbpedia-entity|splade-v3+judge|optimal_global|judge_expr|0.5911
dbpedia-entity|splade-v3+judge|optimal_global|rankgpt|0.3719
dbpedia-entity|splade-v3+judge|optimal_global|setmaxheaptopk|0.4006
dbpedia-entity|splade-v3+judge|optimal_per_topic|judge|0.5765
dbpedia-entity|splade-v3+judge|optimal_per_topic|judge_expr|0.5103
dbpedia-entity|splade-v3+judge|optimal_per_topic|rankgpt|0.4081
dbpedia-entity|splade-v3+judge|optimal_per_topic|setmaxheaptopk|0.4102
dbpedia-entity|splade-v3+judge|quantile|judge|0.5751
dbpedia-entity|splade-v3+judge|quantile|judge_expr|0.5348
dbpedia-entity|splade-v3+judge|quantile|rankgpt|0.4399
dbpedia-entity|splade-v3+judge|quantile|setmaxheaptopk|0.4356
dbpedia-entity|splade-v3+judge|rank|judge|0.4643
dbpedia-entity|splade-v3+judge|rank|judge_expr|0.4432
dbpedia-entity|splade-v3+judge|rank|rankgpt|0.3243
dbpedia-entity|splade-v3+judge|rank|setmaxheaptopk|0.3409
dbpedia-entity|splade-v3+judge|thresholding|judge|0.5927
dbpedia-entity|splade-v3+judge|thresholding|judge_expr|0.575
dbpedia-entity|splade-v3+judge|thresholding|rankgpt|0.0
dbpedia-entity|splade-v3+judge|thresholding|setmaxheaptopk|0.0
dbpedia-entity|splade-v3+judge_expr|direct|judge|0.6623
dbpedia-entity|splade-v3+judge_expr|direct|judge_expr|0.6811
dbpedia-entity|splade-v3+judge_expr|direct|rankgpt|0.5072
dbpedia-entity|splade-v3+judge_expr|direct|setmaxheaptopk|0.5011
dbpedia-entity|splade-v3+judge_expr|largest_gap|judge|0.7259
dbpedia-entity|splade-v3+judge_expr|largest_gap|judge_expr|0.7309
dbpedia-entity|splade-v3+judge_expr|largest_gap|rankgpt|0.5072
dbpedia-entity|splade-v3+judge_expr|largest_gap|setmaxheaptopk|0.5011
dbpedia-entity|splade-v3+judge_expr|optimal_global|judge|0.6229
dbpedia-entity|splade-v3+judge_expr|optimal_global|judge_expr|0.6358
dbpedia-entity|splade-v3+judge_expr|optimal_global|rankgpt|0.4733
dbpedia-entity|splade-v3+judge_expr|optimal_global|setmaxheaptopk|0.51
dbpedia-entity|splade-v3+judge_expr|optimal_per_topic|judge|0.6158
dbpedia-entity|splade-v3+judge_expr|optimal_per_topic|judge_expr|0.6467
dbpedia-entity|splade-v3+judge_expr|optimal_per_topic|rankgpt|0.5069
dbpedia-entity|splade-v3+judge_expr|optimal_per_topic|setmaxheaptopk|0.5096
dbpedia-entity|splade-v3+judge_expr|quantile|judge|0.6217
dbpedia-entity|splade-v3+judge_expr|quantile|judge_expr|0.6227
dbpedia-entity|splade-v3+judge_expr|quantile|rankgpt|0.5013
dbpedia-entity|splade-v3+judge_expr|quantile|setmaxheaptopk|0.4977
dbpedia-entity|splade-v3+judge_expr|rank|judge|0.5041
dbpedia-entity|splade-v3+judge_expr|rank|judge_expr|0.5962
dbpedia-entity|splade-v3+judge_expr|rank|rankgpt|0.3847
dbpedia-entity|splade-v3+judge_expr|rank|setmaxheaptopk|0.4026
dbpedia-entity|splade-v3+judge_expr|thresholding|judge|0.6314
dbpedia-entity|splade-v3+judge_expr|thresholding|judge_expr|0.6258
dbpedia-entity|splade-v3+judge_expr|thresholding|rankgpt|0.0
dbpedia-entity|splade-v3+judge_expr|thresholding|setmaxheaptopk|0.0
dbpedia-entity|splade-v3+point|direct|judge|0.4898
dbpedia-entity|splade-v3+point|direct|judge_expr|0.4385
dbpedia-entity|splade-v3+point|direct|rankgpt|0.3934
dbpedia-entity|splade-v3+point|direct|setmaxheaptopk|0.3984
dbpedia-entity|splade-v3+point|largest_gap|judge|0.4522
dbpedia-entity|splade-v3+point|largest_gap|judge_expr|0.4592
dbpedia-entity|splade-v3+point|largest_gap|rankgpt|0.3934
dbpedia-entity|splade-v3+point|largest_gap|setmaxheaptopk|0.3984
dbpedia-entity|splade-v3+point|optimal_global|judge|0.4026
dbpedia-entity|splade-v3+point|optimal_global|judge_expr|0.427
dbpedia-entity|splade-v3+point|optimal_global|rankgpt|0.3688
dbpedia-entity|splade-v3+point|optimal_global|setmaxheaptopk|0.4208
dbpedia-entity|splade-v3+point|optimal_per_topic|judge|0.438
dbpedia-entity|splade-v3+point|optimal_per_topic|judge_expr|0.42
dbpedia-entity|splade-v3+point|optimal_per_topic|rankgpt|0.421
dbpedia-entity|splade-v3+point|optimal_per_topic|setmaxheaptopk|0.4154
dbpedia-entity|splade-v3+point|quantile|judge|0.5434
dbpedia-entity|splade-v3+point|quantile|judge_expr|0.4719
dbpedia-entity|splade-v3+point|quantile|rankgpt|0.4569
dbpedia-entity|splade-v3+point|quantile|setmaxheaptopk|0.4484
dbpedia-entity|splade-v3+point|rank|judge|0.3403
dbpedia-entity|splade-v3+point|rank|judge_expr|0.3311
dbpedia-entity|splade-v3+point|rank|rankgpt|0.3308
dbpedia-entity|splade-v3+point|rank|setmaxheaptopk|0.3498
dbpedia-entity|splade-v3+point|thresholding|judge|0.4138
dbpedia-entity|splade-v3+point|thresholding|judge_expr|0.3973
dbpedia-entity|splade-v3+point|thresholding|rankgpt|0.0
dbpedia-entity|splade-v3+point|thresholding|setmaxheaptopk|0.0
dbpedia-entity|splade-v3+rankfirst|direct|judge|0.6155
dbpedia-entity|splade-v3+rankfirst|direct|judge_expr|0.5456
dbpedia-entity|splade-v3+rankfirst|direct|rankgpt|0.69
dbpedia-entity|splade-v3+rankfirst|direct|setmaxheaptopk|0.6911
dbpedia-entity|splade-v3+rankfirst|largest_gap|judge|0.5741
dbpedia-entity|splade-v3+rankfirst|largest_gap|judge_expr|0.58
dbpedia-entity|splade-v3+rankfirst|largest_gap|rankgpt|0.69
dbpedia-entity|splade-v3+rankfirst|largest_gap|setmaxheaptopk|0.6911
dbpedia-entity|splade-v3+rankfirst|optimal_global|judge|0.5119
dbpedia-entity|splade-v3+rankfirst|optimal_global|judge_expr|0.5294
dbpedia-entity|splade-v3+rankfirst|optimal_global|rankgpt|0.6302
dbpedia-entity|splade-v3+rankfirst|optimal_global|setmaxheaptopk|0.665
dbpedia-entity|splade-v3+rankfirst|optimal_per_topic|judge|0.5731
dbpedia-entity|splade-v3+rankfirst|optimal_per_topic|judge_expr|0.5792
dbpedia-entity|splade-v3+rankfirst|optimal_per_topic|rankgpt|0.6258
dbpedia-entity|splade-v3+rankfirst|optimal_per_topic|setmaxheaptopk|0.6124
dbpedia-entity|splade-v3+rankfirst|quantile|judge|0.6853
dbpedia-entity|splade-v3+rankfirst|quantile|judge_expr|0.6049
dbpedia-entity|splade-v3+rankfirst|quantile|rankgpt|0.6512
dbpedia-entity|splade-v3+rankfirst|quantile|setmaxheaptopk|0.6155
dbpedia-entity|splade-v3+rankfirst|rank|judge|0.4717
dbpedia-entity|splade-v3+rankfirst|rank|judge_expr|0.4424
dbpedia-entity|splade-v3+rankfirst|rank|rankgpt|0.495
dbpedia-entity|splade-v3+rankfirst|rank|setmaxheaptopk|0.4933
dbpedia-entity|splade-v3+rankfirst|thresholding|judge|0.5221
dbpedia-entity|splade-v3+rankfirst|thresholding|judge_expr|0.5052
dbpedia-entity|splade-v3+rankfirst|thresholding|rankgpt|0.0
dbpedia-entity|splade-v3+rankfirst|thresholding|setmaxheaptopk|0.0
dbpedia-entity|splade-v3+rankgpt|direct|judge|0.5787
dbpedia-entity|splade-v3+rankgpt|direct|judge_expr|0.5204
dbpedia-entity|splade-v3+rankgpt|direct|rankgpt|0.6496
dbpedia-entity|splade-v3+rankgpt|direct|setmaxheaptopk|0.643
dbpedia-entity|splade-v3+rankgpt|largest_gap|judge|0.5454
dbpedia-entity|splade-v3+rankgpt|largest_gap|judge_expr|0.5473
dbpedia-entity|splade-v3+rankgpt|largest_gap|rankgpt|0.6496
dbpedia-entity|splade-v3+rankgpt|largest_gap|setmaxheaptopk|0.643
dbpedia-entity|splade-v3+rankgpt|optimal_global|judge|0.4894
dbpedia-entity|splade-v3+rankgpt|optimal_global|judge_expr|0.5054
dbpedia-entity|splade-v3+rankgpt|optimal_global|rankgpt|0.6007
dbpedia-entity|splade-v3+rankgpt|optimal_global|setmaxheaptopk|0.6097
dbpedia-entity|splade-v3+rankgpt|optimal_per_topic|judge|0.546
dbpedia-entity|splade-v3+rankgpt|optimal_per_topic|judge_expr|0.5556
dbpedia-entity|splade-v3+rankgpt|optimal_per_topic|rankgpt|0.6064
dbpedia-entity|splade-v3+rankgpt|optimal_per_topic|setmaxheaptopk|0.5843
dbpedia-entity|splade-v3+rankgpt|quantile|judge|0.6373
dbpedia-entity|splade-v3+rankgpt|quantile|judge_expr|0.5621
dbpedia-entity|splade-v3+rankgpt|quantile|rankgpt|0.5906
dbpedia-entity|splade-v3+rankgpt|quantile|setmaxheaptopk|0.5609
dbpedia-entity|splade-v3+rankgpt|rank|judge|0.4252
dbpedia-entity|splade-v3+rankgpt|rank|judge_expr|0.414
dbpedia-entity|splade-v3+rankgpt|rank|rankgpt|0.4782
dbpedia-entity|splade-v3+rankgpt|rank|setmaxheaptopk|0.4478
dbpedia-entity|splade-v3+rankgpt|thresholding|judge|0.4922
dbpedia-entity|splade-v3+rankgpt|thresholding|judge_expr|0.4848
dbpedia-entity|splade-v3+rankgpt|thresholding|rankgpt|0.0
dbpedia-entity|splade-v3+rankgpt|thresholding|setmaxheaptopk|0.0
dbpedia-entity|splade-v3+rankzephyr|direct|judge|0.5856
dbpedia-entity|splade-v3+rankzephyr|direct|judge_expr|0.5219
dbpedia-entity|splade-v3+rankzephyr|direct|rankgpt|0.6595
dbpedia-entity|splade-v3+rankzephyr|direct|setmaxheaptopk|0.6554
dbpedia-entity|splade-v3+rankzephyr|largest_gap|judge|0.5407
dbpedia-entity|splade-v3+rankzephyr|largest_gap|judge_expr|0.5501
dbpedia-entity|splade-v3+rankzephyr|largest_gap|rankgpt|0.6595
dbpedia-entity|splade-v3+rankzephyr|largest_gap|setmaxheaptopk|0.6554
dbpedia-entity|splade-v3+rankzephyr|optimal_global|judge|0.4912
dbpedia-entity|splade-v3+rankzephyr|optimal_global|judge_expr|0.5093
dbpedia-entity|splade-v3+rankzephyr|optimal_global|rankgpt|0.5971
dbpedia-entity|splade-v3+rankzephyr|optimal_global|setmaxheaptopk|0.6215
dbpedia-entity|splade-v3+rankzephyr|optimal_per_topic|judge|0.5509
dbpedia-entity|splade-v3+rankzephyr|optimal_per_topic|judge_expr|0.5529
dbpedia-entity|splade-v3+rankzephyr|optimal_per_topic|rankgpt|0.5965
dbpedia-entity|splade-v3+rankzephyr|optimal_per_topic|setmaxheaptopk|0.5766
dbpedia-entity|splade-v3+rankzephyr|quantile|judge|0.6461
dbpedia-entity|splade-v3+rankzephyr|quantile|judge_expr|0.5762
dbpedia-entity|splade-v3+rankzephyr|quantile|rankgpt|0.5929
dbpedia-entity|splade-v3+rankzephyr|quantile|setmaxheaptopk|0.5741
dbpedia-entity|splade-v3+rankzephyr|rank|judge|0.4429
dbpedia-entity|splade-v3+rankzephyr|rank|judge_expr|0.4142
dbpedia-entity|splade-v3+rankzephyr|rank|rankgpt|0.4661
dbpedia-entity|splade-v3+rankzephyr|rank|setmaxheaptopk|0.4592
dbpedia-entity|splade-v3+rankzephyr|thresholding|judge|0.4989
dbpedia-entity|splade-v3+rankzephyr|thresholding|judge_expr|0.4878
dbpedia-entity|splade-v3+rankzephyr|thresholding|rankgpt|0.0
dbpedia-entity|splade-v3+rankzephyr|thresholding|setmaxheaptopk|0.0
dbpedia-entity|splade-v3+setmaxheaptopk|direct|judge|0.5728
dbpedia-entity|splade-v3+setmaxheaptopk|direct|judge_expr|0.5393
dbpedia-entity|splade-v3+setmaxheaptopk|direct|rankgpt|0.659
dbpedia-entity|splade-v3+setmaxheaptopk|direct|setmaxheaptopk|0.6909
dbpedia-entity|splade-v3+setmaxheaptopk|largest_gap|judge|0.5618
dbpedia-entity|splade-v3+setmaxheaptopk|largest_gap|judge_expr|0.5724
dbpedia-entity|splade-v3+setmaxheaptopk|largest_gap|rankgpt|0.659
dbpedia-entity|splade-v3+setmaxheaptopk|largest_gap|setmaxheaptopk|0.6909
dbpedia-entity|splade-v3+setmaxheaptopk|optimal_global|judge|0.509
dbpedia-entity|splade-v3+setmaxheaptopk|optimal_global|judge_expr|0.5234
dbpedia-entity|splade-v3+setmaxheaptopk|optimal_global|rankgpt|0.5788
dbpedia-entity|splade-v3+setmaxheaptopk|optimal_global|setmaxheaptopk|0.6691
dbpedia-entity|splade-v3+setmaxheaptopk|optimal_per_topic|judge|0.5444
dbpedia-entity|splade-v3+setmaxheaptopk|optimal_per_topic|judge_expr|0.5613
dbpedia-entity|splade-v3+setmaxheaptopk|optimal_per_topic|rankgpt|0.58
dbpedia-entity|splade-v3+setmaxheaptopk|optimal_per_topic|setmaxheaptopk|0.596
dbpedia-entity|splade-v3+setmaxheaptopk|quantile|judge|0.602
dbpedia-entity|splade-v3+setmaxheaptopk|quantile|judge_expr|0.5507
dbpedia-entity|splade-v3+setmaxheaptopk|quantile|rankgpt|0.5395
dbpedia-entity|splade-v3+setmaxheaptopk|quantile|setmaxheaptopk|0.5497
dbpedia-entity|splade-v3+setmaxheaptopk|rank|judge|0.4231
dbpedia-entity|splade-v3+setmaxheaptopk|rank|judge_expr|0.4243
dbpedia-entity|splade-v3+setmaxheaptopk|rank|rankgpt|0.4365
dbpedia-entity|splade-v3+setmaxheaptopk|rank|setmaxheaptopk|0.4817
dbpedia-entity|splade-v3+setmaxheaptopk|thresholding|judge|0.51
dbpedia-entity|splade-v3+setmaxheaptopk|thresholding|judge_expr|0.5047
dbpedia-entity|splade-v3+setmaxheaptopk|thresholding|rankgpt|0.0
dbpedia-entity|splade-v3+setmaxheaptopk|thresholding|setmaxheaptopk|0.0
nfcorpus|bm25|direct|judge|0.5324
nfcorpus|bm25|direct|judge_expr|0.5192
nfcorpus|bm25|direct|rankgpt|0.4858
nfcorpus|bm25|direct|setmaxheaptopk|0.5094
nfcorpus|bm25|largest_gap|judge|0.5206
nfcorpus|bm25|largest_gap|judge_expr|0.5496
nfcorpus|bm25|largest_gap|rankgpt|0.4858
nfcorpus|bm25|largest_gap|setmaxheaptopk|0.5094
nfcorpus|bm25|optimal_global|judge|0.5104
nfcorpus|bm25|optimal_global|judge_expr|0.4567
nfcorpus|bm25|optimal_global|rankgpt|0.4259
nfcorpus|bm25|optimal_global|setmaxheaptopk|0.4827
nfcorpus|bm25|optimal_per_topic|judge|0.1997
nfcorpus|bm25|optimal_per_topic|judge_expr|0.1928
nfcorpus|bm25|optimal_per_topic|rankgpt|0.2021
nfcorpus|bm25|optimal_per_topic|setmaxheaptopk|0.1983
nfcorpus|bm25|quantile|judge|0.5599
nfcorpus|bm25|quantile|judge_expr|0.459
nfcorpus|bm25|quantile|rankgpt|0.518
nfcorpus|bm25|quantile|setmaxheaptopk|0.4999
nfcorpus|bm25|rank|judge|0.3657
nfcorpus|bm25|rank|judge_expr|0.3444
nfcorpus|bm25|rank|rankgpt|0.3323
nfcorpus|bm25|rank|setmaxheaptopk|0.3759
nfcorpus|bm25|thresholding|judge|0.5273
nfcorpus|bm25|thresholding|judge_expr|0.5066
nfcorpus|bm25|thresholding|rankgpt|0.0
nfcorpus|bm25|thresholding|setmaxheaptopk|0.0
nfcorpus|bm25+judge|direct|judge|0.676
nfcorpus|bm25+judge|direct|judge_expr|0.6914
nfcorpus|bm25+judge|direct|rankgpt|0.4348
nfcorpus|bm25+judge|direct|setmaxheaptopk|0.4767
nfcorpus|bm25+judge|largest_gap|judge|0.718
nfcorpus|bm25+judge|largest_gap|judge_expr|0.723
nfcorpus|bm25+judge|largest_gap|rankgpt|0.4348
nfcorpus|bm25+judge|largest_gap|setmaxheaptopk|0.4767
nfcorpus|bm25+judge|optimal_global|judge|0.6815
nfcorpus|bm25+judge|optimal_global|judge_expr|0.6181
nfcorpus|bm25+judge|optimal_global|rankgpt|0.412
nfcorpus|bm25+judge|optimal_global|setmaxheaptopk|0.4595
nfcorpus|bm25+judge|optimal_per_topic|judge|0.2848
nfcorpus|bm25+judge|optimal_per_topic|judge_expr|0.2478
nfcorpus|bm25+judge|optimal_per_topic|rankgpt|0.2014
nfcorpus|bm25+judge|optimal_per_topic|setmaxheaptopk|0.2103
nfcorpus|bm25+judge|quantile|judge|0.6423
nfcorpus|bm25+judge|quantile|judge_expr|0.6026
nfcorpus|bm25+judge|quantile|rankgpt|0.5002
nfcorpus|bm25+judge|quantile|setmaxheaptopk|0.4849
nfcorpus|bm25+judge|rank|judge|0.507
nfcorpus|bm25+judge|rank|judge_expr|0.4884
nfcorpus|bm25+judge|rank|rankgpt|0.3311
nfcorpus|bm25+judge|rank|setmaxheaptopk|0.3697
nfcorpus|bm25+judge|thresholding|judge|0.6974
nfcorpus|bm25+judge|thresholding|judge_expr|0.6753
nfcorpus|bm25+judge|thresholding|rankgpt|0.0
nfcorpus|bm25+judge|thresholding|setmaxheaptopk|0.0
nfcorpus|bm25+judge_expr|direct|judge|0.694
nfcorpus|bm25+judge_expr|direct|judge_expr|0.716
nfcorpus|bm25+judge_expr|direct|rankgpt|0.5016
nfcorpus|bm25+judge_expr|direct|setmaxheaptopk|0.5335
nfcorpus|bm25+judge_expr|largest_gap|judge|0.7371
nfcorpus|bm25+judge_expr|largest_gap|judge_expr|0.7503
nfcorpus|bm25+judge_expr|largest_gap|rankgpt|0.5016
nfcorpus|bm25+judge_expr|largest_gap|setmaxheaptopk|0.5335
nfcorpus|bm25+judge_expr|optimal_global|judge|0.6981
nfcorpus|bm25+judge_expr|optimal_global|judge_expr|0.6463
nfcorpus|bm25+judge_expr|optimal_global|rankgpt|0.4689
nfcorpus|bm25+judge_expr|optimal_global|setmaxheaptopk|0.5212
nfcorpus|bm25+judge_expr|optimal_per_topic|judge|0.2939
nfcorpus|bm25+judge_expr|optimal_per_topic|judge_expr|0.2951
nfcorpus|bm25+judge_expr|optimal_per_topic|rankgpt|0.2248
nfcorpus|bm25+judge_expr|optimal_per_topic|setmaxheaptopk|0.2344
nfcorpus|bm25+judge_expr|quantile|judge|0.6653
nfcorpus|bm25+judge_expr|quantile|judge_expr|0.6568
nfcorpus|bm25+judge_expr|quantile|rankgpt|0.5342
nfcorpus|bm25+judge_expr|quantile|setmaxheaptopk|0.5201
nfcorpus|bm25+judge_expr|rank|judge|0.5271
nfcorpus|bm25+judge_expr|rank|judge_expr|0.5956
nfcorpus|bm25+judge_expr|rank|rankgpt|0.3742
nfcorpus|bm25+judge_expr|rank|setmaxheaptopk|0.4129
nfcorpus|bm25+judge_expr|thresholding|judge|0.7127
nfcorpus|bm25+judge_expr|thresholding|judge_expr|0.694
nfcorpus|bm25+judge_expr|thresholding|rankgpt|0.0
nfcorpus|bm25+judge_expr|thresholding|setmaxheaptopk|0.0
nfcorpus|bm25+point|direct|judge|0.582
nfcorpus|bm25+point|direct|judge_expr|0.5654
nfcorpus|bm25+point|direct|rankgpt|0.4527
nfcorpus|bm25+point|direct|setmaxheaptopk|0.499
nfcorpus|bm25+point|largest_gap|judge|0.5445
nfcorpus|bm25+point|largest_gap|judge_expr|0.5958
nfcorpus|bm25+point|largest_gap|rankgpt|0.4527
nfcorpus|bm25+point|largest_gap|setmaxheaptopk|0.499
nfcorpus|bm25+point|optimal_global|judge|0.5477
nfcorpus|bm25+point|optimal_global|judge_expr|0.4789
nfcorpus|bm25+point|optimal_global|rankgpt|0.431
nfcorpus|bm25+point|optimal_global|setmaxheaptopk|0.5041
nfcorpus|bm25+point|optimal_per_topic|judge|0.2364
nfcorpus|bm25+point|optimal_per_topic|judge_expr|0.2221
nfcorpus|bm25+point|optimal_per_topic|rankgpt|0.2273
nfcorpus|bm25+point|optimal_per_topic|setmaxheaptopk|0.2371
nfcorpus|bm25+point|quantile|judge|0.6067
nfcorpus|bm25+point|quantile|judge_expr|0.5187
nfcorpus|bm25+point|quantile|rankgpt|0.5139
nfcorpus|bm25+point|quantile|setmaxheaptopk|0.5212
nfcorpus|bm25+point|rank|judge|0.402
nfcorpus|bm25+point|rank|judge_expr|0.3865
nfcorpus|bm25+point|rank|rankgpt|0.3391
nfcorpus|bm25+point|rank|setmaxheaptopk|0.4115
nfcorpus|bm25+point|thresholding|judge|0.5785
nfcorpus|bm25+point|thresholding|judge_expr|0.5481
nfcorpus|bm25+point|thresholding|rankgpt|0.0
nfcorpus|bm25+point|thresholding|setmaxheaptopk|0.0
nfcorpus|bm25+rankfirst|direct|judge|0.6158
nfcorpus|bm25+rankfirst|direct|judge_expr|0.6111
nfcorpus|bm25+rankfirst|direct|rankgpt|0.5648
nfcorpus|bm25+rankfirst|direct|setmaxheaptopk|0.617
nfcorpus|bm25+rankfirst|largest_gap|judge|0.6051
nfcorpus|bm25+rankfirst|largest_gap|judge_expr|0.6417
nfcorpus|bm25+rankfirst|largest_gap|rankgpt|0.5648
nfcorpus|bm25+rankfirst|largest_gap|setmaxheaptopk|0.617
nfcorpus|bm25+rankfirst|optimal_global|judge|0.5972
nfcorpus|bm25+rankfirst|optimal_global|judge_expr|0.5405
nfcorpus|bm25+rankfirst|optimal_global|rankgpt|0.536
nfcorpus|bm25+rankfirst|optimal_global|setmaxheaptopk|0.5997
nfcorpus|bm25+rankfirst|optimal_per_topic|judge|0.2536
nfcorpus|bm25+rankfirst|optimal_per_topic|judge_expr|0.2444
nfcorpus|bm25+rankfirst|optimal_per_topic|rankgpt|0.2564
nfcorpus|bm25+rankfirst|optimal_per_topic|setmaxheaptopk|0.2583
nfcorpus|bm25+rankfirst|quantile|judge|0.6369
nfcorpus|bm25+rankfirst|quantile|judge_expr|0.5502
nfcorpus|bm25+rankfirst|quantile|rankgpt|0.5906
nfcorpus|bm25+rankfirst|quantile|setmaxheaptopk|0.5718
nfcorpus|bm25+rankfirst|rank|judge|0.4416
nfcorpus|bm25+rankfirst|rank|judge_expr|0.4239
nfcorpus|bm25+rankfirst|rank|rankgpt|0.4086
nfcorpus|bm25+rankfirst|rank|setmaxheaptopk|0.4555
nfcorpus|bm25+rankfirst|thresholding|judge|0.6158
nfcorpus|bm25+rankfirst|thresholding|judge_expr|0.5962
nfcorpus|bm25+rankfirst|thresholding|rankgpt|0.0
nfcorpus|bm25+rankfirst|thresholding|setmaxheaptopk|0.0
nfcorpus|bm25+rankgpt|direct|judge|0.5527
nfcorpus|bm25+rankgpt|direct|judge_expr|0.5515
nfcorpus|bm25+rankgpt|direct|rankgpt|0.5346
nfcorpus|bm25+rankgpt|direct|setmaxheaptopk|0.5331
nfcorpus|bm25+rankgpt|largest_gap|judge|0.5506
nfcorpus|bm25+rankgpt|largest_gap|judge_expr|0.5785
nfcorpus|bm25+rankgpt|largest_gap|rankgpt|0.5346
nfcorpus|bm25+rankgpt|largest_gap|setmaxheaptopk|0.5331
nfcorpus|bm25+rankgpt|optimal_global|judge|0.5438
nfcorpus|bm25+rankgpt|optimal_global|judge_expr|0.5005
nfcorpus|bm25+rankgpt|optimal_global|rankgpt|0.4931
nfcorpus|bm25+rankgpt|optimal_global|setmaxheaptopk|0.5039
nfcorpus|bm25+rankgpt|optimal_per_topic|judge|0.2188
nfcorpus|bm25+rankgpt|optimal_per_topic|judge_expr|0.2095
nfcorpus|bm25+rankgpt|optimal_per_topic|rankgpt|0.2269
nfcorpus|bm25+rankgpt|optimal_per_topic|setmaxheaptopk|0.2217
nfcorpus|bm25+rankgpt|quantile|judge|0.5677
nfcorpus|bm25+rankgpt|quantile|judge_expr|0.4851
nfcorpus|bm25+rankgpt|quantile|rankgpt|0.5314
nfcorpus|bm25+rankgpt|quantile|setmaxheaptopk|0.4874
nfcorpus|bm25+rankgpt|rank|judge|0.3799
nfcorpus|bm25+rankgpt|rank|judge_expr|0.3643
nfcorpus|bm25+rankgpt|rank|rankgpt|0.3838
nfcorpus|bm25+rankgpt|rank|setmaxheaptopk|0.389
nfcorpus|bm25+rankgpt|thresholding|judge|0.5599
nfcorpus|bm25+rankgpt|thresholding|judge_expr|0.5384
nfcorpus|bm25+rankgpt|thresholding|rankgpt|0.0
nfcorpus|bm25+rankgpt|thresholding|setmaxheaptopk|0.0
nfcorpus|bm25+rankzephyr|direct|judge|0.5266
nfcorpus|bm25+rankzephyr|direct|judge_expr|0.5154
nfcorpus|bm25+rankzephyr|direct|rankgpt|0.4733
nfcorpus|bm25+rankzephyr|largest_gap|judge|0.5161
nfcorpus|bm25+rankzephyr|largest_gap|judge_expr|0.5462
nfcorpus|bm25+rankzephyr|largest_gap|rankgpt|0.4733
nfcorpus|bm25+rankzephyr|optimal_global|judge|0.5052
nfcorpus|bm25+rankzephyr|optimal_global|judge_expr|0.453
nfcorpus|bm25+rankzephyr|optimal_global|rankgpt|0.4217
nfcorpus|bm25+rankzephyr|optimal_per_topic|judge|0.1963
nfcorpus|bm25+rankzephyr|optimal_per_topic|judge_expr|0.1912
nfcorpus|bm25+rankzephyr|optimal_per_topic|rankgpt|0.1967
nfcorpus|bm25+rankzephyr|quantile|judge|0.5537
nfcorpus|bm25+rankzephyr|quantile|judge_expr|0.4533
nfcorpus|bm25+rankzephyr|quantile|rankgpt|0.5118
nfcorpus|bm25+rankzephyr|rank|judge|0.3602
nfcorpus|bm25+rankzephyr|rank|judge_expr|0.3389
nfcorpus|bm25+rankzephyr|rank|rankgpt|0.3301
nfcorpus|bm25+rankzephyr|thresholding|judge|0.5217
nfcorpus|bm25+rankzephyr|thresholding|judge_expr|0.5014
nfcorpus|bm25+rankzephyr|thresholding|rankgpt|0.0
nfcorpus|bm25+setmaxheaptopk|direct|judge|0.592
nfcorpus|bm25+setmaxheaptopk|direct|judge_expr|0.5909
nfcorpus|bm25+setmaxheaptopk|direct|rankgpt|0.588
nfcorpus|bm25+setmaxheaptopk|direct|setmaxheaptopk|0.6193
nfcorpus|bm25+setmaxheaptopk|largest_gap|judge|0.5874
nfcorpus|bm25+setmaxheaptopk|largest_gap|judge_expr|0.6201
nfcorpus|bm25+setmaxheaptopk|largest_gap|rankgpt|0.588
nfcorpus|bm25+setmaxheaptopk|largest_gap|setmaxheaptopk|0.6193
nfcorpus|bm25+setmaxheaptopk|optimal_global|judge|0.5813
nfcorpus|bm25+setmaxheaptopk|optimal_global|judge_expr|0.5336
nfcorpus|bm25+setmaxheaptopk|optimal_global|rankgpt|0.5191
nfcorpus|bm25+setmaxheaptopk|optimal_global|setmaxheaptopk|0.5933
nfcorpus|bm25+setmaxheaptopk|optimal_per_topic|judge|0.2509
nfcorpus|bm25+setmaxheaptopk|optimal_per_topic|judge_expr|0.2404
nfcorpus|bm25+setmaxheaptopk|optimal_per_topic|rankgpt|0.2488
nfcorpus|bm25+setmaxheaptopk|optimal_per_topic|setmaxheaptopk|0.2607
nfcorpus|bm25+setmaxheaptopk|quantile|judge|0.6008
nfcorpus|bm25+setmaxheaptopk|quantile|judge_expr|0.5275
nfcorpus|bm25+setmaxheaptopk|quantile|rankgpt|0.5511
nfcorpus|bm25+setmaxheaptopk|quantile|setmaxheaptopk|0.5554
nfcorpus|bm25+setmaxheaptopk|rank|judge|0.4186
nfcorpus|bm25+setmaxheaptopk|rank|judge_expr|0.4055
nfcorpus|bm25+setmaxheaptopk|rank|rankgpt|0.3911
nfcorpus|bm25+setmaxheaptopk|rank|setmaxheaptopk|0.4571
nfcorpus|bm25+setmaxheaptopk|thresholding|judge|0.5993
nfcorpus|bm25+setmaxheaptopk|thresholding|judge_expr|0.5777
nfcorpus|bm25+setmaxheaptopk|thresholding|rankgpt|0.0
nfcorpus|bm25+setmaxheaptopk|thresholding|setmaxheaptopk|0.0
nfcorpus|colbert-small|direct|judge|0.6266
nfcorpus|colbert-small|direct|judge_expr|0.5549
nfcorpus|colbert-small|direct|rankgpt|0.5494
nfcorpus|colbert-small|direct|setmaxheaptopk|0.6753
nfcorpus|colbert-small|largest_gap|judge|0.5515
nfcorpus|colbert-small|largest_gap|judge_expr|0.5848
nfcorpus|colbert-small|largest_gap|rankgpt|0.5494
nfcorpus|colbert-small|largest_gap|setmaxheaptopk|0.6753
nfcorpus|colbert-small|optimal_global|judge|0.5476
nfcorpus|colbert-small|optimal_global|judge_expr|0.4937
nfcorpus|colbert-small|optimal_global|rankgpt|0.4937
nfcorpus|colbert-small|optimal_global|setmaxheaptopk|0.6127
nfcorpus|colbert-small|optimal_per_topic|judge|0.2389
nfcorpus|colbert-small|optimal_per_topic|judge_expr|0.228
nfcorpus|colbert-small|optimal_per_topic|rankgpt|0.2563
nfcorpus|colbert-small|optimal_per_topic|setmaxheaptopk|0.2636
nfcorpus|colbert-small|quantile|judge|0.8093
nfcorpus|colbert-small|quantile|judge_expr|0.5783
nfcorpus|colbert-small|quantile|rankgpt|0.9748
nfcorpus|colbert-small|quantile|setmaxheaptopk|0.8404
nfcorpus|colbert-small|rank|judge|0.5573
nfcorpus|colbert-small|rank|judge_expr|0.3934
nfcorpus|colbert-small|rank|rankgpt|0.424
nfcorpus|colbert-small|rank|setmaxheaptopk|0.4643
nfcorpus|colbert-small|thresholding|judge|0.5574
nfcorpus|colbert-small|thresholding|judge_expr|0.5422
nfcorpus|colbert-small|thresholding|rankgpt|0.0
nfcorpus|colbert-small|thresholding|setmaxheaptopk|0.0
nfcorpus|colbert-small+judge|direct|judge|0.9969
nfcorpus|colbert-small+judge|direct|judge_expr|0.8721
nfcorpus|colbert-small+judge|direct|rankgpt|0.4427
nfcorpus|colbert-small+judge|direct|setmaxheaptopk|0.4716
nfcorpus|colbert-small+judge|largest_gap|judge|0.9969
nfcorpus|colbert-small+judge|largest_gap|judge_expr|0.9356
nfcorpus|colbert-small+judge|largest_gap|rankgpt|0.4427
nfcorpus|colbert-small+judge|largest_gap|setmaxheaptopk|0.4716
nfcorpus|colbert-small+judge|optimal_global|judge|0.8483
nfcorpus|colbert-small+judge|optimal_global|judge_expr|0.7653
nfcorpus|colbert-small+judge|optimal_global|rankgpt|0.4279
nfcorpus|colbert-small+judge|optimal_global|setmaxheaptopk|0.4724
nfcorpus|colbert-small+judge|optimal_per_topic|judge|0.3684
nfcorpus|colbert-small+judge|optimal_per_topic|judge_expr|0.2895
nfcorpus|colbert-small+judge|optimal_per_topic|rankgpt|0.2143
nfcorpus|colbert-small+judge|optimal_per_topic|setmaxheaptopk|0.2224
nfcorpus|colbert-small+judge|quantile|judge|1.0
nfcorpus|colbert-small+judge|quantile|judge_expr|0.8895
nfcorpus|colbert-small+judge|quantile|rankgpt|0.6073
nfcorpus|colbert-small+judge|quantile|setmaxheaptopk|0.5876
nfcorpus|colbert-small+judge|rank|judge|0.7244
nfcorpus|colbert-small+judge|rank|judge_expr|0.6805
nfcorpus|colbert-small+judge|rank|rankgpt|0.3839
nfcorpus|colbert-small+judge|rank|setmaxheaptopk|0.4053
nfcorpus|colbert-small+judge|thresholding|judge|0.8762
nfcorpus|colbert-small+judge|thresholding|judge_expr|0.8313
nfcorpus|colbert-small+judge|thresholding|rankgpt|0.0
nfcorpus|colbert-small+judge|thresholding|setmaxheaptopk|0.0
nfcorpus|colbert-small+judge_expr|direct|judge|0.959
nfcorpus|colbert-small+judge_expr|direct|judge_expr|0.9009
nfcorpus|colbert-small+judge_expr|direct|rankgpt|0.5188
nfcorpus|colbert-small+judge_expr|direct|setmaxheaptopk|0.5353
nfcorpus|colbert-small+judge_expr|largest_gap|judge|0.9703
nfcorpus|colbert-small+judge_expr|largest_gap|judge_expr|1.0
nfcorpus|colbert-small+judge_expr|largest_gap|rankgpt|0.5188
nfcorpus|colbert-small+judge_expr|largest_gap|setmaxheaptopk|0.5353
nfcorpus|colbert-small+judge_expr|optimal_global|judge|0.8474
nfcorpus|colbert-small+judge_expr|optimal_global|judge_expr|0.7895
nfcorpus|colbert-small+judge_expr|optimal_global|rankgpt|0.5042
nfcorpus|colbert-small+judge_expr|optimal_global|setmaxheaptopk|0.5489
nfcorpus|colbert-small+judge_expr|optimal_per_topic|judge|0.3661
nfcorpus|colbert-small+judge_expr|optimal_per_topic|judge_expr|0.3684
nfcorpus|colbert-small+judge_expr|optimal_per_topic|rankgpt|0.2418
nfcorpus|colbert-small+judge_expr|optimal_per_topic|setmaxheaptopk|0.251
nfcorpus|colbert-small+judge_expr|quantile|judge|0.9948
nfcorpus|colbert-small+judge_expr|quantile|judge_expr|1.0
nfcorpus|colbert-small+judge_expr|quantile|rankgpt|0.6697
nfcorpus|colbert-small+judge_expr|quantile|setmaxheaptopk|0.6368
nfcorpus|colbert-small+judge_expr|rank|judge|0.718
nfcorpus|colbert-small+judge_expr|rank|judge_expr|0.9996
nfcorpus|colbert-small+judge_expr|rank|rankgpt|0.4516
nfcorpus|colbert-small+judge_expr|rank|setmaxheaptopk|0.4676
nfcorpus|colbert-small+judge_expr|thresholding|judge|0.8759
nfcorpus|colbert-small+judge_expr|thresholding|judge_expr|0.8421
nfcorpus|colbert-small+judge_expr|thresholding|rankgpt|0.0
nfcorpus|colbert-small+judge_expr|thresholding|setmaxheaptopk|0.0
nfcorpus|colbert-small+point|direct|judge|0.7423
nfcorpus|colbert-small+point|direct|judge_expr|0.6518
nfcorpus|colbert-small+point|direct|rankgpt|0.4834
nfcorpus|colbert-small+point|direct|setmaxheaptopk|0.5287
nfcorpus|colbert-small+point|largest_gap|judge|0.6426
nfcorpus|colbert-small+point|largest_gap|judge_expr|0.7029
nfcorpus|colbert-small+point|largest_gap|rankgpt|0.4834
nfcorpus|colbert-small+point|largest_gap|setmaxheaptopk|0.5287
nfcorpus|colbert-small+point|optimal_global|judge|0.6263
nfcorpus|colbert-small+point|optimal_global|judge_expr|0.5507
nfcorpus|colbert-small+point|optimal_global|rankgpt|0.4778
nfcorpus|colbert-small+point|optimal_global|setmaxheaptopk|0.5585
nfcorpus|colbert-small+point|optimal_per_topic|judge|0.2724
nfcorpus|colbert-small+point|optimal_per_topic|judge_expr|0.2467
nfcorpus|colbert-small+point|optimal_per_topic|rankgpt|0.2465
nfcorpus|colbert-small+point|optimal_per_topic|setmaxheaptopk|0.2616
nfcorpus|colbert-small+point|quantile|judge|0.8901
nfcorpus|colbert-small+point|quantile|judge_expr|0.703
nfcorpus|colbert-small+point|quantile|rankgpt|0.6325
nfcorpus|colbert-small+point|quantile|setmaxheaptopk|0.6465
nfcorpus|colbert-small+point|rank|judge|0.4983
nfcorpus|colbert-small+point|rank|judge_expr|0.4899
nfcorpus|colbert-small+point|rank|rankgpt|0.4011
nfcorpus|colbert-small+point|rank|setmaxheaptopk|0.4781
nfcorpus|colbert-small+point|thresholding|judge|0.6621
nfcorpus|colbert-small+point|thresholding|judge_expr|0.6235
nfcorpus|colbert-small+point|thresholding|rankgpt|0.0
nfcorpus|colbert-small+point|thresholding|setmaxheaptopk|0.0
nfcorpus|colbert-small+rankfirst|direct|judge|0.7447
nfcorpus|colbert-small+rankfirst|direct|judge_expr|0.6829
nfcorpus|colbert-small+rankfirst|direct|rankgpt|0.6364
nfcorpus|colbert-small+rankfirst|direct|setmaxheaptopk|0.7043
nfcorpus|colbert-small+rankfirst|largest_gap|judge|0.6846
nfcorpus|colbert-small+rankfirst|largest_gap|judge_expr|0.729
nfcorpus|colbert-small+rankfirst|largest_gap|rankgpt|0.6364
nfcorpus|colbert-small+rankfirst|largest_gap|setmaxheaptopk|0.7043
nfcorpus|colbert-small+rankfirst|optimal_global|judge|0.6701
nfcorpus|colbert-small+rankfirst|optimal_global|judge_expr|0.6054
nfcorpus|colbert-small+rankfirst|optimal_global|rankgpt|0.6212
nfcorpus|colbert-small+rankfirst|optimal_global|setmaxheaptopk|0.6846
nfcorpus|colbert-small+rankfirst|optimal_per_topic|judge|0.2839
nfcorpus|colbert-small+rankfirst|optimal_per_topic|judge_expr|0.2663
nfcorpus|colbert-small+rankfirst|optimal_per_topic|rankgpt|0.2887
nfcorpus|colbert-small+rankfirst|optimal_per_topic|setmaxheaptopk|0.2872
nfcorpus|colbert-small+rankfirst|quantile|judge|0.8946
nfcorpus|colbert-small+rankfirst|quantile|judge_expr|0.7085
nfcorpus|colbert-small+rankfirst|quantile|rankgpt|0.8021
nfcorpus|colbert-small+rankfirst|quantile|setmaxheaptopk|0.758
nfcorpus|colbert-small+rankfirst|rank|judge|0.5671
nfcorpus|colbert-small+rankfirst|rank|judge_expr|0.509
nfcorpus|colbert-small+rankfirst|rank|rankgpt|0.4969
nfcorpus|colbert-small+rankfirst|rank|setmaxheaptopk|0.5353
nfcorpus|colbert-small+rankfirst|thresholding|judge|0.6861
nfcorpus|colbert-small+rankfirst|thresholding|judge_expr|0.6681
nfcorpus|colbert-small+rankfirst|thresholding|rankgpt|0.0
nfcorpus|colbert-small+rankfirst|thresholding|setmaxheaptopk|0.0
nfcorpus|colbert-small+rankgpt|direct|judge|0.6871
nfcorpus|colbert-small+rankgpt|direct|judge_expr|0.6331
nfcorpus|colbert-small+rankgpt|direct|rankgpt|1.0
nfcorpus|colbert-small+rankgpt|direct|setmaxheaptopk|0.6873
nfcorpus|colbert-small+rankgpt|largest_gap|judge|0.6272
nfcorpus|colbert-small+rankgpt|largest_gap|judge_expr|0.6724
nfcorpus|colbert-small+rankgpt|largest_gap|rankgpt|1.0
nfcorpus|colbert-small+rankgpt|largest_gap|setmaxheaptopk|0.6873
nfcorpus|colbert-small+rankgpt|optimal_global|judge|0.6192
nfcorpus|colbert-small+rankgpt|optimal_global|judge_expr|0.5644
nfcorpus|colbert-small+rankgpt|optimal_global|rankgpt|1.0
nfcorpus|colbert-small+rankgpt|optimal_global|setmaxheaptopk|0.6236
nfcorpus|colbert-small+rankgpt|optimal_per_topic|judge|0.2613
nfcorpus|colbert-small+rankgpt|optimal_per_topic|judge_expr|0.2422
nfcorpus|colbert-small+rankgpt|optimal_per_topic|rankgpt|0.3684
nfcorpus|colbert-small+rankgpt|optimal_per_topic|setmaxheaptopk|0.2645
nfcorpus|colbert-small+rankgpt|quantile|judge|0.8665
nfcorpus|colbert-small+rankgpt|quantile|judge_expr|0.6533
nfcorpus|colbert-small+rankgpt|quantile|rankgpt|1.0
nfcorpus|colbert-small+rankgpt|quantile|setmaxheaptopk|0.6793
nfcorpus|colbert-small+rankgpt|rank|judge|0.4757
nfcorpus|colbert-small+rankgpt|rank|judge_expr|0.4539
nfcorpus|colbert-small+rankgpt|rank|rankgpt|1.0
nfcorpus|colbert-small+rankgpt|rank|setmaxheaptopk|0.4831
nfcorpus|colbert-small+rankgpt|thresholding|judge|0.6323
nfcorpus|colbert-small+rankgpt|thresholding|judge_expr|0.6119
nfcorpus|colbert-small+rankgpt|thresholding|rankgpt|0.0
nfcorpus|colbert-small+rankgpt|thresholding|setmaxheaptopk|0.0
nfcorpus|colbert-small+rankzephyr|direct|judge|0.6207
nfcorpus|colbert-small+rankzephyr|direct|judge_expr|0.5429
nfcorpus|colbert-small+rankzephyr|direct|rankgpt|0.5512
nfcorpus|colbert-small+rankzephyr|largest_gap|judge|0.5401
nfcorpus|colbert-small+rankzephyr|largest_gap|judge_expr|0.577
nfcorpus|colbert-small+rankzephyr|largest_gap|rankgpt|0.5512
nfcorpus|colbert-small+rankzephyr|optimal_global|judge|0.539
nfcorpus|colbert-small+rankzephyr|optimal_global|judge_expr|0.4833
nfcorpus|colbert-small+rankzephyr|optimal_global|rankgpt|0.4995
nfcorpus|colbert-small+rankzephyr|optimal_per_topic|judge|0.2339
nfcorpus|colbert-small+rankzephyr|optimal_per_topic|judge_expr|0.2224
nfcorpus|colbert-small+rankzephyr|optimal_per_topic|rankgpt|0.2554
nfcorpus|colbert-small+rankzephyr|quantile|judge|0.8112
nfcorpus|colbert-small+rankzephyr|quantile|judge_expr|0.5797
nfcorpus|colbert-small+rankzephyr|quantile|rankgpt|0.9909
nfcorpus|colbert-small+rankzephyr|rank|judge|0.5561
nfcorpus|colbert-small+rankzephyr|rank|judge_expr|0.3871
nfcorpus|colbert-small+rankzephyr|rank|rankgpt|0.432
nfcorpus|colbert-small+rankzephyr|thresholding|judge|0.5467
nfcorpus|colbert-small+rankzephyr|thresholding|judge_expr|0.5338
nfcorpus|colbert-small+rankzephyr|thresholding|rankgpt|0.0
nfcorpus|colbert-small+setmaxheaptopk|direct|judge|0.7039
nfcorpus|colbert-small+setmaxheaptopk|direct|judge_expr|0.6677
nfcorpus|colbert-small+setmaxheaptopk|direct|rankgpt|0.7083
nfcorpus|colbert-small+setmaxheaptopk|direct|setmaxheaptopk|1.0
nfcorpus|colbert-small+setmaxheaptopk|largest_gap|judge|0.6686
nfcorpus|colbert-small+setmaxheaptopk|largest_gap|judge_expr|0.7048
nfcorpus|colbert-small+setmaxheaptopk|largest_gap|rankgpt|0.7083
nfcorpus|colbert-small+setmaxheaptopk|largest_gap|setmaxheaptopk|1.0
nfcorpus|colbert-small+setmaxheaptopk|optimal_global|judge|0.6545
nfcorpus|colbert-small+setmaxheaptopk|optimal_global|judge_expr|0.6009
nfcorpus|colbert-small+setmaxheaptopk|optimal_global|rankgpt|0.6204
nfcorpus|colbert-small+setmaxheaptopk|optimal_global|setmaxheaptopk|1.0
nfcorpus|colbert-small+setmaxheaptopk|optimal_per_topic|judge|0.2753
nfcorpus|colbert-small+setmaxheaptopk|optimal_per_topic|judge_expr|0.2608
nfcorpus|colbert-small+setmaxheaptopk|optimal_per_topic|rankgpt|0.2833
nfcorpus|colbert-small+setmaxheaptopk|optimal_per_topic|setmaxheaptopk|0.3684
nfcorpus|colbert-small+setmaxheaptopk|quantile|judge|0.8499
nfcorpus|colbert-small+setmaxheaptopk|quantile|judge_expr|0.6445
nfcorpus|colbert-small+setmaxheaptopk|quantile|rankgpt|0.7031
nfcorpus|colbert-small+setmaxheaptopk|quantile|setmaxheaptopk|1.0
nfcorpus|colbert-small+setmaxheaptopk|rank|judge|0.5035
nfcorpus|colbert-small+setmaxheaptopk|rank|judge_expr|0.4724
nfcorpus|colbert-small+setmaxheaptopk|rank|rankgpt|0.4761
nfcorpus|colbert-small+setmaxheaptopk|rank|setmaxheaptopk|1.0
nfcorpus|colbert-small+setmaxheaptopk|thresholding|judge|0.6734
nfcorpus|colbert-small+setmaxheaptopk|thresholding|judge_expr|0.6496
nfcorpus|colbert-small+setmaxheaptopk|thresholding|rankgpt|0.0
nfcorpus|colbert-small+setmaxheaptopk|thresholding|setmaxheaptopk|0.0
nfcorpus|nomicai-modernbert-embed|direct|judge|0.5571
nfcorpus|nomicai-modernbert-embed|direct|judge_expr|0.5274
nfcorpus|nomicai-modernbert-embed|direct|rankgpt|0.4958
nfcorpus|nomicai-modernbert-embed|direct|setmaxheaptopk|0.5123
nfcorpus|nomicai-modernbert-embed|largest_gap|judge|0.5257
nfcorpus|nomicai-modernbert-embed|largest_gap|judge_expr|0.549
nfcorpus|nomicai-modernbert-embed|largest_gap|rankgpt|0.4958
nfcorpus|nomicai-modernbert-embed|largest_gap|setmaxheaptopk|0.5123
nfcorpus|nomicai-modernbert-embed|optimal_global|judge|0.5363
nfcorpus|nomicai-modernbert-embed|optimal_global|judge_expr|0.4939
nfcorpus|nomicai-modernbert-embed|optimal_global|rankgpt|0.4594
nfcorpus|nomicai-modernbert-embed|optimal_global|setmaxheaptopk|0.495
nfcorpus|nomicai-modernbert-embed|optimal_per_topic|judge|0.2358
nfcorpus|nomicai-modernbert-embed|optimal_per_topic|judge_expr|0.2301
nfcorpus|nomicai-modernbert-embed|optimal_per_topic|rankgpt|0.235
nfcorpus|nomicai-modernbert-embed|optimal_per_topic|setmaxheaptopk|0.2354
nfcorpus|nomicai-modernbert-embed|quantile|judge|0.628
nfcorpus|nomicai-modernbert-embed|quantile|judge_expr|0.5132
nfcorpus|nomicai-modernbert-embed|quantile|rankgpt|0.58
nfcorpus|nomicai-modernbert-embed|quantile|setmaxheaptopk|0.5262
nfcorpus|nomicai-modernbert-embed|rank|judge|0.4049
nfcorpus|nomicai-modernbert-embed|rank|judge_expr|0.369
nfcorpus|nomicai-modernbert-embed|rank|rankgpt|0.3658
nfcorpus|nomicai-modernbert-embed|rank|setmaxheaptopk|0.3933
nfcorpus|nomicai-modernbert-embed|thresholding|judge|0.5315
nfcorpus|nomicai-modernbert-embed|thresholding|judge_expr|0.5318
nfcorpus|nomicai-modernbert-embed|thresholding|rankgpt|0.0
nfcorpus|nomicai-modernbert-embed|thresholding|setmaxheaptopk|0.0
nfcorpus|nomicai-modernbert-embed+judge|direct|judge|0.6923
nfcorpus|nomicai-modernbert-embed+judge|direct|judge_expr|0.6967
nfcorpus|nomicai-modernbert-embed+judge|direct|rankgpt|0.4151
nfcorpus|nomicai-modernbert-embed+judge|direct|setmaxheaptopk|0.4418
nfcorpus|nomicai-modernbert-embed+judge|largest_gap|judge|0.7485
nfcorpus|nomicai-modernbert-embed+judge|largest_gap|judge_expr|0.7348
nfcorpus|nomicai-modernbert-embed+judge|largest_gap|rankgpt|0.4151
nfcorpus|nomicai-modernbert-embed+judge|largest_gap|setmaxheaptopk|0.4418
nfcorpus|nomicai-modernbert-embed+judge|optimal_global|judge|0.6898
nfcorpus|nomicai-modernbert-embed+judge|optimal_global|judge_expr|0.6361
nfcorpus|nomicai-modernbert-embed+judge|optimal_global|rankgpt|0.3892
nfcorpus|nomicai-modernbert-embed+judge|optimal_global|setmaxheaptopk|0.4336
nfcorpus|nomicai-modernbert-embed+judge|optimal_per_topic|judge|0.2927
nfcorpus|nomicai-modernbert-embed+judge|optimal_per_topic|judge_expr|0.253
nfcorpus|nomicai-modernbert-embed+judge|optimal_per_topic|rankgpt|0.2029
nfcorpus|nomicai-modernbert-embed+judge|optimal_per_topic|setmaxheaptopk|0.2118
nfcorpus|nomicai-modernbert-embed+judge|quantile|judge|0.6506
nfcorpus|nomicai-modernbert-embed+judge|quantile|judge_expr|0.6126
nfcorpus|nomicai-modernbert-embed+judge|quantile|rankgpt|0.496
nfcorpus|nomicai-modernbert-embed+judge|quantile|setmaxheaptopk|0.4723
nfcorpus|nomicai-modernbert-embed+judge|rank|judge|0.5185
nfcorpus|nomicai-modernbert-embed+judge|rank|judge_expr|0.5003
nfcorpus|nomicai-modernbert-embed+judge|rank|rankgpt|0.3255
nfcorpus|nomicai-modernbert-embed+judge|rank|setmaxheaptopk|0.3474
nfcorpus|nomicai-modernbert-embed+judge|thresholding|judge|0.7011
nfcorpus|nomicai-modernbert-embed+judge|thresholding|judge_expr|0.6788
nfcorpus|nomicai-modernbert-embed+judge|thresholding|rankgpt|0.0
nfcorpus|nomicai-modernbert-embed+judge|thresholding|setmaxheaptopk|0.0
nfcorpus|nomicai-modernbert-embed+judge_expr|direct|judge|0.7134
nfcorpus|nomicai-modernbert-embed+judge_expr|direct|judge_expr|0.7254
nfcorpus|nomicai-modernbert-embed+judge_expr|direct|rankgpt|0.4813
nfcorpus|nomicai-modernbert-embed+judge_expr|direct|setmaxheaptopk|0.5026
nfcorpus|nomicai-modernbert-embed+judge_expr|largest_gap|judge|0.7671
nfcorpus|nomicai-modernbert-embed+judge_expr|largest_gap|judge_expr|0.7691
nfcorpus|nomicai-modernbert-embed+judge_expr|largest_gap|rankgpt|0.4813
nfcorpus|nomicai-modernbert-embed+judge_expr|largest_gap|setmaxheaptopk|0.5026
nfcorpus|nomicai-modernbert-embed+judge_expr|optimal_global|judge|0.7071
nfcorpus|nomicai-modernbert-embed+judge_expr|optimal_global|judge_expr|0.6669
nfcorpus|nomicai-modernbert-embed+judge_expr|optimal_global|rankgpt|0.4513
nfcorpus|nomicai-modernbert-embed+judge_expr|optimal_global|setmaxheaptopk|0.5036
nfcorpus|nomicai-modernbert-embed+judge_expr|optimal_per_topic|judge|0.3042
nfcorpus|nomicai-modernbert-embed+judge_expr|optimal_per_topic|judge_expr|0.3069
nfcorpus|nomicai-modernbert-embed+judge_expr|optimal_per_topic|rankgpt|0.2278
nfcorpus|nomicai-modernbert-embed+judge_expr|optimal_per_topic|setmaxheaptopk|0.2373
nfcorpus|nomicai-modernbert-embed+judge_expr|quantile|judge|0.6867
nfcorpus|nomicai-modernbert-embed+judge_expr|quantile|judge_expr|0.6878
nfcorpus|nomicai-modernbert-embed+judge_expr|quantile|rankgpt|0.5477
nfcorpus|nomicai-modernbert-embed+judge_expr|quantile|setmaxheaptopk|0.5224
nfcorpus|nomicai-modernbert-embed+judge_expr|rank|judge|0.5494
nfcorpus|nomicai-modernbert-embed+judge_expr|rank|judge_expr|0.6415
nfcorpus|nomicai-modernbert-embed+judge_expr|rank|rankgpt|0.3784
nfcorpus|nomicai-modernbert-embed+judge_expr|rank|setmaxheaptopk|0.4007
nfcorpus|nomicai-modernbert-embed+judge_expr|thresholding|judge|0.7193
nfcorpus|nomicai-modernbert-embed+judge_expr|thresholding|judge_expr|0.6978
nfcorpus|nomicai-modernbert-embed+judge_expr|thresholding|rankgpt|0.0
nfcorpus|nomicai-modernbert-embed+judge_expr|thresholding|setmaxheaptopk|0.0
nfcorpus|nomicai-modernbert-embed+point|direct|judge|0.607
nfcorpus|nomicai-modernbert-embed+point|direct|judge_expr|0.5875
nfcorpus|nomicai-modernbert-embed+point|direct|rankgpt|0.4405
nfcorpus|nomicai-modernbert-embed+point|direct|setmaxheaptopk|0.4745
nfcorpus|nomicai-modernbert-embed+point|largest_gap|judge|0.5733
nfcorpus|nomicai-modernbert-embed+point|largest_gap|judge_expr|0.6176
nfcorpus|nomicai-modernbert-embed+point|largest_gap|rankgpt|0.4405
nfcorpus|nomicai-modernbert-embed+point|largest_gap|setmaxheaptopk|0.4745
nfcorpus|nomicai-modernbert-embed+point|optimal_global|judge|0.5786
nfcorpus|nomicai-modernbert-embed+point|optimal_global|judge_expr|0.513
nfcorpus|nomicai-modernbert-embed+point|optimal_global|rankgpt|0.432
nfcorpus|nomicai-modernbert-embed+point|optimal_global|setmaxheaptopk|0.4984
nfcorpus|nomicai-modernbert-embed+point|optimal_per_topic|judge|0.2489
nfcorpus|nomicai-modernbert-embed+point|optimal_per_topic|judge_expr|0.2362
nfcorpus|nomicai-modernbert-embed+point|optimal_per_topic|rankgpt|0.2394
nfcorpus|nomicai-modernbert-embed+point|optimal_per_topic|setmaxheaptopk|0.2498
nfcorpus|nomicai-modernbert-embed+point|quantile|judge|0.638
nfcorpus|nomicai-modernbert-embed+point|quantile|judge_expr|0.547
nfcorpus|nomicai-modernbert-embed+point|quantile|rankgpt|0.5389
nfcorpus|nomicai-modernbert-embed+point|quantile|setmaxheaptopk|0.5306
nfcorpus|nomicai-modernbert-embed+point|rank|judge|0.4306
nfcorpus|nomicai-modernbert-embed+point|rank|judge_expr|0.4074
nfcorpus|nomicai-modernbert-embed+point|rank|rankgpt|0.3507
nfcorpus|nomicai-modernbert-embed+point|rank|setmaxheaptopk|0.4066
nfcorpus|nomicai-modernbert-embed+point|thresholding|judge|0.5987
nfcorpus|nomicai-modernbert-embed+point|thresholding|judge_expr|0.5693
nfcorpus|nomicai-modernbert-embed+point|thresholding|rankgpt|0.0
nfcorpus|nomicai-modernbert-embed+point|thresholding|setmaxheaptopk|0.0
nfcorpus|nomicai-modernbert-embed+rankfirst|direct|judge|0.6484
nfcorpus|nomicai-modernbert-embed+rankfirst|direct|judge_expr|0.6254
nfcorpus|nomicai-modernbert-embed+rankfirst|direct|rankgpt|0.5693
nfcorpus|nomicai-modernbert-embed+rankfirst|direct|setmaxheaptopk|0.6132
nfcorpus|nomicai-modernbert-embed+rankfirst|largest_gap|judge|0.6282
nfcorpus|nomicai-modernbert-embed+rankfirst|largest_gap|judge_expr|0.6537
nfcorpus|nomicai-modernbert-embed+rankfirst|largest_gap|rankgpt|0.5693
nfcorpus|nomicai-modernbert-embed+rankfirst|largest_gap|setmaxheaptopk|0.6132
nfcorpus|nomicai-modernbert-embed+rankfirst|optimal_global|judge|0.6212
nfcorpus|nomicai-modernbert-embed+rankfirst|optimal_global|judge_expr|0.5701
nfcorpus|nomicai-modernbert-embed+rankfirst|optimal_global|rankgpt|0.541
nfcorpus|nomicai-modernbert-embed+rankfirst|optimal_global|setmaxheaptopk|0.6056
nfcorpus|nomicai-modernbert-embed+rankfirst|optimal_per_topic|judge|0.2658
nfcorpus|nomicai-modernbert-embed+rankfirst|optimal_per_topic|judge_expr|0.2537
nfcorpus|nomicai-modernbert-embed+rankfirst|optimal_per_topic|rankgpt|0.2688
nfcorpus|nomicai-modernbert-embed+rankfirst|optimal_per_topic|setmaxheaptopk|0.2683
nfcorpus|nomicai-modernbert-embed+rankfirst|quantile|judge|0.7025
nfcorpus|nomicai-modernbert-embed+rankfirst|quantile|judge_expr|0.597
nfcorpus|nomicai-modernbert-embed+rankfirst|quantile|rankgpt|0.6292
nfcorpus|nomicai-modernbert-embed+rankfirst|quantile|setmaxheaptopk|0.5936
nfcorpus|nomicai-modernbert-embed+rankfirst|rank|judge|0.4722
nfcorpus|nomicai-modernbert-embed+rankfirst|rank|judge_expr|0.4506
nfcorpus|nomicai-modernbert-embed+rankfirst|rank|rankgpt|0.4254
nfcorpus|nomicai-modernbert-embed+rankfirst|rank|setmaxheaptopk|0.4633
nfcorpus|nomicai-modernbert-embed+rankfirst|thresholding|judge|0.6281
nfcorpus|nomicai-modernbert-embed+rankfirst|thresholding|judge_expr|0.6127
nfcorpus|nomicai-modernbert-embed+rankfirst|thresholding|rankgpt|0.0
nfcorpus|nomicai-modernbert-embed+rankfirst|thresholding|setmaxheaptopk|0.0
nfcorpus|nomicai-modernbert-embed+rankgpt|direct|judge|0.5624
nfcorpus|nomicai-modernbert-embed+rankgpt|direct|judge_expr|0.5471
nfcorpus|nomicai-modernbert-embed+rankgpt|direct|rankgpt|0.5774
nfcorpus|nomicai-modernbert-embed+rankgpt|direct|setmaxheaptopk|0.5823
nfcorpus|nomicai-modernbert-embed+rankgpt|largest_gap|judge|0.5578
nfcorpus|nomicai-modernbert-embed+rankgpt|largest_gap|judge_expr|0.5814
nfcorpus|nomicai-modernbert-embed+rankgpt|largest_gap|rankgpt|0.5774
nfcorpus|nomicai-modernbert-embed+rankgpt|largest_gap|setmaxheaptopk|0.5823
nfcorpus|nomicai-modernbert-embed+rankgpt|optimal_global|judge|0.5554
nfcorpus|nomicai-modernbert-embed+rankgpt|optimal_global|judge_expr|0.5071
nfcorpus|nomicai-modernbert-embed+rankgpt|optimal_global|rankgpt|0.5276
nfcorpus|nomicai-modernbert-embed+rankgpt|optimal_global|setmaxheaptopk|0.5234
nfcorpus|nomicai-modernbert-embed+rankgpt|optimal_per_topic|judge|0.2287
nfcorpus|nomicai-modernbert-embed+rankgpt|optimal_per_topic|judge_expr|0.2234
nfcorpus|nomicai-modernbert-embed+rankgpt|optimal_per_topic|rankgpt|0.2507
nfcorpus|nomicai-modernbert-embed+rankgpt|optimal_per_topic|setmaxheaptopk|0.2442
nfcorpus|nomicai-modernbert-embed+rankgpt|quantile|judge|0.5996
nfcorpus|nomicai-modernbert-embed+rankgpt|quantile|judge_expr|0.5108
nfcorpus|nomicai-modernbert-embed+rankgpt|quantile|rankgpt|0.5395
nfcorpus|nomicai-modernbert-embed+rankgpt|quantile|setmaxheaptopk|0.5021
nfcorpus|nomicai-modernbert-embed+rankgpt|rank|judge|0.3934
nfcorpus|nomicai-modernbert-embed+rankgpt|rank|judge_expr|0.3811
nfcorpus|nomicai-modernbert-embed+rankgpt|rank|rankgpt|0.3981
nfcorpus|nomicai-modernbert-embed+rankgpt|rank|setmaxheaptopk|0.3909
nfcorpus|nomicai-modernbert-embed+rankgpt|thresholding|judge|0.5554
nfcorpus|nomicai-modernbert-embed+rankgpt|thresholding|judge_expr|0.5461
nfcorpus|nomicai-modernbert-embed+rankgpt|thresholding|rankgpt|0.0
nfcorpus|nomicai-modernbert-embed+rankgpt|thresholding|setmaxheaptopk|0.0
nfcorpus|nomicai-modernbert-embed+rankzephyr|direct|judge|0.5511
nfcorpus|nomicai-modernbert-embed+rankzephyr|direct|judge_expr|0.522
nfcorpus|nomicai-modernbert-embed+rankzephyr|direct|rankgpt|0.4865
nfcorpus|nomicai-modernbert-embed+rankzephyr|largest_gap|judge|0.5186
nfcorpus|nomicai-modernbert-embed+rankzephyr|largest_gap|judge_expr|0.5393
nfcorpus|nomicai-modernbert-embed+rankzephyr|largest_gap|rankgpt|0.4865
nfcorpus|nomicai-modernbert-embed+rankzephyr|optimal_global|judge|0.5308
nfcorpus|nomicai-modernbert-embed+rankzephyr|optimal_global|judge_expr|0.4868
nfcorpus|nomicai-modernbert-embed+rankzephyr|optimal_global|rankgpt|0.4521
nfcorpus|nomicai-modernbert-embed+rankzephyr|optimal_per_topic|judge|0.2325
nfcorpus|nomicai-modernbert-embed+rankzephyr|optimal_per_topic|judge_expr|0.2255
nfcorpus|nomicai-modernbert-embed+rankzephyr|optimal_per_topic|rankgpt|0.2313
nfcorpus|nomicai-modernbert-embed+rankzephyr|quantile|judge|0.6215
nfcorpus|nomicai-modernbert-embed+rankzephyr|quantile|judge_expr|0.5058
nfcorpus|nomicai-modernbert-embed+rankzephyr|quantile|rankgpt|0.5751
nfcorpus|nomicai-modernbert-embed+rankzephyr|rank|judge|0.3988
nfcorpus|nomicai-modernbert-embed+rankzephyr|rank|judge_expr|0.3649
nfcorpus|nomicai-modernbert-embed+rankzephyr|rank|rankgpt|0.3622
nfcorpus|nomicai-modernbert-embed+rankzephyr|thresholding|judge|0.5263
nfcorpus|nomicai-modernbert-embed+rankzephyr|thresholding|judge_expr|0.5262
nfcorpus|nomicai-modernbert-embed+rankzephyr|thresholding|rankgpt|0.0
nfcorpus|nomicai-modernbert-embed+setmaxheaptopk|direct|judge|0.6026
nfcorpus|nomicai-modernbert-embed+setmaxheaptopk|direct|judge_expr|0.6051
nfcorpus|nomicai-modernbert-embed+setmaxheaptopk|direct|rankgpt|0.6
nfcorpus|nomicai-modernbert-embed+setmaxheaptopk|direct|setmaxheaptopk|0.6273
nfcorpus|nomicai-modernbert-embed+setmaxheaptopk|largest_gap|judge|0.6091
nfcorpus|nomicai-modernbert-embed+setmaxheaptopk|largest_gap|judge_expr|0.6336
nfcorpus|nomicai-modernbert-embed+setmaxheaptopk|largest_gap|rankgpt|0.6
nfcorpus|nomicai-modernbert-embed+setmaxheaptopk|largest_gap|setmaxheaptopk|0.6273
nfcorpus|nomicai-modernbert-embed+setmaxheaptopk|optimal_global|judge|0.6098
nfcorpus|nomicai-modernbert-embed+setmaxheaptopk|optimal_global|judge_expr|0.559
nfcorpus|nomicai-modernbert-embed+setmaxheaptopk|optimal_global|rankgpt|0.5418
nfcorpus|nomicai-modernbert-embed+setmaxheaptopk|optimal_global|setmaxheaptopk|0.5982
nfcorpus|nomicai-modernbert-embed+setmaxheaptopk|optimal_per_topic|judge|0.2566
nfcorpus|nomicai-modernbert-embed+setmaxheaptopk|optimal_per_topic|judge_expr|0.246
nfcorpus|nomicai-modernbert-embed+setmaxheaptopk|optimal_per_topic|rankgpt|0.2649
nfcorpus|nomicai-modernbert-embed+setmaxheaptopk|optimal_per_topic|setmaxheaptopk|0.2771
nfcorpus|nomicai-modernbert-embed+setmaxheaptopk|quantile|judge|0.616
nfcorpus|nomicai-modernbert-embed+setmaxheaptopk|quantile|judge_expr|0.5398
nfcorpus|nomicai-modernbert-embed+setmaxheaptopk|quantile|rankgpt|0.5651
nfcorpus|nomicai-modernbert-embed+setmaxheaptopk|quantile|setmaxheaptopk|0.5572
nfcorpus|nomicai-modernbert-embed+setmaxheaptopk|rank|judge|0.4315
nfcorpus|nomicai-modernbert-embed+setmaxheaptopk|rank|judge_expr|0.4161
nfcorpus|nomicai-modernbert-embed+setmaxheaptopk|rank|rankgpt|0.4015
nfcorpus|nomicai-modernbert-embed+setmaxheaptopk|rank|setmaxheaptopk|0.461
nfcorpus|nomicai-modernbert-embed+setmaxheaptopk|thresholding|judge|0.6112
nfcorpus|nomicai-modernbert-embed+setmaxheaptopk|thresholding|judge_expr|0.5994
nfcorpus|nomicai-modernbert-embed+setmaxheaptopk|thresholding|rankgpt|0.0
nfcorpus|nomicai-modernbert-embed+setmaxheaptopk|thresholding|setmaxheaptopk|0.0
nfcorpus|qwen3-embed-600m|direct|judge|0.572
nfcorpus|qwen3-embed-600m|direct|judge_expr|0.5431
nfcorpus|qwen3-embed-600m|direct|rankgpt|0.4878
nfcorpus|qwen3-embed-600m|direct|setmaxheaptopk|0.5196
nfcorpus|qwen3-embed-600m|largest_gap|judge|0.5388
nfcorpus|qwen3-embed-600m|largest_gap|judge_expr|0.5593
nfcorpus|qwen3-embed-600m|largest_gap|rankgpt|0.4878
nfcorpus|qwen3-embed-600m|largest_gap|setmaxheaptopk|0.5196
nfcorpus|qwen3-embed-600m|optimal_global|judge|0.5444
nfcorpus|qwen3-embed-600m|optimal_global|judge_expr|0.4888
nfcorpus|qwen3-embed-600m|optimal_global|rankgpt|0.4634
nfcorpus|qwen3-embed-600m|optimal_global|setmaxheaptopk|0.5194
nfcorpus|qwen3-embed-600m|optimal_per_topic|judge|0.2381
nfcorpus|qwen3-embed-600m|optimal_per_topic|judge_expr|0.2349
nfcorpus|qwen3-embed-600m|optimal_per_topic|rankgpt|0.2483
nfcorpus|qwen3-embed-600m|optimal_per_topic|setmaxheaptopk|0.2495
nfcorpus|qwen3-embed-600m|quantile|judge|0.6319
nfcorpus|qwen3-embed-600m|quantile|judge_expr|0.5258
nfcorpus|qwen3-embed-600m|quantile|rankgpt|0.5757
nfcorpus|qwen3-embed-600m|quantile|setmaxheaptopk|0.5427
nfcorpus|qwen3-embed-600m|rank|judge|0.4148
nfcorpus|qwen3-embed-600m|rank|judge_expr|0.3836
nfcorpus|qwen3-embed-600m|rank|rankgpt|0.3685
nfcorpus|qwen3-embed-600m|rank|setmaxheaptopk|0.4087
nfcorpus|qwen3-embed-600m|thresholding|judge|0.5501
nfcorpus|qwen3-embed-600m|thresholding|judge_expr|0.5302
nfcorpus|qwen3-embed-600m|thresholding|rankgpt|0.0
nfcorpus|qwen3-embed-600m|thresholding|setmaxheaptopk|0.0
nfcorpus|qwen3-embed-600m+judge|direct|judge|0.6891
nfcorpus|qwen3-embed-600m+judge|direct|judge_expr|0.6948
nfcorpus|qwen3-embed-600m+judge|direct|rankgpt|0.4016
nfcorpus|qwen3-embed-600m+judge|direct|setmaxheaptopk|0.4283
nfcorpus|qwen3-embed-600m+judge|largest_gap|judge|0.7622
nfcorpus|qwen3-embed-600m+judge|largest_gap|judge_expr|0.7317
nfcorpus|qwen3-embed-600m+judge|largest_gap|rankgpt|0.4016
nfcorpus|qwen3-embed-600m+judge|largest_gap|setmaxheaptopk|0.4283
nfcorpus|qwen3-embed-600m+judge|optimal_global|judge|0.6963
nfcorpus|qwen3-embed-600m+judge|optimal_global|judge_expr|0.6393
nfcorpus|qwen3-embed-600m+judge|optimal_global|rankgpt|0.3807
nfcorpus|qwen3-embed-600m+judge|optimal_global|setmaxheaptopk|0.4295
nfcorpus|qwen3-embed-600m+judge|optimal_per_topic|judge|0.2926
nfcorpus|qwen3-embed-600m+judge|optimal_per_topic|judge_expr|0.2486
nfcorpus|qwen3-embed-600m+judge|optimal_per_topic|rankgpt|0.1964
nfcorpus|qwen3-embed-600m+judge|optimal_per_topic|setmaxheaptopk|0.2028
nfcorpus|qwen3-embed-600m+judge|quantile|judge|0.6332
nfcorpus|qwen3-embed-600m+judge|quantile|judge_expr|0.5972
nfcorpus|qwen3-embed-600m+judge|quantile|rankgpt|0.4772
nfcorpus|qwen3-embed-600m+judge|quantile|setmaxheaptopk|0.4598
nfcorpus|qwen3-embed-600m+judge|rank|judge|0.5167
nfcorpus|qwen3-embed-600m+judge|rank|judge_expr|0.4939
nfcorpus|qwen3-embed-600m+judge|rank|rankgpt|0.3149
nfcorpus|qwen3-embed-600m+judge|rank|setmaxheaptopk|0.3456
nfcorpus|qwen3-embed-600m+judge|thresholding|judge|0.7037
nfcorpus|qwen3-embed-600m+judge|thresholding|judge_expr|0.6804
nfcorpus|qwen3-embed-600m+judge|thresholding|rankgpt|0.0
nfcorpus|qwen3-embed-600m+judge|thresholding|setmaxheaptopk|0.0
nfcorpus|qwen3-embed-600m+judge_expr|direct|judge|0.7016
nfcorpus|qwen3-embed-600m+judge_expr|direct|judge_expr|0.7322
nfcorpus|qwen3-embed-600m+judge_expr|direct|rankgpt|0.469
nfcorpus|qwen3-embed-600m+judge_expr|direct|setmaxheaptopk|0.4953
nfcorpus|qwen3-embed-600m+judge_expr|largest_gap|judge|0.7734
nfcorpus|qwen3-embed-600m+judge_expr|largest_gap|judge_expr|0.7731
nfcorpus|qwen3-embed-600m+judge_expr|largest_gap|rankgpt|0.469
nfcorpus|qwen3-embed-600m+judge_expr|largest_gap|setmaxheaptopk|0.4953
nfcorpus|qwen3-embed-600m+judge_expr|optimal_global|judge|0.7152
nfcorpus|qwen3-embed-600m+judge_expr|optimal_global|judge_expr|0.6791
nfcorpus|qwen3-embed-600m+judge_expr|optimal_global|rankgpt|0.4448
nfcorpus|qwen3-embed-600m+judge_expr|optimal_global|setmaxheaptopk|0.4988
nfcorpus|qwen3-embed-600m+judge_expr|optimal_per_topic|judge|0.3023
nfcorpus|qwen3-embed-600m+judge_expr|optimal_per_topic|judge_expr|0.3066
nfcorpus|qwen3-embed-600m+judge_expr|optimal_per_topic|rankgpt|0.2212
nfcorpus|qwen3-embed-600m+judge_expr|optimal_per_topic|setmaxheaptopk|0.2312
nfcorpus|qwen3-embed-600m+judge_expr|quantile|judge|0.6585
nfcorpus|qwen3-embed-600m+judge_expr|quantile|judge_expr|0.66
nfcorpus|qwen3-embed-600m+judge_expr|quantile|rankgpt|0.5292
nfcorpus|qwen3-embed-600m+judge_expr|quantile|setmaxheaptopk|0.5048
nfcorpus|qwen3-embed-600m+judge_expr|rank|judge|0.5364
nfcorpus|qwen3-embed-600m+judge_expr|rank|judge_expr|0.6378
nfcorpus|qwen3-embed-600m+judge_expr|rank|rankgpt|0.37
nfcorpus|qwen3-embed-600m+judge_expr|rank|setmaxheaptopk|0.3943
nfcorpus|qwen3-embed-600m+judge_expr|thresholding|judge|0.7219
nfcorpus|qwen3-embed-600m+judge_expr|thresholding|judge_expr|0.7093
nfcorpus|qwen3-embed-600m+judge_expr|thresholding|rankgpt|0.0
nfcorpus|qwen3-embed-600m+judge_expr|thresholding|setmaxheaptopk|0.0
nfcorpus|qwen3-embed-600m+point|direct|judge|0.5963
nfcorpus|qwen3-embed-600m+point|direct|judge_expr|0.58
nfcorpus|qwen3-embed-600m+point|direct|rankgpt|0.4305
nfcorpus|qwen3-embed-600m+point|direct|setmaxheaptopk|0.467
nfcorpus|qwen3-embed-600m+point|largest_gap|judge|0.5691
nfcorpus|qwen3-embed-600m+point|largest_gap|judge_expr|0.6103
nfcorpus|qwen3-embed-600m+point|largest_gap|rankgpt|0.4305
nfcorpus|qwen3-embed-600m+point|largest_gap|setmaxheaptopk|0.467
nfcorpus|qwen3-embed-600m+point|optimal_global|judge|0.5693
nfcorpus|qwen3-embed-600m+point|optimal_global|judge_expr|0.5058
nfcorpus|qwen3-embed-600m+point|optimal_global|rankgpt|0.4237
nfcorpus|qwen3-embed-600m+point|optimal_global|setmaxheaptopk|0.5
nfcorpus|qwen3-embed-600m+point|optimal_per_topic|judge|0.2472
nfcorpus|qwen3-embed-600m+point|optimal_per_topic|judge_expr|0.2329
nfcorpus|qwen3-embed-600m+point|optimal_per_topic|rankgpt|0.2313
nfcorpus|qwen3-embed-600m+point|optimal_per_topic|setmaxheaptopk|0.2461
nfcorpus|qwen3-embed-600m+point|quantile|judge|0.6264
nfcorpus|qwen3-embed-600m+point|quantile|judge_expr|0.5409
nfcorpus|qwen3-embed-600m+point|quantile|rankgpt|0.5203
nfcorpus|qwen3-embed-600m+point|quantile|setmaxheaptopk|0.5229
nfcorpus|qwen3-embed-600m+point|rank|judge|0.4141
nfcorpus|qwen3-embed-600m+point|rank|judge_expr|0.4033
nfcorpus|qwen3-embed-600m+point|rank|rankgpt|0.3402
nfcorpus|qwen3-embed-600m+point|rank|setmaxheaptopk|0.4076
nfcorpus|qwen3-embed-600m+point|thresholding|judge|0.5881
nfcorpus|qwen3-embed-600m+point|thresholding|judge_expr|0.5602
nfcorpus|qwen3-embed-600m+point|thresholding|rankgpt|0.0
nfcorpus|qwen3-embed-600m+point|thresholding|setmaxheaptopk|0.0
nfcorpus|qwen3-embed-600m+rankfirst|direct|judge|0.6446
nfcorpus|qwen3-embed-600m+rankfirst|direct|judge_expr|0.6265
nfcorpus|qwen3-embed-600m+rankfirst|direct|rankgpt|0.5597
nfcorpus|qwen3-embed-600m+rankfirst|direct|setmaxheaptopk|0.5956
nfcorpus|qwen3-embed-600m+rankfirst|largest_gap|judge|0.6274
nfcorpus|qwen3-embed-600m+rankfirst|largest_gap|judge_expr|0.6557
nfcorpus|qwen3-embed-600m+rankfirst|largest_gap|rankgpt|0.5597
nfcorpus|qwen3-embed-600m+rankfirst|largest_gap|setmaxheaptopk|0.5956
nfcorpus|qwen3-embed-600m+rankfirst|optimal_global|judge|0.6194
nfcorpus|qwen3-embed-600m+rankfirst|optimal_global|judge_expr|0.5663
nfcorpus|qwen3-embed-600m+rankfirst|optimal_global|rankgpt|0.5449
nfcorpus|qwen3-embed-600m+rankfirst|optimal_global|setmaxheaptopk|0.6058
nfcorpus|qwen3-embed-600m+rankfirst|optimal_per_topic|judge|0.269
nfcorpus|qwen3-embed-600m+rankfirst|optimal_per_topic|judge_expr|0.255
nfcorpus|qwen3-embed-600m+rankfirst|optimal_per_topic|rankgpt|0.2646
nfcorpus|qwen3-embed-600m+rankfirst|optimal_per_topic|setmaxheaptopk|0.2657
nfcorpus|qwen3-embed-600m+rankfirst|quantile|judge|0.6928
nfcorpus|qwen3-embed-600m+rankfirst|quantile|judge_expr|0.5967
nfcorpus|qwen3-embed-600m+rankfirst|quantile|rankgpt|0.6193
nfcorpus|qwen3-embed-600m+rankfirst|quantile|setmaxheaptopk|0.5956
nfcorpus|qwen3-embed-600m+rankfirst|rank|judge|0.4765
nfcorpus|qwen3-embed-600m+rankfirst|rank|judge_expr|0.4522
nfcorpus|qwen3-embed-600m+rankfirst|rank|rankgpt|0.4195
nfcorpus|qwen3-embed-600m+rankfirst|rank|setmaxheaptopk|0.4636
nfcorpus|qwen3-embed-600m+rankfirst|thresholding|judge|0.628
nfcorpus|qwen3-embed-600m+rankfirst|thresholding|judge_expr|0.6101
nfcorpus|qwen3-embed-600m+rankfirst|thresholding|rankgpt|0.0
nfcorpus|qwen3-embed-600m+rankfirst|thresholding|setmaxheaptopk|0.0
nfcorpus|qwen3-embed-600m+rankgpt|direct|judge|0.5507
nfcorpus|qwen3-embed-600m+rankgpt|direct|judge_expr|0.5435
nfcorpus|qwen3-embed-600m+rankgpt|direct|rankgpt|0.5162
nfcorpus|qwen3-embed-600m+rankgpt|direct|setmaxheaptopk|0.5458
nfcorpus|qwen3-embed-600m+rankgpt|largest_gap|judge|0.5399
nfcorpus|qwen3-embed-600m+rankgpt|largest_gap|judge_expr|0.568
nfcorpus|qwen3-embed-600m+rankgpt|largest_gap|rankgpt|0.5162
nfcorpus|qwen3-embed-600m+rankgpt|largest_gap|setmaxheaptopk|0.5458
nfcorpus|qwen3-embed-600m+rankgpt|optimal_global|judge|0.5423
nfcorpus|qwen3-embed-600m+rankgpt|optimal_global|judge_expr|0.5025
nfcorpus|qwen3-embed-600m+rankgpt|optimal_global|rankgpt|0.505
nfcorpus|qwen3-embed-600m+rankgpt|optimal_global|setmaxheaptopk|0.5007
nfcorpus|qwen3-embed-600m+rankgpt|optimal_per_topic|judge|0.223
nfcorpus|qwen3-embed-600m+rankgpt|optimal_per_topic|judge_expr|0.2169
nfcorpus|qwen3-embed-600m+rankgpt|optimal_per_topic|rankgpt|0.2404
nfcorpus|qwen3-embed-600m+rankgpt|optimal_per_topic|setmaxheaptopk|0.2356
nfcorpus|qwen3-embed-600m+rankgpt|quantile|judge|0.588
nfcorpus|qwen3-embed-600m+rankgpt|quantile|judge_expr|0.5034
nfcorpus|qwen3-embed-600m+rankgpt|quantile|rankgpt|0.528
nfcorpus|qwen3-embed-600m+rankgpt|quantile|setmaxheaptopk|0.4868
nfcorpus|qwen3-embed-600m+rankgpt|rank|judge|0.381
nfcorpus|qwen3-embed-600m+rankgpt|rank|judge_expr|0.3697
nfcorpus|qwen3-embed-600m+rankgpt|rank|rankgpt|0.3814
nfcorpus|qwen3-embed-600m+rankgpt|rank|setmaxheaptopk|0.3821
nfcorpus|qwen3-embed-600m+rankgpt|thresholding|judge|0.5474
nfcorpus|qwen3-embed-600m+rankgpt|thresholding|judge_expr|0.5322
nfcorpus|qwen3-embed-600m+rankgpt|thresholding|rankgpt|0.0
nfcorpus|qwen3-embed-600m+rankgpt|thresholding|setmaxheaptopk|0.0
nfcorpus|qwen3-embed-600m+rankzephyr|direct|judge|0.5567
nfcorpus|qwen3-embed-600m+rankzephyr|direct|judge_expr|0.5262
nfcorpus|qwen3-embed-600m+rankzephyr|direct|rankgpt|0.4628
nfcorpus|qwen3-embed-600m+rankzephyr|largest_gap|judge|0.519
nfcorpus|qwen3-embed-600m+rankzephyr|largest_gap|judge_expr|0.5373
nfcorpus|qwen3-embed-600m+rankzephyr|largest_gap|rankgpt|0.4628
nfcorpus|qwen3-embed-600m+rankzephyr|optimal_global|judge|0.5266
nfcorpus|qwen3-embed-600m+rankzephyr|optimal_global|judge_expr|0.4722
nfcorpus|qwen3-embed-600m+rankzephyr|optimal_global|rankgpt|0.443
nfcorpus|qwen3-embed-600m+rankzephyr|optimal_per_topic|judge|0.2315
nfcorpus|qwen3-embed-600m+rankzephyr|optimal_per_topic|judge_expr|0.2265
nfcorpus|qwen3-embed-600m+rankzephyr|optimal_per_topic|rankgpt|0.2402
nfcorpus|qwen3-embed-600m+rankzephyr|quantile|judge|0.6202
nfcorpus|qwen3-embed-600m+rankzephyr|quantile|judge_expr|0.5131
nfcorpus|qwen3-embed-600m+rankzephyr|quantile|rankgpt|0.5627
nfcorpus|qwen3-embed-600m+rankzephyr|rank|judge|0.403
nfcorpus|qwen3-embed-600m+rankzephyr|rank|judge_expr|0.3724
nfcorpus|qwen3-embed-600m+rankzephyr|rank|rankgpt|0.3581
nfcorpus|qwen3-embed-600m+rankzephyr|thresholding|judge|0.5329
nfcorpus|qwen3-embed-600m+rankzephyr|thresholding|judge_expr|0.5133
nfcorpus|qwen3-embed-600m+rankzephyr|thresholding|rankgpt|0.0
nfcorpus|qwen3-embed-600m+setmaxheaptopk|direct|judge|0.6
nfcorpus|qwen3-embed-600m+setmaxheaptopk|direct|judge_expr|0.6047
nfcorpus|qwen3-embed-600m+setmaxheaptopk|direct|rankgpt|0.5659
nfcorpus|qwen3-embed-600m+setmaxheaptopk|direct|setmaxheaptopk|0.606
nfcorpus|qwen3-embed-600m+setmaxheaptopk|largest_gap|judge|0.6136
nfcorpus|qwen3-embed-600m+setmaxheaptopk|largest_gap|judge_expr|0.6306
nfcorpus|qwen3-embed-600m+setmaxheaptopk|largest_gap|rankgpt|0.5659
nfcorpus|qwen3-embed-600m+setmaxheaptopk|largest_gap|setmaxheaptopk|0.606
nfcorpus|qwen3-embed-600m+setmaxheaptopk|optimal_global|judge|0.6055
nfcorpus|qwen3-embed-600m+setmaxheaptopk|optimal_global|judge_expr|0.5634
nfcorpus|qwen3-embed-600m+setmaxheaptopk|optimal_global|rankgpt|0.5355
nfcorpus|qwen3-embed-600m+setmaxheaptopk|optimal_global|setmaxheaptopk|0.6002
nfcorpus|qwen3-embed-600m+setmaxheaptopk|optimal_per_topic|judge|0.2571
nfcorpus|qwen3-embed-600m+setmaxheaptopk|optimal_per_topic|judge_expr|0.251
nfcorpus|qwen3-embed-600m+setmaxheaptopk|optimal_per_topic|rankgpt|0.2613
nfcorpus|qwen3-embed-600m+setmaxheaptopk|optimal_per_topic|setmaxheaptopk|0.2721
nfcorpus|qwen3-embed-600m+setmaxheaptopk|quantile|judge|0.612
nfcorpus|qwen3-embed-600m+setmaxheaptopk|quantile|judge_expr|0.5418
nfcorpus|qwen3-embed-600m+setmaxheaptopk|quantile|rankgpt|0.5573
nfcorpus|qwen3-embed-600m+setmaxheaptopk|quantile|setmaxheaptopk|0.5549
nfcorpus|qwen3-embed-600m+setmaxheaptopk|rank|judge|0.4395
nfcorpus|qwen3-embed-600m+setmaxheaptopk|rank|judge_expr|0.4197
nfcorpus|qwen3-embed-600m+setmaxheaptopk|rank|rankgpt|0.3986
nfcorpus|qwen3-embed-600m+setmaxheaptopk|rank|setmaxheaptopk|0.4579
nfcorpus|qwen3-embed-600m+setmaxheaptopk|thresholding|judge|0.6058
nfcorpus|qwen3-embed-600m+setmaxheaptopk|thresholding|judge_expr|0.5955
nfcorpus|qwen3-embed-600m+setmaxheaptopk|thresholding|rankgpt|0.0
nfcorpus|qwen3-embed-600m+setmaxheaptopk|thresholding|setmaxheaptopk|0.0
nfcorpus|splade-v3|direct|judge|0.6207
nfcorpus|splade-v3|direct|judge_expr|0.5908
nfcorpus|splade-v3|direct|rankgpt|0.5605
nfcorpus|splade-v3|direct|setmaxheaptopk|0.6034
nfcorpus|splade-v3|largest_gap|judge|0.5786
nfcorpus|splade-v3|largest_gap|judge_expr|0.6171
nfcorpus|splade-v3|largest_gap|rankgpt|0.5605
nfcorpus|splade-v3|largest_gap|setmaxheaptopk|0.6034
nfcorpus|splade-v3|optimal_global|judge|0.5816
nfcorpus|splade-v3|optimal_global|judge_expr|0.5202
nfcorpus|splade-v3|optimal_global|rankgpt|0.4939
nfcorpus|splade-v3|optimal_global|setmaxheaptopk|0.5759
nfcorpus|splade-v3|optimal_per_topic|judge|0.2369
nfcorpus|splade-v3|optimal_per_topic|judge_expr|0.2307
nfcorpus|splade-v3|optimal_per_topic|rankgpt|0.2404
nfcorpus|splade-v3|optimal_per_topic|setmaxheaptopk|0.2478
nfcorpus|splade-v3|quantile|judge|0.7012
nfcorpus|splade-v3|quantile|judge_expr|0.5656
nfcorpus|splade-v3|quantile|rankgpt|0.6385
nfcorpus|splade-v3|quantile|setmaxheaptopk|0.6039
nfcorpus|splade-v3|rank|judge|0.4552
nfcorpus|splade-v3|rank|judge_expr|0.4111
nfcorpus|splade-v3|rank|rankgpt|0.3902
nfcorpus|splade-v3|rank|setmaxheaptopk|0.454
nfcorpus|splade-v3|thresholding|judge|0.5946
nfcorpus|splade-v3|thresholding|judge_expr|0.5763
nfcorpus|splade-v3|thresholding|rankgpt|0.0
nfcorpus|splade-v3|thresholding|setmaxheaptopk|0.0
nfcorpus|splade-v3+judge|direct|judge|0.7288
nfcorpus|splade-v3+judge|direct|judge_expr|0.7264
nfcorpus|splade-v3+judge|direct|rankgpt|0.432
nfcorpus|splade-v3+judge|direct|setmaxheaptopk|0.4553
nfcorpus|splade-v3+judge|largest_gap|judge|0.7772
nfcorpus|splade-v3+judge|largest_gap|judge_expr|0.7645
nfcorpus|splade-v3+judge|largest_gap|rankgpt|0.432
nfcorpus|splade-v3+judge|largest_gap|setmaxheaptopk|0.4553
nfcorpus|splade-v3+judge|optimal_global|judge|0.715
nfcorpus|splade-v3+judge|optimal_global|judge_expr|0.6542
nfcorpus|splade-v3+judge|optimal_global|rankgpt|0.4001
nfcorpus|splade-v3+judge|optimal_global|setmaxheaptopk|0.4448
nfcorpus|splade-v3+judge|optimal_per_topic|judge|0.2983
nfcorpus|splade-v3+judge|optimal_per_topic|judge_expr|0.2536
nfcorpus|splade-v3+judge|optimal_per_topic|rankgpt|0.1996
nfcorpus|splade-v3+judge|optimal_per_topic|setmaxheaptopk|0.2067
nfcorpus|splade-v3+judge|quantile|judge|0.6903
nfcorpus|splade-v3+judge|quantile|judge_expr|0.6474
nfcorpus|splade-v3+judge|quantile|rankgpt|0.5083
nfcorpus|splade-v3+judge|quantile|setmaxheaptopk|0.4839
nfcorpus|splade-v3+judge|rank|judge|0.5428
nfcorpus|splade-v3+judge|rank|judge_expr|0.5231
nfcorpus|splade-v3+judge|rank|rankgpt|0.3362
nfcorpus|splade-v3+judge|rank|setmaxheaptopk|0.3598
nfcorpus|splade-v3+judge|thresholding|judge|0.7343
nfcorpus|splade-v3+judge|thresholding|judge_expr|0.7095
nfcorpus|splade-v3+judge|thresholding|rankgpt|0.0
nfcorpus|splade-v3+judge|thresholding|setmaxheaptopk|0.0
nfcorpus|splade-v3+judge_expr|direct|judge|0.7429
nfcorpus|splade-v3+judge_expr|direct|judge_expr|0.7576
nfcorpus|splade-v3+judge_expr|direct|rankgpt|0.5026
nfcorpus|splade-v3+judge_expr|direct|setmaxheaptopk|0.52
nfcorpus|splade-v3+judge_expr|largest_gap|judge|0.7931
nfcorpus|splade-v3+judge_expr|largest_gap|judge_expr|0.8019
nfcorpus|splade-v3+judge_expr|largest_gap|rankgpt|0.5026
nfcorpus|splade-v3+judge_expr|largest_gap|setmaxheaptopk|0.52
nfcorpus|splade-v3+judge_expr|optimal_global|judge|0.7329
nfcorpus|splade-v3+judge_expr|optimal_global|judge_expr|0.6855
nfcorpus|splade-v3+judge_expr|optimal_global|rankgpt|0.46
nfcorpus|splade-v3+judge_expr|optimal_global|setmaxheaptopk|0.5154
nfcorpus|splade-v3+judge_expr|optimal_per_topic|judge|0.3088
nfcorpus|splade-v3+judge_expr|optimal_per_topic|judge_expr|0.321
nfcorpus|splade-v3+judge_expr|optimal_per_topic|rankgpt|0.2264
nfcorpus|splade-v3+judge_expr|optimal_per_topic|setmaxheaptopk|0.2333
nfcorpus|splade-v3+judge_expr|quantile|judge|0.7145
nfcorpus|splade-v3+judge_expr|quantile|judge_expr|0.7158
nfcorpus|splade-v3+judge_expr|quantile|rankgpt|0.5565
nfcorpus|splade-v3+judge_expr|quantile|setmaxheaptopk|0.5316
nfcorpus|splade-v3+judge_expr|rank|judge|0.5674
nfcorpus|splade-v3+judge_expr|rank|judge_expr|0.682
nfcorpus|splade-v3+judge_expr|rank|rankgpt|0.3879
nfcorpus|splade-v3+judge_expr|rank|setmaxheaptopk|0.4112
nfcorpus|splade-v3+judge_expr|thresholding|judge|0.7515
nfcorpus|splade-v3+judge_expr|thresholding|judge_expr|0.7283
nfcorpus|splade-v3+judge_expr|thresholding|rankgpt|0.0
nfcorpus|splade-v3+judge_expr|thresholding|setmaxheaptopk|0.0
nfcorpus|splade-v3+point|direct|judge|0.6137
nfcorpus|splade-v3+point|direct|judge_expr|0.5831
nfcorpus|splade-v3+point|direct|rankgpt|0.4528
nfcorpus|splade-v3+point|direct|setmaxheaptopk|0.4953
nfcorpus|splade-v3+point|largest_gap|judge|0.5682
nfcorpus|splade-v3+point|largest_gap|judge_expr|0.6143
nfcorpus|splade-v3+point|largest_gap|rankgpt|0.4528
nfcorpus|splade-v3+point|largest_gap|setmaxheaptopk|0.4953
nfcorpus|splade-v3+point|optimal_global|judge|0.5655
nfcorpus|splade-v3+point|optimal_global|judge_expr|0.5007
nfcorpus|splade-v3+point|optimal_global|rankgpt|0.433
nfcorpus|splade-v3+point|optimal_global|setmaxheaptopk|0.5107
nfcorpus|splade-v3+point|optimal_per_topic|judge|0.2425
nfcorpus|splade-v3+point|optimal_per_topic|judge_expr|0.2299
nfcorpus|splade-v3+point|optimal_per_topic|rankgpt|0.2306
nfcorpus|splade-v3+point|optimal_per_topic|setmaxheaptopk|0.243
nfcorpus|splade-v3+point|quantile|judge|0.6606
nfcorpus|splade-v3+point|quantile|judge_expr|0.5635
nfcorpus|splade-v3+point|quantile|rankgpt|0.5406
nfcorpus|splade-v3+point|quantile|setmaxheaptopk|0.542
nfcorpus|splade-v3+point|rank|judge|0.4276
nfcorpus|splade-v3+point|rank|judge_expr|0.4162
nfcorpus|splade-v3+point|rank|rankgpt|0.353
nfcorpus|splade-v3+point|rank|setmaxheaptopk|0.4177
nfcorpus|splade-v3+point|thresholding|judge|0.596
nfcorpus|splade-v3+point|thresholding|judge_expr|0.5648
nfcorpus|splade-v3+point|thresholding|rankgpt|0.0
nfcorpus|splade-v3+point|thresholding|setmaxheaptopk|0.0
nfcorpus|splade-v3+rankfirst|direct|judge|0.6547
nfcorpus|splade-v3+rankfirst|direct|judge_expr|0.6335
nfcorpus|splade-v3+rankfirst|direct|rankgpt|0.594
nfcorpus|splade-v3+rankfirst|direct|setmaxheaptopk|0.6431
nfcorpus|splade-v3+rankfirst|largest_gap|judge|0.6339
nfcorpus|splade-v3+rankfirst|largest_gap|judge_expr|0.6611
nfcorpus|splade-v3+rankfirst|largest_gap|rankgpt|0.594
nfcorpus|splade-v3+rankfirst|largest_gap|setmaxheaptopk|0.6431
nfcorpus|splade-v3+rankfirst|optimal_global|judge|0.6233
nfcorpus|splade-v3+rankfirst|optimal_global|judge_expr|0.5681
nfcorpus|splade-v3+rankfirst|optimal_global|rankgpt|0.552
nfcorpus|splade-v3+rankfirst|optimal_global|setmaxheaptopk|0.6247
nfcorpus|splade-v3+rankfirst|optimal_per_topic|judge|0.2602
nfcorpus|splade-v3+rankfirst|optimal_per_topic|judge_expr|0.2536
nfcorpus|splade-v3+rankfirst|optimal_per_topic|rankgpt|0.2631
nfcorpus|splade-v3+rankfirst|optimal_per_topic|setmaxheaptopk|0.2609
nfcorpus|splade-v3+rankfirst|quantile|judge|0.7114
nfcorpus|splade-v3+rankfirst|quantile|judge_expr|0.6031
nfcorpus|splade-v3+rankfirst|quantile|rankgpt|0.6393
nfcorpus|splade-v3+rankfirst|quantile|setmaxheaptopk|0.6123
nfcorpus|splade-v3+rankfirst|rank|judge|0.481
nfcorpus|splade-v3+rankfirst|rank|judge_expr|0.456
nfcorpus|splade-v3+rankfirst|rank|rankgpt|0.4297
nfcorpus|splade-v3+rankfirst|rank|setmaxheaptopk|0.4779
nfcorpus|splade-v3+rankfirst|thresholding|judge|0.6374
nfcorpus|splade-v3+rankfirst|thresholding|judge_expr|0.6203
nfcorpus|splade-v3+rankfirst|thresholding|rankgpt|0.0
nfcorpus|splade-v3+rankfirst|thresholding|setmaxheaptopk|0.0
nfcorpus|splade-v3+rankgpt|direct|judge|0.5906
nfcorpus|splade-v3+rankgpt|direct|judge_expr|0.5772
nfcorpus|splade-v3+rankgpt|direct|rankgpt|0.5726
nfcorpus|splade-v3+rankgpt|direct|setmaxheaptopk|0.5946
nfcorpus|splade-v3+rankgpt|largest_gap|judge|0.5753
nfcorpus|splade-v3+rankgpt|largest_gap|judge_expr|0.6117
nfcorpus|splade-v3+rankgpt|largest_gap|rankgpt|0.5726
nfcorpus|splade-v3+rankgpt|largest_gap|setmaxheaptopk|0.5946
nfcorpus|splade-v3+rankgpt|optimal_global|judge|0.5739
nfcorpus|splade-v3+rankgpt|optimal_global|judge_expr|0.5139
nfcorpus|splade-v3+rankgpt|optimal_global|rankgpt|0.5185
nfcorpus|splade-v3+rankgpt|optimal_global|setmaxheaptopk|0.5323
nfcorpus|splade-v3+rankgpt|optimal_per_topic|judge|0.2313
nfcorpus|splade-v3+rankgpt|optimal_per_topic|judge_expr|0.2231
nfcorpus|splade-v3+rankgpt|optimal_per_topic|rankgpt|0.2392
nfcorpus|splade-v3+rankgpt|optimal_per_topic|setmaxheaptopk|0.2418
nfcorpus|splade-v3+rankgpt|quantile|judge|0.6367
nfcorpus|splade-v3+rankgpt|quantile|judge_expr|0.5369
nfcorpus|splade-v3+rankgpt|quantile|rankgpt|0.5623
nfcorpus|splade-v3+rankgpt|quantile|setmaxheaptopk|0.5233
nfcorpus|splade-v3+rankgpt|rank|judge|0.4078
nfcorpus|splade-v3+rankgpt|rank|judge_expr|0.3936
nfcorpus|splade-v3+rankgpt|rank|rankgpt|0.4079
nfcorpus|splade-v3+rankgpt|rank|setmaxheaptopk|0.4064
nfcorpus|splade-v3+rankgpt|thresholding|judge|0.5821
nfcorpus|splade-v3+rankgpt|thresholding|judge_expr|0.5664
nfcorpus|splade-v3+rankgpt|thresholding|rankgpt|0.0
nfcorpus|splade-v3+rankgpt|thresholding|setmaxheaptopk|0.0
nfcorpus|splade-v3+rankzephyr|direct|judge|0.6076
nfcorpus|splade-v3+rankzephyr|direct|judge_expr|0.5775
nfcorpus|splade-v3+rankzephyr|direct|rankgpt|0.5479
nfcorpus|splade-v3+rankzephyr|largest_gap|judge|0.5641
nfcorpus|splade-v3+rankzephyr|largest_gap|judge_expr|0.6033
nfcorpus|splade-v3+rankzephyr|largest_gap|rankgpt|0.5479
nfcorpus|splade-v3+rankzephyr|optimal_global|judge|0.5683
nfcorpus|splade-v3+rankzephyr|optimal_global|judge_expr|0.5068
nfcorpus|splade-v3+rankzephyr|optimal_global|rankgpt|0.4798
nfcorpus|splade-v3+rankzephyr|optimal_per_topic|judge|0.2301
nfcorpus|splade-v3+rankzephyr|optimal_per_topic|judge_expr|0.2209
nfcorpus|splade-v3+rankzephyr|optimal_per_topic|rankgpt|0.2314
nfcorpus|splade-v3+rankzephyr|quantile|judge|0.6908
nfcorpus|splade-v3+rankzephyr|quantile|judge_expr|0.5534
nfcorpus|splade-v3+rankzephyr|quantile|rankgpt|0.6229
nfcorpus|splade-v3+rankzephyr|rank|judge|0.4429
nfcorpus|splade-v3+rankzephyr|rank|judge_expr|0.4007
nfcorpus|splade-v3+rankzephyr|rank|rankgpt|0.3816
nfcorpus|splade-v3+rankzephyr|thresholding|judge|0.5809
nfcorpus|splade-v3+rankzephyr|thresholding|judge_expr|0.5636
nfcorpus|splade-v3+rankzephyr|thresholding|rankgpt|0.0
nfcorpus|splade-v3+setmaxheaptopk|direct|judge|0.6264
nfcorpus|splade-v3+setmaxheaptopk|direct|judge_expr|0.6246
nfcorpus|splade-v3+setmaxheaptopk|direct|rankgpt|0.6181
nfcorpus|splade-v3+setmaxheaptopk|direct|setmaxheaptopk|0.6869
nfcorpus|splade-v3+setmaxheaptopk|largest_gap|judge|0.6217
nfcorpus|splade-v3+setmaxheaptopk|largest_gap|judge_expr|0.6538
nfcorpus|splade-v3+setmaxheaptopk|largest_gap|rankgpt|0.6181
nfcorpus|splade-v3+setmaxheaptopk|largest_gap|setmaxheaptopk|0.6869
nfcorpus|splade-v3+setmaxheaptopk|optimal_global|judge|0.6163
nfcorpus|splade-v3+setmaxheaptopk|optimal_global|judge_expr|0.5621
nfcorpus|splade-v3+setmaxheaptopk|optimal_global|rankgpt|0.5524
nfcorpus|splade-v3+setmaxheaptopk|optimal_global|setmaxheaptopk|0.6476
nfcorpus|splade-v3+setmaxheaptopk|optimal_per_topic|judge|0.2568
nfcorpus|splade-v3+setmaxheaptopk|optimal_per_topic|judge_expr|0.2501
nfcorpus|splade-v3+setmaxheaptopk|optimal_per_topic|rankgpt|0.2619
nfcorpus|splade-v3+setmaxheaptopk|optimal_per_topic|setmaxheaptopk|0.2751
nfcorpus|splade-v3+setmaxheaptopk|quantile|judge|0.6432
nfcorpus|splade-v3+setmaxheaptopk|quantile|judge_expr|0.5603
nfcorpus|splade-v3+setmaxheaptopk|quantile|rankgpt|0.5801
nfcorpus|splade-v3+setmaxheaptopk|quantile|setmaxheaptopk|0.5864
nfcorpus|splade-v3+setmaxheaptopk|rank|judge|0.4536
nfcorpus|splade-v3+setmaxheaptopk|rank|judge_expr|0.4375
nfcorpus|splade-v3+setmaxheaptopk|rank|rankgpt|0.4146
nfcorpus|splade-v3+setmaxheaptopk|rank|setmaxheaptopk|0.4921
nfcorpus|splade-v3+setmaxheaptopk|thresholding|judge|0.6338
nfcorpus|splade-v3+setmaxheaptopk|thresholding|judge_expr|0.6112
nfcorpus|splade-v3+setmaxheaptopk|thresholding|rankgpt|0.0
nfcorpus|splade-v3+setmaxheaptopk|thresholding|setmaxheaptopk|0.0
scidocs|bm25|direct|judge|0.5308
scidocs|bm25|direct|judge_expr|0.428
scidocs|bm25|direct|rankgpt|0.4295
scidocs|bm25|direct|setmaxheaptopk|0.4158
scidocs|bm25|largest_gap|judge|0.3755
scidocs|bm25|largest_gap|judge_expr|0.4336
scidocs|bm25|largest_gap|rankgpt|0.4295
scidocs|bm25|largest_gap|setmaxheaptopk|0.4158
scidocs|bm25|optimal_global|judge|0.3305
scidocs|bm25|optimal_global|judge_expr|0.0006
scidocs|bm25|optimal_global|rankgpt|0.4295
scidocs|bm25|optimal_global|setmaxheaptopk|0.4158
scidocs|bm25|optimal_per_topic|judge|0.0
scidocs|bm25|optimal_per_topic|judge_expr|0.0
scidocs|bm25|optimal_per_topic|rankgpt|0.0
scidocs|bm25|optimal_per_topic|setmaxheaptopk|0.0
scidocs|bm25|quantile|judge|0.6001
scidocs|bm25|quantile|judge_expr|0.4826
scidocs|bm25|quantile|rankgpt|0.5934
scidocs|bm25|quantile|setmaxheaptopk|0.5303
scidocs|bm25|rank|judge|0.3586
scidocs|bm25|rank|judge_expr|0.2987
scidocs|bm25|rank|rankgpt|0.3384
scidocs|bm25|rank|setmaxheaptopk|0.3766
scidocs|bm25|thresholding|judge|0.4311
scidocs|bm25|thresholding|judge_expr|0.4139
scidocs|bm25|thresholding|rankgpt|0.0
scidocs|bm25|thresholding|setmaxheaptopk|0.0
scidocs|bm25+judge|direct|judge|0.7244
scidocs|bm25+judge|direct|judge_expr|0.6874
scidocs|bm25+judge|direct|rankgpt|0.3134
scidocs|bm25+judge|direct|setmaxheaptopk|0.3176
scidocs|bm25+judge|largest_gap|judge|0.6854
scidocs|bm25+judge|largest_gap|judge_expr|0.7054
scidocs|bm25+judge|largest_gap|rankgpt|0.3134
scidocs|bm25+judge|largest_gap|setmaxheaptopk|0.3176
scidocs|bm25+judge|optimal_global|judge|0.5994
scidocs|bm25+judge|optimal_global|judge_expr|0.0004
scidocs|bm25+judge|optimal_global|rankgpt|0.3134
scidocs|bm25+judge|optimal_global|setmaxheaptopk|0.3176
scidocs|bm25+judge|optimal_per_topic|judge|0.0
scidocs|bm25+judge|optimal_per_topic|judge_expr|0.0
scidocs|bm25+judge|optimal_per_topic|rankgpt|0.0
scidocs|bm25+judge|optimal_per_topic|setmaxheaptopk|0.0
scidocs|bm25+judge|quantile|judge|0.7437
scidocs|bm25+judge|quantile|judge_expr|0.6934
scidocs|bm25+judge|quantile|rankgpt|0.5221
scidocs|bm25+judge|quantile|setmaxheaptopk|0.492
scidocs|bm25+judge|rank|judge|0.551
scidocs|bm25+judge|rank|judge_expr|0.5201
scidocs|bm25+judge|rank|rankgpt|0.3207
scidocs|bm25+judge|rank|setmaxheaptopk|0.3399
scidocs|bm25+judge|thresholding|judge|0.6974
scidocs|bm25+judge|thresholding|judge_expr|0.6797
scidocs|bm25+judge|thresholding|rankgpt|0.0
scidocs|bm25+judge|thresholding|setmaxheaptopk|0.0
scidocs|bm25+judge_expr|direct|judge|0.7506
scidocs|bm25+judge_expr|direct|judge_expr|0.732
scidocs|bm25+judge_expr|direct|rankgpt|0.4165
scidocs|bm25+judge_expr|direct|setmaxheaptopk|0.4194
scidocs|bm25+judge_expr|largest_gap|judge|0.708
scidocs|bm25+judge_expr|largest_gap|judge_expr|0.741
scidocs|bm25+judge_expr|largest_gap|rankgpt|0.4165
scidocs|bm25+judge_expr|largest_gap|setmaxheaptopk|0.4194
scidocs|bm25+judge_expr|optimal_global|judge|0.623
scidocs|bm25+judge_expr|optimal_global|judge_expr|0.001
scidocs|bm25+judge_expr|optimal_global|rankgpt|0.4165
scidocs|bm25+judge_expr|optimal_global|setmaxheaptopk|0.4194
scidocs|bm25+judge_expr|optimal_per_topic|judge|0.0
scidocs|bm25+judge_expr|optimal_per_topic|judge_expr|0.0
scidocs|bm25+judge_expr|optimal_per_topic|rankgpt|0.0
scidocs|bm25+judge_expr|optimal_per_topic|setmaxheaptopk|0.0
scidocs|bm25+judge_expr|quantile|judge|0.7762
scidocs|bm25+judge_expr|quantile|judge_expr|0.7755
scidocs|bm25+judge_expr|quantile|rankgpt|0.5794
scidocs|bm25+judge_expr|quantile|setmaxheaptopk|0.5483
scidocs|bm25+judge_expr|rank|judge|0.5894
scidocs|bm25+judge_expr|rank|judge_expr|0.6634
scidocs|bm25+judge_expr|rank|rankgpt|0.3691
scidocs|bm25+judge_expr|rank|setmaxheaptopk|0.4004
scidocs|bm25+judge_expr|thresholding|judge|0.722
scidocs|bm25+judge_expr|thresholding|judge_expr|0.7088
scidocs|bm25+judge_expr|thresholding|rankgpt|0.0
scidocs|bm25+judge_expr|thresholding|setmaxheaptopk|0.0
scidocs|bm25+point|direct|judge|0.5862
scidocs|bm25+point|direct|judge_expr|0.4976
scidocs|bm25+point|direct|rankgpt|0.4018
scidocs|bm25+point|direct|setmaxheaptopk|0.4191
scidocs|bm25+point|largest_gap|judge|0.4298
scidocs|bm25+point|largest_gap|judge_expr|0.5008
scidocs|bm25+point|largest_gap|rankgpt|0.4018
scidocs|bm25+point|largest_gap|setmaxheaptopk|0.4191
scidocs|bm25+point|optimal_global|judge|0.3735
scidocs|bm25+point|optimal_global|judge_expr|0.0004
scidocs|bm25+point|optimal_global|rankgpt|0.4018
scidocs|bm25+point|optimal_global|setmaxheaptopk|0.4191
scidocs|bm25+point|optimal_per_topic|judge|0.0
scidocs|bm25+point|optimal_per_topic|judge_expr|0.0
scidocs|bm25+point|optimal_per_topic|rankgpt|0.0
scidocs|bm25+point|optimal_per_topic|setmaxheaptopk|0.0
scidocs|bm25+point|quantile|judge|0.656
scidocs|bm25+point|quantile|judge_expr|0.5526
scidocs|bm25+point|quantile|rankgpt|0.5739
scidocs|bm25+point|quantile|setmaxheaptopk|0.5477
scidocs|bm25+point|rank|judge|0.3865
scidocs|bm25+point|rank|judge_expr|0.3492
scidocs|bm25+point|rank|rankgpt|0.3593
scidocs|bm25+point|rank|setmaxheaptopk|0.398
scidocs|bm25+point|thresholding|judge|0.5031
scidocs|bm25+point|thresholding|judge_expr|0.4784
scidocs|bm25+point|thresholding|rankgpt|0.0
scidocs|bm25+point|thresholding|setmaxheaptopk|0.0
scidocs|bm25+rankfirst|direct|judge|0.6646
scidocs|bm25+rankfirst|direct|judge_expr|0.5667
scidocs|bm25+rankfirst|direct|rankgpt|0.6081
scidocs|bm25+rankfirst|direct|setmaxheaptopk|0.5976
scidocs|bm25+rankfirst|largest_gap|judge|0.5051
scidocs|bm25+rankfirst|largest_gap|judge_expr|0.5732
scidocs|bm25+rankfirst|largest_gap|rankgpt|0.6081
scidocs|bm25+rankfirst|largest_gap|setmaxheaptopk|0.5976
scidocs|bm25+rankfirst|optimal_global|judge|0.4379
scidocs|bm25+rankfirst|optimal_global|judge_expr|0.0005
scidocs|bm25+rankfirst|optimal_global|rankgpt|0.6081
scidocs|bm25+rankfirst|optimal_global|setmaxheaptopk|0.5976
scidocs|bm25+rankfirst|optimal_per_topic|judge|0.0
scidocs|bm25+rankfirst|optimal_per_topic|judge_expr|0.0
scidocs|bm25+rankfirst|optimal_per_topic|rankgpt|0.0
scidocs|bm25+rankfirst|optimal_per_topic|setmaxheaptopk|0.0
scidocs|bm25+rankfirst|quantile|judge|0.7431
scidocs|bm25+rankfirst|quantile|judge_expr|0.6318
scidocs|bm25+rankfirst|quantile|rankgpt|0.7331
scidocs|bm25+rankfirst|quantile|setmaxheaptopk|0.6789
scidocs|bm25+rankfirst|rank|judge|0.4778
scidocs|bm25+rankfirst|rank|judge_expr|0.4147
scidocs|bm25+rankfirst|rank|rankgpt|0.4749
scidocs|bm25+rankfirst|rank|setmaxheaptopk|0.519
scidocs|bm25+rankfirst|thresholding|judge|0.5707
scidocs|bm25+rankfirst|thresholding|judge_expr|0.5489
scidocs|bm25+rankfirst|thresholding|rankgpt|0.0
scidocs|bm25+rankfirst|thresholding|setmaxheaptopk|0.0
scidocs|bm25+rankgpt|direct|judge|0.5945
scidocs|bm25+rankgpt|direct|judge_expr|0.5052
scidocs|bm25+rankgpt|direct|rankgpt|0.5595
scidocs|bm25+rankgpt|direct|setmaxheaptopk|0.5344
scidocs|bm25+rankgpt|largest_gap|judge|0.4496
scidocs|bm25+rankgpt|largest_gap|judge_expr|0.5106
scidocs|bm25+rankgpt|largest_gap|rankgpt|0.5595
scidocs|bm25+rankgpt|largest_gap|setmaxheaptopk|0.5344
scidocs|bm25+rankgpt|optimal_global|judge|0.3967
scidocs|bm25+rankgpt|optimal_global|judge_expr|0.0004
scidocs|bm25+rankgpt|optimal_global|rankgpt|0.5595
scidocs|bm25+rankgpt|optimal_global|setmaxheaptopk|0.5344
scidocs|bm25+rankgpt|optimal_per_topic|judge|0.0
scidocs|bm25+rankgpt|optimal_per_topic|judge_expr|0.0
scidocs|bm25+rankgpt|optimal_per_topic|rankgpt|0.0
scidocs|bm25+rankgpt|optimal_per_topic|setmaxheaptopk|0.0
scidocs|bm25+rankgpt|quantile|judge|0.6637
scidocs|bm25+rankgpt|quantile|judge_expr|0.5601
scidocs|bm25+rankgpt|quantile|rankgpt|0.642
scidocs|bm25+rankgpt|quantile|setmaxheaptopk|0.5838
scidocs|bm25+rankgpt|rank|judge|0.406
scidocs|bm25+rankgpt|rank|judge_expr|0.3597
scidocs|bm25+rankgpt|rank|rankgpt|0.4364
scidocs|bm25+rankgpt|rank|setmaxheaptopk|0.4393
scidocs|bm25+rankgpt|thresholding|judge|0.5106
scidocs|bm25+rankgpt|thresholding|judge_expr|0.4918
scidocs|bm25+rankgpt|thresholding|rankgpt|0.0
scidocs|bm25+rankgpt|thresholding|setmaxheaptopk|0.0
scidocs|bm25+rankzephyr|direct|judge|0.5185
scidocs|bm25+rankzephyr|direct|judge_expr|0.4151
scidocs|bm25+rankzephyr|direct|rankgpt|0.4076
scidocs|bm25+rankzephyr|largest_gap|judge|0.3649
scidocs|bm25+rankzephyr|largest_gap|judge_expr|0.4224
scidocs|bm25+rankzephyr|largest_gap|rankgpt|0.4076
scidocs|bm25+rankzephyr|optimal_global|judge|0.3194
scidocs|bm25+rankzephyr|optimal_global|judge_expr|0.0
scidocs|bm25+rankzephyr|optimal_global|rankgpt|0.4076
scidocs|bm25+rankzephyr|optimal_per_topic|judge|0.0
scidocs|bm25+rankzephyr|optimal_per_topic|judge_expr|0.0
scidocs|bm25+rankzephyr|optimal_per_topic|rankgpt|0.0
scidocs|bm25+rankzephyr|quantile|judge|0.5858
scidocs|bm25+rankzephyr|quantile|judge_expr|0.4675
scidocs|bm25+rankzephyr|quantile|rankgpt|0.5781
scidocs|bm25+rankzephyr|rank|judge|0.3452
scidocs|bm25+rankzephyr|rank|judge_expr|0.2849
scidocs|bm25+rankzephyr|rank|rankgpt|0.327
scidocs|bm25+rankzephyr|thresholding|judge|0.4189
scidocs|bm25+rankzephyr|thresholding|judge_expr|0.4024
scidocs|bm25+rankzephyr|thresholding|rankgpt|0.0
scidocs|bm25+setmaxheaptopk|direct|judge|0.6126
scidocs|bm25+setmaxheaptopk|direct|judge_expr|0.533
scidocs|bm25+setmaxheaptopk|direct|rankgpt|0.5661
scidocs|bm25+setmaxheaptopk|direct|setmaxheaptopk|0.58
scidocs|bm25+setmaxheaptopk|largest_gap|judge|0.4822
scidocs|bm25+setmaxheaptopk|largest_gap|judge_expr|0.5412
scidocs|bm25+setmaxheaptopk|largest_gap|rankgpt|0.5661
scidocs|bm25+setmaxheaptopk|largest_gap|setmaxheaptopk|0.58
scidocs|bm25+setmaxheaptopk|optimal_global|judge|0.422
scidocs|bm25+setmaxheaptopk|optimal_global|judge_expr|0.0006
scidocs|bm25+setmaxheaptopk|optimal_global|rankgpt|0.5661
scidocs|bm25+setmaxheaptopk|optimal_global|setmaxheaptopk|0.58
scidocs|bm25+setmaxheaptopk|optimal_per_topic|judge|0.0
scidocs|bm25+setmaxheaptopk|optimal_per_topic|judge_expr|0.0
scidocs|bm25+setmaxheaptopk|optimal_per_topic|rankgpt|0.0
scidocs|bm25+setmaxheaptopk|optimal_per_topic|setmaxheaptopk|0.0
scidocs|bm25+setmaxheaptopk|quantile|judge|0.6771
scidocs|bm25+setmaxheaptopk|quantile|judge_expr|0.5777
scidocs|bm25+setmaxheaptopk|quantile|rankgpt|0.641
scidocs|bm25+setmaxheaptopk|quantile|setmaxheaptopk|0.6248
scidocs|bm25+setmaxheaptopk|rank|judge|0.4274
scidocs|bm25+setmaxheaptopk|rank|judge_expr|0.3816
scidocs|bm25+setmaxheaptopk|rank|rankgpt|0.4266
scidocs|bm25+setmaxheaptopk|rank|setmaxheaptopk|0.493
scidocs|bm25+setmaxheaptopk|thresholding|judge|0.5378
scidocs|bm25+setmaxheaptopk|thresholding|judge_expr|0.5215
scidocs|bm25+setmaxheaptopk|thresholding|rankgpt|0.0
scidocs|bm25+setmaxheaptopk|thresholding|setmaxheaptopk|0.0
scidocs|colbert-small|direct|judge|0.6628
scidocs|colbert-small|direct|judge_expr|0.535
scidocs|colbert-small|direct|rankgpt|0.6016
scidocs|colbert-small|direct|setmaxheaptopk|0.5688
scidocs|colbert-small|largest_gap|judge|0.4688
scidocs|colbert-small|largest_gap|judge_expr|0.5394
scidocs|colbert-small|largest_gap|rankgpt|0.6016
scidocs|colbert-small|largest_gap|setmaxheaptopk|0.5688
scidocs|colbert-small|optimal_global|judge|0.4088
scidocs|colbert-small|optimal_global|judge_expr|0.0004
scidocs|colbert-small|optimal_global|rankgpt|0.6016
scidocs|colbert-small|optimal_global|setmaxheaptopk|0.5688
scidocs|colbert-small|optimal_per_topic|judge|0.0
scidocs|colbert-small|optimal_per_topic|judge_expr|0.0
scidocs|colbert-small|optimal_per_topic|rankgpt|0.0
scidocs|colbert-small|optimal_per_topic|setmaxheaptopk|0.0
scidocs|colbert-small|quantile|judge|0.7586
scidocs|colbert-small|quantile|judge_expr|0.6096
scidocs|colbert-small|quantile|rankgpt|0.9828
scidocs|colbert-small|quantile|setmaxheaptopk|0.6976
scidocs|colbert-small|rank|judge|0.5295
scidocs|colbert-small|rank|judge_expr|0.3735
scidocs|colbert-small|rank|rankgpt|0.4568
scidocs|colbert-small|rank|setmaxheaptopk|0.4839
scidocs|colbert-small|thresholding|judge|0.5366
scidocs|colbert-small|thresholding|judge_expr|0.5142
scidocs|colbert-small|thresholding|rankgpt|0.0
scidocs|colbert-small|thresholding|setmaxheaptopk|0.0
scidocs|colbert-small+judge|direct|judge|1.0
scidocs|colbert-small+judge|direct|judge_expr|0.95
scidocs|colbert-small+judge|direct|rankgpt|0.2965
scidocs|colbert-small+judge|direct|setmaxheaptopk|0.3123
scidocs|colbert-small+judge|largest_gap|judge|1.0
scidocs|colbert-small+judge|largest_gap|judge_expr|0.9773
scidocs|colbert-small+judge|largest_gap|rankgpt|0.2965
scidocs|colbert-small+judge|largest_gap|setmaxheaptopk|0.3123
scidocs|colbert-small+judge|optimal_global|judge|0.871
scidocs|colbert-small+judge|optimal_global|judge_expr|0.0003
scidocs|colbert-small+judge|optimal_global|rankgpt|0.2965
scidocs|colbert-small+judge|optimal_global|setmaxheaptopk|0.3123
scidocs|colbert-small+judge|optimal_per_topic|judge|0.0
scidocs|colbert-small+judge|optimal_per_topic|judge_expr|0.0
scidocs|colbert-small+judge|optimal_per_topic|rankgpt|0.0
scidocs|colbert-small+judge|optimal_per_topic|setmaxheaptopk|0.0
scidocs|colbert-small+judge|quantile|judge|1.0
scidocs|colbert-small+judge|quantile|judge_expr|0.9301
scidocs|colbert-small+judge|quantile|rankgpt|0.5766
scidocs|colbert-small+judge|quantile|setmaxheaptopk|0.5658
scidocs|colbert-small+judge|rank|judge|0.7307
scidocs|colbert-small+judge|rank|judge_expr|0.7255
scidocs|colbert-small+judge|rank|rankgpt|0.3433
scidocs|colbert-small+judge|rank|setmaxheaptopk|0.364
scidocs|colbert-small+judge|thresholding|judge|0.958
scidocs|colbert-small+judge|thresholding|judge_expr|0.9358
scidocs|colbert-small+judge|thresholding|rankgpt|0.0
scidocs|colbert-small+judge|thresholding|setmaxheaptopk|0.0
scidocs|colbert-small+judge_expr|direct|judge|0.9923
scidocs|colbert-small+judge_expr|direct|judge_expr|0.982
scidocs|colbert-small+judge_expr|direct|rankgpt|0.4121
scidocs|colbert-small+judge_expr|direct|setmaxheaptopk|0.432
scidocs|colbert-small+judge_expr|largest_gap|judge|0.9927
scidocs|colbert-small+judge_expr|largest_gap|judge_expr|1.0
scidocs|colbert-small+judge_expr|largest_gap|rankgpt|0.4121
scidocs|colbert-small+judge_expr|largest_gap|setmaxheaptopk|0.432
scidocs|colbert-small+judge_expr|optimal_global|judge|0.8697
scidocs|colbert-small+judge_expr|optimal_global|judge_expr|0.001
scidocs|colbert-small+judge_expr|optimal_global|rankgpt|0.4121
scidocs|colbert-small+judge_expr|optimal_global|setmaxheaptopk|0.432
scidocs|colbert-small+judge_expr|optimal_per_topic|judge|0.0
scidocs|colbert-small+judge_expr|optimal_per_topic|judge_expr|0.0
scidocs|colbert-small+judge_expr|optimal_per_topic|rankgpt|0.0
scidocs|colbert-small+judge_expr|optimal_per_topic|setmaxheaptopk|0.0
scidocs|colbert-small+judge_expr|quantile|judge|0.9986
scidocs|colbert-small+judge_expr|quantile|judge_expr|1.0
scidocs|colbert-small+judge_expr|quantile|rankgpt|0.634
scidocs|colbert-small+judge_expr|quantile|setmaxheaptopk|0.6263
scidocs|colbert-small+judge_expr|rank|judge|0.759
scidocs|colbert-small+judge_expr|rank|judge_expr|0.9997
scidocs|colbert-small+judge_expr|rank|rankgpt|0.395
scidocs|colbert-small+judge_expr|rank|setmaxheaptopk|0.434
scidocs|colbert-small+judge_expr|thresholding|judge|0.9569
scidocs|colbert-small+judge_expr|thresholding|judge_expr|0.943
scidocs|colbert-small+judge_expr|thresholding|rankgpt|0.0
scidocs|colbert-small+judge_expr|thresholding|setmaxheaptopk|0.0
scidocs|colbert-small+point|direct|judge|0.7319
scidocs|colbert-small+point|direct|judge_expr|0.6114
scidocs|colbert-small+point|direct|rankgpt|0.4034
scidocs|colbert-small+point|direct|setmaxheaptopk|0.4345
scidocs|colbert-small+point|largest_gap|judge|0.5375
scidocs|colbert-small+point|largest_gap|judge_expr|0.6169
scidocs|colbert-small+point|largest_gap|rankgpt|0.4034
scidocs|colbert-small+point|largest_gap|setmaxheaptopk|0.4345
scidocs|colbert-small+point|optimal_global|judge|0.4701
scidocs|colbert-small+point|optimal_global|judge_expr|0.0004
scidocs|colbert-small+point|optimal_global|rankgpt|0.4034
scidocs|colbert-small+point|optimal_global|setmaxheaptopk|0.4345
scidocs|colbert-small+point|optimal_per_topic|judge|0.0
scidocs|colbert-small+point|optimal_per_topic|judge_expr|0.0
scidocs|colbert-small+point|optimal_per_topic|rankgpt|0.0
scidocs|colbert-small+point|optimal_per_topic|setmaxheaptopk|0.0
scidocs|colbert-small+point|quantile|judge|0.8274
scidocs|colbert-small+point|quantile|judge_expr|0.6799
scidocs|colbert-small+point|quantile|rankgpt|0.6361
scidocs|colbert-small+point|quantile|setmaxheaptopk|0.6339
scidocs|colbert-small+point|rank|judge|0.448
scidocs|colbert-small+point|rank|judge_expr|0.4282
scidocs|colbert-small+point|rank|rankgpt|0.3923
scidocs|colbert-small+point|rank|setmaxheaptopk|0.4403
scidocs|colbert-small+point|thresholding|judge|0.613
scidocs|colbert-small+point|thresholding|judge_expr|0.5838
scidocs|colbert-small+point|thresholding|rankgpt|0.0
scidocs|colbert-small+point|thresholding|setmaxheaptopk|0.0
scidocs|colbert-small+rankfirst|direct|judge|0.7422
scidocs|colbert-small+rankfirst|direct|judge_expr|0.628
scidocs|colbert-small+rankfirst|direct|rankgpt|0.6666
scidocs|colbert-small+rankfirst|direct|setmaxheaptopk|0.648
scidocs|colbert-small+rankfirst|largest_gap|judge|0.556
scidocs|colbert-small+rankfirst|largest_gap|judge_expr|0.6362
scidocs|colbert-small+rankfirst|largest_gap|rankgpt|0.6666
scidocs|colbert-small+rankfirst|largest_gap|setmaxheaptopk|0.648
scidocs|colbert-small+rankfirst|optimal_global|judge|0.4813
scidocs|colbert-small+rankfirst|optimal_global|judge_expr|0.0004
scidocs|colbert-small+rankfirst|optimal_global|rankgpt|0.6666
scidocs|colbert-small+rankfirst|optimal_global|setmaxheaptopk|0.648
scidocs|colbert-small+rankfirst|optimal_per_topic|judge|0.0
scidocs|colbert-small+rankfirst|optimal_per_topic|judge_expr|0.0
scidocs|colbert-small+rankfirst|optimal_per_topic|rankgpt|0.0
scidocs|colbert-small+rankfirst|optimal_per_topic|setmaxheaptopk|0.0
scidocs|colbert-small+rankfirst|quantile|judge|0.8382
scidocs|colbert-small+rankfirst|quantile|judge_expr|0.7104
scidocs|colbert-small+rankfirst|quantile|rankgpt|0.8339
scidocs|colbert-small+rankfirst|quantile|setmaxheaptopk|0.7553
scidocs|colbert-small+rankfirst|rank|judge|0.5312
scidocs|colbert-small+rankfirst|rank|judge_expr|0.4621
scidocs|colbert-small+rankfirst|rank|rankgpt|0.5425
scidocs|colbert-small+rankfirst|rank|setmaxheaptopk|0.575
scidocs|colbert-small+rankfirst|thresholding|judge|0.6288
scidocs|colbert-small+rankfirst|thresholding|judge_expr|0.6031
scidocs|colbert-small+rankfirst|thresholding|rankgpt|0.0
scidocs|colbert-small+rankfirst|thresholding|setmaxheaptopk|0.0
scidocs|colbert-small+rankgpt|direct|judge|0.707
scidocs|colbert-small+rankgpt|direct|judge_expr|0.585
scidocs|colbert-small+rankgpt|direct|rankgpt|1.0
scidocs|colbert-small+rankgpt|direct|setmaxheaptopk|0.6834
scidocs|colbert-small+rankgpt|largest_gap|judge|0.5154
scidocs|colbert-small+rankgpt|largest_gap|judge_expr|0.5904
scidocs|colbert-small+rankgpt|largest_gap|rankgpt|1.0
scidocs|colbert-small+rankgpt|largest_gap|setmaxheaptopk|0.6834
scidocs|colbert-small+rankgpt|optimal_global|judge|0.447
scidocs|colbert-small+rankgpt|optimal_global|judge_expr|0.0
scidocs|colbert-small+rankgpt|optimal_global|rankgpt|1.0
scidocs|colbert-small+rankgpt|optimal_global|setmaxheaptopk|0.6834
scidocs|colbert-small+rankgpt|optimal_per_topic|judge|0.0
scidocs|colbert-small+rankgpt|optimal_per_topic|judge_expr|0.0
scidocs|colbert-small+rankgpt|optimal_per_topic|rankgpt|0.0
scidocs|colbert-small+rankgpt|optimal_per_topic|setmaxheaptopk|0.0
scidocs|colbert-small+rankgpt|quantile|judge|0.8085
scidocs|colbert-small+rankgpt|quantile|judge_expr|0.6638
scidocs|colbert-small+rankgpt|quantile|rankgpt|1.0
scidocs|colbert-small+rankgpt|quantile|setmaxheaptopk|0.7095
scidocs|colbert-small+rankgpt|rank|judge|0.4753
scidocs|colbert-small+rankgpt|rank|judge_expr|0.4159
scidocs|colbert-small+rankgpt|rank|rankgpt|1.0
scidocs|colbert-small+rankgpt|rank|setmaxheaptopk|0.5165
scidocs|colbert-small+rankgpt|thresholding|judge|0.5885
scidocs|colbert-small+rankgpt|thresholding|judge_expr|0.563
scidocs|colbert-small+rankgpt|thresholding|rankgpt|0.0
scidocs|colbert-small+rankgpt|thresholding|setmaxheaptopk|0.0
scidocs|colbert-small+rankzephyr|direct|judge|0.661
scidocs|colbert-small+rankzephyr|direct|judge_expr|0.5318
scidocs|colbert-small+rankzephyr|direct|rankgpt|0.5983
scidocs|colbert-small+rankzephyr|largest_gap|judge|0.4649
scidocs|colbert-small+rankzephyr|largest_gap|judge_expr|0.5355
scidocs|colbert-small+rankzephyr|largest_gap|rankgpt|0.5983
scidocs|colbert-small+rankzephyr|optimal_global|judge|0.4051
scidocs|colbert-small+rankzephyr|optimal_global|judge_expr|0.0004
scidocs|colbert-small+rankzephyr|optimal_global|rankgpt|0.5983
scidocs|colbert-small+rankzephyr|optimal_per_topic|judge|0.0
scidocs|colbert-small+rankzephyr|optimal_per_topic|judge_expr|0.0
scidocs|colbert-small+rankzephyr|optimal_per_topic|rankgpt|0.0
scidocs|colbert-small+rankzephyr|quantile|judge|0.7626
scidocs|colbert-small+rankzephyr|quantile|judge_expr|0.61
scidocs|colbert-small+rankzephyr|quantile|rankgpt|0.9787
scidocs|colbert-small+rankzephyr|rank|judge|0.5216
scidocs|colbert-small+rankzephyr|rank|judge_expr|0.3696
scidocs|colbert-small+rankzephyr|rank|rankgpt|0.4649
scidocs|colbert-small+rankzephyr|thresholding|judge|0.5346
scidocs|colbert-small+rankzephyr|thresholding|judge_expr|0.5129
scidocs|colbert-small+rankzephyr|thresholding|rankgpt|0.0
scidocs|colbert-small+setmaxheaptopk|direct|judge|0.7268
scidocs|colbert-small+setmaxheaptopk|direct|judge_expr|0.6189
scidocs|colbert-small+setmaxheaptopk|direct|rankgpt|0.6905
scidocs|colbert-small+setmaxheaptopk|direct|setmaxheaptopk|1.0
scidocs|colbert-small+setmaxheaptopk|largest_gap|judge|0.5541
scidocs|colbert-small+setmaxheaptopk|largest_gap|judge_expr|0.6267
scidocs|colbert-small+setmaxheaptopk|largest_gap|rankgpt|0.6905
scidocs|colbert-small+setmaxheaptopk|largest_gap|setmaxheaptopk|1.0
scidocs|colbert-small+setmaxheaptopk|optimal_global|judge|0.4834
scidocs|colbert-small+setmaxheaptopk|optimal_global|judge_expr|0.0004
scidocs|colbert-small+setmaxheaptopk|optimal_global|rankgpt|0.6905
scidocs|colbert-small+setmaxheaptopk|optimal_global|setmaxheaptopk|1.0
scidocs|colbert-small+setmaxheaptopk|optimal_per_topic|judge|0.0
scidocs|colbert-small+setmaxheaptopk|optimal_per_topic|judge_expr|0.0
scidocs|colbert-small+setmaxheaptopk|optimal_per_topic|rankgpt|0.0
scidocs|colbert-small+setmaxheaptopk|optimal_per_topic|setmaxheaptopk|0.0
scidocs|colbert-small+setmaxheaptopk|quantile|judge|0.8193
scidocs|colbert-small+setmaxheaptopk|quantile|judge_expr|0.6852
scidocs|colbert-small+setmaxheaptopk|quantile|rankgpt|0.7621
scidocs|colbert-small+setmaxheaptopk|quantile|setmaxheaptopk|1.0
scidocs|colbert-small+setmaxheaptopk|rank|judge|0.4969
scidocs|colbert-small+setmaxheaptopk|rank|judge_expr|0.451
scidocs|colbert-small+setmaxheaptopk|rank|rankgpt|0.5101
scidocs|colbert-small+setmaxheaptopk|rank|setmaxheaptopk|1.0
scidocs|colbert-small+setmaxheaptopk|thresholding|judge|0.6195
scidocs|colbert-small+setmaxheaptopk|thresholding|judge_expr|0.5975
scidocs|colbert-small+setmaxheaptopk|thresholding|rankgpt|0.0
scidocs|colbert-small+setmaxheaptopk|thresholding|setmaxheaptopk|0.0
scidocs|nomicai-modernbert-embed|direct|judge|0.6043
scidocs|nomicai-modernbert-embed|direct|judge_expr|0.504
scidocs|nomicai-modernbert-embed|direct|rankgpt|0.5028
scidocs|nomicai-modernbert-embed|direct|setmaxheaptopk|0.4876
scidocs|nomicai-modernbert-embed|largest_gap|judge|0.449
scidocs|nomicai-modernbert-embed|largest_gap|judge_expr|0.5105
scidocs|nomicai-modernbert-embed|largest_gap|rankgpt|0.5028
scidocs|nomicai-modernbert-embed|largest_gap|setmaxheaptopk|0.4876
scidocs|nomicai-modernbert-embed|optimal_global|judge|0.3898
scidocs|nomicai-modernbert-embed|optimal_global|judge_expr|0.0005
scidocs|nomicai-modernbert-embed|optimal_global|rankgpt|0.5028
scidocs|nomicai-modernbert-embed|optimal_global|setmaxheaptopk|0.4876
scidocs|nomicai-modernbert-embed|optimal_per_topic|judge|0.0
scidocs|nomicai-modernbert-embed|optimal_per_topic|judge_expr|0.0
scidocs|nomicai-modernbert-embed|optimal_per_topic|rankgpt|0.0
scidocs|nomicai-modernbert-embed|optimal_per_topic|setmaxheaptopk|0.0
scidocs|nomicai-modernbert-embed|quantile|judge|0.6766
scidocs|nomicai-modernbert-embed|quantile|judge_expr|0.5651
scidocs|nomicai-modernbert-embed|quantile|rankgpt|0.6773
scidocs|nomicai-modernbert-embed|quantile|setmaxheaptopk|0.5961
scidocs|nomicai-modernbert-embed|rank|judge|0.4235
scidocs|nomicai-modernbert-embed|rank|judge_expr|0.357
scidocs|nomicai-modernbert-embed|rank|rankgpt|0.4081
scidocs|nomicai-modernbert-embed|rank|setmaxheaptopk|0.435
scidocs|nomicai-modernbert-embed|thresholding|judge|0.508
scidocs|nomicai-modernbert-embed|thresholding|judge_expr|0.4894
scidocs|nomicai-modernbert-embed|thresholding|rankgpt|0.0
scidocs|nomicai-modernbert-embed|thresholding|setmaxheaptopk|0.0
scidocs|nomicai-modernbert-embed+judge|direct|judge|0.7289
scidocs|nomicai-modernbert-embed+judge|direct|judge_expr|0.7098
scidocs|nomicai-modernbert-embed+judge|direct|rankgpt|0.2969
scidocs|nomicai-modernbert-embed+judge|direct|setmaxheaptopk|0.3038
scidocs|nomicai-modernbert-embed+judge|largest_gap|judge|0.7355
scidocs|nomicai-modernbert-embed+judge|largest_gap|judge_expr|0.7315
scidocs|nomicai-modernbert-embed+judge|largest_gap|rankgpt|0.2969
scidocs|nomicai-modernbert-embed+judge|largest_gap|setmaxheaptopk|0.3038
scidocs|nomicai-modernbert-embed+judge|optimal_global|judge|0.6415
scidocs|nomicai-modernbert-embed+judge|optimal_global|judge_expr|0.0003
scidocs|nomicai-modernbert-embed+judge|optimal_global|rankgpt|0.2969
scidocs|nomicai-modernbert-embed+judge|optimal_global|setmaxheaptopk|0.3038
scidocs|nomicai-modernbert-embed+judge|optimal_per_topic|judge|0.0
scidocs|nomicai-modernbert-embed+judge|optimal_per_topic|judge_expr|0.0
scidocs|nomicai-modernbert-embed+judge|optimal_per_topic|rankgpt|0.0
scidocs|nomicai-modernbert-embed+judge|optimal_per_topic|setmaxheaptopk|0.0
scidocs|nomicai-modernbert-embed+judge|quantile|judge|0.7235
scidocs|nomicai-modernbert-embed+judge|quantile|judge_expr|0.6858
scidocs|nomicai-modernbert-embed+judge|quantile|rankgpt|0.508
scidocs|nomicai-modernbert-embed+judge|quantile|setmaxheaptopk|0.4796
scidocs|nomicai-modernbert-embed+judge|rank|judge|0.562
scidocs|nomicai-modernbert-embed+judge|rank|judge_expr|0.5426
scidocs|nomicai-modernbert-embed+judge|rank|rankgpt|0.3156
scidocs|nomicai-modernbert-embed+judge|rank|setmaxheaptopk|0.3311
scidocs|nomicai-modernbert-embed+judge|thresholding|judge|0.7158
scidocs|nomicai-modernbert-embed+judge|thresholding|judge_expr|0.7003
scidocs|nomicai-modernbert-embed+judge|thresholding|rankgpt|0.0
scidocs|nomicai-modernbert-embed+judge|thresholding|setmaxheaptopk|0.0
scidocs|nomicai-modernbert-embed+judge_expr|direct|judge|0.7603
scidocs|nomicai-modernbert-embed+judge_expr|direct|judge_expr|0.7612
scidocs|nomicai-modernbert-embed+judge_expr|direct|rankgpt|0.4069
scidocs|nomicai-modernbert-embed+judge_expr|direct|setmaxheaptopk|0.4189
scidocs|nomicai-modernbert-embed+judge_expr|largest_gap|judge|0.7626
scidocs|nomicai-modernbert-embed+judge_expr|largest_gap|judge_expr|0.7732
scidocs|nomicai-modernbert-embed+judge_expr|largest_gap|rankgpt|0.4069
scidocs|nomicai-modernbert-embed+judge_expr|largest_gap|setmaxheaptopk|0.4189
scidocs|nomicai-modernbert-embed+judge_expr|optimal_global|judge|0.6711
scidocs|nomicai-modernbert-embed+judge_expr|optimal_global|judge_expr|0.001
scidocs|nomicai-modernbert-embed+judge_expr|optimal_global|rankgpt|0.4069
scidocs|nomicai-modernbert-embed+judge_expr|optimal_global|setmaxheaptopk|0.4189
scidocs|nomicai-modernbert-embed+judge_expr|optimal_per_topic|judge|0.0
scidocs|nomicai-modernbert-embed+judge_expr|optimal_per_topic|judge_expr|0.0
scidocs|nomicai-modernbert-embed+judge_expr|optimal_per_topic|rankgpt|0.0
scidocs|nomicai-modernbert-embed+judge_expr|optimal_per_topic|setmaxheaptopk|0.0
scidocs|nomicai-modernbert-embed+judge_expr|quantile|judge|0.7626
scidocs|nomicai-modernbert-embed+judge_expr|quantile|judge_expr|0.7636
scidocs|nomicai-modernbert-embed+judge_expr|quantile|rankgpt|0.5676
scidocs|nomicai-modernbert-embed+judge_expr|quantile|setmaxheaptopk|0.5426
scidocs|nomicai-modernbert-embed+judge_expr|rank|judge|0.6012
scidocs|nomicai-modernbert-embed+judge_expr|rank|judge_expr|0.7134
scidocs|nomicai-modernbert-embed+judge_expr|rank|rankgpt|0.3644
scidocs|nomicai-modernbert-embed+judge_expr|rank|setmaxheaptopk|0.3989
scidocs|nomicai-modernbert-embed+judge_expr|thresholding|judge|0.746
scidocs|nomicai-modernbert-embed+judge_expr|thresholding|judge_expr|0.7355
scidocs|nomicai-modernbert-embed+judge_expr|thresholding|rankgpt|0.0
scidocs|nomicai-modernbert-embed+judge_expr|thresholding|setmaxheaptopk|0.0
scidocs|nomicai-modernbert-embed+point|direct|judge|0.6068
scidocs|nomicai-modernbert-embed+point|direct|judge_expr|0.5231
scidocs|nomicai-modernbert-embed+point|direct|rankgpt|0.4025
scidocs|nomicai-modernbert-embed+point|direct|setmaxheaptopk|0.4281
scidocs|nomicai-modernbert-embed+point|largest_gap|judge|0.4614
scidocs|nomicai-modernbert-embed+point|largest_gap|judge_expr|0.5263
scidocs|nomicai-modernbert-embed+point|largest_gap|rankgpt|0.4025
scidocs|nomicai-modernbert-embed+point|largest_gap|setmaxheaptopk|0.4281
scidocs|nomicai-modernbert-embed+point|optimal_global|judge|0.4013
scidocs|nomicai-modernbert-embed+point|optimal_global|judge_expr|0.0004
scidocs|nomicai-modernbert-embed+point|optimal_global|rankgpt|0.4025
scidocs|nomicai-modernbert-embed+point|optimal_global|setmaxheaptopk|0.4281
scidocs|nomicai-modernbert-embed+point|optimal_per_topic|judge|0.0
scidocs|nomicai-modernbert-embed+point|optimal_per_topic|judge_expr|0.0
scidocs|nomicai-modernbert-embed+point|optimal_per_topic|rankgpt|0.0
scidocs|nomicai-modernbert-embed+point|optimal_per_topic|setmaxheaptopk|0.0
scidocs|nomicai-modernbert-embed+point|quantile|judge|0.6783
scidocs|nomicai-modernbert-embed+point|quantile|judge_expr|0.577
scidocs|nomicai-modernbert-embed+point|quantile|rankgpt|0.5927
scidocs|nomicai-modernbert-embed+point|quantile|setmaxheaptopk|0.5619
scidocs|nomicai-modernbert-embed+point|rank|judge|0.4075
scidocs|nomicai-modernbert-embed+point|rank|judge_expr|0.3751
scidocs|nomicai-modernbert-embed+point|rank|rankgpt|0.3716
scidocs|nomicai-modernbert-embed+point|rank|setmaxheaptopk|0.4146
scidocs|nomicai-modernbert-embed+point|thresholding|judge|0.5254
scidocs|nomicai-modernbert-embed+point|thresholding|judge_expr|0.5011
scidocs|nomicai-modernbert-embed+point|thresholding|rankgpt|0.0
scidocs|nomicai-modernbert-embed+point|thresholding|setmaxheaptopk|0.0
scidocs|nomicai-modernbert-embed+rankfirst|direct|judge|0.6802
scidocs|nomicai-modernbert-embed+rankfirst|direct|judge_expr|0.5834
scidocs|nomicai-modernbert-embed+rankfirst|direct|rankgpt|0.61
scidocs|nomicai-modernbert-embed+rankfirst|direct|setmaxheaptopk|0.5985
scidocs|nomicai-modernbert-embed+rankfirst|largest_gap|judge|0.5249
scidocs|nomicai-modernbert-embed+rankfirst|largest_gap|judge_expr|0.593
scidocs|nomicai-modernbert-embed+rankfirst|largest_gap|rankgpt|0.61
scidocs|nomicai-modernbert-embed+rankfirst|largest_gap|setmaxheaptopk|0.5985
scidocs|nomicai-modernbert-embed+rankfirst|optimal_global|judge|0.4572
scidocs|nomicai-modernbert-embed+rankfirst|optimal_global|judge_expr|0.0004
scidocs|nomicai-modernbert-embed+rankfirst|optimal_global|rankgpt|0.61
scidocs|nomicai-modernbert-embed+rankfirst|optimal_global|setmaxheaptopk|0.5985
scidocs|nomicai-modernbert-embed+rankfirst|optimal_per_topic|judge|0.0
scidocs|nomicai-modernbert-embed+rankfirst|optimal_per_topic|judge_expr|0.0
scidocs|nomicai-modernbert-embed+rankfirst|optimal_per_topic|rankgpt|0.0
scidocs|nomicai-modernbert-embed+rankfirst|optimal_per_topic|setmaxheaptopk|0.0
scidocs|nomicai-modernbert-embed+rankfirst|quantile|judge|0.762
scidocs|nomicai-modernbert-embed+rankfirst|quantile|judge_expr|0.6507
scidocs|nomicai-modernbert-embed+rankfirst|quantile|rankgpt|0.7488
scidocs|nomicai-modernbert-embed+rankfirst|quantile|setmaxheaptopk|0.688
scidocs|nomicai-modernbert-embed+rankfirst|rank|judge|0.4932
scidocs|nomicai-modernbert-embed+rankfirst|rank|judge_expr|0.4303
scidocs|nomicai-modernbert-embed+rankfirst|rank|rankgpt|0.4954
scidocs|nomicai-modernbert-embed+rankfirst|rank|setmaxheaptopk|0.5315
scidocs|nomicai-modernbert-embed+rankfirst|thresholding|judge|0.5861
scidocs|nomicai-modernbert-embed+rankfirst|thresholding|judge_expr|0.5646
scidocs|nomicai-modernbert-embed+rankfirst|thresholding|rankgpt|0.0
scidocs|nomicai-modernbert-embed+rankfirst|thresholding|setmaxheaptopk|0.0
scidocs|nomicai-modernbert-embed+rankgpt|direct|judge|0.6173
scidocs|nomicai-modernbert-embed+rankgpt|direct|judge_expr|0.5281
scidocs|nomicai-modernbert-embed+rankgpt|direct|rankgpt|0.5676
scidocs|nomicai-modernbert-embed+rankgpt|direct|setmaxheaptopk|0.5549
scidocs|nomicai-modernbert-embed+rankgpt|largest_gap|judge|0.469
scidocs|nomicai-modernbert-embed+rankgpt|largest_gap|judge_expr|0.5351
scidocs|nomicai-modernbert-embed+rankgpt|largest_gap|rankgpt|0.5676
scidocs|nomicai-modernbert-embed+rankgpt|largest_gap|setmaxheaptopk|0.5549
scidocs|nomicai-modernbert-embed+rankgpt|optimal_global|judge|0.4138
scidocs|nomicai-modernbert-embed+rankgpt|optimal_global|judge_expr|0.0
scidocs|nomicai-modernbert-embed+rankgpt|optimal_global|rankgpt|0.5676
scidocs|nomicai-modernbert-embed+rankgpt|optimal_global|setmaxheaptopk|0.5549
scidocs|nomicai-modernbert-embed+rankgpt|optimal_per_topic|judge|0.0
scidocs|nomicai-modernbert-embed+rankgpt|optimal_per_topic|judge_expr|0.0
scidocs|nomicai-modernbert-embed+rankgpt|optimal_per_topic|rankgpt|0.0
scidocs|nomicai-modernbert-embed+rankgpt|optimal_per_topic|setmaxheaptopk|0.0
scidocs|nomicai-modernbert-embed+rankgpt|quantile|judge|0.6956
scidocs|nomicai-modernbert-embed+rankgpt|quantile|judge_expr|0.5866
scidocs|nomicai-modernbert-embed+rankgpt|quantile|rankgpt|0.6661
scidocs|nomicai-modernbert-embed+rankgpt|quantile|setmaxheaptopk|0.6082
scidocs|nomicai-modernbert-embed+rankgpt|rank|judge|0.4203
scidocs|nomicai-modernbert-embed+rankgpt|rank|judge_expr|0.3788
scidocs|nomicai-modernbert-embed+rankgpt|rank|rankgpt|0.4689
scidocs|nomicai-modernbert-embed+rankgpt|rank|setmaxheaptopk|0.4615
scidocs|nomicai-modernbert-embed+rankgpt|thresholding|judge|0.5304
scidocs|nomicai-modernbert-embed+rankgpt|thresholding|judge_expr|0.5098
scidocs|nomicai-modernbert-embed+rankgpt|thresholding|rankgpt|0.0
scidocs|nomicai-modernbert-embed+rankgpt|thresholding|setmaxheaptopk|0.0
scidocs|nomicai-modernbert-embed+rankzephyr|direct|judge|0.5937
scidocs|nomicai-modernbert-embed+rankzephyr|direct|judge_expr|0.4956
scidocs|nomicai-modernbert-embed+rankzephyr|direct|rankgpt|0.4874
scidocs|nomicai-modernbert-embed+rankzephyr|largest_gap|judge|0.4402
scidocs|nomicai-modernbert-embed+rankzephyr|largest_gap|judge_expr|0.501
scidocs|nomicai-modernbert-embed+rankzephyr|largest_gap|rankgpt|0.4874
scidocs|nomicai-modernbert-embed+rankzephyr|optimal_global|judge|0.3843
scidocs|nomicai-modernbert-embed+rankzephyr|optimal_global|judge_expr|0.0005
scidocs|nomicai-modernbert-embed+rankzephyr|optimal_global|rankgpt|0.4874
scidocs|nomicai-modernbert-embed+rankzephyr|optimal_per_topic|judge|0.0
scidocs|nomicai-modernbert-embed+rankzephyr|optimal_per_topic|judge_expr|0.0
scidocs|nomicai-modernbert-embed+rankzephyr|optimal_per_topic|rankgpt|0.0
scidocs|nomicai-modernbert-embed+rankzephyr|quantile|judge|0.665
scidocs|nomicai-modernbert-embed+rankzephyr|quantile|judge_expr|0.5528
scidocs|nomicai-modernbert-embed+rankzephyr|quantile|rankgpt|0.6637
scidocs|nomicai-modernbert-embed+rankzephyr|rank|judge|0.4104
scidocs|nomicai-modernbert-embed+rankzephyr|rank|judge_expr|0.3466
scidocs|nomicai-modernbert-embed+rankzephyr|rank|rankgpt|0.3989
scidocs|nomicai-modernbert-embed+rankzephyr|thresholding|judge|0.5005
scidocs|nomicai-modernbert-embed+rankzephyr|thresholding|judge_expr|0.4811
scidocs|nomicai-modernbert-embed+rankzephyr|thresholding|rankgpt|0.0
scidocs|nomicai-modernbert-embed+setmaxheaptopk|direct|judge|0.6302
scidocs|nomicai-modernbert-embed+setmaxheaptopk|direct|judge_expr|0.553
scidocs|nomicai-modernbert-embed+setmaxheaptopk|direct|rankgpt|0.582
scidocs|nomicai-modernbert-embed+setmaxheaptopk|direct|setmaxheaptopk|0.6252
scidocs|nomicai-modernbert-embed+setmaxheaptopk|largest_gap|judge|0.5061
scidocs|nomicai-modernbert-embed+setmaxheaptopk|largest_gap|judge_expr|0.5636
scidocs|nomicai-modernbert-embed+setmaxheaptopk|largest_gap|rankgpt|0.582
scidocs|nomicai-modernbert-embed+setmaxheaptopk|largest_gap|setmaxheaptopk|0.6252
scidocs|nomicai-modernbert-embed+setmaxheaptopk|optimal_global|judge|0.4467
scidocs|nomicai-modernbert-embed+setmaxheaptopk|optimal_global|judge_expr|0.0004
scidocs|nomicai-modernbert-embed+setmaxheaptopk|optimal_global|rankgpt|0.582
scidocs|nomicai-modernbert-embed+setmaxheaptopk|optimal_global|setmaxheaptopk|0.6252
scidocs|nomicai-modernbert-embed+setmaxheaptopk|optimal_per_topic|judge|0.0
scidocs|nomicai-modernbert-embed+setmaxheaptopk|optimal_per_topic|judge_expr|0.0
scidocs|nomicai-modernbert-embed+setmaxheaptopk|optimal_per_topic|rankgpt|0.0
scidocs|nomicai-modernbert-embed+setmaxheaptopk|optimal_per_topic|setmaxheaptopk|0.0
scidocs|nomicai-modernbert-embed+setmaxheaptopk|quantile|judge|0.6933
scidocs|nomicai-modernbert-embed+setmaxheaptopk|quantile|judge_expr|0.6083
scidocs|nomicai-modernbert-embed+setmaxheaptopk|quantile|rankgpt|0.6596
scidocs|nomicai-modernbert-embed+setmaxheaptopk|quantile|setmaxheaptopk|0.6399
scidocs|nomicai-modernbert-embed+setmaxheaptopk|rank|judge|0.452
scidocs|nomicai-modernbert-embed+setmaxheaptopk|rank|judge_expr|0.408
scidocs|nomicai-modernbert-embed+setmaxheaptopk|rank|rankgpt|0.4526
scidocs|nomicai-modernbert-embed+setmaxheaptopk|rank|setmaxheaptopk|0.5162
scidocs|nomicai-modernbert-embed+setmaxheaptopk|thresholding|judge|0.5571
scidocs|nomicai-modernbert-embed+setmaxheaptopk|thresholding|judge_expr|0.5389
scidocs|nomicai-modernbert-embed+setmaxheaptopk|thresholding|rankgpt|0.0
scidocs|nomicai-modernbert-embed+setmaxheaptopk|thresholding|setmaxheaptopk|0.0
scidocs|qwen3-embed-600m|direct|judge|0.6029
scidocs|qwen3-embed-600m|direct|judge_expr|0.5044
scidocs|qwen3-embed-600m|direct|rankgpt|0.4794
scidocs|qwen3-embed-600m|direct|setmaxheaptopk|0.4786
scidocs|qwen3-embed-600m|largest_gap|judge|0.4547
scidocs|qwen3-embed-600m|largest_gap|judge_expr|0.5124
scidocs|qwen3-embed-600m|largest_gap|rankgpt|0.4794
scidocs|qwen3-embed-600m|largest_gap|setmaxheaptopk|0.4786
scidocs|qwen3-embed-600m|optimal_global|judge|0.3973
scidocs|qwen3-embed-600m|optimal_global|judge_expr|0.0004
scidocs|qwen3-embed-600m|optimal_global|rankgpt|0.4794
scidocs|qwen3-embed-600m|optimal_global|setmaxheaptopk|0.4786
scidocs|qwen3-embed-600m|optimal_per_topic|judge|0.0
scidocs|qwen3-embed-600m|optimal_per_topic|judge_expr|0.0
scidocs|qwen3-embed-600m|optimal_per_topic|rankgpt|0.0
scidocs|qwen3-embed-600m|optimal_per_topic|setmaxheaptopk|0.0
scidocs|qwen3-embed-600m|quantile|judge|0.6716
scidocs|qwen3-embed-600m|quantile|judge_expr|0.5613
scidocs|qwen3-embed-600m|quantile|rankgpt|0.6615
scidocs|qwen3-embed-600m|quantile|setmaxheaptopk|0.5948
scidocs|qwen3-embed-600m|rank|judge|0.4211
scidocs|qwen3-embed-600m|rank|judge_expr|0.3569
scidocs|qwen3-embed-600m|rank|rankgpt|0.4023
scidocs|qwen3-embed-600m|rank|setmaxheaptopk|0.438
scidocs|qwen3-embed-600m|thresholding|judge|0.5081
scidocs|qwen3-embed-600m|thresholding|judge_expr|0.4874
scidocs|qwen3-embed-600m|thresholding|rankgpt|0.0
scidocs|qwen3-embed-600m|thresholding|setmaxheaptopk|0.0
scidocs|qwen3-embed-600m+judge|direct|judge|0.5037
scidocs|qwen3-embed-600m+judge|direct|judge_expr|0.5051
scidocs|qwen3-embed-600m+judge|direct|rankgpt|0.2023
scidocs|qwen3-embed-600m+judge|direct|setmaxheaptopk|0.2133
scidocs|qwen3-embed-600m+judge|largest_gap|judge|0.5415
scidocs|qwen3-embed-600m+judge|largest_gap|judge_expr|0.518
scidocs|qwen3-embed-600m+judge|largest_gap|rankgpt|0.2023
scidocs|qwen3-embed-600m+judge|largest_gap|setmaxheaptopk|0.2133
scidocs|qwen3-embed-600m+judge|optimal_global|judge|0.4999
scidocs|qwen3-embed-600m+judge|optimal_global|judge_expr|0.0003
scidocs|qwen3-embed-600m+judge|optimal_global|rankgpt|0.2023
scidocs|qwen3-embed-600m+judge|optimal_global|setmaxheaptopk|0.2133
scidocs|qwen3-embed-600m+judge|optimal_per_topic|judge|0.0
scidocs|qwen3-embed-600m+judge|optimal_per_topic|judge_expr|0.0
scidocs|qwen3-embed-600m+judge|optimal_per_topic|rankgpt|0.0
scidocs|qwen3-embed-600m+judge|optimal_per_topic|setmaxheaptopk|0.0
scidocs|qwen3-embed-600m+judge|quantile|judge|0.4857
scidocs|qwen3-embed-600m+judge|quantile|judge_expr|0.4588
scidocs|qwen3-embed-600m+judge|quantile|rankgpt|0.3393
scidocs|qwen3-embed-600m+judge|quantile|setmaxheaptopk|0.3248
scidocs|qwen3-embed-600m+judge|rank|judge|0.378
scidocs|qwen3-embed-600m+judge|rank|judge_expr|0.3695
scidocs|qwen3-embed-600m+judge|rank|rankgpt|0.2115
scidocs|qwen3-embed-600m+judge|rank|setmaxheaptopk|0.2232
scidocs|qwen3-embed-600m+judge|thresholding|judge|0.5029
scidocs|qwen3-embed-600m+judge|thresholding|judge_expr|0.5022
scidocs|qwen3-embed-600m+judge|thresholding|rankgpt|0.0
scidocs|qwen3-embed-600m+judge|thresholding|setmaxheaptopk|0.0
scidocs|qwen3-embed-600m+judge_expr|direct|judge|0.5156
scidocs|qwen3-embed-600m+judge_expr|direct|judge_expr|0.5267
scidocs|qwen3-embed-600m+judge_expr|direct|rankgpt|0.3019
scidocs|qwen3-embed-600m+judge_expr|direct|setmaxheaptopk|0.3156
scidocs|qwen3-embed-600m+judge_expr|largest_gap|judge|0.5493
scidocs|qwen3-embed-600m+judge_expr|largest_gap|judge_expr|0.5359
scidocs|qwen3-embed-600m+judge_expr|largest_gap|rankgpt|0.3019
scidocs|qwen3-embed-600m+judge_expr|largest_gap|setmaxheaptopk|0.3156
scidocs|qwen3-embed-600m+judge_expr|optimal_global|judge|0.5089
scidocs|qwen3-embed-600m+judge_expr|optimal_global|judge_expr|0.001
scidocs|qwen3-embed-600m+judge_expr|optimal_global|rankgpt|0.3019
scidocs|qwen3-embed-600m+judge_expr|optimal_global|setmaxheaptopk|0.3156
scidocs|qwen3-embed-600m+judge_expr|optimal_per_topic|judge|0.0
scidocs|qwen3-embed-600m+judge_expr|optimal_per_topic|judge_expr|0.0
scidocs|qwen3-embed-600m+judge_expr|optimal_per_topic|rankgpt|0.0
scidocs|qwen3-embed-600m+judge_expr|optimal_per_topic|setmaxheaptopk|0.0
scidocs|qwen3-embed-600m+judge_expr|quantile|judge|0.5012
scidocs|qwen3-embed-600m+judge_expr|quantile|judge_expr|0.5016
scidocs|qwen3-embed-600m+judge_expr|quantile|rankgpt|0.3766
scidocs|qwen3-embed-600m+judge_expr|quantile|setmaxheaptopk|0.3669
scidocs|qwen3-embed-600m+judge_expr|rank|judge|0.4045
scidocs|qwen3-embed-600m+judge_expr|rank|judge_expr|0.4877
scidocs|qwen3-embed-600m+judge_expr|rank|rankgpt|0.2497
scidocs|qwen3-embed-600m+judge_expr|rank|setmaxheaptopk|0.2745
scidocs|qwen3-embed-600m+judge_expr|thresholding|judge|0.514
scidocs|qwen3-embed-600m+judge_expr|thresholding|judge_expr|0.5147
scidocs|qwen3-embed-600m+judge_expr|thresholding|rankgpt|0.0
scidocs|qwen3-embed-600m+judge_expr|thresholding|setmaxheaptopk|0.0
scidocs|qwen3-embed-600m+point|direct|judge|0.4324
scidocs|qwen3-embed-600m+point|direct|judge_expr|0.3957
scidocs|qwen3-embed-600m+point|direct|rankgpt|0.3022
scidocs|qwen3-embed-600m+point|direct|setmaxheaptopk|0.3241
scidocs|qwen3-embed-600m+point|largest_gap|judge|0.3608
scidocs|qwen3-embed-600m+point|largest_gap|judge_expr|0.4021
scidocs|qwen3-embed-600m+point|largest_gap|rankgpt|0.3022
scidocs|qwen3-embed-600m+point|largest_gap|setmaxheaptopk|0.3241
scidocs|qwen3-embed-600m+point|optimal_global|judge|0.3304
scidocs|qwen3-embed-600m+point|optimal_global|judge_expr|0.0004
scidocs|qwen3-embed-600m+point|optimal_global|rankgpt|0.3022
scidocs|qwen3-embed-600m+point|optimal_global|setmaxheaptopk|0.3241
scidocs|qwen3-embed-600m+point|optimal_per_topic|judge|0.0
scidocs|qwen3-embed-600m+point|optimal_per_topic|judge_expr|0.0
scidocs|qwen3-embed-600m+point|optimal_per_topic|rankgpt|0.0
scidocs|qwen3-embed-600m+point|optimal_per_topic|setmaxheaptopk|0.0
scidocs|qwen3-embed-600m+point|quantile|judge|0.4547
scidocs|qwen3-embed-600m+point|quantile|judge_expr|0.3953
scidocs|qwen3-embed-600m+point|quantile|rankgpt|0.3899
scidocs|qwen3-embed-600m+point|quantile|setmaxheaptopk|0.3813
scidocs|qwen3-embed-600m+point|rank|judge|0.2885
scidocs|qwen3-embed-600m+point|rank|judge_expr|0.2674
scidocs|qwen3-embed-600m+point|rank|rankgpt|0.2526
scidocs|qwen3-embed-600m+point|rank|setmaxheaptopk|0.2884
scidocs|qwen3-embed-600m+point|thresholding|judge|0.3966
scidocs|qwen3-embed-600m+point|thresholding|judge_expr|0.3858
scidocs|qwen3-embed-600m+point|thresholding|rankgpt|0.0
scidocs|qwen3-embed-600m+point|thresholding|setmaxheaptopk|0.0
scidocs|qwen3-embed-600m+rankfirst|direct|judge|0.6785
scidocs|qwen3-embed-600m+rankfirst|direct|judge_expr|0.5846
scidocs|qwen3-embed-600m+rankfirst|direct|rankgpt|0.6164
scidocs|qwen3-embed-600m+rankfirst|direct|setmaxheaptopk|0.6119
scidocs|qwen3-embed-600m+rankfirst|largest_gap|judge|0.5247
scidocs|qwen3-embed-600m+rankfirst|largest_gap|judge_expr|0.594
scidocs|qwen3-embed-600m+rankfirst|largest_gap|rankgpt|0.6164
scidocs|qwen3-embed-600m+rankfirst|largest_gap|setmaxheaptopk|0.6119
scidocs|qwen3-embed-600m+rankfirst|optimal_global|judge|0.4549
scidocs|qwen3-embed-600m+rankfirst|optimal_global|judge_expr|0.0004
scidocs|qwen3-embed-600m+rankfirst|optimal_global|rankgpt|0.6164
scidocs|qwen3-embed-600m+rankfirst|optimal_global|setmaxheaptopk|0.6119
scidocs|qwen3-embed-600m+rankfirst|optimal_per_topic|judge|0.0
scidocs|qwen3-embed-600m+rankfirst|optimal_per_topic|judge_expr|0.0
scidocs|qwen3-embed-600m+rankfirst|optimal_per_topic|rankgpt|0.0
scidocs|qwen3-embed-600m+rankfirst|optimal_per_topic|setmaxheaptopk|0.0
scidocs|qwen3-embed-600m+rankfirst|quantile|judge|0.7578
scidocs|qwen3-embed-600m+rankfirst|quantile|judge_expr|0.6488
scidocs|qwen3-embed-600m+rankfirst|quantile|rankgpt|0.7447
scidocs|qwen3-embed-600m+rankfirst|quantile|setmaxheaptopk|0.6931
scidocs|qwen3-embed-600m+rankfirst|rank|judge|0.492
scidocs|qwen3-embed-600m+rankfirst|rank|judge_expr|0.43
scidocs|qwen3-embed-600m+rankfirst|rank|rankgpt|0.4988
scidocs|qwen3-embed-600m+rankfirst|rank|setmaxheaptopk|0.5358
scidocs|qwen3-embed-600m+rankfirst|thresholding|judge|0.5856
scidocs|qwen3-embed-600m+rankfirst|thresholding|judge_expr|0.5629
scidocs|qwen3-embed-600m+rankfirst|thresholding|rankgpt|0.0
scidocs|qwen3-embed-600m+rankfirst|thresholding|setmaxheaptopk|0.0
scidocs|qwen3-embed-600m+rankgpt|direct|judge|0.6124
scidocs|qwen3-embed-600m+rankgpt|direct|judge_expr|0.5295
scidocs|qwen3-embed-600m+rankgpt|direct|rankgpt|0.5647
scidocs|qwen3-embed-600m+rankgpt|direct|setmaxheaptopk|0.5569
scidocs|qwen3-embed-600m+rankgpt|largest_gap|judge|0.4719
scidocs|qwen3-embed-600m+rankgpt|largest_gap|judge_expr|0.5333
scidocs|qwen3-embed-600m+rankgpt|largest_gap|rankgpt|0.5647
scidocs|qwen3-embed-600m+rankgpt|largest_gap|setmaxheaptopk|0.5569
scidocs|qwen3-embed-600m+rankgpt|optimal_global|judge|0.4128
scidocs|qwen3-embed-600m+rankgpt|optimal_global|judge_expr|0.0004
scidocs|qwen3-embed-600m+rankgpt|optimal_global|rankgpt|0.5647
scidocs|qwen3-embed-600m+rankgpt|optimal_global|setmaxheaptopk|0.5569
scidocs|qwen3-embed-600m+rankgpt|optimal_per_topic|judge|0.0
scidocs|qwen3-embed-600m+rankgpt|optimal_per_topic|judge_expr|0.0
scidocs|qwen3-embed-600m+rankgpt|optimal_per_topic|rankgpt|0.0
scidocs|qwen3-embed-600m+rankgpt|optimal_per_topic|setmaxheaptopk|0.0
scidocs|qwen3-embed-600m+rankgpt|quantile|judge|0.6833
scidocs|qwen3-embed-600m+rankgpt|quantile|judge_expr|0.5814
scidocs|qwen3-embed-600m+rankgpt|quantile|rankgpt|0.6556
scidocs|qwen3-embed-600m+rankgpt|quantile|setmaxheaptopk|0.6038
scidocs|qwen3-embed-600m+rankgpt|rank|judge|0.4199
scidocs|qwen3-embed-600m+rankgpt|rank|judge_expr|0.3772
scidocs|qwen3-embed-600m+rankgpt|rank|rankgpt|0.4642
scidocs|qwen3-embed-600m+rankgpt|rank|setmaxheaptopk|0.4592
scidocs|qwen3-embed-600m+rankgpt|thresholding|judge|0.5323
scidocs|qwen3-embed-600m+rankgpt|thresholding|judge_expr|0.5086
scidocs|qwen3-embed-600m+rankgpt|thresholding|rankgpt|0.0
scidocs|qwen3-embed-600m+rankgpt|thresholding|setmaxheaptopk|0.0
scidocs|qwen3-embed-600m+rankzephyr|direct|judge|0.6172
scidocs|qwen3-embed-600m+rankzephyr|direct|judge_expr|0.5166
scidocs|qwen3-embed-600m+rankzephyr|direct|rankgpt|0.5002
scidocs|qwen3-embed-600m+rankzephyr|largest_gap|judge|0.4622
scidocs|qwen3-embed-600m+rankzephyr|largest_gap|judge_expr|0.5262
scidocs|qwen3-embed-600m+rankzephyr|largest_gap|rankgpt|0.5002
scidocs|qwen3-embed-600m+rankzephyr|optimal_global|judge|0.402
scidocs|qwen3-embed-600m+rankzephyr|optimal_global|judge_expr|0.0004
scidocs|qwen3-embed-600m+rankzephyr|optimal_global|rankgpt|0.5002
scidocs|qwen3-embed-600m+rankzephyr|optimal_per_topic|judge|0.0
scidocs|qwen3-embed-600m+rankzephyr|optimal_per_topic|judge_expr|0.0
scidocs|qwen3-embed-600m+rankzephyr|optimal_per_topic|rankgpt|0.0
scidocs|qwen3-embed-600m+rankzephyr|quantile|judge|0.6908
scidocs|qwen3-embed-600m+rankzephyr|quantile|judge_expr|0.5769
scidocs|qwen3-embed-600m+rankzephyr|quantile|rankgpt|0.6765
scidocs|qwen3-embed-600m+rankzephyr|rank|judge|0.4303
scidocs|qwen3-embed-600m+rankzephyr|rank|judge_expr|0.3651
scidocs|qwen3-embed-600m+rankzephyr|rank|rankgpt|0.4173
scidocs|qwen3-embed-600m+rankzephyr|thresholding|judge|0.5195
scidocs|qwen3-embed-600m+rankzephyr|thresholding|judge_expr|0.4981
scidocs|qwen3-embed-600m+rankzephyr|thresholding|rankgpt|0.0
scidocs|qwen3-embed-600m+setmaxheaptopk|direct|judge|0.6156
scidocs|qwen3-embed-600m+setmaxheaptopk|direct|judge_expr|0.5433
scidocs|qwen3-embed-600m+setmaxheaptopk|direct|rankgpt|0.5721
scidocs|qwen3-embed-600m+setmaxheaptopk|direct|setmaxheaptopk|0.6004
scidocs|qwen3-embed-600m+setmaxheaptopk|largest_gap|judge|0.4959
scidocs|qwen3-embed-600m+setmaxheaptopk|largest_gap|judge_expr|0.5529
scidocs|qwen3-embed-600m+setmaxheaptopk|largest_gap|rankgpt|0.5721
scidocs|qwen3-embed-600m+setmaxheaptopk|largest_gap|setmaxheaptopk|0.6004
scidocs|qwen3-embed-600m+setmaxheaptopk|optimal_global|judge|0.4379
scidocs|qwen3-embed-600m+setmaxheaptopk|optimal_global|judge_expr|0.0004
scidocs|qwen3-embed-600m+setmaxheaptopk|optimal_global|rankgpt|0.5721
scidocs|qwen3-embed-600m+setmaxheaptopk|optimal_global|setmaxheaptopk|0.6004
scidocs|qwen3-embed-600m+setmaxheaptopk|optimal_per_topic|judge|0.0
scidocs|qwen3-embed-600m+setmaxheaptopk|optimal_per_topic|judge_expr|0.0
scidocs|qwen3-embed-600m+setmaxheaptopk|optimal_per_topic|rankgpt|0.0
scidocs|qwen3-embed-600m+setmaxheaptopk|optimal_per_topic|setmaxheaptopk|0.0
scidocs|qwen3-embed-600m+setmaxheaptopk|quantile|judge|0.675
scidocs|qwen3-embed-600m+setmaxheaptopk|quantile|judge_expr|0.5904
scidocs|qwen3-embed-600m+setmaxheaptopk|quantile|rankgpt|0.6386
scidocs|qwen3-embed-600m+setmaxheaptopk|quantile|setmaxheaptopk|0.622
scidocs|qwen3-embed-600m+setmaxheaptopk|rank|judge|0.4413
scidocs|qwen3-embed-600m+setmaxheaptopk|rank|judge_expr|0.3966
scidocs|qwen3-embed-600m+setmaxheaptopk|rank|rankgpt|0.4401
scidocs|qwen3-embed-600m+setmaxheaptopk|rank|setmaxheaptopk|0.5006
scidocs|qwen3-embed-600m+setmaxheaptopk|thresholding|judge|0.5449
scidocs|qwen3-embed-600m+setmaxheaptopk|thresholding|judge_expr|0.529
scidocs|qwen3-embed-600m+setmaxheaptopk|thresholding|rankgpt|0.0
scidocs|qwen3-embed-600m+setmaxheaptopk|thresholding|setmaxheaptopk|0.0
scidocs|splade-v3|direct|judge|0.5588
scidocs|splade-v3|direct|judge_expr|0.4522
scidocs|splade-v3|direct|rankgpt|0.4699
scidocs|splade-v3|direct|setmaxheaptopk|0.4488
scidocs|splade-v3|largest_gap|judge|0.3965
scidocs|splade-v3|largest_gap|judge_expr|0.455
scidocs|splade-v3|largest_gap|rankgpt|0.4699
scidocs|splade-v3|largest_gap|setmaxheaptopk|0.4488
scidocs|splade-v3|optimal_global|judge|0.3451
scidocs|splade-v3|optimal_global|judge_expr|0.0004
scidocs|splade-v3|optimal_global|rankgpt|0.4699
scidocs|splade-v3|optimal_global|setmaxheaptopk|0.4488
scidocs|splade-v3|optimal_per_topic|judge|0.0
scidocs|splade-v3|optimal_per_topic|judge_expr|0.0
scidocs|splade-v3|optimal_per_topic|rankgpt|0.0
scidocs|splade-v3|optimal_per_topic|setmaxheaptopk|0.0
scidocs|splade-v3|quantile|judge|0.6335
scidocs|splade-v3|quantile|judge_expr|0.5074
scidocs|splade-v3|quantile|rankgpt|0.6399
scidocs|splade-v3|quantile|setmaxheaptopk|0.5597
scidocs|splade-v3|rank|judge|0.3785
scidocs|splade-v3|rank|judge_expr|0.311
scidocs|splade-v3|rank|rankgpt|0.3633
scidocs|splade-v3|rank|setmaxheaptopk|0.3999
scidocs|splade-v3|thresholding|judge|0.4551
scidocs|splade-v3|thresholding|judge_expr|0.4341
scidocs|splade-v3|thresholding|rankgpt|0.0
scidocs|splade-v3|thresholding|setmaxheaptopk|0.0
scidocs|splade-v3+judge|direct|judge|0.7459
scidocs|splade-v3+judge|direct|judge_expr|0.7136
scidocs|splade-v3+judge|direct|rankgpt|0.3061
scidocs|splade-v3+judge|direct|setmaxheaptopk|0.3177
scidocs|splade-v3+judge|largest_gap|judge|0.723
scidocs|splade-v3+judge|largest_gap|judge_expr|0.7353
scidocs|splade-v3+judge|largest_gap|rankgpt|0.3061
scidocs|splade-v3+judge|largest_gap|setmaxheaptopk|0.3177
scidocs|splade-v3+judge|optimal_global|judge|0.6246
scidocs|splade-v3+judge|optimal_global|judge_expr|0.0004
scidocs|splade-v3+judge|optimal_global|rankgpt|0.3061
scidocs|splade-v3+judge|optimal_global|setmaxheaptopk|0.3177
scidocs|splade-v3+judge|optimal_per_topic|judge|0.0
scidocs|splade-v3+judge|optimal_per_topic|judge_expr|0.0
scidocs|splade-v3+judge|optimal_per_topic|rankgpt|0.0
scidocs|splade-v3+judge|optimal_per_topic|setmaxheaptopk|0.0
scidocs|splade-v3+judge|quantile|judge|0.7563
scidocs|splade-v3+judge|quantile|judge_expr|0.7099
scidocs|splade-v3+judge|quantile|rankgpt|0.5298
scidocs|splade-v3+judge|quantile|setmaxheaptopk|0.5028
scidocs|splade-v3+judge|rank|judge|0.5718
scidocs|splade-v3+judge|rank|judge_expr|0.5446
scidocs|splade-v3+judge|rank|rankgpt|0.3233
scidocs|splade-v3+judge|rank|setmaxheaptopk|0.3456
scidocs|splade-v3+judge|thresholding|judge|0.7258
scidocs|splade-v3+judge|thresholding|judge_expr|0.7039
scidocs|splade-v3+judge|thresholding|rankgpt|0.0
scidocs|splade-v3+judge|thresholding|setmaxheaptopk|0.0
scidocs|splade-v3+judge_expr|direct|judge|0.7743
scidocs|splade-v3+judge_expr|direct|judge_expr|0.7638
scidocs|splade-v3+judge_expr|direct|rankgpt|0.4127
scidocs|splade-v3+judge_expr|direct|setmaxheaptopk|0.4314
scidocs|splade-v3+judge_expr|largest_gap|judge|0.7494
scidocs|splade-v3+judge_expr|largest_gap|judge_expr|0.7761
scidocs|splade-v3+judge_expr|largest_gap|rankgpt|0.4127
scidocs|splade-v3+judge_expr|largest_gap|setmaxheaptopk|0.4314
scidocs|splade-v3+judge_expr|optimal_global|judge|0.6542
scidocs|splade-v3+judge_expr|optimal_global|judge_expr|0.001
scidocs|splade-v3+judge_expr|optimal_global|rankgpt|0.4127
scidocs|splade-v3+judge_expr|optimal_global|setmaxheaptopk|0.4314
scidocs|splade-v3+judge_expr|optimal_per_topic|judge|0.0
scidocs|splade-v3+judge_expr|optimal_per_topic|judge_expr|0.0
scidocs|splade-v3+judge_expr|optimal_per_topic|rankgpt|0.0
scidocs|splade-v3+judge_expr|optimal_per_topic|setmaxheaptopk|0.0
scidocs|splade-v3+judge_expr|quantile|judge|0.7922
scidocs|splade-v3+judge_expr|quantile|judge_expr|0.7939
scidocs|splade-v3+judge_expr|quantile|rankgpt|0.5892
scidocs|splade-v3+judge_expr|quantile|setmaxheaptopk|0.5611
scidocs|splade-v3+judge_expr|rank|judge|0.6097
scidocs|splade-v3+judge_expr|rank|judge_expr|0.7067
scidocs|splade-v3+judge_expr|rank|rankgpt|0.3746
scidocs|splade-v3+judge_expr|rank|setmaxheaptopk|0.4099
scidocs|splade-v3+judge_expr|thresholding|judge|0.7538
scidocs|splade-v3+judge_expr|thresholding|judge_expr|0.7366
scidocs|splade-v3+judge_expr|thresholding|rankgpt|0.0
scidocs|splade-v3+judge_expr|thresholding|setmaxheaptopk|0.0
scidocs|splade-v3+point|direct|judge|0.5972
scidocs|splade-v3+point|direct|judge_expr|0.5066
scidocs|splade-v3+point|direct|rankgpt|0.4068
scidocs|splade-v3+point|direct|setmaxheaptopk|0.4371
scidocs|splade-v3+point|largest_gap|judge|0.4399
scidocs|splade-v3+point|largest_gap|judge_expr|0.5079
scidocs|splade-v3+point|largest_gap|rankgpt|0.4068
scidocs|splade-v3+point|largest_gap|setmaxheaptopk|0.4371
scidocs|splade-v3+point|optimal_global|judge|0.3801
scidocs|splade-v3+point|optimal_global|judge_expr|0.0004
scidocs|splade-v3+point|optimal_global|rankgpt|0.4068
scidocs|splade-v3+point|optimal_global|setmaxheaptopk|0.4371
scidocs|splade-v3+point|optimal_per_topic|judge|0.0
scidocs|splade-v3+point|optimal_per_topic|judge_expr|0.0
scidocs|splade-v3+point|optimal_per_topic|rankgpt|0.0
scidocs|splade-v3+point|optimal_per_topic|setmaxheaptopk|0.0
scidocs|splade-v3+point|quantile|judge|0.6723
scidocs|splade-v3+point|quantile|judge_expr|0.568
scidocs|splade-v3+point|quantile|rankgpt|0.5874
scidocs|splade-v3+point|quantile|setmaxheaptopk|0.5637
scidocs|splade-v3+point|rank|judge|0.3969
scidocs|splade-v3+point|rank|judge_expr|0.3617
scidocs|splade-v3+point|rank|rankgpt|0.3691
scidocs|splade-v3+point|rank|setmaxheaptopk|0.4147
scidocs|splade-v3+point|thresholding|judge|0.5091
scidocs|splade-v3+point|thresholding|judge_expr|0.4818
scidocs|splade-v3+point|thresholding|rankgpt|0.0
scidocs|splade-v3+point|thresholding|setmaxheaptopk|0.0
scidocs|splade-v3+rankfirst|direct|judge|0.6705
scidocs|splade-v3+rankfirst|direct|judge_expr|0.5709
scidocs|splade-v3+rankfirst|direct|rankgpt|0.6122
scidocs|splade-v3+rankfirst|direct|setmaxheaptopk|0.6076
scidocs|splade-v3+rankfirst|largest_gap|judge|0.5109
scidocs|splade-v3+rankfirst|largest_gap|judge_expr|0.5791
scidocs|splade-v3+rankfirst|largest_gap|rankgpt|0.6122
scidocs|splade-v3+rankfirst|largest_gap|setmaxheaptopk|0.6076
scidocs|splade-v3+rankfirst|optimal_global|judge|0.4451
scidocs|splade-v3+rankfirst|optimal_global|judge_expr|0.0004
scidocs|splade-v3+rankfirst|optimal_global|rankgpt|0.6122
scidocs|splade-v3+rankfirst|optimal_global|setmaxheaptopk|0.6076
scidocs|splade-v3+rankfirst|optimal_per_topic|judge|0.0
scidocs|splade-v3+rankfirst|optimal_per_topic|judge_expr|0.0
scidocs|splade-v3+rankfirst|optimal_per_topic|rankgpt|0.0
scidocs|splade-v3+rankfirst|optimal_per_topic|setmaxheaptopk|0.0
scidocs|splade-v3+rankfirst|quantile|judge|0.753
scidocs|splade-v3+rankfirst|quantile|judge_expr|0.6376
scidocs|splade-v3+rankfirst|quantile|rankgpt|0.7441
scidocs|splade-v3+rankfirst|quantile|setmaxheaptopk|0.6868
scidocs|splade-v3+rankfirst|rank|judge|0.4803
scidocs|splade-v3+rankfirst|rank|judge_expr|0.4179
scidocs|splade-v3+rankfirst|rank|rankgpt|0.4869
scidocs|splade-v3+rankfirst|rank|setmaxheaptopk|0.5288
scidocs|splade-v3+rankfirst|thresholding|judge|0.5732
scidocs|splade-v3+rankfirst|thresholding|judge_expr|0.552
scidocs|splade-v3+rankfirst|thresholding|rankgpt|0.0
scidocs|splade-v3+rankfirst|thresholding|setmaxheaptopk|0.0
scidocs|splade-v3+rankgpt|direct|judge|0.6123
scidocs|splade-v3+rankgpt|direct|judge_expr|0.5195
scidocs|splade-v3+rankgpt|direct|rankgpt|0.5821
scidocs|splade-v3+rankgpt|direct|setmaxheaptopk|0.5599
scidocs|splade-v3+rankgpt|largest_gap|judge|0.4643
scidocs|splade-v3+rankgpt|largest_gap|judge_expr|0.5262
scidocs|splade-v3+rankgpt|largest_gap|rankgpt|0.5821
scidocs|splade-v3+rankgpt|largest_gap|setmaxheaptopk|0.5599
scidocs|splade-v3+rankgpt|optimal_global|judge|0.4044
scidocs|splade-v3+rankgpt|optimal_global|judge_expr|0.0004
scidocs|splade-v3+rankgpt|optimal_global|rankgpt|0.5821
scidocs|splade-v3+rankgpt|optimal_global|setmaxheaptopk|0.5599
scidocs|splade-v3+rankgpt|optimal_per_topic|judge|0.0
scidocs|splade-v3+rankgpt|optimal_per_topic|judge_expr|0.0
scidocs|splade-v3+rankgpt|optimal_per_topic|rankgpt|0.0
scidocs|splade-v3+rankgpt|optimal_per_topic|setmaxheaptopk|0.0
scidocs|splade-v3+rankgpt|quantile|judge|0.6879
scidocs|splade-v3+rankgpt|quantile|judge_expr|0.5756
scidocs|splade-v3+rankgpt|quantile|rankgpt|0.6671
scidocs|splade-v3+rankgpt|quantile|setmaxheaptopk|0.6045
scidocs|splade-v3+rankgpt|rank|judge|0.4134
scidocs|splade-v3+rankgpt|rank|judge_expr|0.3705
scidocs|splade-v3+rankgpt|rank|rankgpt|0.4603
scidocs|splade-v3+rankgpt|rank|setmaxheaptopk|0.4577
scidocs|splade-v3+rankgpt|thresholding|judge|0.5186
scidocs|splade-v3+rankgpt|thresholding|judge_expr|0.5003
scidocs|splade-v3+rankgpt|thresholding|rankgpt|0.0
scidocs|splade-v3+rankgpt|thresholding|setmaxheaptopk|0.0
scidocs|splade-v3+rankzephyr|direct|judge|0.5522
scidocs|splade-v3+rankzephyr|direct|judge_expr|0.4454
scidocs|splade-v3+rankzephyr|direct|rankgpt|0.4507
scidocs|splade-v3+rankzephyr|largest_gap|judge|0.3875
scidocs|splade-v3+rankzephyr|largest_gap|judge_expr|0.448
scidocs|splade-v3+rankzephyr|largest_gap|rankgpt|0.4507
scidocs|splade-v3+rankzephyr|optimal_global|judge|0.3372
scidocs|splade-v3+rankzephyr|optimal_global|judge_expr|0.0004
scidocs|splade-v3+rankzephyr|optimal_global|rankgpt|0.4507
scidocs|splade-v3+rankzephyr|optimal_per_topic|judge|0.0
scidocs|splade-v3+rankzephyr|optimal_per_topic|judge_expr|0.0
scidocs|splade-v3+rankzephyr|optimal_per_topic|rankgpt|0.0
scidocs|splade-v3+rankzephyr|quantile|judge|0.6259
scidocs|splade-v3+rankzephyr|quantile|judge_expr|0.4996
scidocs|splade-v3+rankzephyr|quantile|rankgpt|0.6282
scidocs|splade-v3+rankzephyr|rank|judge|0.3712
scidocs|splade-v3+rankzephyr|rank|judge_expr|0.3044
scidocs|splade-v3+rankzephyr|rank|rankgpt|0.355
scidocs|splade-v3+rankzephyr|thresholding|judge|0.4487
scidocs|splade-v3+rankzephyr|thresholding|judge_expr|0.427
scidocs|splade-v3+rankzephyr|thresholding|rankgpt|0.0
scidocs|splade-v3+setmaxheaptopk|direct|judge|0.6262
scidocs|splade-v3+setmaxheaptopk|direct|judge_expr|0.5411
scidocs|splade-v3+setmaxheaptopk|direct|rankgpt|0.5893
scidocs|splade-v3+setmaxheaptopk|direct|setmaxheaptopk|0.6087
scidocs|splade-v3+setmaxheaptopk|largest_gap|judge|0.4943
scidocs|splade-v3+setmaxheaptopk|largest_gap|judge_expr|0.5482
scidocs|splade-v3+setmaxheaptopk|largest_gap|rankgpt|0.5893
scidocs|splade-v3+setmaxheaptopk|largest_gap|setmaxheaptopk|0.6087
scidocs|splade-v3+setmaxheaptopk|optimal_global|judge|0.4343
scidocs|splade-v3+setmaxheaptopk|optimal_global|judge_expr|0.0004
scidocs|splade-v3+setmaxheaptopk|optimal_global|rankgpt|0.5893
scidocs|splade-v3+setmaxheaptopk|optimal_global|setmaxheaptopk|0.6087
scidocs|splade-v3+setmaxheaptopk|optimal_per_topic|judge|0.0
scidocs|splade-v3+setmaxheaptopk|optimal_per_topic|judge_expr|0.0
scidocs|splade-v3+setmaxheaptopk|optimal_per_topic|rankgpt|0.0
scidocs|splade-v3+setmaxheaptopk|optimal_per_topic|setmaxheaptopk|0.0
scidocs|splade-v3+setmaxheaptopk|quantile|judge|0.6967
scidocs|splade-v3+setmaxheaptopk|quantile|judge_expr|0.5966
scidocs|splade-v3+setmaxheaptopk|quantile|rankgpt|0.6647
scidocs|splade-v3+setmaxheaptopk|quantile|setmaxheaptopk|0.6474
scidocs|splade-v3+setmaxheaptopk|rank|judge|0.444
scidocs|splade-v3+setmaxheaptopk|rank|judge_expr|0.3962
scidocs|splade-v3+setmaxheaptopk|rank|rankgpt|0.4467
scidocs|splade-v3+setmaxheaptopk|rank|setmaxheaptopk|0.5128
scidocs|splade-v3+setmaxheaptopk|thresholding|judge|0.5426
scidocs|splade-v3+setmaxheaptopk|thresholding|judge_expr|0.5231
scidocs|splade-v3+setmaxheaptopk|thresholding|rankgpt|0.0
scidocs|splade-v3+setmaxheaptopk|thresholding|setmaxheaptopk|0.0
trec-covid|bm25|direct|judge|0.4369
trec-covid|bm25|direct|judge_expr|0.3827
trec-covid|bm25|direct|rankgpt|0.1882
trec-covid|bm25|direct|setmaxheaptopk|0.1843
trec-covid|bm25|largest_gap|judge|0.2795
trec-covid|bm25|largest_gap|judge_expr|0.3848
trec-covid|bm25|largest_gap|rankgpt|0.1882
trec-covid|bm25|largest_gap|setmaxheaptopk|0.1843
trec-covid|bm25|optimal_global|judge|0.5865
trec-covid|bm25|optimal_global|judge_expr|0.5626
trec-covid|bm25|optimal_global|rankgpt|0.5934
trec-covid|bm25|optimal_global|setmaxheaptopk|0.5934
trec-covid|bm25|optimal_per_topic|judge|0.5524
trec-covid|bm25|optimal_per_topic|judge_expr|0.5556
trec-covid|bm25|optimal_per_topic|rankgpt|0.5828
trec-covid|bm25|optimal_per_topic|setmaxheaptopk|0.5788
trec-covid|bm25|quantile|judge|0.3699
trec-covid|bm25|quantile|judge_expr|0.2641
trec-covid|bm25|quantile|rankgpt|0.3695
trec-covid|bm25|quantile|setmaxheaptopk|0.3002
trec-covid|bm25|rank|judge|0.1948
trec-covid|bm25|rank|judge_expr|0.141
trec-covid|bm25|rank|rankgpt|0.1681
trec-covid|bm25|rank|setmaxheaptopk|0.1823
trec-covid|bm25|thresholding|judge|0.406
trec-covid|bm25|thresholding|judge_expr|0.3831
trec-covid|bm25|thresholding|rankgpt|0.0
trec-covid|bm25|thresholding|setmaxheaptopk|0.0
trec-covid|bm25+judge|direct|judge|0.6356
trec-covid|bm25+judge|direct|judge_expr|0.6175
trec-covid|bm25+judge|direct|rankgpt|0.2144
trec-covid|bm25+judge|direct|setmaxheaptopk|0.1781
trec-covid|bm25+judge|largest_gap|judge|0.5665
trec-covid|bm25+judge|largest_gap|judge_expr|0.6236
trec-covid|bm25+judge|largest_gap|rankgpt|0.2144
trec-covid|bm25+judge|largest_gap|setmaxheaptopk|0.1781
trec-covid|bm25+judge|optimal_global|judge|0.6564
trec-covid|bm25+judge|optimal_global|judge_expr|0.6564
trec-covid|bm25+judge|optimal_global|rankgpt|0.6564
trec-covid|bm25+judge|optimal_global|setmaxheaptopk|0.6564
trec-covid|bm25+judge|optimal_per_topic|judge|0.655
trec-covid|bm25+judge|optimal_per_topic|judge_expr|0.655
trec-covid|bm25+judge|optimal_per_topic|rankgpt|0.6505
trec-covid|bm25+judge|optimal_per_topic|setmaxheaptopk|0.6464
trec-covid|bm25+judge|quantile|judge|0.6451
trec-covid|bm25+judge|quantile|judge_expr|0.5061
trec-covid|bm25+judge|quantile|rankgpt|0.4378
trec-covid|bm25+judge|quantile|setmaxheaptopk|0.4261
trec-covid|bm25+judge|rank|judge|0.3927
trec-covid|bm25+judge|rank|judge_expr|0.3284
trec-covid|bm25+judge|rank|rankgpt|0.243
trec-covid|bm25+judge|rank|setmaxheaptopk|0.2651
trec-covid|bm25+judge|thresholding|judge|0.6263
trec-covid|bm25+judge|thresholding|judge_expr|0.6182
trec-covid|bm25+judge|thresholding|rankgpt|0.0
trec-covid|bm25+judge|thresholding|setmaxheaptopk|0.0
trec-covid|bm25+judge_expr|direct|judge|0.6848
trec-covid|bm25+judge_expr|direct|judge_expr|0.6751
trec-covid|bm25+judge_expr|direct|rankgpt|0.3822
trec-covid|bm25+judge_expr|direct|setmaxheaptopk|0.3736
trec-covid|bm25+judge_expr|largest_gap|judge|0.6264
trec-covid|bm25+judge_expr|largest_gap|judge_expr|0.6845
trec-covid|bm25+judge_expr|largest_gap|rankgpt|0.3822
trec-covid|bm25+judge_expr|largest_gap|setmaxheaptopk|0.3736
trec-covid|bm25+judge_expr|optimal_global|judge|0.7055
trec-covid|bm25+judge_expr|optimal_global|judge_expr|0.7055
trec-covid|bm25+judge_expr|optimal_global|rankgpt|0.7055
trec-covid|bm25+judge_expr|optimal_global|setmaxheaptopk|0.7055
trec-covid|bm25+judge_expr|optimal_per_topic|judge|0.7029
trec-covid|bm25+judge_expr|optimal_per_topic|judge_expr|0.7029
trec-covid|bm25+judge_expr|optimal_per_topic|rankgpt|0.696
trec-covid|bm25+judge_expr|optimal_per_topic|setmaxheaptopk|0.7026
trec-covid|bm25+judge_expr|quantile|judge|0.6998
trec-covid|bm25+judge_expr|quantile|judge_expr|0.6651
trec-covid|bm25+judge_expr|quantile|rankgpt|0.4953
trec-covid|bm25+judge_expr|quantile|setmaxheaptopk|0.4955
trec-covid|bm25+judge_expr|rank|judge|0.4241
trec-covid|bm25+judge_expr|rank|judge_expr|0.5296
trec-covid|bm25+judge_expr|rank|rankgpt|0.3284
trec-covid|bm25+judge_expr|rank|setmaxheaptopk|0.3472
trec-covid|bm25+judge_expr|thresholding|judge|0.6725
trec-covid|bm25+judge_expr|thresholding|judge_expr|0.6662
trec-covid|bm25+judge_expr|thresholding|rankgpt|0.0
trec-covid|bm25+judge_expr|thresholding|setmaxheaptopk|0.0
trec-covid|bm25+point|direct|judge|0.5007
trec-covid|bm25+point|direct|judge_expr|0.4623
trec-covid|bm25+point|direct|rankgpt|0.1505
trec-covid|bm25+point|direct|setmaxheaptopk|0.131
trec-covid|bm25+point|largest_gap|judge|0.3242
trec-covid|bm25+point|largest_gap|judge_expr|0.4865
trec-covid|bm25+point|largest_gap|rankgpt|0.1505
trec-covid|bm25+point|largest_gap|setmaxheaptopk|0.131
trec-covid|bm25+point|optimal_global|judge|0.6073
trec-covid|bm25+point|optimal_global|judge_expr|0.6003
trec-covid|bm25+point|optimal_global|rankgpt|0.6129
trec-covid|bm25+point|optimal_global|setmaxheaptopk|0.6129
trec-covid|bm25+point|optimal_per_topic|judge|0.6074
trec-covid|bm25+point|optimal_per_topic|judge_expr|0.6074
trec-covid|bm25+point|optimal_per_topic|rankgpt|0.5976
trec-covid|bm25+point|optimal_per_topic|setmaxheaptopk|0.6044
trec-covid|bm25+point|quantile|judge|0.4414
trec-covid|bm25+point|quantile|judge_expr|0.2982
trec-covid|bm25+point|quantile|rankgpt|0.369
trec-covid|bm25+point|quantile|setmaxheaptopk|0.3495
trec-covid|bm25+point|rank|judge|0.2207
trec-covid|bm25+point|rank|judge_expr|0.1782
trec-covid|bm25+point|rank|rankgpt|0.1861
trec-covid|bm25+point|rank|setmaxheaptopk|0.2114
trec-covid|bm25+point|thresholding|judge|0.492
trec-covid|bm25+point|thresholding|judge_expr|0.4716
trec-covid|bm25+point|thresholding|rankgpt|0.0
trec-covid|bm25+point|thresholding|setmaxheaptopk|0.0
trec-covid|bm25+rankfirst|direct|judge|0.7049
trec-covid|bm25+rankfirst|direct|judge_expr|0.6668
trec-covid|bm25+rankfirst|direct|rankgpt|0.4188
trec-covid|bm25+rankfirst|direct|setmaxheaptopk|0.3833
trec-covid|bm25+rankfirst|largest_gap|judge|0.5513
trec-covid|bm25+rankfirst|largest_gap|judge_expr|0.6808
trec-covid|bm25+rankfirst|largest_gap|rankgpt|0.4188
trec-covid|bm25+rankfirst|largest_gap|setmaxheaptopk|0.3833
trec-covid|bm25+rankfirst|optimal_global|judge|0.8064
trec-covid|bm25+rankfirst|optimal_global|judge_expr|0.7986
trec-covid|bm25+rankfirst|optimal_global|rankgpt|0.8064
trec-covid|bm25+rankfirst|optimal_global|setmaxheaptopk|0.8064
trec-covid|bm25+rankfirst|optimal_per_topic|judge|0.7961
trec-covid|bm25+rankfirst|optimal_per_topic|judge_expr|0.7961
trec-covid|bm25+rankfirst|optimal_per_topic|rankgpt|0.8023
trec-covid|bm25+rankfirst|optimal_per_topic|setmaxheaptopk|0.8064
trec-covid|bm25+rankfirst|quantile|judge|0.6939
trec-covid|bm25+rankfirst|quantile|judge_expr|0.5216
trec-covid|bm25+rankfirst|quantile|rankgpt|0.6228
trec-covid|bm25+rankfirst|quantile|setmaxheaptopk|0.568
trec-covid|bm25+rankfirst|rank|judge|0.4284
trec-covid|bm25+rankfirst|rank|judge_expr|0.3385
trec-covid|bm25+rankfirst|rank|rankgpt|0.3767
trec-covid|bm25+rankfirst|rank|setmaxheaptopk|0.4074
trec-covid|bm25+rankfirst|thresholding|judge|0.6912
trec-covid|bm25+rankfirst|thresholding|judge_expr|0.6661
trec-covid|bm25+rankfirst|thresholding|rankgpt|0.0
trec-covid|bm25+rankfirst|thresholding|setmaxheaptopk|0.0
trec-covid|bm25+rankgpt|direct|judge|0.6097
trec-covid|bm25+rankgpt|direct|judge_expr|0.5712
trec-covid|bm25+rankgpt|direct|rankgpt|0.4027
trec-covid|bm25+rankgpt|direct|setmaxheaptopk|0.3284
trec-covid|bm25+rankgpt|largest_gap|judge|0.4577
trec-covid|bm25+rankgpt|largest_gap|judge_expr|0.5783
trec-covid|bm25+rankgpt|largest_gap|rankgpt|0.4027
trec-covid|bm25+rankgpt|largest_gap|setmaxheaptopk|0.3284
trec-covid|bm25+rankgpt|optimal_global|judge|0.7054
trec-covid|bm25+rankgpt|optimal_global|judge_expr|0.6953
trec-covid|bm25+rankgpt|optimal_global|rankgpt|0.7081
trec-covid|bm25+rankgpt|optimal_global|setmaxheaptopk|0.7081
trec-covid|bm25+rankgpt|optimal_per_topic|judge|0.6813
trec-covid|bm25+rankgpt|optimal_per_topic|judge_expr|0.6894
trec-covid|bm25+rankgpt|optimal_per_topic|rankgpt|0.6969
trec-covid|bm25+rankgpt|optimal_per_topic|setmaxheaptopk|0.7054
trec-covid|bm25+rankgpt|quantile|judge|0.5721
trec-covid|bm25+rankgpt|quantile|judge_expr|0.452
trec-covid|bm25+rankgpt|quantile|rankgpt|0.5222
trec-covid|bm25+rankgpt|quantile|setmaxheaptopk|0.4768
trec-covid|bm25+rankgpt|rank|judge|0.3309
trec-covid|bm25+rankgpt|rank|judge_expr|0.3074
trec-covid|bm25+rankgpt|rank|rankgpt|0.339
trec-covid|bm25+rankgpt|rank|setmaxheaptopk|0.3519
trec-covid|bm25+rankgpt|thresholding|judge|0.597
trec-covid|bm25+rankgpt|thresholding|judge_expr|0.5722
trec-covid|bm25+rankgpt|thresholding|rankgpt|0.0
trec-covid|bm25+rankgpt|thresholding|setmaxheaptopk|0.0
trec-covid|bm25+rankzephyr|direct|judge|0.4369
trec-covid|bm25+rankzephyr|direct|judge_expr|0.3827
trec-covid|bm25+rankzephyr|direct|rankgpt|0.1882
trec-covid|bm25+rankzephyr|largest_gap|judge|0.2795
trec-covid|bm25+rankzephyr|largest_gap|judge_expr|0.3848
trec-covid|bm25+rankzephyr|largest_gap|rankgpt|0.1882
trec-covid|bm25+rankzephyr|optimal_global|judge|0.5865
trec-covid|bm25+rankzephyr|optimal_global|judge_expr|0.5626
trec-covid|bm25+rankzephyr|optimal_global|rankgpt|0.5934
trec-covid|bm25+rankzephyr|optimal_per_topic|judge|0.5524
trec-covid|bm25+rankzephyr|optimal_per_topic|judge_expr|0.5556
trec-covid|bm25+rankzephyr|optimal_per_topic|rankgpt|0.5828
trec-covid|bm25+rankzephyr|quantile|judge|0.3699
trec-covid|bm25+rankzephyr|quantile|judge_expr|0.2641
trec-covid|bm25+rankzephyr|quantile|rankgpt|0.3695
trec-covid|bm25+rankzephyr|rank|judge|0.1948
trec-covid|bm25+rankzephyr|rank|judge_expr|0.141
trec-covid|bm25+rankzephyr|rank|rankgpt|0.1681
trec-covid|bm25+rankzephyr|thresholding|judge|0.406
trec-covid|bm25+rankzephyr|thresholding|judge_expr|0.3831
trec-covid|bm25+rankzephyr|thresholding|rankgpt|0.0
trec-covid|bm25+setmaxheaptopk|direct|judge|0.6285
trec-covid|bm25+setmaxheaptopk|direct|judge_expr|0.5999
trec-covid|bm25+setmaxheaptopk|direct|rankgpt|0.4283
trec-covid|bm25+setmaxheaptopk|direct|setmaxheaptopk|0.3842
trec-covid|bm25+setmaxheaptopk|largest_gap|judge|0.4746
trec-covid|bm25+setmaxheaptopk|largest_gap|judge_expr|0.6084
trec-covid|bm25+setmaxheaptopk|largest_gap|rankgpt|0.4283
trec-covid|bm25+setmaxheaptopk|largest_gap|setmaxheaptopk|0.3842
trec-covid|bm25+setmaxheaptopk|optimal_global|judge|0.704
trec-covid|bm25+setmaxheaptopk|optimal_global|judge_expr|0.696
trec-covid|bm25+setmaxheaptopk|optimal_global|rankgpt|0.704
trec-covid|bm25+setmaxheaptopk|optimal_global|setmaxheaptopk|0.704
trec-covid|bm25+setmaxheaptopk|optimal_per_topic|judge|0.6932
trec-covid|bm25+setmaxheaptopk|optimal_per_topic|judge_expr|0.696
trec-covid|bm25+setmaxheaptopk|optimal_per_topic|rankgpt|0.6966
trec-covid|bm25+setmaxheaptopk|optimal_per_topic|setmaxheaptopk|0.704
trec-covid|bm25+setmaxheaptopk|quantile|judge|0.6198
trec-covid|bm25+setmaxheaptopk|quantile|judge_expr|0.5027
trec-covid|bm25+setmaxheaptopk|quantile|rankgpt|0.5339
trec-covid|bm25+setmaxheaptopk|quantile|setmaxheaptopk|0.517
trec-covid|bm25+setmaxheaptopk|rank|judge|0.3563
trec-covid|bm25+setmaxheaptopk|rank|judge_expr|0.3248
trec-covid|bm25+setmaxheaptopk|rank|rankgpt|0.3434
trec-covid|bm25+setmaxheaptopk|rank|setmaxheaptopk|0.3934
trec-covid|bm25+setmaxheaptopk|thresholding|judge|0.6329
trec-covid|bm25+setmaxheaptopk|thresholding|judge_expr|0.6101
trec-covid|bm25+setmaxheaptopk|thresholding|rankgpt|0.0
trec-covid|bm25+setmaxheaptopk|thresholding|setmaxheaptopk|0.0
trec-covid|colbert-small|direct|judge|0.7764
trec-covid|colbert-small|direct|judge_expr|0.6981
trec-covid|colbert-small|direct|rankgpt|0.4448
trec-covid|colbert-small|direct|setmaxheaptopk|0.5286
trec-covid|colbert-small|largest_gap|judge|0.4946
trec-covid|colbert-small|largest_gap|judge_expr|0.71
trec-covid|colbert-small|largest_gap|rankgpt|0.4448
trec-covid|colbert-small|largest_gap|setmaxheaptopk|0.5286
trec-covid|colbert-small|optimal_global|judge|0.996
trec-covid|colbert-small|optimal_global|judge_expr|0.9644
trec-covid|colbert-small|optimal_global|rankgpt|1.0
trec-covid|colbert-small|optimal_global|setmaxheaptopk|1.0
trec-covid|colbert-small|optimal_per_topic|judge|0.9574
trec-covid|colbert-small|optimal_per_topic|judge_expr|0.9574
trec-covid|colbert-small|optimal_per_topic|rankgpt|0.9973
trec-covid|colbert-small|optimal_per_topic|setmaxheaptopk|0.9887
trec-covid|colbert-small|quantile|judge|0.6745
trec-covid|colbert-small|quantile|judge_expr|0.4652
trec-covid|colbert-small|quantile|rankgpt|0.9655
trec-covid|colbert-small|quantile|setmaxheaptopk|0.7081
trec-covid|colbert-small|rank|judge|0.5103
trec-covid|colbert-small|rank|judge_expr|0.2556
trec-covid|colbert-small|rank|rankgpt|0.5011
trec-covid|colbert-small|rank|setmaxheaptopk|0.4111
trec-covid|colbert-small|thresholding|judge|0.7418
trec-covid|colbert-small|thresholding|judge_expr|0.71
trec-covid|colbert-small|thresholding|rankgpt|0.0
trec-covid|colbert-small|thresholding|setmaxheaptopk|0.0
trec-covid|colbert-small+judge|direct|judge|1.0
trec-covid|colbert-small+judge|direct|judge_expr|0.9804
trec-covid|colbert-small+judge|direct|rankgpt|0.1823
trec-covid|colbert-small+judge|direct|setmaxheaptopk|0.1784
trec-covid|colbert-small+judge|largest_gap|judge|1.0
trec-covid|colbert-small+judge|largest_gap|judge_expr|0.9787
trec-covid|colbert-small+judge|largest_gap|rankgpt|0.1823
trec-covid|colbert-small+judge|largest_gap|setmaxheaptopk|0.1784
trec-covid|colbert-small+judge|optimal_global|judge|1.0
trec-covid|colbert-small+judge|optimal_global|judge_expr|1.0
trec-covid|colbert-small+judge|optimal_global|rankgpt|1.0
trec-covid|colbert-small+judge|optimal_global|setmaxheaptopk|1.0
trec-covid|colbert-small+judge|optimal_per_topic|judge|1.0
trec-covid|colbert-small+judge|optimal_per_topic|judge_expr|1.0
trec-covid|colbert-small+judge|optimal_per_topic|rankgpt|0.9842
trec-covid|colbert-small+judge|optimal_per_topic|setmaxheaptopk|0.9831
trec-covid|colbert-small+judge|quantile|judge|1.0
trec-covid|colbert-small+judge|quantile|judge_expr|0.8188
trec-covid|colbert-small+judge|quantile|rankgpt|0.5331
trec-covid|colbert-small+judge|quantile|setmaxheaptopk|0.557
trec-covid|colbert-small+judge|rank|judge|0.589
trec-covid|colbert-small+judge|rank|judge_expr|0.574
trec-covid|colbert-small+judge|rank|rankgpt|0.3079
trec-covid|colbert-small+judge|rank|setmaxheaptopk|0.3469
trec-covid|colbert-small+judge|thresholding|judge|0.98
trec-covid|colbert-small+judge|thresholding|judge_expr|0.9787
trec-covid|colbert-small+judge|thresholding|rankgpt|0.0
trec-covid|colbert-small+judge|thresholding|setmaxheaptopk|0.0
trec-covid|colbert-small+judge_expr|direct|judge|0.9993
trec-covid|colbert-small+judge_expr|direct|judge_expr|1.0
trec-covid|colbert-small+judge_expr|direct|rankgpt|0.4025
trec-covid|colbert-small+judge_expr|direct|setmaxheaptopk|0.4023
trec-covid|colbert-small+judge_expr|largest_gap|judge|0.9986
trec-covid|colbert-small+judge_expr|largest_gap|judge_expr|1.0
trec-covid|colbert-small+judge_expr|largest_gap|rankgpt|0.4025
trec-covid|colbert-small+judge_expr|largest_gap|setmaxheaptopk|0.4023
trec-covid|colbert-small+judge_expr|optimal_global|judge|1.0
trec-covid|colbert-small+judge_expr|optimal_global|judge_expr|1.0
trec-covid|colbert-small+judge_expr|optimal_global|rankgpt|1.0
trec-covid|colbert-small+judge_expr|optimal_global|setmaxheaptopk|1.0
trec-covid|colbert-small+judge_expr|optimal_per_topic|judge|1.0
trec-covid|colbert-small+judge_expr|optimal_per_topic|judge_expr|1.0
trec-covid|colbert-small+judge_expr|optimal_per_topic|rankgpt|0.9775
trec-covid|colbert-small+judge_expr|optimal_per_topic|setmaxheaptopk|0.994
trec-covid|colbert-small+judge_expr|quantile|judge|0.9986
trec-covid|colbert-small+judge_expr|quantile|judge_expr|1.0
trec-covid|colbert-small+judge_expr|quantile|rankgpt|0.5798
trec-covid|colbert-small+judge_expr|quantile|setmaxheaptopk|0.6298
trec-covid|colbert-small+judge_expr|rank|judge|0.5929
trec-covid|colbert-small+judge_expr|rank|judge_expr|0.9847
trec-covid|colbert-small+judge_expr|rank|rankgpt|0.3744
trec-covid|colbert-small+judge_expr|rank|setmaxheaptopk|0.4591
trec-covid|colbert-small+judge_expr|thresholding|judge|0.98
trec-covid|colbert-small+judge_expr|thresholding|judge_expr|0.98
trec-covid|colbert-small+judge_expr|thresholding|rankgpt|0.0
trec-covid|colbert-small+judge_expr|thresholding|setmaxheaptopk|0.0
trec-covid|colbert-small+point|direct|judge|0.8067
trec-covid|colbert-small+point|direct|judge_expr|0.7351
trec-covid|colbert-small+point|direct|rankgpt|0.1798
trec-covid|colbert-small+point|direct|setmaxheaptopk|0.1599
trec-covid|colbert-small+point|largest_gap|judge|0.4881
trec-covid|colbert-small+point|largest_gap|judge_expr|0.7576
trec-covid|colbert-small+point|largest_gap|rankgpt|0.1798
trec-covid|colbert-small+point|largest_gap|setmaxheaptopk|0.1599
trec-covid|colbert-small+point|optimal_global|judge|0.9956
trec-covid|colbert-small+point|optimal_global|judge_expr|0.9793
trec-covid|colbert-small+point|optimal_global|rankgpt|1.0
trec-covid|colbert-small+point|optimal_global|setmaxheaptopk|1.0
trec-covid|colbert-small+point|optimal_per_topic|judge|0.9789
trec-covid|colbert-small+point|optimal_per_topic|judge_expr|0.9814
trec-covid|colbert-small+point|optimal_per_topic|rankgpt|0.9695
trec-covid|colbert-small+point|optimal_per_topic|setmaxheaptopk|0.9797
trec-covid|colbert-small+point|quantile|judge|0.7078
trec-covid|colbert-small+point|quantile|judge_expr|0.4681
trec-covid|colbert-small+point|quantile|rankgpt|0.4782
trec-covid|colbert-small+point|quantile|setmaxheaptopk|0.51
trec-covid|colbert-small+point|rank|judge|0.2742
trec-covid|colbert-small+point|rank|judge_expr|0.2391
trec-covid|colbert-small+point|rank|rankgpt|0.238
trec-covid|colbert-small+point|rank|setmaxheaptopk|0.2938
trec-covid|colbert-small+point|thresholding|judge|0.814
trec-covid|colbert-small+point|thresholding|judge_expr|0.7453
trec-covid|colbert-small+point|thresholding|rankgpt|0.0
trec-covid|colbert-small+point|thresholding|setmaxheaptopk|0.0
trec-covid|colbert-small+rankfirst|direct|judge|0.9014
trec-covid|colbert-small+rankfirst|direct|judge_expr|0.864
trec-covid|colbert-small+rankfirst|direct|rankgpt|0.5674
trec-covid|colbert-small+rankfirst|direct|setmaxheaptopk|0.5487
trec-covid|colbert-small+rankfirst|largest_gap|judge|0.7177
trec-covid|colbert-small+rankfirst|largest_gap|judge_expr|0.8768
trec-covid|colbert-small+rankfirst|largest_gap|rankgpt|0.5674
trec-covid|colbert-small+rankfirst|largest_gap|setmaxheaptopk|0.5487
trec-covid|colbert-small+rankfirst|optimal_global|judge|1.0
trec-covid|colbert-small+rankfirst|optimal_global|judge_expr|1.0
trec-covid|colbert-small+rankfirst|optimal_global|rankgpt|1.0
trec-covid|colbert-small+rankfirst|optimal_global|setmaxheaptopk|1.0
trec-covid|colbert-small+rankfirst|optimal_per_topic|judge|0.9948
trec-covid|colbert-small+rankfirst|optimal_per_topic|judge_expr|0.9948
trec-covid|colbert-small+rankfirst|optimal_per_topic|rankgpt|0.9932
trec-covid|colbert-small+rankfirst|optimal_per_topic|setmaxheaptopk|0.9965
trec-covid|colbert-small+rankfirst|quantile|judge|0.9029
trec-covid|colbert-small+rankfirst|quantile|judge_expr|0.7371
trec-covid|colbert-small+rankfirst|quantile|rankgpt|0.7704
trec-covid|colbert-small+rankfirst|quantile|setmaxheaptopk|0.7651
trec-covid|colbert-small+rankfirst|rank|judge|0.5591
trec-covid|colbert-small+rankfirst|rank|judge_expr|0.4637
trec-covid|colbert-small+rankfirst|rank|rankgpt|0.5091
trec-covid|colbert-small+rankfirst|rank|setmaxheaptopk|0.5563
trec-covid|colbert-small+rankfirst|thresholding|judge|0.8848
trec-covid|colbert-small+rankfirst|thresholding|judge_expr|0.8691
trec-covid|colbert-small+rankfirst|thresholding|rankgpt|0.0
trec-covid|colbert-small+rankfirst|thresholding|setmaxheaptopk|0.0
trec-covid|colbert-small+rankgpt|direct|judge|0.859
trec-covid|colbert-small+rankgpt|direct|judge_expr|0.7978
trec-covid|colbert-small+rankgpt|direct|rankgpt|1.0
trec-covid|colbert-small+rankgpt|direct|setmaxheaptopk|0.6378
trec-covid|colbert-small+rankgpt|largest_gap|judge|0.6388
trec-covid|colbert-small+rankgpt|largest_gap|judge_expr|0.8214
trec-covid|colbert-small+rankgpt|largest_gap|rankgpt|1.0
trec-covid|colbert-small+rankgpt|largest_gap|setmaxheaptopk|0.6378
trec-covid|colbert-small+rankgpt|optimal_global|judge|1.0
trec-covid|colbert-small+rankgpt|optimal_global|judge_expr|0.9875
trec-covid|colbert-small+rankgpt|optimal_global|rankgpt|1.0
trec-covid|colbert-small+rankgpt|optimal_global|setmaxheaptopk|1.0
trec-covid|colbert-small+rankgpt|optimal_per_topic|judge|0.9793
trec-covid|colbert-small+rankgpt|optimal_per_topic|judge_expr|0.9787
trec-covid|colbert-small+rankgpt|optimal_per_topic|rankgpt|1.0
trec-covid|colbert-small+rankgpt|optimal_per_topic|setmaxheaptopk|0.9853
trec-covid|colbert-small+rankgpt|quantile|judge|0.8387
trec-covid|colbert-small+rankgpt|quantile|judge_expr|0.6643
trec-covid|colbert-small+rankgpt|quantile|rankgpt|1.0
trec-covid|colbert-small+rankgpt|quantile|setmaxheaptopk|0.7712
trec-covid|colbert-small+rankgpt|rank|judge|0.5232
trec-covid|colbert-small+rankgpt|rank|judge_expr|0.3914
trec-covid|colbert-small+rankgpt|rank|rankgpt|1.0
trec-covid|colbert-small+rankgpt|rank|setmaxheaptopk|0.5295
trec-covid|colbert-small+rankgpt|thresholding|judge|0.838
trec-covid|colbert-small+rankgpt|thresholding|judge_expr|0.8059
trec-covid|colbert-small+rankgpt|thresholding|rankgpt|0.0
trec-covid|colbert-small+rankgpt|thresholding|setmaxheaptopk|0.0
trec-covid|colbert-small+rankzephyr|direct|judge|0.7813
trec-covid|colbert-small+rankzephyr|direct|judge_expr|0.7048
trec-covid|colbert-small+rankzephyr|direct|rankgpt|0.4722
trec-covid|colbert-small+rankzephyr|largest_gap|judge|0.4916
trec-covid|colbert-small+rankzephyr|largest_gap|judge_expr|0.7177
trec-covid|colbert-small+rankzephyr|largest_gap|rankgpt|0.4722
trec-covid|colbert-small+rankzephyr|optimal_global|judge|0.9971
trec-covid|colbert-small+rankzephyr|optimal_global|judge_expr|0.9693
trec-covid|colbert-small+rankzephyr|optimal_global|rankgpt|1.0
trec-covid|colbert-small+rankzephyr|optimal_per_topic|judge|0.9603
trec-covid|colbert-small+rankzephyr|optimal_per_topic|judge_expr|0.9645
trec-covid|colbert-small+rankzephyr|optimal_per_topic|rankgpt|0.9986
trec-covid|colbert-small+rankzephyr|quantile|judge|0.6791
trec-covid|colbert-small+rankzephyr|quantile|judge_expr|0.4695
trec-covid|colbert-small+rankzephyr|quantile|rankgpt|0.994
trec-covid|colbert-small+rankzephyr|rank|judge|0.5144
trec-covid|colbert-small+rankzephyr|rank|judge_expr|0.2546
trec-covid|colbert-small+rankzephyr|rank|rankgpt|0.5227
trec-covid|colbert-small+rankzephyr|thresholding|judge|0.7531
trec-covid|colbert-small+rankzephyr|thresholding|judge_expr|0.7188
trec-covid|colbert-small+rankzephyr|thresholding|rankgpt|0.0
trec-covid|colbert-small+setmaxheaptopk|direct|judge|0.8912
trec-covid|colbert-small+setmaxheaptopk|direct|judge_expr|0.8553
trec-covid|colbert-small+setmaxheaptopk|direct|rankgpt|0.6844
trec-covid|colbert-small+setmaxheaptopk|direct|setmaxheaptopk|1.0
trec-covid|colbert-small+setmaxheaptopk|largest_gap|judge|0.6845
trec-covid|colbert-small+setmaxheaptopk|largest_gap|judge_expr|0.8743
trec-covid|colbert-small+setmaxheaptopk|largest_gap|rankgpt|0.6844
trec-covid|colbert-small+setmaxheaptopk|largest_gap|setmaxheaptopk|1.0
trec-covid|colbert-small+setmaxheaptopk|optimal_global|judge|1.0
trec-covid|colbert-small+setmaxheaptopk|optimal_global|judge_expr|0.9983
trec-covid|colbert-small+setmaxheaptopk|optimal_global|rankgpt|1.0
trec-covid|colbert-small+setmaxheaptopk|optimal_global|setmaxheaptopk|1.0
trec-covid|colbert-small+setmaxheaptopk|optimal_per_topic|judge|0.994
trec-covid|colbert-small+setmaxheaptopk|optimal_per_topic|judge_expr|0.9937
trec-covid|colbert-small+setmaxheaptopk|optimal_per_topic|rankgpt|0.9891
trec-covid|colbert-small+setmaxheaptopk|optimal_per_topic|setmaxheaptopk|1.0
trec-covid|colbert-small+setmaxheaptopk|quantile|judge|0.884
trec-covid|colbert-small+setmaxheaptopk|quantile|judge_expr|0.7443
trec-covid|colbert-small+setmaxheaptopk|quantile|rankgpt|0.734
trec-covid|colbert-small+setmaxheaptopk|quantile|setmaxheaptopk|1.0
trec-covid|colbert-small+setmaxheaptopk|rank|judge|0.471
trec-covid|colbert-small+setmaxheaptopk|rank|judge_expr|0.4649
trec-covid|colbert-small+setmaxheaptopk|rank|rankgpt|0.5217
trec-covid|colbert-small+setmaxheaptopk|rank|setmaxheaptopk|1.0
trec-covid|colbert-small+setmaxheaptopk|thresholding|judge|0.8846
trec-covid|colbert-small+setmaxheaptopk|thresholding|judge_expr|0.8517
trec-covid|colbert-small+setmaxheaptopk|thresholding|rankgpt|0.0
trec-covid|colbert-small+setmaxheaptopk|thresholding|setmaxheaptopk|0.0
trec-covid|nomicai-modernbert-embed|direct|judge|0.7154
trec-covid|nomicai-modernbert-embed|direct|judge_expr|0.6634
trec-covid|nomicai-modernbert-embed|direct|rankgpt|0.2961
trec-covid|nomicai-modernbert-embed|direct|setmaxheaptopk|0.3194
trec-covid|nomicai-modernbert-embed|largest_gap|judge|0.4946
trec-covid|nomicai-modernbert-embed|largest_gap|judge_expr|0.6785
trec-covid|nomicai-modernbert-embed|largest_gap|rankgpt|0.2961
trec-covid|nomicai-modernbert-embed|largest_gap|setmaxheaptopk|0.3194
trec-covid|nomicai-modernbert-embed|optimal_global|judge|0.8427
trec-covid|nomicai-modernbert-embed|optimal_global|judge_expr|0.8348
trec-covid|nomicai-modernbert-embed|optimal_global|rankgpt|0.8427
trec-covid|nomicai-modernbert-embed|optimal_global|setmaxheaptopk|0.8427
trec-covid|nomicai-modernbert-embed|optimal_per_topic|judge|0.8291
trec-covid|nomicai-modernbert-embed|optimal_per_topic|judge_expr|0.8335
trec-covid|nomicai-modernbert-embed|optimal_per_topic|rankgpt|0.8413
trec-covid|nomicai-modernbert-embed|optimal_per_topic|setmaxheaptopk|0.8345
trec-covid|nomicai-modernbert-embed|quantile|judge|0.67
trec-covid|nomicai-modernbert-embed|quantile|judge_expr|0.5187
trec-covid|nomicai-modernbert-embed|quantile|rankgpt|0.6134
trec-covid|nomicai-modernbert-embed|quantile|setmaxheaptopk|0.5554
trec-covid|nomicai-modernbert-embed|rank|judge|0.3961
trec-covid|nomicai-modernbert-embed|rank|judge_expr|0.2713
trec-covid|nomicai-modernbert-embed|rank|rankgpt|0.3672
trec-covid|nomicai-modernbert-embed|rank|setmaxheaptopk|0.3432
trec-covid|nomicai-modernbert-embed|thresholding|judge|0.7066
trec-covid|nomicai-modernbert-embed|thresholding|judge_expr|0.6755
trec-covid|nomicai-modernbert-embed|thresholding|rankgpt|0.0
trec-covid|nomicai-modernbert-embed|thresholding|setmaxheaptopk|0.0
trec-covid|nomicai-modernbert-embed+judge|direct|judge|0.6088
trec-covid|nomicai-modernbert-embed+judge|direct|judge_expr|0.6062
trec-covid|nomicai-modernbert-embed+judge|direct|rankgpt|0.1381
trec-covid|nomicai-modernbert-embed+judge|direct|setmaxheaptopk|0.1536
trec-covid|nomicai-modernbert-embed+judge|largest_gap|judge|0.6292
trec-covid|nomicai-modernbert-embed+judge|largest_gap|judge_expr|0.6181
trec-covid|nomicai-modernbert-embed+judge|largest_gap|rankgpt|0.1381
trec-covid|nomicai-modernbert-embed+judge|largest_gap|setmaxheaptopk|0.1536
trec-covid|nomicai-modernbert-embed+judge|optimal_global|judge|0.606
trec-covid|nomicai-modernbert-embed+judge|optimal_global|judge_expr|0.606
trec-covid|nomicai-modernbert-embed+judge|optimal_global|rankgpt|0.606
trec-covid|nomicai-modernbert-embed+judge|optimal_global|setmaxheaptopk|0.606
trec-covid|nomicai-modernbert-embed+judge|optimal_per_topic|judge|0.606
trec-covid|nomicai-modernbert-embed+judge|optimal_per_topic|judge_expr|0.606
trec-covid|nomicai-modernbert-embed+judge|optimal_per_topic|rankgpt|0.6038
trec-covid|nomicai-modernbert-embed+judge|optimal_per_topic|setmaxheaptopk|0.5988
trec-covid|nomicai-modernbert-embed+judge|quantile|judge|0.5999
trec-covid|nomicai-modernbert-embed+judge|quantile|judge_expr|0.4985
trec-covid|nomicai-modernbert-embed+judge|quantile|rankgpt|0.3851
trec-covid|nomicai-modernbert-embed+judge|quantile|setmaxheaptopk|0.359
trec-covid|nomicai-modernbert-embed+judge|rank|judge|0.4084
trec-covid|nomicai-modernbert-embed+judge|rank|judge_expr|0.366
trec-covid|nomicai-modernbert-embed+judge|rank|rankgpt|0.2226
trec-covid|nomicai-modernbert-embed+judge|rank|setmaxheaptopk|0.2368
trec-covid|nomicai-modernbert-embed+judge|thresholding|judge|0.6034
trec-covid|nomicai-modernbert-embed+judge|thresholding|judge_expr|0.6026
trec-covid|nomicai-modernbert-embed+judge|thresholding|rankgpt|0.0
trec-covid|nomicai-modernbert-embed+judge|thresholding|setmaxheaptopk|0.0
trec-covid|nomicai-modernbert-embed+judge_expr|direct|judge|0.6735
trec-covid|nomicai-modernbert-embed+judge_expr|direct|judge_expr|0.6769
trec-covid|nomicai-modernbert-embed+judge_expr|direct|rankgpt|0.3369
trec-covid|nomicai-modernbert-embed+judge_expr|direct|setmaxheaptopk|0.3416
trec-covid|nomicai-modernbert-embed+judge_expr|largest_gap|judge|0.7035
trec-covid|nomicai-modernbert-embed+judge_expr|largest_gap|judge_expr|0.684
trec-covid|nomicai-modernbert-embed+judge_expr|largest_gap|rankgpt|0.3369
trec-covid|nomicai-modernbert-embed+judge_expr|largest_gap|setmaxheaptopk|0.3416
trec-covid|nomicai-modernbert-embed+judge_expr|optimal_global|judge|0.6685
trec-covid|nomicai-modernbert-embed+judge_expr|optimal_global|judge_expr|0.6685
trec-covid|nomicai-modernbert-embed+judge_expr|optimal_global|rankgpt|0.6685
trec-covid|nomicai-modernbert-embed+judge_expr|optimal_global|setmaxheaptopk|0.6685
trec-covid|nomicai-modernbert-embed+judge_expr|optimal_per_topic|judge|0.6685
trec-covid|nomicai-modernbert-embed+judge_expr|optimal_per_topic|judge_expr|0.6685
trec-covid|nomicai-modernbert-embed+judge_expr|optimal_per_topic|rankgpt|0.6643
trec-covid|nomicai-modernbert-embed+judge_expr|optimal_per_topic|setmaxheaptopk|0.6659
trec-covid|nomicai-modernbert-embed+judge_expr|quantile|judge|0.6685
trec-covid|nomicai-modernbert-embed+judge_expr|quantile|judge_expr|0.6658
trec-covid|nomicai-modernbert-embed+judge_expr|quantile|rankgpt|0.4581
trec-covid|nomicai-modernbert-embed+judge_expr|quantile|setmaxheaptopk|0.4595
trec-covid|nomicai-modernbert-embed+judge_expr|rank|judge|0.4379
trec-covid|nomicai-modernbert-embed+judge_expr|rank|judge_expr|0.6369
trec-covid|nomicai-modernbert-embed+judge_expr|rank|rankgpt|0.3074
trec-covid|nomicai-modernbert-embed+judge_expr|rank|setmaxheaptopk|0.3489
trec-covid|nomicai-modernbert-embed+judge_expr|thresholding|judge|0.6667
trec-covid|nomicai-modernbert-embed+judge_expr|thresholding|judge_expr|0.6673
trec-covid|nomicai-modernbert-embed+judge_expr|thresholding|rankgpt|0.0
trec-covid|nomicai-modernbert-embed+judge_expr|thresholding|setmaxheaptopk|0.0
trec-covid|nomicai-modernbert-embed+point|direct|judge|0.4931
trec-covid|nomicai-modernbert-embed+point|direct|judge_expr|0.4617
trec-covid|nomicai-modernbert-embed+point|direct|rankgpt|0.1195
trec-covid|nomicai-modernbert-embed+point|direct|setmaxheaptopk|0.1266
trec-covid|nomicai-modernbert-embed+point|largest_gap|judge|0.3229
trec-covid|nomicai-modernbert-embed+point|largest_gap|judge_expr|0.4577
trec-covid|nomicai-modernbert-embed+point|largest_gap|rankgpt|0.1195
trec-covid|nomicai-modernbert-embed+point|largest_gap|setmaxheaptopk|0.1266
trec-covid|nomicai-modernbert-embed+point|optimal_global|judge|0.5796
trec-covid|nomicai-modernbert-embed+point|optimal_global|judge_expr|0.5755
trec-covid|nomicai-modernbert-embed+point|optimal_global|rankgpt|0.5796
trec-covid|nomicai-modernbert-embed+point|optimal_global|setmaxheaptopk|0.5796
trec-covid|nomicai-modernbert-embed+point|optimal_per_topic|judge|0.5769
trec-covid|nomicai-modernbert-embed+point|optimal_per_topic|judge_expr|0.5764
trec-covid|nomicai-modernbert-embed+point|optimal_per_topic|rankgpt|0.5754
trec-covid|nomicai-modernbert-embed+point|optimal_per_topic|setmaxheaptopk|0.5697
trec-covid|nomicai-modernbert-embed+point|quantile|judge|0.4323
trec-covid|nomicai-modernbert-embed+point|quantile|judge_expr|0.3045
trec-covid|nomicai-modernbert-embed+point|quantile|rankgpt|0.3603
trec-covid|nomicai-modernbert-embed+point|quantile|setmaxheaptopk|0.3527
trec-covid|nomicai-modernbert-embed+point|rank|judge|0.2053
trec-covid|nomicai-modernbert-embed+point|rank|judge_expr|0.1684
trec-covid|nomicai-modernbert-embed+point|rank|rankgpt|0.1819
trec-covid|nomicai-modernbert-embed+point|rank|setmaxheaptopk|0.2057
trec-covid|nomicai-modernbert-embed+point|thresholding|judge|0.4986
trec-covid|nomicai-modernbert-embed+point|thresholding|judge_expr|0.4695
trec-covid|nomicai-modernbert-embed+point|thresholding|rankgpt|0.0
trec-covid|nomicai-modernbert-embed+point|thresholding|setmaxheaptopk|0.0
trec-covid|nomicai-modernbert-embed+rankfirst|direct|judge|0.7399
trec-covid|nomicai-modernbert-embed+rankfirst|direct|judge_expr|0.7172
trec-covid|nomicai-modernbert-embed+rankfirst|direct|rankgpt|0.4006
trec-covid|nomicai-modernbert-embed+rankfirst|direct|setmaxheaptopk|0.4064
trec-covid|nomicai-modernbert-embed+rankfirst|largest_gap|judge|0.6049
trec-covid|nomicai-modernbert-embed+rankfirst|largest_gap|judge_expr|0.7327
trec-covid|nomicai-modernbert-embed+rankfirst|largest_gap|rankgpt|0.4006
trec-covid|nomicai-modernbert-embed+rankfirst|largest_gap|setmaxheaptopk|0.4064
trec-covid|nomicai-modernbert-embed+rankfirst|optimal_global|judge|0.8056
trec-covid|nomicai-modernbert-embed+rankfirst|optimal_global|judge_expr|0.8056
trec-covid|nomicai-modernbert-embed+rankfirst|optimal_global|rankgpt|0.8056
trec-covid|nomicai-modernbert-embed+rankfirst|optimal_global|setmaxheaptopk|0.8056
trec-covid|nomicai-modernbert-embed+rankfirst|optimal_per_topic|judge|0.8029
trec-covid|nomicai-modernbert-embed+rankfirst|optimal_per_topic|judge_expr|0.8029
trec-covid|nomicai-modernbert-embed+rankfirst|optimal_per_topic|rankgpt|0.7983
trec-covid|nomicai-modernbert-embed+rankfirst|optimal_per_topic|setmaxheaptopk|0.8056
trec-covid|nomicai-modernbert-embed+rankfirst|quantile|judge|0.7317
trec-covid|nomicai-modernbert-embed+rankfirst|quantile|judge_expr|0.6084
trec-covid|nomicai-modernbert-embed+rankfirst|quantile|rankgpt|0.6366
trec-covid|nomicai-modernbert-embed+rankfirst|quantile|setmaxheaptopk|0.6121
trec-covid|nomicai-modernbert-embed+rankfirst|rank|judge|0.4488
trec-covid|nomicai-modernbert-embed+rankfirst|rank|judge_expr|0.3874
trec-covid|nomicai-modernbert-embed+rankfirst|rank|rankgpt|0.4031
trec-covid|nomicai-modernbert-embed+rankfirst|rank|setmaxheaptopk|0.4514
trec-covid|nomicai-modernbert-embed+rankfirst|thresholding|judge|0.7376
trec-covid|nomicai-modernbert-embed+rankfirst|thresholding|judge_expr|0.7246
trec-covid|nomicai-modernbert-embed+rankfirst|thresholding|rankgpt|0.0
trec-covid|nomicai-modernbert-embed+rankfirst|thresholding|setmaxheaptopk|0.0
trec-covid|nomicai-modernbert-embed+rankgpt|direct|judge|0.7072
trec-covid|nomicai-modernbert-embed+rankgpt|direct|judge_expr|0.6837
trec-covid|nomicai-modernbert-embed+rankgpt|direct|rankgpt|0.492
trec-covid|nomicai-modernbert-embed+rankgpt|direct|setmaxheaptopk|0.435
trec-covid|nomicai-modernbert-embed+rankgpt|largest_gap|judge|0.5751
trec-covid|nomicai-modernbert-embed+rankgpt|largest_gap|judge_expr|0.693
trec-covid|nomicai-modernbert-embed+rankgpt|largest_gap|rankgpt|0.492
trec-covid|nomicai-modernbert-embed+rankgpt|largest_gap|setmaxheaptopk|0.435
trec-covid|nomicai-modernbert-embed+rankgpt|optimal_global|judge|0.7805
trec-covid|nomicai-modernbert-embed+rankgpt|optimal_global|judge_expr|0.7805
trec-covid|nomicai-modernbert-embed+rankgpt|optimal_global|rankgpt|0.7805
trec-covid|nomicai-modernbert-embed+rankgpt|optimal_global|setmaxheaptopk|0.7805
trec-covid|nomicai-modernbert-embed+rankgpt|optimal_per_topic|judge|0.7738
trec-covid|nomicai-modernbert-embed+rankgpt|optimal_per_topic|judge_expr|0.7751
trec-covid|nomicai-modernbert-embed+rankgpt|optimal_per_topic|rankgpt|0.7772
trec-covid|nomicai-modernbert-embed+rankgpt|optimal_per_topic|setmaxheaptopk|0.7709
trec-covid|nomicai-modernbert-embed+rankgpt|quantile|judge|0.7077
trec-covid|nomicai-modernbert-embed+rankgpt|quantile|judge_expr|0.5977
trec-covid|nomicai-modernbert-embed+rankgpt|quantile|rankgpt|0.6183
trec-covid|nomicai-modernbert-embed+rankgpt|quantile|setmaxheaptopk|0.6007
trec-covid|nomicai-modernbert-embed+rankgpt|rank|judge|0.3937
trec-covid|nomicai-modernbert-embed+rankgpt|rank|judge_expr|0.3562
trec-covid|nomicai-modernbert-embed+rankgpt|rank|rankgpt|0.4303
trec-covid|nomicai-modernbert-embed+rankgpt|rank|setmaxheaptopk|0.4229
trec-covid|nomicai-modernbert-embed+rankgpt|thresholding|judge|0.7008
trec-covid|nomicai-modernbert-embed+rankgpt|thresholding|judge_expr|0.6829
trec-covid|nomicai-modernbert-embed+rankgpt|thresholding|rankgpt|0.0
trec-covid|nomicai-modernbert-embed+rankgpt|thresholding|setmaxheaptopk|0.0
trec-covid|nomicai-modernbert-embed+rankzephyr|direct|judge|0.7152
trec-covid|nomicai-modernbert-embed+rankzephyr|direct|judge_expr|0.6633
trec-covid|nomicai-modernbert-embed+rankzephyr|direct|rankgpt|0.2836
trec-covid|nomicai-modernbert-embed+rankzephyr|largest_gap|judge|0.4916
trec-covid|nomicai-modernbert-embed+rankzephyr|largest_gap|judge_expr|0.6787
trec-covid|nomicai-modernbert-embed+rankzephyr|largest_gap|rankgpt|0.2836
trec-covid|nomicai-modernbert-embed+rankzephyr|optimal_global|judge|0.8444
trec-covid|nomicai-modernbert-embed+rankzephyr|optimal_global|judge_expr|0.8374
trec-covid|nomicai-modernbert-embed+rankzephyr|optimal_global|rankgpt|0.8444
trec-covid|nomicai-modernbert-embed+rankzephyr|optimal_per_topic|judge|0.8309
trec-covid|nomicai-modernbert-embed+rankzephyr|optimal_per_topic|judge_expr|0.8353
trec-covid|nomicai-modernbert-embed+rankzephyr|optimal_per_topic|rankgpt|0.843
trec-covid|nomicai-modernbert-embed+rankzephyr|quantile|judge|0.6686
trec-covid|nomicai-modernbert-embed+rankzephyr|quantile|judge_expr|0.5172
trec-covid|nomicai-modernbert-embed+rankzephyr|quantile|rankgpt|0.6095
trec-covid|nomicai-modernbert-embed+rankzephyr|rank|judge|0.3918
trec-covid|nomicai-modernbert-embed+rankzephyr|rank|judge_expr|0.2699
trec-covid|nomicai-modernbert-embed+rankzephyr|rank|rankgpt|0.3641
trec-covid|nomicai-modernbert-embed+rankzephyr|thresholding|judge|0.7069
trec-covid|nomicai-modernbert-embed+rankzephyr|thresholding|judge_expr|0.6758
trec-covid|nomicai-modernbert-embed+rankzephyr|thresholding|rankgpt|0.0
trec-covid|nomicai-modernbert-embed+setmaxheaptopk|direct|judge|0.6764
trec-covid|nomicai-modernbert-embed+setmaxheaptopk|direct|judge_expr|0.6629
trec-covid|nomicai-modernbert-embed+setmaxheaptopk|direct|rankgpt|0.4174
trec-covid|nomicai-modernbert-embed+setmaxheaptopk|direct|setmaxheaptopk|0.3912
trec-covid|nomicai-modernbert-embed+setmaxheaptopk|largest_gap|judge|0.5746
trec-covid|nomicai-modernbert-embed+setmaxheaptopk|largest_gap|judge_expr|0.6848
trec-covid|nomicai-modernbert-embed+setmaxheaptopk|largest_gap|rankgpt|0.4174
trec-covid|nomicai-modernbert-embed+setmaxheaptopk|largest_gap|setmaxheaptopk|0.3912
trec-covid|nomicai-modernbert-embed+setmaxheaptopk|optimal_global|judge|0.7267
trec-covid|nomicai-modernbert-embed+setmaxheaptopk|optimal_global|judge_expr|0.7254
trec-covid|nomicai-modernbert-embed+setmaxheaptopk|optimal_global|rankgpt|0.7267
trec-covid|nomicai-modernbert-embed+setmaxheaptopk|optimal_global|setmaxheaptopk|0.7267
trec-covid|nomicai-modernbert-embed+setmaxheaptopk|optimal_per_topic|judge|0.7214
trec-covid|nomicai-modernbert-embed+setmaxheaptopk|optimal_per_topic|judge_expr|0.7254
trec-covid|nomicai-modernbert-embed+setmaxheaptopk|optimal_per_topic|rankgpt|0.7245
trec-covid|nomicai-modernbert-embed+setmaxheaptopk|optimal_per_topic|setmaxheaptopk|0.7236
trec-covid|nomicai-modernbert-embed+setmaxheaptopk|quantile|judge|0.6729
trec-covid|nomicai-modernbert-embed+setmaxheaptopk|quantile|judge_expr|0.5669
trec-covid|nomicai-modernbert-embed+setmaxheaptopk|quantile|rankgpt|0.5792
trec-covid|nomicai-modernbert-embed+setmaxheaptopk|quantile|setmaxheaptopk|0.5791
trec-covid|nomicai-modernbert-embed+setmaxheaptopk|rank|judge|0.3989
trec-covid|nomicai-modernbert-embed+setmaxheaptopk|rank|judge_expr|0.3739
trec-covid|nomicai-modernbert-embed+setmaxheaptopk|rank|rankgpt|0.396
trec-covid|nomicai-modernbert-embed+setmaxheaptopk|rank|setmaxheaptopk|0.4359
trec-covid|nomicai-modernbert-embed+setmaxheaptopk|thresholding|judge|0.6807
trec-covid|nomicai-modernbert-embed+setmaxheaptopk|thresholding|judge_expr|0.6666
trec-covid|nomicai-modernbert-embed+setmaxheaptopk|thresholding|rankgpt|0.0
trec-covid|nomicai-modernbert-embed+setmaxheaptopk|thresholding|setmaxheaptopk|0.0
trec-covid|qwen3-embed-600m|direct|judge|0.6554
trec-covid|qwen3-embed-600m|direct|judge_expr|0.6114
trec-covid|qwen3-embed-600m|direct|rankgpt|0.3249
trec-covid|qwen3-embed-600m|direct|setmaxheaptopk|0.2213
trec-covid|qwen3-embed-600m|largest_gap|judge|0.4721
trec-covid|qwen3-embed-600m|largest_gap|judge_expr|0.6329
trec-covid|qwen3-embed-600m|largest_gap|rankgpt|0.3249
trec-covid|qwen3-embed-600m|largest_gap|setmaxheaptopk|0.2213
trec-covid|qwen3-embed-600m|optimal_global|judge|0.7688
trec-covid|qwen3-embed-600m|optimal_global|judge_expr|0.7595
trec-covid|qwen3-embed-600m|optimal_global|rankgpt|0.7688
trec-covid|qwen3-embed-600m|optimal_global|setmaxheaptopk|0.7688
trec-covid|qwen3-embed-600m|optimal_per_topic|judge|0.7598
trec-covid|qwen3-embed-600m|optimal_per_topic|judge_expr|0.7611
trec-covid|qwen3-embed-600m|optimal_per_topic|rankgpt|0.766
trec-covid|qwen3-embed-600m|optimal_per_topic|setmaxheaptopk|0.763
trec-covid|qwen3-embed-600m|quantile|judge|0.6166
trec-covid|qwen3-embed-600m|quantile|judge_expr|0.4493
trec-covid|qwen3-embed-600m|quantile|rankgpt|0.5632
trec-covid|qwen3-embed-600m|quantile|setmaxheaptopk|0.4905
trec-covid|qwen3-embed-600m|rank|judge|0.3561
trec-covid|qwen3-embed-600m|rank|judge_expr|0.2414
trec-covid|qwen3-embed-600m|rank|rankgpt|0.3265
trec-covid|qwen3-embed-600m|rank|setmaxheaptopk|0.3038
trec-covid|qwen3-embed-600m|thresholding|judge|0.6541
trec-covid|qwen3-embed-600m|thresholding|judge_expr|0.62
trec-covid|qwen3-embed-600m|thresholding|rankgpt|0.0
trec-covid|qwen3-embed-600m|thresholding|setmaxheaptopk|0.0
trec-covid|qwen3-embed-600m+judge|direct|judge|0.5393
trec-covid|qwen3-embed-600m+judge|direct|judge_expr|0.5389
trec-covid|qwen3-embed-600m+judge|direct|rankgpt|0.1012
trec-covid|qwen3-embed-600m+judge|direct|setmaxheaptopk|0.1079
trec-covid|qwen3-embed-600m+judge|largest_gap|judge|0.5546
trec-covid|qwen3-embed-600m+judge|largest_gap|judge_expr|0.5429
trec-covid|qwen3-embed-600m+judge|largest_gap|rankgpt|0.1012
trec-covid|qwen3-embed-600m+judge|largest_gap|setmaxheaptopk|0.1079
trec-covid|qwen3-embed-600m+judge|optimal_global|judge|0.5361
trec-covid|qwen3-embed-600m+judge|optimal_global|judge_expr|0.5361
trec-covid|qwen3-embed-600m+judge|optimal_global|rankgpt|0.5361
trec-covid|qwen3-embed-600m+judge|optimal_global|setmaxheaptopk|0.5361
trec-covid|qwen3-embed-600m+judge|optimal_per_topic|judge|0.5361
trec-covid|qwen3-embed-600m+judge|optimal_per_topic|judge_expr|0.5361
trec-covid|qwen3-embed-600m+judge|optimal_per_topic|rankgpt|0.5304
trec-covid|qwen3-embed-600m+judge|optimal_per_topic|setmaxheaptopk|0.5309
trec-covid|qwen3-embed-600m+judge|quantile|judge|0.5361
trec-covid|qwen3-embed-600m+judge|quantile|judge_expr|0.4478
trec-covid|qwen3-embed-600m+judge|quantile|rankgpt|0.3338
trec-covid|qwen3-embed-600m+judge|quantile|setmaxheaptopk|0.3182
trec-covid|qwen3-embed-600m+judge|rank|judge|0.3498
trec-covid|qwen3-embed-600m+judge|rank|judge_expr|0.3184
trec-covid|qwen3-embed-600m+judge|rank|rankgpt|0.1869
trec-covid|qwen3-embed-600m+judge|rank|setmaxheaptopk|0.2149
trec-covid|qwen3-embed-600m+judge|thresholding|judge|0.5379
trec-covid|qwen3-embed-600m+judge|thresholding|judge_expr|0.5366
trec-covid|qwen3-embed-600m+judge|thresholding|rankgpt|0.0
trec-covid|qwen3-embed-600m+judge|thresholding|setmaxheaptopk|0.0
trec-covid|qwen3-embed-600m+judge_expr|direct|judge|0.6184
trec-covid|qwen3-embed-600m+judge_expr|direct|judge_expr|0.6218
trec-covid|qwen3-embed-600m+judge_expr|direct|rankgpt|0.3228
trec-covid|qwen3-embed-600m+judge_expr|direct|setmaxheaptopk|0.3317
trec-covid|qwen3-embed-600m+judge_expr|largest_gap|judge|0.6437
trec-covid|qwen3-embed-600m+judge_expr|largest_gap|judge_expr|0.6219
trec-covid|qwen3-embed-600m+judge_expr|largest_gap|rankgpt|0.3228
trec-covid|qwen3-embed-600m+judge_expr|largest_gap|setmaxheaptopk|0.3317
trec-covid|qwen3-embed-600m+judge_expr|optimal_global|judge|0.6134
trec-covid|qwen3-embed-600m+judge_expr|optimal_global|judge_expr|0.6134
trec-covid|qwen3-embed-600m+judge_expr|optimal_global|rankgpt|0.6134
trec-covid|qwen3-embed-600m+judge_expr|optimal_global|setmaxheaptopk|0.6134
trec-covid|qwen3-embed-600m+judge_expr|optimal_per_topic|judge|0.6134
trec-covid|qwen3-embed-600m+judge_expr|optimal_per_topic|judge_expr|0.6134
trec-covid|qwen3-embed-600m+judge_expr|optimal_per_topic|rankgpt|0.6088
trec-covid|qwen3-embed-600m+judge_expr|optimal_per_topic|setmaxheaptopk|0.6122
trec-covid|qwen3-embed-600m+judge_expr|quantile|judge|0.6134
trec-covid|qwen3-embed-600m+judge_expr|quantile|judge_expr|0.6134
trec-covid|qwen3-embed-600m+judge_expr|quantile|rankgpt|0.4237
trec-covid|qwen3-embed-600m+judge_expr|quantile|setmaxheaptopk|0.4317
trec-covid|qwen3-embed-600m+judge_expr|rank|judge|0.3932
trec-covid|qwen3-embed-600m+judge_expr|rank|judge_expr|0.5793
trec-covid|qwen3-embed-600m+judge_expr|rank|rankgpt|0.2854
trec-covid|qwen3-embed-600m+judge_expr|rank|setmaxheaptopk|0.3214
trec-covid|qwen3-embed-600m+judge_expr|thresholding|judge|0.6111
trec-covid|qwen3-embed-600m+judge_expr|thresholding|judge_expr|0.6111
trec-covid|qwen3-embed-600m+judge_expr|thresholding|rankgpt|0.0
trec-covid|qwen3-embed-600m+judge_expr|thresholding|setmaxheaptopk|0.0
trec-covid|qwen3-embed-600m+point|direct|judge|0.4812
trec-covid|qwen3-embed-600m+point|direct|judge_expr|0.4584
trec-covid|qwen3-embed-600m+point|direct|rankgpt|0.1401
trec-covid|qwen3-embed-600m+point|direct|setmaxheaptopk|0.1295
trec-covid|qwen3-embed-600m+point|largest_gap|judge|0.3184
trec-covid|qwen3-embed-600m+point|largest_gap|judge_expr|0.4532
trec-covid|qwen3-embed-600m+point|largest_gap|rankgpt|0.1401
trec-covid|qwen3-embed-600m+point|largest_gap|setmaxheaptopk|0.1295
trec-covid|qwen3-embed-600m+point|optimal_global|judge|0.559
trec-covid|qwen3-embed-600m+point|optimal_global|judge_expr|0.5543
trec-covid|qwen3-embed-600m+point|optimal_global|rankgpt|0.559
trec-covid|qwen3-embed-600m+point|optimal_global|setmaxheaptopk|0.559
trec-covid|qwen3-embed-600m+point|optimal_per_topic|judge|0.559
trec-covid|qwen3-embed-600m+point|optimal_per_topic|judge_expr|0.5573
trec-covid|qwen3-embed-600m+point|optimal_per_topic|rankgpt|0.5504
trec-covid|qwen3-embed-600m+point|optimal_per_topic|setmaxheaptopk|0.554
trec-covid|qwen3-embed-600m+point|quantile|judge|0.4299
trec-covid|qwen3-embed-600m+point|quantile|judge_expr|0.303
trec-covid|qwen3-embed-600m+point|quantile|rankgpt|0.3388
trec-covid|qwen3-embed-600m+point|quantile|setmaxheaptopk|0.3376
trec-covid|qwen3-embed-600m+point|rank|judge|0.2021
trec-covid|qwen3-embed-600m+point|rank|judge_expr|0.1726
trec-covid|qwen3-embed-600m+point|rank|rankgpt|0.1838
trec-covid|qwen3-embed-600m+point|rank|setmaxheaptopk|0.2144
trec-covid|qwen3-embed-600m+point|thresholding|judge|0.4872
trec-covid|qwen3-embed-600m+point|thresholding|judge_expr|0.4567
trec-covid|qwen3-embed-600m+point|thresholding|rankgpt|0.0
trec-covid|qwen3-embed-600m+point|thresholding|setmaxheaptopk|0.0
trec-covid|qwen3-embed-600m+rankfirst|direct|judge|0.7169
trec-covid|qwen3-embed-600m+rankfirst|direct|judge_expr|0.6904
trec-covid|qwen3-embed-600m+rankfirst|direct|rankgpt|0.4586
trec-covid|qwen3-embed-600m+rankfirst|direct|setmaxheaptopk|0.4067
trec-covid|qwen3-embed-600m+rankfirst|largest_gap|judge|0.5885
trec-covid|qwen3-embed-600m+rankfirst|largest_gap|judge_expr|0.7093
trec-covid|qwen3-embed-600m+rankfirst|largest_gap|rankgpt|0.4586
trec-covid|qwen3-embed-600m+rankfirst|largest_gap|setmaxheaptopk|0.4067
trec-covid|qwen3-embed-600m+rankfirst|optimal_global|judge|0.785
trec-covid|qwen3-embed-600m+rankfirst|optimal_global|judge_expr|0.785
trec-covid|qwen3-embed-600m+rankfirst|optimal_global|rankgpt|0.785
trec-covid|qwen3-embed-600m+rankfirst|optimal_global|setmaxheaptopk|0.785
trec-covid|qwen3-embed-600m+rankfirst|optimal_per_topic|judge|0.785
trec-covid|qwen3-embed-600m+rankfirst|optimal_per_topic|judge_expr|0.785
trec-covid|qwen3-embed-600m+rankfirst|optimal_per_topic|rankgpt|0.7822
trec-covid|qwen3-embed-600m+rankfirst|optimal_per_topic|setmaxheaptopk|0.785
trec-covid|qwen3-embed-600m+rankfirst|quantile|judge|0.7034
trec-covid|qwen3-embed-600m+rankfirst|quantile|judge_expr|0.5767
trec-covid|qwen3-embed-600m+rankfirst|quantile|rankgpt|0.6324
trec-covid|qwen3-embed-600m+rankfirst|quantile|setmaxheaptopk|0.6068
trec-covid|qwen3-embed-600m+rankfirst|rank|judge|0.4612
trec-covid|qwen3-embed-600m+rankfirst|rank|judge_expr|0.3815
trec-covid|qwen3-embed-600m+rankfirst|rank|rankgpt|0.4242
trec-covid|qwen3-embed-600m+rankfirst|rank|setmaxheaptopk|0.4478
trec-covid|qwen3-embed-600m+rankfirst|thresholding|judge|0.7165
trec-covid|qwen3-embed-600m+rankfirst|thresholding|judge_expr|0.697
trec-covid|qwen3-embed-600m+rankfirst|thresholding|rankgpt|0.0
trec-covid|qwen3-embed-600m+rankfirst|thresholding|setmaxheaptopk|0.0
trec-covid|qwen3-embed-600m+rankgpt|direct|judge|0.6675
trec-covid|qwen3-embed-600m+rankgpt|direct|judge_expr|0.6415
trec-covid|qwen3-embed-600m+rankgpt|direct|rankgpt|0.5077
trec-covid|qwen3-embed-600m+rankgpt|direct|setmaxheaptopk|0.3401
trec-covid|qwen3-embed-600m+rankgpt|largest_gap|judge|0.5249
trec-covid|qwen3-embed-600m+rankgpt|largest_gap|judge_expr|0.6631
trec-covid|qwen3-embed-600m+rankgpt|largest_gap|rankgpt|0.5077
trec-covid|qwen3-embed-600m+rankgpt|largest_gap|setmaxheaptopk|0.3401
trec-covid|qwen3-embed-600m+rankgpt|optimal_global|judge|0.7389
trec-covid|qwen3-embed-600m+rankgpt|optimal_global|judge_expr|0.7362
trec-covid|qwen3-embed-600m+rankgpt|optimal_global|rankgpt|0.7389
trec-covid|qwen3-embed-600m+rankgpt|optimal_global|setmaxheaptopk|0.7389
trec-covid|qwen3-embed-600m+rankgpt|optimal_per_topic|judge|0.7362
trec-covid|qwen3-embed-600m+rankgpt|optimal_per_topic|judge_expr|0.7362
trec-covid|qwen3-embed-600m+rankgpt|optimal_per_topic|rankgpt|0.7363
trec-covid|qwen3-embed-600m+rankgpt|optimal_per_topic|setmaxheaptopk|0.7363
trec-covid|qwen3-embed-600m+rankgpt|quantile|judge|0.6425
trec-covid|qwen3-embed-600m+rankgpt|quantile|judge_expr|0.5308
trec-covid|qwen3-embed-600m+rankgpt|quantile|rankgpt|0.5996
trec-covid|qwen3-embed-600m+rankgpt|quantile|setmaxheaptopk|0.5454
trec-covid|qwen3-embed-600m+rankgpt|rank|judge|0.372
trec-covid|qwen3-embed-600m+rankgpt|rank|judge_expr|0.3341
trec-covid|qwen3-embed-600m+rankgpt|rank|rankgpt|0.411
trec-covid|qwen3-embed-600m+rankgpt|rank|setmaxheaptopk|0.3698
trec-covid|qwen3-embed-600m+rankgpt|thresholding|judge|0.6703
trec-covid|qwen3-embed-600m+rankgpt|thresholding|judge_expr|0.6371
trec-covid|qwen3-embed-600m+rankgpt|thresholding|rankgpt|0.0
trec-covid|qwen3-embed-600m+rankgpt|thresholding|setmaxheaptopk|0.0
trec-covid|qwen3-embed-600m+rankzephyr|direct|judge|0.6726
trec-covid|qwen3-embed-600m+rankzephyr|direct|judge_expr|0.6268
trec-covid|qwen3-embed-600m+rankzephyr|direct|rankgpt|0.3396
trec-covid|qwen3-embed-600m+rankzephyr|largest_gap|judge|0.4882
trec-covid|qwen3-embed-600m+rankzephyr|largest_gap|judge_expr|0.6426
trec-covid|qwen3-embed-600m+rankzephyr|largest_gap|rankgpt|0.3396
trec-covid|qwen3-embed-600m+rankzephyr|optimal_global|judge|0.7874
trec-covid|qwen3-embed-600m+rankzephyr|optimal_global|judge_expr|0.7798
trec-covid|qwen3-embed-600m+rankzephyr|optimal_global|rankgpt|0.7874
trec-covid|qwen3-embed-600m+rankzephyr|optimal_per_topic|judge|0.7814
trec-covid|qwen3-embed-600m+rankzephyr|optimal_per_topic|judge_expr|0.7814
trec-covid|qwen3-embed-600m+rankzephyr|optimal_per_topic|rankgpt|0.7848
trec-covid|qwen3-embed-600m+rankzephyr|quantile|judge|0.635
trec-covid|qwen3-embed-600m+rankzephyr|quantile|judge_expr|0.4643
trec-covid|qwen3-embed-600m+rankzephyr|quantile|rankgpt|0.5801
trec-covid|qwen3-embed-600m+rankzephyr|rank|judge|0.3711
trec-covid|qwen3-embed-600m+rankzephyr|rank|judge_expr|0.2523
trec-covid|qwen3-embed-600m+rankzephyr|rank|rankgpt|0.3403
trec-covid|qwen3-embed-600m+rankzephyr|thresholding|judge|0.6625
trec-covid|qwen3-embed-600m+rankzephyr|thresholding|judge_expr|0.6279
trec-covid|qwen3-embed-600m+rankzephyr|thresholding|rankgpt|0.0
trec-covid|qwen3-embed-600m+setmaxheaptopk|direct|judge|0.656
trec-covid|qwen3-embed-600m+setmaxheaptopk|direct|judge_expr|0.6436
trec-covid|qwen3-embed-600m+setmaxheaptopk|direct|rankgpt|0.4755
trec-covid|qwen3-embed-600m+setmaxheaptopk|direct|setmaxheaptopk|0.387
trec-covid|qwen3-embed-600m+setmaxheaptopk|largest_gap|judge|0.5285
trec-covid|qwen3-embed-600m+setmaxheaptopk|largest_gap|judge_expr|0.6573
trec-covid|qwen3-embed-600m+setmaxheaptopk|largest_gap|rankgpt|0.4755
trec-covid|qwen3-embed-600m+setmaxheaptopk|largest_gap|setmaxheaptopk|0.387
trec-covid|qwen3-embed-600m+setmaxheaptopk|optimal_global|judge|0.7106
trec-covid|qwen3-embed-600m+setmaxheaptopk|optimal_global|judge_expr|0.7093
trec-covid|qwen3-embed-600m+setmaxheaptopk|optimal_global|rankgpt|0.7106
trec-covid|qwen3-embed-600m+setmaxheaptopk|optimal_global|setmaxheaptopk|0.7106
trec-covid|qwen3-embed-600m+setmaxheaptopk|optimal_per_topic|judge|0.7089
trec-covid|qwen3-embed-600m+setmaxheaptopk|optimal_per_topic|judge_expr|0.7089
trec-covid|qwen3-embed-600m+setmaxheaptopk|optimal_per_topic|rankgpt|0.7051
trec-covid|qwen3-embed-600m+setmaxheaptopk|optimal_per_topic|setmaxheaptopk|0.7079
trec-covid|qwen3-embed-600m+setmaxheaptopk|quantile|judge|0.6601
trec-covid|qwen3-embed-600m+setmaxheaptopk|quantile|judge_expr|0.5474
trec-covid|qwen3-embed-600m+setmaxheaptopk|quantile|rankgpt|0.546
trec-covid|qwen3-embed-600m+setmaxheaptopk|quantile|setmaxheaptopk|0.5525
trec-covid|qwen3-embed-600m+setmaxheaptopk|rank|judge|0.3836
trec-covid|qwen3-embed-600m+setmaxheaptopk|rank|judge_expr|0.348
trec-covid|qwen3-embed-600m+setmaxheaptopk|rank|rankgpt|0.378
trec-covid|qwen3-embed-600m+setmaxheaptopk|rank|setmaxheaptopk|0.4254
trec-covid|qwen3-embed-600m+setmaxheaptopk|thresholding|judge|0.6656
trec-covid|qwen3-embed-600m+setmaxheaptopk|thresholding|judge_expr|0.6449
trec-covid|qwen3-embed-600m+setmaxheaptopk|thresholding|rankgpt|0.0
trec-covid|qwen3-embed-600m+setmaxheaptopk|thresholding|setmaxheaptopk|0.0
trec-covid|splade-v3|direct|judge|0.5747
trec-covid|splade-v3|direct|judge_expr|0.5085
trec-covid|splade-v3|direct|rankgpt|0.2888
trec-covid|splade-v3|direct|setmaxheaptopk|0.3167
trec-covid|splade-v3|largest_gap|judge|0.3971
trec-covid|splade-v3|largest_gap|judge_expr|0.5167
trec-covid|splade-v3|largest_gap|rankgpt|0.2888
trec-covid|splade-v3|largest_gap|setmaxheaptopk|0.3167
trec-covid|splade-v3|optimal_global|judge|0.7287
trec-covid|splade-v3|optimal_global|judge_expr|0.7028
trec-covid|splade-v3|optimal_global|rankgpt|0.7301
trec-covid|splade-v3|optimal_global|setmaxheaptopk|0.7301
trec-covid|splade-v3|optimal_per_topic|judge|0.6853
trec-covid|splade-v3|optimal_per_topic|judge_expr|0.687
trec-covid|splade-v3|optimal_per_topic|rankgpt|0.7091
trec-covid|splade-v3|optimal_per_topic|setmaxheaptopk|0.7115
trec-covid|splade-v3|quantile|judge|0.5151
trec-covid|splade-v3|quantile|judge_expr|0.3791
trec-covid|splade-v3|quantile|rankgpt|0.456
trec-covid|splade-v3|quantile|setmaxheaptopk|0.4066
trec-covid|splade-v3|rank|judge|0.2852
trec-covid|splade-v3|rank|judge_expr|0.1941
trec-covid|splade-v3|rank|rankgpt|0.2485
trec-covid|splade-v3|rank|setmaxheaptopk|0.2428
trec-covid|splade-v3|thresholding|judge|0.5311
trec-covid|splade-v3|thresholding|judge_expr|0.5077
trec-covid|splade-v3|thresholding|rankgpt|0.0
trec-covid|splade-v3|thresholding|setmaxheaptopk|0.0
trec-covid|splade-v3+judge|direct|judge|0.6242
trec-covid|splade-v3+judge|direct|judge_expr|0.6204
trec-covid|splade-v3+judge|direct|rankgpt|0.1883
trec-covid|splade-v3+judge|direct|setmaxheaptopk|0.1865
trec-covid|splade-v3+judge|largest_gap|judge|0.6064
trec-covid|splade-v3+judge|largest_gap|judge_expr|0.6254
trec-covid|splade-v3+judge|largest_gap|rankgpt|0.1883
trec-covid|splade-v3+judge|largest_gap|setmaxheaptopk|0.1865
trec-covid|splade-v3+judge|optimal_global|judge|0.6298
trec-covid|splade-v3+judge|optimal_global|judge_expr|0.6298
trec-covid|splade-v3+judge|optimal_global|rankgpt|0.6298
trec-covid|splade-v3+judge|optimal_global|setmaxheaptopk|0.6298
trec-covid|splade-v3+judge|optimal_per_topic|judge|0.6298
trec-covid|splade-v3+judge|optimal_per_topic|judge_expr|0.6298
trec-covid|splade-v3+judge|optimal_per_topic|rankgpt|0.6229
trec-covid|splade-v3+judge|optimal_per_topic|setmaxheaptopk|0.622
trec-covid|splade-v3+judge|quantile|judge|0.6224
trec-covid|splade-v3+judge|quantile|judge_expr|0.5145
trec-covid|splade-v3+judge|quantile|rankgpt|0.4058
trec-covid|splade-v3+judge|quantile|setmaxheaptopk|0.3934
trec-covid|splade-v3+judge|rank|judge|0.4236
trec-covid|splade-v3+judge|rank|judge_expr|0.356
trec-covid|splade-v3+judge|rank|rankgpt|0.2294
trec-covid|splade-v3+judge|rank|setmaxheaptopk|0.2565
trec-covid|splade-v3+judge|thresholding|judge|0.6219
trec-covid|splade-v3+judge|thresholding|judge_expr|0.6179
trec-covid|splade-v3+judge|thresholding|rankgpt|0.0
trec-covid|splade-v3+judge|thresholding|setmaxheaptopk|0.0
trec-covid|splade-v3+judge_expr|direct|judge|0.6986
trec-covid|splade-v3+judge_expr|direct|judge_expr|0.7041
trec-covid|splade-v3+judge_expr|direct|rankgpt|0.37
trec-covid|splade-v3+judge_expr|direct|setmaxheaptopk|0.4042
trec-covid|splade-v3+judge_expr|largest_gap|judge|0.6839
trec-covid|splade-v3+judge_expr|largest_gap|judge_expr|0.7092
trec-covid|splade-v3+judge_expr|largest_gap|rankgpt|0.37
trec-covid|splade-v3+judge_expr|largest_gap|setmaxheaptopk|0.4042
trec-covid|splade-v3+judge_expr|optimal_global|judge|0.7053
trec-covid|splade-v3+judge_expr|optimal_global|judge_expr|0.7053
trec-covid|splade-v3+judge_expr|optimal_global|rankgpt|0.7053
trec-covid|splade-v3+judge_expr|optimal_global|setmaxheaptopk|0.7053
trec-covid|splade-v3+judge_expr|optimal_per_topic|judge|0.7038
trec-covid|splade-v3+judge_expr|optimal_per_topic|judge_expr|0.7038
trec-covid|splade-v3+judge_expr|optimal_per_topic|rankgpt|0.6953
trec-covid|splade-v3+judge_expr|optimal_per_topic|setmaxheaptopk|0.701
trec-covid|splade-v3+judge_expr|quantile|judge|0.7012
trec-covid|splade-v3+judge_expr|quantile|judge_expr|0.6891
trec-covid|splade-v3+judge_expr|quantile|rankgpt|0.4656
trec-covid|splade-v3+judge_expr|quantile|setmaxheaptopk|0.4917
trec-covid|splade-v3+judge_expr|rank|judge|0.4546
trec-covid|splade-v3+judge_expr|rank|judge_expr|0.6142
trec-covid|splade-v3+judge_expr|rank|rankgpt|0.3109
trec-covid|splade-v3+judge_expr|rank|setmaxheaptopk|0.3487
trec-covid|splade-v3+judge_expr|thresholding|judge|0.6896
trec-covid|splade-v3+judge_expr|thresholding|judge_expr|0.687
trec-covid|splade-v3+judge_expr|thresholding|rankgpt|0.0
trec-covid|splade-v3+judge_expr|thresholding|setmaxheaptopk|0.0
trec-covid|splade-v3+point|direct|judge|0.5054
trec-covid|splade-v3+point|direct|judge_expr|0.475
trec-covid|splade-v3+point|direct|rankgpt|0.1317
trec-covid|splade-v3+point|direct|setmaxheaptopk|0.1791
trec-covid|splade-v3+point|largest_gap|judge|0.3331
trec-covid|splade-v3+point|largest_gap|judge_expr|0.482
trec-covid|splade-v3+point|largest_gap|rankgpt|0.1317
trec-covid|splade-v3+point|largest_gap|setmaxheaptopk|0.1791
trec-covid|splade-v3+point|optimal_global|judge|0.5969
trec-covid|splade-v3+point|optimal_global|judge_expr|0.5897
trec-covid|splade-v3+point|optimal_global|rankgpt|0.5986
trec-covid|splade-v3+point|optimal_global|setmaxheaptopk|0.5986
trec-covid|splade-v3+point|optimal_per_topic|judge|0.5865
trec-covid|splade-v3+point|optimal_per_topic|judge_expr|0.5897
trec-covid|splade-v3+point|optimal_per_topic|rankgpt|0.5801
trec-covid|splade-v3+point|optimal_per_topic|setmaxheaptopk|0.5895
trec-covid|splade-v3+point|quantile|judge|0.4477
trec-covid|splade-v3+point|quantile|judge_expr|0.3111
trec-covid|splade-v3+point|quantile|rankgpt|0.3799
trec-covid|splade-v3+point|quantile|setmaxheaptopk|0.3513
trec-covid|splade-v3+point|rank|judge|0.2308
trec-covid|splade-v3+point|rank|judge_expr|0.1848
trec-covid|splade-v3+point|rank|rankgpt|0.1766
trec-covid|splade-v3+point|rank|setmaxheaptopk|0.2088
trec-covid|splade-v3+point|thresholding|judge|0.5067
trec-covid|splade-v3+point|thresholding|judge_expr|0.474
trec-covid|splade-v3+point|thresholding|rankgpt|0.0
trec-covid|splade-v3+point|thresholding|setmaxheaptopk|0.0
trec-covid|splade-v3+rankfirst|direct|judge|0.7281
trec-covid|splade-v3+rankfirst|direct|judge_expr|0.6985
trec-covid|splade-v3+rankfirst|direct|rankgpt|0.4846
trec-covid|splade-v3+rankfirst|direct|setmaxheaptopk|0.4904
trec-covid|splade-v3+rankfirst|largest_gap|judge|0.594
trec-covid|splade-v3+rankfirst|largest_gap|judge_expr|0.7209
trec-covid|splade-v3+rankfirst|largest_gap|rankgpt|0.4846
trec-covid|splade-v3+rankfirst|largest_gap|setmaxheaptopk|0.4904
trec-covid|splade-v3+rankfirst|optimal_global|judge|0.8096
trec-covid|splade-v3+rankfirst|optimal_global|judge_expr|0.802
trec-covid|splade-v3+rankfirst|optimal_global|rankgpt|0.8096
trec-covid|splade-v3+rankfirst|optimal_global|setmaxheaptopk|0.8096
trec-covid|splade-v3+rankfirst|optimal_per_topic|judge|0.7985
trec-covid|splade-v3+rankfirst|optimal_per_topic|judge_expr|0.7985
trec-covid|splade-v3+rankfirst|optimal_per_topic|rankgpt|0.8028
trec-covid|splade-v3+rankfirst|optimal_per_topic|setmaxheaptopk|0.8061
trec-covid|splade-v3+rankfirst|quantile|judge|0.7173
trec-covid|splade-v3+rankfirst|quantile|judge_expr|0.5865
trec-covid|splade-v3+rankfirst|quantile|rankgpt|0.6198
trec-covid|splade-v3+rankfirst|quantile|setmaxheaptopk|0.6106
trec-covid|splade-v3+rankfirst|rank|judge|0.4696
trec-covid|splade-v3+rankfirst|rank|judge_expr|0.3772
trec-covid|splade-v3+rankfirst|rank|rankgpt|0.3917
trec-covid|splade-v3+rankfirst|rank|setmaxheaptopk|0.4336
trec-covid|splade-v3+rankfirst|thresholding|judge|0.7175
trec-covid|splade-v3+rankfirst|thresholding|judge_expr|0.7
trec-covid|splade-v3+rankfirst|thresholding|rankgpt|0.0
trec-covid|splade-v3+rankfirst|thresholding|setmaxheaptopk|0.0
trec-covid|splade-v3+rankgpt|direct|judge|0.6578
trec-covid|splade-v3+rankgpt|direct|judge_expr|0.631
trec-covid|splade-v3+rankgpt|direct|rankgpt|0.4591
trec-covid|splade-v3+rankgpt|direct|setmaxheaptopk|0.4488
trec-covid|splade-v3+rankgpt|largest_gap|judge|0.5024
trec-covid|splade-v3+rankgpt|largest_gap|judge_expr|0.6495
trec-covid|splade-v3+rankgpt|largest_gap|rankgpt|0.4591
trec-covid|splade-v3+rankgpt|largest_gap|setmaxheaptopk|0.4488
trec-covid|splade-v3+rankgpt|optimal_global|judge|0.748
trec-covid|splade-v3+rankgpt|optimal_global|judge_expr|0.7341
trec-covid|splade-v3+rankgpt|optimal_global|rankgpt|0.748
trec-covid|splade-v3+rankgpt|optimal_global|setmaxheaptopk|0.748
trec-covid|splade-v3+rankgpt|optimal_per_topic|judge|0.733
trec-covid|splade-v3+rankgpt|optimal_per_topic|judge_expr|0.7345
trec-covid|splade-v3+rankgpt|optimal_per_topic|rankgpt|0.7437
trec-covid|splade-v3+rankgpt|optimal_per_topic|setmaxheaptopk|0.7434
trec-covid|splade-v3+rankgpt|quantile|judge|0.6309
trec-covid|splade-v3+rankgpt|quantile|judge_expr|0.5295
trec-covid|splade-v3+rankgpt|quantile|rankgpt|0.5683
trec-covid|splade-v3+rankgpt|quantile|setmaxheaptopk|0.5434
trec-covid|splade-v3+rankgpt|rank|judge|0.3697
trec-covid|splade-v3+rankgpt|rank|judge_expr|0.3295
trec-covid|splade-v3+rankgpt|rank|rankgpt|0.3655
trec-covid|splade-v3+rankgpt|rank|setmaxheaptopk|0.3829
trec-covid|splade-v3+rankgpt|thresholding|judge|0.6617
trec-covid|splade-v3+rankgpt|thresholding|judge_expr|0.6323
trec-covid|splade-v3+rankgpt|thresholding|rankgpt|0.0
trec-covid|splade-v3+rankgpt|thresholding|setmaxheaptopk|0.0
trec-covid|splade-v3+rankzephyr|direct|judge|0.5742
trec-covid|splade-v3+rankzephyr|direct|judge_expr|0.5083
trec-covid|splade-v3+rankzephyr|direct|rankgpt|0.2888
trec-covid|splade-v3+rankzephyr|largest_gap|judge|0.3971
trec-covid|splade-v3+rankzephyr|largest_gap|judge_expr|0.5168
trec-covid|splade-v3+rankzephyr|largest_gap|rankgpt|0.2888
trec-covid|splade-v3+rankzephyr|optimal_global|judge|0.7253
trec-covid|splade-v3+rankzephyr|optimal_global|judge_expr|0.7031
trec-covid|splade-v3+rankzephyr|optimal_global|rankgpt|0.7267
trec-covid|splade-v3+rankzephyr|optimal_per_topic|judge|0.6855
trec-covid|splade-v3+rankzephyr|optimal_per_topic|judge_expr|0.6872
trec-covid|splade-v3+rankzephyr|optimal_per_topic|rankgpt|0.7057
trec-covid|splade-v3+rankzephyr|quantile|judge|0.5153
trec-covid|splade-v3+rankzephyr|quantile|judge_expr|0.3792
trec-covid|splade-v3+rankzephyr|quantile|rankgpt|0.4555
trec-covid|splade-v3+rankzephyr|rank|judge|0.2852
trec-covid|splade-v3+rankzephyr|rank|judge_expr|0.1941
trec-covid|splade-v3+rankzephyr|rank|rankgpt|0.2471
trec-covid|splade-v3+rankzephyr|thresholding|judge|0.5313
trec-covid|splade-v3+rankzephyr|thresholding|judge_expr|0.5079
trec-covid|splade-v3+rankzephyr|thresholding|rankgpt|0.0
trec-covid|splade-v3+setmaxheaptopk|direct|judge|0.6828
trec-covid|splade-v3+setmaxheaptopk|direct|judge_expr|0.6645
trec-covid|splade-v3+setmaxheaptopk|direct|rankgpt|0.4773
trec-covid|splade-v3+setmaxheaptopk|direct|setmaxheaptopk|0.471
trec-covid|splade-v3+setmaxheaptopk|largest_gap|judge|0.5696
trec-covid|splade-v3+setmaxheaptopk|largest_gap|judge_expr|0.6878
trec-covid|splade-v3+setmaxheaptopk|largest_gap|rankgpt|0.4773
trec-covid|splade-v3+setmaxheaptopk|largest_gap|setmaxheaptopk|0.471
trec-covid|splade-v3+setmaxheaptopk|optimal_global|judge|0.7373
trec-covid|splade-v3+setmaxheaptopk|optimal_global|judge_expr|0.7373
trec-covid|splade-v3+setmaxheaptopk|optimal_global|rankgpt|0.7373
trec-covid|splade-v3+setmaxheaptopk|optimal_global|setmaxheaptopk|0.7373
trec-covid|splade-v3+setmaxheaptopk|optimal_per_topic|judge|0.7307
trec-covid|splade-v3+setmaxheaptopk|optimal_per_topic|judge_expr|0.732
trec-covid|splade-v3+setmaxheaptopk|optimal_per_topic|rankgpt|0.7268
trec-covid|splade-v3+setmaxheaptopk|optimal_per_topic|setmaxheaptopk|0.7358
trec-covid|splade-v3+setmaxheaptopk|quantile|judge|0.6682
trec-covid|splade-v3+setmaxheaptopk|quantile|judge_expr|0.5717
trec-covid|splade-v3+setmaxheaptopk|quantile|rankgpt|0.567
trec-covid|splade-v3+setmaxheaptopk|quantile|setmaxheaptopk|0.5675
trec-covid|splade-v3+setmaxheaptopk|rank|judge|0.4144
trec-covid|splade-v3+setmaxheaptopk|rank|judge_expr|0.4041
trec-covid|splade-v3+setmaxheaptopk|rank|rankgpt|0.3642
trec-covid|splade-v3+setmaxheaptopk|rank|setmaxheaptopk|0.3969
trec-covid|splade-v3+setmaxheaptopk|thresholding|judge|0.6774
trec-covid|splade-v3+setmaxheaptopk|thresholding|judge_expr|0.6629
trec-covid|splade-v3+setmaxheaptopk|thresholding|rankgpt|0.0
trec-covid|splade-v3+setmaxheaptopk|thresholding|setmaxheaptopk|0.0
trec-dl-2019|bm25|direct|judge|0.5041
trec-dl-2019|bm25|direct|judge_expr|0.4247
trec-dl-2019|bm25|direct|rankgpt|0.2782
trec-dl-2019|bm25|direct|setmaxheaptopk|0.2084
trec-dl-2019|bm25|largest_gap|judge|0.3597
trec-dl-2019|bm25|largest_gap|judge_expr|0.4296
trec-dl-2019|bm25|largest_gap|rankgpt|0.2782
trec-dl-2019|bm25|largest_gap|setmaxheaptopk|0.2084
trec-dl-2019|bm25|optimal_global|judge|0.5185
trec-dl-2019|bm25|optimal_global|judge_expr|0.5518
trec-dl-2019|bm25|optimal_global|rankgpt|0.4779
trec-dl-2019|bm25|optimal_global|setmaxheaptopk|0.5363
trec-dl-2019|bm25|optimal_per_topic|judge|0.5443
trec-dl-2019|bm25|optimal_per_topic|judge_expr|0.5208
trec-dl-2019|bm25|optimal_per_topic|rankgpt|0.5455
trec-dl-2019|bm25|optimal_per_topic|setmaxheaptopk|0.5056
trec-dl-2019|bm25|quantile|judge|0.5465
trec-dl-2019|bm25|quantile|judge_expr|0.4145
trec-dl-2019|bm25|quantile|rankgpt|0.4903
trec-dl-2019|bm25|quantile|setmaxheaptopk|0.4465
trec-dl-2019|bm25|rank|judge|0.3118
trec-dl-2019|bm25|rank|judge_expr|0.227
trec-dl-2019|bm25|rank|rankgpt|0.2804
trec-dl-2019|bm25|rank|setmaxheaptopk|0.2816
trec-dl-2019|bm25|thresholding|judge|0.4472
trec-dl-2019|bm25|thresholding|judge_expr|0.4105
trec-dl-2019|bm25|thresholding|rankgpt|0.0
trec-dl-2019|bm25|thresholding|setmaxheaptopk|0.0
trec-dl-2019|bm25+judge|direct|judge|0.7626
trec-dl-2019|bm25+judge|direct|judge_expr|0.7399
trec-dl-2019|bm25+judge|direct|rankgpt|0.2647
trec-dl-2019|bm25+judge|direct|setmaxheaptopk|0.2814
trec-dl-2019|bm25+judge|largest_gap|judge|0.726
trec-dl-2019|bm25+judge|largest_gap|judge_expr|0.7383
trec-dl-2019|bm25+judge|largest_gap|rankgpt|0.2647
trec-dl-2019|bm25+judge|largest_gap|setmaxheaptopk|0.2814
trec-dl-2019|bm25+judge|optimal_global|judge|0.7838
trec-dl-2019|bm25+judge|optimal_global|judge_expr|0.7584
trec-dl-2019|bm25+judge|optimal_global|rankgpt|0.553
trec-dl-2019|bm25+judge|optimal_global|setmaxheaptopk|0.664
trec-dl-2019|bm25+judge|optimal_per_topic|judge|0.7791
trec-dl-2019|bm25+judge|optimal_per_topic|judge_expr|0.7185
trec-dl-2019|bm25+judge|optimal_per_topic|rankgpt|0.6392
trec-dl-2019|bm25+judge|optimal_per_topic|setmaxheaptopk|0.6291
trec-dl-2019|bm25+judge|quantile|judge|0.7941
trec-dl-2019|bm25+judge|quantile|judge_expr|0.6766
trec-dl-2019|bm25+judge|quantile|rankgpt|0.577
trec-dl-2019|bm25+judge|quantile|setmaxheaptopk|0.5702
trec-dl-2019|bm25+judge|rank|judge|0.4956
trec-dl-2019|bm25+judge|rank|judge_expr|0.4202
trec-dl-2019|bm25+judge|rank|rankgpt|0.3717
trec-dl-2019|bm25+judge|rank|setmaxheaptopk|0.4073
trec-dl-2019|bm25+judge|thresholding|judge|0.7523
trec-dl-2019|bm25+judge|thresholding|judge_expr|0.7133
trec-dl-2019|bm25+judge|thresholding|rankgpt|0.0
trec-dl-2019|bm25+judge|thresholding|setmaxheaptopk|0.0
trec-dl-2019|bm25+judge_expr|direct|judge|0.7851
trec-dl-2019|bm25+judge_expr|direct|judge_expr|0.7719
trec-dl-2019|bm25+judge_expr|direct|rankgpt|0.2715
trec-dl-2019|bm25+judge_expr|direct|setmaxheaptopk|0.3549
trec-dl-2019|bm25+judge_expr|largest_gap|judge|0.7589
trec-dl-2019|bm25+judge_expr|largest_gap|judge_expr|0.7668
trec-dl-2019|bm25+judge_expr|largest_gap|rankgpt|0.2715
trec-dl-2019|bm25+judge_expr|largest_gap|setmaxheaptopk|0.3549
trec-dl-2019|bm25+judge_expr|optimal_global|judge|0.8009
trec-dl-2019|bm25+judge_expr|optimal_global|judge_expr|0.8099
trec-dl-2019|bm25+judge_expr|optimal_global|rankgpt|0.6098
trec-dl-2019|bm25+judge_expr|optimal_global|setmaxheaptopk|0.6866
trec-dl-2019|bm25+judge_expr|optimal_per_topic|judge|0.7983
trec-dl-2019|bm25+judge_expr|optimal_per_topic|judge_expr|0.7883
trec-dl-2019|bm25+judge_expr|optimal_per_topic|rankgpt|0.7133
trec-dl-2019|bm25+judge_expr|optimal_per_topic|setmaxheaptopk|0.693
trec-dl-2019|bm25+judge_expr|quantile|judge|0.8092
trec-dl-2019|bm25+judge_expr|quantile|judge_expr|0.8025
trec-dl-2019|bm25+judge_expr|quantile|rankgpt|0.6305
trec-dl-2019|bm25+judge_expr|quantile|setmaxheaptopk|0.5935
trec-dl-2019|bm25+judge_expr|rank|judge|0.5333
trec-dl-2019|bm25+judge_expr|rank|judge_expr|0.6379
trec-dl-2019|bm25+judge_expr|rank|rankgpt|0.4187
trec-dl-2019|bm25+judge_expr|rank|setmaxheaptopk|0.4677
trec-dl-2019|bm25+judge_expr|thresholding|judge|0.7705
trec-dl-2019|bm25+judge_expr|thresholding|judge_expr|0.7396
trec-dl-2019|bm25+judge_expr|thresholding|rankgpt|0.0
trec-dl-2019|bm25+judge_expr|thresholding|setmaxheaptopk|0.0
trec-dl-2019|bm25+point|direct|judge|0.6597
trec-dl-2019|bm25+point|direct|judge_expr|0.5727
trec-dl-2019|bm25+point|direct|rankgpt|0.233
trec-dl-2019|bm25+point|direct|setmaxheaptopk|0.2591
trec-dl-2019|bm25+point|largest_gap|judge|0.4931
trec-dl-2019|bm25+point|largest_gap|judge_expr|0.5663
trec-dl-2019|bm25+point|largest_gap|rankgpt|0.233
trec-dl-2019|bm25+point|largest_gap|setmaxheaptopk|0.2591
trec-dl-2019|bm25+point|optimal_global|judge|0.677
trec-dl-2019|bm25+point|optimal_global|judge_expr|0.7113
trec-dl-2019|bm25+point|optimal_global|rankgpt|0.5861
trec-dl-2019|bm25+point|optimal_global|setmaxheaptopk|0.6973
trec-dl-2019|bm25+point|optimal_per_topic|judge|0.7178
trec-dl-2019|bm25+point|optimal_per_topic|judge_expr|0.6927
trec-dl-2019|bm25+point|optimal_per_topic|rankgpt|0.707
trec-dl-2019|bm25+point|optimal_per_topic|setmaxheaptopk|0.6745
trec-dl-2019|bm25+point|quantile|judge|0.7198
trec-dl-2019|bm25+point|quantile|judge_expr|0.5798
trec-dl-2019|bm25+point|quantile|rankgpt|0.6101
trec-dl-2019|bm25+point|quantile|setmaxheaptopk|0.6062
trec-dl-2019|bm25+point|rank|judge|0.4018
trec-dl-2019|bm25+point|rank|judge_expr|0.3223
trec-dl-2019|bm25+point|rank|rankgpt|0.3928
trec-dl-2019|bm25+point|rank|setmaxheaptopk|0.3929
trec-dl-2019|bm25+point|thresholding|judge|0.5934
trec-dl-2019|bm25+point|thresholding|judge_expr|0.5461
trec-dl-2019|bm25+point|thresholding|rankgpt|0.0
trec-dl-2019|bm25+point|thresholding|setmaxheaptopk|0.0
trec-dl-2019|bm25+rankfirst|direct|judge|0.7465
trec-dl-2019|bm25+rankfirst|direct|judge_expr|0.6699
trec-dl-2019|bm25+rankfirst|direct|rankgpt|0.4957
trec-dl-2019|bm25+rankfirst|direct|setmaxheaptopk|0.4554
trec-dl-2019|bm25+rankfirst|largest_gap|judge|0.6209
trec-dl-2019|bm25+rankfirst|largest_gap|judge_expr|0.6776
trec-dl-2019|bm25+rankfirst|largest_gap|rankgpt|0.4957
trec-dl-2019|bm25+rankfirst|largest_gap|setmaxheaptopk|0.4554
trec-dl-2019|bm25+rankfirst|optimal_global|judge|0.7553
trec-dl-2019|bm25+rankfirst|optimal_global|judge_expr|0.7808
trec-dl-2019|bm25+rankfirst|optimal_global|rankgpt|0.7516
trec-dl-2019|bm25+rankfirst|optimal_global|setmaxheaptopk|0.7798
trec-dl-2019|bm25+rankfirst|optimal_per_topic|judge|0.8108
trec-dl-2019|bm25+rankfirst|optimal_per_topic|judge_expr|0.7765
trec-dl-2019|bm25+rankfirst|optimal_per_topic|rankgpt|0.8367
trec-dl-2019|bm25+rankfirst|optimal_per_topic|setmaxheaptopk|0.7891
trec-dl-2019|bm25+rankfirst|quantile|judge|0.8079
trec-dl-2019|bm25+rankfirst|quantile|judge_expr|0.6878
trec-dl-2019|bm25+rankfirst|quantile|rankgpt|0.7689
trec-dl-2019|bm25+rankfirst|quantile|setmaxheaptopk|0.6924
trec-dl-2019|bm25+rankfirst|rank|judge|0.5347
trec-dl-2019|bm25+rankfirst|rank|judge_expr|0.4395
trec-dl-2019|bm25+rankfirst|rank|rankgpt|0.5239
trec-dl-2019|bm25+rankfirst|rank|setmaxheaptopk|0.5414
trec-dl-2019|bm25+rankfirst|thresholding|judge|0.6766
trec-dl-2019|bm25+rankfirst|thresholding|judge_expr|0.6504
trec-dl-2019|bm25+rankfirst|thresholding|rankgpt|0.0
trec-dl-2019|bm25+rankfirst|thresholding|setmaxheaptopk|0.0
trec-dl-2019|bm25+rankgpt|direct|judge|0.7093
trec-dl-2019|bm25+rankgpt|direct|judge_expr|0.6384
trec-dl-2019|bm25+rankgpt|direct|rankgpt|0.4807
trec-dl-2019|bm25+rankgpt|direct|setmaxheaptopk|0.3908
trec-dl-2019|bm25+rankgpt|largest_gap|judge|0.5778
trec-dl-2019|bm25+rankgpt|largest_gap|judge_expr|0.652
trec-dl-2019|bm25+rankgpt|largest_gap|rankgpt|0.4807
trec-dl-2019|bm25+rankgpt|largest_gap|setmaxheaptopk|0.3908
trec-dl-2019|bm25+rankgpt|optimal_global|judge|0.7222
trec-dl-2019|bm25+rankgpt|optimal_global|judge_expr|0.7467
trec-dl-2019|bm25+rankgpt|optimal_global|rankgpt|0.6832
trec-dl-2019|bm25+rankgpt|optimal_global|setmaxheaptopk|0.7302
trec-dl-2019|bm25+rankgpt|optimal_per_topic|judge|0.7571
trec-dl-2019|bm25+rankgpt|optimal_per_topic|judge_expr|0.7384
trec-dl-2019|bm25+rankgpt|optimal_per_topic|rankgpt|0.7624
trec-dl-2019|bm25+rankgpt|optimal_per_topic|setmaxheaptopk|0.7419
trec-dl-2019|bm25+rankgpt|quantile|judge|0.7626
trec-dl-2019|bm25+rankgpt|quantile|judge_expr|0.6255
trec-dl-2019|bm25+rankgpt|quantile|rankgpt|0.6998
trec-dl-2019|bm25+rankgpt|quantile|setmaxheaptopk|0.6522
trec-dl-2019|bm25+rankgpt|rank|judge|0.4949
trec-dl-2019|bm25+rankgpt|rank|judge_expr|0.4259
trec-dl-2019|bm25+rankgpt|rank|rankgpt|0.496
trec-dl-2019|bm25+rankgpt|rank|setmaxheaptopk|0.486
trec-dl-2019|bm25+rankgpt|thresholding|judge|0.6457
trec-dl-2019|bm25+rankgpt|thresholding|judge_expr|0.6146
trec-dl-2019|bm25+rankgpt|thresholding|rankgpt|0.0
trec-dl-2019|bm25+rankgpt|thresholding|setmaxheaptopk|0.0
trec-dl-2019|bm25+rankzephyr|direct|judge|0.7687
trec-dl-2019|bm25+rankzephyr|direct|judge_expr|0.6913
trec-dl-2019|bm25+rankzephyr|direct|rankgpt|0.4813
trec-dl-2019|bm25+rankzephyr|direct|setmaxheaptopk|0.46
trec-dl-2019|bm25+rankzephyr|largest_gap|judge|0.6287
trec-dl-2019|bm25+rankzephyr|largest_gap|judge_expr|0.6949
trec-dl-2019|bm25+rankzephyr|largest_gap|rankgpt|0.4813
trec-dl-2019|bm25+rankzephyr|largest_gap|setmaxheaptopk|0.46
trec-dl-2019|bm25+rankzephyr|optimal_global|judge|0.7871
trec-dl-2019|bm25+rankzephyr|optimal_global|judge_expr|0.8123
trec-dl-2019|bm25+rankzephyr|optimal_global|rankgpt|0.7366
trec-dl-2019|bm25+rankzephyr|optimal_global|setmaxheaptopk|0.7932
trec-dl-2019|bm25+rankzephyr|optimal_per_topic|judge|0.8272
trec-dl-2019|bm25+rankzephyr|optimal_per_topic|judge_expr|0.8047
trec-dl-2019|bm25+rankzephyr|optimal_per_topic|rankgpt|0.8268
trec-dl-2019|bm25+rankzephyr|optimal_per_topic|setmaxheaptopk|0.7857
trec-dl-2019|bm25+rankzephyr|quantile|judge|0.8262
trec-dl-2019|bm25+rankzephyr|quantile|judge_expr|0.6835
trec-dl-2019|bm25+rankzephyr|quantile|rankgpt|0.7596
trec-dl-2019|bm25+rankzephyr|quantile|setmaxheaptopk|0.7033
trec-dl-2019|bm25+rankzephyr|rank|judge|0.5317
trec-dl-2019|bm25+rankzephyr|rank|judge_expr|0.4471
trec-dl-2019|bm25+rankzephyr|rank|rankgpt|0.5118
trec-dl-2019|bm25+rankzephyr|rank|setmaxheaptopk|0.5047
trec-dl-2019|bm25+rankzephyr|thresholding|judge|0.7
trec-dl-2019|bm25+rankzephyr|thresholding|judge_expr|0.6703
trec-dl-2019|bm25+rankzephyr|thresholding|rankgpt|0.0
trec-dl-2019|bm25+rankzephyr|thresholding|setmaxheaptopk|0.0
trec-dl-2019|bm25+setmaxheaptopk|direct|judge|0.7437
trec-dl-2019|bm25+setmaxheaptopk|direct|judge_expr|0.6674
trec-dl-2019|bm25+setmaxheaptopk|direct|rankgpt|0.4925
trec-dl-2019|bm25+setmaxheaptopk|direct|setmaxheaptopk|0.4554
trec-dl-2019|bm25+setmaxheaptopk|largest_gap|judge|0.6076
trec-dl-2019|bm25+setmaxheaptopk|largest_gap|judge_expr|0.6693
trec-dl-2019|bm25+setmaxheaptopk|largest_gap|rankgpt|0.4925
trec-dl-2019|bm25+setmaxheaptopk|largest_gap|setmaxheaptopk|0.4554
trec-dl-2019|bm25+setmaxheaptopk|optimal_global|judge|0.7478
trec-dl-2019|bm25+setmaxheaptopk|optimal_global|judge_expr|0.7953
trec-dl-2019|bm25+setmaxheaptopk|optimal_global|rankgpt|0.6998
trec-dl-2019|bm25+setmaxheaptopk|optimal_global|setmaxheaptopk|0.7948
trec-dl-2019|bm25+setmaxheaptopk|optimal_per_topic|judge|0.8016
trec-dl-2019|bm25+setmaxheaptopk|optimal_per_topic|judge_expr|0.7619
trec-dl-2019|bm25+setmaxheaptopk|optimal_per_topic|rankgpt|0.7927
trec-dl-2019|bm25+setmaxheaptopk|optimal_per_topic|setmaxheaptopk|0.8011
trec-dl-2019|bm25+setmaxheaptopk|quantile|judge|0.8131
trec-dl-2019|bm25+setmaxheaptopk|quantile|judge_expr|0.7153
trec-dl-2019|bm25+setmaxheaptopk|quantile|rankgpt|0.7204
trec-dl-2019|bm25+setmaxheaptopk|quantile|setmaxheaptopk|0.7382
trec-dl-2019|bm25+setmaxheaptopk|rank|judge|0.5115
trec-dl-2019|bm25+setmaxheaptopk|rank|judge_expr|0.4229
trec-dl-2019|bm25+setmaxheaptopk|rank|rankgpt|0.4957
trec-dl-2019|bm25+setmaxheaptopk|rank|setmaxheaptopk|0.567
trec-dl-2019|bm25+setmaxheaptopk|thresholding|judge|0.6763
trec-dl-2019|bm25+setmaxheaptopk|thresholding|judge_expr|0.6436
trec-dl-2019|bm25+setmaxheaptopk|thresholding|rankgpt|0.0
trec-dl-2019|bm25+setmaxheaptopk|thresholding|setmaxheaptopk|0.0
trec-dl-2019|colbert-small|direct|judge|0.7479
trec-dl-2019|colbert-small|direct|judge_expr|0.6558
trec-dl-2019|colbert-small|direct|rankgpt|0.6821
trec-dl-2019|colbert-small|direct|setmaxheaptopk|0.5924
trec-dl-2019|colbert-small|largest_gap|judge|0.5962
trec-dl-2019|colbert-small|largest_gap|judge_expr|0.6514
trec-dl-2019|colbert-small|largest_gap|rankgpt|0.6821
trec-dl-2019|colbert-small|largest_gap|setmaxheaptopk|0.5924
trec-dl-2019|colbert-small|optimal_global|judge|0.7597
trec-dl-2019|colbert-small|optimal_global|judge_expr|0.811
trec-dl-2019|colbert-small|optimal_global|rankgpt|0.9893
trec-dl-2019|colbert-small|optimal_global|setmaxheaptopk|0.8638
trec-dl-2019|colbert-small|optimal_per_topic|judge|0.8218
trec-dl-2019|colbert-small|optimal_per_topic|judge_expr|0.7972
trec-dl-2019|colbert-small|optimal_per_topic|rankgpt|0.9376
trec-dl-2019|colbert-small|optimal_per_topic|setmaxheaptopk|0.8098
trec-dl-2019|colbert-small|quantile|judge|0.8398
trec-dl-2019|colbert-small|quantile|judge_expr|0.6715
trec-dl-2019|colbert-small|quantile|rankgpt|0.994
trec-dl-2019|colbert-small|quantile|setmaxheaptopk|0.8018
trec-dl-2019|colbert-small|rank|judge|0.6495
trec-dl-2019|colbert-small|rank|judge_expr|0.4254
trec-dl-2019|colbert-small|rank|rankgpt|0.6808
trec-dl-2019|colbert-small|rank|setmaxheaptopk|0.5737
trec-dl-2019|colbert-small|thresholding|judge|0.6573
trec-dl-2019|colbert-small|thresholding|judge_expr|0.6269
trec-dl-2019|colbert-small|thresholding|rankgpt|0.0
trec-dl-2019|colbert-small|thresholding|setmaxheaptopk|0.0
trec-dl-2019|colbert-small+judge|direct|judge|1.0
trec-dl-2019|colbert-small+judge|direct|judge_expr|0.9799
trec-dl-2019|colbert-small+judge|direct|rankgpt|0.3222
trec-dl-2019|colbert-small+judge|direct|setmaxheaptopk|0.3315
trec-dl-2019|colbert-small+judge|largest_gap|judge|1.0
trec-dl-2019|colbert-small+judge|largest_gap|judge_expr|0.9973
trec-dl-2019|colbert-small+judge|largest_gap|rankgpt|0.3222
trec-dl-2019|colbert-small+judge|largest_gap|setmaxheaptopk|0.3315
trec-dl-2019|colbert-small+judge|optimal_global|judge|1.0
trec-dl-2019|colbert-small+judge|optimal_global|judge_expr|0.9543
trec-dl-2019|colbert-small+judge|optimal_global|rankgpt|0.6372
trec-dl-2019|colbert-small+judge|optimal_global|setmaxheaptopk|0.8085
trec-dl-2019|colbert-small+judge|optimal_per_topic|judge|1.0
trec-dl-2019|colbert-small+judge|optimal_per_topic|judge_expr|0.9316
trec-dl-2019|colbert-small+judge|optimal_per_topic|rankgpt|0.7866
trec-dl-2019|colbert-small+judge|optimal_per_topic|setmaxheaptopk|0.7991
trec-dl-2019|colbert-small+judge|quantile|judge|1.0
trec-dl-2019|colbert-small+judge|quantile|judge_expr|0.8742
trec-dl-2019|colbert-small+judge|quantile|rankgpt|0.6612
trec-dl-2019|colbert-small+judge|quantile|setmaxheaptopk|0.6786
trec-dl-2019|colbert-small+judge|rank|judge|0.6533
trec-dl-2019|colbert-small+judge|rank|judge_expr|0.6172
trec-dl-2019|colbert-small+judge|rank|rankgpt|0.4295
trec-dl-2019|colbert-small+judge|rank|setmaxheaptopk|0.47
trec-dl-2019|colbert-small+judge|thresholding|judge|0.9767
trec-dl-2019|colbert-small+judge|thresholding|judge_expr|0.9275
trec-dl-2019|colbert-small+judge|thresholding|rankgpt|0.0
trec-dl-2019|colbert-small+judge|thresholding|setmaxheaptopk|0.0
trec-dl-2019|colbert-small+judge_expr|direct|judge|0.9948
trec-dl-2019|colbert-small+judge_expr|direct|judge_expr|1.0
trec-dl-2019|colbert-small+judge_expr|direct|rankgpt|0.3487
trec-dl-2019|colbert-small+judge_expr|direct|setmaxheaptopk|0.4148
trec-dl-2019|colbert-small+judge_expr|largest_gap|judge|0.9997
trec-dl-2019|colbert-small+judge_expr|largest_gap|judge_expr|1.0
trec-dl-2019|colbert-small+judge_expr|largest_gap|rankgpt|0.3487
trec-dl-2019|colbert-small+judge_expr|largest_gap|setmaxheaptopk|0.4148
trec-dl-2019|colbert-small+judge_expr|optimal_global|judge|0.9907
trec-dl-2019|colbert-small+judge_expr|optimal_global|judge_expr|1.0
trec-dl-2019|colbert-small+judge_expr|optimal_global|rankgpt|0.7163
trec-dl-2019|colbert-small+judge_expr|optimal_global|setmaxheaptopk|0.8366
trec-dl-2019|colbert-small+judge_expr|optimal_per_topic|judge|0.993
trec-dl-2019|colbert-small+judge_expr|optimal_per_topic|judge_expr|1.0
trec-dl-2019|colbert-small+judge_expr|optimal_per_topic|rankgpt|0.8453
trec-dl-2019|colbert-small+judge_expr|optimal_per_topic|setmaxheaptopk|0.8461
trec-dl-2019|colbert-small+judge_expr|quantile|judge|0.9982
trec-dl-2019|colbert-small+judge_expr|quantile|judge_expr|1.0
trec-dl-2019|colbert-small+judge_expr|quantile|rankgpt|0.7353
trec-dl-2019|colbert-small+judge_expr|quantile|setmaxheaptopk|0.7101
trec-dl-2019|colbert-small+judge_expr|rank|judge|0.6722
trec-dl-2019|colbert-small+judge_expr|rank|judge_expr|0.9985
trec-dl-2019|colbert-small+judge_expr|rank|rankgpt|0.4949
trec-dl-2019|colbert-small+judge_expr|rank|setmaxheaptopk|0.553
trec-dl-2019|colbert-small+judge_expr|thresholding|judge|0.9766
trec-dl-2019|colbert-small+judge_expr|thresholding|judge_expr|0.9535
trec-dl-2019|colbert-small+judge_expr|thresholding|rankgpt|0.0
trec-dl-2019|colbert-small+judge_expr|thresholding|setmaxheaptopk|0.0
trec-dl-2019|colbert-small+point|direct|judge|0.7857
trec-dl-2019|colbert-small+point|direct|judge_expr|0.7007
trec-dl-2019|colbert-small+point|direct|rankgpt|0.2792
trec-dl-2019|colbert-small+point|direct|setmaxheaptopk|0.278
trec-dl-2019|colbert-small+point|largest_gap|judge|0.5916
trec-dl-2019|colbert-small+point|largest_gap|judge_expr|0.687
trec-dl-2019|colbert-small+point|largest_gap|rankgpt|0.2792
trec-dl-2019|colbert-small+point|largest_gap|setmaxheaptopk|0.278
trec-dl-2019|colbert-small+point|optimal_global|judge|0.8307
trec-dl-2019|colbert-small+point|optimal_global|judge_expr|0.8434
trec-dl-2019|colbert-small+point|optimal_global|rankgpt|0.606
trec-dl-2019|colbert-small+point|optimal_global|setmaxheaptopk|0.7813
trec-dl-2019|colbert-small+point|optimal_per_topic|judge|0.8501
trec-dl-2019|colbert-small+point|optimal_per_topic|judge_expr|0.8281
trec-dl-2019|colbert-small+point|optimal_per_topic|rankgpt|0.7706
trec-dl-2019|colbert-small+point|optimal_per_topic|setmaxheaptopk|0.8053
trec-dl-2019|colbert-small+point|quantile|judge|0.8238
trec-dl-2019|colbert-small+point|quantile|judge_expr|0.6544
trec-dl-2019|colbert-small+point|quantile|rankgpt|0.6305
trec-dl-2019|colbert-small+point|quantile|setmaxheaptopk|0.6688
trec-dl-2019|colbert-small+point|rank|judge|0.4401
trec-dl-2019|colbert-small+point|rank|judge_expr|0.3984
trec-dl-2019|colbert-small+point|rank|rankgpt|0.4178
trec-dl-2019|colbert-small+point|rank|setmaxheaptopk|0.4205
trec-dl-2019|colbert-small+point|thresholding|judge|0.721
trec-dl-2019|colbert-small+point|thresholding|judge_expr|0.6668
trec-dl-2019|colbert-small+point|thresholding|rankgpt|0.0
trec-dl-2019|colbert-small+point|thresholding|setmaxheaptopk|0.0
trec-dl-2019|colbert-small+rankfirst|direct|judge|0.8236
trec-dl-2019|colbert-small+rankfirst|direct|judge_expr|0.747
trec-dl-2019|colbert-small+rankfirst|direct|rankgpt|0.7169
trec-dl-2019|colbert-small+rankfirst|direct|setmaxheaptopk|0.6389
trec-dl-2019|colbert-small+rankfirst|largest_gap|judge|0.7032
trec-dl-2019|colbert-small+rankfirst|largest_gap|judge_expr|0.7465
trec-dl-2019|colbert-small+rankfirst|largest_gap|rankgpt|0.7169
trec-dl-2019|colbert-small+rankfirst|largest_gap|setmaxheaptopk|0.6389
trec-dl-2019|colbert-small+rankfirst|optimal_global|judge|0.8204
trec-dl-2019|colbert-small+rankfirst|optimal_global|judge_expr|0.8612
trec-dl-2019|colbert-small+rankfirst|optimal_global|rankgpt|0.8905
trec-dl-2019|colbert-small+rankfirst|optimal_global|setmaxheaptopk|0.9093
trec-dl-2019|colbert-small+rankfirst|optimal_per_topic|judge|0.9038
trec-dl-2019|colbert-small+rankfirst|optimal_per_topic|judge_expr|0.8672
trec-dl-2019|colbert-small+rankfirst|optimal_per_topic|rankgpt|0.9242
trec-dl-2019|colbert-small+rankfirst|optimal_per_topic|setmaxheaptopk|0.8896
trec-dl-2019|colbert-small+rankfirst|quantile|judge|0.914
trec-dl-2019|colbert-small+rankfirst|quantile|judge_expr|0.7681
trec-dl-2019|colbert-small+rankfirst|quantile|rankgpt|0.9013
trec-dl-2019|colbert-small+rankfirst|quantile|setmaxheaptopk|0.8365
trec-dl-2019|colbert-small+rankfirst|rank|judge|0.6362
trec-dl-2019|colbert-small+rankfirst|rank|judge_expr|0.5267
trec-dl-2019|colbert-small+rankfirst|rank|rankgpt|0.6449
trec-dl-2019|colbert-small+rankfirst|rank|setmaxheaptopk|0.6543
trec-dl-2019|colbert-small+rankfirst|thresholding|judge|0.7407
trec-dl-2019|colbert-small+rankfirst|thresholding|judge_expr|0.722
trec-dl-2019|colbert-small+rankfirst|thresholding|rankgpt|0.0
trec-dl-2019|colbert-small+rankfirst|thresholding|setmaxheaptopk|0.0
trec-dl-2019|colbert-small+rankgpt|direct|judge|0.8284
trec-dl-2019|colbert-small+rankgpt|direct|judge_expr|0.7519
trec-dl-2019|colbert-small+rankgpt|direct|rankgpt|1.0
trec-dl-2019|colbert-small+rankgpt|direct|setmaxheaptopk|0.7407
trec-dl-2019|colbert-small+rankgpt|largest_gap|judge|0.6948
trec-dl-2019|colbert-small+rankgpt|largest_gap|judge_expr|0.7498
trec-dl-2019|colbert-small+rankgpt|largest_gap|rankgpt|1.0
trec-dl-2019|colbert-small+rankgpt|largest_gap|setmaxheaptopk|0.7407
trec-dl-2019|colbert-small+rankgpt|optimal_global|judge|0.8482
trec-dl-2019|colbert-small+rankgpt|optimal_global|judge_expr|0.8809
trec-dl-2019|colbert-small+rankgpt|optimal_global|rankgpt|1.0
trec-dl-2019|colbert-small+rankgpt|optimal_global|setmaxheaptopk|0.9062
trec-dl-2019|colbert-small+rankgpt|optimal_per_topic|judge|0.893
trec-dl-2019|colbert-small+rankgpt|optimal_per_topic|judge_expr|0.8744
trec-dl-2019|colbert-small+rankgpt|optimal_per_topic|rankgpt|1.0
trec-dl-2019|colbert-small+rankgpt|optimal_per_topic|setmaxheaptopk|0.8852
trec-dl-2019|colbert-small+rankgpt|quantile|judge|0.9155
trec-dl-2019|colbert-small+rankgpt|quantile|judge_expr|0.7578
trec-dl-2019|colbert-small+rankgpt|quantile|rankgpt|1.0
trec-dl-2019|colbert-small+rankgpt|quantile|setmaxheaptopk|0.8295
trec-dl-2019|colbert-small+rankgpt|rank|judge|0.6562
trec-dl-2019|colbert-small+rankgpt|rank|judge_expr|0.5009
trec-dl-2019|colbert-small+rankgpt|rank|rankgpt|1.0
trec-dl-2019|colbert-small+rankgpt|rank|setmaxheaptopk|0.6494
trec-dl-2019|colbert-small+rankgpt|thresholding|judge|0.7454
trec-dl-2019|colbert-small+rankgpt|thresholding|judge_expr|0.7202
trec-dl-2019|colbert-small+rankgpt|thresholding|rankgpt|0.0
trec-dl-2019|colbert-small+rankgpt|thresholding|setmaxheaptopk|0.0
trec-dl-2019|colbert-small+rankzephyr|direct|judge|0.8289
trec-dl-2019|colbert-small+rankzephyr|direct|judge_expr|0.7498
trec-dl-2019|colbert-small+rankzephyr|direct|rankgpt|0.6574
trec-dl-2019|colbert-small+rankzephyr|direct|setmaxheaptopk|0.6473
trec-dl-2019|colbert-small+rankzephyr|largest_gap|judge|0.6881
trec-dl-2019|colbert-small+rankzephyr|largest_gap|judge_expr|0.7407
trec-dl-2019|colbert-small+rankzephyr|largest_gap|rankgpt|0.6574
trec-dl-2019|colbert-small+rankzephyr|largest_gap|setmaxheaptopk|0.6473
trec-dl-2019|colbert-small+rankzephyr|optimal_global|judge|0.8475
trec-dl-2019|colbert-small+rankzephyr|optimal_global|judge_expr|0.8815
trec-dl-2019|colbert-small+rankzephyr|optimal_global|rankgpt|0.8743
trec-dl-2019|colbert-small+rankzephyr|optimal_global|setmaxheaptopk|0.9082
trec-dl-2019|colbert-small+rankzephyr|optimal_per_topic|judge|0.8994
trec-dl-2019|colbert-small+rankzephyr|optimal_per_topic|judge_expr|0.8815
trec-dl-2019|colbert-small+rankzephyr|optimal_per_topic|rankgpt|0.9168
trec-dl-2019|colbert-small+rankzephyr|optimal_per_topic|setmaxheaptopk|0.8889
trec-dl-2019|colbert-small+rankzephyr|quantile|judge|0.9114
trec-dl-2019|colbert-small+rankzephyr|quantile|judge_expr|0.7612
trec-dl-2019|colbert-small+rankzephyr|quantile|rankgpt|0.8972
trec-dl-2019|colbert-small+rankzephyr|quantile|setmaxheaptopk|0.8352
trec-dl-2019|colbert-small+rankzephyr|rank|judge|0.6518
trec-dl-2019|colbert-small+rankzephyr|rank|judge_expr|0.5085
trec-dl-2019|colbert-small+rankzephyr|rank|rankgpt|0.6455
trec-dl-2019|colbert-small+rankzephyr|rank|setmaxheaptopk|0.6205
trec-dl-2019|colbert-small+rankzephyr|thresholding|judge|0.7443
trec-dl-2019|colbert-small+rankzephyr|thresholding|judge_expr|0.7285
trec-dl-2019|colbert-small+rankzephyr|thresholding|rankgpt|0.0
trec-dl-2019|colbert-small+rankzephyr|thresholding|setmaxheaptopk|0.0
trec-dl-2019|colbert-small+setmaxheaptopk|direct|judge|0.8665
trec-dl-2019|colbert-small+setmaxheaptopk|direct|judge_expr|0.7986
trec-dl-2019|colbert-small+setmaxheaptopk|direct|rankgpt|0.7386
trec-dl-2019|colbert-small+setmaxheaptopk|direct|setmaxheaptopk|1.0
trec-dl-2019|colbert-small+setmaxheaptopk|largest_gap|judge|0.739
trec-dl-2019|colbert-small+setmaxheaptopk|largest_gap|judge_expr|0.8041
trec-dl-2019|colbert-small+setmaxheaptopk|largest_gap|rankgpt|0.7386
trec-dl-2019|colbert-small+setmaxheaptopk|largest_gap|setmaxheaptopk|1.0
trec-dl-2019|colbert-small+setmaxheaptopk|optimal_global|judge|0.8682
trec-dl-2019|colbert-small+setmaxheaptopk|optimal_global|judge_expr|0.9226
trec-dl-2019|colbert-small+setmaxheaptopk|optimal_global|rankgpt|0.8419
trec-dl-2019|colbert-small+setmaxheaptopk|optimal_global|setmaxheaptopk|1.0
trec-dl-2019|colbert-small+setmaxheaptopk|optimal_per_topic|judge|0.9289
trec-dl-2019|colbert-small+setmaxheaptopk|optimal_per_topic|judge_expr|0.8957
trec-dl-2019|colbert-small+setmaxheaptopk|optimal_per_topic|rankgpt|0.8926
trec-dl-2019|colbert-small+setmaxheaptopk|optimal_per_topic|setmaxheaptopk|1.0
trec-dl-2019|colbert-small+setmaxheaptopk|quantile|judge|0.9348
trec-dl-2019|colbert-small+setmaxheaptopk|quantile|judge_expr|0.814
trec-dl-2019|colbert-small+setmaxheaptopk|quantile|rankgpt|0.8541
trec-dl-2019|colbert-small+setmaxheaptopk|quantile|setmaxheaptopk|1.0
trec-dl-2019|colbert-small+setmaxheaptopk|rank|judge|0.6462
trec-dl-2019|colbert-small+setmaxheaptopk|rank|judge_expr|0.5596
trec-dl-2019|colbert-small+setmaxheaptopk|rank|rankgpt|0.642
trec-dl-2019|colbert-small+setmaxheaptopk|rank|setmaxheaptopk|1.0
trec-dl-2019|colbert-small+setmaxheaptopk|thresholding|judge|0.8042
trec-dl-2019|colbert-small+setmaxheaptopk|thresholding|judge_expr|0.7736
trec-dl-2019|colbert-small+setmaxheaptopk|thresholding|rankgpt|0.0
trec-dl-2019|colbert-small+setmaxheaptopk|thresholding|setmaxheaptopk|0.0
trec-dl-2019|nomicai-modernbert-embed|direct|judge|0.7406
trec-dl-2019|nomicai-modernbert-embed|direct|judge_expr|0.6687
trec-dl-2019|nomicai-modernbert-embed|direct|rankgpt|0.6221
trec-dl-2019|nomicai-modernbert-embed|direct|setmaxheaptopk|0.4662
trec-dl-2019|nomicai-modernbert-embed|largest_gap|judge|0.6081
trec-dl-2019|nomicai-modernbert-embed|largest_gap|judge_expr|0.6709
trec-dl-2019|nomicai-modernbert-embed|largest_gap|rankgpt|0.6221
trec-dl-2019|nomicai-modernbert-embed|largest_gap|setmaxheaptopk|0.4662
trec-dl-2019|nomicai-modernbert-embed|optimal_global|judge|0.7475
trec-dl-2019|nomicai-modernbert-embed|optimal_global|judge_expr|0.776
trec-dl-2019|nomicai-modernbert-embed|optimal_global|rankgpt|0.8032
trec-dl-2019|nomicai-modernbert-embed|optimal_global|setmaxheaptopk|0.7842
trec-dl-2019|nomicai-modernbert-embed|optimal_per_topic|judge|0.7981
trec-dl-2019|nomicai-modernbert-embed|optimal_per_topic|judge_expr|0.7714
trec-dl-2019|nomicai-modernbert-embed|optimal_per_topic|rankgpt|0.8736
trec-dl-2019|nomicai-modernbert-embed|optimal_per_topic|setmaxheaptopk|0.7868
trec-dl-2019|nomicai-modernbert-embed|quantile|judge|0.7841
trec-dl-2019|nomicai-modernbert-embed|quantile|judge_expr|0.6404
trec-dl-2019|nomicai-modernbert-embed|quantile|rankgpt|0.8219
trec-dl-2019|nomicai-modernbert-embed|quantile|setmaxheaptopk|0.6816
trec-dl-2019|nomicai-modernbert-embed|rank|judge|0.5579
trec-dl-2019|nomicai-modernbert-embed|rank|judge_expr|0.4172
trec-dl-2019|nomicai-modernbert-embed|rank|rankgpt|0.5258
trec-dl-2019|nomicai-modernbert-embed|rank|setmaxheaptopk|0.528
trec-dl-2019|nomicai-modernbert-embed|thresholding|judge|0.6664
trec-dl-2019|nomicai-modernbert-embed|thresholding|judge_expr|0.6516
trec-dl-2019|nomicai-modernbert-embed|thresholding|rankgpt|0.0
trec-dl-2019|nomicai-modernbert-embed|thresholding|setmaxheaptopk|0.0
trec-dl-2019|nomicai-modernbert-embed+judge|direct|judge|0.8399
trec-dl-2019|nomicai-modernbert-embed+judge|direct|judge_expr|0.8337
trec-dl-2019|nomicai-modernbert-embed+judge|direct|rankgpt|0.3358
trec-dl-2019|nomicai-modernbert-embed+judge|direct|setmaxheaptopk|0.323
trec-dl-2019|nomicai-modernbert-embed+judge|largest_gap|judge|0.8449
trec-dl-2019|nomicai-modernbert-embed+judge|largest_gap|judge_expr|0.8364
trec-dl-2019|nomicai-modernbert-embed+judge|largest_gap|rankgpt|0.3358
trec-dl-2019|nomicai-modernbert-embed+judge|largest_gap|setmaxheaptopk|0.323
trec-dl-2019|nomicai-modernbert-embed+judge|optimal_global|judge|0.8444
trec-dl-2019|nomicai-modernbert-embed+judge|optimal_global|judge_expr|0.8142
trec-dl-2019|nomicai-modernbert-embed+judge|optimal_global|rankgpt|0.5964
trec-dl-2019|nomicai-modernbert-embed+judge|optimal_global|setmaxheaptopk|0.7217
trec-dl-2019|nomicai-modernbert-embed+judge|optimal_per_topic|judge|0.8522
trec-dl-2019|nomicai-modernbert-embed+judge|optimal_per_topic|judge_expr|0.7999
trec-dl-2019|nomicai-modernbert-embed+judge|optimal_per_topic|rankgpt|0.7054
trec-dl-2019|nomicai-modernbert-embed+judge|optimal_per_topic|setmaxheaptopk|0.7231
trec-dl-2019|nomicai-modernbert-embed+judge|quantile|judge|0.8343
trec-dl-2019|nomicai-modernbert-embed+judge|quantile|judge_expr|0.7432
trec-dl-2019|nomicai-modernbert-embed+judge|quantile|rankgpt|0.6201
trec-dl-2019|nomicai-modernbert-embed+judge|quantile|setmaxheaptopk|0.6204
trec-dl-2019|nomicai-modernbert-embed+judge|rank|judge|0.5766
trec-dl-2019|nomicai-modernbert-embed+judge|rank|judge_expr|0.5307
trec-dl-2019|nomicai-modernbert-embed+judge|rank|rankgpt|0.4067
trec-dl-2019|nomicai-modernbert-embed+judge|rank|setmaxheaptopk|0.4462
trec-dl-2019|nomicai-modernbert-embed+judge|thresholding|judge|0.828
trec-dl-2019|nomicai-modernbert-embed+judge|thresholding|judge_expr|0.8147
trec-dl-2019|nomicai-modernbert-embed+judge|thresholding|rankgpt|0.0
trec-dl-2019|nomicai-modernbert-embed+judge|thresholding|setmaxheaptopk|0.0
trec-dl-2019|nomicai-modernbert-embed+judge_expr|direct|judge|0.8792
trec-dl-2019|nomicai-modernbert-embed+judge_expr|direct|judge_expr|0.8917
trec-dl-2019|nomicai-modernbert-embed+judge_expr|direct|rankgpt|0.3524
trec-dl-2019|nomicai-modernbert-embed+judge_expr|direct|setmaxheaptopk|0.4067
trec-dl-2019|nomicai-modernbert-embed+judge_expr|largest_gap|judge|0.8851
trec-dl-2019|nomicai-modernbert-embed+judge_expr|largest_gap|judge_expr|0.8754
trec-dl-2019|nomicai-modernbert-embed+judge_expr|largest_gap|rankgpt|0.3524
trec-dl-2019|nomicai-modernbert-embed+judge_expr|largest_gap|setmaxheaptopk|0.4067
trec-dl-2019|nomicai-modernbert-embed+judge_expr|optimal_global|judge|0.8805
trec-dl-2019|nomicai-modernbert-embed+judge_expr|optimal_global|judge_expr|0.8856
trec-dl-2019|nomicai-modernbert-embed+judge_expr|optimal_global|rankgpt|0.6636
trec-dl-2019|nomicai-modernbert-embed+judge_expr|optimal_global|setmaxheaptopk|0.7574
trec-dl-2019|nomicai-modernbert-embed+judge_expr|optimal_per_topic|judge|0.8871
trec-dl-2019|nomicai-modernbert-embed+judge_expr|optimal_per_topic|judge_expr|0.8881
trec-dl-2019|nomicai-modernbert-embed+judge_expr|optimal_per_topic|rankgpt|0.7752
trec-dl-2019|nomicai-modernbert-embed+judge_expr|optimal_per_topic|setmaxheaptopk|0.7733
trec-dl-2019|nomicai-modernbert-embed+judge_expr|quantile|judge|0.8751
trec-dl-2019|nomicai-modernbert-embed+judge_expr|quantile|judge_expr|0.8766
trec-dl-2019|nomicai-modernbert-embed+judge_expr|quantile|rankgpt|0.6791
trec-dl-2019|nomicai-modernbert-embed+judge_expr|quantile|setmaxheaptopk|0.641
trec-dl-2019|nomicai-modernbert-embed+judge_expr|rank|judge|0.5986
trec-dl-2019|nomicai-modernbert-embed+judge_expr|rank|judge_expr|0.838
trec-dl-2019|nomicai-modernbert-embed+judge_expr|rank|rankgpt|0.4512
trec-dl-2019|nomicai-modernbert-embed+judge_expr|rank|setmaxheaptopk|0.5004
trec-dl-2019|nomicai-modernbert-embed+judge_expr|thresholding|judge|0.8676
trec-dl-2019|nomicai-modernbert-embed+judge_expr|thresholding|judge_expr|0.8746
trec-dl-2019|nomicai-modernbert-embed+judge_expr|thresholding|rankgpt|0.0
trec-dl-2019|nomicai-modernbert-embed+judge_expr|thresholding|setmaxheaptopk|0.0
trec-dl-2019|nomicai-modernbert-embed+point|direct|judge|0.7019
trec-dl-2019|nomicai-modernbert-embed+point|direct|judge_expr|0.6384
trec-dl-2019|nomicai-modernbert-embed+point|direct|rankgpt|0.2877
trec-dl-2019|nomicai-modernbert-embed+point|direct|setmaxheaptopk|0.2667
trec-dl-2019|nomicai-modernbert-embed+point|largest_gap|judge|0.5488
trec-dl-2019|nomicai-modernbert-embed+point|largest_gap|judge_expr|0.6279
trec-dl-2019|nomicai-modernbert-embed+point|largest_gap|rankgpt|0.2877
trec-dl-2019|nomicai-modernbert-embed+point|largest_gap|setmaxheaptopk|0.2667
trec-dl-2019|nomicai-modernbert-embed+point|optimal_global|judge|0.7368
trec-dl-2019|nomicai-modernbert-embed+point|optimal_global|judge_expr|0.7516
trec-dl-2019|nomicai-modernbert-embed+point|optimal_global|rankgpt|0.586
trec-dl-2019|nomicai-modernbert-embed+point|optimal_global|setmaxheaptopk|0.7
trec-dl-2019|nomicai-modernbert-embed+point|optimal_per_topic|judge|0.7499
trec-dl-2019|nomicai-modernbert-embed+point|optimal_per_topic|judge_expr|0.7287
trec-dl-2019|nomicai-modernbert-embed+point|optimal_per_topic|rankgpt|0.7157
trec-dl-2019|nomicai-modernbert-embed+point|optimal_per_topic|setmaxheaptopk|0.7439
trec-dl-2019|nomicai-modernbert-embed+point|quantile|judge|0.718
trec-dl-2019|nomicai-modernbert-embed+point|quantile|judge_expr|0.6002
trec-dl-2019|nomicai-modernbert-embed+point|quantile|rankgpt|0.6089
trec-dl-2019|nomicai-modernbert-embed+point|quantile|setmaxheaptopk|0.6182
trec-dl-2019|nomicai-modernbert-embed+point|rank|judge|0.4262
trec-dl-2019|nomicai-modernbert-embed+point|rank|judge_expr|0.3765
trec-dl-2019|nomicai-modernbert-embed+point|rank|rankgpt|0.3904
trec-dl-2019|nomicai-modernbert-embed+point|rank|setmaxheaptopk|0.3896
trec-dl-2019|nomicai-modernbert-embed+point|thresholding|judge|0.6553
trec-dl-2019|nomicai-modernbert-embed+point|thresholding|judge_expr|0.6259
trec-dl-2019|nomicai-modernbert-embed+point|thresholding|rankgpt|0.0
trec-dl-2019|nomicai-modernbert-embed+point|thresholding|setmaxheaptopk|0.0
trec-dl-2019|nomicai-modernbert-embed+rankfirst|direct|judge|0.7998
trec-dl-2019|nomicai-modernbert-embed+rankfirst|direct|judge_expr|0.7371
trec-dl-2019|nomicai-modernbert-embed+rankfirst|direct|rankgpt|0.6357
trec-dl-2019|nomicai-modernbert-embed+rankfirst|direct|setmaxheaptopk|0.5321
trec-dl-2019|nomicai-modernbert-embed+rankfirst|largest_gap|judge|0.6905
trec-dl-2019|nomicai-modernbert-embed+rankfirst|largest_gap|judge_expr|0.7369
trec-dl-2019|nomicai-modernbert-embed+rankfirst|largest_gap|rankgpt|0.6357
trec-dl-2019|nomicai-modernbert-embed+rankfirst|largest_gap|setmaxheaptopk|0.5321
trec-dl-2019|nomicai-modernbert-embed+rankfirst|optimal_global|judge|0.805
trec-dl-2019|nomicai-modernbert-embed+rankfirst|optimal_global|judge_expr|0.8273
trec-dl-2019|nomicai-modernbert-embed+rankfirst|optimal_global|rankgpt|0.8212
trec-dl-2019|nomicai-modernbert-embed+rankfirst|optimal_global|setmaxheaptopk|0.8409
trec-dl-2019|nomicai-modernbert-embed+rankfirst|optimal_per_topic|judge|0.8762
trec-dl-2019|nomicai-modernbert-embed+rankfirst|optimal_per_topic|judge_expr|0.8405
trec-dl-2019|nomicai-modernbert-embed+rankfirst|optimal_per_topic|rankgpt|0.8922
trec-dl-2019|nomicai-modernbert-embed+rankfirst|optimal_per_topic|setmaxheaptopk|0.8654
trec-dl-2019|nomicai-modernbert-embed+rankfirst|quantile|judge|0.8602
trec-dl-2019|nomicai-modernbert-embed+rankfirst|quantile|judge_expr|0.7335
trec-dl-2019|nomicai-modernbert-embed+rankfirst|quantile|rankgpt|0.8355
trec-dl-2019|nomicai-modernbert-embed+rankfirst|quantile|setmaxheaptopk|0.7699
trec-dl-2019|nomicai-modernbert-embed+rankfirst|rank|judge|0.6056
trec-dl-2019|nomicai-modernbert-embed+rankfirst|rank|judge_expr|0.4939
trec-dl-2019|nomicai-modernbert-embed+rankfirst|rank|rankgpt|0.5899
trec-dl-2019|nomicai-modernbert-embed+rankfirst|rank|setmaxheaptopk|0.6009
trec-dl-2019|nomicai-modernbert-embed+rankfirst|thresholding|judge|0.7277
trec-dl-2019|nomicai-modernbert-embed+rankfirst|thresholding|judge_expr|0.7239
trec-dl-2019|nomicai-modernbert-embed+rankfirst|thresholding|rankgpt|0.0
trec-dl-2019|nomicai-modernbert-embed+rankfirst|thresholding|setmaxheaptopk|0.0
trec-dl-2019|nomicai-modernbert-embed+rankgpt|direct|judge|0.7994
trec-dl-2019|nomicai-modernbert-embed+rankgpt|direct|judge_expr|0.7303
trec-dl-2019|nomicai-modernbert-embed+rankgpt|direct|rankgpt|0.6563
trec-dl-2019|nomicai-modernbert-embed+rankgpt|direct|setmaxheaptopk|0.556
trec-dl-2019|nomicai-modernbert-embed+rankgpt|largest_gap|judge|0.6941
trec-dl-2019|nomicai-modernbert-embed+rankgpt|largest_gap|judge_expr|0.7291
trec-dl-2019|nomicai-modernbert-embed+rankgpt|largest_gap|rankgpt|0.6563
trec-dl-2019|nomicai-modernbert-embed+rankgpt|largest_gap|setmaxheaptopk|0.556
trec-dl-2019|nomicai-modernbert-embed+rankgpt|optimal_global|judge|0.8189
trec-dl-2019|nomicai-modernbert-embed+rankgpt|optimal_global|judge_expr|0.8355
trec-dl-2019|nomicai-modernbert-embed+rankgpt|optimal_global|rankgpt|0.8152
trec-dl-2019|nomicai-modernbert-embed+rankgpt|optimal_global|setmaxheaptopk|0.8253
trec-dl-2019|nomicai-modernbert-embed+rankgpt|optimal_per_topic|judge|0.8627
trec-dl-2019|nomicai-modernbert-embed+rankgpt|optimal_per_topic|judge_expr|0.8295
trec-dl-2019|nomicai-modernbert-embed+rankgpt|optimal_per_topic|rankgpt|0.8688
trec-dl-2019|nomicai-modernbert-embed+rankgpt|optimal_per_topic|setmaxheaptopk|0.8306
trec-dl-2019|nomicai-modernbert-embed+rankgpt|quantile|judge|0.8543
trec-dl-2019|nomicai-modernbert-embed+rankgpt|quantile|judge_expr|0.7281
trec-dl-2019|nomicai-modernbert-embed+rankgpt|quantile|rankgpt|0.8301
trec-dl-2019|nomicai-modernbert-embed+rankgpt|quantile|setmaxheaptopk|0.7515
trec-dl-2019|nomicai-modernbert-embed+rankgpt|rank|judge|0.5755
trec-dl-2019|nomicai-modernbert-embed+rankgpt|rank|judge_expr|0.482
trec-dl-2019|nomicai-modernbert-embed+rankgpt|rank|rankgpt|0.6062
trec-dl-2019|nomicai-modernbert-embed+rankgpt|rank|setmaxheaptopk|0.5932
trec-dl-2019|nomicai-modernbert-embed+rankgpt|thresholding|judge|0.7236
trec-dl-2019|nomicai-modernbert-embed+rankgpt|thresholding|judge_expr|0.7089
trec-dl-2019|nomicai-modernbert-embed+rankgpt|thresholding|rankgpt|0.0
trec-dl-2019|nomicai-modernbert-embed+rankgpt|thresholding|setmaxheaptopk|0.0
trec-dl-2019|nomicai-modernbert-embed+rankzephyr|direct|judge|0.8014
trec-dl-2019|nomicai-modernbert-embed+rankzephyr|direct|judge_expr|0.7467
trec-dl-2019|nomicai-modernbert-embed+rankzephyr|direct|rankgpt|0.5884
trec-dl-2019|nomicai-modernbert-embed+rankzephyr|direct|setmaxheaptopk|0.5477
trec-dl-2019|nomicai-modernbert-embed+rankzephyr|largest_gap|judge|0.7017
trec-dl-2019|nomicai-modernbert-embed+rankzephyr|largest_gap|judge_expr|0.7449
trec-dl-2019|nomicai-modernbert-embed+rankzephyr|largest_gap|rankgpt|0.5884
trec-dl-2019|nomicai-modernbert-embed+rankzephyr|largest_gap|setmaxheaptopk|0.5477
trec-dl-2019|nomicai-modernbert-embed+rankzephyr|optimal_global|judge|0.8095
trec-dl-2019|nomicai-modernbert-embed+rankzephyr|optimal_global|judge_expr|0.8368
trec-dl-2019|nomicai-modernbert-embed+rankzephyr|optimal_global|rankgpt|0.7977
trec-dl-2019|nomicai-modernbert-embed+rankzephyr|optimal_global|setmaxheaptopk|0.8351
trec-dl-2019|nomicai-modernbert-embed+rankzephyr|optimal_per_topic|judge|0.8657
trec-dl-2019|nomicai-modernbert-embed+rankzephyr|optimal_per_topic|judge_expr|0.8463
trec-dl-2019|nomicai-modernbert-embed+rankzephyr|optimal_per_topic|rankgpt|0.8835
trec-dl-2019|nomicai-modernbert-embed+rankzephyr|optimal_per_topic|setmaxheaptopk|0.8519
trec-dl-2019|nomicai-modernbert-embed+rankzephyr|quantile|judge|0.8546
trec-dl-2019|nomicai-modernbert-embed+rankzephyr|quantile|judge_expr|0.7314
trec-dl-2019|nomicai-modernbert-embed+rankzephyr|quantile|rankgpt|0.82
trec-dl-2019|nomicai-modernbert-embed+rankzephyr|quantile|setmaxheaptopk|0.7509
trec-dl-2019|nomicai-modernbert-embed+rankzephyr|rank|judge|0.5924
trec-dl-2019|nomicai-modernbert-embed+rankzephyr|rank|judge_expr|0.4996
trec-dl-2019|nomicai-modernbert-embed+rankzephyr|rank|rankgpt|0.5967
trec-dl-2019|nomicai-modernbert-embed+rankzephyr|rank|setmaxheaptopk|0.5761
trec-dl-2019|nomicai-modernbert-embed+rankzephyr|thresholding|judge|0.7351
trec-dl-2019|nomicai-modernbert-embed+rankzephyr|thresholding|judge_expr|0.7388
trec-dl-2019|nomicai-modernbert-embed+rankzephyr|thresholding|rankgpt|0.0
trec-dl-2019|nomicai-modernbert-embed+rankzephyr|thresholding|setmaxheaptopk|0.0
trec-dl-2019|nomicai-modernbert-embed+setmaxheaptopk|direct|judge|0.8149
trec-dl-2019|nomicai-modernbert-embed+setmaxheaptopk|direct|judge_expr|0.7642
trec-dl-2019|nomicai-modernbert-embed+setmaxheaptopk|direct|rankgpt|0.6226
trec-dl-2019|nomicai-modernbert-embed+setmaxheaptopk|direct|setmaxheaptopk|0.6655
trec-dl-2019|nomicai-modernbert-embed+setmaxheaptopk|largest_gap|judge|0.7273
trec-dl-2019|nomicai-modernbert-embed+setmaxheaptopk|largest_gap|judge_expr|0.7586
trec-dl-2019|nomicai-modernbert-embed+setmaxheaptopk|largest_gap|rankgpt|0.6226
trec-dl-2019|nomicai-modernbert-embed+setmaxheaptopk|largest_gap|setmaxheaptopk|0.6655
trec-dl-2019|nomicai-modernbert-embed+setmaxheaptopk|optimal_global|judge|0.8296
trec-dl-2019|nomicai-modernbert-embed+setmaxheaptopk|optimal_global|judge_expr|0.8624
trec-dl-2019|nomicai-modernbert-embed+setmaxheaptopk|optimal_global|rankgpt|0.7695
trec-dl-2019|nomicai-modernbert-embed+setmaxheaptopk|optimal_global|setmaxheaptopk|0.8531
trec-dl-2019|nomicai-modernbert-embed+setmaxheaptopk|optimal_per_topic|judge|0.8659
trec-dl-2019|nomicai-modernbert-embed+setmaxheaptopk|optimal_per_topic|judge_expr|0.8666
trec-dl-2019|nomicai-modernbert-embed+setmaxheaptopk|optimal_per_topic|rankgpt|0.8662
trec-dl-2019|nomicai-modernbert-embed+setmaxheaptopk|optimal_per_topic|setmaxheaptopk|0.8682
trec-dl-2019|nomicai-modernbert-embed+setmaxheaptopk|quantile|judge|0.871
trec-dl-2019|nomicai-modernbert-embed+setmaxheaptopk|quantile|judge_expr|0.7614
trec-dl-2019|nomicai-modernbert-embed+setmaxheaptopk|quantile|rankgpt|0.7902
trec-dl-2019|nomicai-modernbert-embed+setmaxheaptopk|quantile|setmaxheaptopk|0.7893
trec-dl-2019|nomicai-modernbert-embed+setmaxheaptopk|rank|judge|0.5706
trec-dl-2019|nomicai-modernbert-embed+setmaxheaptopk|rank|judge_expr|0.517
trec-dl-2019|nomicai-modernbert-embed+setmaxheaptopk|rank|rankgpt|0.5921
trec-dl-2019|nomicai-modernbert-embed+setmaxheaptopk|rank|setmaxheaptopk|0.6679
trec-dl-2019|nomicai-modernbert-embed+setmaxheaptopk|thresholding|judge|0.7628
trec-dl-2019|nomicai-modernbert-embed+setmaxheaptopk|thresholding|judge_expr|0.7452
trec-dl-2019|nomicai-modernbert-embed+setmaxheaptopk|thresholding|rankgpt|0.0
trec-dl-2019|nomicai-modernbert-embed+setmaxheaptopk|thresholding|setmaxheaptopk|0.0
trec-dl-2019|qwen3-embed-600m|direct|judge|0.7083
trec-dl-2019|qwen3-embed-600m|direct|judge_expr|0.623
trec-dl-2019|qwen3-embed-600m|direct|rankgpt|0.5608
trec-dl-2019|qwen3-embed-600m|direct|setmaxheaptopk|0.473
trec-dl-2019|qwen3-embed-600m|largest_gap|judge|0.5839
trec-dl-2019|qwen3-embed-600m|largest_gap|judge_expr|0.6296
trec-dl-2019|qwen3-embed-600m|largest_gap|rankgpt|0.5608
trec-dl-2019|qwen3-embed-600m|largest_gap|setmaxheaptopk|0.473
trec-dl-2019|qwen3-embed-600m|optimal_global|judge|0.7241
trec-dl-2019|qwen3-embed-600m|optimal_global|judge_expr|0.7471
trec-dl-2019|qwen3-embed-600m|optimal_global|rankgpt|0.7486
trec-dl-2019|qwen3-embed-600m|optimal_global|setmaxheaptopk|0.768
trec-dl-2019|qwen3-embed-600m|optimal_per_topic|judge|0.7718
trec-dl-2019|qwen3-embed-600m|optimal_per_topic|judge_expr|0.7383
trec-dl-2019|qwen3-embed-600m|optimal_per_topic|rankgpt|0.8091
trec-dl-2019|qwen3-embed-600m|optimal_per_topic|setmaxheaptopk|0.7492
trec-dl-2019|qwen3-embed-600m|quantile|judge|0.7679
trec-dl-2019|qwen3-embed-600m|quantile|judge_expr|0.6343
trec-dl-2019|qwen3-embed-600m|quantile|rankgpt|0.771
trec-dl-2019|qwen3-embed-600m|quantile|setmaxheaptopk|0.6717
trec-dl-2019|qwen3-embed-600m|rank|judge|0.4917
trec-dl-2019|qwen3-embed-600m|rank|judge_expr|0.4204
trec-dl-2019|qwen3-embed-600m|rank|rankgpt|0.4872
trec-dl-2019|qwen3-embed-600m|rank|setmaxheaptopk|0.4944
trec-dl-2019|qwen3-embed-600m|thresholding|judge|0.6227
trec-dl-2019|qwen3-embed-600m|thresholding|judge_expr|0.6049
trec-dl-2019|qwen3-embed-600m|thresholding|rankgpt|0.0
trec-dl-2019|qwen3-embed-600m|thresholding|setmaxheaptopk|0.0
trec-dl-2019|qwen3-embed-600m+judge|direct|judge|0.8237
trec-dl-2019|qwen3-embed-600m+judge|direct|judge_expr|0.8168
trec-dl-2019|qwen3-embed-600m+judge|direct|rankgpt|0.314
trec-dl-2019|qwen3-embed-600m+judge|direct|setmaxheaptopk|0.299
trec-dl-2019|qwen3-embed-600m+judge|largest_gap|judge|0.8448
trec-dl-2019|qwen3-embed-600m+judge|largest_gap|judge_expr|0.8263
trec-dl-2019|qwen3-embed-600m+judge|largest_gap|rankgpt|0.314
trec-dl-2019|qwen3-embed-600m+judge|largest_gap|setmaxheaptopk|0.299
trec-dl-2019|qwen3-embed-600m+judge|optimal_global|judge|0.8415
trec-dl-2019|qwen3-embed-600m+judge|optimal_global|judge_expr|0.8018
trec-dl-2019|qwen3-embed-600m+judge|optimal_global|rankgpt|0.5908
trec-dl-2019|qwen3-embed-600m+judge|optimal_global|setmaxheaptopk|0.6974
trec-dl-2019|qwen3-embed-600m+judge|optimal_per_topic|judge|0.8309
trec-dl-2019|qwen3-embed-600m+judge|optimal_per_topic|judge_expr|0.7732
trec-dl-2019|qwen3-embed-600m+judge|optimal_per_topic|rankgpt|0.6786
trec-dl-2019|qwen3-embed-600m+judge|optimal_per_topic|setmaxheaptopk|0.6861
trec-dl-2019|qwen3-embed-600m+judge|quantile|judge|0.8169
trec-dl-2019|qwen3-embed-600m+judge|quantile|judge_expr|0.7246
trec-dl-2019|qwen3-embed-600m+judge|quantile|rankgpt|0.6129
trec-dl-2019|qwen3-embed-600m+judge|quantile|setmaxheaptopk|0.5981
trec-dl-2019|qwen3-embed-600m+judge|rank|judge|0.5532
trec-dl-2019|qwen3-embed-600m+judge|rank|judge_expr|0.5029
trec-dl-2019|qwen3-embed-600m+judge|rank|rankgpt|0.4045
trec-dl-2019|qwen3-embed-600m+judge|rank|setmaxheaptopk|0.4294
trec-dl-2019|qwen3-embed-600m+judge|thresholding|judge|0.8115
trec-dl-2019|qwen3-embed-600m+judge|thresholding|judge_expr|0.7923
trec-dl-2019|qwen3-embed-600m+judge|thresholding|rankgpt|0.0
trec-dl-2019|qwen3-embed-600m+judge|thresholding|setmaxheaptopk|0.0
trec-dl-2019|qwen3-embed-600m+judge_expr|direct|judge|0.8667
trec-dl-2019|qwen3-embed-600m+judge_expr|direct|judge_expr|0.8791
trec-dl-2019|qwen3-embed-600m+judge_expr|direct|rankgpt|0.3429
trec-dl-2019|qwen3-embed-600m+judge_expr|direct|setmaxheaptopk|0.3941
trec-dl-2019|qwen3-embed-600m+judge_expr|largest_gap|judge|0.8865
trec-dl-2019|qwen3-embed-600m+judge_expr|largest_gap|judge_expr|0.8742
trec-dl-2019|qwen3-embed-600m+judge_expr|largest_gap|rankgpt|0.3429
trec-dl-2019|qwen3-embed-600m+judge_expr|largest_gap|setmaxheaptopk|0.3941
trec-dl-2019|qwen3-embed-600m+judge_expr|optimal_global|judge|0.8754
trec-dl-2019|qwen3-embed-600m+judge_expr|optimal_global|judge_expr|0.8665
trec-dl-2019|qwen3-embed-600m+judge_expr|optimal_global|rankgpt|0.6616
trec-dl-2019|qwen3-embed-600m+judge_expr|optimal_global|setmaxheaptopk|0.7362
trec-dl-2019|qwen3-embed-600m+judge_expr|optimal_per_topic|judge|0.8675
trec-dl-2019|qwen3-embed-600m+judge_expr|optimal_per_topic|judge_expr|0.866
trec-dl-2019|qwen3-embed-600m+judge_expr|optimal_per_topic|rankgpt|0.7671
trec-dl-2019|qwen3-embed-600m+judge_expr|optimal_per_topic|setmaxheaptopk|0.7541
trec-dl-2019|qwen3-embed-600m+judge_expr|quantile|judge|0.8594
trec-dl-2019|qwen3-embed-600m+judge_expr|quantile|judge_expr|0.8594
trec-dl-2019|qwen3-embed-600m+judge_expr|quantile|rankgpt|0.6772
trec-dl-2019|qwen3-embed-600m+judge_expr|quantile|setmaxheaptopk|0.6299
trec-dl-2019|qwen3-embed-600m+judge_expr|rank|judge|0.5802
trec-dl-2019|qwen3-embed-600m+judge_expr|rank|judge_expr|0.8104
trec-dl-2019|qwen3-embed-600m+judge_expr|rank|rankgpt|0.4625
trec-dl-2019|qwen3-embed-600m+judge_expr|rank|setmaxheaptopk|0.5027
trec-dl-2019|qwen3-embed-600m+judge_expr|thresholding|judge|0.8563
trec-dl-2019|qwen3-embed-600m+judge_expr|thresholding|judge_expr|0.86
trec-dl-2019|qwen3-embed-600m+judge_expr|thresholding|rankgpt|0.0
trec-dl-2019|qwen3-embed-600m+judge_expr|thresholding|setmaxheaptopk|0.0
trec-dl-2019|qwen3-embed-600m+point|direct|judge|0.666
trec-dl-2019|qwen3-embed-600m+point|direct|judge_expr|0.6015
trec-dl-2019|qwen3-embed-600m+point|direct|rankgpt|0.2815
trec-dl-2019|qwen3-embed-600m+point|direct|setmaxheaptopk|0.2615
trec-dl-2019|qwen3-embed-600m+point|largest_gap|judge|0.5182
trec-dl-2019|qwen3-embed-600m+point|largest_gap|judge_expr|0.5862
trec-dl-2019|qwen3-embed-600m+point|largest_gap|rankgpt|0.2815
trec-dl-2019|qwen3-embed-600m+point|largest_gap|setmaxheaptopk|0.2615
trec-dl-2019|qwen3-embed-600m+point|optimal_global|judge|0.7026
trec-dl-2019|qwen3-embed-600m+point|optimal_global|judge_expr|0.7111
trec-dl-2019|qwen3-embed-600m+point|optimal_global|rankgpt|0.5761
trec-dl-2019|qwen3-embed-600m+point|optimal_global|setmaxheaptopk|0.6793
trec-dl-2019|qwen3-embed-600m+point|optimal_per_topic|judge|0.7241
trec-dl-2019|qwen3-embed-600m+point|optimal_per_topic|judge_expr|0.7011
trec-dl-2019|qwen3-embed-600m+point|optimal_per_topic|rankgpt|0.687
trec-dl-2019|qwen3-embed-600m+point|optimal_per_topic|setmaxheaptopk|0.6991
trec-dl-2019|qwen3-embed-600m+point|quantile|judge|0.6961
trec-dl-2019|qwen3-embed-600m+point|quantile|judge_expr|0.5712
trec-dl-2019|qwen3-embed-600m+point|quantile|rankgpt|0.5967
trec-dl-2019|qwen3-embed-600m+point|quantile|setmaxheaptopk|0.5945
trec-dl-2019|qwen3-embed-600m+point|rank|judge|0.41
trec-dl-2019|qwen3-embed-600m+point|rank|judge_expr|0.3547
trec-dl-2019|qwen3-embed-600m+point|rank|rankgpt|0.3919
trec-dl-2019|qwen3-embed-600m+point|rank|setmaxheaptopk|0.373
trec-dl-2019|qwen3-embed-600m+point|thresholding|judge|0.6134
trec-dl-2019|qwen3-embed-600m+point|thresholding|judge_expr|0.5926
trec-dl-2019|qwen3-embed-600m+point|thresholding|rankgpt|0.0
trec-dl-2019|qwen3-embed-600m+point|thresholding|setmaxheaptopk|0.0
trec-dl-2019|qwen3-embed-600m+rankfirst|direct|judge|0.7893
trec-dl-2019|qwen3-embed-600m+rankfirst|direct|judge_expr|0.7265
trec-dl-2019|qwen3-embed-600m+rankfirst|direct|rankgpt|0.6256
trec-dl-2019|qwen3-embed-600m+rankfirst|direct|setmaxheaptopk|0.5419
trec-dl-2019|qwen3-embed-600m+rankfirst|largest_gap|judge|0.6864
trec-dl-2019|qwen3-embed-600m+rankfirst|largest_gap|judge_expr|0.7241
trec-dl-2019|qwen3-embed-600m+rankfirst|largest_gap|rankgpt|0.6256
trec-dl-2019|qwen3-embed-600m+rankfirst|largest_gap|setmaxheaptopk|0.5419
trec-dl-2019|qwen3-embed-600m+rankfirst|optimal_global|judge|0.8018
trec-dl-2019|qwen3-embed-600m+rankfirst|optimal_global|judge_expr|0.8252
trec-dl-2019|qwen3-embed-600m+rankfirst|optimal_global|rankgpt|0.8146
trec-dl-2019|qwen3-embed-600m+rankfirst|optimal_global|setmaxheaptopk|0.8283
trec-dl-2019|qwen3-embed-600m+rankfirst|optimal_per_topic|judge|0.8727
trec-dl-2019|qwen3-embed-600m+rankfirst|optimal_per_topic|judge_expr|0.8299
trec-dl-2019|qwen3-embed-600m+rankfirst|optimal_per_topic|rankgpt|0.8832
trec-dl-2019|qwen3-embed-600m+rankfirst|optimal_per_topic|setmaxheaptopk|0.8505
trec-dl-2019|qwen3-embed-600m+rankfirst|quantile|judge|0.8523
trec-dl-2019|qwen3-embed-600m+rankfirst|quantile|judge_expr|0.7477
trec-dl-2019|qwen3-embed-600m+rankfirst|quantile|rankgpt|0.8313
trec-dl-2019|qwen3-embed-600m+rankfirst|quantile|setmaxheaptopk|0.7586
trec-dl-2019|qwen3-embed-600m+rankfirst|rank|judge|0.5862
trec-dl-2019|qwen3-embed-600m+rankfirst|rank|judge_expr|0.4978
trec-dl-2019|qwen3-embed-600m+rankfirst|rank|rankgpt|0.5861
trec-dl-2019|qwen3-embed-600m+rankfirst|rank|setmaxheaptopk|0.5981
trec-dl-2019|qwen3-embed-600m+rankfirst|thresholding|judge|0.7173
trec-dl-2019|qwen3-embed-600m+rankfirst|thresholding|judge_expr|0.7056
trec-dl-2019|qwen3-embed-600m+rankfirst|thresholding|rankgpt|0.0
trec-dl-2019|qwen3-embed-600m+rankfirst|thresholding|setmaxheaptopk|0.0
trec-dl-2019|qwen3-embed-600m+rankgpt|direct|judge|0.7862
trec-dl-2019|qwen3-embed-600m+rankgpt|direct|judge_expr|0.7205
trec-dl-2019|qwen3-embed-600m+rankgpt|direct|rankgpt|0.6422
trec-dl-2019|qwen3-embed-600m+rankgpt|direct|setmaxheaptopk|0.5687
trec-dl-2019|qwen3-embed-600m+rankgpt|largest_gap|judge|0.6769
trec-dl-2019|qwen3-embed-600m+rankgpt|largest_gap|judge_expr|0.7074
trec-dl-2019|qwen3-embed-600m+rankgpt|largest_gap|rankgpt|0.6422
trec-dl-2019|qwen3-embed-600m+rankgpt|largest_gap|setmaxheaptopk|0.5687
trec-dl-2019|qwen3-embed-600m+rankgpt|optimal_global|judge|0.8064
trec-dl-2019|qwen3-embed-600m+rankgpt|optimal_global|judge_expr|0.8361
trec-dl-2019|qwen3-embed-600m+rankgpt|optimal_global|rankgpt|0.7849
trec-dl-2019|qwen3-embed-600m+rankgpt|optimal_global|setmaxheaptopk|0.8171
trec-dl-2019|qwen3-embed-600m+rankgpt|optimal_per_topic|judge|0.8468
trec-dl-2019|qwen3-embed-600m+rankgpt|optimal_per_topic|judge_expr|0.81
trec-dl-2019|qwen3-embed-600m+rankgpt|optimal_per_topic|rankgpt|0.8687
trec-dl-2019|qwen3-embed-600m+rankgpt|optimal_per_topic|setmaxheaptopk|0.8323
trec-dl-2019|qwen3-embed-600m+rankgpt|quantile|judge|0.8372
trec-dl-2019|qwen3-embed-600m+rankgpt|quantile|judge_expr|0.7274
trec-dl-2019|qwen3-embed-600m+rankgpt|quantile|rankgpt|0.7976
trec-dl-2019|qwen3-embed-600m+rankgpt|quantile|setmaxheaptopk|0.7216
trec-dl-2019|qwen3-embed-600m+rankgpt|rank|judge|0.5523
trec-dl-2019|qwen3-embed-600m+rankgpt|rank|judge_expr|0.4986
trec-dl-2019|qwen3-embed-600m+rankgpt|rank|rankgpt|0.6021
trec-dl-2019|qwen3-embed-600m+rankgpt|rank|setmaxheaptopk|0.5698
trec-dl-2019|qwen3-embed-600m+rankgpt|thresholding|judge|0.7182
trec-dl-2019|qwen3-embed-600m+rankgpt|thresholding|judge_expr|0.6962
trec-dl-2019|qwen3-embed-600m+rankgpt|thresholding|rankgpt|0.0
trec-dl-2019|qwen3-embed-600m+rankgpt|thresholding|setmaxheaptopk|0.0
trec-dl-2019|qwen3-embed-600m+rankzephyr|direct|judge|0.7934
trec-dl-2019|qwen3-embed-600m+rankzephyr|direct|judge_expr|0.7338
trec-dl-2019|qwen3-embed-600m+rankzephyr|direct|rankgpt|0.6182
trec-dl-2019|qwen3-embed-600m+rankzephyr|direct|setmaxheaptopk|0.5444
trec-dl-2019|qwen3-embed-600m+rankzephyr|largest_gap|judge|0.6884
trec-dl-2019|qwen3-embed-600m+rankzephyr|largest_gap|judge_expr|0.7301
trec-dl-2019|qwen3-embed-600m+rankzephyr|largest_gap|rankgpt|0.6182
trec-dl-2019|qwen3-embed-600m+rankzephyr|largest_gap|setmaxheaptopk|0.5444
trec-dl-2019|qwen3-embed-600m+rankzephyr|optimal_global|judge|0.791
trec-dl-2019|qwen3-embed-600m+rankzephyr|optimal_global|judge_expr|0.8248
trec-dl-2019|qwen3-embed-600m+rankzephyr|optimal_global|rankgpt|0.788
trec-dl-2019|qwen3-embed-600m+rankzephyr|optimal_global|setmaxheaptopk|0.8277
trec-dl-2019|qwen3-embed-600m+rankzephyr|optimal_per_topic|judge|0.8638
trec-dl-2019|qwen3-embed-600m+rankzephyr|optimal_per_topic|judge_expr|0.8282
trec-dl-2019|qwen3-embed-600m+rankzephyr|optimal_per_topic|rankgpt|0.8847
trec-dl-2019|qwen3-embed-600m+rankzephyr|optimal_per_topic|setmaxheaptopk|0.8437
trec-dl-2019|qwen3-embed-600m+rankzephyr|quantile|judge|0.8493
trec-dl-2019|qwen3-embed-600m+rankzephyr|quantile|judge_expr|0.7572
trec-dl-2019|qwen3-embed-600m+rankzephyr|quantile|rankgpt|0.8124
trec-dl-2019|qwen3-embed-600m+rankzephyr|quantile|setmaxheaptopk|0.751
trec-dl-2019|qwen3-embed-600m+rankzephyr|rank|judge|0.593
trec-dl-2019|qwen3-embed-600m+rankzephyr|rank|judge_expr|0.5156
trec-dl-2019|qwen3-embed-600m+rankzephyr|rank|rankgpt|0.5705
trec-dl-2019|qwen3-embed-600m+rankzephyr|rank|setmaxheaptopk|0.5773
trec-dl-2019|qwen3-embed-600m+rankzephyr|thresholding|judge|0.7302
trec-dl-2019|qwen3-embed-600m+rankzephyr|thresholding|judge_expr|0.7208
trec-dl-2019|qwen3-embed-600m+rankzephyr|thresholding|rankgpt|0.0
trec-dl-2019|qwen3-embed-600m+rankzephyr|thresholding|setmaxheaptopk|0.0
trec-dl-2019|qwen3-embed-600m+setmaxheaptopk|direct|judge|0.7764
trec-dl-2019|qwen3-embed-600m+setmaxheaptopk|direct|judge_expr|0.7262
trec-dl-2019|qwen3-embed-600m+setmaxheaptopk|direct|rankgpt|0.5532
trec-dl-2019|qwen3-embed-600m+setmaxheaptopk|direct|setmaxheaptopk|0.5559
trec-dl-2019|qwen3-embed-600m+setmaxheaptopk|largest_gap|judge|0.6965
trec-dl-2019|qwen3-embed-600m+setmaxheaptopk|largest_gap|judge_expr|0.7377
trec-dl-2019|qwen3-embed-600m+setmaxheaptopk|largest_gap|rankgpt|0.5532
trec-dl-2019|qwen3-embed-600m+setmaxheaptopk|largest_gap|setmaxheaptopk|0.5559
trec-dl-2019|qwen3-embed-600m+setmaxheaptopk|optimal_global|judge|0.7801
trec-dl-2019|qwen3-embed-600m+setmaxheaptopk|optimal_global|judge_expr|0.8019
trec-dl-2019|qwen3-embed-600m+setmaxheaptopk|optimal_global|rankgpt|0.7163
trec-dl-2019|qwen3-embed-600m+setmaxheaptopk|optimal_global|setmaxheaptopk|0.7986
trec-dl-2019|qwen3-embed-600m+setmaxheaptopk|optimal_per_topic|judge|0.8349
trec-dl-2019|qwen3-embed-600m+setmaxheaptopk|optimal_per_topic|judge_expr|0.8077
trec-dl-2019|qwen3-embed-600m+setmaxheaptopk|optimal_per_topic|rankgpt|0.8198
trec-dl-2019|qwen3-embed-600m+setmaxheaptopk|optimal_per_topic|setmaxheaptopk|0.8373
trec-dl-2019|qwen3-embed-600m+setmaxheaptopk|quantile|judge|0.8169
trec-dl-2019|qwen3-embed-600m+setmaxheaptopk|quantile|judge_expr|0.7194
trec-dl-2019|qwen3-embed-600m+setmaxheaptopk|quantile|rankgpt|0.7268
trec-dl-2019|qwen3-embed-600m+setmaxheaptopk|quantile|setmaxheaptopk|0.7467
trec-dl-2019|qwen3-embed-600m+setmaxheaptopk|rank|judge|0.5426
trec-dl-2019|qwen3-embed-600m+setmaxheaptopk|rank|judge_expr|0.5011
trec-dl-2019|qwen3-embed-600m+setmaxheaptopk|rank|rankgpt|0.56
trec-dl-2019|qwen3-embed-600m+setmaxheaptopk|rank|setmaxheaptopk|0.6189
trec-dl-2019|qwen3-embed-600m+setmaxheaptopk|thresholding|judge|0.7256
trec-dl-2019|qwen3-embed-600m+setmaxheaptopk|thresholding|judge_expr|0.7189
trec-dl-2019|qwen3-embed-600m+setmaxheaptopk|thresholding|rankgpt|0.0
trec-dl-2019|qwen3-embed-600m+setmaxheaptopk|thresholding|setmaxheaptopk|0.0
trec-dl-2019|splade-v3|direct|judge|0.7606
trec-dl-2019|splade-v3|direct|judge_expr|0.6862
trec-dl-2019|splade-v3|direct|rankgpt|0.6068
trec-dl-2019|splade-v3|direct|setmaxheaptopk|0.5074
trec-dl-2019|splade-v3|largest_gap|judge|0.625
trec-dl-2019|splade-v3|largest_gap|judge_expr|0.6797
trec-dl-2019|splade-v3|largest_gap|rankgpt|0.6068
trec-dl-2019|splade-v3|largest_gap|setmaxheaptopk|0.5074
trec-dl-2019|splade-v3|optimal_global|judge|0.776
trec-dl-2019|splade-v3|optimal_global|judge_expr|0.801
trec-dl-2019|splade-v3|optimal_global|rankgpt|0.8747
trec-dl-2019|splade-v3|optimal_global|setmaxheaptopk|0.834
trec-dl-2019|splade-v3|optimal_per_topic|judge|0.8401
trec-dl-2019|splade-v3|optimal_per_topic|judge_expr|0.8218
trec-dl-2019|splade-v3|optimal_per_topic|rankgpt|0.8945
trec-dl-2019|splade-v3|optimal_per_topic|setmaxheaptopk|0.8101
trec-dl-2019|splade-v3|quantile|judge|0.8294
trec-dl-2019|splade-v3|quantile|judge_expr|0.6875
trec-dl-2019|splade-v3|quantile|rankgpt|0.8901
trec-dl-2019|splade-v3|quantile|setmaxheaptopk|0.7474
trec-dl-2019|splade-v3|rank|judge|0.596
trec-dl-2019|splade-v3|rank|judge_expr|0.4496
trec-dl-2019|splade-v3|rank|rankgpt|0.5729
trec-dl-2019|splade-v3|rank|setmaxheaptopk|0.5662
trec-dl-2019|splade-v3|thresholding|judge|0.6779
trec-dl-2019|splade-v3|thresholding|judge_expr|0.6594
trec-dl-2019|splade-v3|thresholding|rankgpt|0.0
trec-dl-2019|splade-v3|thresholding|setmaxheaptopk|0.0
trec-dl-2019|splade-v3+judge|direct|judge|0.8875
trec-dl-2019|splade-v3+judge|direct|judge_expr|0.8793
trec-dl-2019|splade-v3+judge|direct|rankgpt|0.3191
trec-dl-2019|splade-v3+judge|direct|setmaxheaptopk|0.3208
trec-dl-2019|splade-v3+judge|largest_gap|judge|0.9026
trec-dl-2019|splade-v3+judge|largest_gap|judge_expr|0.8856
trec-dl-2019|splade-v3+judge|largest_gap|rankgpt|0.3191
trec-dl-2019|splade-v3+judge|largest_gap|setmaxheaptopk|0.3208
trec-dl-2019|splade-v3+judge|optimal_global|judge|0.8909
trec-dl-2019|splade-v3+judge|optimal_global|judge_expr|0.8579
trec-dl-2019|splade-v3+judge|optimal_global|rankgpt|0.6177
trec-dl-2019|splade-v3+judge|optimal_global|setmaxheaptopk|0.7487
trec-dl-2019|splade-v3+judge|optimal_per_topic|judge|0.8978
trec-dl-2019|splade-v3+judge|optimal_per_topic|judge_expr|0.8421
trec-dl-2019|splade-v3+judge|optimal_per_topic|rankgpt|0.7387
trec-dl-2019|splade-v3+judge|optimal_per_topic|setmaxheaptopk|0.7323
trec-dl-2019|splade-v3+judge|quantile|judge|0.8784
trec-dl-2019|splade-v3+judge|quantile|judge_expr|0.7667
trec-dl-2019|splade-v3+judge|quantile|rankgpt|0.6416
trec-dl-2019|splade-v3+judge|quantile|setmaxheaptopk|0.6287
trec-dl-2019|splade-v3+judge|rank|judge|0.5915
trec-dl-2019|splade-v3+judge|rank|judge_expr|0.5474
trec-dl-2019|splade-v3+judge|rank|rankgpt|0.4272
trec-dl-2019|splade-v3+judge|rank|setmaxheaptopk|0.4522
trec-dl-2019|splade-v3+judge|thresholding|judge|0.8732
trec-dl-2019|splade-v3+judge|thresholding|judge_expr|0.8556
trec-dl-2019|splade-v3+judge|thresholding|rankgpt|0.0
trec-dl-2019|splade-v3+judge|thresholding|setmaxheaptopk|0.0
trec-dl-2019|splade-v3+judge_expr|direct|judge|0.9027
trec-dl-2019|splade-v3+judge_expr|direct|judge_expr|0.91
trec-dl-2019|splade-v3+judge_expr|direct|rankgpt|0.3406
trec-dl-2019|splade-v3+judge_expr|direct|setmaxheaptopk|0.4203
trec-dl-2019|splade-v3+judge_expr|largest_gap|judge|0.9184
trec-dl-2019|splade-v3+judge_expr|largest_gap|judge_expr|0.9014
trec-dl-2019|splade-v3+judge_expr|largest_gap|rankgpt|0.3406
trec-dl-2019|splade-v3+judge_expr|largest_gap|setmaxheaptopk|0.4203
trec-dl-2019|splade-v3+judge_expr|optimal_global|judge|0.8978
trec-dl-2019|splade-v3+judge_expr|optimal_global|judge_expr|0.912
trec-dl-2019|splade-v3+judge_expr|optimal_global|rankgpt|0.6826
trec-dl-2019|splade-v3+judge_expr|optimal_global|setmaxheaptopk|0.7811
trec-dl-2019|splade-v3+judge_expr|optimal_per_topic|judge|0.9022
trec-dl-2019|splade-v3+judge_expr|optimal_per_topic|judge_expr|0.912
trec-dl-2019|splade-v3+judge_expr|optimal_per_topic|rankgpt|0.782
trec-dl-2019|splade-v3+judge_expr|optimal_per_topic|setmaxheaptopk|0.7737
trec-dl-2019|splade-v3+judge_expr|quantile|judge|0.8994
trec-dl-2019|splade-v3+judge_expr|quantile|judge_expr|0.8994
trec-dl-2019|splade-v3+judge_expr|quantile|rankgpt|0.7
trec-dl-2019|splade-v3+judge_expr|quantile|setmaxheaptopk|0.6567
trec-dl-2019|splade-v3+judge_expr|rank|judge|0.6171
trec-dl-2019|splade-v3+judge_expr|rank|judge_expr|0.8711
trec-dl-2019|splade-v3+judge_expr|rank|rankgpt|0.478
trec-dl-2019|splade-v3+judge_expr|rank|setmaxheaptopk|0.5227
trec-dl-2019|splade-v3+judge_expr|thresholding|judge|0.8846
trec-dl-2019|splade-v3+judge_expr|thresholding|judge_expr|0.8902
trec-dl-2019|splade-v3+judge_expr|thresholding|rankgpt|0.0
trec-dl-2019|splade-v3+judge_expr|thresholding|setmaxheaptopk|0.0
trec-dl-2019|splade-v3+point|direct|judge|0.7298
trec-dl-2019|splade-v3+point|direct|judge_expr|0.6601
trec-dl-2019|splade-v3+point|direct|rankgpt|0.2812
trec-dl-2019|splade-v3+point|direct|setmaxheaptopk|0.2709
trec-dl-2019|splade-v3+point|largest_gap|judge|0.562
trec-dl-2019|splade-v3+point|largest_gap|judge_expr|0.6462
trec-dl-2019|splade-v3+point|largest_gap|rankgpt|0.2812
trec-dl-2019|splade-v3+point|largest_gap|setmaxheaptopk|0.2709
trec-dl-2019|splade-v3+point|optimal_global|judge|0.7666
trec-dl-2019|splade-v3+point|optimal_global|judge_expr|0.7807
trec-dl-2019|splade-v3+point|optimal_global|rankgpt|0.5976
trec-dl-2019|splade-v3+point|optimal_global|setmaxheaptopk|0.7266
trec-dl-2019|splade-v3+point|optimal_per_topic|judge|0.7778
trec-dl-2019|splade-v3+point|optimal_per_topic|judge_expr|0.7551
trec-dl-2019|splade-v3+point|optimal_per_topic|rankgpt|0.7256
trec-dl-2019|splade-v3+point|optimal_per_topic|setmaxheaptopk|0.7463
trec-dl-2019|splade-v3+point|quantile|judge|0.7512
trec-dl-2019|splade-v3+point|quantile|judge_expr|0.6124
trec-dl-2019|splade-v3+point|quantile|rankgpt|0.6224
trec-dl-2019|splade-v3+point|quantile|setmaxheaptopk|0.6256
trec-dl-2019|splade-v3+point|rank|judge|0.4292
trec-dl-2019|splade-v3+point|rank|judge_expr|0.3858
trec-dl-2019|splade-v3+point|rank|rankgpt|0.4066
trec-dl-2019|splade-v3+point|rank|setmaxheaptopk|0.401
trec-dl-2019|splade-v3+point|thresholding|judge|0.6716
trec-dl-2019|splade-v3+point|thresholding|judge_expr|0.6399
trec-dl-2019|splade-v3+point|thresholding|rankgpt|0.0
trec-dl-2019|splade-v3+point|thresholding|setmaxheaptopk|0.0
trec-dl-2019|splade-v3+rankfirst|direct|judge|0.8138
trec-dl-2019|splade-v3+rankfirst|direct|judge_expr|0.7517
trec-dl-2019|splade-v3+rankfirst|direct|rankgpt|0.6389
trec-dl-2019|splade-v3+rankfirst|direct|setmaxheaptopk|0.585
trec-dl-2019|splade-v3+rankfirst|largest_gap|judge|0.6985
trec-dl-2019|splade-v3+rankfirst|largest_gap|judge_expr|0.7514
trec-dl-2019|splade-v3+rankfirst|largest_gap|rankgpt|0.6389
trec-dl-2019|splade-v3+rankfirst|largest_gap|setmaxheaptopk|0.585
trec-dl-2019|splade-v3+rankfirst|optimal_global|judge|0.8207
trec-dl-2019|splade-v3+rankfirst|optimal_global|judge_expr|0.8421
trec-dl-2019|splade-v3+rankfirst|optimal_global|rankgpt|0.8548
trec-dl-2019|splade-v3+rankfirst|optimal_global|setmaxheaptopk|0.8632
trec-dl-2019|splade-v3+rankfirst|optimal_per_topic|judge|0.8923
trec-dl-2019|splade-v3+rankfirst|optimal_per_topic|judge_expr|0.8664
trec-dl-2019|splade-v3+rankfirst|optimal_per_topic|rankgpt|0.9017
trec-dl-2019|splade-v3+rankfirst|optimal_per_topic|setmaxheaptopk|0.8817
trec-dl-2019|splade-v3+rankfirst|quantile|judge|0.8856
trec-dl-2019|splade-v3+rankfirst|quantile|judge_expr|0.7555
trec-dl-2019|splade-v3+rankfirst|quantile|rankgpt|0.8658
trec-dl-2019|splade-v3+rankfirst|quantile|setmaxheaptopk|0.7999
trec-dl-2019|splade-v3+rankfirst|rank|judge|0.609
trec-dl-2019|splade-v3+rankfirst|rank|judge_expr|0.5144
trec-dl-2019|splade-v3+rankfirst|rank|rankgpt|0.6186
trec-dl-2019|splade-v3+rankfirst|rank|setmaxheaptopk|0.6275
trec-dl-2019|splade-v3+rankfirst|thresholding|judge|0.7381
trec-dl-2019|splade-v3+rankfirst|thresholding|judge_expr|0.7313
trec-dl-2019|splade-v3+rankfirst|thresholding|rankgpt|0.0
trec-dl-2019|splade-v3+rankfirst|thresholding|setmaxheaptopk|0.0
trec-dl-2019|splade-v3+rankgpt|direct|judge|0.8243
trec-dl-2019|splade-v3+rankgpt|direct|judge_expr|0.7501
trec-dl-2019|splade-v3+rankgpt|direct|rankgpt|0.7124
trec-dl-2019|splade-v3+rankgpt|direct|setmaxheaptopk|0.6401
trec-dl-2019|splade-v3+rankgpt|largest_gap|judge|0.7002
trec-dl-2019|splade-v3+rankgpt|largest_gap|judge_expr|0.7424
trec-dl-2019|splade-v3+rankgpt|largest_gap|rankgpt|0.7124
trec-dl-2019|splade-v3+rankgpt|largest_gap|setmaxheaptopk|0.6401
trec-dl-2019|splade-v3+rankgpt|optimal_global|judge|0.8351
trec-dl-2019|splade-v3+rankgpt|optimal_global|judge_expr|0.8706
trec-dl-2019|splade-v3+rankgpt|optimal_global|rankgpt|0.881
trec-dl-2019|splade-v3+rankgpt|optimal_global|setmaxheaptopk|0.8754
trec-dl-2019|splade-v3+rankgpt|optimal_per_topic|judge|0.8871
trec-dl-2019|splade-v3+rankgpt|optimal_per_topic|judge_expr|0.8768
trec-dl-2019|splade-v3+rankgpt|optimal_per_topic|rankgpt|0.9102
trec-dl-2019|splade-v3+rankgpt|optimal_per_topic|setmaxheaptopk|0.8758
trec-dl-2019|splade-v3+rankgpt|quantile|judge|0.9057
trec-dl-2019|splade-v3+rankgpt|quantile|judge_expr|0.7643
trec-dl-2019|splade-v3+rankgpt|quantile|rankgpt|0.8935
trec-dl-2019|splade-v3+rankgpt|quantile|setmaxheaptopk|0.7925
trec-dl-2019|splade-v3+rankgpt|rank|judge|0.6255
trec-dl-2019|splade-v3+rankgpt|rank|judge_expr|0.5117
trec-dl-2019|splade-v3+rankgpt|rank|rankgpt|0.6591
trec-dl-2019|splade-v3+rankgpt|rank|setmaxheaptopk|0.6341
trec-dl-2019|splade-v3+rankgpt|thresholding|judge|0.7466
trec-dl-2019|splade-v3+rankgpt|thresholding|judge_expr|0.7088
trec-dl-2019|splade-v3+rankgpt|thresholding|rankgpt|0.0
trec-dl-2019|splade-v3+rankgpt|thresholding|setmaxheaptopk|0.0
trec-dl-2019|splade-v3+rankzephyr|direct|judge|0.8163
trec-dl-2019|splade-v3+rankzephyr|direct|judge_expr|0.7538
trec-dl-2019|splade-v3+rankzephyr|direct|rankgpt|0.6604
trec-dl-2019|splade-v3+rankzephyr|direct|setmaxheaptopk|0.5855
trec-dl-2019|splade-v3+rankzephyr|largest_gap|judge|0.7087
trec-dl-2019|splade-v3+rankzephyr|largest_gap|judge_expr|0.7543
trec-dl-2019|splade-v3+rankzephyr|largest_gap|rankgpt|0.6604
trec-dl-2019|splade-v3+rankzephyr|largest_gap|setmaxheaptopk|0.5855
trec-dl-2019|splade-v3+rankzephyr|optimal_global|judge|0.8183
trec-dl-2019|splade-v3+rankzephyr|optimal_global|judge_expr|0.8418
trec-dl-2019|splade-v3+rankzephyr|optimal_global|rankgpt|0.8357
trec-dl-2019|splade-v3+rankzephyr|optimal_global|setmaxheaptopk|0.8626
trec-dl-2019|splade-v3+rankzephyr|optimal_per_topic|judge|0.8876
trec-dl-2019|splade-v3+rankzephyr|optimal_per_topic|judge_expr|0.8712
trec-dl-2019|splade-v3+rankzephyr|optimal_per_topic|rankgpt|0.901
trec-dl-2019|splade-v3+rankzephyr|optimal_per_topic|setmaxheaptopk|0.8669
trec-dl-2019|splade-v3+rankzephyr|quantile|judge|0.8881
trec-dl-2019|splade-v3+rankzephyr|quantile|judge_expr|0.7497
trec-dl-2019|splade-v3+rankzephyr|quantile|rankgpt|0.8567
trec-dl-2019|splade-v3+rankzephyr|quantile|setmaxheaptopk|0.7967
trec-dl-2019|splade-v3+rankzephyr|rank|judge|0.6393
trec-dl-2019|splade-v3+rankzephyr|rank|judge_expr|0.5053
trec-dl-2019|splade-v3+rankzephyr|rank|rankgpt|0.63
trec-dl-2019|splade-v3+rankzephyr|rank|setmaxheaptopk|0.6122
trec-dl-2019|splade-v3+rankzephyr|thresholding|judge|0.7375
trec-dl-2019|splade-v3+rankzephyr|thresholding|judge_expr|0.7293
trec-dl-2019|splade-v3+rankzephyr|thresholding|rankgpt|0.0
trec-dl-2019|splade-v3+rankzephyr|thresholding|setmaxheaptopk|0.0
trec-dl-2019|splade-v3+setmaxheaptopk|direct|judge|0.8299
trec-dl-2019|splade-v3+setmaxheaptopk|direct|judge_expr|0.7714
trec-dl-2019|splade-v3+setmaxheaptopk|direct|rankgpt|0.6748
trec-dl-2019|splade-v3+setmaxheaptopk|direct|setmaxheaptopk|0.6592
trec-dl-2019|splade-v3+setmaxheaptopk|largest_gap|judge|0.7351
trec-dl-2019|splade-v3+setmaxheaptopk|largest_gap|judge_expr|0.7701
trec-dl-2019|splade-v3+setmaxheaptopk|largest_gap|rankgpt|0.6748
trec-dl-2019|splade-v3+setmaxheaptopk|largest_gap|setmaxheaptopk|0.6592
trec-dl-2019|splade-v3+setmaxheaptopk|optimal_global|judge|0.8489
trec-dl-2019|splade-v3+setmaxheaptopk|optimal_global|judge_expr|0.8724
trec-dl-2019|splade-v3+setmaxheaptopk|optimal_global|rankgpt|0.8105
trec-dl-2019|splade-v3+setmaxheaptopk|optimal_global|setmaxheaptopk|0.8795
trec-dl-2019|splade-v3+setmaxheaptopk|optimal_per_topic|judge|0.8722
trec-dl-2019|splade-v3+setmaxheaptopk|optimal_per_topic|judge_expr|0.8626
trec-dl-2019|splade-v3+setmaxheaptopk|optimal_per_topic|rankgpt|0.878
trec-dl-2019|splade-v3+setmaxheaptopk|optimal_per_topic|setmaxheaptopk|0.8711
trec-dl-2019|splade-v3+setmaxheaptopk|quantile|judge|0.8808
trec-dl-2019|splade-v3+setmaxheaptopk|quantile|judge_expr|0.7762
trec-dl-2019|splade-v3+setmaxheaptopk|quantile|rankgpt|0.828
trec-dl-2019|splade-v3+setmaxheaptopk|quantile|setmaxheaptopk|0.829
trec-dl-2019|splade-v3+setmaxheaptopk|rank|judge|0.6047
trec-dl-2019|splade-v3+setmaxheaptopk|rank|judge_expr|0.5512
trec-dl-2019|splade-v3+setmaxheaptopk|rank|rankgpt|0.6018
trec-dl-2019|splade-v3+setmaxheaptopk|rank|setmaxheaptopk|0.6818
trec-dl-2019|splade-v3+setmaxheaptopk|thresholding|judge|0.7661
trec-dl-2019|splade-v3+setmaxheaptopk|thresholding|judge_expr|0.7439
trec-dl-2019|splade-v3+setmaxheaptopk|thresholding|rankgpt|0.0
trec-dl-2019|splade-v3+setmaxheaptopk|thresholding|setmaxheaptopk|0.0
trec-dl-2020|bm25|direct|judge|0.4897
trec-dl-2020|bm25|direct|judge_expr|0.415
trec-dl-2020|bm25|direct|rankgpt|0.357
trec-dl-2020|bm25|direct|setmaxheaptopk|0.2933
trec-dl-2020|bm25|largest_gap|judge|0.3498
trec-dl-2020|bm25|largest_gap|judge_expr|0.3987
trec-dl-2020|bm25|largest_gap|rankgpt|0.357
trec-dl-2020|bm25|largest_gap|setmaxheaptopk|0.2933
trec-dl-2020|bm25|optimal_global|judge|0.4157
trec-dl-2020|bm25|optimal_global|judge_expr|0.435
trec-dl-2020|bm25|optimal_global|rankgpt|0.4365
trec-dl-2020|bm25|optimal_global|setmaxheaptopk|0.356
trec-dl-2020|bm25|optimal_per_topic|judge|0.5019
trec-dl-2020|bm25|optimal_per_topic|judge_expr|0.5175
trec-dl-2020|bm25|optimal_per_topic|rankgpt|0.5399
trec-dl-2020|bm25|optimal_per_topic|setmaxheaptopk|0.5288
trec-dl-2020|bm25|quantile|judge|0.5649
trec-dl-2020|bm25|quantile|judge_expr|0.4578
trec-dl-2020|bm25|quantile|rankgpt|0.5427
trec-dl-2020|bm25|quantile|setmaxheaptopk|0.4789
trec-dl-2020|bm25|rank|judge|0.3377
trec-dl-2020|bm25|rank|judge_expr|0.2987
trec-dl-2020|bm25|rank|rankgpt|0.365
trec-dl-2020|bm25|rank|setmaxheaptopk|0.356
trec-dl-2020|bm25|thresholding|judge|0.4251
trec-dl-2020|bm25|thresholding|judge_expr|0.4035
trec-dl-2020|bm25|thresholding|rankgpt|0.0
trec-dl-2020|bm25|thresholding|setmaxheaptopk|0.0
trec-dl-2020|bm25+judge|direct|judge|0.7909
trec-dl-2020|bm25+judge|direct|judge_expr|0.7674
trec-dl-2020|bm25+judge|direct|rankgpt|0.4997
trec-dl-2020|bm25+judge|direct|setmaxheaptopk|0.4393
trec-dl-2020|bm25+judge|largest_gap|judge|0.7421
trec-dl-2020|bm25+judge|largest_gap|judge_expr|0.7834
trec-dl-2020|bm25+judge|largest_gap|rankgpt|0.4997
trec-dl-2020|bm25+judge|largest_gap|setmaxheaptopk|0.4393
trec-dl-2020|bm25+judge|optimal_global|judge|0.782
trec-dl-2020|bm25+judge|optimal_global|judge_expr|0.7851
trec-dl-2020|bm25+judge|optimal_global|rankgpt|0.5555
trec-dl-2020|bm25+judge|optimal_global|setmaxheaptopk|0.4815
trec-dl-2020|bm25+judge|optimal_per_topic|judge|0.7979
trec-dl-2020|bm25+judge|optimal_per_topic|judge_expr|0.795
trec-dl-2020|bm25+judge|optimal_per_topic|rankgpt|0.7095
trec-dl-2020|bm25+judge|optimal_per_topic|setmaxheaptopk|0.6881
trec-dl-2020|bm25+judge|quantile|judge|0.8143
trec-dl-2020|bm25+judge|quantile|judge_expr|0.753
trec-dl-2020|bm25+judge|quantile|rankgpt|0.6559
trec-dl-2020|bm25+judge|quantile|setmaxheaptopk|0.6245
trec-dl-2020|bm25+judge|rank|judge|0.5964
trec-dl-2020|bm25+judge|rank|judge_expr|0.5459
trec-dl-2020|bm25+judge|rank|rankgpt|0.4743
trec-dl-2020|bm25+judge|rank|setmaxheaptopk|0.4815
trec-dl-2020|bm25+judge|thresholding|judge|0.7815
trec-dl-2020|bm25+judge|thresholding|judge_expr|0.7704
trec-dl-2020|bm25+judge|thresholding|rankgpt|0.0
trec-dl-2020|bm25+judge|thresholding|setmaxheaptopk|0.0
trec-dl-2020|bm25+judge_expr|direct|judge|0.7903
trec-dl-2020|bm25+judge_expr|direct|judge_expr|0.7762
trec-dl-2020|bm25+judge_expr|direct|rankgpt|0.5135
trec-dl-2020|bm25+judge_expr|direct|setmaxheaptopk|0.4692
trec-dl-2020|bm25+judge_expr|largest_gap|judge|0.7498
trec-dl-2020|bm25+judge_expr|largest_gap|judge_expr|0.7882
trec-dl-2020|bm25+judge_expr|largest_gap|rankgpt|0.5135
trec-dl-2020|bm25+judge_expr|largest_gap|setmaxheaptopk|0.4692
trec-dl-2020|bm25+judge_expr|optimal_global|judge|0.7839
trec-dl-2020|bm25+judge_expr|optimal_global|judge_expr|0.784
trec-dl-2020|bm25+judge_expr|optimal_global|rankgpt|0.5816
trec-dl-2020|bm25+judge_expr|optimal_global|setmaxheaptopk|0.5196
trec-dl-2020|bm25+judge_expr|optimal_per_topic|judge|0.7973
trec-dl-2020|bm25+judge_expr|optimal_per_topic|judge_expr|0.8086
trec-dl-2020|bm25+judge_expr|optimal_per_topic|rankgpt|0.7079
trec-dl-2020|bm25+judge_expr|optimal_per_topic|setmaxheaptopk|0.7211
trec-dl-2020|bm25+judge_expr|quantile|judge|0.8178
trec-dl-2020|bm25+judge_expr|quantile|judge_expr|0.7966
trec-dl-2020|bm25+judge_expr|quantile|rankgpt|0.673
trec-dl-2020|bm25+judge_expr|quantile|setmaxheaptopk|0.6694
trec-dl-2020|bm25+judge_expr|rank|judge|0.5876
trec-dl-2020|bm25+judge_expr|rank|judge_expr|0.648
trec-dl-2020|bm25+judge_expr|rank|rankgpt|0.4932
trec-dl-2020|bm25+judge_expr|rank|setmaxheaptopk|0.5196
trec-dl-2020|bm25+judge_expr|thresholding|judge|0.7815
trec-dl-2020|bm25+judge_expr|thresholding|judge_expr|0.7812
trec-dl-2020|bm25+judge_expr|thresholding|rankgpt|0.0
trec-dl-2020|bm25+judge_expr|thresholding|setmaxheaptopk|0.0
trec-dl-2020|bm25+point|direct|judge|0.6364
trec-dl-2020|bm25+point|direct|judge_expr|0.5675
trec-dl-2020|bm25+point|direct|rankgpt|0.4086
trec-dl-2020|bm25+point|direct|setmaxheaptopk|0.3488
trec-dl-2020|bm25+point|largest_gap|judge|0.4819
trec-dl-2020|bm25+point|largest_gap|judge_expr|0.5742
trec-dl-2020|bm25+point|largest_gap|rankgpt|0.4086
trec-dl-2020|bm25+point|largest_gap|setmaxheaptopk|0.3488
trec-dl-2020|bm25+point|optimal_global|judge|0.5759
trec-dl-2020|bm25+point|optimal_global|judge_expr|0.604
trec-dl-2020|bm25+point|optimal_global|rankgpt|0.5409
trec-dl-2020|bm25+point|optimal_global|setmaxheaptopk|0.4356
trec-dl-2020|bm25+point|optimal_per_topic|judge|0.6608
trec-dl-2020|bm25+point|optimal_per_topic|judge_expr|0.6807
trec-dl-2020|bm25+point|optimal_per_topic|rankgpt|0.697
trec-dl-2020|bm25+point|optimal_per_topic|setmaxheaptopk|0.6754
trec-dl-2020|bm25+point|quantile|judge|0.7135
trec-dl-2020|bm25+point|quantile|judge_expr|0.6023
trec-dl-2020|bm25+point|quantile|rankgpt|0.6794
trec-dl-2020|bm25+point|quantile|setmaxheaptopk|0.6266
trec-dl-2020|bm25+point|rank|judge|0.4331
trec-dl-2020|bm25+point|rank|judge_expr|0.3853
trec-dl-2020|bm25+point|rank|rankgpt|0.4433
trec-dl-2020|bm25+point|rank|setmaxheaptopk|0.4356
trec-dl-2020|bm25+point|thresholding|judge|0.5909
trec-dl-2020|bm25+point|thresholding|judge_expr|0.5692
trec-dl-2020|bm25+point|thresholding|rankgpt|0.0
trec-dl-2020|bm25+point|thresholding|setmaxheaptopk|0.0
trec-dl-2020|bm25+rankfirst|direct|judge|0.7041
trec-dl-2020|bm25+rankfirst|direct|judge_expr|0.6404
trec-dl-2020|bm25+rankfirst|direct|rankgpt|0.5548
trec-dl-2020|bm25+rankfirst|direct|setmaxheaptopk|0.4977
trec-dl-2020|bm25+rankfirst|largest_gap|judge|0.5815
trec-dl-2020|bm25+rankfirst|largest_gap|judge_expr|0.6456
trec-dl-2020|bm25+rankfirst|largest_gap|rankgpt|0.5548
trec-dl-2020|bm25+rankfirst|largest_gap|setmaxheaptopk|0.4977
trec-dl-2020|bm25+rankfirst|optimal_global|judge|0.6507
trec-dl-2020|bm25+rankfirst|optimal_global|judge_expr|0.66
trec-dl-2020|bm25+rankfirst|optimal_global|rankgpt|0.6516
trec-dl-2020|bm25+rankfirst|optimal_global|setmaxheaptopk|0.579
trec-dl-2020|bm25+rankfirst|optimal_per_topic|judge|0.7322
trec-dl-2020|bm25+rankfirst|optimal_per_topic|judge_expr|0.7677
trec-dl-2020|bm25+rankfirst|optimal_per_topic|rankgpt|0.8024
trec-dl-2020|bm25+rankfirst|optimal_per_topic|setmaxheaptopk|0.7836
trec-dl-2020|bm25+rankfirst|quantile|judge|0.7992
trec-dl-2020|bm25+rankfirst|quantile|judge_expr|0.6871
trec-dl-2020|bm25+rankfirst|quantile|rankgpt|0.7878
trec-dl-2020|bm25+rankfirst|quantile|setmaxheaptopk|0.7236
trec-dl-2020|bm25+rankfirst|rank|judge|0.5223
trec-dl-2020|bm25+rankfirst|rank|judge_expr|0.4581
trec-dl-2020|bm25+rankfirst|rank|rankgpt|0.5664
trec-dl-2020|bm25+rankfirst|rank|setmaxheaptopk|0.579
trec-dl-2020|bm25+rankfirst|thresholding|judge|0.651
trec-dl-2020|bm25+rankfirst|thresholding|judge_expr|0.6344
trec-dl-2020|bm25+rankfirst|thresholding|rankgpt|0.0
trec-dl-2020|bm25+rankfirst|thresholding|setmaxheaptopk|0.0
trec-dl-2020|bm25+rankgpt|direct|judge|0.6755
trec-dl-2020|bm25+rankgpt|direct|judge_expr|0.6135
trec-dl-2020|bm25+rankgpt|direct|rankgpt|0.5805
trec-dl-2020|bm25+rankgpt|direct|setmaxheaptopk|0.5108
trec-dl-2020|bm25+rankgpt|largest_gap|judge|0.5351
trec-dl-2020|bm25+rankgpt|largest_gap|judge_expr|0.6124
trec-dl-2020|bm25+rankgpt|largest_gap|rankgpt|0.5805
trec-dl-2020|bm25+rankgpt|largest_gap|setmaxheaptopk|0.5108
trec-dl-2020|bm25+rankgpt|optimal_global|judge|0.6229
trec-dl-2020|bm25+rankgpt|optimal_global|judge_expr|0.6427
trec-dl-2020|bm25+rankgpt|optimal_global|rankgpt|0.6275
trec-dl-2020|bm25+rankgpt|optimal_global|setmaxheaptopk|0.5604
trec-dl-2020|bm25+rankgpt|optimal_per_topic|judge|0.7129
trec-dl-2020|bm25+rankgpt|optimal_per_topic|judge_expr|0.7401
trec-dl-2020|bm25+rankgpt|optimal_per_topic|rankgpt|0.7479
trec-dl-2020|bm25+rankgpt|optimal_per_topic|setmaxheaptopk|0.7442
trec-dl-2020|bm25+rankgpt|quantile|judge|0.7579
trec-dl-2020|bm25+rankgpt|quantile|judge_expr|0.6783
trec-dl-2020|bm25+rankgpt|quantile|rankgpt|0.7317
trec-dl-2020|bm25+rankgpt|quantile|setmaxheaptopk|0.7068
trec-dl-2020|bm25+rankgpt|rank|judge|0.4882
trec-dl-2020|bm25+rankgpt|rank|judge_expr|0.4554
trec-dl-2020|bm25+rankgpt|rank|rankgpt|0.542
trec-dl-2020|bm25+rankgpt|rank|setmaxheaptopk|0.5604
trec-dl-2020|bm25+rankgpt|thresholding|judge|0.6243
trec-dl-2020|bm25+rankgpt|thresholding|judge_expr|0.5992
trec-dl-2020|bm25+rankgpt|thresholding|rankgpt|0.0
trec-dl-2020|bm25+rankgpt|thresholding|setmaxheaptopk|0.0
trec-dl-2020|bm25+rankzephyr|direct|judge|0.711
trec-dl-2020|bm25+rankzephyr|direct|judge_expr|0.6452
trec-dl-2020|bm25+rankzephyr|direct|rankgpt|0.5453
trec-dl-2020|bm25+rankzephyr|direct|setmaxheaptopk|0.484
trec-dl-2020|bm25+rankzephyr|largest_gap|judge|0.5824
trec-dl-2020|bm25+rankzephyr|largest_gap|judge_expr|0.6538
trec-dl-2020|bm25+rankzephyr|largest_gap|rankgpt|0.5453
trec-dl-2020|bm25+rankzephyr|largest_gap|setmaxheaptopk|0.484
trec-dl-2020|bm25+rankzephyr|optimal_global|judge|0.656
trec-dl-2020|bm25+rankzephyr|optimal_global|judge_expr|0.664
trec-dl-2020|bm25+rankzephyr|optimal_global|rankgpt|0.6735
trec-dl-2020|bm25+rankzephyr|optimal_global|setmaxheaptopk|0.5752
trec-dl-2020|bm25+rankzephyr|optimal_per_topic|judge|0.7354
trec-dl-2020|bm25+rankzephyr|optimal_per_topic|judge_expr|0.7584
trec-dl-2020|bm25+rankzephyr|optimal_per_topic|rankgpt|0.8211
trec-dl-2020|bm25+rankzephyr|optimal_per_topic|setmaxheaptopk|0.7979
trec-dl-2020|bm25+rankzephyr|quantile|judge|0.7936
trec-dl-2020|bm25+rankzephyr|quantile|judge_expr|0.6952
trec-dl-2020|bm25+rankzephyr|quantile|rankgpt|0.7829
trec-dl-2020|bm25+rankzephyr|quantile|setmaxheaptopk|0.725
trec-dl-2020|bm25+rankzephyr|rank|judge|0.5208
trec-dl-2020|bm25+rankzephyr|rank|judge_expr|0.4679
trec-dl-2020|bm25+rankzephyr|rank|rankgpt|0.57
trec-dl-2020|bm25+rankzephyr|rank|setmaxheaptopk|0.5752
trec-dl-2020|bm25+rankzephyr|thresholding|judge|0.6577
trec-dl-2020|bm25+rankzephyr|thresholding|judge_expr|0.6423
trec-dl-2020|bm25+rankzephyr|thresholding|rankgpt|0.0
trec-dl-2020|bm25+rankzephyr|thresholding|setmaxheaptopk|0.0
trec-dl-2020|bm25+setmaxheaptopk|direct|judge|0.7096
trec-dl-2020|bm25+setmaxheaptopk|direct|judge_expr|0.6473
trec-dl-2020|bm25+setmaxheaptopk|direct|rankgpt|0.5864
trec-dl-2020|bm25+setmaxheaptopk|direct|setmaxheaptopk|0.5849
trec-dl-2020|bm25+setmaxheaptopk|largest_gap|judge|0.5925
trec-dl-2020|bm25+setmaxheaptopk|largest_gap|judge_expr|0.6591
trec-dl-2020|bm25+setmaxheaptopk|largest_gap|rankgpt|0.5864
trec-dl-2020|bm25+setmaxheaptopk|largest_gap|setmaxheaptopk|0.5849
trec-dl-2020|bm25+setmaxheaptopk|optimal_global|judge|0.6579
trec-dl-2020|bm25+setmaxheaptopk|optimal_global|judge_expr|0.6684
trec-dl-2020|bm25+setmaxheaptopk|optimal_global|rankgpt|0.6231
trec-dl-2020|bm25+setmaxheaptopk|optimal_global|setmaxheaptopk|0.6051
trec-dl-2020|bm25+setmaxheaptopk|optimal_per_topic|judge|0.7316
trec-dl-2020|bm25+setmaxheaptopk|optimal_per_topic|judge_expr|0.7588
trec-dl-2020|bm25+setmaxheaptopk|optimal_per_topic|rankgpt|0.7848
trec-dl-2020|bm25+setmaxheaptopk|optimal_per_topic|setmaxheaptopk|0.8032
trec-dl-2020|bm25+setmaxheaptopk|quantile|judge|0.7871
trec-dl-2020|bm25+setmaxheaptopk|quantile|judge_expr|0.7085
trec-dl-2020|bm25+setmaxheaptopk|quantile|rankgpt|0.766
trec-dl-2020|bm25+setmaxheaptopk|quantile|setmaxheaptopk|0.7566
trec-dl-2020|bm25+setmaxheaptopk|rank|judge|0.4969
trec-dl-2020|bm25+setmaxheaptopk|rank|judge_expr|0.4717
trec-dl-2020|bm25+setmaxheaptopk|rank|rankgpt|0.5393
trec-dl-2020|bm25+setmaxheaptopk|rank|setmaxheaptopk|0.6051
trec-dl-2020|bm25+setmaxheaptopk|thresholding|judge|0.6615
trec-dl-2020|bm25+setmaxheaptopk|thresholding|judge_expr|0.6478
trec-dl-2020|bm25+setmaxheaptopk|thresholding|rankgpt|0.0
trec-dl-2020|bm25+setmaxheaptopk|thresholding|setmaxheaptopk|0.0
trec-dl-2020|colbert-small|direct|judge|0.724
trec-dl-2020|colbert-small|direct|judge_expr|0.6383
trec-dl-2020|colbert-small|direct|rankgpt|0.728
trec-dl-2020|colbert-small|direct|setmaxheaptopk|0.6478
trec-dl-2020|colbert-small|largest_gap|judge|0.5946
trec-dl-2020|colbert-small|largest_gap|judge_expr|0.6434
trec-dl-2020|colbert-small|largest_gap|rankgpt|0.728
trec-dl-2020|colbert-small|largest_gap|setmaxheaptopk|0.6478
trec-dl-2020|colbert-small|optimal_global|judge|0.6553
trec-dl-2020|colbert-small|optimal_global|judge_expr|0.6626
trec-dl-2020|colbert-small|optimal_global|rankgpt|0.8147
trec-dl-2020|colbert-small|optimal_global|setmaxheaptopk|0.585
trec-dl-2020|colbert-small|optimal_per_topic|judge|0.761
trec-dl-2020|colbert-small|optimal_per_topic|judge_expr|0.7957
trec-dl-2020|colbert-small|optimal_per_topic|rankgpt|0.9115
trec-dl-2020|colbert-small|optimal_per_topic|setmaxheaptopk|0.829
trec-dl-2020|colbert-small|quantile|judge|0.8113
trec-dl-2020|colbert-small|quantile|judge_expr|0.6735
trec-dl-2020|colbert-small|quantile|rankgpt|0.994
trec-dl-2020|colbert-small|quantile|setmaxheaptopk|0.7861
trec-dl-2020|colbert-small|rank|judge|0.5833
trec-dl-2020|colbert-small|rank|judge_expr|0.4426
trec-dl-2020|colbert-small|rank|rankgpt|0.6758
trec-dl-2020|colbert-small|rank|setmaxheaptopk|0.585
trec-dl-2020|colbert-small|thresholding|judge|0.6545
trec-dl-2020|colbert-small|thresholding|judge_expr|0.6489
trec-dl-2020|colbert-small|thresholding|rankgpt|0.0
trec-dl-2020|colbert-small|thresholding|setmaxheaptopk|0.0
trec-dl-2020|colbert-small+judge|direct|judge|1.0
trec-dl-2020|colbert-small+judge|direct|judge_expr|0.9828
trec-dl-2020|colbert-small+judge|direct|rankgpt|0.4566
trec-dl-2020|colbert-small+judge|direct|setmaxheaptopk|0.4351
trec-dl-2020|colbert-small+judge|largest_gap|judge|1.0
trec-dl-2020|colbert-small+judge|largest_gap|judge_expr|0.9856
trec-dl-2020|colbert-small+judge|largest_gap|rankgpt|0.4566
trec-dl-2020|colbert-small+judge|largest_gap|setmaxheaptopk|0.4351
trec-dl-2020|colbert-small+judge|optimal_global|judge|1.0
trec-dl-2020|colbert-small+judge|optimal_global|judge_expr|0.9981
trec-dl-2020|colbert-small+judge|optimal_global|rankgpt|0.5889
trec-dl-2020|colbert-small+judge|optimal_global|setmaxheaptopk|0.5043
trec-dl-2020|colbert-small+judge|optimal_per_topic|judge|1.0
trec-dl-2020|colbert-small+judge|optimal_per_topic|judge_expr|0.9617
trec-dl-2020|colbert-small+judge|optimal_per_topic|rankgpt|0.7906
trec-dl-2020|colbert-small+judge|optimal_per_topic|setmaxheaptopk|0.7815
trec-dl-2020|colbert-small+judge|quantile|judge|1.0
trec-dl-2020|colbert-small+judge|quantile|judge_expr|0.9577
trec-dl-2020|colbert-small+judge|quantile|rankgpt|0.7047
trec-dl-2020|colbert-small+judge|quantile|setmaxheaptopk|0.7042
trec-dl-2020|colbert-small+judge|rank|judge|0.7959
trec-dl-2020|colbert-small+judge|rank|judge_expr|0.7644
trec-dl-2020|colbert-small+judge|rank|rankgpt|0.4972
trec-dl-2020|colbert-small+judge|rank|setmaxheaptopk|0.5043
trec-dl-2020|colbert-small+judge|thresholding|judge|1.0
trec-dl-2020|colbert-small+judge|thresholding|judge_expr|0.9731
trec-dl-2020|colbert-small+judge|thresholding|rankgpt|0.0
trec-dl-2020|colbert-small+judge|thresholding|setmaxheaptopk|0.0
trec-dl-2020|colbert-small+judge_expr|direct|judge|0.9966
trec-dl-2020|colbert-small+judge_expr|direct|judge_expr|1.0
trec-dl-2020|colbert-small+judge_expr|direct|rankgpt|0.4601
trec-dl-2020|colbert-small+judge_expr|direct|setmaxheaptopk|0.4753
trec-dl-2020|colbert-small+judge_expr|largest_gap|judge|0.998
trec-dl-2020|colbert-small+judge_expr|largest_gap|judge_expr|1.0
trec-dl-2020|colbert-small+judge_expr|largest_gap|rankgpt|0.4601
trec-dl-2020|colbert-small+judge_expr|largest_gap|setmaxheaptopk|0.4753
trec-dl-2020|colbert-small+judge_expr|optimal_global|judge|0.997
trec-dl-2020|colbert-small+judge_expr|optimal_global|judge_expr|1.0
trec-dl-2020|colbert-small+judge_expr|optimal_global|rankgpt|0.6075
trec-dl-2020|colbert-small+judge_expr|optimal_global|setmaxheaptopk|0.5531
trec-dl-2020|colbert-small+judge_expr|optimal_per_topic|judge|0.997
trec-dl-2020|colbert-small+judge_expr|optimal_per_topic|judge_expr|1.0
trec-dl-2020|colbert-small+judge_expr|optimal_per_topic|rankgpt|0.7753
trec-dl-2020|colbert-small+judge_expr|optimal_per_topic|setmaxheaptopk|0.7969
trec-dl-2020|colbert-small+judge_expr|quantile|judge|0.9988
trec-dl-2020|colbert-small+judge_expr|quantile|judge_expr|1.0
trec-dl-2020|colbert-small+judge_expr|quantile|rankgpt|0.7137
trec-dl-2020|colbert-small+judge_expr|quantile|setmaxheaptopk|0.7441
trec-dl-2020|colbert-small+judge_expr|rank|judge|0.7623
trec-dl-2020|colbert-small+judge_expr|rank|judge_expr|1.0
trec-dl-2020|colbert-small+judge_expr|rank|rankgpt|0.5265
trec-dl-2020|colbert-small+judge_expr|rank|setmaxheaptopk|0.5531
trec-dl-2020|colbert-small+judge_expr|thresholding|judge|0.9999
trec-dl-2020|colbert-small+judge_expr|thresholding|judge_expr|1.0
trec-dl-2020|colbert-small+judge_expr|thresholding|rankgpt|0.0
trec-dl-2020|colbert-small+judge_expr|thresholding|setmaxheaptopk|0.0
trec-dl-2020|colbert-small+point|direct|judge|0.76
trec-dl-2020|colbert-small+point|direct|judge_expr|0.6863
trec-dl-2020|colbert-small+point|direct|rankgpt|0.3913
trec-dl-2020|colbert-small+point|direct|setmaxheaptopk|0.3502
trec-dl-2020|colbert-small+point|largest_gap|judge|0.594
trec-dl-2020|colbert-small+point|largest_gap|judge_expr|0.7126
trec-dl-2020|colbert-small+point|largest_gap|rankgpt|0.3913
trec-dl-2020|colbert-small+point|largest_gap|setmaxheaptopk|0.3502
trec-dl-2020|colbert-small+point|optimal_global|judge|0.7042
trec-dl-2020|colbert-small+point|optimal_global|judge_expr|0.7317
trec-dl-2020|colbert-small+point|optimal_global|rankgpt|0.5648
trec-dl-2020|colbert-small+point|optimal_global|setmaxheaptopk|0.4761
trec-dl-2020|colbert-small+point|optimal_per_topic|judge|0.7826
trec-dl-2020|colbert-small+point|optimal_per_topic|judge_expr|0.7945
trec-dl-2020|colbert-small+point|optimal_per_topic|rankgpt|0.7596
trec-dl-2020|colbert-small+point|optimal_per_topic|setmaxheaptopk|0.7579
trec-dl-2020|colbert-small+point|quantile|judge|0.834
trec-dl-2020|colbert-small+point|quantile|judge_expr|0.7117
trec-dl-2020|colbert-small+point|quantile|rankgpt|0.6997
trec-dl-2020|colbert-small+point|quantile|setmaxheaptopk|0.7021
trec-dl-2020|colbert-small+point|rank|judge|0.4927
trec-dl-2020|colbert-small+point|rank|judge_expr|0.4481
trec-dl-2020|colbert-small+point|rank|rankgpt|0.4741
trec-dl-2020|colbert-small+point|rank|setmaxheaptopk|0.4761
trec-dl-2020|colbert-small+point|thresholding|judge|0.7159
trec-dl-2020|colbert-small+point|thresholding|judge_expr|0.6977
trec-dl-2020|colbert-small+point|thresholding|rankgpt|0.0
trec-dl-2020|colbert-small+point|thresholding|setmaxheaptopk|0.0
trec-dl-2020|colbert-small+rankfirst|direct|judge|0.7993
trec-dl-2020|colbert-small+rankfirst|direct|judge_expr|0.7417
trec-dl-2020|colbert-small+rankfirst|direct|rankgpt|0.7057
trec-dl-2020|colbert-small+rankfirst|direct|setmaxheaptopk|0.6465
trec-dl-2020|colbert-small+rankfirst|largest_gap|judge|0.7112
trec-dl-2020|colbert-small+rankfirst|largest_gap|judge_expr|0.7511
trec-dl-2020|colbert-small+rankfirst|largest_gap|rankgpt|0.7057
trec-dl-2020|colbert-small+rankfirst|largest_gap|setmaxheaptopk|0.6465
trec-dl-2020|colbert-small+rankfirst|optimal_global|judge|0.7611
trec-dl-2020|colbert-small+rankfirst|optimal_global|judge_expr|0.7619
trec-dl-2020|colbert-small+rankfirst|optimal_global|rankgpt|0.7961
trec-dl-2020|colbert-small+rankfirst|optimal_global|setmaxheaptopk|0.6777
trec-dl-2020|colbert-small+rankfirst|optimal_per_topic|judge|0.8421
trec-dl-2020|colbert-small+rankfirst|optimal_per_topic|judge_expr|0.8809
trec-dl-2020|colbert-small+rankfirst|optimal_per_topic|rankgpt|0.9231
trec-dl-2020|colbert-small+rankfirst|optimal_per_topic|setmaxheaptopk|0.8937
trec-dl-2020|colbert-small+rankfirst|quantile|judge|0.8872
trec-dl-2020|colbert-small+rankfirst|quantile|judge_expr|0.7867
trec-dl-2020|colbert-small+rankfirst|quantile|rankgpt|0.9289
trec-dl-2020|colbert-small+rankfirst|quantile|setmaxheaptopk|0.838
trec-dl-2020|colbert-small+rankfirst|rank|judge|0.6337
trec-dl-2020|colbert-small+rankfirst|rank|judge_expr|0.5518
trec-dl-2020|colbert-small+rankfirst|rank|rankgpt|0.6966
trec-dl-2020|colbert-small+rankfirst|rank|setmaxheaptopk|0.6777
trec-dl-2020|colbert-small+rankfirst|thresholding|judge|0.7576
trec-dl-2020|colbert-small+rankfirst|thresholding|judge_expr|0.7451
trec-dl-2020|colbert-small+rankfirst|thresholding|rankgpt|0.0
trec-dl-2020|colbert-small+rankfirst|thresholding|setmaxheaptopk|0.0
trec-dl-2020|colbert-small+rankgpt|direct|judge|0.8155
trec-dl-2020|colbert-small+rankgpt|direct|judge_expr|0.7621
trec-dl-2020|colbert-small+rankgpt|direct|rankgpt|1.0
trec-dl-2020|colbert-small+rankgpt|direct|setmaxheaptopk|0.7472
trec-dl-2020|colbert-small+rankgpt|largest_gap|judge|0.7299
trec-dl-2020|colbert-small+rankgpt|largest_gap|judge_expr|0.7808
trec-dl-2020|colbert-small+rankgpt|largest_gap|rankgpt|1.0
trec-dl-2020|colbert-small+rankgpt|largest_gap|setmaxheaptopk|0.7472
trec-dl-2020|colbert-small+rankgpt|optimal_global|judge|0.785
trec-dl-2020|colbert-small+rankgpt|optimal_global|judge_expr|0.7847
trec-dl-2020|colbert-small+rankgpt|optimal_global|rankgpt|1.0
trec-dl-2020|colbert-small+rankgpt|optimal_global|setmaxheaptopk|0.6756
trec-dl-2020|colbert-small+rankgpt|optimal_per_topic|judge|0.8522
trec-dl-2020|colbert-small+rankgpt|optimal_per_topic|judge_expr|0.8793
trec-dl-2020|colbert-small+rankgpt|optimal_per_topic|rankgpt|1.0
trec-dl-2020|colbert-small+rankgpt|optimal_per_topic|setmaxheaptopk|0.8844
trec-dl-2020|colbert-small+rankgpt|quantile|judge|0.8927
trec-dl-2020|colbert-small+rankgpt|quantile|judge_expr|0.805
trec-dl-2020|colbert-small+rankgpt|quantile|rankgpt|1.0
trec-dl-2020|colbert-small+rankgpt|quantile|setmaxheaptopk|0.84
trec-dl-2020|colbert-small+rankgpt|rank|judge|0.6321
trec-dl-2020|colbert-small+rankgpt|rank|judge_expr|0.5497
trec-dl-2020|colbert-small+rankgpt|rank|rankgpt|1.0
trec-dl-2020|colbert-small+rankgpt|rank|setmaxheaptopk|0.6756
trec-dl-2020|colbert-small+rankgpt|thresholding|judge|0.7846
trec-dl-2020|colbert-small+rankgpt|thresholding|judge_expr|0.7784
trec-dl-2020|colbert-small+rankgpt|thresholding|rankgpt|0.0
trec-dl-2020|colbert-small+rankgpt|thresholding|setmaxheaptopk|0.0
trec-dl-2020|colbert-small+rankzephyr|direct|judge|0.8056
trec-dl-2020|colbert-small+rankzephyr|direct|judge_expr|0.751
trec-dl-2020|colbert-small+rankzephyr|direct|rankgpt|0.7123
trec-dl-2020|colbert-small+rankzephyr|direct|setmaxheaptopk|0.6754
trec-dl-2020|colbert-small+rankzephyr|largest_gap|judge|0.7183
trec-dl-2020|colbert-small+rankzephyr|largest_gap|judge_expr|0.7653
trec-dl-2020|colbert-small+rankzephyr|largest_gap|rankgpt|0.7123
trec-dl-2020|colbert-small+rankzephyr|largest_gap|setmaxheaptopk|0.6754
trec-dl-2020|colbert-small+rankzephyr|optimal_global|judge|0.7689
trec-dl-2020|colbert-small+rankzephyr|optimal_global|judge_expr|0.7747
trec-dl-2020|colbert-small+rankzephyr|optimal_global|rankgpt|0.7704
trec-dl-2020|colbert-small+rankzephyr|optimal_global|setmaxheaptopk|0.662
trec-dl-2020|colbert-small+rankzephyr|optimal_per_topic|judge|0.8442
trec-dl-2020|colbert-small+rankzephyr|optimal_per_topic|judge_expr|0.8933
trec-dl-2020|colbert-small+rankzephyr|optimal_per_topic|rankgpt|0.9093
trec-dl-2020|colbert-small+rankzephyr|optimal_per_topic|setmaxheaptopk|0.8949
trec-dl-2020|colbert-small+rankzephyr|quantile|judge|0.8915
trec-dl-2020|colbert-small+rankzephyr|quantile|judge_expr|0.7938
trec-dl-2020|colbert-small+rankzephyr|quantile|rankgpt|0.8813
trec-dl-2020|colbert-small+rankzephyr|quantile|setmaxheaptopk|0.8223
trec-dl-2020|colbert-small+rankzephyr|rank|judge|0.6046
trec-dl-2020|colbert-small+rankzephyr|rank|judge_expr|0.539
trec-dl-2020|colbert-small+rankzephyr|rank|rankgpt|0.6785
trec-dl-2020|colbert-small+rankzephyr|rank|setmaxheaptopk|0.662
trec-dl-2020|colbert-small+rankzephyr|thresholding|judge|0.771
trec-dl-2020|colbert-small+rankzephyr|thresholding|judge_expr|0.7582
trec-dl-2020|colbert-small+rankzephyr|thresholding|rankgpt|0.0
trec-dl-2020|colbert-small+rankzephyr|thresholding|setmaxheaptopk|0.0
trec-dl-2020|colbert-small+setmaxheaptopk|direct|judge|0.8282
trec-dl-2020|colbert-small+setmaxheaptopk|direct|judge_expr|0.7703
trec-dl-2020|colbert-small+setmaxheaptopk|direct|rankgpt|0.7877
trec-dl-2020|colbert-small+setmaxheaptopk|direct|setmaxheaptopk|1.0
trec-dl-2020|colbert-small+setmaxheaptopk|largest_gap|judge|0.747
trec-dl-2020|colbert-small+setmaxheaptopk|largest_gap|judge_expr|0.7793
trec-dl-2020|colbert-small+setmaxheaptopk|largest_gap|rankgpt|0.7877
trec-dl-2020|colbert-small+setmaxheaptopk|largest_gap|setmaxheaptopk|1.0
trec-dl-2020|colbert-small+setmaxheaptopk|optimal_global|judge|0.7861
trec-dl-2020|colbert-small+setmaxheaptopk|optimal_global|judge_expr|0.7905
trec-dl-2020|colbert-small+setmaxheaptopk|optimal_global|rankgpt|0.7574
trec-dl-2020|colbert-small+setmaxheaptopk|optimal_global|setmaxheaptopk|1.0
trec-dl-2020|colbert-small+setmaxheaptopk|optimal_per_topic|judge|0.8515
trec-dl-2020|colbert-small+setmaxheaptopk|optimal_per_topic|judge_expr|0.8736
trec-dl-2020|colbert-small+setmaxheaptopk|optimal_per_topic|rankgpt|0.8667
trec-dl-2020|colbert-small+setmaxheaptopk|optimal_per_topic|setmaxheaptopk|1.0
trec-dl-2020|colbert-small+setmaxheaptopk|quantile|judge|0.9086
trec-dl-2020|colbert-small+setmaxheaptopk|quantile|judge_expr|0.8143
trec-dl-2020|colbert-small+setmaxheaptopk|quantile|rankgpt|0.8645
trec-dl-2020|colbert-small+setmaxheaptopk|quantile|setmaxheaptopk|1.0
trec-dl-2020|colbert-small+setmaxheaptopk|rank|judge|0.6094
trec-dl-2020|colbert-small+setmaxheaptopk|rank|judge_expr|0.5716
trec-dl-2020|colbert-small+setmaxheaptopk|rank|rankgpt|0.6689
trec-dl-2020|colbert-small+setmaxheaptopk|rank|setmaxheaptopk|1.0
trec-dl-2020|colbert-small+setmaxheaptopk|thresholding|judge|0.7817
trec-dl-2020|colbert-small+setmaxheaptopk|thresholding|judge_expr|0.7791
trec-dl-2020|colbert-small+setmaxheaptopk|thresholding|rankgpt|0.0
trec-dl-2020|colbert-small+setmaxheaptopk|thresholding|setmaxheaptopk|0.0
trec-dl-2020|nomicai-modernbert-embed|direct|judge|0.6952
trec-dl-2020|nomicai-modernbert-embed|direct|judge_expr|0.6288
trec-dl-2020|nomicai-modernbert-embed|direct|rankgpt|0.6255
trec-dl-2020|nomicai-modernbert-embed|direct|setmaxheaptopk|0.5755
trec-dl-2020|nomicai-modernbert-embed|largest_gap|judge|0.571
trec-dl-2020|nomicai-modernbert-embed|largest_gap|judge_expr|0.6298
trec-dl-2020|nomicai-modernbert-embed|largest_gap|rankgpt|0.6255
trec-dl-2020|nomicai-modernbert-embed|largest_gap|setmaxheaptopk|0.5755
trec-dl-2020|nomicai-modernbert-embed|optimal_global|judge|0.6427
trec-dl-2020|nomicai-modernbert-embed|optimal_global|judge_expr|0.6556
trec-dl-2020|nomicai-modernbert-embed|optimal_global|rankgpt|0.6818
trec-dl-2020|nomicai-modernbert-embed|optimal_global|setmaxheaptopk|0.5512
trec-dl-2020|nomicai-modernbert-embed|optimal_per_topic|judge|0.7466
trec-dl-2020|nomicai-modernbert-embed|optimal_per_topic|judge_expr|0.7827
trec-dl-2020|nomicai-modernbert-embed|optimal_per_topic|rankgpt|0.8512
trec-dl-2020|nomicai-modernbert-embed|optimal_per_topic|setmaxheaptopk|0.8095
trec-dl-2020|nomicai-modernbert-embed|quantile|judge|0.7604
trec-dl-2020|nomicai-modernbert-embed|quantile|judge_expr|0.6672
trec-dl-2020|nomicai-modernbert-embed|quantile|rankgpt|0.8123
trec-dl-2020|nomicai-modernbert-embed|quantile|setmaxheaptopk|0.717
trec-dl-2020|nomicai-modernbert-embed|rank|judge|0.5306
trec-dl-2020|nomicai-modernbert-embed|rank|judge_expr|0.4294
trec-dl-2020|nomicai-modernbert-embed|rank|rankgpt|0.5902
trec-dl-2020|nomicai-modernbert-embed|rank|setmaxheaptopk|0.5512
trec-dl-2020|nomicai-modernbert-embed|thresholding|judge|0.6506
trec-dl-2020|nomicai-modernbert-embed|thresholding|judge_expr|0.6311
trec-dl-2020|nomicai-modernbert-embed|thresholding|rankgpt|0.0
trec-dl-2020|nomicai-modernbert-embed|thresholding|setmaxheaptopk|0.0
trec-dl-2020|nomicai-modernbert-embed+judge|direct|judge|0.8509
trec-dl-2020|nomicai-modernbert-embed+judge|direct|judge_expr|0.8396
trec-dl-2020|nomicai-modernbert-embed+judge|direct|rankgpt|0.446
trec-dl-2020|nomicai-modernbert-embed+judge|direct|setmaxheaptopk|0.4366
trec-dl-2020|nomicai-modernbert-embed+judge|largest_gap|judge|0.8641
trec-dl-2020|nomicai-modernbert-embed+judge|largest_gap|judge_expr|0.8509
trec-dl-2020|nomicai-modernbert-embed+judge|largest_gap|rankgpt|0.446
trec-dl-2020|nomicai-modernbert-embed+judge|largest_gap|setmaxheaptopk|0.4366
trec-dl-2020|nomicai-modernbert-embed+judge|optimal_global|judge|0.8556
trec-dl-2020|nomicai-modernbert-embed+judge|optimal_global|judge_expr|0.8564
trec-dl-2020|nomicai-modernbert-embed+judge|optimal_global|rankgpt|0.5802
trec-dl-2020|nomicai-modernbert-embed+judge|optimal_global|setmaxheaptopk|0.4685
trec-dl-2020|nomicai-modernbert-embed+judge|optimal_per_topic|judge|0.8649
trec-dl-2020|nomicai-modernbert-embed+judge|optimal_per_topic|judge_expr|0.8605
trec-dl-2020|nomicai-modernbert-embed+judge|optimal_per_topic|rankgpt|0.7669
trec-dl-2020|nomicai-modernbert-embed+judge|optimal_per_topic|setmaxheaptopk|0.7295
trec-dl-2020|nomicai-modernbert-embed+judge|quantile|judge|0.8568
trec-dl-2020|nomicai-modernbert-embed+judge|quantile|judge_expr|0.8105
trec-dl-2020|nomicai-modernbert-embed+judge|quantile|rankgpt|0.6965
trec-dl-2020|nomicai-modernbert-embed+judge|quantile|setmaxheaptopk|0.6413
trec-dl-2020|nomicai-modernbert-embed+judge|rank|judge|0.6957
trec-dl-2020|nomicai-modernbert-embed+judge|rank|judge_expr|0.634
trec-dl-2020|nomicai-modernbert-embed+judge|rank|rankgpt|0.4825
trec-dl-2020|nomicai-modernbert-embed+judge|rank|setmaxheaptopk|0.4685
trec-dl-2020|nomicai-modernbert-embed+judge|thresholding|judge|0.8548
trec-dl-2020|nomicai-modernbert-embed+judge|thresholding|judge_expr|0.8402
trec-dl-2020|nomicai-modernbert-embed+judge|thresholding|rankgpt|0.0
trec-dl-2020|nomicai-modernbert-embed+judge|thresholding|setmaxheaptopk|0.0
trec-dl-2020|nomicai-modernbert-embed+judge_expr|direct|judge|0.8544
trec-dl-2020|nomicai-modernbert-embed+judge_expr|direct|judge_expr|0.8551
trec-dl-2020|nomicai-modernbert-embed+judge_expr|direct|rankgpt|0.4531
trec-dl-2020|nomicai-modernbert-embed+judge_expr|direct|setmaxheaptopk|0.4775
trec-dl-2020|nomicai-modernbert-embed+judge_expr|largest_gap|judge|0.8727
trec-dl-2020|nomicai-modernbert-embed+judge_expr|largest_gap|judge_expr|0.8718
trec-dl-2020|nomicai-modernbert-embed+judge_expr|largest_gap|rankgpt|0.4531
trec-dl-2020|nomicai-modernbert-embed+judge_expr|largest_gap|setmaxheaptopk|0.4775
trec-dl-2020|nomicai-modernbert-embed+judge_expr|optimal_global|judge|0.8596
trec-dl-2020|nomicai-modernbert-embed+judge_expr|optimal_global|judge_expr|0.86
trec-dl-2020|nomicai-modernbert-embed+judge_expr|optimal_global|rankgpt|0.6077
trec-dl-2020|nomicai-modernbert-embed+judge_expr|optimal_global|setmaxheaptopk|0.5154
trec-dl-2020|nomicai-modernbert-embed+judge_expr|optimal_per_topic|judge|0.8672
trec-dl-2020|nomicai-modernbert-embed+judge_expr|optimal_per_topic|judge_expr|0.8908
trec-dl-2020|nomicai-modernbert-embed+judge_expr|optimal_per_topic|rankgpt|0.7624
trec-dl-2020|nomicai-modernbert-embed+judge_expr|optimal_per_topic|setmaxheaptopk|0.7603
trec-dl-2020|nomicai-modernbert-embed+judge_expr|quantile|judge|0.8693
trec-dl-2020|nomicai-modernbert-embed+judge_expr|quantile|judge_expr|0.8638
trec-dl-2020|nomicai-modernbert-embed+judge_expr|quantile|rankgpt|0.7032
trec-dl-2020|nomicai-modernbert-embed+judge_expr|quantile|setmaxheaptopk|0.6791
trec-dl-2020|nomicai-modernbert-embed+judge_expr|rank|judge|0.6709
trec-dl-2020|nomicai-modernbert-embed+judge_expr|rank|judge_expr|0.7885
trec-dl-2020|nomicai-modernbert-embed+judge_expr|rank|rankgpt|0.5235
trec-dl-2020|nomicai-modernbert-embed+judge_expr|rank|setmaxheaptopk|0.5154
trec-dl-2020|nomicai-modernbert-embed+judge_expr|thresholding|judge|0.8581
trec-dl-2020|nomicai-modernbert-embed+judge_expr|thresholding|judge_expr|0.8598
trec-dl-2020|nomicai-modernbert-embed+judge_expr|thresholding|rankgpt|0.0
trec-dl-2020|nomicai-modernbert-embed+judge_expr|thresholding|setmaxheaptopk|0.0
trec-dl-2020|nomicai-modernbert-embed+point|direct|judge|0.6905
trec-dl-2020|nomicai-modernbert-embed+point|direct|judge_expr|0.6281
trec-dl-2020|nomicai-modernbert-embed+point|direct|rankgpt|0.385
trec-dl-2020|nomicai-modernbert-embed+point|direct|setmaxheaptopk|0.3562
trec-dl-2020|nomicai-modernbert-embed+point|largest_gap|judge|0.559
trec-dl-2020|nomicai-modernbert-embed+point|largest_gap|judge_expr|0.6489
trec-dl-2020|nomicai-modernbert-embed+point|largest_gap|rankgpt|0.385
trec-dl-2020|nomicai-modernbert-embed+point|largest_gap|setmaxheaptopk|0.3562
trec-dl-2020|nomicai-modernbert-embed+point|optimal_global|judge|0.6456
trec-dl-2020|nomicai-modernbert-embed+point|optimal_global|judge_expr|0.6717
trec-dl-2020|nomicai-modernbert-embed+point|optimal_global|rankgpt|0.5664
trec-dl-2020|nomicai-modernbert-embed+point|optimal_global|setmaxheaptopk|0.4683
trec-dl-2020|nomicai-modernbert-embed+point|optimal_per_topic|judge|0.7065
trec-dl-2020|nomicai-modernbert-embed+point|optimal_per_topic|judge_expr|0.735
trec-dl-2020|nomicai-modernbert-embed+point|optimal_per_topic|rankgpt|0.7323
trec-dl-2020|nomicai-modernbert-embed+point|optimal_per_topic|setmaxheaptopk|0.7206
trec-dl-2020|nomicai-modernbert-embed+point|quantile|judge|0.7697
trec-dl-2020|nomicai-modernbert-embed+point|quantile|judge_expr|0.6552
trec-dl-2020|nomicai-modernbert-embed+point|quantile|rankgpt|0.7045
trec-dl-2020|nomicai-modernbert-embed+point|quantile|setmaxheaptopk|0.6582
trec-dl-2020|nomicai-modernbert-embed+point|rank|judge|0.4829
trec-dl-2020|nomicai-modernbert-embed+point|rank|judge_expr|0.4278
trec-dl-2020|nomicai-modernbert-embed+point|rank|rankgpt|0.467
trec-dl-2020|nomicai-modernbert-embed+point|rank|setmaxheaptopk|0.4683
trec-dl-2020|nomicai-modernbert-embed+point|thresholding|judge|0.6579
trec-dl-2020|nomicai-modernbert-embed+point|thresholding|judge_expr|0.637
trec-dl-2020|nomicai-modernbert-embed+point|thresholding|rankgpt|0.0
trec-dl-2020|nomicai-modernbert-embed+point|thresholding|setmaxheaptopk|0.0
trec-dl-2020|nomicai-modernbert-embed+rankfirst|direct|judge|0.7551
trec-dl-2020|nomicai-modernbert-embed+rankfirst|direct|judge_expr|0.6974
trec-dl-2020|nomicai-modernbert-embed+rankfirst|direct|rankgpt|0.6336
trec-dl-2020|nomicai-modernbert-embed+rankfirst|direct|setmaxheaptopk|0.5929
trec-dl-2020|nomicai-modernbert-embed+rankfirst|largest_gap|judge|0.6731
trec-dl-2020|nomicai-modernbert-embed+rankfirst|largest_gap|judge_expr|0.7085
trec-dl-2020|nomicai-modernbert-embed+rankfirst|largest_gap|rankgpt|0.6336
trec-dl-2020|nomicai-modernbert-embed+rankfirst|largest_gap|setmaxheaptopk|0.5929
trec-dl-2020|nomicai-modernbert-embed+rankfirst|optimal_global|judge|0.7141
trec-dl-2020|nomicai-modernbert-embed+rankfirst|optimal_global|judge_expr|0.7167
trec-dl-2020|nomicai-modernbert-embed+rankfirst|optimal_global|rankgpt|0.7427
trec-dl-2020|nomicai-modernbert-embed+rankfirst|optimal_global|setmaxheaptopk|0.6359
trec-dl-2020|nomicai-modernbert-embed+rankfirst|optimal_per_topic|judge|0.801
trec-dl-2020|nomicai-modernbert-embed+rankfirst|optimal_per_topic|judge_expr|0.8384
trec-dl-2020|nomicai-modernbert-embed+rankfirst|optimal_per_topic|rankgpt|0.8768
trec-dl-2020|nomicai-modernbert-embed+rankfirst|optimal_per_topic|setmaxheaptopk|0.8537
trec-dl-2020|nomicai-modernbert-embed+rankfirst|quantile|judge|0.8398
trec-dl-2020|nomicai-modernbert-embed+rankfirst|quantile|judge_expr|0.7496
trec-dl-2020|nomicai-modernbert-embed+rankfirst|quantile|rankgpt|0.8546
trec-dl-2020|nomicai-modernbert-embed+rankfirst|quantile|setmaxheaptopk|0.775
trec-dl-2020|nomicai-modernbert-embed+rankfirst|rank|judge|0.5873
trec-dl-2020|nomicai-modernbert-embed+rankfirst|rank|judge_expr|0.5102
trec-dl-2020|nomicai-modernbert-embed+rankfirst|rank|rankgpt|0.6564
trec-dl-2020|nomicai-modernbert-embed+rankfirst|rank|setmaxheaptopk|0.6359
trec-dl-2020|nomicai-modernbert-embed+rankfirst|thresholding|judge|0.7136
trec-dl-2020|nomicai-modernbert-embed+rankfirst|thresholding|judge_expr|0.6978
trec-dl-2020|nomicai-modernbert-embed+rankfirst|thresholding|rankgpt|0.0
trec-dl-2020|nomicai-modernbert-embed+rankfirst|thresholding|setmaxheaptopk|0.0
trec-dl-2020|nomicai-modernbert-embed+rankgpt|direct|judge|0.7521
trec-dl-2020|nomicai-modernbert-embed+rankgpt|direct|judge_expr|0.6955
trec-dl-2020|nomicai-modernbert-embed+rankgpt|direct|rankgpt|0.6512
trec-dl-2020|nomicai-modernbert-embed+rankgpt|direct|setmaxheaptopk|0.6307
trec-dl-2020|nomicai-modernbert-embed+rankgpt|largest_gap|judge|0.6689
trec-dl-2020|nomicai-modernbert-embed+rankgpt|largest_gap|judge_expr|0.7117
trec-dl-2020|nomicai-modernbert-embed+rankgpt|largest_gap|rankgpt|0.6512
trec-dl-2020|nomicai-modernbert-embed+rankgpt|largest_gap|setmaxheaptopk|0.6307
trec-dl-2020|nomicai-modernbert-embed+rankgpt|optimal_global|judge|0.7099
trec-dl-2020|nomicai-modernbert-embed+rankgpt|optimal_global|judge_expr|0.7171
trec-dl-2020|nomicai-modernbert-embed+rankgpt|optimal_global|rankgpt|0.7254
trec-dl-2020|nomicai-modernbert-embed+rankgpt|optimal_global|setmaxheaptopk|0.6045
trec-dl-2020|nomicai-modernbert-embed+rankgpt|optimal_per_topic|judge|0.7815
trec-dl-2020|nomicai-modernbert-embed+rankgpt|optimal_per_topic|judge_expr|0.8228
trec-dl-2020|nomicai-modernbert-embed+rankgpt|optimal_per_topic|rankgpt|0.8713
trec-dl-2020|nomicai-modernbert-embed+rankgpt|optimal_per_topic|setmaxheaptopk|0.8196
trec-dl-2020|nomicai-modernbert-embed+rankgpt|quantile|judge|0.8342
trec-dl-2020|nomicai-modernbert-embed+rankgpt|quantile|judge_expr|0.7526
trec-dl-2020|nomicai-modernbert-embed+rankgpt|quantile|rankgpt|0.8384
trec-dl-2020|nomicai-modernbert-embed+rankgpt|quantile|setmaxheaptopk|0.7725
trec-dl-2020|nomicai-modernbert-embed+rankgpt|rank|judge|0.5742
trec-dl-2020|nomicai-modernbert-embed+rankgpt|rank|judge_expr|0.4925
trec-dl-2020|nomicai-modernbert-embed+rankgpt|rank|rankgpt|0.6441
trec-dl-2020|nomicai-modernbert-embed+rankgpt|rank|setmaxheaptopk|0.6045
trec-dl-2020|nomicai-modernbert-embed+rankgpt|thresholding|judge|0.715
trec-dl-2020|nomicai-modernbert-embed+rankgpt|thresholding|judge_expr|0.6982
trec-dl-2020|nomicai-modernbert-embed+rankgpt|thresholding|rankgpt|0.0
trec-dl-2020|nomicai-modernbert-embed+rankgpt|thresholding|setmaxheaptopk|0.0
trec-dl-2020|nomicai-modernbert-embed+rankzephyr|direct|judge|0.7626
trec-dl-2020|nomicai-modernbert-embed+rankzephyr|direct|judge_expr|0.7102
trec-dl-2020|nomicai-modernbert-embed+rankzephyr|direct|rankgpt|0.6387
trec-dl-2020|nomicai-modernbert-embed+rankzephyr|direct|setmaxheaptopk|0.6245
trec-dl-2020|nomicai-modernbert-embed+rankzephyr|largest_gap|judge|0.679
trec-dl-2020|nomicai-modernbert-embed+rankzephyr|largest_gap|judge_expr|0.7251
trec-dl-2020|nomicai-modernbert-embed+rankzephyr|largest_gap|rankgpt|0.6387
trec-dl-2020|nomicai-modernbert-embed+rankzephyr|largest_gap|setmaxheaptopk|0.6245
trec-dl-2020|nomicai-modernbert-embed+rankzephyr|optimal_global|judge|0.7202
trec-dl-2020|nomicai-modernbert-embed+rankzephyr|optimal_global|judge_expr|0.7365
trec-dl-2020|nomicai-modernbert-embed+rankzephyr|optimal_global|rankgpt|0.7329
trec-dl-2020|nomicai-modernbert-embed+rankzephyr|optimal_global|setmaxheaptopk|0.6071
trec-dl-2020|nomicai-modernbert-embed+rankzephyr|optimal_per_topic|judge|0.806
trec-dl-2020|nomicai-modernbert-embed+rankzephyr|optimal_per_topic|judge_expr|0.8562
trec-dl-2020|nomicai-modernbert-embed+rankzephyr|optimal_per_topic|rankgpt|0.8753
trec-dl-2020|nomicai-modernbert-embed+rankzephyr|optimal_per_topic|setmaxheaptopk|0.8495
trec-dl-2020|nomicai-modernbert-embed+rankzephyr|quantile|judge|0.8437
trec-dl-2020|nomicai-modernbert-embed+rankzephyr|quantile|judge_expr|0.7499
trec-dl-2020|nomicai-modernbert-embed+rankzephyr|quantile|rankgpt|0.8524
trec-dl-2020|nomicai-modernbert-embed+rankzephyr|quantile|setmaxheaptopk|0.7574
trec-dl-2020|nomicai-modernbert-embed+rankzephyr|rank|judge|0.576
trec-dl-2020|nomicai-modernbert-embed+rankzephyr|rank|judge_expr|0.5039
trec-dl-2020|nomicai-modernbert-embed+rankzephyr|rank|rankgpt|0.6498
trec-dl-2020|nomicai-modernbert-embed+rankzephyr|rank|setmaxheaptopk|0.6071
trec-dl-2020|nomicai-modernbert-embed+rankzephyr|thresholding|judge|0.7313
trec-dl-2020|nomicai-modernbert-embed+rankzephyr|thresholding|judge_expr|0.7126
trec-dl-2020|nomicai-modernbert-embed+rankzephyr|thresholding|rankgpt|0.0
trec-dl-2020|nomicai-modernbert-embed+rankzephyr|thresholding|setmaxheaptopk|0.0
trec-dl-2020|nomicai-modernbert-embed+setmaxheaptopk|direct|judge|0.7631
trec-dl-2020|nomicai-modernbert-embed+setmaxheaptopk|direct|judge_expr|0.7161
trec-dl-2020|nomicai-modernbert-embed+setmaxheaptopk|direct|rankgpt|0.6581
trec-dl-2020|nomicai-modernbert-embed+setmaxheaptopk|direct|setmaxheaptopk|0.6369
trec-dl-2020|nomicai-modernbert-embed+setmaxheaptopk|largest_gap|judge|0.6839
trec-dl-2020|nomicai-modernbert-embed+setmaxheaptopk|largest_gap|judge_expr|0.7375
trec-dl-2020|nomicai-modernbert-embed+setmaxheaptopk|largest_gap|rankgpt|0.6581
trec-dl-2020|nomicai-modernbert-embed+setmaxheaptopk|largest_gap|setmaxheaptopk|0.6369
trec-dl-2020|nomicai-modernbert-embed+setmaxheaptopk|optimal_global|judge|0.7375
trec-dl-2020|nomicai-modernbert-embed+setmaxheaptopk|optimal_global|judge_expr|0.7473
trec-dl-2020|nomicai-modernbert-embed+setmaxheaptopk|optimal_global|rankgpt|0.6908
trec-dl-2020|nomicai-modernbert-embed+setmaxheaptopk|optimal_global|setmaxheaptopk|0.6506
trec-dl-2020|nomicai-modernbert-embed+setmaxheaptopk|optimal_per_topic|judge|0.7914
trec-dl-2020|nomicai-modernbert-embed+setmaxheaptopk|optimal_per_topic|judge_expr|0.8351
trec-dl-2020|nomicai-modernbert-embed+setmaxheaptopk|optimal_per_topic|rankgpt|0.824
trec-dl-2020|nomicai-modernbert-embed+setmaxheaptopk|optimal_per_topic|setmaxheaptopk|0.8259
trec-dl-2020|nomicai-modernbert-embed+setmaxheaptopk|quantile|judge|0.8609
trec-dl-2020|nomicai-modernbert-embed+setmaxheaptopk|quantile|judge_expr|0.7815
trec-dl-2020|nomicai-modernbert-embed+setmaxheaptopk|quantile|rankgpt|0.8071
trec-dl-2020|nomicai-modernbert-embed+setmaxheaptopk|quantile|setmaxheaptopk|0.7882
trec-dl-2020|nomicai-modernbert-embed+setmaxheaptopk|rank|judge|0.561
trec-dl-2020|nomicai-modernbert-embed+setmaxheaptopk|rank|judge_expr|0.5283
trec-dl-2020|nomicai-modernbert-embed+setmaxheaptopk|rank|rankgpt|0.6079
trec-dl-2020|nomicai-modernbert-embed+setmaxheaptopk|rank|setmaxheaptopk|0.6506
trec-dl-2020|nomicai-modernbert-embed+setmaxheaptopk|thresholding|judge|0.7396
trec-dl-2020|nomicai-modernbert-embed+setmaxheaptopk|thresholding|judge_expr|0.7198
trec-dl-2020|nomicai-modernbert-embed+setmaxheaptopk|thresholding|rankgpt|0.0
trec-dl-2020|nomicai-modernbert-embed+setmaxheaptopk|thresholding|setmaxheaptopk|0.0
trec-dl-2020|qwen3-embed-600m|direct|judge|0.6977
trec-dl-2020|qwen3-embed-600m|direct|judge_expr|0.6427
trec-dl-2020|qwen3-embed-600m|direct|rankgpt|0.5747
trec-dl-2020|qwen3-embed-600m|direct|setmaxheaptopk|0.5259
trec-dl-2020|qwen3-embed-600m|largest_gap|judge|0.5934
trec-dl-2020|qwen3-embed-600m|largest_gap|judge_expr|0.6558
trec-dl-2020|qwen3-embed-600m|largest_gap|rankgpt|0.5747
trec-dl-2020|qwen3-embed-600m|largest_gap|setmaxheaptopk|0.5259
trec-dl-2020|qwen3-embed-600m|optimal_global|judge|0.6507
trec-dl-2020|qwen3-embed-600m|optimal_global|judge_expr|0.6643
trec-dl-2020|qwen3-embed-600m|optimal_global|rankgpt|0.6878
trec-dl-2020|qwen3-embed-600m|optimal_global|setmaxheaptopk|0.5548
trec-dl-2020|qwen3-embed-600m|optimal_per_topic|judge|0.7243
trec-dl-2020|qwen3-embed-600m|optimal_per_topic|judge_expr|0.7677
trec-dl-2020|qwen3-embed-600m|optimal_per_topic|rankgpt|0.8168
trec-dl-2020|qwen3-embed-600m|optimal_per_topic|setmaxheaptopk|0.778
trec-dl-2020|qwen3-embed-600m|quantile|judge|0.7688
trec-dl-2020|qwen3-embed-600m|quantile|judge_expr|0.6544
trec-dl-2020|qwen3-embed-600m|quantile|rankgpt|0.8049
trec-dl-2020|qwen3-embed-600m|quantile|setmaxheaptopk|0.7311
trec-dl-2020|qwen3-embed-600m|rank|judge|0.529
trec-dl-2020|qwen3-embed-600m|rank|judge_expr|0.4529
trec-dl-2020|qwen3-embed-600m|rank|rankgpt|0.5994
trec-dl-2020|qwen3-embed-600m|rank|setmaxheaptopk|0.5548
trec-dl-2020|qwen3-embed-600m|thresholding|judge|0.6595
trec-dl-2020|qwen3-embed-600m|thresholding|judge_expr|0.6501
trec-dl-2020|qwen3-embed-600m|thresholding|rankgpt|0.0
trec-dl-2020|qwen3-embed-600m|thresholding|setmaxheaptopk|0.0
trec-dl-2020|qwen3-embed-600m+judge|direct|judge|0.8426
trec-dl-2020|qwen3-embed-600m+judge|direct|judge_expr|0.8358
trec-dl-2020|qwen3-embed-600m+judge|direct|rankgpt|0.4899
trec-dl-2020|qwen3-embed-600m+judge|direct|setmaxheaptopk|0.4567
trec-dl-2020|qwen3-embed-600m+judge|largest_gap|judge|0.8455
trec-dl-2020|qwen3-embed-600m+judge|largest_gap|judge_expr|0.842
trec-dl-2020|qwen3-embed-600m+judge|largest_gap|rankgpt|0.4899
trec-dl-2020|qwen3-embed-600m+judge|largest_gap|setmaxheaptopk|0.4567
trec-dl-2020|qwen3-embed-600m+judge|optimal_global|judge|0.8508
trec-dl-2020|qwen3-embed-600m+judge|optimal_global|judge_expr|0.8504
trec-dl-2020|qwen3-embed-600m+judge|optimal_global|rankgpt|0.5797
trec-dl-2020|qwen3-embed-600m+judge|optimal_global|setmaxheaptopk|0.4957
trec-dl-2020|qwen3-embed-600m+judge|optimal_per_topic|judge|0.86
trec-dl-2020|qwen3-embed-600m+judge|optimal_per_topic|judge_expr|0.8559
trec-dl-2020|qwen3-embed-600m+judge|optimal_per_topic|rankgpt|0.7544
trec-dl-2020|qwen3-embed-600m+judge|optimal_per_topic|setmaxheaptopk|0.7246
trec-dl-2020|qwen3-embed-600m+judge|quantile|judge|0.8445
trec-dl-2020|qwen3-embed-600m+judge|quantile|judge_expr|0.7998
trec-dl-2020|qwen3-embed-600m+judge|quantile|rankgpt|0.6797
trec-dl-2020|qwen3-embed-600m+judge|quantile|setmaxheaptopk|0.6366
trec-dl-2020|qwen3-embed-600m+judge|rank|judge|0.6877
trec-dl-2020|qwen3-embed-600m+judge|rank|judge_expr|0.6321
trec-dl-2020|qwen3-embed-600m+judge|rank|rankgpt|0.4899
trec-dl-2020|qwen3-embed-600m+judge|rank|setmaxheaptopk|0.4957
trec-dl-2020|qwen3-embed-600m+judge|thresholding|judge|0.8491
trec-dl-2020|qwen3-embed-600m+judge|thresholding|judge_expr|0.8328
trec-dl-2020|qwen3-embed-600m+judge|thresholding|rankgpt|0.0
trec-dl-2020|qwen3-embed-600m+judge|thresholding|setmaxheaptopk|0.0
trec-dl-2020|qwen3-embed-600m+judge_expr|direct|judge|0.846
trec-dl-2020|qwen3-embed-600m+judge_expr|direct|judge_expr|0.8524
trec-dl-2020|qwen3-embed-600m+judge_expr|direct|rankgpt|0.4952
trec-dl-2020|qwen3-embed-600m+judge_expr|direct|setmaxheaptopk|0.4883
trec-dl-2020|qwen3-embed-600m+judge_expr|largest_gap|judge|0.8568
trec-dl-2020|qwen3-embed-600m+judge_expr|largest_gap|judge_expr|0.8634
trec-dl-2020|qwen3-embed-600m+judge_expr|largest_gap|rankgpt|0.4952
trec-dl-2020|qwen3-embed-600m+judge_expr|largest_gap|setmaxheaptopk|0.4883
trec-dl-2020|qwen3-embed-600m+judge_expr|optimal_global|judge|0.8556
trec-dl-2020|qwen3-embed-600m+judge_expr|optimal_global|judge_expr|0.8538
trec-dl-2020|qwen3-embed-600m+judge_expr|optimal_global|rankgpt|0.6061
trec-dl-2020|qwen3-embed-600m+judge_expr|optimal_global|setmaxheaptopk|0.5462
trec-dl-2020|qwen3-embed-600m+judge_expr|optimal_per_topic|judge|0.859
trec-dl-2020|qwen3-embed-600m+judge_expr|optimal_per_topic|judge_expr|0.8793
trec-dl-2020|qwen3-embed-600m+judge_expr|optimal_per_topic|rankgpt|0.7496
trec-dl-2020|qwen3-embed-600m+judge_expr|optimal_per_topic|setmaxheaptopk|0.7543
trec-dl-2020|qwen3-embed-600m+judge_expr|quantile|judge|0.8462
trec-dl-2020|qwen3-embed-600m+judge_expr|quantile|judge_expr|0.8486
trec-dl-2020|qwen3-embed-600m+judge_expr|quantile|rankgpt|0.698
trec-dl-2020|qwen3-embed-600m+judge_expr|quantile|setmaxheaptopk|0.6892
trec-dl-2020|qwen3-embed-600m+judge_expr|rank|judge|0.6813
trec-dl-2020|qwen3-embed-600m+judge_expr|rank|judge_expr|0.7778
trec-dl-2020|qwen3-embed-600m+judge_expr|rank|rankgpt|0.5226
trec-dl-2020|qwen3-embed-600m+judge_expr|rank|setmaxheaptopk|0.5462
trec-dl-2020|qwen3-embed-600m+judge_expr|thresholding|judge|0.8527
trec-dl-2020|qwen3-embed-600m+judge_expr|thresholding|judge_expr|0.8566
trec-dl-2020|qwen3-embed-600m+judge_expr|thresholding|rankgpt|0.0
trec-dl-2020|qwen3-embed-600m+judge_expr|thresholding|setmaxheaptopk|0.0
trec-dl-2020|qwen3-embed-600m+point|direct|judge|0.6607
trec-dl-2020|qwen3-embed-600m+point|direct|judge_expr|0.6056
trec-dl-2020|qwen3-embed-600m+point|direct|rankgpt|0.3958
trec-dl-2020|qwen3-embed-600m+point|direct|setmaxheaptopk|0.3626
trec-dl-2020|qwen3-embed-600m+point|largest_gap|judge|0.5356
trec-dl-2020|qwen3-embed-600m+point|largest_gap|judge_expr|0.6303
trec-dl-2020|qwen3-embed-600m+point|largest_gap|rankgpt|0.3958
trec-dl-2020|qwen3-embed-600m+point|largest_gap|setmaxheaptopk|0.3626
trec-dl-2020|qwen3-embed-600m+point|optimal_global|judge|0.6279
trec-dl-2020|qwen3-embed-600m+point|optimal_global|judge_expr|0.6466
trec-dl-2020|qwen3-embed-600m+point|optimal_global|rankgpt|0.5399
trec-dl-2020|qwen3-embed-600m+point|optimal_global|setmaxheaptopk|0.453
trec-dl-2020|qwen3-embed-600m+point|optimal_per_topic|judge|0.6858
trec-dl-2020|qwen3-embed-600m+point|optimal_per_topic|judge_expr|0.7114
trec-dl-2020|qwen3-embed-600m+point|optimal_per_topic|rankgpt|0.6934
trec-dl-2020|qwen3-embed-600m+point|optimal_per_topic|setmaxheaptopk|0.6852
trec-dl-2020|qwen3-embed-600m+point|quantile|judge|0.7318
trec-dl-2020|qwen3-embed-600m+point|quantile|judge_expr|0.6155
trec-dl-2020|qwen3-embed-600m+point|quantile|rankgpt|0.6592
trec-dl-2020|qwen3-embed-600m+point|quantile|setmaxheaptopk|0.6302
trec-dl-2020|qwen3-embed-600m+point|rank|judge|0.4596
trec-dl-2020|qwen3-embed-600m+point|rank|judge_expr|0.4126
trec-dl-2020|qwen3-embed-600m+point|rank|rankgpt|0.4393
trec-dl-2020|qwen3-embed-600m+point|rank|setmaxheaptopk|0.453
trec-dl-2020|qwen3-embed-600m+point|thresholding|judge|0.6356
trec-dl-2020|qwen3-embed-600m+point|thresholding|judge_expr|0.6171
trec-dl-2020|qwen3-embed-600m+point|thresholding|rankgpt|0.0
trec-dl-2020|qwen3-embed-600m+point|thresholding|setmaxheaptopk|0.0
trec-dl-2020|qwen3-embed-600m+rankfirst|direct|judge|0.7658
trec-dl-2020|qwen3-embed-600m+rankfirst|direct|judge_expr|0.7214
trec-dl-2020|qwen3-embed-600m+rankfirst|direct|rankgpt|0.6245
trec-dl-2020|qwen3-embed-600m+rankfirst|direct|setmaxheaptopk|0.6086
trec-dl-2020|qwen3-embed-600m+rankfirst|largest_gap|judge|0.6889
trec-dl-2020|qwen3-embed-600m+rankfirst|largest_gap|judge_expr|0.7416
trec-dl-2020|qwen3-embed-600m+rankfirst|largest_gap|rankgpt|0.6245
trec-dl-2020|qwen3-embed-600m+rankfirst|largest_gap|setmaxheaptopk|0.6086
trec-dl-2020|qwen3-embed-600m+rankfirst|optimal_global|judge|0.7401
trec-dl-2020|qwen3-embed-600m+rankfirst|optimal_global|judge_expr|0.7478
trec-dl-2020|qwen3-embed-600m+rankfirst|optimal_global|rankgpt|0.7353
trec-dl-2020|qwen3-embed-600m+rankfirst|optimal_global|setmaxheaptopk|0.6541
trec-dl-2020|qwen3-embed-600m+rankfirst|optimal_per_topic|judge|0.8095
trec-dl-2020|qwen3-embed-600m+rankfirst|optimal_per_topic|judge_expr|0.8488
trec-dl-2020|qwen3-embed-600m+rankfirst|optimal_per_topic|rankgpt|0.8711
trec-dl-2020|qwen3-embed-600m+rankfirst|optimal_per_topic|setmaxheaptopk|0.8562
trec-dl-2020|qwen3-embed-600m+rankfirst|quantile|judge|0.8379
trec-dl-2020|qwen3-embed-600m+rankfirst|quantile|judge_expr|0.7509
trec-dl-2020|qwen3-embed-600m+rankfirst|quantile|rankgpt|0.8476
trec-dl-2020|qwen3-embed-600m+rankfirst|quantile|setmaxheaptopk|0.8022
trec-dl-2020|qwen3-embed-600m+rankfirst|rank|judge|0.5969
trec-dl-2020|qwen3-embed-600m+rankfirst|rank|judge_expr|0.5302
trec-dl-2020|qwen3-embed-600m+rankfirst|rank|rankgpt|0.6507
trec-dl-2020|qwen3-embed-600m+rankfirst|rank|setmaxheaptopk|0.6541
trec-dl-2020|qwen3-embed-600m+rankfirst|thresholding|judge|0.743
trec-dl-2020|qwen3-embed-600m+rankfirst|thresholding|judge_expr|0.7295
trec-dl-2020|qwen3-embed-600m+rankfirst|thresholding|rankgpt|0.0
trec-dl-2020|qwen3-embed-600m+rankfirst|thresholding|setmaxheaptopk|0.0
trec-dl-2020|qwen3-embed-600m+rankgpt|direct|judge|0.7438
trec-dl-2020|qwen3-embed-600m+rankgpt|direct|judge_expr|0.6991
trec-dl-2020|qwen3-embed-600m+rankgpt|direct|rankgpt|0.5839
trec-dl-2020|qwen3-embed-600m+rankgpt|direct|setmaxheaptopk|0.5315
trec-dl-2020|qwen3-embed-600m+rankgpt|largest_gap|judge|0.6616
trec-dl-2020|qwen3-embed-600m+rankgpt|largest_gap|judge_expr|0.7154
trec-dl-2020|qwen3-embed-600m+rankgpt|largest_gap|rankgpt|0.5839
trec-dl-2020|qwen3-embed-600m+rankgpt|largest_gap|setmaxheaptopk|0.5315
trec-dl-2020|qwen3-embed-600m+rankgpt|optimal_global|judge|0.7156
trec-dl-2020|qwen3-embed-600m+rankgpt|optimal_global|judge_expr|0.7286
trec-dl-2020|qwen3-embed-600m+rankgpt|optimal_global|rankgpt|0.7375
trec-dl-2020|qwen3-embed-600m+rankgpt|optimal_global|setmaxheaptopk|0.6061
trec-dl-2020|qwen3-embed-600m+rankgpt|optimal_per_topic|judge|0.7773
trec-dl-2020|qwen3-embed-600m+rankgpt|optimal_per_topic|judge_expr|0.8225
trec-dl-2020|qwen3-embed-600m+rankgpt|optimal_per_topic|rankgpt|0.8466
trec-dl-2020|qwen3-embed-600m+rankgpt|optimal_per_topic|setmaxheaptopk|0.8066
trec-dl-2020|qwen3-embed-600m+rankgpt|quantile|judge|0.822
trec-dl-2020|qwen3-embed-600m+rankgpt|quantile|judge_expr|0.7395
trec-dl-2020|qwen3-embed-600m+rankgpt|quantile|rankgpt|0.8247
trec-dl-2020|qwen3-embed-600m+rankgpt|quantile|setmaxheaptopk|0.762
trec-dl-2020|qwen3-embed-600m+rankgpt|rank|judge|0.5547
trec-dl-2020|qwen3-embed-600m+rankgpt|rank|judge_expr|0.5083
trec-dl-2020|qwen3-embed-600m+rankgpt|rank|rankgpt|0.6387
trec-dl-2020|qwen3-embed-600m+rankgpt|rank|setmaxheaptopk|0.6061
trec-dl-2020|qwen3-embed-600m+rankgpt|thresholding|judge|0.7198
trec-dl-2020|qwen3-embed-600m+rankgpt|thresholding|judge_expr|0.7034
trec-dl-2020|qwen3-embed-600m+rankgpt|thresholding|rankgpt|0.0
trec-dl-2020|qwen3-embed-600m+rankgpt|thresholding|setmaxheaptopk|0.0
trec-dl-2020|qwen3-embed-600m+rankzephyr|direct|judge|0.7566
trec-dl-2020|qwen3-embed-600m+rankzephyr|direct|judge_expr|0.7081
trec-dl-2020|qwen3-embed-600m+rankzephyr|direct|rankgpt|0.5847
trec-dl-2020|qwen3-embed-600m+rankzephyr|direct|setmaxheaptopk|0.5835
trec-dl-2020|qwen3-embed-600m+rankzephyr|largest_gap|judge|0.6713
trec-dl-2020|qwen3-embed-600m+rankzephyr|largest_gap|judge_expr|0.7253
trec-dl-2020|qwen3-embed-600m+rankzephyr|largest_gap|rankgpt|0.5847
trec-dl-2020|qwen3-embed-600m+rankzephyr|largest_gap|setmaxheaptopk|0.5835
trec-dl-2020|qwen3-embed-600m+rankzephyr|optimal_global|judge|0.7271
trec-dl-2020|qwen3-embed-600m+rankzephyr|optimal_global|judge_expr|0.7272
trec-dl-2020|qwen3-embed-600m+rankzephyr|optimal_global|rankgpt|0.7374
trec-dl-2020|qwen3-embed-600m+rankzephyr|optimal_global|setmaxheaptopk|0.616
trec-dl-2020|qwen3-embed-600m+rankzephyr|optimal_per_topic|judge|0.7921
trec-dl-2020|qwen3-embed-600m+rankzephyr|optimal_per_topic|judge_expr|0.8449
trec-dl-2020|qwen3-embed-600m+rankzephyr|optimal_per_topic|rankgpt|0.8661
trec-dl-2020|qwen3-embed-600m+rankzephyr|optimal_per_topic|setmaxheaptopk|0.8444
trec-dl-2020|qwen3-embed-600m+rankzephyr|quantile|judge|0.8344
trec-dl-2020|qwen3-embed-600m+rankzephyr|quantile|judge_expr|0.7377
trec-dl-2020|qwen3-embed-600m+rankzephyr|quantile|rankgpt|0.8412
trec-dl-2020|qwen3-embed-600m+rankzephyr|quantile|setmaxheaptopk|0.7716
trec-dl-2020|qwen3-embed-600m+rankzephyr|rank|judge|0.5612
trec-dl-2020|qwen3-embed-600m+rankzephyr|rank|judge_expr|0.5036
trec-dl-2020|qwen3-embed-600m+rankzephyr|rank|rankgpt|0.651
trec-dl-2020|qwen3-embed-600m+rankzephyr|rank|setmaxheaptopk|0.616
trec-dl-2020|qwen3-embed-600m+rankzephyr|thresholding|judge|0.7271
trec-dl-2020|qwen3-embed-600m+rankzephyr|thresholding|judge_expr|0.715
trec-dl-2020|qwen3-embed-600m+rankzephyr|thresholding|rankgpt|0.0
trec-dl-2020|qwen3-embed-600m+rankzephyr|thresholding|setmaxheaptopk|0.0
trec-dl-2020|qwen3-embed-600m+setmaxheaptopk|direct|judge|0.7629
trec-dl-2020|qwen3-embed-600m+setmaxheaptopk|direct|judge_expr|0.7206
trec-dl-2020|qwen3-embed-600m+setmaxheaptopk|direct|rankgpt|0.6525
trec-dl-2020|qwen3-embed-600m+setmaxheaptopk|direct|setmaxheaptopk|0.6682
trec-dl-2020|qwen3-embed-600m+setmaxheaptopk|largest_gap|judge|0.6858
trec-dl-2020|qwen3-embed-600m+setmaxheaptopk|largest_gap|judge_expr|0.7362
trec-dl-2020|qwen3-embed-600m+setmaxheaptopk|largest_gap|rankgpt|0.6525
trec-dl-2020|qwen3-embed-600m+setmaxheaptopk|largest_gap|setmaxheaptopk|0.6682
trec-dl-2020|qwen3-embed-600m+setmaxheaptopk|optimal_global|judge|0.7362
trec-dl-2020|qwen3-embed-600m+setmaxheaptopk|optimal_global|judge_expr|0.7403
trec-dl-2020|qwen3-embed-600m+setmaxheaptopk|optimal_global|rankgpt|0.6932
trec-dl-2020|qwen3-embed-600m+setmaxheaptopk|optimal_global|setmaxheaptopk|0.6926
trec-dl-2020|qwen3-embed-600m+setmaxheaptopk|optimal_per_topic|judge|0.8009
trec-dl-2020|qwen3-embed-600m+setmaxheaptopk|optimal_per_topic|judge_expr|0.8313
trec-dl-2020|qwen3-embed-600m+setmaxheaptopk|optimal_per_topic|rankgpt|0.8231
trec-dl-2020|qwen3-embed-600m+setmaxheaptopk|optimal_per_topic|setmaxheaptopk|0.8507
trec-dl-2020|qwen3-embed-600m+setmaxheaptopk|quantile|judge|0.8418
trec-dl-2020|qwen3-embed-600m+setmaxheaptopk|quantile|judge_expr|0.7627
trec-dl-2020|qwen3-embed-600m+setmaxheaptopk|quantile|rankgpt|0.8058
trec-dl-2020|qwen3-embed-600m+setmaxheaptopk|quantile|setmaxheaptopk|0.7993
trec-dl-2020|qwen3-embed-600m+setmaxheaptopk|rank|judge|0.5665
trec-dl-2020|qwen3-embed-600m+setmaxheaptopk|rank|judge_expr|0.5352
trec-dl-2020|qwen3-embed-600m+setmaxheaptopk|rank|rankgpt|0.6072
trec-dl-2020|qwen3-embed-600m+setmaxheaptopk|rank|setmaxheaptopk|0.6926
trec-dl-2020|qwen3-embed-600m+setmaxheaptopk|thresholding|judge|0.7341
trec-dl-2020|qwen3-embed-600m+setmaxheaptopk|thresholding|judge_expr|0.727
trec-dl-2020|qwen3-embed-600m+setmaxheaptopk|thresholding|rankgpt|0.0
trec-dl-2020|qwen3-embed-600m+setmaxheaptopk|thresholding|setmaxheaptopk|0.0
trec-dl-2020|splade-v3|direct|judge|0.7333
trec-dl-2020|splade-v3|direct|judge_expr|0.6576
trec-dl-2020|splade-v3|direct|rankgpt|0.6747
trec-dl-2020|splade-v3|direct|setmaxheaptopk|0.5946
trec-dl-2020|splade-v3|largest_gap|judge|0.6112
trec-dl-2020|splade-v3|largest_gap|judge_expr|0.6717
trec-dl-2020|splade-v3|largest_gap|rankgpt|0.6747
trec-dl-2020|splade-v3|largest_gap|setmaxheaptopk|0.5946
trec-dl-2020|splade-v3|optimal_global|judge|0.6767
trec-dl-2020|splade-v3|optimal_global|judge_expr|0.6886
trec-dl-2020|splade-v3|optimal_global|rankgpt|0.7546
trec-dl-2020|splade-v3|optimal_global|setmaxheaptopk|0.6088
trec-dl-2020|splade-v3|optimal_per_topic|judge|0.7559
trec-dl-2020|splade-v3|optimal_per_topic|judge_expr|0.7966
trec-dl-2020|splade-v3|optimal_per_topic|rankgpt|0.8841
trec-dl-2020|splade-v3|optimal_per_topic|setmaxheaptopk|0.8436
trec-dl-2020|splade-v3|quantile|judge|0.8228
trec-dl-2020|splade-v3|quantile|judge_expr|0.7144
trec-dl-2020|splade-v3|quantile|rankgpt|0.9071
trec-dl-2020|splade-v3|quantile|setmaxheaptopk|0.7944
trec-dl-2020|splade-v3|rank|judge|0.5691
trec-dl-2020|splade-v3|rank|judge_expr|0.4566
trec-dl-2020|splade-v3|rank|rankgpt|0.6478
trec-dl-2020|splade-v3|rank|setmaxheaptopk|0.6088
trec-dl-2020|splade-v3|thresholding|judge|0.6819
trec-dl-2020|splade-v3|thresholding|judge_expr|0.6703
trec-dl-2020|splade-v3|thresholding|rankgpt|0.0
trec-dl-2020|splade-v3|thresholding|setmaxheaptopk|0.0
trec-dl-2020|splade-v3+judge|direct|judge|0.8661
trec-dl-2020|splade-v3+judge|direct|judge_expr|0.8662
trec-dl-2020|splade-v3+judge|direct|rankgpt|0.4575
trec-dl-2020|splade-v3+judge|direct|setmaxheaptopk|0.4178
trec-dl-2020|splade-v3+judge|largest_gap|judge|0.8953
trec-dl-2020|splade-v3+judge|largest_gap|judge_expr|0.866
trec-dl-2020|splade-v3+judge|largest_gap|rankgpt|0.4575
trec-dl-2020|splade-v3+judge|largest_gap|setmaxheaptopk|0.4178
trec-dl-2020|splade-v3+judge|optimal_global|judge|0.8762
trec-dl-2020|splade-v3+judge|optimal_global|judge_expr|0.8771
trec-dl-2020|splade-v3+judge|optimal_global|rankgpt|0.5621
trec-dl-2020|splade-v3+judge|optimal_global|setmaxheaptopk|0.4783
trec-dl-2020|splade-v3+judge|optimal_per_topic|judge|0.877
trec-dl-2020|splade-v3+judge|optimal_per_topic|judge_expr|0.8759
trec-dl-2020|splade-v3+judge|optimal_per_topic|rankgpt|0.7578
trec-dl-2020|splade-v3+judge|optimal_per_topic|setmaxheaptopk|0.7334
trec-dl-2020|splade-v3+judge|quantile|judge|0.8476
trec-dl-2020|splade-v3+judge|quantile|judge_expr|0.8206
trec-dl-2020|splade-v3+judge|quantile|rankgpt|0.6643
trec-dl-2020|splade-v3+judge|quantile|setmaxheaptopk|0.6462
trec-dl-2020|splade-v3+judge|rank|judge|0.7031
trec-dl-2020|splade-v3+judge|rank|judge_expr|0.665
trec-dl-2020|splade-v3+judge|rank|rankgpt|0.4819
trec-dl-2020|splade-v3+judge|rank|setmaxheaptopk|0.4783
trec-dl-2020|splade-v3+judge|thresholding|judge|0.8777
trec-dl-2020|splade-v3+judge|thresholding|judge_expr|0.8599
trec-dl-2020|splade-v3+judge|thresholding|rankgpt|0.0
trec-dl-2020|splade-v3+judge|thresholding|setmaxheaptopk|0.0
trec-dl-2020|splade-v3+judge_expr|direct|judge|0.8599
trec-dl-2020|splade-v3+judge_expr|direct|judge_expr|0.875
trec-dl-2020|splade-v3+judge_expr|direct|rankgpt|0.4742
trec-dl-2020|splade-v3+judge_expr|direct|setmaxheaptopk|0.4633
trec-dl-2020|splade-v3+judge_expr|largest_gap|judge|0.8933
trec-dl-2020|splade-v3+judge_expr|largest_gap|judge_expr|0.8824
trec-dl-2020|splade-v3+judge_expr|largest_gap|rankgpt|0.4742
trec-dl-2020|splade-v3+judge_expr|largest_gap|setmaxheaptopk|0.4633
trec-dl-2020|splade-v3+judge_expr|optimal_global|judge|0.8714
trec-dl-2020|splade-v3+judge_expr|optimal_global|judge_expr|0.8712
trec-dl-2020|splade-v3+judge_expr|optimal_global|rankgpt|0.5823
trec-dl-2020|splade-v3+judge_expr|optimal_global|setmaxheaptopk|0.5291
trec-dl-2020|splade-v3+judge_expr|optimal_per_topic|judge|0.8693
trec-dl-2020|splade-v3+judge_expr|optimal_per_topic|judge_expr|0.8893
trec-dl-2020|splade-v3+judge_expr|optimal_per_topic|rankgpt|0.7395
trec-dl-2020|splade-v3+judge_expr|optimal_per_topic|setmaxheaptopk|0.75
trec-dl-2020|splade-v3+judge_expr|quantile|judge|0.846
trec-dl-2020|splade-v3+judge_expr|quantile|judge_expr|0.8472
trec-dl-2020|splade-v3+judge_expr|quantile|rankgpt|0.6699
trec-dl-2020|splade-v3+judge_expr|quantile|setmaxheaptopk|0.679
trec-dl-2020|splade-v3+judge_expr|rank|judge|0.681
trec-dl-2020|splade-v3+judge_expr|rank|judge_expr|0.8194
trec-dl-2020|splade-v3+judge_expr|rank|rankgpt|0.5117
trec-dl-2020|splade-v3+judge_expr|rank|setmaxheaptopk|0.5291
trec-dl-2020|splade-v3+judge_expr|thresholding|judge|0.8724
trec-dl-2020|splade-v3+judge_expr|thresholding|judge_expr|0.8819
trec-dl-2020|splade-v3+judge_expr|thresholding|rankgpt|0.0
trec-dl-2020|splade-v3+judge_expr|thresholding|setmaxheaptopk|0.0
trec-dl-2020|splade-v3+point|direct|judge|0.684
trec-dl-2020|splade-v3+point|direct|judge_expr|0.6287
trec-dl-2020|splade-v3+point|direct|rankgpt|0.3932
trec-dl-2020|splade-v3+point|direct|setmaxheaptopk|0.3468
trec-dl-2020|splade-v3+point|largest_gap|judge|0.5583
trec-dl-2020|splade-v3+point|largest_gap|judge_expr|0.653
trec-dl-2020|splade-v3+point|largest_gap|rankgpt|0.3932
trec-dl-2020|splade-v3+point|largest_gap|setmaxheaptopk|0.3468
trec-dl-2020|splade-v3+point|optimal_global|judge|0.6459
trec-dl-2020|splade-v3+point|optimal_global|judge_expr|0.6699
trec-dl-2020|splade-v3+point|optimal_global|rankgpt|0.5602
trec-dl-2020|splade-v3+point|optimal_global|setmaxheaptopk|0.4679
trec-dl-2020|splade-v3+point|optimal_per_topic|judge|0.7102
trec-dl-2020|splade-v3+point|optimal_per_topic|judge_expr|0.7257
trec-dl-2020|splade-v3+point|optimal_per_topic|rankgpt|0.7178
trec-dl-2020|splade-v3+point|optimal_per_topic|setmaxheaptopk|0.7024
trec-dl-2020|splade-v3+point|quantile|judge|0.7549
trec-dl-2020|splade-v3+point|quantile|judge_expr|0.6465
trec-dl-2020|splade-v3+point|quantile|rankgpt|0.6799
trec-dl-2020|splade-v3+point|quantile|setmaxheaptopk|0.6518
trec-dl-2020|splade-v3+point|rank|judge|0.4777
trec-dl-2020|splade-v3+point|rank|judge_expr|0.4283
trec-dl-2020|splade-v3+point|rank|rankgpt|0.4727
trec-dl-2020|splade-v3+point|rank|setmaxheaptopk|0.4679
trec-dl-2020|splade-v3+point|thresholding|judge|0.6556
trec-dl-2020|splade-v3+point|thresholding|judge_expr|0.6385
trec-dl-2020|splade-v3+point|thresholding|rankgpt|0.0
trec-dl-2020|splade-v3+point|thresholding|setmaxheaptopk|0.0
trec-dl-2020|splade-v3+rankfirst|direct|judge|0.7745
trec-dl-2020|splade-v3+rankfirst|direct|judge_expr|0.7207
trec-dl-2020|splade-v3+rankfirst|direct|rankgpt|0.6687
trec-dl-2020|splade-v3+rankfirst|direct|setmaxheaptopk|0.58
trec-dl-2020|splade-v3+rankfirst|largest_gap|judge|0.6894
trec-dl-2020|splade-v3+rankfirst|largest_gap|judge_expr|0.7368
trec-dl-2020|splade-v3+rankfirst|largest_gap|rankgpt|0.6687
trec-dl-2020|splade-v3+rankfirst|largest_gap|setmaxheaptopk|0.58
trec-dl-2020|splade-v3+rankfirst|optimal_global|judge|0.7395
trec-dl-2020|splade-v3+rankfirst|optimal_global|judge_expr|0.7456
trec-dl-2020|splade-v3+rankfirst|optimal_global|rankgpt|0.7585
trec-dl-2020|splade-v3+rankfirst|optimal_global|setmaxheaptopk|0.654
trec-dl-2020|splade-v3+rankfirst|optimal_per_topic|judge|0.8131
trec-dl-2020|splade-v3+rankfirst|optimal_per_topic|judge_expr|0.8459
trec-dl-2020|splade-v3+rankfirst|optimal_per_topic|rankgpt|0.8963
trec-dl-2020|splade-v3+rankfirst|optimal_per_topic|setmaxheaptopk|0.8768
trec-dl-2020|splade-v3+rankfirst|quantile|judge|0.8515
trec-dl-2020|splade-v3+rankfirst|quantile|judge_expr|0.773
trec-dl-2020|splade-v3+rankfirst|quantile|rankgpt|0.8805
trec-dl-2020|splade-v3+rankfirst|quantile|setmaxheaptopk|0.8097
trec-dl-2020|splade-v3+rankfirst|rank|judge|0.6165
trec-dl-2020|splade-v3+rankfirst|rank|judge_expr|0.5334
trec-dl-2020|splade-v3+rankfirst|rank|rankgpt|0.6691
trec-dl-2020|splade-v3+rankfirst|rank|setmaxheaptopk|0.654
trec-dl-2020|splade-v3+rankfirst|thresholding|judge|0.7419
trec-dl-2020|splade-v3+rankfirst|thresholding|judge_expr|0.7223
trec-dl-2020|splade-v3+rankfirst|thresholding|rankgpt|0.0
trec-dl-2020|splade-v3+rankfirst|thresholding|setmaxheaptopk|0.0
trec-dl-2020|splade-v3+rankgpt|direct|judge|0.7718
trec-dl-2020|splade-v3+rankgpt|direct|judge_expr|0.717
trec-dl-2020|splade-v3+rankgpt|direct|rankgpt|0.7354
trec-dl-2020|splade-v3+rankgpt|direct|setmaxheaptopk|0.6603
trec-dl-2020|splade-v3+rankgpt|largest_gap|judge|0.6774
trec-dl-2020|splade-v3+rankgpt|largest_gap|judge_expr|0.727
trec-dl-2020|splade-v3+rankgpt|largest_gap|rankgpt|0.7354
trec-dl-2020|splade-v3+rankgpt|largest_gap|setmaxheaptopk|0.6603
trec-dl-2020|splade-v3+rankgpt|optimal_global|judge|0.7345
trec-dl-2020|splade-v3+rankgpt|optimal_global|judge_expr|0.7437
trec-dl-2020|splade-v3+rankgpt|optimal_global|rankgpt|0.732
trec-dl-2020|splade-v3+rankgpt|optimal_global|setmaxheaptopk|0.6176
trec-dl-2020|splade-v3+rankgpt|optimal_per_topic|judge|0.7894
trec-dl-2020|splade-v3+rankgpt|optimal_per_topic|judge_expr|0.8355
trec-dl-2020|splade-v3+rankgpt|optimal_per_topic|rankgpt|0.8712
trec-dl-2020|splade-v3+rankgpt|optimal_per_topic|setmaxheaptopk|0.8351
trec-dl-2020|splade-v3+rankgpt|quantile|judge|0.8502
trec-dl-2020|splade-v3+rankgpt|quantile|judge_expr|0.7694
trec-dl-2020|splade-v3+rankgpt|quantile|rankgpt|0.8396
trec-dl-2020|splade-v3+rankgpt|quantile|setmaxheaptopk|0.7818
trec-dl-2020|splade-v3+rankgpt|rank|judge|0.5756
trec-dl-2020|splade-v3+rankgpt|rank|judge_expr|0.5279
trec-dl-2020|splade-v3+rankgpt|rank|rankgpt|0.6643
trec-dl-2020|splade-v3+rankgpt|rank|setmaxheaptopk|0.6176
trec-dl-2020|splade-v3+rankgpt|thresholding|judge|0.74
trec-dl-2020|splade-v3+rankgpt|thresholding|judge_expr|0.7201
trec-dl-2020|splade-v3+rankgpt|thresholding|rankgpt|0.0
trec-dl-2020|splade-v3+rankgpt|thresholding|setmaxheaptopk|0.0
trec-dl-2020|splade-v3+rankzephyr|direct|judge|0.779
trec-dl-2020|splade-v3+rankzephyr|direct|judge_expr|0.7316
trec-dl-2020|splade-v3+rankzephyr|direct|rankgpt|0.6522
trec-dl-2020|splade-v3+rankzephyr|direct|setmaxheaptopk|0.6106
trec-dl-2020|splade-v3+rankzephyr|largest_gap|judge|0.6953
trec-dl-2020|splade-v3+rankzephyr|largest_gap|judge_expr|0.7453
trec-dl-2020|splade-v3+rankzephyr|largest_gap|rankgpt|0.6522
trec-dl-2020|splade-v3+rankzephyr|largest_gap|setmaxheaptopk|0.6106
trec-dl-2020|splade-v3+rankzephyr|optimal_global|judge|0.7471
trec-dl-2020|splade-v3+rankzephyr|optimal_global|judge_expr|0.7571
trec-dl-2020|splade-v3+rankzephyr|optimal_global|rankgpt|0.7654
trec-dl-2020|splade-v3+rankzephyr|optimal_global|setmaxheaptopk|0.6486
trec-dl-2020|splade-v3+rankzephyr|optimal_per_topic|judge|0.8282
trec-dl-2020|splade-v3+rankzephyr|optimal_per_topic|judge_expr|0.8792
trec-dl-2020|splade-v3+rankzephyr|optimal_per_topic|rankgpt|0.9065
trec-dl-2020|splade-v3+rankzephyr|optimal_per_topic|setmaxheaptopk|0.8813
trec-dl-2020|splade-v3+rankzephyr|quantile|judge|0.8556
trec-dl-2020|splade-v3+rankzephyr|quantile|judge_expr|0.772
trec-dl-2020|splade-v3+rankzephyr|quantile|rankgpt|0.8733
trec-dl-2020|splade-v3+rankzephyr|quantile|setmaxheaptopk|0.797
trec-dl-2020|splade-v3+rankzephyr|rank|judge|0.592
trec-dl-2020|splade-v3+rankzephyr|rank|judge_expr|0.5301
trec-dl-2020|splade-v3+rankzephyr|rank|rankgpt|0.6839
trec-dl-2020|splade-v3+rankzephyr|rank|setmaxheaptopk|0.6486
trec-dl-2020|splade-v3+rankzephyr|thresholding|judge|0.7534
trec-dl-2020|splade-v3+rankzephyr|thresholding|judge_expr|0.7352
trec-dl-2020|splade-v3+rankzephyr|thresholding|rankgpt|0.0
trec-dl-2020|splade-v3+rankzephyr|thresholding|setmaxheaptopk|0.0
trec-dl-2020|splade-v3+setmaxheaptopk|direct|judge|0.7699
trec-dl-2020|splade-v3+setmaxheaptopk|direct|judge_expr|0.7306
trec-dl-2020|splade-v3+setmaxheaptopk|direct|rankgpt|0.6729
trec-dl-2020|splade-v3+setmaxheaptopk|direct|setmaxheaptopk|0.7186
trec-dl-2020|splade-v3+setmaxheaptopk|largest_gap|judge|0.7005
trec-dl-2020|splade-v3+setmaxheaptopk|largest_gap|judge_expr|0.7494
trec-dl-2020|splade-v3+setmaxheaptopk|largest_gap|rankgpt|0.6729
trec-dl-2020|splade-v3+setmaxheaptopk|largest_gap|setmaxheaptopk|0.7186
trec-dl-2020|splade-v3+setmaxheaptopk|optimal_global|judge|0.7525
trec-dl-2020|splade-v3+setmaxheaptopk|optimal_global|judge_expr|0.7578
trec-dl-2020|splade-v3+setmaxheaptopk|optimal_global|rankgpt|0.7041
trec-dl-2020|splade-v3+setmaxheaptopk|optimal_global|setmaxheaptopk|0.6855
trec-dl-2020|splade-v3+setmaxheaptopk|optimal_per_topic|judge|0.8103
trec-dl-2020|splade-v3+setmaxheaptopk|optimal_per_topic|judge_expr|0.8354
trec-dl-2020|splade-v3+setmaxheaptopk|optimal_per_topic|rankgpt|0.8156
trec-dl-2020|splade-v3+setmaxheaptopk|optimal_per_topic|setmaxheaptopk|0.8557
trec-dl-2020|splade-v3+setmaxheaptopk|quantile|judge|0.8192
trec-dl-2020|splade-v3+setmaxheaptopk|quantile|judge_expr|0.759
trec-dl-2020|splade-v3+setmaxheaptopk|quantile|rankgpt|0.7916
trec-dl-2020|splade-v3+setmaxheaptopk|quantile|setmaxheaptopk|0.8044
trec-dl-2020|splade-v3+setmaxheaptopk|rank|judge|0.5653
trec-dl-2020|splade-v3+setmaxheaptopk|rank|judge_expr|0.5332
trec-dl-2020|splade-v3+setmaxheaptopk|rank|rankgpt|0.6321
trec-dl-2020|splade-v3+setmaxheaptopk|rank|setmaxheaptopk|0.6855
trec-dl-2020|splade-v3+setmaxheaptopk|thresholding|judge|0.7518
trec-dl-2020|splade-v3+setmaxheaptopk|thresholding|judge_expr|0.7367
trec-dl-2020|splade-v3+setmaxheaptopk|thresholding|rankgpt|0.0
trec-dl-2020|splade-v3+setmaxheaptopk|thresholding|setmaxheaptopk|0.0
webis-touche2020|bm25|direct|judge|0.532
webis-touche2020|bm25|direct|judge_expr|0.4298
webis-touche2020|bm25|direct|rankgpt|0.1301
webis-touche2020|bm25|direct|setmaxheaptopk|0.1346
webis-touche2020|bm25|largest_gap|judge|0.3263
webis-touche2020|bm25|largest_gap|judge_expr|0.433
webis-touche2020|bm25|largest_gap|rankgpt|0.1301
webis-touche2020|bm25|largest_gap|setmaxheaptopk|0.1346
webis-touche2020|bm25|optimal_global|judge|0.4292
webis-touche2020|bm25|optimal_global|judge_expr|0.3468
webis-touche2020|bm25|optimal_global|rankgpt|0.6064
webis-touche2020|bm25|optimal_global|setmaxheaptopk|0.422
webis-touche2020|bm25|optimal_per_topic|judge|0.4678
webis-touche2020|bm25|optimal_per_topic|judge_expr|0.3898
webis-touche2020|bm25|optimal_per_topic|rankgpt|0.5042
webis-touche2020|bm25|optimal_per_topic|setmaxheaptopk|0.3798
webis-touche2020|bm25|quantile|judge|0.525
webis-touche2020|bm25|quantile|judge_expr|0.4161
webis-touche2020|bm25|quantile|rankgpt|0.5193
webis-touche2020|bm25|quantile|setmaxheaptopk|0.422
webis-touche2020|bm25|rank|judge|0.2857
webis-touche2020|bm25|rank|judge_expr|0.2339
webis-touche2020|bm25|rank|rankgpt|0.2297
webis-touche2020|bm25|rank|setmaxheaptopk|0.2241
webis-touche2020|bm25|thresholding|judge|0.4474
webis-touche2020|bm25|thresholding|judge_expr|0.4287
webis-touche2020|bm25|thresholding|rankgpt|0.0
webis-touche2020|bm25|thresholding|setmaxheaptopk|0.0
webis-touche2020|bm25+judge|direct|judge|0.5795
webis-touche2020|bm25+judge|direct|judge_expr|0.5693
webis-touche2020|bm25+judge|direct|rankgpt|0.1917
webis-touche2020|bm25+judge|direct|setmaxheaptopk|0.2092
webis-touche2020|bm25+judge|largest_gap|judge|0.5678
webis-touche2020|bm25+judge|largest_gap|judge_expr|0.5651
webis-touche2020|bm25+judge|largest_gap|rankgpt|0.1917
webis-touche2020|bm25+judge|largest_gap|setmaxheaptopk|0.2092
webis-touche2020|bm25+judge|optimal_global|judge|0.5775
webis-touche2020|bm25+judge|optimal_global|judge_expr|0.546
webis-touche2020|bm25+judge|optimal_global|rankgpt|0.4227
webis-touche2020|bm25+judge|optimal_global|setmaxheaptopk|0.3986
webis-touche2020|bm25+judge|optimal_per_topic|judge|0.5582
webis-touche2020|bm25+judge|optimal_per_topic|judge_expr|0.4401
webis-touche2020|bm25+judge|optimal_per_topic|rankgpt|0.3439
webis-touche2020|bm25+judge|optimal_per_topic|setmaxheaptopk|0.3328
webis-touche2020|bm25+judge|quantile|judge|0.5794
webis-touche2020|bm25+judge|quantile|judge_expr|0.5741
webis-touche2020|bm25+judge|quantile|rankgpt|0.3855
webis-touche2020|bm25+judge|quantile|setmaxheaptopk|0.3986
webis-touche2020|bm25+judge|rank|judge|0.428
webis-touche2020|bm25+judge|rank|judge_expr|0.4277
webis-touche2020|bm25+judge|rank|rankgpt|0.2415
webis-touche2020|bm25+judge|rank|setmaxheaptopk|0.2618
webis-touche2020|bm25+judge|thresholding|judge|0.5795
webis-touche2020|bm25+judge|thresholding|judge_expr|0.5706
webis-touche2020|bm25+judge|thresholding|rankgpt|0.0
webis-touche2020|bm25+judge|thresholding|setmaxheaptopk|0.0
webis-touche2020|bm25+judge_expr|direct|judge|0.5736
webis-touche2020|bm25+judge_expr|direct|judge_expr|0.5716
webis-touche2020|bm25+judge_expr|direct|rankgpt|0.1658
webis-touche2020|bm25+judge_expr|direct|setmaxheaptopk|0.3399
webis-touche2020|bm25+judge_expr|largest_gap|judge|0.555
webis-touche2020|bm25+judge_expr|largest_gap|judge_expr|0.5592
webis-touche2020|bm25+judge_expr|largest_gap|rankgpt|0.1658
webis-touche2020|bm25+judge_expr|largest_gap|setmaxheaptopk|0.3399
webis-touche2020|bm25+judge_expr|optimal_global|judge|0.5712
webis-touche2020|bm25+judge_expr|optimal_global|judge_expr|0.5617
webis-touche2020|bm25+judge_expr|optimal_global|rankgpt|0.4266
webis-touche2020|bm25+judge_expr|optimal_global|setmaxheaptopk|0.4273
webis-touche2020|bm25+judge_expr|optimal_per_topic|judge|0.5571
webis-touche2020|bm25+judge_expr|optimal_per_topic|judge_expr|0.5814
webis-touche2020|bm25+judge_expr|optimal_per_topic|rankgpt|0.3683
webis-touche2020|bm25+judge_expr|optimal_per_topic|setmaxheaptopk|0.3848
webis-touche2020|bm25+judge_expr|quantile|judge|0.5791
webis-touche2020|bm25+judge_expr|quantile|judge_expr|0.5791
webis-touche2020|bm25+judge_expr|quantile|rankgpt|0.3858
webis-touche2020|bm25+judge_expr|quantile|setmaxheaptopk|0.4273
webis-touche2020|bm25+judge_expr|rank|judge|0.4342
webis-touche2020|bm25+judge_expr|rank|judge_expr|0.5493
webis-touche2020|bm25+judge_expr|rank|rankgpt|0.2664
webis-touche2020|bm25+judge_expr|rank|setmaxheaptopk|0.3179
webis-touche2020|bm25+judge_expr|thresholding|judge|0.5719
webis-touche2020|bm25+judge_expr|thresholding|judge_expr|0.5698
webis-touche2020|bm25+judge_expr|thresholding|rankgpt|0.0
webis-touche2020|bm25+judge_expr|thresholding|setmaxheaptopk|0.0
webis-touche2020|bm25+point|direct|judge|0.4481
webis-touche2020|bm25+point|direct|judge_expr|0.3943
webis-touche2020|bm25+point|direct|rankgpt|0.1689
webis-touche2020|bm25+point|direct|setmaxheaptopk|0.1744
webis-touche2020|bm25+point|largest_gap|judge|0.2935
webis-touche2020|bm25+point|largest_gap|judge_expr|0.395
webis-touche2020|bm25+point|largest_gap|rankgpt|0.1689
webis-touche2020|bm25+point|largest_gap|setmaxheaptopk|0.1744
webis-touche2020|bm25+point|optimal_global|judge|0.4077
webis-touche2020|bm25+point|optimal_global|judge_expr|0.3153
webis-touche2020|bm25+point|optimal_global|rankgpt|0.3995
webis-touche2020|bm25+point|optimal_global|setmaxheaptopk|0.3596
webis-touche2020|bm25+point|optimal_per_topic|judge|0.376
webis-touche2020|bm25+point|optimal_per_topic|judge_expr|0.296
webis-touche2020|bm25+point|optimal_per_topic|rankgpt|0.3329
webis-touche2020|bm25+point|optimal_per_topic|setmaxheaptopk|0.2827
webis-touche2020|bm25+point|quantile|judge|0.4642
webis-touche2020|bm25+point|quantile|judge_expr|0.3935
webis-touche2020|bm25+point|quantile|rankgpt|0.3551
webis-touche2020|bm25+point|quantile|setmaxheaptopk|0.3596
webis-touche2020|bm25+point|rank|judge|0.2456
webis-touche2020|bm25+point|rank|judge_expr|0.2294
webis-touche2020|bm25+point|rank|rankgpt|0.192
webis-touche2020|bm25+point|rank|setmaxheaptopk|0.2151
webis-touche2020|bm25+point|thresholding|judge|0.41
webis-touche2020|bm25+point|thresholding|judge_expr|0.3962
webis-touche2020|bm25+point|thresholding|rankgpt|0.0
webis-touche2020|bm25+point|thresholding|setmaxheaptopk|0.0
webis-touche2020|bm25+rankfirst|direct|judge|0.576
webis-touche2020|bm25+rankfirst|direct|judge_expr|0.506
webis-touche2020|bm25+rankfirst|direct|rankgpt|0.2376
webis-touche2020|bm25+rankfirst|direct|setmaxheaptopk|0.2797
webis-touche2020|bm25+rankfirst|largest_gap|judge|0.4365
webis-touche2020|bm25+rankfirst|largest_gap|judge_expr|0.5014
webis-touche2020|bm25+rankfirst|largest_gap|rankgpt|0.2376
webis-touche2020|bm25+rankfirst|largest_gap|setmaxheaptopk|0.2797
webis-touche2020|bm25+rankfirst|optimal_global|judge|0.5052
webis-touche2020|bm25+rankfirst|optimal_global|judge_expr|0.4538
webis-touche2020|bm25+rankfirst|optimal_global|rankgpt|0.6391
webis-touche2020|bm25+rankfirst|optimal_global|setmaxheaptopk|0.5101
webis-touche2020|bm25+rankfirst|optimal_per_topic|judge|0.528
webis-touche2020|bm25+rankfirst|optimal_per_topic|judge_expr|0.4523
webis-touche2020|bm25+rankfirst|optimal_per_topic|rankgpt|0.5378
webis-touche2020|bm25+rankfirst|optimal_per_topic|setmaxheaptopk|0.4821
webis-touche2020|bm25+rankfirst|quantile|judge|0.584
webis-touche2020|bm25+rankfirst|quantile|judge_expr|0.5062
webis-touche2020|bm25+rankfirst|quantile|rankgpt|0.5764
webis-touche2020|bm25+rankfirst|quantile|setmaxheaptopk|0.5101
webis-touche2020|bm25+rankfirst|rank|judge|0.3595
webis-touche2020|bm25+rankfirst|rank|judge_expr|0.3098
webis-touche2020|bm25+rankfirst|rank|rankgpt|0.341
webis-touche2020|bm25+rankfirst|rank|setmaxheaptopk|0.3398
webis-touche2020|bm25+rankfirst|thresholding|judge|0.5197
webis-touche2020|bm25+rankfirst|thresholding|judge_expr|0.4994
webis-touche2020|bm25+rankfirst|thresholding|rankgpt|0.0
webis-touche2020|bm25+rankfirst|thresholding|setmaxheaptopk|0.0
webis-touche2020|bm25+rankgpt|direct|judge|0.5243
webis-touche2020|bm25+rankgpt|direct|judge_expr|0.4765
webis-touche2020|bm25+rankgpt|direct|rankgpt|0.2411
webis-touche2020|bm25+rankgpt|direct|setmaxheaptopk|0.3342
webis-touche2020|bm25+rankgpt|largest_gap|judge|0.39
webis-touche2020|bm25+rankgpt|largest_gap|judge_expr|0.4673
webis-touche2020|bm25+rankgpt|largest_gap|rankgpt|0.2411
webis-touche2020|bm25+rankgpt|largest_gap|setmaxheaptopk|0.3342
webis-touche2020|bm25+rankgpt|optimal_global|judge|0.4744
webis-touche2020|bm25+rankgpt|optimal_global|judge_expr|0.4316
webis-touche2020|bm25+rankgpt|optimal_global|rankgpt|0.4806
webis-touche2020|bm25+rankgpt|optimal_global|setmaxheaptopk|0.4457
webis-touche2020|bm25+rankgpt|optimal_per_topic|judge|0.4693
webis-touche2020|bm25+rankgpt|optimal_per_topic|judge_expr|0.4365
webis-touche2020|bm25+rankgpt|optimal_per_topic|rankgpt|0.3828
webis-touche2020|bm25+rankgpt|optimal_per_topic|setmaxheaptopk|0.4196
webis-touche2020|bm25+rankgpt|quantile|judge|0.5327
webis-touche2020|bm25+rankgpt|quantile|judge_expr|0.4815
webis-touche2020|bm25+rankgpt|quantile|rankgpt|0.4239
webis-touche2020|bm25+rankgpt|quantile|setmaxheaptopk|0.4457
webis-touche2020|bm25+rankgpt|rank|judge|0.3059
webis-touche2020|bm25+rankgpt|rank|judge_expr|0.3164
webis-touche2020|bm25+rankgpt|rank|rankgpt|0.2707
webis-touche2020|bm25+rankgpt|rank|setmaxheaptopk|0.2982
webis-touche2020|bm25+rankgpt|thresholding|judge|0.482
webis-touche2020|bm25+rankgpt|thresholding|judge_expr|0.4607
webis-touche2020|bm25+rankgpt|thresholding|rankgpt|0.0
webis-touche2020|bm25+rankgpt|thresholding|setmaxheaptopk|0.0
webis-touche2020|bm25+rankzephyr|direct|judge|0.5138
webis-touche2020|bm25+rankzephyr|direct|judge_expr|0.413
webis-touche2020|bm25+rankzephyr|direct|rankgpt|0.0956
webis-touche2020|bm25+rankzephyr|largest_gap|judge|0.3159
webis-touche2020|bm25+rankzephyr|largest_gap|judge_expr|0.4173
webis-touche2020|bm25+rankzephyr|largest_gap|rankgpt|0.0956
webis-touche2020|bm25+rankzephyr|optimal_global|judge|0.4128
webis-touche2020|bm25+rankzephyr|optimal_global|judge_expr|0.3379
webis-touche2020|bm25+rankzephyr|optimal_global|rankgpt|0.5991
webis-touche2020|bm25+rankzephyr|optimal_per_topic|judge|0.4531
webis-touche2020|bm25+rankzephyr|optimal_per_topic|judge_expr|0.3833
webis-touche2020|bm25+rankzephyr|optimal_per_topic|rankgpt|0.4916
webis-touche2020|bm25+rankzephyr|quantile|judge|0.5054
webis-touche2020|bm25+rankzephyr|quantile|judge_expr|0.3994
webis-touche2020|bm25+rankzephyr|quantile|rankgpt|0.515
webis-touche2020|bm25+rankzephyr|rank|judge|0.2758
webis-touche2020|bm25+rankzephyr|rank|judge_expr|0.2259
webis-touche2020|bm25+rankzephyr|rank|rankgpt|0.2283
webis-touche2020|bm25+rankzephyr|thresholding|judge|0.4264
webis-touche2020|bm25+rankzephyr|thresholding|judge_expr|0.4115
webis-touche2020|bm25+rankzephyr|thresholding|rankgpt|0.0
webis-touche2020|bm25+setmaxheaptopk|direct|judge|0.5194
webis-touche2020|bm25+setmaxheaptopk|direct|judge_expr|0.4815
webis-touche2020|bm25+setmaxheaptopk|direct|rankgpt|0.2457
webis-touche2020|bm25+setmaxheaptopk|direct|setmaxheaptopk|0.3555
webis-touche2020|bm25+setmaxheaptopk|largest_gap|judge|0.3994
webis-touche2020|bm25+setmaxheaptopk|largest_gap|judge_expr|0.4726
webis-touche2020|bm25+setmaxheaptopk|largest_gap|rankgpt|0.2457
webis-touche2020|bm25+setmaxheaptopk|largest_gap|setmaxheaptopk|0.3555
webis-touche2020|bm25+setmaxheaptopk|optimal_global|judge|0.4811
webis-touche2020|bm25+setmaxheaptopk|optimal_global|judge_expr|0.4492
webis-touche2020|bm25+setmaxheaptopk|optimal_global|rankgpt|0.4793
webis-touche2020|bm25+setmaxheaptopk|optimal_global|setmaxheaptopk|0.4654
webis-touche2020|bm25+setmaxheaptopk|optimal_per_topic|judge|0.4807
webis-touche2020|bm25+setmaxheaptopk|optimal_per_topic|judge_expr|0.414
webis-touche2020|bm25+setmaxheaptopk|optimal_per_topic|rankgpt|0.4084
webis-touche2020|bm25+setmaxheaptopk|optimal_per_topic|setmaxheaptopk|0.4236
webis-touche2020|bm25+setmaxheaptopk|quantile|judge|0.5499
webis-touche2020|bm25+setmaxheaptopk|quantile|judge_expr|0.5046
webis-touche2020|bm25+setmaxheaptopk|quantile|rankgpt|0.4444
webis-touche2020|bm25+setmaxheaptopk|quantile|setmaxheaptopk|0.4654
webis-touche2020|bm25+setmaxheaptopk|rank|judge|0.3514
webis-touche2020|bm25+setmaxheaptopk|rank|judge_expr|0.3216
webis-touche2020|bm25+setmaxheaptopk|rank|rankgpt|0.2949
webis-touche2020|bm25+setmaxheaptopk|rank|setmaxheaptopk|0.3336
webis-touche2020|bm25+setmaxheaptopk|thresholding|judge|0.4878
webis-touche2020|bm25+setmaxheaptopk|thresholding|judge_expr|0.4798
webis-touche2020|bm25+setmaxheaptopk|thresholding|rankgpt|0.0
webis-touche2020|bm25+setmaxheaptopk|thresholding|setmaxheaptopk|0.0
webis-touche2020|colbert-small|direct|judge|0.5047
webis-touche2020|colbert-small|direct|judge_expr|0.3771
webis-touche2020|colbert-small|direct|rankgpt|0.2067
webis-touche2020|colbert-small|direct|setmaxheaptopk|0.1772
webis-touche2020|colbert-small|largest_gap|judge|0.2536
webis-touche2020|colbert-small|largest_gap|judge_expr|0.3892
webis-touche2020|colbert-small|largest_gap|rankgpt|0.2067
webis-touche2020|colbert-small|largest_gap|setmaxheaptopk|0.1772
webis-touche2020|colbert-small|optimal_global|judge|0.3717
webis-touche2020|colbert-small|optimal_global|judge_expr|0.287
webis-touche2020|colbert-small|optimal_global|rankgpt|1.0
webis-touche2020|colbert-small|optimal_global|setmaxheaptopk|0.4856
webis-touche2020|colbert-small|optimal_per_topic|judge|0.3924
webis-touche2020|colbert-small|optimal_per_topic|judge_expr|0.2755
webis-touche2020|colbert-small|optimal_per_topic|rankgpt|0.7254
webis-touche2020|colbert-small|optimal_per_topic|setmaxheaptopk|0.4029
webis-touche2020|colbert-small|quantile|judge|0.4889
webis-touche2020|colbert-small|quantile|judge_expr|0.3362
webis-touche2020|colbert-small|quantile|rankgpt|0.9705
webis-touche2020|colbert-small|quantile|setmaxheaptopk|0.4856
webis-touche2020|colbert-small|rank|judge|0.2859
webis-touche2020|colbert-small|rank|judge_expr|0.1712
webis-touche2020|colbert-small|rank|rankgpt|0.2747
webis-touche2020|colbert-small|rank|setmaxheaptopk|0.262
webis-touche2020|colbert-small|thresholding|judge|0.393
webis-touche2020|colbert-small|thresholding|judge_expr|0.3691
webis-touche2020|colbert-small|thresholding|rankgpt|0.0
webis-touche2020|colbert-small|thresholding|setmaxheaptopk|0.0
webis-touche2020|colbert-small+judge|direct|judge|1.0
webis-touche2020|colbert-small+judge|direct|judge_expr|0.9861
webis-touche2020|colbert-small+judge|direct|rankgpt|0.2955
webis-touche2020|colbert-small+judge|direct|setmaxheaptopk|0.2916
webis-touche2020|colbert-small+judge|largest_gap|judge|1.0
webis-touche2020|colbert-small+judge|largest_gap|judge_expr|0.9924
webis-touche2020|colbert-small+judge|largest_gap|rankgpt|0.2955
webis-touche2020|colbert-small+judge|largest_gap|setmaxheaptopk|0.2916
webis-touche2020|colbert-small+judge|optimal_global|judge|1.0
webis-touche2020|colbert-small+judge|optimal_global|judge_expr|0.9604
webis-touche2020|colbert-small+judge|optimal_global|rankgpt|0.6215
webis-touche2020|colbert-small+judge|optimal_global|setmaxheaptopk|0.6184
webis-touche2020|colbert-small+judge|optimal_per_topic|judge|0.9796
webis-touche2020|colbert-small+judge|optimal_per_topic|judge_expr|0.7277
webis-touche2020|colbert-small+judge|optimal_per_topic|rankgpt|0.5729
webis-touche2020|colbert-small+judge|optimal_per_topic|setmaxheaptopk|0.539
webis-touche2020|colbert-small+judge|quantile|judge|1.0
webis-touche2020|colbert-small+judge|quantile|judge_expr|0.9788
webis-touche2020|colbert-small+judge|quantile|rankgpt|0.5541
webis-touche2020|colbert-small+judge|quantile|setmaxheaptopk|0.6184
webis-touche2020|colbert-small+judge|rank|judge|0.675
webis-touche2020|colbert-small+judge|rank|judge_expr|0.6972
webis-touche2020|colbert-small+judge|rank|rankgpt|0.3603
webis-touche2020|colbert-small+judge|rank|setmaxheaptopk|0.4001
webis-touche2020|colbert-small+judge|thresholding|judge|1.0
webis-touche2020|colbert-small+judge|thresholding|judge_expr|0.9936
webis-touche2020|colbert-small+judge|thresholding|rankgpt|0.0
webis-touche2020|colbert-small+judge|thresholding|setmaxheaptopk|0.0
webis-touche2020|colbert-small+judge_expr|direct|judge|0.9984
webis-touche2020|colbert-small+judge_expr|direct|judge_expr|1.0
webis-touche2020|colbert-small+judge_expr|direct|rankgpt|0.2978
webis-touche2020|colbert-small+judge_expr|direct|setmaxheaptopk|0.4383
webis-touche2020|colbert-small+judge_expr|largest_gap|judge|0.9971
webis-touche2020|colbert-small+judge_expr|largest_gap|judge_expr|1.0
webis-touche2020|colbert-small+judge_expr|largest_gap|rankgpt|0.2978
webis-touche2020|colbert-small+judge_expr|largest_gap|setmaxheaptopk|0.4383
webis-touche2020|colbert-small+judge_expr|optimal_global|judge|1.0
webis-touche2020|colbert-small+judge_expr|optimal_global|judge_expr|1.0
webis-touche2020|colbert-small+judge_expr|optimal_global|rankgpt|0.6373
webis-touche2020|colbert-small+judge_expr|optimal_global|setmaxheaptopk|0.6862
webis-touche2020|colbert-small+judge_expr|optimal_per_topic|judge|0.9796
webis-touche2020|colbert-small+judge_expr|optimal_per_topic|judge_expr|0.9796
webis-touche2020|colbert-small+judge_expr|optimal_per_topic|rankgpt|0.6245
webis-touche2020|colbert-small+judge_expr|optimal_per_topic|setmaxheaptopk|0.6248
webis-touche2020|colbert-small+judge_expr|quantile|judge|1.0
webis-touche2020|colbert-small+judge_expr|quantile|judge_expr|1.0
webis-touche2020|colbert-small+judge_expr|quantile|rankgpt|0.5728
webis-touche2020|colbert-small+judge_expr|quantile|setmaxheaptopk|0.6862
webis-touche2020|colbert-small+judge_expr|rank|judge|0.6892
webis-touche2020|colbert-small+judge_expr|rank|judge_expr|1.0
webis-touche2020|colbert-small+judge_expr|rank|rankgpt|0.398
webis-touche2020|colbert-small+judge_expr|rank|setmaxheaptopk|0.4891
webis-touche2020|colbert-small+judge_expr|thresholding|judge|1.0
webis-touche2020|colbert-small+judge_expr|thresholding|judge_expr|1.0
webis-touche2020|colbert-small+judge_expr|thresholding|rankgpt|0.0
webis-touche2020|colbert-small+judge_expr|thresholding|setmaxheaptopk|0.0
webis-touche2020|colbert-small+point|direct|judge|0.7044
webis-touche2020|colbert-small+point|direct|judge_expr|0.5973
webis-touche2020|colbert-small+point|direct|rankgpt|0.2157
webis-touche2020|colbert-small+point|direct|setmaxheaptopk|0.1882
webis-touche2020|colbert-small+point|largest_gap|judge|0.4191
webis-touche2020|colbert-small+point|largest_gap|judge_expr|0.6206
webis-touche2020|colbert-small+point|largest_gap|rankgpt|0.2157
webis-touche2020|colbert-small+point|largest_gap|setmaxheaptopk|0.1882
webis-touche2020|colbert-small+point|optimal_global|judge|0.6157
webis-touche2020|colbert-small+point|optimal_global|judge_expr|0.4746
webis-touche2020|colbert-small+point|optimal_global|rankgpt|0.526
webis-touche2020|colbert-small+point|optimal_global|setmaxheaptopk|0.5019
webis-touche2020|colbert-small+point|optimal_per_topic|judge|0.5712
webis-touche2020|colbert-small+point|optimal_per_topic|judge_expr|0.4257
webis-touche2020|colbert-small+point|optimal_per_topic|rankgpt|0.4636
webis-touche2020|colbert-small+point|optimal_per_topic|setmaxheaptopk|0.4186
webis-touche2020|colbert-small+point|quantile|judge|0.6854
webis-touche2020|colbert-small+point|quantile|judge_expr|0.5501
webis-touche2020|colbert-small+point|quantile|rankgpt|0.4585
webis-touche2020|colbert-small+point|quantile|setmaxheaptopk|0.5019
webis-touche2020|colbert-small+point|rank|judge|0.2891
webis-touche2020|colbert-small+point|rank|judge_expr|0.3027
webis-touche2020|colbert-small+point|rank|rankgpt|0.2373
webis-touche2020|colbert-small+point|rank|setmaxheaptopk|0.2832
webis-touche2020|colbert-small+point|thresholding|judge|0.6279
webis-touche2020|colbert-small+point|thresholding|judge_expr|0.6086
webis-touche2020|colbert-small+point|thresholding|rankgpt|0.0
webis-touche2020|colbert-small+point|thresholding|setmaxheaptopk|0.0
webis-touche2020|colbert-small+rankfirst|direct|judge|0.701
webis-touche2020|colbert-small+rankfirst|direct|judge_expr|0.6082
webis-touche2020|colbert-small+rankfirst|direct|rankgpt|0.3767
webis-touche2020|colbert-small+rankfirst|direct|setmaxheaptopk|0.3703
webis-touche2020|colbert-small+rankfirst|largest_gap|judge|0.5043
webis-touche2020|colbert-small+rankfirst|largest_gap|judge_expr|0.6222
webis-touche2020|colbert-small+rankfirst|largest_gap|rankgpt|0.3767
webis-touche2020|colbert-small+rankfirst|largest_gap|setmaxheaptopk|0.3703
webis-touche2020|colbert-small+rankfirst|optimal_global|judge|0.6105
webis-touche2020|colbert-small+rankfirst|optimal_global|judge_expr|0.5319
webis-touche2020|colbert-small+rankfirst|optimal_global|rankgpt|0.8152
webis-touche2020|colbert-small+rankfirst|optimal_global|setmaxheaptopk|0.6436
webis-touche2020|colbert-small+rankfirst|optimal_per_topic|judge|0.6133
webis-touche2020|colbert-small+rankfirst|optimal_per_topic|judge_expr|0.5104
webis-touche2020|colbert-small+rankfirst|optimal_per_topic|rankgpt|0.7183
webis-touche2020|colbert-small+rankfirst|optimal_per_topic|setmaxheaptopk|0.6108
webis-touche2020|colbert-small+rankfirst|quantile|judge|0.6858
webis-touche2020|colbert-small+rankfirst|quantile|judge_expr|0.5816
webis-touche2020|colbert-small+rankfirst|quantile|rankgpt|0.7501
webis-touche2020|colbert-small+rankfirst|quantile|setmaxheaptopk|0.6436
webis-touche2020|colbert-small+rankfirst|rank|judge|0.4064
webis-touche2020|colbert-small+rankfirst|rank|judge_expr|0.3506
webis-touche2020|colbert-small+rankfirst|rank|rankgpt|0.4062
webis-touche2020|colbert-small+rankfirst|rank|setmaxheaptopk|0.4213
webis-touche2020|colbert-small+rankfirst|thresholding|judge|0.6294
webis-touche2020|colbert-small+rankfirst|thresholding|judge_expr|0.6041
webis-touche2020|colbert-small+rankfirst|thresholding|rankgpt|0.0
webis-touche2020|colbert-small+rankfirst|thresholding|setmaxheaptopk|0.0
webis-touche2020|colbert-small+rankgpt|direct|judge|0.7518
webis-touche2020|colbert-small+rankgpt|direct|judge_expr|0.6878
webis-touche2020|colbert-small+rankgpt|direct|rankgpt|1.0
webis-touche2020|colbert-small+rankgpt|direct|setmaxheaptopk|0.4048
webis-touche2020|colbert-small+rankgpt|largest_gap|judge|0.5749
webis-touche2020|colbert-small+rankgpt|largest_gap|judge_expr|0.7125
webis-touche2020|colbert-small+rankgpt|largest_gap|rankgpt|1.0
webis-touche2020|colbert-small+rankgpt|largest_gap|setmaxheaptopk|0.4048
webis-touche2020|colbert-small+rankgpt|optimal_global|judge|0.6864
webis-touche2020|colbert-small+rankgpt|optimal_global|judge_expr|0.6158
webis-touche2020|colbert-small+rankgpt|optimal_global|rankgpt|1.0
webis-touche2020|colbert-small+rankgpt|optimal_global|setmaxheaptopk|0.6469
webis-touche2020|colbert-small+rankgpt|optimal_per_topic|judge|0.667
webis-touche2020|colbert-small+rankgpt|optimal_per_topic|judge_expr|0.5681
webis-touche2020|colbert-small+rankgpt|optimal_per_topic|rankgpt|0.9796
webis-touche2020|colbert-small+rankgpt|optimal_per_topic|setmaxheaptopk|0.5726
webis-touche2020|colbert-small+rankgpt|quantile|judge|0.7509
webis-touche2020|colbert-small+rankgpt|quantile|judge_expr|0.6635
webis-touche2020|colbert-small+rankgpt|quantile|rankgpt|1.0
webis-touche2020|colbert-small+rankgpt|quantile|setmaxheaptopk|0.6469
webis-touche2020|colbert-small+rankgpt|rank|judge|0.4105
webis-touche2020|colbert-small+rankgpt|rank|judge_expr|0.3866
webis-touche2020|colbert-small+rankgpt|rank|rankgpt|1.0
webis-touche2020|colbert-small+rankgpt|rank|setmaxheaptopk|0.4301
webis-touche2020|colbert-small+rankgpt|thresholding|judge|0.7085
webis-touche2020|colbert-small+rankgpt|thresholding|judge_expr|0.6851
webis-touche2020|colbert-small+rankgpt|thresholding|rankgpt|0.0
webis-touche2020|colbert-small+rankgpt|thresholding|setmaxheaptopk|0.0
webis-touche2020|colbert-small+rankzephyr|direct|judge|0.5156
webis-touche2020|colbert-small+rankzephyr|direct|judge_expr|0.3866
webis-touche2020|colbert-small+rankzephyr|direct|rankgpt|0.2012
webis-touche2020|colbert-small+rankzephyr|largest_gap|judge|0.2529
webis-touche2020|colbert-small+rankzephyr|largest_gap|judge_expr|0.3991
webis-touche2020|colbert-small+rankzephyr|largest_gap|rankgpt|0.2012
webis-touche2020|colbert-small+rankzephyr|optimal_global|judge|0.375
webis-touche2020|colbert-small+rankzephyr|optimal_global|judge_expr|0.2897
webis-touche2020|colbert-small+rankzephyr|optimal_global|rankgpt|0.9873
webis-touche2020|colbert-small+rankzephyr|optimal_per_topic|judge|0.3925
webis-touche2020|colbert-small+rankzephyr|optimal_per_topic|judge_expr|0.2823
webis-touche2020|colbert-small+rankzephyr|optimal_per_topic|rankgpt|0.7318
webis-touche2020|colbert-small+rankzephyr|quantile|judge|0.5124
webis-touche2020|colbert-small+rankzephyr|quantile|judge_expr|0.3595
webis-touche2020|colbert-small+rankzephyr|quantile|rankgpt|0.9695
webis-touche2020|colbert-small+rankzephyr|rank|judge|0.2837
webis-touche2020|colbert-small+rankzephyr|rank|judge_expr|0.176
webis-touche2020|colbert-small+rankzephyr|rank|rankgpt|0.3037
webis-touche2020|colbert-small+rankzephyr|thresholding|judge|0.4046
webis-touche2020|colbert-small+rankzephyr|thresholding|judge_expr|0.3716
webis-touche2020|colbert-small+rankzephyr|thresholding|rankgpt|0.0
webis-touche2020|colbert-small+setmaxheaptopk|direct|judge|0.8404
webis-touche2020|colbert-small+setmaxheaptopk|direct|judge_expr|0.7748
webis-touche2020|colbert-small+setmaxheaptopk|direct|rankgpt|0.3875
webis-touche2020|colbert-small+setmaxheaptopk|direct|setmaxheaptopk|1.0
webis-touche2020|colbert-small+setmaxheaptopk|largest_gap|judge|0.6421
webis-touche2020|colbert-small+setmaxheaptopk|largest_gap|judge_expr|0.7986
webis-touche2020|colbert-small+setmaxheaptopk|largest_gap|rankgpt|0.3875
webis-touche2020|colbert-small+setmaxheaptopk|largest_gap|setmaxheaptopk|1.0
webis-touche2020|colbert-small+setmaxheaptopk|optimal_global|judge|0.7995
webis-touche2020|colbert-small+setmaxheaptopk|optimal_global|judge_expr|0.7068
webis-touche2020|colbert-small+setmaxheaptopk|optimal_global|rankgpt|0.7114
webis-touche2020|colbert-small+setmaxheaptopk|optimal_global|setmaxheaptopk|1.0
webis-touche2020|colbert-small+setmaxheaptopk|optimal_per_topic|judge|0.7421
webis-touche2020|colbert-small+setmaxheaptopk|optimal_per_topic|judge_expr|0.6403
webis-touche2020|colbert-small+setmaxheaptopk|optimal_per_topic|rankgpt|0.649
webis-touche2020|colbert-small+setmaxheaptopk|optimal_per_topic|setmaxheaptopk|0.9796
webis-touche2020|colbert-small+setmaxheaptopk|quantile|judge|0.8647
webis-touche2020|colbert-small+setmaxheaptopk|quantile|judge_expr|0.7774
webis-touche2020|colbert-small+setmaxheaptopk|quantile|rankgpt|0.6582
webis-touche2020|colbert-small+setmaxheaptopk|quantile|setmaxheaptopk|1.0
webis-touche2020|colbert-small+setmaxheaptopk|rank|judge|0.471
webis-touche2020|colbert-small+setmaxheaptopk|rank|judge_expr|0.4888
webis-touche2020|colbert-small+setmaxheaptopk|rank|rankgpt|0.425
webis-touche2020|colbert-small+setmaxheaptopk|rank|setmaxheaptopk|1.0
webis-touche2020|colbert-small+setmaxheaptopk|thresholding|judge|0.8053
webis-touche2020|colbert-small+setmaxheaptopk|thresholding|judge_expr|0.7928
webis-touche2020|colbert-small+setmaxheaptopk|thresholding|rankgpt|0.0
webis-touche2020|colbert-small+setmaxheaptopk|thresholding|setmaxheaptopk|0.0
webis-touche2020|nomicai-modernbert-embed|direct|judge|0.5489
webis-touche2020|nomicai-modernbert-embed|direct|judge_expr|0.4816
webis-touche2020|nomicai-modernbert-embed|direct|rankgpt|0.2908
webis-touche2020|nomicai-modernbert-embed|direct|setmaxheaptopk|0.2287
webis-touche2020|nomicai-modernbert-embed|largest_gap|judge|0.3836
webis-touche2020|nomicai-modernbert-embed|largest_gap|judge_expr|0.4875
webis-touche2020|nomicai-modernbert-embed|largest_gap|rankgpt|0.2908
webis-touche2020|nomicai-modernbert-embed|largest_gap|setmaxheaptopk|0.2287
webis-touche2020|nomicai-modernbert-embed|optimal_global|judge|0.4845
webis-touche2020|nomicai-modernbert-embed|optimal_global|judge_expr|0.4215
webis-touche2020|nomicai-modernbert-embed|optimal_global|rankgpt|0.6247
webis-touche2020|nomicai-modernbert-embed|optimal_global|setmaxheaptopk|0.4907
webis-touche2020|nomicai-modernbert-embed|optimal_per_topic|judge|0.5031
webis-touche2020|nomicai-modernbert-embed|optimal_per_topic|judge_expr|0.4416
webis-touche2020|nomicai-modernbert-embed|optimal_per_topic|rankgpt|0.5703
webis-touche2020|nomicai-modernbert-embed|optimal_per_topic|setmaxheaptopk|0.4497
webis-touche2020|nomicai-modernbert-embed|quantile|judge|0.5591
webis-touche2020|nomicai-modernbert-embed|quantile|judge_expr|0.4681
webis-touche2020|nomicai-modernbert-embed|quantile|rankgpt|0.5567
webis-touche2020|nomicai-modernbert-embed|quantile|setmaxheaptopk|0.4907
webis-touche2020|nomicai-modernbert-embed|rank|judge|0.3374
webis-touche2020|nomicai-modernbert-embed|rank|judge_expr|0.2983
webis-touche2020|nomicai-modernbert-embed|rank|rankgpt|0.2948
webis-touche2020|nomicai-modernbert-embed|rank|setmaxheaptopk|0.306
webis-touche2020|nomicai-modernbert-embed|thresholding|judge|0.489
webis-touche2020|nomicai-modernbert-embed|thresholding|judge_expr|0.4811
webis-touche2020|nomicai-modernbert-embed|thresholding|rankgpt|0.0
webis-touche2020|nomicai-modernbert-embed|thresholding|setmaxheaptopk|0.0
webis-touche2020|nomicai-modernbert-embed+judge|direct|judge|0.5886
webis-touche2020|nomicai-modernbert-embed+judge|direct|judge_expr|0.5985
webis-touche2020|nomicai-modernbert-embed+judge|direct|rankgpt|0.217
webis-touche2020|nomicai-modernbert-embed+judge|direct|setmaxheaptopk|0.1896
webis-touche2020|nomicai-modernbert-embed+judge|largest_gap|judge|0.6187
webis-touche2020|nomicai-modernbert-embed+judge|largest_gap|judge_expr|0.6022
webis-touche2020|nomicai-modernbert-embed+judge|largest_gap|rankgpt|0.217
webis-touche2020|nomicai-modernbert-embed+judge|largest_gap|setmaxheaptopk|0.1896
webis-touche2020|nomicai-modernbert-embed+judge|optimal_global|judge|0.6054
webis-touche2020|nomicai-modernbert-embed+judge|optimal_global|judge_expr|0.5964
webis-touche2020|nomicai-modernbert-embed+judge|optimal_global|rankgpt|0.4219
webis-touche2020|nomicai-modernbert-embed+judge|optimal_global|setmaxheaptopk|0.3786
webis-touche2020|nomicai-modernbert-embed+judge|optimal_per_topic|judge|0.5991
webis-touche2020|nomicai-modernbert-embed+judge|optimal_per_topic|judge_expr|0.4754
webis-touche2020|nomicai-modernbert-embed+judge|optimal_per_topic|rankgpt|0.3641
webis-touche2020|nomicai-modernbert-embed+judge|optimal_per_topic|setmaxheaptopk|0.3297
webis-touche2020|nomicai-modernbert-embed+judge|quantile|judge|0.5794
webis-touche2020|nomicai-modernbert-embed+judge|quantile|judge_expr|0.5698
webis-touche2020|nomicai-modernbert-embed+judge|quantile|rankgpt|0.3822
webis-touche2020|nomicai-modernbert-embed+judge|quantile|setmaxheaptopk|0.3786
webis-touche2020|nomicai-modernbert-embed+judge|rank|judge|0.4302
webis-touche2020|nomicai-modernbert-embed+judge|rank|judge_expr|0.4488
webis-touche2020|nomicai-modernbert-embed+judge|rank|rankgpt|0.2468
webis-touche2020|nomicai-modernbert-embed+judge|rank|setmaxheaptopk|0.2468
webis-touche2020|nomicai-modernbert-embed+judge|thresholding|judge|0.6032
webis-touche2020|nomicai-modernbert-embed+judge|thresholding|judge_expr|0.6057
webis-touche2020|nomicai-modernbert-embed+judge|thresholding|rankgpt|0.0
webis-touche2020|nomicai-modernbert-embed+judge|thresholding|setmaxheaptopk|0.0
webis-touche2020|nomicai-modernbert-embed+judge_expr|direct|judge|0.5806
webis-touche2020|nomicai-modernbert-embed+judge_expr|direct|judge_expr|0.5964
webis-touche2020|nomicai-modernbert-embed+judge_expr|direct|rankgpt|0.2168
webis-touche2020|nomicai-modernbert-embed+judge_expr|direct|setmaxheaptopk|0.329
webis-touche2020|nomicai-modernbert-embed+judge_expr|largest_gap|judge|0.6025
webis-touche2020|nomicai-modernbert-embed+judge_expr|largest_gap|judge_expr|0.5987
webis-touche2020|nomicai-modernbert-embed+judge_expr|largest_gap|rankgpt|0.2168
webis-touche2020|nomicai-modernbert-embed+judge_expr|largest_gap|setmaxheaptopk|0.329
webis-touche2020|nomicai-modernbert-embed+judge_expr|optimal_global|judge|0.5979
webis-touche2020|nomicai-modernbert-embed+judge_expr|optimal_global|judge_expr|0.606
webis-touche2020|nomicai-modernbert-embed+judge_expr|optimal_global|rankgpt|0.4357
webis-touche2020|nomicai-modernbert-embed+judge_expr|optimal_global|setmaxheaptopk|0.4212
webis-touche2020|nomicai-modernbert-embed+judge_expr|optimal_per_topic|judge|0.5891
webis-touche2020|nomicai-modernbert-embed+judge_expr|optimal_per_topic|judge_expr|0.6116
webis-touche2020|nomicai-modernbert-embed+judge_expr|optimal_per_topic|rankgpt|0.4107
webis-touche2020|nomicai-modernbert-embed+judge_expr|optimal_per_topic|setmaxheaptopk|0.3964
webis-touche2020|nomicai-modernbert-embed+judge_expr|quantile|judge|0.5717
webis-touche2020|nomicai-modernbert-embed+judge_expr|quantile|judge_expr|0.5717
webis-touche2020|nomicai-modernbert-embed+judge_expr|quantile|rankgpt|0.3903
webis-touche2020|nomicai-modernbert-embed+judge_expr|quantile|setmaxheaptopk|0.4212
webis-touche2020|nomicai-modernbert-embed+judge_expr|rank|judge|0.44
webis-touche2020|nomicai-modernbert-embed+judge_expr|rank|judge_expr|0.5636
webis-touche2020|nomicai-modernbert-embed+judge_expr|rank|rankgpt|0.2819
webis-touche2020|nomicai-modernbert-embed+judge_expr|rank|setmaxheaptopk|0.3228
webis-touche2020|nomicai-modernbert-embed+judge_expr|thresholding|judge|0.5963
webis-touche2020|nomicai-modernbert-embed+judge_expr|thresholding|judge_expr|0.5974
webis-touche2020|nomicai-modernbert-embed+judge_expr|thresholding|rankgpt|0.0
webis-touche2020|nomicai-modernbert-embed+judge_expr|thresholding|setmaxheaptopk|0.0
webis-touche2020|nomicai-modernbert-embed+point|direct|judge|0.4796
webis-touche2020|nomicai-modernbert-embed+point|direct|judge_expr|0.4353
webis-touche2020|nomicai-modernbert-embed+point|direct|rankgpt|0.1831
webis-touche2020|nomicai-modernbert-embed+point|direct|setmaxheaptopk|0.1742
webis-touche2020|nomicai-modernbert-embed+point|largest_gap|judge|0.3391
webis-touche2020|nomicai-modernbert-embed+point|largest_gap|judge_expr|0.4403
webis-touche2020|nomicai-modernbert-embed+point|largest_gap|rankgpt|0.1831
webis-touche2020|nomicai-modernbert-embed+point|largest_gap|setmaxheaptopk|0.1742
webis-touche2020|nomicai-modernbert-embed+point|optimal_global|judge|0.4463
webis-touche2020|nomicai-modernbert-embed+point|optimal_global|judge_expr|0.36
webis-touche2020|nomicai-modernbert-embed+point|optimal_global|rankgpt|0.4012
webis-touche2020|nomicai-modernbert-embed+point|optimal_global|setmaxheaptopk|0.3679
webis-touche2020|nomicai-modernbert-embed+point|optimal_per_topic|judge|0.416
webis-touche2020|nomicai-modernbert-embed+point|optimal_per_topic|judge_expr|0.3311
webis-touche2020|nomicai-modernbert-embed+point|optimal_per_topic|rankgpt|0.3251
webis-touche2020|nomicai-modernbert-embed+point|optimal_per_topic|setmaxheaptopk|0.2951
webis-touche2020|nomicai-modernbert-embed+point|quantile|judge|0.4862
webis-touche2020|nomicai-modernbert-embed+point|quantile|judge_expr|0.4286
webis-touche2020|nomicai-modernbert-embed+point|quantile|rankgpt|0.3572
webis-touche2020|nomicai-modernbert-embed+point|quantile|setmaxheaptopk|0.3679
webis-touche2020|nomicai-modernbert-embed+point|rank|judge|0.2621
webis-touche2020|nomicai-modernbert-embed+point|rank|judge_expr|0.2662
webis-touche2020|nomicai-modernbert-embed+point|rank|rankgpt|0.1902
webis-touche2020|nomicai-modernbert-embed+point|rank|setmaxheaptopk|0.2186
webis-touche2020|nomicai-modernbert-embed+point|thresholding|judge|0.4536
webis-touche2020|nomicai-modernbert-embed+point|thresholding|judge_expr|0.4437
webis-touche2020|nomicai-modernbert-embed+point|thresholding|rankgpt|0.0
webis-touche2020|nomicai-modernbert-embed+point|thresholding|setmaxheaptopk|0.0
webis-touche2020|nomicai-modernbert-embed+rankfirst|direct|judge|0.5692
webis-touche2020|nomicai-modernbert-embed+rankfirst|direct|judge_expr|0.5134
webis-touche2020|nomicai-modernbert-embed+rankfirst|direct|rankgpt|0.3008
webis-touche2020|nomicai-modernbert-embed+rankfirst|direct|setmaxheaptopk|0.279
webis-touche2020|nomicai-modernbert-embed+rankfirst|largest_gap|judge|0.4632
webis-touche2020|nomicai-modernbert-embed+rankfirst|largest_gap|judge_expr|0.5181
webis-touche2020|nomicai-modernbert-embed+rankfirst|largest_gap|rankgpt|0.3008
webis-touche2020|nomicai-modernbert-embed+rankfirst|largest_gap|setmaxheaptopk|0.279
webis-touche2020|nomicai-modernbert-embed+rankfirst|optimal_global|judge|0.5136
webis-touche2020|nomicai-modernbert-embed+rankfirst|optimal_global|judge_expr|0.4665
webis-touche2020|nomicai-modernbert-embed+rankfirst|optimal_global|rankgpt|0.6033
webis-touche2020|nomicai-modernbert-embed+rankfirst|optimal_global|setmaxheaptopk|0.4974
webis-touche2020|nomicai-modernbert-embed+rankfirst|optimal_per_topic|judge|0.5231
webis-touche2020|nomicai-modernbert-embed+rankfirst|optimal_per_topic|judge_expr|0.4343
webis-touche2020|nomicai-modernbert-embed+rankfirst|optimal_per_topic|rankgpt|0.5438
webis-touche2020|nomicai-modernbert-embed+rankfirst|optimal_per_topic|setmaxheaptopk|0.4645
webis-touche2020|nomicai-modernbert-embed+rankfirst|quantile|judge|0.5779
webis-touche2020|nomicai-modernbert-embed+rankfirst|quantile|judge_expr|0.5053
webis-touche2020|nomicai-modernbert-embed+rankfirst|quantile|rankgpt|0.5384
webis-touche2020|nomicai-modernbert-embed+rankfirst|quantile|setmaxheaptopk|0.4974
webis-touche2020|nomicai-modernbert-embed+rankfirst|rank|judge|0.3491
webis-touche2020|nomicai-modernbert-embed+rankfirst|rank|judge_expr|0.3305
webis-touche2020|nomicai-modernbert-embed+rankfirst|rank|rankgpt|0.3116
webis-touche2020|nomicai-modernbert-embed+rankfirst|rank|setmaxheaptopk|0.3343
webis-touche2020|nomicai-modernbert-embed+rankfirst|thresholding|judge|0.5237
webis-touche2020|nomicai-modernbert-embed+rankfirst|thresholding|judge_expr|0.5116
webis-touche2020|nomicai-modernbert-embed+rankfirst|thresholding|rankgpt|0.0
webis-touche2020|nomicai-modernbert-embed+rankfirst|thresholding|setmaxheaptopk|0.0
webis-touche2020|nomicai-modernbert-embed+rankgpt|direct|judge|0.53
webis-touche2020|nomicai-modernbert-embed+rankgpt|direct|judge_expr|0.5051
webis-touche2020|nomicai-modernbert-embed+rankgpt|direct|rankgpt|0.3482
webis-touche2020|nomicai-modernbert-embed+rankgpt|direct|setmaxheaptopk|0.3328
webis-touche2020|nomicai-modernbert-embed+rankgpt|largest_gap|judge|0.4418
webis-touche2020|nomicai-modernbert-embed+rankgpt|largest_gap|judge_expr|0.5054
webis-touche2020|nomicai-modernbert-embed+rankgpt|largest_gap|rankgpt|0.3482
webis-touche2020|nomicai-modernbert-embed+rankgpt|largest_gap|setmaxheaptopk|0.3328
webis-touche2020|nomicai-modernbert-embed+rankgpt|optimal_global|judge|0.5065
webis-touche2020|nomicai-modernbert-embed+rankgpt|optimal_global|judge_expr|0.4623
webis-touche2020|nomicai-modernbert-embed+rankgpt|optimal_global|rankgpt|0.4992
webis-touche2020|nomicai-modernbert-embed+rankgpt|optimal_global|setmaxheaptopk|0.455
webis-touche2020|nomicai-modernbert-embed+rankgpt|optimal_per_topic|judge|0.4929
webis-touche2020|nomicai-modernbert-embed+rankgpt|optimal_per_topic|judge_expr|0.4529
webis-touche2020|nomicai-modernbert-embed+rankgpt|optimal_per_topic|rankgpt|0.5091
webis-touche2020|nomicai-modernbert-embed+rankgpt|optimal_per_topic|setmaxheaptopk|0.425
webis-touche2020|nomicai-modernbert-embed+rankgpt|quantile|judge|0.5333
webis-touche2020|nomicai-modernbert-embed+rankgpt|quantile|judge_expr|0.4917
webis-touche2020|nomicai-modernbert-embed+rankgpt|quantile|rankgpt|0.458
webis-touche2020|nomicai-modernbert-embed+rankgpt|quantile|setmaxheaptopk|0.455
webis-touche2020|nomicai-modernbert-embed+rankgpt|rank|judge|0.3306
webis-touche2020|nomicai-modernbert-embed+rankgpt|rank|judge_expr|0.3474
webis-touche2020|nomicai-modernbert-embed+rankgpt|rank|rankgpt|0.3441
webis-touche2020|nomicai-modernbert-embed+rankgpt|rank|setmaxheaptopk|0.3266
webis-touche2020|nomicai-modernbert-embed+rankgpt|thresholding|judge|0.515
webis-touche2020|nomicai-modernbert-embed+rankgpt|thresholding|judge_expr|0.5057
webis-touche2020|nomicai-modernbert-embed+rankgpt|thresholding|rankgpt|0.0
webis-touche2020|nomicai-modernbert-embed+rankgpt|thresholding|setmaxheaptopk|0.0
webis-touche2020|nomicai-modernbert-embed+rankzephyr|direct|judge|0.5298
webis-touche2020|nomicai-modernbert-embed+rankzephyr|direct|judge_expr|0.464
webis-touche2020|nomicai-modernbert-embed+rankzephyr|direct|rankgpt|0.2457
webis-touche2020|nomicai-modernbert-embed+rankzephyr|largest_gap|judge|0.3803
webis-touche2020|nomicai-modernbert-embed+rankzephyr|largest_gap|judge_expr|0.4788
webis-touche2020|nomicai-modernbert-embed+rankzephyr|largest_gap|rankgpt|0.2457
webis-touche2020|nomicai-modernbert-embed+rankzephyr|optimal_global|judge|0.4676
webis-touche2020|nomicai-modernbert-embed+rankzephyr|optimal_global|judge_expr|0.4072
webis-touche2020|nomicai-modernbert-embed+rankzephyr|optimal_global|rankgpt|0.5951
webis-touche2020|nomicai-modernbert-embed+rankzephyr|optimal_per_topic|judge|0.4827
webis-touche2020|nomicai-modernbert-embed+rankzephyr|optimal_per_topic|judge_expr|0.4238
webis-touche2020|nomicai-modernbert-embed+rankzephyr|optimal_per_topic|rankgpt|0.5439
webis-touche2020|nomicai-modernbert-embed+rankzephyr|quantile|judge|0.5339
webis-touche2020|nomicai-modernbert-embed+rankzephyr|quantile|judge_expr|0.4434
webis-touche2020|nomicai-modernbert-embed+rankzephyr|quantile|rankgpt|0.5292
webis-touche2020|nomicai-modernbert-embed+rankzephyr|rank|judge|0.2915
webis-touche2020|nomicai-modernbert-embed+rankzephyr|rank|judge_expr|0.2691
webis-touche2020|nomicai-modernbert-embed+rankzephyr|rank|rankgpt|0.29
webis-touche2020|nomicai-modernbert-embed+rankzephyr|thresholding|judge|0.4733
webis-touche2020|nomicai-modernbert-embed+rankzephyr|thresholding|judge_expr|0.4578
webis-touche2020|nomicai-modernbert-embed+rankzephyr|thresholding|rankgpt|0.0
webis-touche2020|nomicai-modernbert-embed+setmaxheaptopk|direct|judge|0.5794
webis-touche2020|nomicai-modernbert-embed+setmaxheaptopk|direct|judge_expr|0.5558
webis-touche2020|nomicai-modernbert-embed+setmaxheaptopk|direct|rankgpt|0.371
webis-touche2020|nomicai-modernbert-embed+setmaxheaptopk|direct|setmaxheaptopk|0.4419
webis-touche2020|nomicai-modernbert-embed+setmaxheaptopk|largest_gap|judge|0.4816
webis-touche2020|nomicai-modernbert-embed+setmaxheaptopk|largest_gap|judge_expr|0.5539
webis-touche2020|nomicai-modernbert-embed+setmaxheaptopk|largest_gap|rankgpt|0.371
webis-touche2020|nomicai-modernbert-embed+setmaxheaptopk|largest_gap|setmaxheaptopk|0.4419
webis-touche2020|nomicai-modernbert-embed+setmaxheaptopk|optimal_global|judge|0.5699
webis-touche2020|nomicai-modernbert-embed+setmaxheaptopk|optimal_global|judge_expr|0.5291
webis-touche2020|nomicai-modernbert-embed+setmaxheaptopk|optimal_global|rankgpt|0.5187
webis-touche2020|nomicai-modernbert-embed+setmaxheaptopk|optimal_global|setmaxheaptopk|0.5165
webis-touche2020|nomicai-modernbert-embed+setmaxheaptopk|optimal_per_topic|judge|0.5538
webis-touche2020|nomicai-modernbert-embed+setmaxheaptopk|optimal_per_topic|judge_expr|0.5332
webis-touche2020|nomicai-modernbert-embed+setmaxheaptopk|optimal_per_topic|rankgpt|0.4894
webis-touche2020|nomicai-modernbert-embed+setmaxheaptopk|optimal_per_topic|setmaxheaptopk|0.4981
webis-touche2020|nomicai-modernbert-embed+setmaxheaptopk|quantile|judge|0.5907
webis-touche2020|nomicai-modernbert-embed+setmaxheaptopk|quantile|judge_expr|0.5449
webis-touche2020|nomicai-modernbert-embed+setmaxheaptopk|quantile|rankgpt|0.4864
webis-touche2020|nomicai-modernbert-embed+setmaxheaptopk|quantile|setmaxheaptopk|0.5165
webis-touche2020|nomicai-modernbert-embed+setmaxheaptopk|rank|judge|0.3635
webis-touche2020|nomicai-modernbert-embed+setmaxheaptopk|rank|judge_expr|0.3965
webis-touche2020|nomicai-modernbert-embed+setmaxheaptopk|rank|rankgpt|0.3438
webis-touche2020|nomicai-modernbert-embed+setmaxheaptopk|rank|setmaxheaptopk|0.4138
webis-touche2020|nomicai-modernbert-embed+setmaxheaptopk|thresholding|judge|0.5738
webis-touche2020|nomicai-modernbert-embed+setmaxheaptopk|thresholding|judge_expr|0.5661
webis-touche2020|nomicai-modernbert-embed+setmaxheaptopk|thresholding|rankgpt|0.0
webis-touche2020|nomicai-modernbert-embed+setmaxheaptopk|thresholding|setmaxheaptopk|0.0
webis-touche2020|qwen3-embed-600m|direct|judge|0.4432
webis-touche2020|qwen3-embed-600m|direct|judge_expr|0.3692
webis-touche2020|qwen3-embed-600m|direct|rankgpt|0.1888
webis-touche2020|qwen3-embed-600m|direct|setmaxheaptopk|0.1684
webis-touche2020|qwen3-embed-600m|largest_gap|judge|0.2857
webis-touche2020|qwen3-embed-600m|largest_gap|judge_expr|0.3969
webis-touche2020|qwen3-embed-600m|largest_gap|rankgpt|0.1888
webis-touche2020|qwen3-embed-600m|largest_gap|setmaxheaptopk|0.1684
webis-touche2020|qwen3-embed-600m|optimal_global|judge|0.3711
webis-touche2020|qwen3-embed-600m|optimal_global|judge_expr|0.3163
webis-touche2020|qwen3-embed-600m|optimal_global|rankgpt|0.5568
webis-touche2020|qwen3-embed-600m|optimal_global|setmaxheaptopk|0.4159
webis-touche2020|qwen3-embed-600m|optimal_per_topic|judge|0.3932
webis-touche2020|qwen3-embed-600m|optimal_per_topic|judge_expr|0.3224
webis-touche2020|qwen3-embed-600m|optimal_per_topic|rankgpt|0.4922
webis-touche2020|qwen3-embed-600m|optimal_per_topic|setmaxheaptopk|0.3651
webis-touche2020|qwen3-embed-600m|quantile|judge|0.4438
webis-touche2020|qwen3-embed-600m|quantile|judge_expr|0.3505
webis-touche2020|qwen3-embed-600m|quantile|rankgpt|0.4906
webis-touche2020|qwen3-embed-600m|quantile|setmaxheaptopk|0.4159
webis-touche2020|qwen3-embed-600m|rank|judge|0.2468
webis-touche2020|qwen3-embed-600m|rank|judge_expr|0.1904
webis-touche2020|qwen3-embed-600m|rank|rankgpt|0.229
webis-touche2020|qwen3-embed-600m|rank|setmaxheaptopk|0.2355
webis-touche2020|qwen3-embed-600m|thresholding|judge|0.3892
webis-touche2020|qwen3-embed-600m|thresholding|judge_expr|0.3746
webis-touche2020|qwen3-embed-600m|thresholding|rankgpt|0.0
webis-touche2020|qwen3-embed-600m|thresholding|setmaxheaptopk|0.0
webis-touche2020|qwen3-embed-600m+judge|direct|judge|0.6385
webis-touche2020|qwen3-embed-600m+judge|direct|judge_expr|0.6429
webis-touche2020|qwen3-embed-600m+judge|direct|rankgpt|0.247
webis-touche2020|qwen3-embed-600m+judge|direct|setmaxheaptopk|0.2325
webis-touche2020|qwen3-embed-600m+judge|largest_gap|judge|0.6574
webis-touche2020|qwen3-embed-600m+judge|largest_gap|judge_expr|0.653
webis-touche2020|qwen3-embed-600m+judge|largest_gap|rankgpt|0.247
webis-touche2020|qwen3-embed-600m+judge|largest_gap|setmaxheaptopk|0.2325
webis-touche2020|qwen3-embed-600m+judge|optimal_global|judge|0.6494
webis-touche2020|qwen3-embed-600m+judge|optimal_global|judge_expr|0.6245
webis-touche2020|qwen3-embed-600m+judge|optimal_global|rankgpt|0.4526
webis-touche2020|qwen3-embed-600m+judge|optimal_global|setmaxheaptopk|0.4099
webis-touche2020|qwen3-embed-600m+judge|optimal_per_topic|judge|0.6392
webis-touche2020|qwen3-embed-600m+judge|optimal_per_topic|judge_expr|0.497
webis-touche2020|qwen3-embed-600m+judge|optimal_per_topic|rankgpt|0.3735
webis-touche2020|qwen3-embed-600m+judge|optimal_per_topic|setmaxheaptopk|0.3625
webis-touche2020|qwen3-embed-600m+judge|quantile|judge|0.633
webis-touche2020|qwen3-embed-600m+judge|quantile|judge_expr|0.6236
webis-touche2020|qwen3-embed-600m+judge|quantile|rankgpt|0.4066
webis-touche2020|qwen3-embed-600m+judge|quantile|setmaxheaptopk|0.4099
webis-touche2020|qwen3-embed-600m+judge|rank|judge|0.4592
webis-touche2020|qwen3-embed-600m+judge|rank|judge_expr|0.465
webis-touche2020|qwen3-embed-600m+judge|rank|rankgpt|0.2638
webis-touche2020|qwen3-embed-600m+judge|rank|setmaxheaptopk|0.2696
webis-touche2020|qwen3-embed-600m+judge|thresholding|judge|0.6479
webis-touche2020|qwen3-embed-600m+judge|thresholding|judge_expr|0.648
webis-touche2020|qwen3-embed-600m+judge|thresholding|rankgpt|0.0
webis-touche2020|qwen3-embed-600m+judge|thresholding|setmaxheaptopk|0.0
webis-touche2020|qwen3-embed-600m+judge_expr|direct|judge|0.6404
webis-touche2020|qwen3-embed-600m+judge_expr|direct|judge_expr|0.6533
webis-touche2020|qwen3-embed-600m+judge_expr|direct|rankgpt|0.2446
webis-touche2020|qwen3-embed-600m+judge_expr|direct|setmaxheaptopk|0.3372
webis-touche2020|qwen3-embed-600m+judge_expr|largest_gap|judge|0.6641
webis-touche2020|qwen3-embed-600m+judge_expr|largest_gap|judge_expr|0.6603
webis-touche2020|qwen3-embed-600m+judge_expr|largest_gap|rankgpt|0.2446
webis-touche2020|qwen3-embed-600m+judge_expr|largest_gap|setmaxheaptopk|0.3372
webis-touche2020|qwen3-embed-600m+judge_expr|optimal_global|judge|0.6543
webis-touche2020|qwen3-embed-600m+judge_expr|optimal_global|judge_expr|0.6599
webis-touche2020|qwen3-embed-600m+judge_expr|optimal_global|rankgpt|0.47
webis-touche2020|qwen3-embed-600m+judge_expr|optimal_global|setmaxheaptopk|0.4576
webis-touche2020|qwen3-embed-600m+judge_expr|optimal_per_topic|judge|0.6428
webis-touche2020|qwen3-embed-600m+judge_expr|optimal_per_topic|judge_expr|0.6622
webis-touche2020|qwen3-embed-600m+judge_expr|optimal_per_topic|rankgpt|0.4254
webis-touche2020|qwen3-embed-600m+judge_expr|optimal_per_topic|setmaxheaptopk|0.4273
webis-touche2020|qwen3-embed-600m+judge_expr|quantile|judge|0.6335
webis-touche2020|qwen3-embed-600m+judge_expr|quantile|judge_expr|0.6335
webis-touche2020|qwen3-embed-600m+judge_expr|quantile|rankgpt|0.4241
webis-touche2020|qwen3-embed-600m+judge_expr|quantile|setmaxheaptopk|0.4576
webis-touche2020|qwen3-embed-600m+judge_expr|rank|judge|0.474
webis-touche2020|qwen3-embed-600m+judge_expr|rank|judge_expr|0.6012
webis-touche2020|qwen3-embed-600m+judge_expr|rank|rankgpt|0.2941
webis-touche2020|qwen3-embed-600m+judge_expr|rank|setmaxheaptopk|0.3426
webis-touche2020|qwen3-embed-600m+judge_expr|thresholding|judge|0.6511
webis-touche2020|qwen3-embed-600m+judge_expr|thresholding|judge_expr|0.654
webis-touche2020|qwen3-embed-600m+judge_expr|thresholding|rankgpt|0.0
webis-touche2020|qwen3-embed-600m+judge_expr|thresholding|setmaxheaptopk|0.0
webis-touche2020|qwen3-embed-600m+point|direct|judge|0.474
webis-touche2020|qwen3-embed-600m+point|direct|judge_expr|0.4296
webis-touche2020|qwen3-embed-600m+point|direct|rankgpt|0.2039
webis-touche2020|qwen3-embed-600m+point|direct|setmaxheaptopk|0.1876
webis-touche2020|qwen3-embed-600m+point|largest_gap|judge|0.3159
webis-touche2020|qwen3-embed-600m+point|largest_gap|judge_expr|0.435
webis-touche2020|qwen3-embed-600m+point|largest_gap|rankgpt|0.2039
webis-touche2020|qwen3-embed-600m+point|largest_gap|setmaxheaptopk|0.1876
webis-touche2020|qwen3-embed-600m+point|optimal_global|judge|0.4454
webis-touche2020|qwen3-embed-600m+point|optimal_global|judge_expr|0.3448
webis-touche2020|qwen3-embed-600m+point|optimal_global|rankgpt|0.3945
webis-touche2020|qwen3-embed-600m+point|optimal_global|setmaxheaptopk|0.3807
webis-touche2020|qwen3-embed-600m+point|optimal_per_topic|judge|0.4055
webis-touche2020|qwen3-embed-600m+point|optimal_per_topic|judge_expr|0.3162
webis-touche2020|qwen3-embed-600m+point|optimal_per_topic|rankgpt|0.3198
webis-touche2020|qwen3-embed-600m+point|optimal_per_topic|setmaxheaptopk|0.2971
webis-touche2020|qwen3-embed-600m+point|quantile|judge|0.4746
webis-touche2020|qwen3-embed-600m+point|quantile|judge_expr|0.4106
webis-touche2020|qwen3-embed-600m+point|quantile|rankgpt|0.3572
webis-touche2020|qwen3-embed-600m+point|quantile|setmaxheaptopk|0.3807
webis-touche2020|qwen3-embed-600m+point|rank|judge|0.2508
webis-touche2020|qwen3-embed-600m+point|rank|judge_expr|0.2523
webis-touche2020|qwen3-embed-600m+point|rank|rankgpt|0.1904
webis-touche2020|qwen3-embed-600m+point|rank|setmaxheaptopk|0.2235
webis-touche2020|qwen3-embed-600m+point|thresholding|judge|0.454
webis-touche2020|qwen3-embed-600m+point|thresholding|judge_expr|0.4425
webis-touche2020|qwen3-embed-600m+point|thresholding|rankgpt|0.0
webis-touche2020|qwen3-embed-600m+point|thresholding|setmaxheaptopk|0.0
webis-touche2020|qwen3-embed-600m+rankfirst|direct|judge|0.5433
webis-touche2020|qwen3-embed-600m+rankfirst|direct|judge_expr|0.4882
webis-touche2020|qwen3-embed-600m+rankfirst|direct|rankgpt|0.3013
webis-touche2020|qwen3-embed-600m+rankfirst|direct|setmaxheaptopk|0.2856
webis-touche2020|qwen3-embed-600m+rankfirst|largest_gap|judge|0.4323
webis-touche2020|qwen3-embed-600m+rankfirst|largest_gap|judge_expr|0.4972
webis-touche2020|qwen3-embed-600m+rankfirst|largest_gap|rankgpt|0.3013
webis-touche2020|qwen3-embed-600m+rankfirst|largest_gap|setmaxheaptopk|0.2856
webis-touche2020|qwen3-embed-600m+rankfirst|optimal_global|judge|0.4888
webis-touche2020|qwen3-embed-600m+rankfirst|optimal_global|judge_expr|0.4513
webis-touche2020|qwen3-embed-600m+rankfirst|optimal_global|rankgpt|0.607
webis-touche2020|qwen3-embed-600m+rankfirst|optimal_global|setmaxheaptopk|0.477
webis-touche2020|qwen3-embed-600m+rankfirst|optimal_per_topic|judge|0.5076
webis-touche2020|qwen3-embed-600m+rankfirst|optimal_per_topic|judge_expr|0.4378
webis-touche2020|qwen3-embed-600m+rankfirst|optimal_per_topic|rankgpt|0.5336
webis-touche2020|qwen3-embed-600m+rankfirst|optimal_per_topic|setmaxheaptopk|0.4422
webis-touche2020|qwen3-embed-600m+rankfirst|quantile|judge|0.5415
webis-touche2020|qwen3-embed-600m+rankfirst|quantile|judge_expr|0.4719
webis-touche2020|qwen3-embed-600m+rankfirst|quantile|rankgpt|0.5436
webis-touche2020|qwen3-embed-600m+rankfirst|quantile|setmaxheaptopk|0.477
webis-touche2020|qwen3-embed-600m+rankfirst|rank|judge|0.333
webis-touche2020|qwen3-embed-600m+rankfirst|rank|judge_expr|0.2973
webis-touche2020|qwen3-embed-600m+rankfirst|rank|rankgpt|0.31
webis-touche2020|qwen3-embed-600m+rankfirst|rank|setmaxheaptopk|0.323
webis-touche2020|qwen3-embed-600m+rankfirst|thresholding|judge|0.4985
webis-touche2020|qwen3-embed-600m+rankfirst|thresholding|judge_expr|0.4866
webis-touche2020|qwen3-embed-600m+rankfirst|thresholding|rankgpt|0.0
webis-touche2020|qwen3-embed-600m+rankfirst|thresholding|setmaxheaptopk|0.0
webis-touche2020|qwen3-embed-600m+rankgpt|direct|judge|0.5417
webis-touche2020|qwen3-embed-600m+rankgpt|direct|judge_expr|0.5142
webis-touche2020|qwen3-embed-600m+rankgpt|direct|rankgpt|0.3418
webis-touche2020|qwen3-embed-600m+rankgpt|direct|setmaxheaptopk|0.3532
webis-touche2020|qwen3-embed-600m+rankgpt|largest_gap|judge|0.4617
webis-touche2020|qwen3-embed-600m+rankgpt|largest_gap|judge_expr|0.5271
webis-touche2020|qwen3-embed-600m+rankgpt|largest_gap|rankgpt|0.3418
webis-touche2020|qwen3-embed-600m+rankgpt|largest_gap|setmaxheaptopk|0.3532
webis-touche2020|qwen3-embed-600m+rankgpt|optimal_global|judge|0.511
webis-touche2020|qwen3-embed-600m+rankgpt|optimal_global|judge_expr|0.4643
webis-touche2020|qwen3-embed-600m+rankgpt|optimal_global|rankgpt|0.5035
webis-touche2020|qwen3-embed-600m+rankgpt|optimal_global|setmaxheaptopk|0.4473
webis-touche2020|qwen3-embed-600m+rankgpt|optimal_per_topic|judge|0.5114
webis-touche2020|qwen3-embed-600m+rankgpt|optimal_per_topic|judge_expr|0.4595
webis-touche2020|qwen3-embed-600m+rankgpt|optimal_per_topic|rankgpt|0.4745
webis-touche2020|qwen3-embed-600m+rankgpt|optimal_per_topic|setmaxheaptopk|0.4543
webis-touche2020|qwen3-embed-600m+rankgpt|quantile|judge|0.5497
webis-touche2020|qwen3-embed-600m+rankgpt|quantile|judge_expr|0.4971
webis-touche2020|qwen3-embed-600m+rankgpt|quantile|rankgpt|0.4684
webis-touche2020|qwen3-embed-600m+rankgpt|quantile|setmaxheaptopk|0.4473
webis-touche2020|qwen3-embed-600m+rankgpt|rank|judge|0.3344
webis-touche2020|qwen3-embed-600m+rankgpt|rank|judge_expr|0.306
webis-touche2020|qwen3-embed-600m+rankgpt|rank|rankgpt|0.329
webis-touche2020|qwen3-embed-600m+rankgpt|rank|setmaxheaptopk|0.3276
webis-touche2020|qwen3-embed-600m+rankgpt|thresholding|judge|0.5256
webis-touche2020|qwen3-embed-600m+rankgpt|thresholding|judge_expr|0.508
webis-touche2020|qwen3-embed-600m+rankgpt|thresholding|rankgpt|0.0
webis-touche2020|qwen3-embed-600m+rankgpt|thresholding|setmaxheaptopk|0.0
webis-touche2020|qwen3-embed-600m+rankzephyr|direct|judge|0.5111
webis-touche2020|qwen3-embed-600m+rankzephyr|direct|judge_expr|0.4476
webis-touche2020|qwen3-embed-600m+rankzephyr|direct|rankgpt|0.2194
webis-touche2020|qwen3-embed-600m+rankzephyr|largest_gap|judge|0.3281
webis-touche2020|qwen3-embed-600m+rankzephyr|largest_gap|judge_expr|0.4684
webis-touche2020|qwen3-embed-600m+rankzephyr|largest_gap|rankgpt|0.2194
webis-touche2020|qwen3-embed-600m+rankzephyr|optimal_global|judge|0.4562
webis-touche2020|qwen3-embed-600m+rankzephyr|optimal_global|judge_expr|0.3929
webis-touche2020|qwen3-embed-600m+rankzephyr|optimal_global|rankgpt|0.5614
webis-touche2020|qwen3-embed-600m+rankzephyr|optimal_per_topic|judge|0.442
webis-touche2020|qwen3-embed-600m+rankzephyr|optimal_per_topic|judge_expr|0.3894
webis-touche2020|qwen3-embed-600m+rankzephyr|optimal_per_topic|rankgpt|0.4901
webis-touche2020|qwen3-embed-600m+rankzephyr|quantile|judge|0.5191
webis-touche2020|qwen3-embed-600m+rankzephyr|quantile|judge_expr|0.4125
webis-touche2020|qwen3-embed-600m+rankzephyr|quantile|rankgpt|0.5042
webis-touche2020|qwen3-embed-600m+rankzephyr|rank|judge|0.2884
webis-touche2020|qwen3-embed-600m+rankzephyr|rank|judge_expr|0.2424
webis-touche2020|qwen3-embed-600m+rankzephyr|rank|rankgpt|0.2609
webis-touche2020|qwen3-embed-600m+rankzephyr|thresholding|judge|0.4751
webis-touche2020|qwen3-embed-600m+rankzephyr|thresholding|judge_expr|0.4563
webis-touche2020|qwen3-embed-600m+rankzephyr|thresholding|rankgpt|0.0
webis-touche2020|qwen3-embed-600m+setmaxheaptopk|direct|judge|0.5839
webis-touche2020|qwen3-embed-600m+setmaxheaptopk|direct|judge_expr|0.5623
webis-touche2020|qwen3-embed-600m+setmaxheaptopk|direct|rankgpt|0.3303
webis-touche2020|qwen3-embed-600m+setmaxheaptopk|direct|setmaxheaptopk|0.4639
webis-touche2020|qwen3-embed-600m+setmaxheaptopk|largest_gap|judge|0.5191
webis-touche2020|qwen3-embed-600m+setmaxheaptopk|largest_gap|judge_expr|0.5808
webis-touche2020|qwen3-embed-600m+setmaxheaptopk|largest_gap|rankgpt|0.3303
webis-touche2020|qwen3-embed-600m+setmaxheaptopk|largest_gap|setmaxheaptopk|0.4639
webis-touche2020|qwen3-embed-600m+setmaxheaptopk|optimal_global|judge|0.5702
webis-touche2020|qwen3-embed-600m+setmaxheaptopk|optimal_global|judge_expr|0.5189
webis-touche2020|qwen3-embed-600m+setmaxheaptopk|optimal_global|rankgpt|0.5439
webis-touche2020|qwen3-embed-600m+setmaxheaptopk|optimal_global|setmaxheaptopk|0.519
webis-touche2020|qwen3-embed-600m+setmaxheaptopk|optimal_per_topic|judge|0.5523
webis-touche2020|qwen3-embed-600m+setmaxheaptopk|optimal_per_topic|judge_expr|0.5096
webis-touche2020|qwen3-embed-600m+setmaxheaptopk|optimal_per_topic|rankgpt|0.5028
webis-touche2020|qwen3-embed-600m+setmaxheaptopk|optimal_per_topic|setmaxheaptopk|0.503
webis-touche2020|qwen3-embed-600m+setmaxheaptopk|quantile|judge|0.5942
webis-touche2020|qwen3-embed-600m+setmaxheaptopk|quantile|judge_expr|0.5489
webis-touche2020|qwen3-embed-600m+setmaxheaptopk|quantile|rankgpt|0.5113
webis-touche2020|qwen3-embed-600m+setmaxheaptopk|quantile|setmaxheaptopk|0.519
webis-touche2020|qwen3-embed-600m+setmaxheaptopk|rank|judge|0.3829
webis-touche2020|qwen3-embed-600m+setmaxheaptopk|rank|judge_expr|0.3914
webis-touche2020|qwen3-embed-600m+setmaxheaptopk|rank|rankgpt|0.3351
webis-touche2020|qwen3-embed-600m+setmaxheaptopk|rank|setmaxheaptopk|0.4158
webis-touche2020|qwen3-embed-600m+setmaxheaptopk|thresholding|judge|0.573
webis-touche2020|qwen3-embed-600m+setmaxheaptopk|thresholding|judge_expr|0.5625
webis-touche2020|qwen3-embed-600m+setmaxheaptopk|thresholding|rankgpt|0.0
webis-touche2020|qwen3-embed-600m+setmaxheaptopk|thresholding|setmaxheaptopk|0.0
webis-touche2020|splade-v3|direct|judge|0.5499
webis-touche2020|splade-v3|direct|judge_expr|0.4755
webis-touche2020|splade-v3|direct|rankgpt|0.21
webis-touche2020|splade-v3|direct|setmaxheaptopk|0.2192
webis-touche2020|splade-v3|largest_gap|judge|0.367
webis-touche2020|splade-v3|largest_gap|judge_expr|0.4836
webis-touche2020|splade-v3|largest_gap|rankgpt|0.21
webis-touche2020|splade-v3|largest_gap|setmaxheaptopk|0.2192
webis-touche2020|splade-v3|optimal_global|judge|0.4721
webis-touche2020|splade-v3|optimal_global|judge_expr|0.4211
webis-touche2020|splade-v3|optimal_global|rankgpt|0.5699
webis-touche2020|splade-v3|optimal_global|setmaxheaptopk|0.4618
webis-touche2020|splade-v3|optimal_per_topic|judge|0.5
webis-touche2020|splade-v3|optimal_per_topic|judge_expr|0.4171
webis-touche2020|splade-v3|optimal_per_topic|rankgpt|0.4956
webis-touche2020|splade-v3|optimal_per_topic|setmaxheaptopk|0.4237
webis-touche2020|splade-v3|quantile|judge|0.5649
webis-touche2020|splade-v3|quantile|judge_expr|0.4578
webis-touche2020|splade-v3|quantile|rankgpt|0.5202
webis-touche2020|splade-v3|quantile|setmaxheaptopk|0.4618
webis-touche2020|splade-v3|rank|judge|0.3113
webis-touche2020|splade-v3|rank|judge_expr|0.2566
webis-touche2020|splade-v3|rank|rankgpt|0.2804
webis-touche2020|splade-v3|rank|setmaxheaptopk|0.2819
webis-touche2020|splade-v3|thresholding|judge|0.4861
webis-touche2020|splade-v3|thresholding|judge_expr|0.4692
webis-touche2020|splade-v3|thresholding|rankgpt|0.0
webis-touche2020|splade-v3|thresholding|setmaxheaptopk|0.0
webis-touche2020|splade-v3+judge|direct|judge|0.5468
webis-touche2020|splade-v3+judge|direct|judge_expr|0.5541
webis-touche2020|splade-v3+judge|direct|rankgpt|0.2326
webis-touche2020|splade-v3+judge|direct|setmaxheaptopk|0.1817
webis-touche2020|splade-v3+judge|largest_gap|judge|0.5721
webis-touche2020|splade-v3+judge|largest_gap|judge_expr|0.5603
webis-touche2020|splade-v3+judge|largest_gap|rankgpt|0.2326
webis-touche2020|splade-v3+judge|largest_gap|setmaxheaptopk|0.1817
webis-touche2020|splade-v3+judge|optimal_global|judge|0.5638
webis-touche2020|splade-v3+judge|optimal_global|judge_expr|0.5518
webis-touche2020|splade-v3+judge|optimal_global|rankgpt|0.395
webis-touche2020|splade-v3+judge|optimal_global|setmaxheaptopk|0.3582
webis-touche2020|splade-v3+judge|optimal_per_topic|judge|0.5536
webis-touche2020|splade-v3+judge|optimal_per_topic|judge_expr|0.4549
webis-touche2020|splade-v3+judge|optimal_per_topic|rankgpt|0.3566
webis-touche2020|splade-v3+judge|optimal_per_topic|setmaxheaptopk|0.3064
webis-touche2020|splade-v3+judge|quantile|judge|0.5392
webis-touche2020|splade-v3+judge|quantile|judge_expr|0.5318
webis-touche2020|splade-v3+judge|quantile|rankgpt|0.3559
webis-touche2020|splade-v3+judge|quantile|setmaxheaptopk|0.3582
webis-touche2020|splade-v3+judge|rank|judge|0.393
webis-touche2020|splade-v3+judge|rank|judge_expr|0.4095
webis-touche2020|splade-v3+judge|rank|rankgpt|0.2397
webis-touche2020|splade-v3+judge|rank|setmaxheaptopk|0.2333
webis-touche2020|splade-v3+judge|thresholding|judge|0.5581
webis-touche2020|splade-v3+judge|thresholding|judge_expr|0.564
webis-touche2020|splade-v3+judge|thresholding|rankgpt|0.0
webis-touche2020|splade-v3+judge|thresholding|setmaxheaptopk|0.0
webis-touche2020|splade-v3+judge_expr|direct|judge|0.5449
webis-touche2020|splade-v3+judge_expr|direct|judge_expr|0.5584
webis-touche2020|splade-v3+judge_expr|direct|rankgpt|0.2157
webis-touche2020|splade-v3+judge_expr|direct|setmaxheaptopk|0.2956
webis-touche2020|splade-v3+judge_expr|largest_gap|judge|0.5706
webis-touche2020|splade-v3+judge_expr|largest_gap|judge_expr|0.5635
webis-touche2020|splade-v3+judge_expr|largest_gap|rankgpt|0.2157
webis-touche2020|splade-v3+judge_expr|largest_gap|setmaxheaptopk|0.2956
webis-touche2020|splade-v3+judge_expr|optimal_global|judge|0.5615
webis-touche2020|splade-v3+judge_expr|optimal_global|judge_expr|0.5697
webis-touche2020|splade-v3+judge_expr|optimal_global|rankgpt|0.3866
webis-touche2020|splade-v3+judge_expr|optimal_global|setmaxheaptopk|0.3959
webis-touche2020|splade-v3+judge_expr|optimal_per_topic|judge|0.5538
webis-touche2020|splade-v3+judge_expr|optimal_per_topic|judge_expr|0.5928
webis-touche2020|splade-v3+judge_expr|optimal_per_topic|rankgpt|0.3891
webis-touche2020|splade-v3+judge_expr|optimal_per_topic|setmaxheaptopk|0.3689
webis-touche2020|splade-v3+judge_expr|quantile|judge|0.537
webis-touche2020|splade-v3+judge_expr|quantile|judge_expr|0.537
webis-touche2020|splade-v3+judge_expr|quantile|rankgpt|0.3532
webis-touche2020|splade-v3+judge_expr|quantile|setmaxheaptopk|0.3959
webis-touche2020|splade-v3+judge_expr|rank|judge|0.4051
webis-touche2020|splade-v3+judge_expr|rank|judge_expr|0.5206
webis-touche2020|splade-v3+judge_expr|rank|rankgpt|0.2556
webis-touche2020|splade-v3+judge_expr|rank|setmaxheaptopk|0.2966
webis-touche2020|splade-v3+judge_expr|thresholding|judge|0.5571
webis-touche2020|splade-v3+judge_expr|thresholding|judge_expr|0.5638
webis-touche2020|splade-v3+judge_expr|thresholding|rankgpt|0.0
webis-touche2020|splade-v3+judge_expr|thresholding|setmaxheaptopk|0.0
webis-touche2020|splade-v3+point|direct|judge|0.4256
webis-touche2020|splade-v3+point|direct|judge_expr|0.3828
webis-touche2020|splade-v3+point|direct|rankgpt|0.1938
webis-touche2020|splade-v3+point|direct|setmaxheaptopk|0.1621
webis-touche2020|splade-v3+point|largest_gap|judge|0.304
webis-touche2020|splade-v3+point|largest_gap|judge_expr|0.3922
webis-touche2020|splade-v3+point|largest_gap|rankgpt|0.1938
webis-touche2020|splade-v3+point|largest_gap|setmaxheaptopk|0.1621
webis-touche2020|splade-v3+point|optimal_global|judge|0.3894
webis-touche2020|splade-v3+point|optimal_global|judge_expr|0.3101
webis-touche2020|splade-v3+point|optimal_global|rankgpt|0.3706
webis-touche2020|splade-v3+point|optimal_global|setmaxheaptopk|0.3263
webis-touche2020|splade-v3+point|optimal_per_topic|judge|0.3684
webis-touche2020|splade-v3+point|optimal_per_topic|judge_expr|0.2887
webis-touche2020|splade-v3+point|optimal_per_topic|rankgpt|0.3043
webis-touche2020|splade-v3+point|optimal_per_topic|setmaxheaptopk|0.2637
webis-touche2020|splade-v3+point|quantile|judge|0.4333
webis-touche2020|splade-v3+point|quantile|judge_expr|0.3843
webis-touche2020|splade-v3+point|quantile|rankgpt|0.3226
webis-touche2020|splade-v3+point|quantile|setmaxheaptopk|0.3263
webis-touche2020|splade-v3+point|rank|judge|0.2318
webis-touche2020|splade-v3+point|rank|judge_expr|0.2306
webis-touche2020|splade-v3+point|rank|rankgpt|0.1805
webis-touche2020|splade-v3+point|rank|setmaxheaptopk|0.1857
webis-touche2020|splade-v3+point|thresholding|judge|0.3933
webis-touche2020|splade-v3+point|thresholding|judge_expr|0.3876
webis-touche2020|splade-v3+point|thresholding|rankgpt|0.0
webis-touche2020|splade-v3+point|thresholding|setmaxheaptopk|0.0
webis-touche2020|splade-v3+rankfirst|direct|judge|0.5834
webis-touche2020|splade-v3+rankfirst|direct|judge_expr|0.5278
webis-touche2020|splade-v3+rankfirst|direct|rankgpt|0.278
webis-touche2020|splade-v3+rankfirst|direct|setmaxheaptopk|0.281
webis-touche2020|splade-v3+rankfirst|largest_gap|judge|0.4659
webis-touche2020|splade-v3+rankfirst|largest_gap|judge_expr|0.5333
webis-touche2020|splade-v3+rankfirst|largest_gap|rankgpt|0.278
webis-touche2020|splade-v3+rankfirst|largest_gap|setmaxheaptopk|0.281
webis-touche2020|splade-v3+rankfirst|optimal_global|judge|0.5301
webis-touche2020|splade-v3+rankfirst|optimal_global|judge_expr|0.4886
webis-touche2020|splade-v3+rankfirst|optimal_global|rankgpt|0.609
webis-touche2020|splade-v3+rankfirst|optimal_global|setmaxheaptopk|0.4993
webis-touche2020|splade-v3+rankfirst|optimal_per_topic|judge|0.5486
webis-touche2020|splade-v3+rankfirst|optimal_per_topic|judge_expr|0.4623
webis-touche2020|splade-v3+rankfirst|optimal_per_topic|rankgpt|0.5417
webis-touche2020|splade-v3+rankfirst|optimal_per_topic|setmaxheaptopk|0.4687
webis-touche2020|splade-v3+rankfirst|quantile|judge|0.584
webis-touche2020|splade-v3+rankfirst|quantile|judge_expr|0.5186
webis-touche2020|splade-v3+rankfirst|quantile|rankgpt|0.5492
webis-touche2020|splade-v3+rankfirst|quantile|setmaxheaptopk|0.4993
webis-touche2020|splade-v3+rankfirst|rank|judge|0.352
webis-touche2020|splade-v3+rankfirst|rank|judge_expr|0.3306
webis-touche2020|splade-v3+rankfirst|rank|rankgpt|0.3284
webis-touche2020|splade-v3+rankfirst|rank|setmaxheaptopk|0.3448
webis-touche2020|splade-v3+rankfirst|thresholding|judge|0.5331
webis-touche2020|splade-v3+rankfirst|thresholding|judge_expr|0.5268
webis-touche2020|splade-v3+rankfirst|thresholding|rankgpt|0.0
webis-touche2020|splade-v3+rankfirst|thresholding|setmaxheaptopk|0.0
webis-touche2020|splade-v3+rankgpt|direct|judge|0.5206
webis-touche2020|splade-v3+rankgpt|direct|judge_expr|0.4917
webis-touche2020|splade-v3+rankgpt|direct|rankgpt|0.3121
webis-touche2020|splade-v3+rankgpt|direct|setmaxheaptopk|0.303
webis-touche2020|splade-v3+rankgpt|largest_gap|judge|0.4197
webis-touche2020|splade-v3+rankgpt|largest_gap|judge_expr|0.4957
webis-touche2020|splade-v3+rankgpt|largest_gap|rankgpt|0.3121
webis-touche2020|splade-v3+rankgpt|largest_gap|setmaxheaptopk|0.303
webis-touche2020|splade-v3+rankgpt|optimal_global|judge|0.4862
webis-touche2020|splade-v3+rankgpt|optimal_global|judge_expr|0.4474
webis-touche2020|splade-v3+rankgpt|optimal_global|rankgpt|0.5082
webis-touche2020|splade-v3+rankgpt|optimal_global|setmaxheaptopk|0.4394
webis-touche2020|splade-v3+rankgpt|optimal_per_topic|judge|0.498
webis-touche2020|splade-v3+rankgpt|optimal_per_topic|judge_expr|0.4389
webis-touche2020|splade-v3+rankgpt|optimal_per_topic|rankgpt|0.4788
webis-touche2020|splade-v3+rankgpt|optimal_per_topic|setmaxheaptopk|0.429
webis-touche2020|splade-v3+rankgpt|quantile|judge|0.528
webis-touche2020|splade-v3+rankgpt|quantile|judge_expr|0.4857
webis-touche2020|splade-v3+rankgpt|quantile|rankgpt|0.4533
webis-touche2020|splade-v3+rankgpt|quantile|setmaxheaptopk|0.4394
webis-touche2020|splade-v3+rankgpt|rank|judge|0.3033
webis-touche2020|splade-v3+rankgpt|rank|judge_expr|0.3265
webis-touche2020|splade-v3+rankgpt|rank|rankgpt|0.3328
webis-touche2020|splade-v3+rankgpt|rank|setmaxheaptopk|0.3192
webis-touche2020|splade-v3+rankgpt|thresholding|judge|0.4985
webis-touche2020|splade-v3+rankgpt|thresholding|judge_expr|0.4877
webis-touche2020|splade-v3+rankgpt|thresholding|rankgpt|0.0
webis-touche2020|splade-v3+rankgpt|thresholding|setmaxheaptopk|0.0
webis-touche2020|splade-v3+rankzephyr|direct|judge|0.545
webis-touche2020|splade-v3+rankzephyr|direct|judge_expr|0.4741
webis-touche2020|splade-v3+rankzephyr|direct|rankgpt|0.2062
webis-touche2020|splade-v3+rankzephyr|largest_gap|judge|0.362
webis-touche2020|splade-v3+rankzephyr|largest_gap|judge_expr|0.4831
webis-touche2020|splade-v3+rankzephyr|largest_gap|rankgpt|0.2062
webis-touche2020|splade-v3+rankzephyr|optimal_global|judge|0.4724
webis-touche2020|splade-v3+rankzephyr|optimal_global|judge_expr|0.4123
webis-touche2020|splade-v3+rankzephyr|optimal_global|rankgpt|0.564
webis-touche2020|splade-v3+rankzephyr|optimal_per_topic|judge|0.4963
webis-touche2020|splade-v3+rankzephyr|optimal_per_topic|judge_expr|0.386
webis-touche2020|splade-v3+rankzephyr|optimal_per_topic|rankgpt|0.4836
webis-touche2020|splade-v3+rankzephyr|quantile|judge|0.5674
webis-touche2020|splade-v3+rankzephyr|quantile|judge_expr|0.4536
webis-touche2020|splade-v3+rankzephyr|quantile|rankgpt|0.5135
webis-touche2020|splade-v3+rankzephyr|rank|judge|0.2916
webis-touche2020|splade-v3+rankzephyr|rank|judge_expr|0.2479
webis-touche2020|splade-v3+rankzephyr|rank|rankgpt|0.2928
webis-touche2020|splade-v3+rankzephyr|thresholding|judge|0.4874
webis-touche2020|splade-v3+rankzephyr|thresholding|judge_expr|0.4706
webis-touche2020|splade-v3+rankzephyr|thresholding|rankgpt|0.0
webis-touche2020|splade-v3+setmaxheaptopk|direct|judge|0.5643
webis-touche2020|splade-v3+setmaxheaptopk|direct|judge_expr|0.5404
webis-touche2020|splade-v3+setmaxheaptopk|direct|rankgpt|0.2976
webis-touche2020|splade-v3+setmaxheaptopk|direct|setmaxheaptopk|0.3819
webis-touche2020|splade-v3+setmaxheaptopk|largest_gap|judge|0.5032
webis-touche2020|splade-v3+setmaxheaptopk|largest_gap|judge_expr|0.564
webis-touche2020|splade-v3+setmaxheaptopk|largest_gap|rankgpt|0.2976
webis-touche2020|splade-v3+setmaxheaptopk|largest_gap|setmaxheaptopk|0.3819
webis-touche2020|splade-v3+setmaxheaptopk|optimal_global|judge|0.5471
webis-touche2020|splade-v3+setmaxheaptopk|optimal_global|judge_expr|0.5007
webis-touche2020|splade-v3+setmaxheaptopk|optimal_global|rankgpt|0.4983
webis-touche2020|splade-v3+setmaxheaptopk|optimal_global|setmaxheaptopk|0.4861
webis-touche2020|splade-v3+setmaxheaptopk|optimal_per_topic|judge|0.5338
webis-touche2020|splade-v3+setmaxheaptopk|optimal_per_topic|judge_expr|0.4963
webis-touche2020|splade-v3+setmaxheaptopk|optimal_per_topic|rankgpt|0.4778
webis-touche2020|splade-v3+setmaxheaptopk|optimal_per_topic|setmaxheaptopk|0.4923
webis-touche2020|splade-v3+setmaxheaptopk|quantile|judge|0.5751
webis-touche2020|splade-v3+setmaxheaptopk|quantile|judge_expr|0.535
webis-touche2020|splade-v3+setmaxheaptopk|quantile|rankgpt|0.4634
webis-touche2020|splade-v3+setmaxheaptopk|quantile|setmaxheaptopk|0.4861
webis-touche2020|splade-v3+setmaxheaptopk|rank|judge|0.3614
webis-touche2020|splade-v3+setmaxheaptopk|rank|judge_expr|0.3726
webis-touche2020|splade-v3+setmaxheaptopk|rank|rankgpt|0.324
webis-touche2020|splade-v3+setmaxheaptopk|rank|setmaxheaptopk|0.3756
webis-touche2020|splade-v3+setmaxheaptopk|thresholding|judge|0.5489
webis-touche2020|splade-v3+setmaxheaptopk|thresholding|judge_expr|0.5412
webis-touche2020|splade-v3+setmaxheaptopk|thresholding|rankgpt|0.0
webis-touche2020|splade-v3+setmaxheaptopk|thresholding|setmaxheaptopk|0.0
