dbpedia-entity|bm25|direct|judge|0.327
dbpedia-entity|bm25|direct|judge_expr|0.2549
dbpedia-entity|bm25|direct|rankgpt|0.3298
dbpedia-entity|bm25|direct|setmaxheaptopk|0.3193
dbpedia-entity|bm25|largest_gap|judge|0.2596
dbpedia-entity|bm25|largest_gap|judge_expr|0.2745
dbpedia-entity|bm25|largest_gap|rankgpt|0.3298
dbpedia-entity|bm25|largest_gap|setmaxheaptopk|0.3193
dbpedia-entity|bm25|optimal_global|judge|0.242
dbpedia-entity|bm25|optimal_global|judge_expr|0.2527
dbpedia-entity|bm25|optimal_global|rankgpt|0.272
dbpedia-entity|bm25|optimal_global|setmaxheaptopk|0.2835
dbpedia-entity|bm25|optimal_per_topic|judge|0.2744
dbpedia-entity|bm25|optimal_per_topic|judge_expr|0.2793
dbpedia-entity|bm25|optimal_per_topic|rankgpt|0.326
dbpedia-entity|bm25|optimal_per_topic|setmaxheaptopk|0.3091
dbpedia-entity|bm25|quantile|judge|0.432
dbpedia-entity|bm25|quantile|judge_expr|0.3215
dbpedia-entity|bm25|quantile|rankgpt|0.411
dbpedia-entity|bm25|quantile|setmaxheaptopk|0.3362
dbpedia-entity|bm25|rank|judge|0.2409
dbpedia-entity|bm25|rank|judge_expr|0.1988
dbpedia-entity|bm25|rank|rankgpt|0.2423
dbpedia-entity|bm25|rank|setmaxheaptopk|0.2278
dbpedia-entity|bm25|thresholding|judge|0.2497
dbpedia-entity|bm25|thresholding|judge_expr|0.2358
dbpedia-entity|bm25|thresholding|rankgpt|0.0
dbpedia-entity|bm25|thresholding|setmaxheaptopk|0.0
dbpedia-entity|bm25+judge|direct|judge|0.5334
dbpedia-entity|bm25+judge|direct|judge_expr|0.4849
dbpedia-entity|bm25+judge|direct|rankgpt|0.3751
dbpedia-entity|bm25+judge|direct|setmaxheaptopk|0.3929
dbpedia-entity|bm25+judge|largest_gap|judge|0.5183
dbpedia-entity|bm25+judge|largest_gap|judge_expr|0.5141
dbpedia-entity|bm25+judge|largest_gap|rankgpt|0.3751
dbpedia-entity|bm25+judge|largest_gap|setmaxheaptopk|0.3929
dbpedia-entity|bm25+judge|optimal_global|judge|0.461
dbpedia-entity|bm25+judge|optimal_global|judge_expr|0.4768
dbpedia-entity|bm25+judge|optimal_global|rankgpt|0.3481
dbpedia-entity|bm25+judge|optimal_global|setmaxheaptopk|0.368
dbpedia-entity|bm25+judge|optimal_per_topic|judge|0.4862
dbpedia-entity|bm25+judge|optimal_per_topic|judge_expr|0.4249
dbpedia-entity|bm25+judge|optimal_per_topic|rankgpt|0.3921
dbpedia-entity|bm25+judge|optimal_per_topic|setmaxheaptopk|0.3923
dbpedia-entity|bm25+judge|quantile|judge|0.5327
dbpedia-entity|bm25+judge|quantile|judge_expr|0.4676
dbpedia-entity|bm25+judge|quantile|rankgpt|0.411
dbpedia-entity|bm25+judge|quantile|setmaxheaptopk|0.3893
dbpedia-entity|bm25+judge|rank|judge|0.3832
dbpedia-entity|bm25+judge|rank|judge_expr|0.3405
dbpedia-entity|bm25+judge|rank|rankgpt|0.2874
dbpedia-entity|bm25+judge|rank|setmaxheaptopk|0.2922
dbpedia-entity|bm25+judge|thresholding|judge|0.4797
dbpedia-entity|bm25+judge|thresholding|judge_expr|0.4531
dbpedia-entity|bm25+judge|thresholding|rankgpt|0.0
dbpedia-entity|bm25+judge|thresholding|setmaxheaptopk|0.0
dbpedia-entity|bm25+judge_expr|direct|judge|0.554
dbpedia-entity|bm25+judge_expr|direct|judge_expr|0.5156
dbpedia-entity|bm25+judge_expr|direct|rankgpt|0.4582
dbpedia-entity|bm25+judge_expr|direct|setmaxheaptopk|0.4634
dbpedia-entity|bm25+judge_expr|largest_gap|judge|0.5332
dbpedia-entity|bm25+judge_expr|largest_gap|judge_expr|0.5514
dbpedia-entity|bm25+judge_expr|largest_gap|rankgpt|0.4582
dbpedia-entity|bm25+judge_expr|largest_gap|setmaxheaptopk|0.4634
dbpedia-entity|bm25+judge_expr|optimal_global|judge|0.4765
dbpedia-entity|bm25+judge_expr|optimal_global|judge_expr|0.4972
dbpedia-entity|bm25+judge_expr|optimal_global|rankgpt|0.4131
dbpedia-entity|bm25+judge_expr|optimal_global|setmaxheaptopk|0.4251
dbpedia-entity|bm25+judge_expr|optimal_per_topic|judge|0.5037
dbpedia-entity|bm25+judge_expr|optimal_per_topic|judge_expr|0.5116
dbpedia-entity|bm25+judge_expr|optimal_per_topic|rankgpt|0.4578
dbpedia-entity|bm25+judge_expr|optimal_per_topic|setmaxheaptopk|0.454
dbpedia-entity|bm25+judge_expr|quantile|judge|0.5814
dbpedia-entity|bm25+judge_expr|quantile|judge_expr|0.5589
dbpedia-entity|bm25+judge_expr|quantile|rankgpt|0.4703
dbpedia-entity|bm25+judge_expr|quantile|setmaxheaptopk|0.4457
dbpedia-entity|bm25+judge_expr|rank|judge|0.4123
dbpedia-entity|bm25+judge_expr|rank|judge_expr|0.4397
dbpedia-entity|bm25+judge_expr|rank|rankgpt|0.334
dbpedia-entity|bm25+judge_expr|rank|setmaxheaptopk|0.34
dbpedia-entity|bm25+judge_expr|thresholding|judge|0.4948
dbpedia-entity|bm25+judge_expr|thresholding|judge_expr|0.4721
dbpedia-entity|bm25+judge_expr|thresholding|rankgpt|0.0
dbpedia-entity|bm25+judge_expr|thresholding|setmaxheaptopk|0.0
dbpedia-entity|bm25+point|direct|judge|0.4273
dbpedia-entity|bm25+point|direct|judge_expr|0.3697
dbpedia-entity|bm25+point|direct|rankgpt|0.3439
dbpedia-entity|bm25+point|direct|setmaxheaptopk|0.3618
dbpedia-entity|bm25+point|largest_gap|judge|0.3669
dbpedia-entity|bm25+point|largest_gap|judge_expr|0.3922
dbpedia-entity|bm25+point|largest_gap|rankgpt|0.3439
dbpedia-entity|bm25+point|largest_gap|setmaxheaptopk|0.3618
dbpedia-entity|bm25+point|optimal_global|judge|0.3451
dbpedia-entity|bm25+point|optimal_global|judge_expr|0.366
dbpedia-entity|bm25+point|optimal_global|rankgpt|0.3327
dbpedia-entity|bm25+point|optimal_global|setmaxheaptopk|0.3398
dbpedia-entity|bm25+point|optimal_per_topic|judge|0.3848
dbpedia-entity|bm25+point|optimal_per_topic|judge_expr|0.3611
dbpedia-entity|bm25+point|optimal_per_topic|rankgpt|0.3821
dbpedia-entity|bm25+point|optimal_per_topic|setmaxheaptopk|0.3854
dbpedia-entity|bm25+point|quantile|judge|0.481
dbpedia-entity|bm25+point|quantile|judge_expr|0.4039
dbpedia-entity|bm25+point|quantile|rankgpt|0.4166
dbpedia-entity|bm25+point|quantile|setmaxheaptopk|0.3931
dbpedia-entity|bm25+point|rank|judge|0.2994
dbpedia-entity|bm25+point|rank|judge_expr|0.2734
dbpedia-entity|bm25+point|rank|rankgpt|0.2868
dbpedia-entity|bm25+point|rank|setmaxheaptopk|0.2859
dbpedia-entity|bm25+point|thresholding|judge|0.3605
dbpedia-entity|bm25+point|thresholding|judge_expr|0.3393
dbpedia-entity|bm25+point|thresholding|rankgpt|0.0
dbpedia-entity|bm25+point|thresholding|setmaxheaptopk|0.0
dbpedia-entity|bm25+rankfirst|direct|judge|0.5006
dbpedia-entity|bm25+rankfirst|direct|judge_expr|0.4253
dbpedia-entity|bm25+rankfirst|direct|rankgpt|0.5514
dbpedia-entity|bm25+rankfirst|direct|setmaxheaptopk|0.5402
dbpedia-entity|bm25+rankfirst|largest_gap|judge|0.4341
dbpedia-entity|bm25+rankfirst|largest_gap|judge_expr|0.4568
dbpedia-entity|bm25+rankfirst|largest_gap|rankgpt|0.5514
dbpedia-entity|bm25+rankfirst|largest_gap|setmaxheaptopk|0.5402
dbpedia-entity|bm25+rankfirst|optimal_global|judge|0.4025
dbpedia-entity|bm25+rankfirst|optimal_global|judge_expr|0.4192
dbpedia-entity|bm25+rankfirst|optimal_global|rankgpt|0.4852
dbpedia-entity|bm25+rankfirst|optimal_global|setmaxheaptopk|0.4903
dbpedia-entity|bm25+rankfirst|optimal_per_topic|judge|0.4518
dbpedia-entity|bm25+rankfirst|optimal_per_topic|judge_expr|0.4457
dbpedia-entity|bm25+rankfirst|optimal_per_topic|rankgpt|0.5122
dbpedia-entity|bm25+rankfirst|optimal_per_topic|setmaxheaptopk|0.5029
dbpedia-entity|bm25+rankfirst|quantile|judge|0.5786
dbpedia-entity|bm25+rankfirst|quantile|judge_expr|0.4818
dbpedia-entity|bm25+rankfirst|quantile|rankgpt|0.5464
dbpedia-entity|bm25+rankfirst|quantile|setmaxheaptopk|0.4953
dbpedia-entity|bm25+rankfirst|rank|judge|0.3797
dbpedia-entity|bm25+rankfirst|rank|judge_expr|0.3282
dbpedia-entity|bm25+rankfirst|rank|rankgpt|0.3863
dbpedia-entity|bm25+rankfirst|rank|setmaxheaptopk|0.3756
dbpedia-entity|bm25+rankfirst|thresholding|judge|0.4166
dbpedia-entity|bm25+rankfirst|thresholding|judge_expr|0.3973
dbpedia-entity|bm25+rankfirst|thresholding|rankgpt|0.0
dbpedia-entity|bm25+rankfirst|thresholding|setmaxheaptopk|0.0
dbpedia-entity|bm25+rankgpt|direct|judge|0.4723
dbpedia-entity|bm25+rankgpt|direct|judge_expr|0.4138
dbpedia-entity|bm25+rankgpt|direct|rankgpt|0.5221
dbpedia-entity|bm25+rankgpt|direct|setmaxheaptopk|0.4982
dbpedia-entity|bm25+rankgpt|largest_gap|judge|0.4206
dbpedia-entity|bm25+rankgpt|largest_gap|judge_expr|0.4439
dbpedia-entity|bm25+rankgpt|largest_gap|rankgpt|0.5221
dbpedia-entity|bm25+rankgpt|largest_gap|setmaxheaptopk|0.4982
dbpedia-entity|bm25+rankgpt|optimal_global|judge|0.3904
dbpedia-entity|bm25+rankgpt|optimal_global|judge_expr|0.4061
dbpedia-entity|bm25+rankgpt|optimal_global|rankgpt|0.4664
dbpedia-entity|bm25+rankgpt|optimal_global|setmaxheaptopk|0.4617
dbpedia-entity|bm25+rankgpt|optimal_per_topic|judge|0.4226
dbpedia-entity|bm25+rankgpt|optimal_per_topic|judge_expr|0.4328
dbpedia-entity|bm25+rankgpt|optimal_per_topic|rankgpt|0.4897
dbpedia-entity|bm25+rankgpt|optimal_per_topic|setmaxheaptopk|0.4766
dbpedia-entity|bm25+rankgpt|quantile|judge|0.5461
dbpedia-entity|bm25+rankgpt|quantile|judge_expr|0.4573
dbpedia-entity|bm25+rankgpt|quantile|rankgpt|0.5082
dbpedia-entity|bm25+rankgpt|quantile|setmaxheaptopk|0.4534
dbpedia-entity|bm25+rankgpt|rank|judge|0.3434
dbpedia-entity|bm25+rankgpt|rank|judge_expr|0.3116
dbpedia-entity|bm25+rankgpt|rank|rankgpt|0.3728
dbpedia-entity|bm25+rankgpt|rank|setmaxheaptopk|0.3468
dbpedia-entity|bm25+rankgpt|thresholding|judge|0.4023
dbpedia-entity|bm25+rankgpt|thresholding|judge_expr|0.3843
dbpedia-entity|bm25+rankgpt|thresholding|rankgpt|0.0
dbpedia-entity|bm25+rankgpt|thresholding|setmaxheaptopk|0.0
dbpedia-entity|bm25+rankzephyr|direct|judge|0.4904
dbpedia-entity|bm25+rankzephyr|direct|judge_expr|0.4191
dbpedia-entity|bm25+rankzephyr|direct|rankgpt|0.532
dbpedia-entity|bm25+rankzephyr|direct|setmaxheaptopk|0.5184
dbpedia-entity|bm25+rankzephyr|largest_gap|judge|0.4225
dbpedia-entity|bm25+rankzephyr|largest_gap|judge_expr|0.4454
dbpedia-entity|bm25+rankzephyr|largest_gap|rankgpt|0.532
dbpedia-entity|bm25+rankzephyr|largest_gap|setmaxheaptopk|0.5184
dbpedia-entity|bm25+rankzephyr|optimal_global|judge|0.3981
dbpedia-entity|bm25+rankzephyr|optimal_global|judge_expr|0.4157
dbpedia-entity|bm25+rankzephyr|optimal_global|rankgpt|0.4613
dbpedia-entity|bm25+rankzephyr|optimal_global|setmaxheaptopk|0.4691
dbpedia-entity|bm25+rankzephyr|optimal_per_topic|judge|0.4374
dbpedia-entity|bm25+rankzephyr|optimal_per_topic|judge_expr|0.4339
dbpedia-entity|bm25+rankzephyr|optimal_per_topic|rankgpt|0.4948
dbpedia-entity|bm25+rankzephyr|optimal_per_topic|setmaxheaptopk|0.4888
dbpedia-entity|bm25+rankzephyr|quantile|judge|0.5712
dbpedia-entity|bm25+rankzephyr|quantile|judge_expr|0.4834
dbpedia-entity|bm25+rankzephyr|quantile|rankgpt|0.5193
dbpedia-entity|bm25+rankzephyr|quantile|setmaxheaptopk|0.476
dbpedia-entity|bm25+rankzephyr|rank|judge|0.3605
dbpedia-entity|bm25+rankzephyr|rank|judge_expr|0.3226
dbpedia-entity|bm25+rankzephyr|rank|rankgpt|0.3695
dbpedia-entity|bm25+rankzephyr|rank|setmaxheaptopk|0.3634
dbpedia-entity|bm25+rankzephyr|thresholding|judge|0.4112
dbpedia-entity|bm25+rankzephyr|thresholding|judge_expr|0.3923
dbpedia-entity|bm25+rankzephyr|thresholding|rankgpt|0.0
dbpedia-entity|bm25+rankzephyr|thresholding|setmaxheaptopk|0.0
dbpedia-entity|bm25+setmaxheaptopk|direct|judge|0.4643
dbpedia-entity|bm25+setmaxheaptopk|direct|judge_expr|0.4205
dbpedia-entity|bm25+setmaxheaptopk|direct|rankgpt|0.514
dbpedia-entity|bm25+setmaxheaptopk|direct|setmaxheaptopk|0.5184
dbpedia-entity|bm25+setmaxheaptopk|largest_gap|judge|0.4196
dbpedia-entity|bm25+setmaxheaptopk|largest_gap|judge_expr|0.4432
dbpedia-entity|bm25+setmaxheaptopk|largest_gap|rankgpt|0.514
dbpedia-entity|bm25+setmaxheaptopk|largest_gap|setmaxheaptopk|0.5184
dbpedia-entity|bm25+setmaxheaptopk|optimal_global|judge|0.3958
dbpedia-entity|bm25+setmaxheaptopk|optimal_global|judge_expr|0.4141
dbpedia-entity|bm25+setmaxheaptopk|optimal_global|rankgpt|0.4568
dbpedia-entity|bm25+setmaxheaptopk|optimal_global|setmaxheaptopk|0.4722
dbpedia-entity|bm25+setmaxheaptopk|optimal_per_topic|judge|0.4316
dbpedia-entity|bm25+setmaxheaptopk|optimal_per_topic|judge_expr|0.4344
dbpedia-entity|bm25+setmaxheaptopk|optimal_per_topic|rankgpt|0.4815
dbpedia-entity|bm25+setmaxheaptopk|optimal_per_topic|setmaxheaptopk|0.4826
dbpedia-entity|bm25+setmaxheaptopk|quantile|judge|0.5124
dbpedia-entity|bm25+setmaxheaptopk|quantile|judge_expr|0.4469
dbpedia-entity|bm25+setmaxheaptopk|quantile|rankgpt|0.4715
dbpedia-entity|bm25+setmaxheaptopk|quantile|setmaxheaptopk|0.4587
dbpedia-entity|bm25+setmaxheaptopk|rank|judge|0.3432
dbpedia-entity|bm25+setmaxheaptopk|rank|judge_expr|0.3176
dbpedia-entity|bm25+setmaxheaptopk|rank|rankgpt|0.3495
dbpedia-entity|bm25+setmaxheaptopk|rank|setmaxheaptopk|0.3694
dbpedia-entity|bm25+setmaxheaptopk|thresholding|judge|0.409
dbpedia-entity|bm25+setmaxheaptopk|thresholding|judge_expr|0.3913
dbpedia-entity|bm25+setmaxheaptopk|thresholding|rankgpt|0.0
dbpedia-entity|bm25+setmaxheaptopk|thresholding|setmaxheaptopk|0.0
dbpedia-entity|colbert-small|direct|judge|0.4819
dbpedia-entity|colbert-small|direct|judge_expr|0.3957
dbpedia-entity|colbert-small|direct|rankgpt|0.5206
dbpedia-entity|colbert-small|direct|setmaxheaptopk|0.5162
dbpedia-entity|colbert-small|largest_gap|judge|0.4049
dbpedia-entity|colbert-small|largest_gap|judge_expr|0.4241
dbpedia-entity|colbert-small|largest_gap|rankgpt|0.5206
dbpedia-entity|colbert-small|largest_gap|setmaxheaptopk|0.5162
dbpedia-entity|colbert-small|optimal_global|judge|0.3759
dbpedia-entity|colbert-small|optimal_global|judge_expr|0.3929
dbpedia-entity|colbert-small|optimal_global|rankgpt|0.4528
dbpedia-entity|colbert-small|optimal_global|setmaxheaptopk|0.4651
dbpedia-entity|colbert-small|optimal_per_topic|judge|0.4314
dbpedia-entity|colbert-small|optimal_per_topic|judge_expr|0.435
dbpedia-entity|colbert-small|optimal_per_topic|rankgpt|0.5078
dbpedia-entity|colbert-small|optimal_per_topic|setmaxheaptopk|0.493
dbpedia-entity|colbert-small|quantile|judge|0.5994
dbpedia-entity|colbert-small|quantile|judge_expr|0.4784
dbpedia-entity|colbert-small|quantile|rankgpt|0.5779
dbpedia-entity|colbert-small|quantile|setmaxheaptopk|0.4878
dbpedia-entity|colbert-small|rank|judge|0.3693
dbpedia-entity|colbert-small|rank|judge_expr|0.3101
dbpedia-entity|colbert-small|rank|rankgpt|0.38
dbpedia-entity|colbert-small|rank|setmaxheaptopk|0.3611
dbpedia-entity|colbert-small|thresholding|judge|0.3834
dbpedia-entity|colbert-small|thresholding|judge_expr|0.3662
dbpedia-entity|colbert-small|thresholding|rankgpt|0.0
dbpedia-entity|colbert-small|thresholding|setmaxheaptopk|0.0
dbpedia-entity|colbert-small+judge|direct|judge|0.6298
dbpedia-entity|colbert-small+judge|direct|judge_expr|0.6054
dbpedia-entity|colbert-small+judge|direct|rankgpt|0.3889
dbpedia-entity|colbert-small+judge|direct|setmaxheaptopk|0.4147
dbpedia-entity|colbert-small+judge|largest_gap|judge|0.6706
dbpedia-entity|colbert-small+judge|largest_gap|judge_expr|0.6464
dbpedia-entity|colbert-small+judge|largest_gap|rankgpt|0.3889
dbpedia-entity|colbert-small+judge|largest_gap|setmaxheaptopk|0.4147
dbpedia-entity|colbert-small+judge|optimal_global|judge|0.5853
dbpedia-entity|colbert-small+judge|optimal_global|judge_expr|0.5989
dbpedia-entity|colbert-small+judge|optimal_global|rankgpt|0.3785
dbpedia-entity|colbert-small+judge|optimal_global|setmaxheaptopk|0.4125
dbpedia-entity|colbert-small+judge|optimal_per_topic|judge|0.579
dbpedia-entity|colbert-small+judge|optimal_per_topic|judge_expr|0.514
dbpedia-entity|colbert-small+judge|optimal_per_topic|rankgpt|0.433
dbpedia-entity|colbert-small+judge|optimal_per_topic|setmaxheaptopk|0.443
dbpedia-entity|colbert-small+judge|quantile|judge|0.5748
dbpedia-entity|colbert-small+judge|quantile|judge_expr|0.5375
dbpedia-entity|colbert-small+judge|quantile|rankgpt|0.4452
dbpedia-entity|colbert-small+judge|quantile|setmaxheaptopk|0.4353
dbpedia-entity|colbert-small+judge|rank|judge|0.4556
dbpedia-entity|colbert-small+judge|rank|judge_expr|0.4249
dbpedia-entity|colbert-small+judge|rank|rankgpt|0.3299
dbpedia-entity|colbert-small+judge|rank|setmaxheaptopk|0.3352
dbpedia-entity|colbert-small+judge|thresholding|judge|0.5965
dbpedia-entity|colbert-small+judge|thresholding|judge_expr|0.5777
dbpedia-entity|colbert-small+judge|thresholding|rankgpt|0.0
dbpedia-entity|colbert-small+judge|thresholding|setmaxheaptopk|0.0
dbpedia-entity|colbert-small+judge_expr|direct|judge|0.6502
dbpedia-entity|colbert-small+judge_expr|direct|judge_expr|0.646
dbpedia-entity|colbert-small+judge_expr|direct|rankgpt|0.4981
dbpedia-entity|colbert-small+judge_expr|direct|setmaxheaptopk|0.5306
dbpedia-entity|colbert-small+judge_expr|largest_gap|judge|0.687
dbpedia-entity|colbert-small+judge_expr|largest_gap|judge_expr|0.7052
dbpedia-entity|colbert-small+judge_expr|largest_gap|rankgpt|0.4981
dbpedia-entity|colbert-small+judge_expr|largest_gap|setmaxheaptopk|0.5306
dbpedia-entity|colbert-small+judge_expr|optimal_global|judge|0.606
dbpedia-entity|colbert-small+judge_expr|optimal_global|judge_expr|0.6267
dbpedia-entity|colbert-small+judge_expr|optimal_global|rankgpt|0.4684
dbpedia-entity|colbert-small+judge_expr|optimal_global|setmaxheaptopk|0.5041
dbpedia-entity|colbert-small+judge_expr|optimal_per_topic|judge|0.5982
dbpedia-entity|colbert-small+judge_expr|optimal_per_topic|judge_expr|0.6287
dbpedia-entity|colbert-small+judge_expr|optimal_per_topic|rankgpt|0.511
dbpedia-entity|colbert-small+judge_expr|optimal_per_topic|setmaxheaptopk|0.5197
dbpedia-entity|colbert-small+judge_expr|quantile|judge|0.6195
dbpedia-entity|colbert-small+judge_expr|quantile|judge_expr|0.6199
dbpedia-entity|colbert-small+judge_expr|quantile|rankgpt|0.5025
dbpedia-entity|colbert-small+judge_expr|quantile|setmaxheaptopk|0.4941
dbpedia-entity|colbert-small+judge_expr|rank|judge|0.4925
dbpedia-entity|colbert-small+judge_expr|rank|judge_expr|0.5602
dbpedia-entity|colbert-small+judge_expr|rank|rankgpt|0.3828
dbpedia-entity|colbert-small+judge_expr|rank|setmaxheaptopk|0.3911
dbpedia-entity|colbert-small+judge_expr|thresholding|judge|0.6166
dbpedia-entity|colbert-small+judge_expr|thresholding|judge_expr|0.6056
dbpedia-entity|colbert-small+judge_expr|thresholding|rankgpt|0.0
dbpedia-entity|colbert-small+judge_expr|thresholding|setmaxheaptopk|0.0
dbpedia-entity|colbert-small+point|direct|judge|0.4951
dbpedia-entity|colbert-small+point|direct|judge_expr|0.4477
dbpedia-entity|colbert-small+point|direct|rankgpt|0.4074
dbpedia-entity|colbert-small+point|direct|setmaxheaptopk|0.4076
dbpedia-entity|colbert-small+point|largest_gap|judge|0.4532
dbpedia-entity|colbert-small+point|largest_gap|judge_expr|0.4766
dbpedia-entity|colbert-small+point|largest_gap|rankgpt|0.4074
dbpedia-entity|colbert-small+point|largest_gap|setmaxheaptopk|0.4076
dbpedia-entity|colbert-small+point|optimal_global|judge|0.4219
dbpedia-entity|colbert-small+point|optimal_global|judge_expr|0.4471
dbpedia-entity|colbert-small+point|optimal_global|rankgpt|0.3838
dbpedia-entity|colbert-small+point|optimal_global|setmaxheaptopk|0.4063
dbpedia-entity|colbert-small+point|optimal_per_topic|judge|0.4472
dbpedia-entity|colbert-small+point|optimal_per_topic|judge_expr|0.4297
dbpedia-entity|colbert-small+point|optimal_per_topic|rankgpt|0.4433
dbpedia-entity|colbert-small+point|optimal_per_topic|setmaxheaptopk|0.4455
dbpedia-entity|colbert-small+point|quantile|judge|0.5312
dbpedia-entity|colbert-small+point|quantile|judge_expr|0.462
dbpedia-entity|colbert-small+point|quantile|rankgpt|0.4564
dbpedia-entity|colbert-small+point|quantile|setmaxheaptopk|0.441
dbpedia-entity|colbert-small+point|rank|judge|0.3467
dbpedia-entity|colbert-small+point|rank|judge_expr|0.3326
dbpedia-entity|colbert-small+point|rank|rankgpt|0.3285
dbpedia-entity|colbert-small+point|rank|setmaxheaptopk|0.3375
dbpedia-entity|colbert-small+point|thresholding|judge|0.4335
dbpedia-entity|colbert-small+point|thresholding|judge_expr|0.4142
dbpedia-entity|colbert-small+point|thresholding|rankgpt|0.0
dbpedia-entity|colbert-small+point|thresholding|setmaxheaptopk|0.0
dbpedia-entity|colbert-small+rankfirst|direct|judge|0.6211
dbpedia-entity|colbert-small+rankfirst|direct|judge_expr|0.5394
dbpedia-entity|colbert-small+rankfirst|direct|rankgpt|0.6699
dbpedia-entity|colbert-small+rankfirst|direct|setmaxheaptopk|0.6527
dbpedia-entity|colbert-small+rankfirst|largest_gap|judge|0.5636
dbpedia-entity|colbert-small+rankfirst|largest_gap|judge_expr|0.5786
dbpedia-entity|colbert-small+rankfirst|largest_gap|rankgpt|0.6699
dbpedia-entity|colbert-small+rankfirst|largest_gap|setmaxheaptopk|0.6527
dbpedia-entity|colbert-small+rankfirst|optimal_global|judge|0.513
dbpedia-entity|colbert-small+rankfirst|optimal_global|judge_expr|0.533
dbpedia-entity|colbert-small+rankfirst|optimal_global|rankgpt|0.6137
dbpedia-entity|colbert-small+rankfirst|optimal_global|setmaxheaptopk|0.6112
dbpedia-entity|colbert-small+rankfirst|optimal_per_topic|judge|0.5724
dbpedia-entity|colbert-small+rankfirst|optimal_per_topic|judge_expr|0.5742
dbpedia-entity|colbert-small+rankfirst|optimal_per_topic|rankgpt|0.6356
dbpedia-entity|colbert-small+rankfirst|optimal_per_topic|setmaxheaptopk|0.6323
dbpedia-entity|colbert-small+rankfirst|quantile|judge|0.6989
dbpedia-entity|colbert-small+rankfirst|quantile|judge_expr|0.6115
dbpedia-entity|colbert-small+rankfirst|quantile|rankgpt|0.6558
dbpedia-entity|colbert-small+rankfirst|quantile|setmaxheaptopk|0.6024
dbpedia-entity|colbert-small+rankfirst|rank|judge|0.4798
dbpedia-entity|colbert-small+rankfirst|rank|judge_expr|0.433
dbpedia-entity|colbert-small+rankfirst|rank|rankgpt|0.4912
dbpedia-entity|colbert-small+rankfirst|rank|setmaxheaptopk|0.4777
dbpedia-entity|colbert-small+rankfirst|thresholding|judge|0.5253
dbpedia-entity|colbert-small+rankfirst|thresholding|judge_expr|0.5031
dbpedia-entity|colbert-small+rankfirst|thresholding|rankgpt|0.0
dbpedia-entity|colbert-small+rankfirst|thresholding|setmaxheaptopk|0.0
dbpedia-entity|colbert-small+rankgpt|direct|judge|0.582
dbpedia-entity|colbert-small+rankgpt|direct|judge_expr|0.5213
dbpedia-entity|colbert-small+rankgpt|direct|rankgpt|0.6633
dbpedia-entity|colbert-small+rankgpt|direct|setmaxheaptopk|0.6338
dbpedia-entity|colbert-small+rankgpt|largest_gap|judge|0.5423
dbpedia-entity|colbert-small+rankgpt|largest_gap|judge_expr|0.5569
dbpedia-entity|colbert-small+rankgpt|largest_gap|rankgpt|0.6633
dbpedia-entity|colbert-small+rankgpt|largest_gap|setmaxheaptopk|0.6338
dbpedia-entity|colbert-small+rankgpt|optimal_global|judge|0.5009
dbpedia-entity|colbert-small+rankgpt|optimal_global|judge_expr|0.5145
dbpedia-entity|colbert-small+rankgpt|optimal_global|rankgpt|0.5988
dbpedia-entity|colbert-small+rankgpt|optimal_global|setmaxheaptopk|0.5823
dbpedia-entity|colbert-small+rankgpt|optimal_per_topic|judge|0.5361
dbpedia-entity|colbert-small+rankgpt|optimal_per_topic|judge_expr|0.539
dbpedia-entity|colbert-small+rankgpt|optimal_per_topic|rankgpt|0.6172
dbpedia-entity|colbert-small+rankgpt|optimal_per_topic|setmaxheaptopk|0.5845
dbpedia-entity|colbert-small+rankgpt|quantile|judge|0.6375
dbpedia-entity|colbert-small+rankgpt|quantile|judge_expr|0.5623
dbpedia-entity|colbert-small+rankgpt|quantile|rankgpt|0.5989
dbpedia-entity|colbert-small+rankgpt|quantile|setmaxheaptopk|0.5458
dbpedia-entity|colbert-small+rankgpt|rank|judge|0.4337
dbpedia-entity|colbert-small+rankgpt|rank|judge_expr|0.4038
dbpedia-entity|colbert-small+rankgpt|rank|rankgpt|0.4783
dbpedia-entity|colbert-small+rankgpt|rank|setmaxheaptopk|0.4354
dbpedia-entity|colbert-small+rankgpt|thresholding|judge|0.5099
dbpedia-entity|colbert-small+rankgpt|thresholding|judge_expr|0.4914
dbpedia-entity|colbert-small+rankgpt|thresholding|rankgpt|0.0
dbpedia-entity|colbert-small+rankgpt|thresholding|setmaxheaptopk|0.0
dbpedia-entity|colbert-small+rankzephyr|direct|judge|0.5927
dbpedia-entity|colbert-small+rankzephyr|direct|judge_expr|0.5208
dbpedia-entity|colbert-small+rankzephyr|direct|rankgpt|0.6509
dbpedia-entity|colbert-small+rankzephyr|direct|setmaxheaptopk|0.625
dbpedia-entity|colbert-small+rankzephyr|largest_gap|judge|0.5441
dbpedia-entity|colbert-small+rankzephyr|largest_gap|judge_expr|0.5634
dbpedia-entity|colbert-small+rankzephyr|largest_gap|rankgpt|0.6509
dbpedia-entity|colbert-small+rankzephyr|largest_gap|setmaxheaptopk|0.625
dbpedia-entity|colbert-small+rankzephyr|optimal_global|judge|0.5013
dbpedia-entity|colbert-small+rankzephyr|optimal_global|judge_expr|0.5187
dbpedia-entity|colbert-small+rankzephyr|optimal_global|rankgpt|0.5798
dbpedia-entity|colbert-small+rankzephyr|optimal_global|setmaxheaptopk|0.5909
dbpedia-entity|colbert-small+rankzephyr|optimal_per_topic|judge|0.5449
dbpedia-entity|colbert-small+rankzephyr|optimal_per_topic|judge_expr|0.5462
dbpedia-entity|colbert-small+rankzephyr|optimal_per_topic|rankgpt|0.6076
dbpedia-entity|colbert-small+rankzephyr|optimal_per_topic|setmaxheaptopk|0.6049
dbpedia-entity|colbert-small+rankzephyr|quantile|judge|0.6556
dbpedia-entity|colbert-small+rankzephyr|quantile|judge_expr|0.5825
dbpedia-entity|colbert-small+rankzephyr|quantile|rankgpt|0.596
dbpedia-entity|colbert-small+rankzephyr|quantile|setmaxheaptopk|0.5594
dbpedia-entity|colbert-small+rankzephyr|rank|judge|0.4365
dbpedia-entity|colbert-small+rankzephyr|rank|judge_expr|0.4079
dbpedia-entity|colbert-small+rankzephyr|rank|rankgpt|0.4607
dbpedia-entity|colbert-small+rankzephyr|rank|setmaxheaptopk|0.4492
dbpedia-entity|colbert-small+rankzephyr|thresholding|judge|0.51
dbpedia-entity|colbert-small+rankzephyr|thresholding|judge_expr|0.4947
dbpedia-entity|colbert-small+rankzephyr|thresholding|rankgpt|0.0
dbpedia-entity|colbert-small+rankzephyr|thresholding|setmaxheaptopk|0.0
dbpedia-entity|colbert-small+setmaxheaptopk|direct|judge|0.5709
dbpedia-entity|colbert-small+setmaxheaptopk|direct|judge_expr|0.5309
dbpedia-entity|colbert-small+setmaxheaptopk|direct|rankgpt|0.6246
dbpedia-entity|colbert-small+setmaxheaptopk|direct|setmaxheaptopk|0.6489
dbpedia-entity|colbert-small+setmaxheaptopk|largest_gap|judge|0.5395
dbpedia-entity|colbert-small+setmaxheaptopk|largest_gap|judge_expr|0.5672
dbpedia-entity|colbert-small+setmaxheaptopk|largest_gap|rankgpt|0.6246
dbpedia-entity|colbert-small+setmaxheaptopk|largest_gap|setmaxheaptopk|0.6489
dbpedia-entity|colbert-small+setmaxheaptopk|optimal_global|judge|0.5051
dbpedia-entity|colbert-small+setmaxheaptopk|optimal_global|judge_expr|0.5252
dbpedia-entity|colbert-small+setmaxheaptopk|optimal_global|rankgpt|0.554
dbpedia-entity|colbert-small+setmaxheaptopk|optimal_global|setmaxheaptopk|0.6157
dbpedia-entity|colbert-small+setmaxheaptopk|optimal_per_topic|judge|0.5335
dbpedia-entity|colbert-small+setmaxheaptopk|optimal_per_topic|judge_expr|0.5457
dbpedia-entity|colbert-small+setmaxheaptopk|optimal_per_topic|rankgpt|0.5839
dbpedia-entity|colbert-small+setmaxheaptopk|optimal_per_topic|setmaxheaptopk|0.5965
dbpedia-entity|colbert-small+setmaxheaptopk|quantile|judge|0.6035
dbpedia-entity|colbert-small+setmaxheaptopk|quantile|judge_expr|0.5471
dbpedia-entity|colbert-small+setmaxheaptopk|quantile|rankgpt|0.5533
dbpedia-entity|colbert-small+setmaxheaptopk|quantile|setmaxheaptopk|0.5503
dbpedia-entity|colbert-small+setmaxheaptopk|rank|judge|0.4231
dbpedia-entity|colbert-small+setmaxheaptopk|rank|judge_expr|0.4066
dbpedia-entity|colbert-small+setmaxheaptopk|rank|rankgpt|0.4328
dbpedia-entity|colbert-small+setmaxheaptopk|rank|setmaxheaptopk|0.463
dbpedia-entity|colbert-small+setmaxheaptopk|thresholding|judge|0.5143
dbpedia-entity|colbert-small+setmaxheaptopk|thresholding|judge_expr|0.4977
dbpedia-entity|colbert-small+setmaxheaptopk|thresholding|rankgpt|0.0
dbpedia-entity|colbert-small+setmaxheaptopk|thresholding|setmaxheaptopk|0.0
dbpedia-entity|nomicai-modernbert-embed|direct|judge|0.5539
dbpedia-entity|nomicai-modernbert-embed|direct|judge_expr|0.4322
dbpedia-entity|nomicai-modernbert-embed|direct|rankgpt|0.6764
dbpedia-entity|nomicai-modernbert-embed|direct|setmaxheaptopk|0.6246
dbpedia-entity|nomicai-modernbert-embed|largest_gap|judge|0.4385
dbpedia-entity|nomicai-modernbert-embed|largest_gap|judge_expr|0.4566
dbpedia-entity|nomicai-modernbert-embed|largest_gap|rankgpt|0.6764
dbpedia-entity|nomicai-modernbert-embed|largest_gap|setmaxheaptopk|0.6246
dbpedia-entity|nomicai-modernbert-embed|optimal_global|judge|0.4109
dbpedia-entity|nomicai-modernbert-embed|optimal_global|judge_expr|0.4349
dbpedia-entity|nomicai-modernbert-embed|optimal_global|rankgpt|0.586
dbpedia-entity|nomicai-modernbert-embed|optimal_global|setmaxheaptopk|0.557
dbpedia-entity|nomicai-modernbert-embed|optimal_per_topic|judge|0.5075
dbpedia-entity|nomicai-modernbert-embed|optimal_per_topic|judge_expr|0.4898
dbpedia-entity|nomicai-modernbert-embed|optimal_per_topic|rankgpt|0.6473
dbpedia-entity|nomicai-modernbert-embed|optimal_per_topic|setmaxheaptopk|0.5954
dbpedia-entity|nomicai-modernbert-embed|quantile|judge|0.7957
dbpedia-entity|nomicai-modernbert-embed|quantile|judge_expr|0.5739
dbpedia-entity|nomicai-modernbert-embed|quantile|rankgpt|1.0
dbpedia-entity|nomicai-modernbert-embed|quantile|setmaxheaptopk|0.6896
dbpedia-entity|nomicai-modernbert-embed|rank|judge|0.5387
dbpedia-entity|nomicai-modernbert-embed|rank|judge_expr|0.3518
dbpedia-entity|nomicai-modernbert-embed|rank|rankgpt|0.5645
dbpedia-entity|nomicai-modernbert-embed|rank|setmaxheaptopk|0.4389
dbpedia-entity|nomicai-modernbert-embed|thresholding|judge|0.4225
dbpedia-entity|nomicai-modernbert-embed|thresholding|judge_expr|0.4041
dbpedia-entity|nomicai-modernbert-embed|thresholding|rankgpt|0.0
dbpedia-entity|nomicai-modernbert-embed|thresholding|setmaxheaptopk|0.0
dbpedia-entity|nomicai-modernbert-embed+judge|direct|judge|1.0
dbpedia-entity|nomicai-modernbert-embed+judge|direct|judge_expr|0.8661
dbpedia-entity|nomicai-modernbert-embed+judge|direct|rankgpt|0.443
dbpedia-entity|nomicai-modernbert-embed+judge|direct|setmaxheaptopk|0.4744
dbpedia-entity|nomicai-modernbert-embed+judge|largest_gap|judge|1.0
dbpedia-entity|nomicai-modernbert-embed+judge|largest_gap|judge_expr|0.9344
dbpedia-entity|nomicai-modernbert-embed+judge|largest_gap|rankgpt|0.443
dbpedia-entity|nomicai-modernbert-embed+judge|largest_gap|setmaxheaptopk|0.4744
dbpedia-entity|nomicai-modernbert-embed+judge|optimal_global|judge|0.84
dbpedia-entity|nomicai-modernbert-embed+judge|optimal_global|judge_expr|0.8597
dbpedia-entity|nomicai-modernbert-embed+judge|optimal_global|rankgpt|0.4633
dbpedia-entity|nomicai-modernbert-embed+judge|optimal_global|setmaxheaptopk|0.4965
dbpedia-entity|nomicai-modernbert-embed+judge|optimal_per_topic|judge|0.87
dbpedia-entity|nomicai-modernbert-embed+judge|optimal_per_topic|judge_expr|0.7043
dbpedia-entity|nomicai-modernbert-embed+judge|optimal_per_topic|rankgpt|0.5238
dbpedia-entity|nomicai-modernbert-embed+judge|optimal_per_topic|setmaxheaptopk|0.5497
dbpedia-entity|nomicai-modernbert-embed+judge|quantile|judge|1.0
dbpedia-entity|nomicai-modernbert-embed+judge|quantile|judge_expr|0.887
dbpedia-entity|nomicai-modernbert-embed+judge|quantile|rankgpt|0.6381
dbpedia-entity|nomicai-modernbert-embed+judge|quantile|setmaxheaptopk|0.6536
dbpedia-entity|nomicai-modernbert-embed+judge|rank|judge|0.7281
dbpedia-entity|nomicai-modernbert-embed+judge|rank|judge_expr|0.6933
dbpedia-entity|nomicai-modernbert-embed+judge|rank|rankgpt|0.4458
dbpedia-entity|nomicai-modernbert-embed+judge|rank|setmaxheaptopk|0.4686
dbpedia-entity|nomicai-modernbert-embed+judge|thresholding|judge|0.86
dbpedia-entity|nomicai-modernbert-embed+judge|thresholding|judge_expr|0.817
dbpedia-entity|nomicai-modernbert-embed+judge|thresholding|rankgpt|0.0
dbpedia-entity|nomicai-modernbert-embed+judge|thresholding|setmaxheaptopk|0.0
dbpedia-entity|nomicai-modernbert-embed+judge_expr|direct|judge|0.9686
dbpedia-entity|nomicai-modernbert-embed+judge_expr|direct|judge_expr|0.9025
dbpedia-entity|nomicai-modernbert-embed+judge_expr|direct|rankgpt|0.564
dbpedia-entity|nomicai-modernbert-embed+judge_expr|direct|setmaxheaptopk|0.6017
dbpedia-entity|nomicai-modernbert-embed+judge_expr|largest_gap|judge|0.9791
dbpedia-entity|nomicai-modernbert-embed+judge_expr|largest_gap|judge_expr|1.0
dbpedia-entity|nomicai-modernbert-embed+judge_expr|largest_gap|rankgpt|0.564
dbpedia-entity|nomicai-modernbert-embed+judge_expr|largest_gap|setmaxheaptopk|0.6017
dbpedia-entity|nomicai-modernbert-embed+judge_expr|optimal_global|judge|0.8395
dbpedia-entity|nomicai-modernbert-embed+judge_expr|optimal_global|judge_expr|0.8725
dbpedia-entity|nomicai-modernbert-embed+judge_expr|optimal_global|rankgpt|0.5695
dbpedia-entity|nomicai-modernbert-embed+judge_expr|optimal_global|setmaxheaptopk|0.5982
dbpedia-entity|nomicai-modernbert-embed+judge_expr|optimal_per_topic|judge|0.8563
dbpedia-entity|nomicai-modernbert-embed+judge_expr|optimal_per_topic|judge_expr|0.87
dbpedia-entity|nomicai-modernbert-embed+judge_expr|optimal_per_topic|rankgpt|0.6131
dbpedia-entity|nomicai-modernbert-embed+judge_expr|optimal_per_topic|setmaxheaptopk|0.6341
dbpedia-entity|nomicai-modernbert-embed+judge_expr|quantile|judge|0.9969
dbpedia-entity|nomicai-modernbert-embed+judge_expr|quantile|judge_expr|1.0
dbpedia-entity|nomicai-modernbert-embed+judge_expr|quantile|rankgpt|0.7025
dbpedia-entity|nomicai-modernbert-embed+judge_expr|quantile|setmaxheaptopk|0.7126
dbpedia-entity|nomicai-modernbert-embed+judge_expr|rank|judge|0.7307
dbpedia-entity|nomicai-modernbert-embed+judge_expr|rank|judge_expr|0.9995
dbpedia-entity|nomicai-modernbert-embed+judge_expr|rank|rankgpt|0.5122
dbpedia-entity|nomicai-modernbert-embed+judge_expr|rank|setmaxheaptopk|0.5364
dbpedia-entity|nomicai-modernbert-embed+judge_expr|thresholding|judge|0.8581
dbpedia-entity|nomicai-modernbert-embed+judge_expr|thresholding|judge_expr|0.8325
dbpedia-entity|nomicai-modernbert-embed+judge_expr|thresholding|rankgpt|0.0
dbpedia-entity|nomicai-modernbert-embed+judge_expr|thresholding|setmaxheaptopk|0.0
dbpedia-entity|nomicai-modernbert-embed+point|direct|judge|0.7278
dbpedia-entity|nomicai-modernbert-embed+point|direct|judge_expr|0.5928
dbpedia-entity|nomicai-modernbert-embed+point|direct|rankgpt|0.4621
dbpedia-entity|nomicai-modernbert-embed+point|direct|setmaxheaptopk|0.4577
dbpedia-entity|nomicai-modernbert-embed+point|largest_gap|judge|0.6099
dbpedia-entity|nomicai-modernbert-embed+point|largest_gap|judge_expr|0.6372
dbpedia-entity|nomicai-modernbert-embed+point|largest_gap|rankgpt|0.4621
dbpedia-entity|nomicai-modernbert-embed+point|largest_gap|setmaxheaptopk|0.4577
dbpedia-entity|nomicai-modernbert-embed+point|optimal_global|judge|0.5585
dbpedia-entity|nomicai-modernbert-embed+point|optimal_global|judge_expr|0.5945
dbpedia-entity|nomicai-modernbert-embed+point|optimal_global|rankgpt|0.4743
dbpedia-entity|nomicai-modernbert-embed+point|optimal_global|setmaxheaptopk|0.4856
dbpedia-entity|nomicai-modernbert-embed+point|optimal_per_topic|judge|0.6199
dbpedia-entity|nomicai-modernbert-embed+point|optimal_per_topic|judge_expr|0.5672
dbpedia-entity|nomicai-modernbert-embed+point|optimal_per_topic|rankgpt|0.542
dbpedia-entity|nomicai-modernbert-embed+point|optimal_per_topic|setmaxheaptopk|0.5581
dbpedia-entity|nomicai-modernbert-embed+point|quantile|judge|0.8915
dbpedia-entity|nomicai-modernbert-embed+point|quantile|judge_expr|0.7318
dbpedia-entity|nomicai-modernbert-embed+point|quantile|rankgpt|0.6531
dbpedia-entity|nomicai-modernbert-embed+point|quantile|setmaxheaptopk|0.6694
dbpedia-entity|nomicai-modernbert-embed+point|rank|judge|0.4859
dbpedia-entity|nomicai-modernbert-embed+point|rank|judge_expr|0.4962
dbpedia-entity|nomicai-modernbert-embed+point|rank|rankgpt|0.4481
dbpedia-entity|nomicai-modernbert-embed+point|rank|setmaxheaptopk|0.4777
dbpedia-entity|nomicai-modernbert-embed+point|thresholding|judge|0.5778
dbpedia-entity|nomicai-modernbert-embed+point|thresholding|judge_expr|0.5433
dbpedia-entity|nomicai-modernbert-embed+point|thresholding|rankgpt|0.0
dbpedia-entity|nomicai-modernbert-embed+point|thresholding|setmaxheaptopk|0.0
dbpedia-entity|nomicai-modernbert-embed+rankfirst|direct|judge|0.7489
dbpedia-entity|nomicai-modernbert-embed+rankfirst|direct|judge_expr|0.6282
dbpedia-entity|nomicai-modernbert-embed+rankfirst|direct|rankgpt|0.785
dbpedia-entity|nomicai-modernbert-embed+rankfirst|direct|setmaxheaptopk|0.7444
dbpedia-entity|nomicai-modernbert-embed+rankfirst|largest_gap|judge|0.6612
dbpedia-entity|nomicai-modernbert-embed+rankfirst|largest_gap|judge_expr|0.6744
dbpedia-entity|nomicai-modernbert-embed+rankfirst|largest_gap|rankgpt|0.785
dbpedia-entity|nomicai-modernbert-embed+rankfirst|largest_gap|setmaxheaptopk|0.7444
dbpedia-entity|nomicai-modernbert-embed+rankfirst|optimal_global|judge|0.5944
dbpedia-entity|nomicai-modernbert-embed+rankfirst|optimal_global|judge_expr|0.6177
dbpedia-entity|nomicai-modernbert-embed+rankfirst|optimal_global|rankgpt|0.7318
dbpedia-entity|nomicai-modernbert-embed+rankfirst|optimal_global|setmaxheaptopk|0.7174
dbpedia-entity|nomicai-modernbert-embed+rankfirst|optimal_per_topic|judge|0.6743
dbpedia-entity|nomicai-modernbert-embed+rankfirst|optimal_per_topic|judge_expr|0.6603
dbpedia-entity|nomicai-modernbert-embed+rankfirst|optimal_per_topic|rankgpt|0.739
dbpedia-entity|nomicai-modernbert-embed+rankfirst|optimal_per_topic|setmaxheaptopk|0.723
dbpedia-entity|nomicai-modernbert-embed+rankfirst|quantile|judge|0.9183
dbpedia-entity|nomicai-modernbert-embed+rankfirst|quantile|judge_expr|0.7783
dbpedia-entity|nomicai-modernbert-embed+rankfirst|quantile|rankgpt|0.8795
dbpedia-entity|nomicai-modernbert-embed+rankfirst|quantile|setmaxheaptopk|0.7852
dbpedia-entity|nomicai-modernbert-embed+rankfirst|rank|judge|0.6093
dbpedia-entity|nomicai-modernbert-embed+rankfirst|rank|judge_expr|0.5319
dbpedia-entity|nomicai-modernbert-embed+rankfirst|rank|rankgpt|0.6243
dbpedia-entity|nomicai-modernbert-embed+rankfirst|rank|setmaxheaptopk|0.596
dbpedia-entity|nomicai-modernbert-embed+rankfirst|thresholding|judge|0.6089
dbpedia-entity|nomicai-modernbert-embed+rankfirst|thresholding|judge_expr|0.5843
dbpedia-entity|nomicai-modernbert-embed+rankfirst|thresholding|rankgpt|0.0
dbpedia-entity|nomicai-modernbert-embed+rankfirst|thresholding|setmaxheaptopk|0.0
dbpedia-entity|nomicai-modernbert-embed+rankgpt|direct|judge|0.7393
dbpedia-entity|nomicai-modernbert-embed+rankgpt|direct|judge_expr|0.6217
dbpedia-entity|nomicai-modernbert-embed+rankgpt|direct|rankgpt|1.0
dbpedia-entity|nomicai-modernbert-embed+rankgpt|direct|setmaxheaptopk|0.7439
dbpedia-entity|nomicai-modernbert-embed+rankgpt|largest_gap|judge|0.6479
dbpedia-entity|nomicai-modernbert-embed+rankgpt|largest_gap|judge_expr|0.6578
dbpedia-entity|nomicai-modernbert-embed+rankgpt|largest_gap|rankgpt|1.0
dbpedia-entity|nomicai-modernbert-embed+rankgpt|largest_gap|setmaxheaptopk|0.7439
dbpedia-entity|nomicai-modernbert-embed+rankgpt|optimal_global|judge|0.5937
dbpedia-entity|nomicai-modernbert-embed+rankgpt|optimal_global|judge_expr|0.6138
dbpedia-entity|nomicai-modernbert-embed+rankgpt|optimal_global|rankgpt|1.0
dbpedia-entity|nomicai-modernbert-embed+rankgpt|optimal_global|setmaxheaptopk|0.7028
dbpedia-entity|nomicai-modernbert-embed+rankgpt|optimal_per_topic|judge|0.6617
dbpedia-entity|nomicai-modernbert-embed+rankgpt|optimal_per_topic|judge_expr|0.6429
dbpedia-entity|nomicai-modernbert-embed+rankgpt|optimal_per_topic|rankgpt|0.87
dbpedia-entity|nomicai-modernbert-embed+rankgpt|optimal_per_topic|setmaxheaptopk|0.7084
dbpedia-entity|nomicai-modernbert-embed+rankgpt|quantile|judge|0.918
dbpedia-entity|nomicai-modernbert-embed+rankgpt|quantile|judge_expr|0.7677
dbpedia-entity|nomicai-modernbert-embed+rankgpt|quantile|rankgpt|1.0
dbpedia-entity|nomicai-modernbert-embed+rankgpt|quantile|setmaxheaptopk|0.7809
dbpedia-entity|nomicai-modernbert-embed+rankgpt|rank|judge|0.5976
dbpedia-entity|nomicai-modernbert-embed+rankgpt|rank|judge_expr|0.5309
dbpedia-entity|nomicai-modernbert-embed+rankgpt|rank|rankgpt|1.0
dbpedia-entity|nomicai-modernbert-embed+rankgpt|rank|setmaxheaptopk|0.5863
dbpedia-entity|nomicai-modernbert-embed+rankgpt|thresholding|judge|0.6053
dbpedia-entity|nomicai-modernbert-embed+rankgpt|thresholding|judge_expr|0.5837
dbpedia-entity|nomicai-modernbert-embed+rankgpt|thresholding|rankgpt|0.0
dbpedia-entity|nomicai-modernbert-embed+rankgpt|thresholding|setmaxheaptopk|0.0
dbpedia-entity|nomicai-modernbert-embed+rankzephyr|direct|judge|0.754
dbpedia-entity|nomicai-modernbert-embed+rankzephyr|direct|judge_expr|0.6238
dbpedia-entity|nomicai-modernbert-embed+rankzephyr|direct|rankgpt|0.7291
dbpedia-entity|nomicai-modernbert-embed+rankzephyr|direct|setmaxheaptopk|0.684
dbpedia-entity|nomicai-modernbert-embed+rankzephyr|largest_gap|judge|0.6481
dbpedia-entity|nomicai-modernbert-embed+rankzephyr|largest_gap|judge_expr|0.6646
dbpedia-entity|nomicai-modernbert-embed+rankzephyr|largest_gap|rankgpt|0.7291
dbpedia-entity|nomicai-modernbert-embed+rankzephyr|largest_gap|setmaxheaptopk|0.684
dbpedia-entity|nomicai-modernbert-embed+rankzephyr|optimal_global|judge|0.5986
dbpedia-entity|nomicai-modernbert-embed+rankzephyr|optimal_global|judge_expr|0.623
dbpedia-entity|nomicai-modernbert-embed+rankzephyr|optimal_global|rankgpt|0.6972
dbpedia-entity|nomicai-modernbert-embed+rankzephyr|optimal_global|setmaxheaptopk|0.6772
dbpedia-entity|nomicai-modernbert-embed+rankzephyr|optimal_per_topic|judge|0.6694
dbpedia-entity|nomicai-modernbert-embed+rankzephyr|optimal_per_topic|judge_expr|0.643
dbpedia-entity|nomicai-modernbert-embed+rankzephyr|optimal_per_topic|rankgpt|0.7129
dbpedia-entity|nomicai-modernbert-embed+rankzephyr|optimal_per_topic|setmaxheaptopk|0.6961
dbpedia-entity|nomicai-modernbert-embed+rankzephyr|quantile|judge|0.925
dbpedia-entity|nomicai-modernbert-embed+rankzephyr|quantile|judge_expr|0.7849
dbpedia-entity|nomicai-modernbert-embed+rankzephyr|quantile|rankgpt|0.7925
dbpedia-entity|nomicai-modernbert-embed+rankzephyr|quantile|setmaxheaptopk|0.7517
dbpedia-entity|nomicai-modernbert-embed+rankzephyr|rank|judge|0.5579
dbpedia-entity|nomicai-modernbert-embed+rankzephyr|rank|judge_expr|0.5321
dbpedia-entity|nomicai-modernbert-embed+rankzephyr|rank|rankgpt|0.591
dbpedia-entity|nomicai-modernbert-embed+rankzephyr|rank|setmaxheaptopk|0.5774
dbpedia-entity|nomicai-modernbert-embed+rankzephyr|thresholding|judge|0.6119
dbpedia-entity|nomicai-modernbert-embed+rankzephyr|thresholding|judge_expr|0.5903
dbpedia-entity|nomicai-modernbert-embed+rankzephyr|thresholding|rankgpt|0.0
dbpedia-entity|nomicai-modernbert-embed+rankzephyr|thresholding|setmaxheaptopk|0.0
dbpedia-entity|nomicai-modernbert-embed+setmaxheaptopk|direct|judge|0.7496
dbpedia-entity|nomicai-modernbert-embed+setmaxheaptopk|direct|judge_expr|0.6567
dbpedia-entity|nomicai-modernbert-embed+setmaxheaptopk|direct|rankgpt|0.7622
dbpedia-entity|nomicai-modernbert-embed+setmaxheaptopk|direct|setmaxheaptopk|1.0
dbpedia-entity|nomicai-modernbert-embed+setmaxheaptopk|largest_gap|judge|0.6782
dbpedia-entity|nomicai-modernbert-embed+setmaxheaptopk|largest_gap|judge_expr|0.7005
dbpedia-entity|nomicai-modernbert-embed+setmaxheaptopk|largest_gap|rankgpt|0.7622
dbpedia-entity|nomicai-modernbert-embed+setmaxheaptopk|largest_gap|setmaxheaptopk|1.0
dbpedia-entity|nomicai-modernbert-embed+setmaxheaptopk|optimal_global|judge|0.6318
dbpedia-entity|nomicai-modernbert-embed+setmaxheaptopk|optimal_global|judge_expr|0.6523
dbpedia-entity|nomicai-modernbert-embed+setmaxheaptopk|optimal_global|rankgpt|0.6979
dbpedia-entity|nomicai-modernbert-embed+setmaxheaptopk|optimal_global|setmaxheaptopk|1.0
dbpedia-entity|nomicai-modernbert-embed+setmaxheaptopk|optimal_per_topic|judge|0.6762
dbpedia-entity|nomicai-modernbert-embed+setmaxheaptopk|optimal_per_topic|judge_expr|0.6578
dbpedia-entity|nomicai-modernbert-embed+setmaxheaptopk|optimal_per_topic|rankgpt|0.6881
dbpedia-entity|nomicai-modernbert-embed+setmaxheaptopk|optimal_per_topic|setmaxheaptopk|0.87
dbpedia-entity|nomicai-modernbert-embed+setmaxheaptopk|quantile|judge|0.9126
dbpedia-entity|nomicai-modernbert-embed+setmaxheaptopk|quantile|judge_expr|0.7621
dbpedia-entity|nomicai-modernbert-embed+setmaxheaptopk|quantile|rankgpt|0.7526
dbpedia-entity|nomicai-modernbert-embed+setmaxheaptopk|quantile|setmaxheaptopk|1.0
dbpedia-entity|nomicai-modernbert-embed+setmaxheaptopk|rank|judge|0.556
dbpedia-entity|nomicai-modernbert-embed+setmaxheaptopk|rank|judge_expr|0.5461
dbpedia-entity|nomicai-modernbert-embed+setmaxheaptopk|rank|rankgpt|0.5776
dbpedia-entity|nomicai-modernbert-embed+setmaxheaptopk|rank|setmaxheaptopk|1.0
dbpedia-entity|nomicai-modernbert-embed+setmaxheaptopk|thresholding|judge|0.64
dbpedia-entity|nomicai-modernbert-embed+setmaxheaptopk|thresholding|judge_expr|0.6161
dbpedia-entity|nomicai-modernbert-embed+setmaxheaptopk|thresholding|rankgpt|0.0
dbpedia-entity|nomicai-modernbert-embed+setmaxheaptopk|thresholding|setmaxheaptopk|0.0
dbpedia-entity|qwen3-embed-600m|direct|judge|0.5051
dbpedia-entity|qwen3-embed-600m|direct|judge_expr|0.3999
dbpedia-entity|qwen3-embed-600m|direct|rankgpt|0.5554
dbpedia-entity|qwen3-embed-600m|direct|setmaxheaptopk|0.5337
dbpedia-entity|qwen3-embed-600m|largest_gap|judge|0.4159
dbpedia-entity|qwen3-embed-600m|largest_gap|judge_expr|0.4291
dbpedia-entity|qwen3-embed-600m|largest_gap|rankgpt|0.5554
dbpedia-entity|qwen3-embed-600m|largest_gap|setmaxheaptopk|0.5337
dbpedia-entity|qwen3-embed-600m|optimal_global|judge|0.3831
dbpedia-entity|qwen3-embed-600m|optimal_global|judge_expr|0.4014
dbpedia-entity|qwen3-embed-600m|optimal_global|rankgpt|0.4781
dbpedia-entity|qwen3-embed-600m|optimal_global|setmaxheaptopk|0.4827
dbpedia-entity|qwen3-embed-600m|optimal_per_topic|judge|0.4592
dbpedia-entity|qwen3-embed-600m|optimal_per_topic|judge_expr|0.4547
dbpedia-entity|qwen3-embed-600m|optimal_per_topic|rankgpt|0.5497
dbpedia-entity|qwen3-embed-600m|optimal_per_topic|setmaxheaptopk|0.5209
dbpedia-entity|qwen3-embed-600m|quantile|judge|0.6535
dbpedia-entity|qwen3-embed-600m|quantile|judge_expr|0.5077
dbpedia-entity|qwen3-embed-600m|quantile|rankgpt|0.67
dbpedia-entity|qwen3-embed-600m|quantile|setmaxheaptopk|0.538
dbpedia-entity|qwen3-embed-600m|rank|judge|0.3999
dbpedia-entity|qwen3-embed-600m|rank|judge_expr|0.3248
dbpedia-entity|qwen3-embed-600m|rank|rankgpt|0.4162
dbpedia-entity|qwen3-embed-600m|rank|setmaxheaptopk|0.3804
dbpedia-entity|qwen3-embed-600m|thresholding|judge|0.3913
dbpedia-entity|qwen3-embed-600m|thresholding|judge_expr|0.3736
dbpedia-entity|qwen3-embed-600m|thresholding|rankgpt|0.0
dbpedia-entity|qwen3-embed-600m|thresholding|setmaxheaptopk|0.0
dbpedia-entity|qwen3-embed-600m+judge|direct|judge|0.707
dbpedia-entity|qwen3-embed-600m+judge|direct|judge_expr|0.6569
dbpedia-entity|qwen3-embed-600m+judge|direct|rankgpt|0.4163
dbpedia-entity|qwen3-embed-600m+judge|direct|setmaxheaptopk|0.4239
dbpedia-entity|qwen3-embed-600m+judge|largest_gap|judge|0.7232
dbpedia-entity|qwen3-embed-600m+judge|largest_gap|judge_expr|0.6967
dbpedia-entity|qwen3-embed-600m+judge|largest_gap|rankgpt|0.4163
dbpedia-entity|qwen3-embed-600m+judge|largest_gap|setmaxheaptopk|0.4239
dbpedia-entity|qwen3-embed-600m+judge|optimal_global|judge|0.6366
dbpedia-entity|qwen3-embed-600m+judge|optimal_global|judge_expr|0.6514
dbpedia-entity|qwen3-embed-600m+judge|optimal_global|rankgpt|0.4123
dbpedia-entity|qwen3-embed-600m+judge|optimal_global|setmaxheaptopk|0.4328
dbpedia-entity|qwen3-embed-600m+judge|optimal_per_topic|judge|0.6458
dbpedia-entity|qwen3-embed-600m+judge|optimal_per_topic|judge_expr|0.5574
dbpedia-entity|qwen3-embed-600m+judge|optimal_per_topic|rankgpt|0.4705
dbpedia-entity|qwen3-embed-600m+judge|optimal_per_topic|setmaxheaptopk|0.4733
dbpedia-entity|qwen3-embed-600m+judge|quantile|judge|0.6671
dbpedia-entity|qwen3-embed-600m+judge|quantile|judge_expr|0.6175
dbpedia-entity|qwen3-embed-600m+judge|quantile|rankgpt|0.5091
dbpedia-entity|qwen3-embed-600m+judge|quantile|setmaxheaptopk|0.4933
dbpedia-entity|qwen3-embed-600m+judge|rank|judge|0.5254
dbpedia-entity|qwen3-embed-600m+judge|rank|judge_expr|0.489
dbpedia-entity|qwen3-embed-600m+judge|rank|rankgpt|0.3685
dbpedia-entity|qwen3-embed-600m+judge|rank|setmaxheaptopk|0.3708
dbpedia-entity|qwen3-embed-600m+judge|thresholding|judge|0.6447
dbpedia-entity|qwen3-embed-600m+judge|thresholding|judge_expr|0.6244
dbpedia-entity|qwen3-embed-600m+judge|thresholding|rankgpt|0.0
dbpedia-entity|qwen3-embed-600m+judge|thresholding|setmaxheaptopk|0.0
dbpedia-entity|qwen3-embed-600m+judge_expr|direct|judge|0.7238
dbpedia-entity|qwen3-embed-600m+judge_expr|direct|judge_expr|0.7046
dbpedia-entity|qwen3-embed-600m+judge_expr|direct|rankgpt|0.5373
dbpedia-entity|qwen3-embed-600m+judge_expr|direct|setmaxheaptopk|0.548
dbpedia-entity|qwen3-embed-600m+judge_expr|largest_gap|judge|0.7417
dbpedia-entity|qwen3-embed-600m+judge_expr|largest_gap|judge_expr|0.7608
dbpedia-entity|qwen3-embed-600m+judge_expr|largest_gap|rankgpt|0.5373
dbpedia-entity|qwen3-embed-600m+judge_expr|largest_gap|setmaxheaptopk|0.548
dbpedia-entity|qwen3-embed-600m+judge_expr|optimal_global|judge|0.6616
dbpedia-entity|qwen3-embed-600m+judge_expr|optimal_global|judge_expr|0.6825
dbpedia-entity|qwen3-embed-600m+judge_expr|optimal_global|rankgpt|0.5124
dbpedia-entity|qwen3-embed-600m+judge_expr|optimal_global|setmaxheaptopk|0.5285
dbpedia-entity|qwen3-embed-600m+judge_expr|optimal_per_topic|judge|0.6603
dbpedia-entity|qwen3-embed-600m+judge_expr|optimal_per_topic|judge_expr|0.6821
dbpedia-entity|qwen3-embed-600m+judge_expr|optimal_per_topic|rankgpt|0.5567
dbpedia-entity|qwen3-embed-600m+judge_expr|optimal_per_topic|setmaxheaptopk|0.55
dbpedia-entity|qwen3-embed-600m+judge_expr|quantile|judge|0.7076
dbpedia-entity|qwen3-embed-600m+judge_expr|quantile|judge_expr|0.7087
dbpedia-entity|qwen3-embed-600m+judge_expr|quantile|rankgpt|0.5712
dbpedia-entity|qwen3-embed-600m+judge_expr|quantile|setmaxheaptopk|0.5588
dbpedia-entity|qwen3-embed-600m+judge_expr|rank|judge|0.557
dbpedia-entity|qwen3-embed-600m+judge_expr|rank|judge_expr|0.6534
dbpedia-entity|qwen3-embed-600m+judge_expr|rank|rankgpt|0.4309
dbpedia-entity|qwen3-embed-600m+judge_expr|rank|setmaxheaptopk|0.4318
dbpedia-entity|qwen3-embed-600m+judge_expr|thresholding|judge|0.6691
dbpedia-entity|qwen3-embed-600m+judge_expr|thresholding|judge_expr|0.6583
dbpedia-entity|qwen3-embed-600m+judge_expr|thresholding|rankgpt|0.0
dbpedia-entity|qwen3-embed-600m+judge_expr|thresholding|setmaxheaptopk|0.0
dbpedia-entity|qwen3-embed-600m+point|direct|judge|0.5646
dbpedia-entity|qwen3-embed-600m+point|direct|judge_expr|0.4905
dbpedia-entity|qwen3-embed-600m+point|direct|rankgpt|0.4445
dbpedia-entity|qwen3-embed-600m+point|direct|setmaxheaptopk|0.4142
dbpedia-entity|qwen3-embed-600m+point|largest_gap|judge|0.4946
dbpedia-entity|qwen3-embed-600m+point|largest_gap|judge_expr|0.5168
dbpedia-entity|qwen3-embed-600m+point|largest_gap|rankgpt|0.4445
dbpedia-entity|qwen3-embed-600m+point|largest_gap|setmaxheaptopk|0.4142
dbpedia-entity|qwen3-embed-600m+point|optimal_global|judge|0.4607
dbpedia-entity|qwen3-embed-600m+point|optimal_global|judge_expr|0.4886
dbpedia-entity|qwen3-embed-600m+point|optimal_global|rankgpt|0.4333
dbpedia-entity|qwen3-embed-600m+point|optimal_global|setmaxheaptopk|0.4334
dbpedia-entity|qwen3-embed-600m+point|optimal_per_topic|judge|0.5016
dbpedia-entity|qwen3-embed-600m+point|optimal_per_topic|judge_expr|0.4749
dbpedia-entity|qwen3-embed-600m+point|optimal_per_topic|rankgpt|0.4934
dbpedia-entity|qwen3-embed-600m+point|optimal_per_topic|setmaxheaptopk|0.4818
dbpedia-entity|qwen3-embed-600m+point|quantile|judge|0.6356
dbpedia-entity|qwen3-embed-600m+point|quantile|judge_expr|0.5496
dbpedia-entity|qwen3-embed-600m+point|quantile|rankgpt|0.5412
dbpedia-entity|qwen3-embed-600m+point|quantile|setmaxheaptopk|0.5185
dbpedia-entity|qwen3-embed-600m+point|rank|judge|0.4018
dbpedia-entity|qwen3-embed-600m+point|rank|judge_expr|0.3934
dbpedia-entity|qwen3-embed-600m+point|rank|rankgpt|0.3837
dbpedia-entity|qwen3-embed-600m+point|rank|setmaxheaptopk|0.3861
dbpedia-entity|qwen3-embed-600m+point|thresholding|judge|0.4741
dbpedia-entity|qwen3-embed-600m+point|thresholding|judge_expr|0.4503
dbpedia-entity|qwen3-embed-600m+point|thresholding|rankgpt|0.0
dbpedia-entity|qwen3-embed-600m+point|thresholding|setmaxheaptopk|0.0
dbpedia-entity|qwen3-embed-600m+rankfirst|direct|judge|0.6491
dbpedia-entity|qwen3-embed-600m+rankfirst|direct|judge_expr|0.5514
dbpedia-entity|qwen3-embed-600m+rankfirst|direct|rankgpt|0.7141
dbpedia-entity|qwen3-embed-600m+rankfirst|direct|setmaxheaptopk|0.6706
dbpedia-entity|qwen3-embed-600m+rankfirst|largest_gap|judge|0.5769
dbpedia-entity|qwen3-embed-600m+rankfirst|largest_gap|judge_expr|0.5927
dbpedia-entity|qwen3-embed-600m+rankfirst|largest_gap|rankgpt|0.7141
dbpedia-entity|qwen3-embed-600m+rankfirst|largest_gap|setmaxheaptopk|0.6706
dbpedia-entity|qwen3-embed-600m+rankfirst|optimal_global|judge|0.5258
dbpedia-entity|qwen3-embed-600m+rankfirst|optimal_global|judge_expr|0.5434
dbpedia-entity|qwen3-embed-600m+rankfirst|optimal_global|rankgpt|0.6552
dbpedia-entity|qwen3-embed-600m+rankfirst|optimal_global|setmaxheaptopk|0.6398
dbpedia-entity|qwen3-embed-600m+rankfirst|optimal_per_topic|judge|0.5933
dbpedia-entity|qwen3-embed-600m+rankfirst|optimal_per_topic|judge_expr|0.5913
dbpedia-entity|qwen3-embed-600m+rankfirst|optimal_per_topic|rankgpt|0.6763
dbpedia-entity|qwen3-embed-600m+rankfirst|optimal_per_topic|setmaxheaptopk|0.6592
dbpedia-entity|qwen3-embed-600m+rankfirst|quantile|judge|0.7561
dbpedia-entity|qwen3-embed-600m+rankfirst|quantile|judge_expr|0.655
dbpedia-entity|qwen3-embed-600m+rankfirst|quantile|rankgpt|0.7283
dbpedia-entity|qwen3-embed-600m+rankfirst|quantile|setmaxheaptopk|0.6573
dbpedia-entity|qwen3-embed-600m+rankfirst|rank|judge|0.5147
dbpedia-entity|qwen3-embed-600m+rankfirst|rank|judge_expr|0.4604
dbpedia-entity|qwen3-embed-600m+rankfirst|rank|rankgpt|0.5342
dbpedia-entity|qwen3-embed-600m+rankfirst|rank|setmaxheaptopk|0.5161
dbpedia-entity|qwen3-embed-600m+rankfirst|thresholding|judge|0.5386
dbpedia-entity|qwen3-embed-600m+rankfirst|thresholding|judge_expr|0.5166
dbpedia-entity|qwen3-embed-600m+rankfirst|thresholding|rankgpt|0.0
dbpedia-entity|qwen3-embed-600m+rankfirst|thresholding|setmaxheaptopk|0.0
dbpedia-entity|qwen3-embed-600m+rankgpt|direct|judge|0.624
dbpedia-entity|qwen3-embed-600m+rankgpt|direct|judge_expr|0.5412
dbpedia-entity|qwen3-embed-600m+rankgpt|direct|rankgpt|0.7152
dbpedia-entity|qwen3-embed-600m+rankgpt|direct|setmaxheaptopk|0.6297
dbpedia-entity|qwen3-embed-600m+rankgpt|largest_gap|judge|0.561
dbpedia-entity|qwen3-embed-600m+rankgpt|largest_gap|judge_expr|0.5749
dbpedia-entity|qwen3-embed-600m+rankgpt|largest_gap|rankgpt|0.7152
dbpedia-entity|qwen3-embed-600m+rankgpt|largest_gap|setmaxheaptopk|0.6297
dbpedia-entity|qwen3-embed-600m+rankgpt|optimal_global|judge|0.5199
dbpedia-entity|qwen3-embed-600m+rankgpt|optimal_global|judge_expr|0.5377
dbpedia-entity|qwen3-embed-600m+rankgpt|optimal_global|rankgpt|0.652
dbpedia-entity|qwen3-embed-600m+rankgpt|optimal_global|setmaxheaptopk|0.6033
dbpedia-entity|qwen3-embed-600m+rankgpt|optimal_per_topic|judge|0.5724
dbpedia-entity|qwen3-embed-600m+rankgpt|optimal_per_topic|judge_expr|0.5692
dbpedia-entity|qwen3-embed-600m+rankgpt|optimal_per_topic|rankgpt|0.6651
dbpedia-entity|qwen3-embed-600m+rankgpt|optimal_per_topic|setmaxheaptopk|0.6206
dbpedia-entity|qwen3-embed-600m+rankgpt|quantile|judge|0.7187
dbpedia-entity|qwen3-embed-600m+rankgpt|quantile|judge_expr|0.6228
dbpedia-entity|qwen3-embed-600m+rankgpt|quantile|rankgpt|0.6798
dbpedia-entity|qwen3-embed-600m+rankgpt|quantile|setmaxheaptopk|0.614
dbpedia-entity|qwen3-embed-600m+rankgpt|rank|judge|0.4658
dbpedia-entity|qwen3-embed-600m+rankgpt|rank|judge_expr|0.4387
dbpedia-entity|qwen3-embed-600m+rankgpt|rank|rankgpt|0.5334
dbpedia-entity|qwen3-embed-600m+rankgpt|rank|setmaxheaptopk|0.4819
dbpedia-entity|qwen3-embed-600m+rankgpt|thresholding|judge|0.5306
dbpedia-entity|qwen3-embed-600m+rankgpt|thresholding|judge_expr|0.5111
dbpedia-entity|qwen3-embed-600m+rankgpt|thresholding|rankgpt|0.0
dbpedia-entity|qwen3-embed-600m+rankgpt|thresholding|setmaxheaptopk|0.0
dbpedia-entity|qwen3-embed-600m+rankzephyr|direct|judge|0.6394
dbpedia-entity|qwen3-embed-600m+rankzephyr|direct|judge_expr|0.5499
dbpedia-entity|qwen3-embed-600m+rankzephyr|direct|rankgpt|0.6828
dbpedia-entity|qwen3-embed-600m+rankzephyr|direct|setmaxheaptopk|0.6172
dbpedia-entity|qwen3-embed-600m+rankzephyr|largest_gap|judge|0.574
dbpedia-entity|qwen3-embed-600m+rankzephyr|largest_gap|judge_expr|0.5872
dbpedia-entity|qwen3-embed-600m+rankzephyr|largest_gap|rankgpt|0.6828
dbpedia-entity|qwen3-embed-600m+rankzephyr|largest_gap|setmaxheaptopk|0.6172
dbpedia-entity|qwen3-embed-600m+rankzephyr|optimal_global|judge|0.5312
dbpedia-entity|qwen3-embed-600m+rankzephyr|optimal_global|judge_expr|0.5466
dbpedia-entity|qwen3-embed-600m+rankzephyr|optimal_global|rankgpt|0.6341
dbpedia-entity|qwen3-embed-600m+rankzephyr|optimal_global|setmaxheaptopk|0.605
dbpedia-entity|qwen3-embed-600m+rankzephyr|optimal_per_topic|judge|0.5745
dbpedia-entity|qwen3-embed-600m+rankzephyr|optimal_per_topic|judge_expr|0.5726
dbpedia-entity|qwen3-embed-600m+rankzephyr|optimal_per_topic|rankgpt|0.6497
dbpedia-entity|qwen3-embed-600m+rankzephyr|optimal_per_topic|setmaxheaptopk|0.6266
dbpedia-entity|qwen3-embed-600m+rankzephyr|quantile|judge|0.7316
dbpedia-entity|qwen3-embed-600m+rankzephyr|quantile|judge_expr|0.642
dbpedia-entity|qwen3-embed-600m+rankzephyr|quantile|rankgpt|0.666
dbpedia-entity|qwen3-embed-600m+rankzephyr|quantile|setmaxheaptopk|0.6239
dbpedia-entity|qwen3-embed-600m+rankzephyr|rank|judge|0.4862
dbpedia-entity|qwen3-embed-600m+rankzephyr|rank|judge_expr|0.449
dbpedia-entity|qwen3-embed-600m+rankzephyr|rank|rankgpt|0.5103
dbpedia-entity|qwen3-embed-600m+rankzephyr|rank|setmaxheaptopk|0.4891
dbpedia-entity|qwen3-embed-600m+rankzephyr|thresholding|judge|0.5397
dbpedia-entity|qwen3-embed-600m+rankzephyr|thresholding|judge_expr|0.527
dbpedia-entity|qwen3-embed-600m+rankzephyr|thresholding|rankgpt|0.0
dbpedia-entity|qwen3-embed-600m+rankzephyr|thresholding|setmaxheaptopk|0.0
dbpedia-entity|qwen3-embed-600m+setmaxheaptopk|direct|judge|0.6102
dbpedia-entity|qwen3-embed-600m+setmaxheaptopk|direct|judge_expr|0.5554
dbpedia-entity|qwen3-embed-600m+setmaxheaptopk|direct|rankgpt|0.6818
dbpedia-entity|qwen3-embed-600m+setmaxheaptopk|direct|setmaxheaptopk|0.6649
dbpedia-entity|qwen3-embed-600m+setmaxheaptopk|largest_gap|judge|0.5649
dbpedia-entity|qwen3-embed-600m+setmaxheaptopk|largest_gap|judge_expr|0.5954
dbpedia-entity|qwen3-embed-600m+setmaxheaptopk|largest_gap|rankgpt|0.6818
dbpedia-entity|qwen3-embed-600m+setmaxheaptopk|largest_gap|setmaxheaptopk|0.6649
dbpedia-entity|qwen3-embed-600m+setmaxheaptopk|optimal_global|judge|0.534
dbpedia-entity|qwen3-embed-600m+setmaxheaptopk|optimal_global|judge_expr|0.5494
dbpedia-entity|qwen3-embed-600m+setmaxheaptopk|optimal_global|rankgpt|0.6056
dbpedia-entity|qwen3-embed-600m+setmaxheaptopk|optimal_global|setmaxheaptopk|0.6403
dbpedia-entity|qwen3-embed-600m+setmaxheaptopk|optimal_per_topic|judge|0.5683
dbpedia-entity|qwen3-embed-600m+setmaxheaptopk|optimal_per_topic|judge_expr|0.5723
dbpedia-entity|qwen3-embed-600m+setmaxheaptopk|optimal_per_topic|rankgpt|0.6286
dbpedia-entity|qwen3-embed-600m+setmaxheaptopk|optimal_per_topic|setmaxheaptopk|0.6331
dbpedia-entity|qwen3-embed-600m+setmaxheaptopk|quantile|judge|0.66
dbpedia-entity|qwen3-embed-600m+setmaxheaptopk|quantile|judge_expr|0.5916
dbpedia-entity|qwen3-embed-600m+setmaxheaptopk|quantile|rankgpt|0.6051
dbpedia-entity|qwen3-embed-600m+setmaxheaptopk|quantile|setmaxheaptopk|0.6044
dbpedia-entity|qwen3-embed-600m+setmaxheaptopk|rank|judge|0.4599
dbpedia-entity|qwen3-embed-600m+setmaxheaptopk|rank|judge_expr|0.4376
dbpedia-entity|qwen3-embed-600m+setmaxheaptopk|rank|rankgpt|0.4701
dbpedia-entity|qwen3-embed-600m+setmaxheaptopk|rank|setmaxheaptopk|0.5053
dbpedia-entity|qwen3-embed-600m+setmaxheaptopk|thresholding|judge|0.5398
dbpedia-entity|qwen3-embed-600m+setmaxheaptopk|thresholding|judge_expr|0.5272
dbpedia-entity|qwen3-embed-600m+setmaxheaptopk|thresholding|rankgpt|0.0
dbpedia-entity|qwen3-embed-600m+setmaxheaptopk|thresholding|setmaxheaptopk|0.0
dbpedia-entity|splade-v3|direct|judge|0.5559
dbpedia-entity|splade-v3|direct|judge_expr|0.4562
dbpedia-entity|splade-v3|direct|rankgpt|0.5688
dbpedia-entity|splade-v3|direct|setmaxheaptopk|0.5625
dbpedia-entity|splade-v3|largest_gap|judge|0.4751
dbpedia-entity|splade-v3|largest_gap|judge_expr|0.4879
dbpedia-entity|splade-v3|largest_gap|rankgpt|0.5688
dbpedia-entity|splade-v3|largest_gap|setmaxheaptopk|0.5625
dbpedia-entity|splade-v3|optimal_global|judge|0.4368
dbpedia-entity|splade-v3|optimal_global|judge_expr|0.4578
dbpedia-entity|splade-v3|optimal_global|rankgpt|0.5107
dbpedia-entity|splade-v3|optimal_global|setmaxheaptopk|0.525
dbpedia-entity|splade-v3|optimal_per_topic|judge|0.5094
dbpedia-entity|splade-v3|optimal_per_topic|judge_expr|0.5043
dbpedia-entity|splade-v3|optimal_per_topic|rankgpt|0.5839
dbpedia-entity|splade-v3|optimal_per_topic|setmaxheaptopk|0.5674
dbpedia-entity|splade-v3|quantile|judge|0.6752
dbpedia-entity|splade-v3|quantile|judge_expr|0.5517
dbpedia-entity|splade-v3|quantile|rankgpt|0.6649
dbpedia-entity|splade-v3|quantile|setmaxheaptopk|0.5696
dbpedia-entity|splade-v3|rank|judge|0.4239
dbpedia-entity|splade-v3|rank|judge_expr|0.3632
dbpedia-entity|splade-v3|rank|rankgpt|0.4444
dbpedia-entity|splade-v3|rank|setmaxheaptopk|0.422
dbpedia-entity|splade-v3|thresholding|judge|0.4455
dbpedia-entity|splade-v3|thresholding|judge_expr|0.429
dbpedia-entity|splade-v3|thresholding|rankgpt|0.0
dbpedia-entity|splade-v3|thresholding|setmaxheaptopk|0.0
dbpedia-entity|splade-v3+judge|direct|judge|0.6623
dbpedia-entity|splade-v3+judge|direct|judge_expr|0.6418
dbpedia-entity|splade-v3+judge|direct|rankgpt|0.3779
dbpedia-entity|splade-v3+judge|direct|setmaxheaptopk|0.397
dbpedia-entity|splade-v3+judge|largest_gap|judge|0.7259
dbpedia-entity|splade-v3+judge|largest_gap|judge_expr|0.6852
dbpedia-entity|splade-v3+judge|largest_gap|rankgpt|0.3779
dbpedia-entity|splade-v3+judge|largest_gap|setmaxheaptopk|0.397
dbpedia-entity|splade-v3+judge|optimal_global|judge|0.6263
dbpedia-entity|splade-v3+judge|optimal_global|judge_expr|0.6328
dbpedia-entity|splade-v3+judge|optimal_global|rankgpt|0.3727
dbpedia-entity|splade-v3+judge|optimal_global|setmaxheaptopk|0.4038
dbpedia-entity|splade-v3+judge|optimal_per_topic|judge|0.6218
dbpedia-entity|splade-v3+judge|optimal_per_topic|judge_expr|0.5349
dbpedia-entity|splade-v3+judge|optimal_per_topic|rankgpt|0.4191
dbpedia-entity|splade-v3+judge|optimal_per_topic|setmaxheaptopk|0.4403
dbpedia-entity|splade-v3+judge|quantile|judge|0.5968
dbpedia-entity|splade-v3+judge|quantile|judge_expr|0.556
dbpedia-entity|splade-v3+judge|quantile|rankgpt|0.4562
dbpedia-entity|splade-v3+judge|quantile|setmaxheaptopk|0.4463
dbpedia-entity|splade-v3+judge|rank|judge|0.4763
dbpedia-entity|splade-v3+judge|rank|judge_expr|0.4562
dbpedia-entity|splade-v3+judge|rank|rankgpt|0.3301
dbpedia-entity|splade-v3+judge|rank|setmaxheaptopk|0.3458
dbpedia-entity|splade-v3+judge|thresholding|judge|0.631
dbpedia-entity|splade-v3+judge|thresholding|judge_expr|0.6128
dbpedia-entity|splade-v3+judge|thresholding|rankgpt|0.0
dbpedia-entity|splade-v3+judge|thresholding|setmaxheaptopk|0.0
dbpedia-entity|splade-v3+judge_expr|direct|judge|0.693
dbpedia-entity|splade-v3+judge_expr|direct|judge_expr|0.6979
dbpedia-entity|splade-v3+judge_expr|direct|rankgpt|0.5122
dbpedia-entity|splade-v3+judge_expr|direct|setmaxheaptopk|0.5312
dbpedia-entity|splade-v3+judge_expr|largest_gap|judge|0.7558
dbpedia-entity|splade-v3+judge_expr|largest_gap|judge_expr|0.7642
dbpedia-entity|splade-v3+judge_expr|largest_gap|rankgpt|0.5122
dbpedia-entity|splade-v3+judge_expr|largest_gap|setmaxheaptopk|0.5312
dbpedia-entity|splade-v3+judge_expr|optimal_global|judge|0.6574
dbpedia-entity|splade-v3+judge_expr|optimal_global|judge_expr|0.6709
dbpedia-entity|splade-v3+judge_expr|optimal_global|rankgpt|0.4746
dbpedia-entity|splade-v3+judge_expr|optimal_global|setmaxheaptopk|0.51
dbpedia-entity|splade-v3+judge_expr|optimal_per_topic|judge|0.6513
dbpedia-entity|splade-v3+judge_expr|optimal_per_topic|judge_expr|0.6822
dbpedia-entity|splade-v3+judge_expr|optimal_per_topic|rankgpt|0.5127
dbpedia-entity|splade-v3+judge_expr|optimal_per_topic|setmaxheaptopk|0.5285
dbpedia-entity|splade-v3+judge_expr|quantile|judge|0.6395
dbpedia-entity|splade-v3+judge_expr|quantile|judge_expr|0.6401
dbpedia-entity|splade-v3+judge_expr|quantile|rankgpt|0.5174
dbpedia-entity|splade-v3+judge_expr|quantile|setmaxheaptopk|0.5062
dbpedia-entity|splade-v3+judge_expr|rank|judge|0.5134
dbpedia-entity|splade-v3+judge_expr|rank|judge_expr|0.6154
dbpedia-entity|splade-v3+judge_expr|rank|rankgpt|0.3957
dbpedia-entity|splade-v3+judge_expr|rank|setmaxheaptopk|0.4084
dbpedia-entity|splade-v3+judge_expr|thresholding|judge|0.6622
dbpedia-entity|splade-v3+judge_expr|thresholding|judge_expr|0.6546
dbpedia-entity|splade-v3+judge_expr|thresholding|rankgpt|0.0
dbpedia-entity|splade-v3+judge_expr|thresholding|setmaxheaptopk|0.0
dbpedia-entity|splade-v3+point|direct|judge|0.5049
dbpedia-entity|splade-v3+point|direct|judge_expr|0.449
dbpedia-entity|splade-v3+point|direct|rankgpt|0.4036
dbpedia-entity|splade-v3+point|direct|setmaxheaptopk|0.3875
dbpedia-entity|splade-v3+point|largest_gap|judge|0.4624
dbpedia-entity|splade-v3+point|largest_gap|judge_expr|0.4799
dbpedia-entity|splade-v3+point|largest_gap|rankgpt|0.4036
dbpedia-entity|splade-v3+point|largest_gap|setmaxheaptopk|0.3875
dbpedia-entity|splade-v3+point|optimal_global|judge|0.4222
dbpedia-entity|splade-v3+point|optimal_global|judge_expr|0.4461
dbpedia-entity|splade-v3+point|optimal_global|rankgpt|0.3785
dbpedia-entity|splade-v3+point|optimal_global|setmaxheaptopk|0.3984
dbpedia-entity|splade-v3+point|optimal_per_topic|judge|0.4646
dbpedia-entity|splade-v3+point|optimal_per_topic|judge_expr|0.4434
dbpedia-entity|splade-v3+point|optimal_per_topic|rankgpt|0.4376
dbpedia-entity|splade-v3+point|optimal_per_topic|setmaxheaptopk|0.4425
dbpedia-entity|splade-v3+point|quantile|judge|0.5415
dbpedia-entity|splade-v3+point|quantile|judge_expr|0.4712
dbpedia-entity|splade-v3+point|quantile|rankgpt|0.4545
dbpedia-entity|splade-v3+point|quantile|setmaxheaptopk|0.4428
dbpedia-entity|splade-v3+point|rank|judge|0.3483
dbpedia-entity|splade-v3+point|rank|judge_expr|0.3412
dbpedia-entity|splade-v3+point|rank|rankgpt|0.3286
dbpedia-entity|splade-v3+point|rank|setmaxheaptopk|0.3423
dbpedia-entity|splade-v3+point|thresholding|judge|0.4335
dbpedia-entity|splade-v3+point|thresholding|judge_expr|0.4141
dbpedia-entity|splade-v3+point|thresholding|rankgpt|0.0
dbpedia-entity|splade-v3+point|thresholding|setmaxheaptopk|0.0
dbpedia-entity|splade-v3+rankfirst|direct|judge|0.6523
dbpedia-entity|splade-v3+rankfirst|direct|judge_expr|0.5624
dbpedia-entity|splade-v3+rankfirst|direct|rankgpt|0.7145
dbpedia-entity|splade-v3+rankfirst|direct|setmaxheaptopk|0.6875
dbpedia-entity|splade-v3+rankfirst|largest_gap|judge|0.599
dbpedia-entity|splade-v3+rankfirst|largest_gap|judge_expr|0.6101
dbpedia-entity|splade-v3+rankfirst|largest_gap|rankgpt|0.7145
dbpedia-entity|splade-v3+rankfirst|largest_gap|setmaxheaptopk|0.6875
dbpedia-entity|splade-v3+rankfirst|optimal_global|judge|0.5348
dbpedia-entity|splade-v3+rankfirst|optimal_global|judge_expr|0.5545
dbpedia-entity|splade-v3+rankfirst|optimal_global|rankgpt|0.6465
dbpedia-entity|splade-v3+rankfirst|optimal_global|setmaxheaptopk|0.6474
dbpedia-entity|splade-v3+rankfirst|optimal_per_topic|judge|0.6008
dbpedia-entity|splade-v3+rankfirst|optimal_per_topic|judge_expr|0.6036
dbpedia-entity|splade-v3+rankfirst|optimal_per_topic|rankgpt|0.6726
dbpedia-entity|splade-v3+rankfirst|optimal_per_topic|setmaxheaptopk|0.6648
dbpedia-entity|splade-v3+rankfirst|quantile|judge|0.7256
dbpedia-entity|splade-v3+rankfirst|quantile|judge_expr|0.6417
dbpedia-entity|splade-v3+rankfirst|quantile|rankgpt|0.6896
dbpedia-entity|splade-v3+rankfirst|quantile|setmaxheaptopk|0.6431
dbpedia-entity|splade-v3+rankfirst|rank|judge|0.501
dbpedia-entity|splade-v3+rankfirst|rank|judge_expr|0.4581
dbpedia-entity|splade-v3+rankfirst|rank|rankgpt|0.5219
dbpedia-entity|splade-v3+rankfirst|rank|setmaxheaptopk|0.5168
dbpedia-entity|splade-v3+rankfirst|thresholding|judge|0.5477
dbpedia-entity|splade-v3+rankfirst|thresholding|judge_expr|0.527
dbpedia-entity|splade-v3+rankfirst|thresholding|rankgpt|0.0
dbpedia-entity|splade-v3+rankfirst|thresholding|setmaxheaptopk|0.0
dbpedia-entity|splade-v3+rankgpt|direct|judge|0.6156
dbpedia-entity|splade-v3+rankgpt|direct|judge_expr|0.5446
dbpedia-entity|splade-v3+rankgpt|direct|rankgpt|0.6847
dbpedia-entity|splade-v3+rankgpt|direct|setmaxheaptopk|0.642
dbpedia-entity|splade-v3+rankgpt|largest_gap|judge|0.5714
dbpedia-entity|splade-v3+rankgpt|largest_gap|judge_expr|0.5866
dbpedia-entity|splade-v3+rankgpt|largest_gap|rankgpt|0.6847
dbpedia-entity|splade-v3+rankgpt|largest_gap|setmaxheaptopk|0.642
dbpedia-entity|splade-v3+rankgpt|optimal_global|judge|0.5171
dbpedia-entity|splade-v3+rankgpt|optimal_global|judge_expr|0.535
dbpedia-entity|splade-v3+rankgpt|optimal_global|rankgpt|0.6248
dbpedia-entity|splade-v3+rankgpt|optimal_global|setmaxheaptopk|0.5934
dbpedia-entity|splade-v3+rankgpt|optimal_per_topic|judge|0.577
dbpedia-entity|splade-v3+rankgpt|optimal_per_topic|judge_expr|0.585
dbpedia-entity|splade-v3+rankgpt|optimal_per_topic|rankgpt|0.6303
dbpedia-entity|splade-v3+rankgpt|optimal_per_topic|setmaxheaptopk|0.624
dbpedia-entity|splade-v3+rankgpt|quantile|judge|0.6807
dbpedia-entity|splade-v3+rankgpt|quantile|judge_expr|0.5968
dbpedia-entity|splade-v3+rankgpt|quantile|rankgpt|0.641
dbpedia-entity|splade-v3+rankgpt|quantile|setmaxheaptopk|0.5829
dbpedia-entity|splade-v3+rankgpt|rank|judge|0.4573
dbpedia-entity|splade-v3+rankgpt|rank|judge_expr|0.4358
dbpedia-entity|splade-v3+rankgpt|rank|rankgpt|0.5062
dbpedia-entity|splade-v3+rankgpt|rank|setmaxheaptopk|0.4702
dbpedia-entity|splade-v3+rankgpt|thresholding|judge|0.5239
dbpedia-entity|splade-v3+rankgpt|thresholding|judge_expr|0.5119
dbpedia-entity|splade-v3+rankgpt|thresholding|rankgpt|0.0
dbpedia-entity|splade-v3+rankgpt|thresholding|setmaxheaptopk|0.0
dbpedia-entity|splade-v3+rankzephyr|direct|judge|0.6149
dbpedia-entity|splade-v3+rankzephyr|direct|judge_expr|0.5405
dbpedia-entity|splade-v3+rankzephyr|direct|rankgpt|0.6638
dbpedia-entity|splade-v3+rankzephyr|direct|setmaxheaptopk|0.6276
dbpedia-entity|splade-v3+rankzephyr|largest_gap|judge|0.5632
dbpedia-entity|splade-v3+rankzephyr|largest_gap|judge_expr|0.5832
dbpedia-entity|splade-v3+rankzephyr|largest_gap|rankgpt|0.6638
dbpedia-entity|splade-v3+rankzephyr|largest_gap|setmaxheaptopk|0.6276
dbpedia-entity|splade-v3+rankzephyr|optimal_global|judge|0.5162
dbpedia-entity|splade-v3+rankzephyr|optimal_global|judge_expr|0.5356
dbpedia-entity|splade-v3+rankzephyr|optimal_global|rankgpt|0.6027
dbpedia-entity|splade-v3+rankzephyr|optimal_global|setmaxheaptopk|0.5992
dbpedia-entity|splade-v3+rankzephyr|optimal_per_topic|judge|0.5773
dbpedia-entity|splade-v3+rankzephyr|optimal_per_topic|judge_expr|0.5774
dbpedia-entity|splade-v3+rankzephyr|optimal_per_topic|rankgpt|0.6301
dbpedia-entity|splade-v3+rankzephyr|optimal_per_topic|setmaxheaptopk|0.619
dbpedia-entity|splade-v3+rankzephyr|quantile|judge|0.681
dbpedia-entity|splade-v3+rankzephyr|quantile|judge_expr|0.6037
dbpedia-entity|splade-v3+rankzephyr|quantile|rankgpt|0.6217
dbpedia-entity|splade-v3+rankzephyr|quantile|setmaxheaptopk|0.5865
dbpedia-entity|splade-v3+rankzephyr|rank|judge|0.463
dbpedia-entity|splade-v3+rankzephyr|rank|judge_expr|0.431
dbpedia-entity|splade-v3+rankzephyr|rank|rankgpt|0.482
dbpedia-entity|splade-v3+rankzephyr|rank|setmaxheaptopk|0.4694
dbpedia-entity|splade-v3+rankzephyr|thresholding|judge|0.5269
dbpedia-entity|splade-v3+rankzephyr|thresholding|judge_expr|0.5118
dbpedia-entity|splade-v3+rankzephyr|thresholding|rankgpt|0.0
dbpedia-entity|splade-v3+rankzephyr|thresholding|setmaxheaptopk|0.0
dbpedia-entity|splade-v3+setmaxheaptopk|direct|judge|0.5962
dbpedia-entity|splade-v3+setmaxheaptopk|direct|judge_expr|0.5463
dbpedia-entity|splade-v3+setmaxheaptopk|direct|rankgpt|0.6825
dbpedia-entity|splade-v3+setmaxheaptopk|direct|setmaxheaptopk|0.6833
dbpedia-entity|splade-v3+setmaxheaptopk|largest_gap|judge|0.5778
dbpedia-entity|splade-v3+setmaxheaptopk|largest_gap|judge_expr|0.5923
dbpedia-entity|splade-v3+setmaxheaptopk|largest_gap|rankgpt|0.6825
dbpedia-entity|splade-v3+setmaxheaptopk|largest_gap|setmaxheaptopk|0.6833
dbpedia-entity|splade-v3+setmaxheaptopk|optimal_global|judge|0.5257
dbpedia-entity|splade-v3+setmaxheaptopk|optimal_global|judge_expr|0.5414
dbpedia-entity|splade-v3+setmaxheaptopk|optimal_global|rankgpt|0.5883
dbpedia-entity|splade-v3+setmaxheaptopk|optimal_global|setmaxheaptopk|0.6513
dbpedia-entity|splade-v3+setmaxheaptopk|optimal_per_topic|judge|0.5695
dbpedia-entity|splade-v3+setmaxheaptopk|optimal_per_topic|judge_expr|0.5795
dbpedia-entity|splade-v3+setmaxheaptopk|optimal_per_topic|rankgpt|0.6068
dbpedia-entity|splade-v3+setmaxheaptopk|optimal_per_topic|setmaxheaptopk|0.6238
dbpedia-entity|splade-v3+setmaxheaptopk|quantile|judge|0.6245
dbpedia-entity|splade-v3+setmaxheaptopk|quantile|judge_expr|0.5622
dbpedia-entity|splade-v3+setmaxheaptopk|quantile|rankgpt|0.5702
dbpedia-entity|splade-v3+setmaxheaptopk|quantile|setmaxheaptopk|0.5669
dbpedia-entity|splade-v3+setmaxheaptopk|rank|judge|0.4452
dbpedia-entity|splade-v3+setmaxheaptopk|rank|judge_expr|0.4312
dbpedia-entity|splade-v3+setmaxheaptopk|rank|rankgpt|0.4578
dbpedia-entity|splade-v3+setmaxheaptopk|rank|setmaxheaptopk|0.4858
dbpedia-entity|splade-v3+setmaxheaptopk|thresholding|judge|0.5288
dbpedia-entity|splade-v3+setmaxheaptopk|thresholding|judge_expr|0.5152
dbpedia-entity|splade-v3+setmaxheaptopk|thresholding|rankgpt|0.0
dbpedia-entity|splade-v3+setmaxheaptopk|thresholding|setmaxheaptopk|0.0
nfcorpus|bm25|direct|judge|0.515
nfcorpus|bm25|direct|judge_expr|0.5032
nfcorpus|bm25|direct|rankgpt|0.4584
nfcorpus|bm25|direct|setmaxheaptopk|0.4919
nfcorpus|bm25|largest_gap|judge|0.5107
nfcorpus|bm25|largest_gap|judge_expr|0.5244
nfcorpus|bm25|largest_gap|rankgpt|0.4584
nfcorpus|bm25|largest_gap|setmaxheaptopk|0.4919
nfcorpus|bm25|optimal_global|judge|0.4984
nfcorpus|bm25|optimal_global|judge_expr|0.4564
nfcorpus|bm25|optimal_global|rankgpt|0.3886
nfcorpus|bm25|optimal_global|setmaxheaptopk|0.474
nfcorpus|bm25|optimal_per_topic|judge|0.198
nfcorpus|bm25|optimal_per_topic|judge_expr|0.1872
nfcorpus|bm25|optimal_per_topic|rankgpt|0.1961
nfcorpus|bm25|optimal_per_topic|setmaxheaptopk|0.2147
nfcorpus|bm25|quantile|judge|0.528
nfcorpus|bm25|quantile|judge_expr|0.4468
nfcorpus|bm25|quantile|rankgpt|0.5063
nfcorpus|bm25|quantile|setmaxheaptopk|0.4857
nfcorpus|bm25|rank|judge|0.3625
nfcorpus|bm25|rank|judge_expr|0.3308
nfcorpus|bm25|rank|rankgpt|0.3208
nfcorpus|bm25|rank|setmaxheaptopk|0.3632
nfcorpus|bm25|thresholding|judge|0.5111
nfcorpus|bm25|thresholding|judge_expr|0.4914
nfcorpus|bm25|thresholding|rankgpt|0.0
nfcorpus|bm25|thresholding|setmaxheaptopk|0.0
nfcorpus|bm25+judge|direct|judge|0.6383
nfcorpus|bm25+judge|direct|judge_expr|0.6606
nfcorpus|bm25+judge|direct|rankgpt|0.4298
nfcorpus|bm25+judge|direct|setmaxheaptopk|0.4453
nfcorpus|bm25+judge|largest_gap|judge|0.7033
nfcorpus|bm25+judge|largest_gap|judge_expr|0.6869
nfcorpus|bm25+judge|largest_gap|rankgpt|0.4298
nfcorpus|bm25+judge|largest_gap|setmaxheaptopk|0.4453
nfcorpus|bm25+judge|optimal_global|judge|0.6548
nfcorpus|bm25+judge|optimal_global|judge_expr|0.6021
nfcorpus|bm25+judge|optimal_global|rankgpt|0.3684
nfcorpus|bm25+judge|optimal_global|setmaxheaptopk|0.4322
nfcorpus|bm25+judge|optimal_per_topic|judge|0.2794
nfcorpus|bm25+judge|optimal_per_topic|judge_expr|0.2393
nfcorpus|bm25+judge|optimal_per_topic|rankgpt|0.2124
nfcorpus|bm25+judge|optimal_per_topic|setmaxheaptopk|0.2215
nfcorpus|bm25+judge|quantile|judge|0.5825
nfcorpus|bm25+judge|quantile|judge_expr|0.5504
nfcorpus|bm25+judge|quantile|rankgpt|0.4551
nfcorpus|bm25+judge|quantile|setmaxheaptopk|0.4456
nfcorpus|bm25+judge|rank|judge|0.4678
nfcorpus|bm25+judge|rank|judge_expr|0.4555
nfcorpus|bm25+judge|rank|rankgpt|0.3074
nfcorpus|bm25+judge|rank|setmaxheaptopk|0.3444
nfcorpus|bm25+judge|thresholding|judge|0.6654
nfcorpus|bm25+judge|thresholding|judge_expr|0.6464
nfcorpus|bm25+judge|thresholding|rankgpt|0.0
nfcorpus|bm25+judge|thresholding|setmaxheaptopk|0.0
nfcorpus|bm25+judge_expr|direct|judge|0.6582
nfcorpus|bm25+judge_expr|direct|judge_expr|0.6914
nfcorpus|bm25+judge_expr|direct|rankgpt|0.497
nfcorpus|bm25+judge_expr|direct|setmaxheaptopk|0.5186
nfcorpus|bm25+judge_expr|largest_gap|judge|0.7211
nfcorpus|bm25+judge_expr|largest_gap|judge_expr|0.7183
nfcorpus|bm25+judge_expr|largest_gap|rankgpt|0.497
nfcorpus|bm25+judge_expr|largest_gap|setmaxheaptopk|0.5186
nfcorpus|bm25+judge_expr|optimal_global|judge|0.6743
nfcorpus|bm25+judge_expr|optimal_global|judge_expr|0.635
nfcorpus|bm25+judge_expr|optimal_global|rankgpt|0.4216
nfcorpus|bm25+judge_expr|optimal_global|setmaxheaptopk|0.503
nfcorpus|bm25+judge_expr|optimal_per_topic|judge|0.2906
nfcorpus|bm25+judge_expr|optimal_per_topic|judge_expr|0.2908
nfcorpus|bm25+judge_expr|optimal_per_topic|rankgpt|0.2349
nfcorpus|bm25+judge_expr|optimal_per_topic|setmaxheaptopk|0.2447
nfcorpus|bm25+judge_expr|quantile|judge|0.6095
nfcorpus|bm25+judge_expr|quantile|judge_expr|0.6056
nfcorpus|bm25+judge_expr|quantile|rankgpt|0.4922
nfcorpus|bm25+judge_expr|quantile|setmaxheaptopk|0.4871
nfcorpus|bm25+judge_expr|rank|judge|0.4943
nfcorpus|bm25+judge_expr|rank|judge_expr|0.5551
nfcorpus|bm25+judge_expr|rank|rankgpt|0.3483
nfcorpus|bm25+judge_expr|rank|setmaxheaptopk|0.3853
nfcorpus|bm25+judge_expr|thresholding|judge|0.6846
nfcorpus|bm25+judge_expr|thresholding|judge_expr|0.6712
nfcorpus|bm25+judge_expr|thresholding|rankgpt|0.0
nfcorpus|bm25+judge_expr|thresholding|setmaxheaptopk|0.0
nfcorpus|bm25+point|direct|judge|0.5313
nfcorpus|bm25+point|direct|judge_expr|0.5304
nfcorpus|bm25+point|direct|rankgpt|0.4504
nfcorpus|bm25+point|direct|setmaxheaptopk|0.4766
nfcorpus|bm25+point|largest_gap|judge|0.5261
nfcorpus|bm25+point|largest_gap|judge_expr|0.5525
nfcorpus|bm25+point|largest_gap|rankgpt|0.4504
nfcorpus|bm25+point|largest_gap|setmaxheaptopk|0.4766
nfcorpus|bm25+point|optimal_global|judge|0.5235
nfcorpus|bm25+point|optimal_global|judge_expr|0.467
nfcorpus|bm25+point|optimal_global|rankgpt|0.3835
nfcorpus|bm25+point|optimal_global|setmaxheaptopk|0.4722
nfcorpus|bm25+point|optimal_per_topic|judge|0.2273
nfcorpus|bm25+point|optimal_per_topic|judge_expr|0.2152
nfcorpus|bm25+point|optimal_per_topic|rankgpt|0.2261
nfcorpus|bm25+point|optimal_per_topic|setmaxheaptopk|0.2436
nfcorpus|bm25+point|quantile|judge|0.5202
nfcorpus|bm25+point|quantile|judge_expr|0.4668
nfcorpus|bm25+point|quantile|rankgpt|0.4596
nfcorpus|bm25+point|quantile|setmaxheaptopk|0.4603
nfcorpus|bm25+point|rank|judge|0.3654
nfcorpus|bm25+point|rank|judge_expr|0.3575
nfcorpus|bm25+point|rank|rankgpt|0.3147
nfcorpus|bm25+point|rank|setmaxheaptopk|0.3691
nfcorpus|bm25+point|thresholding|judge|0.5433
nfcorpus|bm25+point|thresholding|judge_expr|0.5187
nfcorpus|bm25+point|thresholding|rankgpt|0.0
nfcorpus|bm25+point|thresholding|setmaxheaptopk|0.0
nfcorpus|bm25+rankfirst|direct|judge|0.5904
nfcorpus|bm25+rankfirst|direct|judge_expr|0.5886
nfcorpus|bm25+rankfirst|direct|rankgpt|0.5654
nfcorpus|bm25+rankfirst|direct|setmaxheaptopk|0.6175
nfcorpus|bm25+rankfirst|largest_gap|judge|0.591
nfcorpus|bm25+rankfirst|largest_gap|judge_expr|0.6123
nfcorpus|bm25+rankfirst|largest_gap|rankgpt|0.5654
nfcorpus|bm25+rankfirst|largest_gap|setmaxheaptopk|0.6175
nfcorpus|bm25+rankfirst|optimal_global|judge|0.5833
nfcorpus|bm25+rankfirst|optimal_global|judge_expr|0.5389
nfcorpus|bm25+rankfirst|optimal_global|rankgpt|0.4766
nfcorpus|bm25+rankfirst|optimal_global|setmaxheaptopk|0.5892
nfcorpus|bm25+rankfirst|optimal_per_topic|judge|0.251
nfcorpus|bm25+rankfirst|optimal_per_topic|judge_expr|0.2414
nfcorpus|bm25+rankfirst|optimal_per_topic|rankgpt|0.2572
nfcorpus|bm25+rankfirst|optimal_per_topic|setmaxheaptopk|0.2799
nfcorpus|bm25+rankfirst|quantile|judge|0.5898
nfcorpus|bm25+rankfirst|quantile|judge_expr|0.5233
nfcorpus|bm25+rankfirst|quantile|rankgpt|0.5556
nfcorpus|bm25+rankfirst|quantile|setmaxheaptopk|0.545
nfcorpus|bm25+rankfirst|rank|judge|0.4277
nfcorpus|bm25+rankfirst|rank|judge_expr|0.4048
nfcorpus|bm25+rankfirst|rank|rankgpt|0.381
nfcorpus|bm25+rankfirst|rank|setmaxheaptopk|0.4419
nfcorpus|bm25+rankfirst|thresholding|judge|0.5952
nfcorpus|bm25+rankfirst|thresholding|judge_expr|0.5775
nfcorpus|bm25+rankfirst|thresholding|rankgpt|0.0
nfcorpus|bm25+rankfirst|thresholding|setmaxheaptopk|0.0
nfcorpus|bm25+rankgpt|direct|judge|0.528
nfcorpus|bm25+rankgpt|direct|judge_expr|0.5314
nfcorpus|bm25+rankgpt|direct|rankgpt|0.5218
nfcorpus|bm25+rankgpt|direct|setmaxheaptopk|0.5364
nfcorpus|bm25+rankgpt|largest_gap|judge|0.5387
nfcorpus|bm25+rankgpt|largest_gap|judge_expr|0.545
nfcorpus|bm25+rankgpt|largest_gap|rankgpt|0.5218
nfcorpus|bm25+rankgpt|largest_gap|setmaxheaptopk|0.5364
nfcorpus|bm25+rankgpt|optimal_global|judge|0.5253
nfcorpus|bm25+rankgpt|optimal_global|judge_expr|0.4963
nfcorpus|bm25+rankgpt|optimal_global|rankgpt|0.4456
nfcorpus|bm25+rankgpt|optimal_global|setmaxheaptopk|0.4972
nfcorpus|bm25+rankgpt|optimal_per_topic|judge|0.2142
nfcorpus|bm25+rankgpt|optimal_per_topic|judge_expr|0.2061
nfcorpus|bm25+rankgpt|optimal_per_topic|rankgpt|0.2298
nfcorpus|bm25+rankgpt|optimal_per_topic|setmaxheaptopk|0.2358
nfcorpus|bm25+rankgpt|quantile|judge|0.5177
nfcorpus|bm25+rankgpt|quantile|judge_expr|0.462
nfcorpus|bm25+rankgpt|quantile|rankgpt|0.4919
nfcorpus|bm25+rankgpt|quantile|setmaxheaptopk|0.4742
nfcorpus|bm25+rankgpt|rank|judge|0.3691
nfcorpus|bm25+rankgpt|rank|judge_expr|0.3504
nfcorpus|bm25+rankgpt|rank|rankgpt|0.3563
nfcorpus|bm25+rankgpt|rank|setmaxheaptopk|0.377
nfcorpus|bm25+rankgpt|thresholding|judge|0.533
nfcorpus|bm25+rankgpt|thresholding|judge_expr|0.5172
nfcorpus|bm25+rankgpt|thresholding|rankgpt|0.0
nfcorpus|bm25+rankgpt|thresholding|setmaxheaptopk|0.0
nfcorpus|bm25+rankzephyr|direct|judge|0.509
nfcorpus|bm25+rankzephyr|direct|judge_expr|0.4984
nfcorpus|bm25+rankzephyr|direct|rankgpt|0.455
nfcorpus|bm25+rankzephyr|largest_gap|judge|0.5053
nfcorpus|bm25+rankzephyr|largest_gap|judge_expr|0.518
nfcorpus|bm25+rankzephyr|largest_gap|rankgpt|0.455
nfcorpus|bm25+rankzephyr|optimal_global|judge|0.4936
nfcorpus|bm25+rankzephyr|optimal_global|judge_expr|0.4532
nfcorpus|bm25+rankzephyr|optimal_global|rankgpt|0.3836
nfcorpus|bm25+rankzephyr|optimal_per_topic|judge|0.1935
nfcorpus|bm25+rankzephyr|optimal_per_topic|judge_expr|0.1849
nfcorpus|bm25+rankzephyr|optimal_per_topic|rankgpt|0.1951
nfcorpus|bm25+rankzephyr|quantile|judge|0.5215
nfcorpus|bm25+rankzephyr|quantile|judge_expr|0.4408
nfcorpus|bm25+rankzephyr|quantile|rankgpt|0.5011
nfcorpus|bm25+rankzephyr|rank|judge|0.3569
nfcorpus|bm25+rankzephyr|rank|judge_expr|0.3256
nfcorpus|bm25+rankzephyr|rank|rankgpt|0.3185
nfcorpus|bm25+rankzephyr|thresholding|judge|0.5053
nfcorpus|bm25+rankzephyr|thresholding|judge_expr|0.4875
nfcorpus|bm25+rankzephyr|thresholding|rankgpt|0.0
nfcorpus|bm25+setmaxheaptopk|direct|judge|0.5586
nfcorpus|bm25+setmaxheaptopk|direct|judge_expr|0.5661
nfcorpus|bm25+setmaxheaptopk|direct|rankgpt|0.5556
nfcorpus|bm25+setmaxheaptopk|direct|setmaxheaptopk|0.5911
nfcorpus|bm25+setmaxheaptopk|largest_gap|judge|0.5767
nfcorpus|bm25+setmaxheaptopk|largest_gap|judge_expr|0.5911
nfcorpus|bm25+setmaxheaptopk|largest_gap|rankgpt|0.5556
nfcorpus|bm25+setmaxheaptopk|largest_gap|setmaxheaptopk|0.5911
nfcorpus|bm25+setmaxheaptopk|optimal_global|judge|0.564
nfcorpus|bm25+setmaxheaptopk|optimal_global|judge_expr|0.5274
nfcorpus|bm25+setmaxheaptopk|optimal_global|rankgpt|0.458
nfcorpus|bm25+setmaxheaptopk|optimal_global|setmaxheaptopk|0.5639
nfcorpus|bm25+setmaxheaptopk|optimal_per_topic|judge|0.2448
nfcorpus|bm25+setmaxheaptopk|optimal_per_topic|judge_expr|0.2382
nfcorpus|bm25+setmaxheaptopk|optimal_per_topic|rankgpt|0.2539
nfcorpus|bm25+setmaxheaptopk|optimal_per_topic|setmaxheaptopk|0.2763
nfcorpus|bm25+setmaxheaptopk|quantile|judge|0.5394
nfcorpus|bm25+setmaxheaptopk|quantile|judge_expr|0.4883
nfcorpus|bm25+setmaxheaptopk|quantile|rankgpt|0.5088
nfcorpus|bm25+setmaxheaptopk|quantile|setmaxheaptopk|0.5101
nfcorpus|bm25+setmaxheaptopk|rank|judge|0.4032
nfcorpus|bm25+setmaxheaptopk|rank|judge_expr|0.381
nfcorpus|bm25+setmaxheaptopk|rank|rankgpt|0.365
nfcorpus|bm25+setmaxheaptopk|rank|setmaxheaptopk|0.431
nfcorpus|bm25+setmaxheaptopk|thresholding|judge|0.5749
nfcorpus|bm25+setmaxheaptopk|thresholding|judge_expr|0.5585
nfcorpus|bm25+setmaxheaptopk|thresholding|rankgpt|0.0
nfcorpus|bm25+setmaxheaptopk|thresholding|setmaxheaptopk|0.0
nfcorpus|colbert-small|direct|judge|0.5465
nfcorpus|colbert-small|direct|judge_expr|0.5122
nfcorpus|colbert-small|direct|rankgpt|0.4753
nfcorpus|colbert-small|direct|setmaxheaptopk|0.5156
nfcorpus|colbert-small|largest_gap|judge|0.5086
nfcorpus|colbert-small|largest_gap|judge_expr|0.5354
nfcorpus|colbert-small|largest_gap|rankgpt|0.4753
nfcorpus|colbert-small|largest_gap|setmaxheaptopk|0.5156
nfcorpus|colbert-small|optimal_global|judge|0.5123
nfcorpus|colbert-small|optimal_global|judge_expr|0.4675
nfcorpus|colbert-small|optimal_global|rankgpt|0.4026
nfcorpus|colbert-small|optimal_global|setmaxheaptopk|0.4961
nfcorpus|colbert-small|optimal_per_topic|judge|0.2191
nfcorpus|colbert-small|optimal_per_topic|judge_expr|0.2088
nfcorpus|colbert-small|optimal_per_topic|rankgpt|0.2245
nfcorpus|colbert-small|optimal_per_topic|setmaxheaptopk|0.2397
nfcorpus|colbert-small|quantile|judge|0.5943
nfcorpus|colbert-small|quantile|judge_expr|0.4972
nfcorpus|colbert-small|quantile|rankgpt|0.5466
nfcorpus|colbert-small|quantile|setmaxheaptopk|0.5218
nfcorpus|colbert-small|rank|judge|0.3992
nfcorpus|colbert-small|rank|judge_expr|0.3603
nfcorpus|colbert-small|rank|rankgpt|0.3373
nfcorpus|colbert-small|rank|setmaxheaptopk|0.3882
nfcorpus|colbert-small|thresholding|judge|0.5213
nfcorpus|colbert-small|thresholding|judge_expr|0.5096
nfcorpus|colbert-small|thresholding|rankgpt|0.0
nfcorpus|colbert-small|thresholding|setmaxheaptopk|0.0
nfcorpus|colbert-small+judge|direct|judge|0.6875
nfcorpus|colbert-small+judge|direct|judge_expr|0.6966
nfcorpus|colbert-small+judge|direct|rankgpt|0.4258
nfcorpus|colbert-small+judge|direct|setmaxheaptopk|0.435
nfcorpus|colbert-small+judge|largest_gap|judge|0.7493
nfcorpus|colbert-small+judge|largest_gap|judge_expr|0.7375
nfcorpus|colbert-small+judge|largest_gap|rankgpt|0.4258
nfcorpus|colbert-small+judge|largest_gap|setmaxheaptopk|0.435
nfcorpus|colbert-small+judge|optimal_global|judge|0.6912
nfcorpus|colbert-small+judge|optimal_global|judge_expr|0.6384
nfcorpus|colbert-small+judge|optimal_global|rankgpt|0.3767
nfcorpus|colbert-small+judge|optimal_global|setmaxheaptopk|0.4271
nfcorpus|colbert-small+judge|optimal_per_topic|judge|0.2916
nfcorpus|colbert-small+judge|optimal_per_topic|judge_expr|0.2472
nfcorpus|colbert-small+judge|optimal_per_topic|rankgpt|0.2108
nfcorpus|colbert-small+judge|optimal_per_topic|setmaxheaptopk|0.2221
nfcorpus|colbert-small+judge|quantile|judge|0.6239
nfcorpus|colbert-small+judge|quantile|judge_expr|0.592
nfcorpus|colbert-small+judge|quantile|rankgpt|0.4686
nfcorpus|colbert-small+judge|quantile|setmaxheaptopk|0.457
nfcorpus|colbert-small+judge|rank|judge|0.5
nfcorpus|colbert-small+judge|rank|judge_expr|0.4958
nfcorpus|colbert-small+judge|rank|rankgpt|0.31
nfcorpus|colbert-small+judge|rank|setmaxheaptopk|0.3478
nfcorpus|colbert-small+judge|thresholding|judge|0.7078
nfcorpus|colbert-small+judge|thresholding|judge_expr|0.6823
nfcorpus|colbert-small+judge|thresholding|rankgpt|0.0
nfcorpus|colbert-small+judge|thresholding|setmaxheaptopk|0.0
nfcorpus|colbert-small+judge_expr|direct|judge|0.7108
nfcorpus|colbert-small+judge_expr|direct|judge_expr|0.7265
nfcorpus|colbert-small+judge_expr|direct|rankgpt|0.5032
nfcorpus|colbert-small+judge_expr|direct|setmaxheaptopk|0.5118
nfcorpus|colbert-small+judge_expr|largest_gap|judge|0.7745
nfcorpus|colbert-small+judge_expr|largest_gap|judge_expr|0.7767
nfcorpus|colbert-small+judge_expr|largest_gap|rankgpt|0.5032
nfcorpus|colbert-small+judge_expr|largest_gap|setmaxheaptopk|0.5118
nfcorpus|colbert-small+judge_expr|optimal_global|judge|0.7096
nfcorpus|colbert-small+judge_expr|optimal_global|judge_expr|0.6718
nfcorpus|colbert-small+judge_expr|optimal_global|rankgpt|0.4385
nfcorpus|colbert-small+judge_expr|optimal_global|setmaxheaptopk|0.5084
nfcorpus|colbert-small+judge_expr|optimal_per_topic|judge|0.3073
nfcorpus|colbert-small+judge_expr|optimal_per_topic|judge_expr|0.3062
nfcorpus|colbert-small+judge_expr|optimal_per_topic|rankgpt|0.2379
nfcorpus|colbert-small+judge_expr|optimal_per_topic|setmaxheaptopk|0.2496
nfcorpus|colbert-small+judge_expr|quantile|judge|0.6643
nfcorpus|colbert-small+judge_expr|quantile|judge_expr|0.6648
nfcorpus|colbert-small+judge_expr|quantile|rankgpt|0.5218
nfcorpus|colbert-small+judge_expr|quantile|setmaxheaptopk|0.5136
nfcorpus|colbert-small+judge_expr|rank|judge|0.5488
nfcorpus|colbert-small+judge_expr|rank|judge_expr|0.6404
nfcorpus|colbert-small+judge_expr|rank|rankgpt|0.3642
nfcorpus|colbert-small+judge_expr|rank|setmaxheaptopk|0.4031
nfcorpus|colbert-small+judge_expr|thresholding|judge|0.7256
nfcorpus|colbert-small+judge_expr|thresholding|judge_expr|0.705
nfcorpus|colbert-small+judge_expr|thresholding|rankgpt|0.0
nfcorpus|colbert-small+judge_expr|thresholding|setmaxheaptopk|0.0
nfcorpus|colbert-small+point|direct|judge|0.5639
nfcorpus|colbert-small+point|direct|judge_expr|0.5543
nfcorpus|colbert-small+point|direct|rankgpt|0.4707
nfcorpus|colbert-small+point|direct|setmaxheaptopk|0.4812
nfcorpus|colbert-small+point|largest_gap|judge|0.5477
nfcorpus|colbert-small+point|largest_gap|judge_expr|0.5788
nfcorpus|colbert-small+point|largest_gap|rankgpt|0.4707
nfcorpus|colbert-small+point|largest_gap|setmaxheaptopk|0.4812
nfcorpus|colbert-small+point|optimal_global|judge|0.5471
nfcorpus|colbert-small+point|optimal_global|judge_expr|0.4934
nfcorpus|colbert-small+point|optimal_global|rankgpt|0.3992
nfcorpus|colbert-small+point|optimal_global|setmaxheaptopk|0.4843
nfcorpus|colbert-small+point|optimal_per_topic|judge|0.231
nfcorpus|colbert-small+point|optimal_per_topic|judge_expr|0.2211
nfcorpus|colbert-small+point|optimal_per_topic|rankgpt|0.2305
nfcorpus|colbert-small+point|optimal_per_topic|setmaxheaptopk|0.2514
nfcorpus|colbert-small+point|quantile|judge|0.5619
nfcorpus|colbert-small+point|quantile|judge_expr|0.5004
nfcorpus|colbert-small+point|quantile|rankgpt|0.4842
nfcorpus|colbert-small+point|quantile|setmaxheaptopk|0.4883
nfcorpus|colbert-small+point|rank|judge|0.3918
nfcorpus|colbert-small+point|rank|judge_expr|0.3813
nfcorpus|colbert-small+point|rank|rankgpt|0.3279
nfcorpus|colbert-small+point|rank|setmaxheaptopk|0.3905
nfcorpus|colbert-small+point|thresholding|judge|0.5691
nfcorpus|colbert-small+point|thresholding|judge_expr|0.5417
nfcorpus|colbert-small+point|thresholding|rankgpt|0.0
nfcorpus|colbert-small+point|thresholding|setmaxheaptopk|0.0
nfcorpus|colbert-small+rankfirst|direct|judge|0.6341
nfcorpus|colbert-small+rankfirst|direct|judge_expr|0.6157
nfcorpus|colbert-small+rankfirst|direct|rankgpt|0.6047
nfcorpus|colbert-small+rankfirst|direct|setmaxheaptopk|0.6302
nfcorpus|colbert-small+rankfirst|largest_gap|judge|0.6144
nfcorpus|colbert-small+rankfirst|largest_gap|judge_expr|0.6422
nfcorpus|colbert-small+rankfirst|largest_gap|rankgpt|0.6047
nfcorpus|colbert-small+rankfirst|largest_gap|setmaxheaptopk|0.6302
nfcorpus|colbert-small+rankfirst|optimal_global|judge|0.6137
nfcorpus|colbert-small+rankfirst|optimal_global|judge_expr|0.5649
nfcorpus|colbert-small+rankfirst|optimal_global|rankgpt|0.5093
nfcorpus|colbert-small+rankfirst|optimal_global|setmaxheaptopk|0.6139
nfcorpus|colbert-small+rankfirst|optimal_per_topic|judge|0.2589
nfcorpus|colbert-small+rankfirst|optimal_per_topic|judge_expr|0.2464
nfcorpus|colbert-small+rankfirst|optimal_per_topic|rankgpt|0.2698
nfcorpus|colbert-small+rankfirst|optimal_per_topic|setmaxheaptopk|0.2846
nfcorpus|colbert-small+rankfirst|quantile|judge|0.6639
nfcorpus|colbert-small+rankfirst|quantile|judge_expr|0.5778
nfcorpus|colbert-small+rankfirst|quantile|rankgpt|0.605
nfcorpus|colbert-small+rankfirst|quantile|setmaxheaptopk|0.5901
nfcorpus|colbert-small+rankfirst|rank|judge|0.4672
nfcorpus|colbert-small+rankfirst|rank|judge_expr|0.4414
nfcorpus|colbert-small+rankfirst|rank|rankgpt|0.4125
nfcorpus|colbert-small+rankfirst|rank|setmaxheaptopk|0.4739
nfcorpus|colbert-small+rankfirst|thresholding|judge|0.6232
nfcorpus|colbert-small+rankfirst|thresholding|judge_expr|0.6119
nfcorpus|colbert-small+rankfirst|thresholding|rankgpt|0.0
nfcorpus|colbert-small+rankfirst|thresholding|setmaxheaptopk|0.0
nfcorpus|colbert-small+rankgpt|direct|judge|0.5713
nfcorpus|colbert-small+rankgpt|direct|judge_expr|0.5596
nfcorpus|colbert-small+rankgpt|direct|rankgpt|0.5889
nfcorpus|colbert-small+rankgpt|direct|setmaxheaptopk|0.5682
nfcorpus|colbert-small+rankgpt|largest_gap|judge|0.552
nfcorpus|colbert-small+rankgpt|largest_gap|judge_expr|0.5776
nfcorpus|colbert-small+rankgpt|largest_gap|rankgpt|0.5889
nfcorpus|colbert-small+rankgpt|largest_gap|setmaxheaptopk|0.5682
nfcorpus|colbert-small+rankgpt|optimal_global|judge|0.5591
nfcorpus|colbert-small+rankgpt|optimal_global|judge_expr|0.5199
nfcorpus|colbert-small+rankgpt|optimal_global|rankgpt|0.4901
nfcorpus|colbert-small+rankgpt|optimal_global|setmaxheaptopk|0.5445
nfcorpus|colbert-small+rankgpt|optimal_per_topic|judge|0.2298
nfcorpus|colbert-small+rankgpt|optimal_per_topic|judge_expr|0.2245
nfcorpus|colbert-small+rankgpt|optimal_per_topic|rankgpt|0.265
nfcorpus|colbert-small+rankgpt|optimal_per_topic|setmaxheaptopk|0.2579
nfcorpus|colbert-small+rankgpt|quantile|judge|0.6045
nfcorpus|colbert-small+rankgpt|quantile|judge_expr|0.5185
nfcorpus|colbert-small+rankgpt|quantile|rankgpt|0.5448
nfcorpus|colbert-small+rankgpt|quantile|setmaxheaptopk|0.5153
nfcorpus|colbert-small+rankgpt|rank|judge|0.4085
nfcorpus|colbert-small+rankgpt|rank|judge_expr|0.3868
nfcorpus|colbert-small+rankgpt|rank|rankgpt|0.4011
nfcorpus|colbert-small+rankgpt|rank|setmaxheaptopk|0.4091
nfcorpus|colbert-small+rankgpt|thresholding|judge|0.5637
nfcorpus|colbert-small+rankgpt|thresholding|judge_expr|0.5509
nfcorpus|colbert-small+rankgpt|thresholding|rankgpt|0.0
nfcorpus|colbert-small+rankgpt|thresholding|setmaxheaptopk|0.0
nfcorpus|colbert-small+rankzephyr|direct|judge|0.5391
nfcorpus|colbert-small+rankzephyr|direct|judge_expr|0.5013
nfcorpus|colbert-small+rankzephyr|direct|rankgpt|0.4629
nfcorpus|colbert-small+rankzephyr|largest_gap|judge|0.5002
nfcorpus|colbert-small+rankzephyr|largest_gap|judge_expr|0.5257
nfcorpus|colbert-small+rankzephyr|largest_gap|rankgpt|0.4629
nfcorpus|colbert-small+rankzephyr|optimal_global|judge|0.5018
nfcorpus|colbert-small+rankzephyr|optimal_global|judge_expr|0.4547
nfcorpus|colbert-small+rankzephyr|optimal_global|rankgpt|0.3927
nfcorpus|colbert-small+rankzephyr|optimal_per_topic|judge|0.2145
nfcorpus|colbert-small+rankzephyr|optimal_per_topic|judge_expr|0.204
nfcorpus|colbert-small+rankzephyr|optimal_per_topic|rankgpt|0.2198
nfcorpus|colbert-small+rankzephyr|quantile|judge|0.5946
nfcorpus|colbert-small+rankzephyr|quantile|judge_expr|0.4948
nfcorpus|colbert-small+rankzephyr|quantile|rankgpt|0.5436
nfcorpus|colbert-small+rankzephyr|rank|judge|0.3965
nfcorpus|colbert-small+rankzephyr|rank|judge_expr|0.3535
nfcorpus|colbert-small+rankzephyr|rank|rankgpt|0.3319
nfcorpus|colbert-small+rankzephyr|thresholding|judge|0.5092
nfcorpus|colbert-small+rankzephyr|thresholding|judge_expr|0.4989
nfcorpus|colbert-small+rankzephyr|thresholding|rankgpt|0.0
nfcorpus|colbert-small+setmaxheaptopk|direct|judge|0.5889
nfcorpus|colbert-small+setmaxheaptopk|direct|judge_expr|0.5927
nfcorpus|colbert-small+setmaxheaptopk|direct|rankgpt|0.6001
nfcorpus|colbert-small+setmaxheaptopk|direct|setmaxheaptopk|0.6205
nfcorpus|colbert-small+setmaxheaptopk|largest_gap|judge|0.5998
nfcorpus|colbert-small+setmaxheaptopk|largest_gap|judge_expr|0.6236
nfcorpus|colbert-small+setmaxheaptopk|largest_gap|rankgpt|0.6001
nfcorpus|colbert-small+setmaxheaptopk|largest_gap|setmaxheaptopk|0.6205
nfcorpus|colbert-small+setmaxheaptopk|optimal_global|judge|0.5939
nfcorpus|colbert-small+setmaxheaptopk|optimal_global|judge_expr|0.5505
nfcorpus|colbert-small+setmaxheaptopk|optimal_global|rankgpt|0.4871
nfcorpus|colbert-small+setmaxheaptopk|optimal_global|setmaxheaptopk|0.6031
nfcorpus|colbert-small+setmaxheaptopk|optimal_per_topic|judge|0.2503
nfcorpus|colbert-small+setmaxheaptopk|optimal_per_topic|judge_expr|0.2409
nfcorpus|colbert-small+setmaxheaptopk|optimal_per_topic|rankgpt|0.2675
nfcorpus|colbert-small+setmaxheaptopk|optimal_per_topic|setmaxheaptopk|0.2925
nfcorpus|colbert-small+setmaxheaptopk|quantile|judge|0.5784
nfcorpus|colbert-small+setmaxheaptopk|quantile|judge_expr|0.5142
nfcorpus|colbert-small+setmaxheaptopk|quantile|rankgpt|0.5407
nfcorpus|colbert-small+setmaxheaptopk|quantile|setmaxheaptopk|0.5435
nfcorpus|colbert-small+setmaxheaptopk|rank|judge|0.4346
nfcorpus|colbert-small+setmaxheaptopk|rank|judge_expr|0.407
nfcorpus|colbert-small+setmaxheaptopk|rank|rankgpt|0.3868
nfcorpus|colbert-small+setmaxheaptopk|rank|setmaxheaptopk|0.4584
nfcorpus|colbert-small+setmaxheaptopk|thresholding|judge|0.6044
nfcorpus|colbert-small+setmaxheaptopk|thresholding|judge_expr|0.5868
nfcorpus|colbert-small+setmaxheaptopk|thresholding|rankgpt|0.0
nfcorpus|colbert-small+setmaxheaptopk|thresholding|setmaxheaptopk|0.0
nfcorpus|nomicai-modernbert-embed|direct|judge|0.6206
nfcorpus|nomicai-modernbert-embed|direct|judge_expr|0.5536
nfcorpus|nomicai-modernbert-embed|direct|rankgpt|0.5923
nfcorpus|nomicai-modernbert-embed|direct|setmaxheaptopk|0.7433
nfcorpus|nomicai-modernbert-embed|largest_gap|judge|0.5585
nfcorpus|nomicai-modernbert-embed|largest_gap|judge_expr|0.5753
nfcorpus|nomicai-modernbert-embed|largest_gap|rankgpt|0.5923
nfcorpus|nomicai-modernbert-embed|largest_gap|setmaxheaptopk|0.7433
nfcorpus|nomicai-modernbert-embed|optimal_global|judge|0.5612
nfcorpus|nomicai-modernbert-embed|optimal_global|judge_expr|0.5152
nfcorpus|nomicai-modernbert-embed|optimal_global|rankgpt|0.5072
nfcorpus|nomicai-modernbert-embed|optimal_global|setmaxheaptopk|0.6517
nfcorpus|nomicai-modernbert-embed|optimal_per_topic|judge|0.2433
nfcorpus|nomicai-modernbert-embed|optimal_per_topic|judge_expr|0.2312
nfcorpus|nomicai-modernbert-embed|optimal_per_topic|rankgpt|0.2679
nfcorpus|nomicai-modernbert-embed|optimal_per_topic|setmaxheaptopk|0.2781
nfcorpus|nomicai-modernbert-embed|quantile|judge|0.8263
nfcorpus|nomicai-modernbert-embed|quantile|judge_expr|0.5988
nfcorpus|nomicai-modernbert-embed|quantile|rankgpt|1.0
nfcorpus|nomicai-modernbert-embed|quantile|setmaxheaptopk|0.8564
nfcorpus|nomicai-modernbert-embed|rank|judge|0.5788
nfcorpus|nomicai-modernbert-embed|rank|judge_expr|0.4101
nfcorpus|nomicai-modernbert-embed|rank|rankgpt|0.4518
nfcorpus|nomicai-modernbert-embed|rank|setmaxheaptopk|0.4852
nfcorpus|nomicai-modernbert-embed|thresholding|judge|0.5614
nfcorpus|nomicai-modernbert-embed|thresholding|judge_expr|0.5579
nfcorpus|nomicai-modernbert-embed|thresholding|rankgpt|0.0
nfcorpus|nomicai-modernbert-embed|thresholding|setmaxheaptopk|0.0
nfcorpus|nomicai-modernbert-embed+judge|direct|judge|0.9938
nfcorpus|nomicai-modernbert-embed+judge|direct|judge_expr|0.8728
nfcorpus|nomicai-modernbert-embed+judge|direct|rankgpt|0.4553
nfcorpus|nomicai-modernbert-embed+judge|direct|setmaxheaptopk|0.4623
nfcorpus|nomicai-modernbert-embed+judge|largest_gap|judge|0.9938
nfcorpus|nomicai-modernbert-embed+judge|largest_gap|judge_expr|0.9327
nfcorpus|nomicai-modernbert-embed+judge|largest_gap|rankgpt|0.4553
nfcorpus|nomicai-modernbert-embed+judge|largest_gap|setmaxheaptopk|0.4623
nfcorpus|nomicai-modernbert-embed+judge|optimal_global|judge|0.8483
nfcorpus|nomicai-modernbert-embed+judge|optimal_global|judge_expr|0.7694
nfcorpus|nomicai-modernbert-embed+judge|optimal_global|rankgpt|0.4122
nfcorpus|nomicai-modernbert-embed+judge|optimal_global|setmaxheaptopk|0.465
nfcorpus|nomicai-modernbert-embed+judge|optimal_per_topic|judge|0.3684
nfcorpus|nomicai-modernbert-embed+judge|optimal_per_topic|judge_expr|0.2829
nfcorpus|nomicai-modernbert-embed+judge|optimal_per_topic|rankgpt|0.2256
nfcorpus|nomicai-modernbert-embed+judge|optimal_per_topic|setmaxheaptopk|0.2383
nfcorpus|nomicai-modernbert-embed+judge|quantile|judge|1.0
nfcorpus|nomicai-modernbert-embed+judge|quantile|judge_expr|0.8847
nfcorpus|nomicai-modernbert-embed+judge|quantile|rankgpt|0.5896
nfcorpus|nomicai-modernbert-embed+judge|quantile|setmaxheaptopk|0.5765
nfcorpus|nomicai-modernbert-embed+judge|rank|judge|0.7154
nfcorpus|nomicai-modernbert-embed+judge|rank|judge_expr|0.688
nfcorpus|nomicai-modernbert-embed+judge|rank|rankgpt|0.3675
nfcorpus|nomicai-modernbert-embed+judge|rank|setmaxheaptopk|0.4013
nfcorpus|nomicai-modernbert-embed+judge|thresholding|judge|0.8793
nfcorpus|nomicai-modernbert-embed+judge|thresholding|judge_expr|0.8358
nfcorpus|nomicai-modernbert-embed+judge|thresholding|rankgpt|0.0
nfcorpus|nomicai-modernbert-embed+judge|thresholding|setmaxheaptopk|0.0
nfcorpus|nomicai-modernbert-embed+judge_expr|direct|judge|0.954
nfcorpus|nomicai-modernbert-embed+judge_expr|direct|judge_expr|0.8978
nfcorpus|nomicai-modernbert-embed+judge_expr|direct|rankgpt|0.5347
nfcorpus|nomicai-modernbert-embed+judge_expr|direct|setmaxheaptopk|0.5497
nfcorpus|nomicai-modernbert-embed+judge_expr|largest_gap|judge|0.9684
nfcorpus|nomicai-modernbert-embed+judge_expr|largest_gap|judge_expr|1.0
nfcorpus|nomicai-modernbert-embed+judge_expr|largest_gap|rankgpt|0.5347
nfcorpus|nomicai-modernbert-embed+judge_expr|largest_gap|setmaxheaptopk|0.5497
nfcorpus|nomicai-modernbert-embed+judge_expr|optimal_global|judge|0.8478
nfcorpus|nomicai-modernbert-embed+judge_expr|optimal_global|judge_expr|0.7926
nfcorpus|nomicai-modernbert-embed+judge_expr|optimal_global|rankgpt|0.4886
nfcorpus|nomicai-modernbert-embed+judge_expr|optimal_global|setmaxheaptopk|0.5553
nfcorpus|nomicai-modernbert-embed+judge_expr|optimal_per_topic|judge|0.366
nfcorpus|nomicai-modernbert-embed+judge_expr|optimal_per_topic|judge_expr|0.3684
nfcorpus|nomicai-modernbert-embed+judge_expr|optimal_per_topic|rankgpt|0.2508
nfcorpus|nomicai-modernbert-embed+judge_expr|optimal_per_topic|setmaxheaptopk|0.2612
nfcorpus|nomicai-modernbert-embed+judge_expr|quantile|judge|0.9963
nfcorpus|nomicai-modernbert-embed+judge_expr|quantile|judge_expr|1.0
nfcorpus|nomicai-modernbert-embed+judge_expr|quantile|rankgpt|0.6465
nfcorpus|nomicai-modernbert-embed+judge_expr|quantile|setmaxheaptopk|0.6309
nfcorpus|nomicai-modernbert-embed+judge_expr|rank|judge|0.716
nfcorpus|nomicai-modernbert-embed+judge_expr|rank|judge_expr|1.0
nfcorpus|nomicai-modernbert-embed+judge_expr|rank|rankgpt|0.4328
nfcorpus|nomicai-modernbert-embed+judge_expr|rank|setmaxheaptopk|0.4608
nfcorpus|nomicai-modernbert-embed+judge_expr|thresholding|judge|0.8777
nfcorpus|nomicai-modernbert-embed+judge_expr|thresholding|judge_expr|0.8421
nfcorpus|nomicai-modernbert-embed+judge_expr|thresholding|rankgpt|0.0
nfcorpus|nomicai-modernbert-embed+judge_expr|thresholding|setmaxheaptopk|0.0
nfcorpus|nomicai-modernbert-embed+point|direct|judge|0.7378
nfcorpus|nomicai-modernbert-embed+point|direct|judge_expr|0.6589
nfcorpus|nomicai-modernbert-embed+point|direct|rankgpt|0.5077
nfcorpus|nomicai-modernbert-embed+point|direct|setmaxheaptopk|0.528
nfcorpus|nomicai-modernbert-embed+point|largest_gap|judge|0.6569
nfcorpus|nomicai-modernbert-embed+point|largest_gap|judge_expr|0.6971
nfcorpus|nomicai-modernbert-embed+point|largest_gap|rankgpt|0.5077
nfcorpus|nomicai-modernbert-embed+point|largest_gap|setmaxheaptopk|0.528
nfcorpus|nomicai-modernbert-embed+point|optimal_global|judge|0.6405
nfcorpus|nomicai-modernbert-embed+point|optimal_global|judge_expr|0.5707
nfcorpus|nomicai-modernbert-embed+point|optimal_global|rankgpt|0.462
nfcorpus|nomicai-modernbert-embed+point|optimal_global|setmaxheaptopk|0.5464
nfcorpus|nomicai-modernbert-embed+point|optimal_per_topic|judge|0.2693
nfcorpus|nomicai-modernbert-embed+point|optimal_per_topic|judge_expr|0.2499
nfcorpus|nomicai-modernbert-embed+point|optimal_per_topic|rankgpt|0.2526
nfcorpus|nomicai-modernbert-embed+point|optimal_per_topic|setmaxheaptopk|0.2773
nfcorpus|nomicai-modernbert-embed+point|quantile|judge|0.8922
nfcorpus|nomicai-modernbert-embed+point|quantile|judge_expr|0.708
nfcorpus|nomicai-modernbert-embed+point|quantile|rankgpt|0.6325
nfcorpus|nomicai-modernbert-embed+point|quantile|setmaxheaptopk|0.6393
nfcorpus|nomicai-modernbert-embed+point|rank|judge|0.4905
nfcorpus|nomicai-modernbert-embed+point|rank|judge_expr|0.4926
nfcorpus|nomicai-modernbert-embed+point|rank|rankgpt|0.4056
nfcorpus|nomicai-modernbert-embed+point|rank|setmaxheaptopk|0.4728
nfcorpus|nomicai-modernbert-embed+point|thresholding|judge|0.6699
nfcorpus|nomicai-modernbert-embed+point|thresholding|judge_expr|0.6334
nfcorpus|nomicai-modernbert-embed+point|thresholding|rankgpt|0.0
nfcorpus|nomicai-modernbert-embed+point|thresholding|setmaxheaptopk|0.0
nfcorpus|nomicai-modernbert-embed+rankfirst|direct|judge|0.7369
nfcorpus|nomicai-modernbert-embed+rankfirst|direct|judge_expr|0.6734
nfcorpus|nomicai-modernbert-embed+rankfirst|direct|rankgpt|0.677
nfcorpus|nomicai-modernbert-embed+rankfirst|direct|setmaxheaptopk|0.7365
nfcorpus|nomicai-modernbert-embed+rankfirst|largest_gap|judge|0.6817
nfcorpus|nomicai-modernbert-embed+rankfirst|largest_gap|judge_expr|0.705
nfcorpus|nomicai-modernbert-embed+rankfirst|largest_gap|rankgpt|0.677
nfcorpus|nomicai-modernbert-embed+rankfirst|largest_gap|setmaxheaptopk|0.7365
nfcorpus|nomicai-modernbert-embed+rankfirst|optimal_global|judge|0.663
nfcorpus|nomicai-modernbert-embed+rankfirst|optimal_global|judge_expr|0.6043
nfcorpus|nomicai-modernbert-embed+rankfirst|optimal_global|rankgpt|0.5856
nfcorpus|nomicai-modernbert-embed+rankfirst|optimal_global|setmaxheaptopk|0.6906
nfcorpus|nomicai-modernbert-embed+rankfirst|optimal_per_topic|judge|0.2799
nfcorpus|nomicai-modernbert-embed+rankfirst|optimal_per_topic|judge_expr|0.2613
nfcorpus|nomicai-modernbert-embed+rankfirst|optimal_per_topic|rankgpt|0.2844
nfcorpus|nomicai-modernbert-embed+rankfirst|optimal_per_topic|setmaxheaptopk|0.3029
nfcorpus|nomicai-modernbert-embed+rankfirst|quantile|judge|0.8938
nfcorpus|nomicai-modernbert-embed+rankfirst|quantile|judge_expr|0.7085
nfcorpus|nomicai-modernbert-embed+rankfirst|quantile|rankgpt|0.8041
nfcorpus|nomicai-modernbert-embed+rankfirst|quantile|setmaxheaptopk|0.7699
nfcorpus|nomicai-modernbert-embed+rankfirst|rank|judge|0.5743
nfcorpus|nomicai-modernbert-embed+rankfirst|rank|judge_expr|0.5151
nfcorpus|nomicai-modernbert-embed+rankfirst|rank|rankgpt|0.493
nfcorpus|nomicai-modernbert-embed+rankfirst|rank|setmaxheaptopk|0.5444
nfcorpus|nomicai-modernbert-embed+rankfirst|thresholding|judge|0.6788
nfcorpus|nomicai-modernbert-embed+rankfirst|thresholding|judge_expr|0.6539
nfcorpus|nomicai-modernbert-embed+rankfirst|thresholding|rankgpt|0.0
nfcorpus|nomicai-modernbert-embed+rankfirst|thresholding|setmaxheaptopk|0.0
nfcorpus|nomicai-modernbert-embed+rankgpt|direct|judge|0.6687
nfcorpus|nomicai-modernbert-embed+rankgpt|direct|judge_expr|0.6113
nfcorpus|nomicai-modernbert-embed+rankgpt|direct|rankgpt|1.0
nfcorpus|nomicai-modernbert-embed+rankgpt|direct|setmaxheaptopk|0.7334
nfcorpus|nomicai-modernbert-embed+rankgpt|largest_gap|judge|0.6227
nfcorpus|nomicai-modernbert-embed+rankgpt|largest_gap|judge_expr|0.6465
nfcorpus|nomicai-modernbert-embed+rankgpt|largest_gap|rankgpt|1.0
nfcorpus|nomicai-modernbert-embed+rankgpt|largest_gap|setmaxheaptopk|0.7334
nfcorpus|nomicai-modernbert-embed+rankgpt|optimal_global|judge|0.6086
nfcorpus|nomicai-modernbert-embed+rankgpt|optimal_global|judge_expr|0.5531
nfcorpus|nomicai-modernbert-embed+rankgpt|optimal_global|rankgpt|1.0
nfcorpus|nomicai-modernbert-embed+rankgpt|optimal_global|setmaxheaptopk|0.6318
nfcorpus|nomicai-modernbert-embed+rankgpt|optimal_per_topic|judge|0.2519
nfcorpus|nomicai-modernbert-embed+rankgpt|optimal_per_topic|judge_expr|0.2345
nfcorpus|nomicai-modernbert-embed+rankgpt|optimal_per_topic|rankgpt|0.3684
nfcorpus|nomicai-modernbert-embed+rankgpt|optimal_per_topic|setmaxheaptopk|0.2799
nfcorpus|nomicai-modernbert-embed+rankgpt|quantile|judge|0.8512
nfcorpus|nomicai-modernbert-embed+rankgpt|quantile|judge_expr|0.6473
nfcorpus|nomicai-modernbert-embed+rankgpt|quantile|rankgpt|1.0
nfcorpus|nomicai-modernbert-embed+rankgpt|quantile|setmaxheaptopk|0.6799
nfcorpus|nomicai-modernbert-embed+rankgpt|rank|judge|0.4778
nfcorpus|nomicai-modernbert-embed+rankgpt|rank|judge_expr|0.4512
nfcorpus|nomicai-modernbert-embed+rankgpt|rank|rankgpt|1.0
nfcorpus|nomicai-modernbert-embed+rankgpt|rank|setmaxheaptopk|0.4888
nfcorpus|nomicai-modernbert-embed+rankgpt|thresholding|judge|0.6177
nfcorpus|nomicai-modernbert-embed+rankgpt|thresholding|judge_expr|0.5996
nfcorpus|nomicai-modernbert-embed+rankgpt|thresholding|rankgpt|0.0
nfcorpus|nomicai-modernbert-embed+rankgpt|thresholding|setmaxheaptopk|0.0
nfcorpus|nomicai-modernbert-embed+rankzephyr|direct|judge|0.6155
nfcorpus|nomicai-modernbert-embed+rankzephyr|direct|judge_expr|0.5471
nfcorpus|nomicai-modernbert-embed+rankzephyr|direct|rankgpt|0.5856
nfcorpus|nomicai-modernbert-embed+rankzephyr|largest_gap|judge|0.5502
nfcorpus|nomicai-modernbert-embed+rankzephyr|largest_gap|judge_expr|0.5663
nfcorpus|nomicai-modernbert-embed+rankzephyr|largest_gap|rankgpt|0.5856
nfcorpus|nomicai-modernbert-embed+rankzephyr|optimal_global|judge|0.5558
nfcorpus|nomicai-modernbert-embed+rankzephyr|optimal_global|judge_expr|0.508
nfcorpus|nomicai-modernbert-embed+rankzephyr|optimal_global|rankgpt|0.4997
nfcorpus|nomicai-modernbert-embed+rankzephyr|optimal_per_topic|judge|0.2401
nfcorpus|nomicai-modernbert-embed+rankzephyr|optimal_per_topic|judge_expr|0.2266
nfcorpus|nomicai-modernbert-embed+rankzephyr|optimal_per_topic|rankgpt|0.2641
nfcorpus|nomicai-modernbert-embed+rankzephyr|quantile|judge|0.8237
nfcorpus|nomicai-modernbert-embed+rankzephyr|quantile|judge_expr|0.5909
nfcorpus|nomicai-modernbert-embed+rankzephyr|quantile|rankgpt|0.9898
nfcorpus|nomicai-modernbert-embed+rankzephyr|rank|judge|0.5688
nfcorpus|nomicai-modernbert-embed+rankzephyr|rank|judge_expr|0.4057
nfcorpus|nomicai-modernbert-embed+rankzephyr|rank|rankgpt|0.4496
nfcorpus|nomicai-modernbert-embed+rankzephyr|thresholding|judge|0.5561
nfcorpus|nomicai-modernbert-embed+rankzephyr|thresholding|judge_expr|0.5527
nfcorpus|nomicai-modernbert-embed+rankzephyr|thresholding|rankgpt|0.0
nfcorpus|nomicai-modernbert-embed+setmaxheaptopk|direct|judge|0.6918
nfcorpus|nomicai-modernbert-embed+setmaxheaptopk|direct|judge_expr|0.663
nfcorpus|nomicai-modernbert-embed+setmaxheaptopk|direct|rankgpt|0.7397
nfcorpus|nomicai-modernbert-embed+setmaxheaptopk|direct|setmaxheaptopk|1.0
nfcorpus|nomicai-modernbert-embed+setmaxheaptopk|largest_gap|judge|0.6679
nfcorpus|nomicai-modernbert-embed+setmaxheaptopk|largest_gap|judge_expr|0.6929
nfcorpus|nomicai-modernbert-embed+setmaxheaptopk|largest_gap|rankgpt|0.7397
nfcorpus|nomicai-modernbert-embed+setmaxheaptopk|largest_gap|setmaxheaptopk|1.0
nfcorpus|nomicai-modernbert-embed+setmaxheaptopk|optimal_global|judge|0.6586
nfcorpus|nomicai-modernbert-embed+setmaxheaptopk|optimal_global|judge_expr|0.6066
nfcorpus|nomicai-modernbert-embed+setmaxheaptopk|optimal_global|rankgpt|0.5952
nfcorpus|nomicai-modernbert-embed+setmaxheaptopk|optimal_global|setmaxheaptopk|1.0
nfcorpus|nomicai-modernbert-embed+setmaxheaptopk|optimal_per_topic|judge|0.2732
nfcorpus|nomicai-modernbert-embed+setmaxheaptopk|optimal_per_topic|judge_expr|0.2591
nfcorpus|nomicai-modernbert-embed+setmaxheaptopk|optimal_per_topic|rankgpt|0.2927
nfcorpus|nomicai-modernbert-embed+setmaxheaptopk|optimal_per_topic|setmaxheaptopk|0.3684
nfcorpus|nomicai-modernbert-embed+setmaxheaptopk|quantile|judge|0.8593
nfcorpus|nomicai-modernbert-embed+setmaxheaptopk|quantile|judge_expr|0.6435
nfcorpus|nomicai-modernbert-embed+setmaxheaptopk|quantile|rankgpt|0.6985
nfcorpus|nomicai-modernbert-embed+setmaxheaptopk|quantile|setmaxheaptopk|1.0
nfcorpus|nomicai-modernbert-embed+setmaxheaptopk|rank|judge|0.4979
nfcorpus|nomicai-modernbert-embed+setmaxheaptopk|rank|judge_expr|0.4703
nfcorpus|nomicai-modernbert-embed+setmaxheaptopk|rank|rankgpt|0.4869
nfcorpus|nomicai-modernbert-embed+setmaxheaptopk|rank|setmaxheaptopk|1.0
nfcorpus|nomicai-modernbert-embed+setmaxheaptopk|thresholding|judge|0.6682
nfcorpus|nomicai-modernbert-embed+setmaxheaptopk|thresholding|judge_expr|0.6498
nfcorpus|nomicai-modernbert-embed+setmaxheaptopk|thresholding|rankgpt|0.0
nfcorpus|nomicai-modernbert-embed+setmaxheaptopk|thresholding|setmaxheaptopk|0.0
nfcorpus|qwen3-embed-600m|direct|judge|0.6125
nfcorpus|qwen3-embed-600m|direct|judge_expr|0.564
nfcorpus|qwen3-embed-600m|direct|rankgpt|0.5341
nfcorpus|qwen3-embed-600m|direct|setmaxheaptopk|0.577
nfcorpus|qwen3-embed-600m|largest_gap|judge|0.5727
nfcorpus|qwen3-embed-600m|largest_gap|judge_expr|0.5885
nfcorpus|qwen3-embed-600m|largest_gap|rankgpt|0.5341
nfcorpus|qwen3-embed-600m|largest_gap|setmaxheaptopk|0.577
nfcorpus|qwen3-embed-600m|optimal_global|judge|0.5608
nfcorpus|qwen3-embed-600m|optimal_global|judge_expr|0.506
nfcorpus|qwen3-embed-600m|optimal_global|rankgpt|0.4532
nfcorpus|qwen3-embed-600m|optimal_global|setmaxheaptopk|0.56
nfcorpus|qwen3-embed-600m|optimal_per_topic|judge|0.2389
nfcorpus|qwen3-embed-600m|optimal_per_topic|judge_expr|0.2293
nfcorpus|qwen3-embed-600m|optimal_per_topic|rankgpt|0.2536
nfcorpus|qwen3-embed-600m|optimal_per_topic|setmaxheaptopk|0.2683
nfcorpus|qwen3-embed-600m|quantile|judge|0.7158
nfcorpus|qwen3-embed-600m|quantile|judge_expr|0.5751
nfcorpus|qwen3-embed-600m|quantile|rankgpt|0.6623
nfcorpus|qwen3-embed-600m|quantile|setmaxheaptopk|0.6236
nfcorpus|qwen3-embed-600m|rank|judge|0.4706
nfcorpus|qwen3-embed-600m|rank|judge_expr|0.4057
nfcorpus|qwen3-embed-600m|rank|rankgpt|0.3905
nfcorpus|qwen3-embed-600m|rank|setmaxheaptopk|0.4446
nfcorpus|qwen3-embed-600m|thresholding|judge|0.5729
nfcorpus|qwen3-embed-600m|thresholding|judge_expr|0.5499
nfcorpus|qwen3-embed-600m|thresholding|rankgpt|0.0
nfcorpus|qwen3-embed-600m|thresholding|setmaxheaptopk|0.0
nfcorpus|qwen3-embed-600m+judge|direct|judge|0.7202
nfcorpus|qwen3-embed-600m+judge|direct|judge_expr|0.7262
nfcorpus|qwen3-embed-600m+judge|direct|rankgpt|0.4223
nfcorpus|qwen3-embed-600m+judge|direct|setmaxheaptopk|0.4363
nfcorpus|qwen3-embed-600m+judge|largest_gap|judge|0.7863
nfcorpus|qwen3-embed-600m+judge|largest_gap|judge_expr|0.7647
nfcorpus|qwen3-embed-600m+judge|largest_gap|rankgpt|0.4223
nfcorpus|qwen3-embed-600m+judge|largest_gap|setmaxheaptopk|0.4363
nfcorpus|qwen3-embed-600m+judge|optimal_global|judge|0.7118
nfcorpus|qwen3-embed-600m+judge|optimal_global|judge_expr|0.6593
nfcorpus|qwen3-embed-600m+judge|optimal_global|rankgpt|0.3788
nfcorpus|qwen3-embed-600m+judge|optimal_global|setmaxheaptopk|0.4275
nfcorpus|qwen3-embed-600m+judge|optimal_per_topic|judge|0.3007
nfcorpus|qwen3-embed-600m+judge|optimal_per_topic|judge_expr|0.2538
nfcorpus|qwen3-embed-600m+judge|optimal_per_topic|rankgpt|0.2107
nfcorpus|qwen3-embed-600m+judge|optimal_per_topic|setmaxheaptopk|0.2218
nfcorpus|qwen3-embed-600m+judge|quantile|judge|0.6574
nfcorpus|qwen3-embed-600m+judge|quantile|judge_expr|0.6192
nfcorpus|qwen3-embed-600m+judge|quantile|rankgpt|0.4854
nfcorpus|qwen3-embed-600m+judge|quantile|setmaxheaptopk|0.4723
nfcorpus|qwen3-embed-600m+judge|rank|judge|0.5284
nfcorpus|qwen3-embed-600m+judge|rank|judge_expr|0.5208
nfcorpus|qwen3-embed-600m+judge|rank|rankgpt|0.319
nfcorpus|qwen3-embed-600m+judge|rank|setmaxheaptopk|0.3518
nfcorpus|qwen3-embed-600m+judge|thresholding|judge|0.7283
nfcorpus|qwen3-embed-600m+judge|thresholding|judge_expr|0.701
nfcorpus|qwen3-embed-600m+judge|thresholding|rankgpt|0.0
nfcorpus|qwen3-embed-600m+judge|thresholding|setmaxheaptopk|0.0
nfcorpus|qwen3-embed-600m+judge_expr|direct|judge|0.7399
nfcorpus|qwen3-embed-600m+judge_expr|direct|judge_expr|0.7606
nfcorpus|qwen3-embed-600m+judge_expr|direct|rankgpt|0.4925
nfcorpus|qwen3-embed-600m+judge_expr|direct|setmaxheaptopk|0.5172
nfcorpus|qwen3-embed-600m+judge_expr|largest_gap|judge|0.8097
nfcorpus|qwen3-embed-600m+judge_expr|largest_gap|judge_expr|0.8133
nfcorpus|qwen3-embed-600m+judge_expr|largest_gap|rankgpt|0.4925
nfcorpus|qwen3-embed-600m+judge_expr|largest_gap|setmaxheaptopk|0.5172
nfcorpus|qwen3-embed-600m+judge_expr|optimal_global|judge|0.7338
nfcorpus|qwen3-embed-600m+judge_expr|optimal_global|judge_expr|0.7005
nfcorpus|qwen3-embed-600m+judge_expr|optimal_global|rankgpt|0.4409
nfcorpus|qwen3-embed-600m+judge_expr|optimal_global|setmaxheaptopk|0.5112
nfcorpus|qwen3-embed-600m+judge_expr|optimal_per_topic|judge|0.3145
nfcorpus|qwen3-embed-600m+judge_expr|optimal_per_topic|judge_expr|0.3202
nfcorpus|qwen3-embed-600m+judge_expr|optimal_per_topic|rankgpt|0.2369
nfcorpus|qwen3-embed-600m+judge_expr|optimal_per_topic|setmaxheaptopk|0.2478
nfcorpus|qwen3-embed-600m+judge_expr|quantile|judge|0.6902
nfcorpus|qwen3-embed-600m+judge_expr|quantile|judge_expr|0.6909
nfcorpus|qwen3-embed-600m+judge_expr|quantile|rankgpt|0.5339
nfcorpus|qwen3-embed-600m+judge_expr|quantile|setmaxheaptopk|0.5258
nfcorpus|qwen3-embed-600m+judge_expr|rank|judge|0.5626
nfcorpus|qwen3-embed-600m+judge_expr|rank|judge_expr|0.6672
nfcorpus|qwen3-embed-600m+judge_expr|rank|rankgpt|0.3719
nfcorpus|qwen3-embed-600m+judge_expr|rank|setmaxheaptopk|0.4055
nfcorpus|qwen3-embed-600m+judge_expr|thresholding|judge|0.7486
nfcorpus|qwen3-embed-600m+judge_expr|thresholding|judge_expr|0.7308
nfcorpus|qwen3-embed-600m+judge_expr|thresholding|rankgpt|0.0
nfcorpus|qwen3-embed-600m+judge_expr|thresholding|setmaxheaptopk|0.0
nfcorpus|qwen3-embed-600m+point|direct|judge|0.5968
nfcorpus|qwen3-embed-600m+point|direct|judge_expr|0.5793
nfcorpus|qwen3-embed-600m+point|direct|rankgpt|0.4671
nfcorpus|qwen3-embed-600m+point|direct|setmaxheaptopk|0.4975
nfcorpus|qwen3-embed-600m+point|largest_gap|judge|0.5752
nfcorpus|qwen3-embed-600m+point|largest_gap|judge_expr|0.6081
nfcorpus|qwen3-embed-600m+point|largest_gap|rankgpt|0.4671
nfcorpus|qwen3-embed-600m+point|largest_gap|setmaxheaptopk|0.4975
nfcorpus|qwen3-embed-600m+point|optimal_global|judge|0.5691
nfcorpus|qwen3-embed-600m+point|optimal_global|judge_expr|0.5127
nfcorpus|qwen3-embed-600m+point|optimal_global|rankgpt|0.4133
nfcorpus|qwen3-embed-600m+point|optimal_global|setmaxheaptopk|0.5056
nfcorpus|qwen3-embed-600m+point|optimal_per_topic|judge|0.2389
nfcorpus|qwen3-embed-600m+point|optimal_per_topic|judge_expr|0.2317
nfcorpus|qwen3-embed-600m+point|optimal_per_topic|rankgpt|0.2331
nfcorpus|qwen3-embed-600m+point|optimal_per_topic|setmaxheaptopk|0.2553
nfcorpus|qwen3-embed-600m+point|quantile|judge|0.616
nfcorpus|qwen3-embed-600m+point|quantile|judge_expr|0.5407
nfcorpus|qwen3-embed-600m+point|quantile|rankgpt|0.5168
nfcorpus|qwen3-embed-600m+point|quantile|setmaxheaptopk|0.5209
nfcorpus|qwen3-embed-600m+point|rank|judge|0.4119
nfcorpus|qwen3-embed-600m+point|rank|judge_expr|0.4062
nfcorpus|qwen3-embed-600m+point|rank|rankgpt|0.3449
nfcorpus|qwen3-embed-600m+point|rank|setmaxheaptopk|0.4107
nfcorpus|qwen3-embed-600m+point|thresholding|judge|0.5903
nfcorpus|qwen3-embed-600m+point|thresholding|judge_expr|0.561
nfcorpus|qwen3-embed-600m+point|thresholding|rankgpt|0.0
nfcorpus|qwen3-embed-600m+point|thresholding|setmaxheaptopk|0.0
nfcorpus|qwen3-embed-600m+rankfirst|direct|judge|0.6594
nfcorpus|qwen3-embed-600m+rankfirst|direct|judge_expr|0.6327
nfcorpus|qwen3-embed-600m+rankfirst|direct|rankgpt|0.6017
nfcorpus|qwen3-embed-600m+rankfirst|direct|setmaxheaptopk|0.6365
nfcorpus|qwen3-embed-600m+rankfirst|largest_gap|judge|0.641
nfcorpus|qwen3-embed-600m+rankfirst|largest_gap|judge_expr|0.6634
nfcorpus|qwen3-embed-600m+rankfirst|largest_gap|rankgpt|0.6017
nfcorpus|qwen3-embed-600m+rankfirst|largest_gap|setmaxheaptopk|0.6365
nfcorpus|qwen3-embed-600m+rankfirst|optimal_global|judge|0.6262
nfcorpus|qwen3-embed-600m+rankfirst|optimal_global|judge_expr|0.5762
nfcorpus|qwen3-embed-600m+rankfirst|optimal_global|rankgpt|0.5275
nfcorpus|qwen3-embed-600m+rankfirst|optimal_global|setmaxheaptopk|0.6252
nfcorpus|qwen3-embed-600m+rankfirst|optimal_per_topic|judge|0.2686
nfcorpus|qwen3-embed-600m+rankfirst|optimal_per_topic|judge_expr|0.2551
nfcorpus|qwen3-embed-600m+rankfirst|optimal_per_topic|rankgpt|0.2726
nfcorpus|qwen3-embed-600m+rankfirst|optimal_per_topic|setmaxheaptopk|0.2904
nfcorpus|qwen3-embed-600m+rankfirst|quantile|judge|0.7187
nfcorpus|qwen3-embed-600m+rankfirst|quantile|judge_expr|0.6128
nfcorpus|qwen3-embed-600m+rankfirst|quantile|rankgpt|0.6472
nfcorpus|qwen3-embed-600m+rankfirst|quantile|setmaxheaptopk|0.6277
nfcorpus|qwen3-embed-600m+rankfirst|rank|judge|0.4942
nfcorpus|qwen3-embed-600m+rankfirst|rank|judge_expr|0.4636
nfcorpus|qwen3-embed-600m+rankfirst|rank|rankgpt|0.4305
nfcorpus|qwen3-embed-600m+rankfirst|rank|setmaxheaptopk|0.4905
nfcorpus|qwen3-embed-600m+rankfirst|thresholding|judge|0.6387
nfcorpus|qwen3-embed-600m+rankfirst|thresholding|judge_expr|0.6198
nfcorpus|qwen3-embed-600m+rankfirst|thresholding|rankgpt|0.0
nfcorpus|qwen3-embed-600m+rankfirst|thresholding|setmaxheaptopk|0.0
nfcorpus|qwen3-embed-600m+rankgpt|direct|judge|0.5769
nfcorpus|qwen3-embed-600m+rankgpt|direct|judge_expr|0.5603
nfcorpus|qwen3-embed-600m+rankgpt|direct|rankgpt|0.592
nfcorpus|qwen3-embed-600m+rankgpt|direct|setmaxheaptopk|0.5679
nfcorpus|qwen3-embed-600m+rankgpt|largest_gap|judge|0.5615
nfcorpus|qwen3-embed-600m+rankgpt|largest_gap|judge_expr|0.5847
nfcorpus|qwen3-embed-600m+rankgpt|largest_gap|rankgpt|0.592
nfcorpus|qwen3-embed-600m+rankgpt|largest_gap|setmaxheaptopk|0.5679
nfcorpus|qwen3-embed-600m+rankgpt|optimal_global|judge|0.5581
nfcorpus|qwen3-embed-600m+rankgpt|optimal_global|judge_expr|0.5165
nfcorpus|qwen3-embed-600m+rankgpt|optimal_global|rankgpt|0.5106
nfcorpus|qwen3-embed-600m+rankgpt|optimal_global|setmaxheaptopk|0.5314
nfcorpus|qwen3-embed-600m+rankgpt|optimal_per_topic|judge|0.2307
nfcorpus|qwen3-embed-600m+rankgpt|optimal_per_topic|judge_expr|0.2226
nfcorpus|qwen3-embed-600m+rankgpt|optimal_per_topic|rankgpt|0.2591
nfcorpus|qwen3-embed-600m+rankgpt|optimal_per_topic|setmaxheaptopk|0.2566
nfcorpus|qwen3-embed-600m+rankgpt|quantile|judge|0.6387
nfcorpus|qwen3-embed-600m+rankgpt|quantile|judge_expr|0.5317
nfcorpus|qwen3-embed-600m+rankgpt|quantile|rankgpt|0.5629
nfcorpus|qwen3-embed-600m+rankgpt|quantile|setmaxheaptopk|0.5299
nfcorpus|qwen3-embed-600m+rankgpt|rank|judge|0.404
nfcorpus|qwen3-embed-600m+rankgpt|rank|judge_expr|0.3866
nfcorpus|qwen3-embed-600m+rankgpt|rank|rankgpt|0.4091
nfcorpus|qwen3-embed-600m+rankgpt|rank|setmaxheaptopk|0.4121
nfcorpus|qwen3-embed-600m+rankgpt|thresholding|judge|0.5652
nfcorpus|qwen3-embed-600m+rankgpt|thresholding|judge_expr|0.5479
nfcorpus|qwen3-embed-600m+rankgpt|thresholding|rankgpt|0.0
nfcorpus|qwen3-embed-600m+rankgpt|thresholding|setmaxheaptopk|0.0
nfcorpus|qwen3-embed-600m+rankzephyr|direct|judge|0.5968
nfcorpus|qwen3-embed-600m+rankzephyr|direct|judge_expr|0.5451
nfcorpus|qwen3-embed-600m+rankzephyr|direct|rankgpt|0.5095
nfcorpus|qwen3-embed-600m+rankzephyr|largest_gap|judge|0.5534
nfcorpus|qwen3-embed-600m+rankzephyr|largest_gap|judge_expr|0.5688
nfcorpus|qwen3-embed-600m+rankzephyr|largest_gap|rankgpt|0.5095
nfcorpus|qwen3-embed-600m+rankzephyr|optimal_global|judge|0.5426
nfcorpus|qwen3-embed-600m+rankzephyr|optimal_global|judge_expr|0.4889
nfcorpus|qwen3-embed-600m+rankzephyr|optimal_global|rankgpt|0.437
nfcorpus|qwen3-embed-600m+rankzephyr|optimal_per_topic|judge|0.2316
nfcorpus|qwen3-embed-600m+rankzephyr|optimal_per_topic|judge_expr|0.2213
nfcorpus|qwen3-embed-600m+rankzephyr|optimal_per_topic|rankgpt|0.2466
nfcorpus|qwen3-embed-600m+rankzephyr|quantile|judge|0.7042
nfcorpus|qwen3-embed-600m+rankzephyr|quantile|judge_expr|0.5619
nfcorpus|qwen3-embed-600m+rankzephyr|quantile|rankgpt|0.6483
nfcorpus|qwen3-embed-600m+rankzephyr|rank|judge|0.4584
nfcorpus|qwen3-embed-600m+rankzephyr|rank|judge_expr|0.395
nfcorpus|qwen3-embed-600m+rankzephyr|rank|rankgpt|0.3797
nfcorpus|qwen3-embed-600m+rankzephyr|thresholding|judge|0.5553
nfcorpus|qwen3-embed-600m+rankzephyr|thresholding|judge_expr|0.5325
nfcorpus|qwen3-embed-600m+rankzephyr|thresholding|rankgpt|0.0
nfcorpus|qwen3-embed-600m+setmaxheaptopk|direct|judge|0.6173
nfcorpus|qwen3-embed-600m+setmaxheaptopk|direct|judge_expr|0.6141
nfcorpus|qwen3-embed-600m+setmaxheaptopk|direct|rankgpt|0.6176
nfcorpus|qwen3-embed-600m+setmaxheaptopk|direct|setmaxheaptopk|0.6611
nfcorpus|qwen3-embed-600m+setmaxheaptopk|largest_gap|judge|0.6271
nfcorpus|qwen3-embed-600m+setmaxheaptopk|largest_gap|judge_expr|0.638
nfcorpus|qwen3-embed-600m+setmaxheaptopk|largest_gap|rankgpt|0.6176
nfcorpus|qwen3-embed-600m+setmaxheaptopk|largest_gap|setmaxheaptopk|0.6611
nfcorpus|qwen3-embed-600m+setmaxheaptopk|optimal_global|judge|0.6158
nfcorpus|qwen3-embed-600m+setmaxheaptopk|optimal_global|judge_expr|0.5731
nfcorpus|qwen3-embed-600m+setmaxheaptopk|optimal_global|rankgpt|0.5101
nfcorpus|qwen3-embed-600m+setmaxheaptopk|optimal_global|setmaxheaptopk|0.6272
nfcorpus|qwen3-embed-600m+setmaxheaptopk|optimal_per_topic|judge|0.2613
nfcorpus|qwen3-embed-600m+setmaxheaptopk|optimal_per_topic|judge_expr|0.2552
nfcorpus|qwen3-embed-600m+setmaxheaptopk|optimal_per_topic|rankgpt|0.2751
nfcorpus|qwen3-embed-600m+setmaxheaptopk|optimal_per_topic|setmaxheaptopk|0.2983
nfcorpus|qwen3-embed-600m+setmaxheaptopk|quantile|judge|0.6347
nfcorpus|qwen3-embed-600m+setmaxheaptopk|quantile|judge_expr|0.5507
nfcorpus|qwen3-embed-600m+setmaxheaptopk|quantile|rankgpt|0.574
nfcorpus|qwen3-embed-600m+setmaxheaptopk|quantile|setmaxheaptopk|0.5813
nfcorpus|qwen3-embed-600m+setmaxheaptopk|rank|judge|0.4602
nfcorpus|qwen3-embed-600m+setmaxheaptopk|rank|judge_expr|0.4292
nfcorpus|qwen3-embed-600m+setmaxheaptopk|rank|rankgpt|0.4084
nfcorpus|qwen3-embed-600m+setmaxheaptopk|rank|setmaxheaptopk|0.4859
nfcorpus|qwen3-embed-600m+setmaxheaptopk|thresholding|judge|0.6174
nfcorpus|qwen3-embed-600m+setmaxheaptopk|thresholding|judge_expr|0.6054
nfcorpus|qwen3-embed-600m+setmaxheaptopk|thresholding|rankgpt|0.0
nfcorpus|qwen3-embed-600m+setmaxheaptopk|thresholding|setmaxheaptopk|0.0
nfcorpus|splade-v3|direct|judge|0.5914
nfcorpus|splade-v3|direct|judge_expr|0.5691
nfcorpus|splade-v3|direct|rankgpt|0.549
nfcorpus|splade-v3|direct|setmaxheaptopk|0.5784
nfcorpus|splade-v3|largest_gap|judge|0.566
nfcorpus|splade-v3|largest_gap|judge_expr|0.5917
nfcorpus|splade-v3|largest_gap|rankgpt|0.549
nfcorpus|splade-v3|largest_gap|setmaxheaptopk|0.5784
nfcorpus|splade-v3|optimal_global|judge|0.5657
nfcorpus|splade-v3|optimal_global|judge_expr|0.5145
nfcorpus|splade-v3|optimal_global|rankgpt|0.4516
nfcorpus|splade-v3|optimal_global|setmaxheaptopk|0.5619
nfcorpus|splade-v3|optimal_per_topic|judge|0.2311
nfcorpus|splade-v3|optimal_per_topic|judge_expr|0.2196
nfcorpus|splade-v3|optimal_per_topic|rankgpt|0.235
nfcorpus|splade-v3|optimal_per_topic|setmaxheaptopk|0.259
nfcorpus|splade-v3|quantile|judge|0.6412
nfcorpus|splade-v3|quantile|judge_expr|0.5368
nfcorpus|splade-v3|quantile|rankgpt|0.5926
nfcorpus|splade-v3|quantile|setmaxheaptopk|0.5746
nfcorpus|splade-v3|rank|judge|0.439
nfcorpus|splade-v3|rank|judge_expr|0.3975
nfcorpus|splade-v3|rank|rankgpt|0.3736
nfcorpus|splade-v3|rank|setmaxheaptopk|0.4367
nfcorpus|splade-v3|thresholding|judge|0.5767
nfcorpus|splade-v3|thresholding|judge_expr|0.5604
nfcorpus|splade-v3|thresholding|rankgpt|0.0
nfcorpus|splade-v3|thresholding|setmaxheaptopk|0.0
nfcorpus|splade-v3+judge|direct|judge|0.6848
nfcorpus|splade-v3+judge|direct|judge_expr|0.6977
nfcorpus|splade-v3+judge|direct|rankgpt|0.4219
nfcorpus|splade-v3+judge|direct|setmaxheaptopk|0.433
nfcorpus|splade-v3+judge|largest_gap|judge|0.7568
nfcorpus|splade-v3+judge|largest_gap|judge_expr|0.7336
nfcorpus|splade-v3+judge|largest_gap|rankgpt|0.4219
nfcorpus|splade-v3+judge|largest_gap|setmaxheaptopk|0.433
nfcorpus|splade-v3+judge|optimal_global|judge|0.6911
nfcorpus|splade-v3+judge|optimal_global|judge_expr|0.6401
nfcorpus|splade-v3+judge|optimal_global|rankgpt|0.3681
nfcorpus|splade-v3+judge|optimal_global|setmaxheaptopk|0.4344
nfcorpus|splade-v3+judge|optimal_per_topic|judge|0.2908
nfcorpus|splade-v3+judge|optimal_per_topic|judge_expr|0.2452
nfcorpus|splade-v3+judge|optimal_per_topic|rankgpt|0.2088
nfcorpus|splade-v3+judge|optimal_per_topic|setmaxheaptopk|0.2212
nfcorpus|splade-v3+judge|quantile|judge|0.6158
nfcorpus|splade-v3+judge|quantile|judge_expr|0.5842
nfcorpus|splade-v3+judge|quantile|rankgpt|0.4637
nfcorpus|splade-v3+judge|quantile|setmaxheaptopk|0.4563
nfcorpus|splade-v3+judge|rank|judge|0.5037
nfcorpus|splade-v3+judge|rank|judge_expr|0.4919
nfcorpus|splade-v3+judge|rank|rankgpt|0.3116
nfcorpus|splade-v3+judge|rank|setmaxheaptopk|0.3489
nfcorpus|splade-v3+judge|thresholding|judge|0.7071
nfcorpus|splade-v3+judge|thresholding|judge_expr|0.6799
nfcorpus|splade-v3+judge|thresholding|rankgpt|0.0
nfcorpus|splade-v3+judge|thresholding|setmaxheaptopk|0.0
nfcorpus|splade-v3+judge_expr|direct|judge|0.7054
nfcorpus|splade-v3+judge_expr|direct|judge_expr|0.7348
nfcorpus|splade-v3+judge_expr|direct|rankgpt|0.4949
nfcorpus|splade-v3+judge_expr|direct|setmaxheaptopk|0.5159
nfcorpus|splade-v3+judge_expr|largest_gap|judge|0.7759
nfcorpus|splade-v3+judge_expr|largest_gap|judge_expr|0.7769
nfcorpus|splade-v3+judge_expr|largest_gap|rankgpt|0.4949
nfcorpus|splade-v3+judge_expr|largest_gap|setmaxheaptopk|0.5159
nfcorpus|splade-v3+judge_expr|optimal_global|judge|0.7102
nfcorpus|splade-v3+judge_expr|optimal_global|judge_expr|0.6785
nfcorpus|splade-v3+judge_expr|optimal_global|rankgpt|0.4289
nfcorpus|splade-v3+judge_expr|optimal_global|setmaxheaptopk|0.508
nfcorpus|splade-v3+judge_expr|optimal_per_topic|judge|0.3084
nfcorpus|splade-v3+judge_expr|optimal_per_topic|judge_expr|0.3148
nfcorpus|splade-v3+judge_expr|optimal_per_topic|rankgpt|0.2371
nfcorpus|splade-v3+judge_expr|optimal_per_topic|setmaxheaptopk|0.2494
nfcorpus|splade-v3+judge_expr|quantile|judge|0.6528
nfcorpus|splade-v3+judge_expr|quantile|judge_expr|0.6536
nfcorpus|splade-v3+judge_expr|quantile|rankgpt|0.5111
nfcorpus|splade-v3+judge_expr|quantile|setmaxheaptopk|0.5095
nfcorpus|splade-v3+judge_expr|rank|judge|0.5358
nfcorpus|splade-v3+judge_expr|rank|judge_expr|0.6313
nfcorpus|splade-v3+judge_expr|rank|rankgpt|0.3599
nfcorpus|splade-v3+judge_expr|rank|setmaxheaptopk|0.3995
nfcorpus|splade-v3+judge_expr|thresholding|judge|0.7268
nfcorpus|splade-v3+judge_expr|thresholding|judge_expr|0.7055
nfcorpus|splade-v3+judge_expr|thresholding|rankgpt|0.0
nfcorpus|splade-v3+judge_expr|thresholding|setmaxheaptopk|0.0
nfcorpus|splade-v3+point|direct|judge|0.5548
nfcorpus|splade-v3+point|direct|judge_expr|0.5502
nfcorpus|splade-v3+point|direct|rankgpt|0.4678
nfcorpus|splade-v3+point|direct|setmaxheaptopk|0.4882
nfcorpus|splade-v3+point|largest_gap|judge|0.5432
nfcorpus|splade-v3+point|largest_gap|judge_expr|0.5739
nfcorpus|splade-v3+point|largest_gap|rankgpt|0.4678
nfcorpus|splade-v3+point|largest_gap|setmaxheaptopk|0.4882
nfcorpus|splade-v3+point|optimal_global|judge|0.5412
nfcorpus|splade-v3+point|optimal_global|judge_expr|0.4889
nfcorpus|splade-v3+point|optimal_global|rankgpt|0.3947
nfcorpus|splade-v3+point|optimal_global|setmaxheaptopk|0.4797
nfcorpus|splade-v3+point|optimal_per_topic|judge|0.2313
nfcorpus|splade-v3+point|optimal_per_topic|judge_expr|0.2241
nfcorpus|splade-v3+point|optimal_per_topic|rankgpt|0.2302
nfcorpus|splade-v3+point|optimal_per_topic|setmaxheaptopk|0.2528
nfcorpus|splade-v3+point|quantile|judge|0.5582
nfcorpus|splade-v3+point|quantile|judge_expr|0.4961
nfcorpus|splade-v3+point|quantile|rankgpt|0.4798
nfcorpus|splade-v3+point|quantile|setmaxheaptopk|0.4859
nfcorpus|splade-v3+point|rank|judge|0.3838
nfcorpus|splade-v3+point|rank|judge_expr|0.3787
nfcorpus|splade-v3+point|rank|rankgpt|0.3239
nfcorpus|splade-v3+point|rank|setmaxheaptopk|0.387
nfcorpus|splade-v3+point|thresholding|judge|0.5605
nfcorpus|splade-v3+point|thresholding|judge_expr|0.5361
nfcorpus|splade-v3+point|thresholding|rankgpt|0.0
nfcorpus|splade-v3+point|thresholding|setmaxheaptopk|0.0
nfcorpus|splade-v3+rankfirst|direct|judge|0.6201
nfcorpus|splade-v3+rankfirst|direct|judge_expr|0.612
nfcorpus|splade-v3+rankfirst|direct|rankgpt|0.5961
nfcorpus|splade-v3+rankfirst|direct|setmaxheaptopk|0.6368
nfcorpus|splade-v3+rankfirst|largest_gap|judge|0.6144
nfcorpus|splade-v3+rankfirst|largest_gap|judge_expr|0.6356
nfcorpus|splade-v3+rankfirst|largest_gap|rankgpt|0.5961
nfcorpus|splade-v3+rankfirst|largest_gap|setmaxheaptopk|0.6368
nfcorpus|splade-v3+rankfirst|optimal_global|judge|0.608
nfcorpus|splade-v3+rankfirst|optimal_global|judge_expr|0.5622
nfcorpus|splade-v3+rankfirst|optimal_global|rankgpt|0.4952
nfcorpus|splade-v3+rankfirst|optimal_global|setmaxheaptopk|0.6083
nfcorpus|splade-v3+rankfirst|optimal_per_topic|judge|0.2557
nfcorpus|splade-v3+rankfirst|optimal_per_topic|judge_expr|0.25
nfcorpus|splade-v3+rankfirst|optimal_per_topic|rankgpt|0.2668
nfcorpus|splade-v3+rankfirst|optimal_per_topic|setmaxheaptopk|0.2831
nfcorpus|splade-v3+rankfirst|quantile|judge|0.6388
nfcorpus|splade-v3+rankfirst|quantile|judge_expr|0.5594
nfcorpus|splade-v3+rankfirst|quantile|rankgpt|0.589
nfcorpus|splade-v3+rankfirst|quantile|setmaxheaptopk|0.5784
nfcorpus|splade-v3+rankfirst|rank|judge|0.4568
nfcorpus|splade-v3+rankfirst|rank|judge_expr|0.4345
nfcorpus|splade-v3+rankfirst|rank|rankgpt|0.4017
nfcorpus|splade-v3+rankfirst|rank|setmaxheaptopk|0.4616
nfcorpus|splade-v3+rankfirst|thresholding|judge|0.6169
nfcorpus|splade-v3+rankfirst|thresholding|judge_expr|0.6035
nfcorpus|splade-v3+rankfirst|thresholding|rankgpt|0.0
nfcorpus|splade-v3+rankfirst|thresholding|setmaxheaptopk|0.0
nfcorpus|splade-v3+rankgpt|direct|judge|0.5604
nfcorpus|splade-v3+rankgpt|direct|judge_expr|0.5551
nfcorpus|splade-v3+rankgpt|direct|rankgpt|0.5731
nfcorpus|splade-v3+rankgpt|direct|setmaxheaptopk|0.5764
nfcorpus|splade-v3+rankgpt|largest_gap|judge|0.5656
nfcorpus|splade-v3+rankgpt|largest_gap|judge_expr|0.5833
nfcorpus|splade-v3+rankgpt|largest_gap|rankgpt|0.5731
nfcorpus|splade-v3+rankgpt|largest_gap|setmaxheaptopk|0.5764
nfcorpus|splade-v3+rankgpt|optimal_global|judge|0.5604
nfcorpus|splade-v3+rankgpt|optimal_global|judge_expr|0.5059
nfcorpus|splade-v3+rankgpt|optimal_global|rankgpt|0.4828
nfcorpus|splade-v3+rankgpt|optimal_global|setmaxheaptopk|0.5346
nfcorpus|splade-v3+rankgpt|optimal_per_topic|judge|0.2303
nfcorpus|splade-v3+rankgpt|optimal_per_topic|judge_expr|0.2222
nfcorpus|splade-v3+rankgpt|optimal_per_topic|rankgpt|0.2556
nfcorpus|splade-v3+rankgpt|optimal_per_topic|setmaxheaptopk|0.2718
nfcorpus|splade-v3+rankgpt|quantile|judge|0.5892
nfcorpus|splade-v3+rankgpt|quantile|judge_expr|0.5039
nfcorpus|splade-v3+rankgpt|quantile|rankgpt|0.5368
nfcorpus|splade-v3+rankgpt|quantile|setmaxheaptopk|0.51
nfcorpus|splade-v3+rankgpt|rank|judge|0.3943
nfcorpus|splade-v3+rankgpt|rank|judge_expr|0.3753
nfcorpus|splade-v3+rankgpt|rank|rankgpt|0.3915
nfcorpus|splade-v3+rankgpt|rank|setmaxheaptopk|0.405
nfcorpus|splade-v3+rankgpt|thresholding|judge|0.5614
nfcorpus|splade-v3+rankgpt|thresholding|judge_expr|0.5483
nfcorpus|splade-v3+rankgpt|thresholding|rankgpt|0.0
nfcorpus|splade-v3+rankgpt|thresholding|setmaxheaptopk|0.0
nfcorpus|splade-v3+rankzephyr|direct|judge|0.5789
nfcorpus|splade-v3+rankzephyr|direct|judge_expr|0.5554
nfcorpus|splade-v3+rankzephyr|direct|rankgpt|0.5255
nfcorpus|splade-v3+rankzephyr|largest_gap|judge|0.5507
nfcorpus|splade-v3+rankzephyr|largest_gap|judge_expr|0.5783
nfcorpus|splade-v3+rankzephyr|largest_gap|rankgpt|0.5255
nfcorpus|splade-v3+rankzephyr|optimal_global|judge|0.5521
nfcorpus|splade-v3+rankzephyr|optimal_global|judge_expr|0.5015
nfcorpus|splade-v3+rankzephyr|optimal_global|rankgpt|0.437
nfcorpus|splade-v3+rankzephyr|optimal_per_topic|judge|0.223
nfcorpus|splade-v3+rankzephyr|optimal_per_topic|judge_expr|0.2116
nfcorpus|splade-v3+rankzephyr|optimal_per_topic|rankgpt|0.2263
nfcorpus|splade-v3+rankzephyr|quantile|judge|0.6309
nfcorpus|splade-v3+rankzephyr|quantile|judge_expr|0.5261
nfcorpus|splade-v3+rankzephyr|quantile|rankgpt|0.5805
nfcorpus|splade-v3+rankzephyr|rank|judge|0.4289
nfcorpus|splade-v3+rankzephyr|rank|judge_expr|0.3876
nfcorpus|splade-v3+rankzephyr|rank|rankgpt|0.362
nfcorpus|splade-v3+rankzephyr|thresholding|judge|0.562
nfcorpus|splade-v3+rankzephyr|thresholding|judge_expr|0.5472
nfcorpus|splade-v3+rankzephyr|thresholding|rankgpt|0.0
nfcorpus|splade-v3+setmaxheaptopk|direct|judge|0.5937
nfcorpus|splade-v3+setmaxheaptopk|direct|judge_expr|0.6003
nfcorpus|splade-v3+setmaxheaptopk|direct|rankgpt|0.6066
nfcorpus|splade-v3+setmaxheaptopk|direct|setmaxheaptopk|0.6438
nfcorpus|splade-v3+setmaxheaptopk|largest_gap|judge|0.6061
nfcorpus|splade-v3+setmaxheaptopk|largest_gap|judge_expr|0.6244
nfcorpus|splade-v3+setmaxheaptopk|largest_gap|rankgpt|0.6066
nfcorpus|splade-v3+setmaxheaptopk|largest_gap|setmaxheaptopk|0.6438
nfcorpus|splade-v3+setmaxheaptopk|optimal_global|judge|0.6009
nfcorpus|splade-v3+setmaxheaptopk|optimal_global|judge_expr|0.5554
nfcorpus|splade-v3+setmaxheaptopk|optimal_global|rankgpt|0.4875
nfcorpus|splade-v3+setmaxheaptopk|optimal_global|setmaxheaptopk|0.6144
nfcorpus|splade-v3+setmaxheaptopk|optimal_per_topic|judge|0.2515
nfcorpus|splade-v3+setmaxheaptopk|optimal_per_topic|judge_expr|0.2451
nfcorpus|splade-v3+setmaxheaptopk|optimal_per_topic|rankgpt|0.2667
nfcorpus|splade-v3+setmaxheaptopk|optimal_per_topic|setmaxheaptopk|0.2964
nfcorpus|splade-v3+setmaxheaptopk|quantile|judge|0.5863
nfcorpus|splade-v3+setmaxheaptopk|quantile|judge_expr|0.5255
nfcorpus|splade-v3+setmaxheaptopk|quantile|rankgpt|0.5353
nfcorpus|splade-v3+setmaxheaptopk|quantile|setmaxheaptopk|0.5463
nfcorpus|splade-v3+setmaxheaptopk|rank|judge|0.4319
nfcorpus|splade-v3+setmaxheaptopk|rank|judge_expr|0.4152
nfcorpus|splade-v3+setmaxheaptopk|rank|rankgpt|0.3906
nfcorpus|splade-v3+setmaxheaptopk|rank|setmaxheaptopk|0.4661
nfcorpus|splade-v3+setmaxheaptopk|thresholding|judge|0.6114
nfcorpus|splade-v3+setmaxheaptopk|thresholding|judge_expr|0.5921
nfcorpus|splade-v3+setmaxheaptopk|thresholding|rankgpt|0.0
nfcorpus|splade-v3+setmaxheaptopk|thresholding|setmaxheaptopk|0.0
scidocs|bm25|direct|judge|0.522
scidocs|bm25|direct|judge_expr|0.4252
scidocs|bm25|direct|rankgpt|0.4277
scidocs|bm25|direct|setmaxheaptopk|0.409
scidocs|bm25|largest_gap|judge|0.3792
scidocs|bm25|largest_gap|judge_expr|0.4319
scidocs|bm25|largest_gap|rankgpt|0.4277
scidocs|bm25|largest_gap|setmaxheaptopk|0.409
scidocs|bm25|optimal_global|judge|0.3304
scidocs|bm25|optimal_global|judge_expr|0.0006
scidocs|bm25|optimal_global|rankgpt|0.4277
scidocs|bm25|optimal_global|setmaxheaptopk|0.409
scidocs|bm25|optimal_per_topic|judge|0.0
scidocs|bm25|optimal_per_topic|judge_expr|0.0
scidocs|bm25|optimal_per_topic|rankgpt|0.0
scidocs|bm25|optimal_per_topic|setmaxheaptopk|0.0
scidocs|bm25|quantile|judge|0.5844
scidocs|bm25|quantile|judge_expr|0.4804
scidocs|bm25|quantile|rankgpt|0.5795
scidocs|bm25|quantile|setmaxheaptopk|0.5171
scidocs|bm25|rank|judge|0.358
scidocs|bm25|rank|judge_expr|0.2994
scidocs|bm25|rank|rankgpt|0.3387
scidocs|bm25|rank|setmaxheaptopk|0.372
scidocs|bm25|thresholding|judge|0.428
scidocs|bm25|thresholding|judge_expr|0.4111
scidocs|bm25|thresholding|rankgpt|0.0
scidocs|bm25|thresholding|setmaxheaptopk|0.0
scidocs|bm25+judge|direct|judge|0.6999
scidocs|bm25+judge|direct|judge_expr|0.6729
scidocs|bm25+judge|direct|rankgpt|0.3112
scidocs|bm25+judge|direct|setmaxheaptopk|0.3162
scidocs|bm25+judge|largest_gap|judge|0.6814
scidocs|bm25+judge|largest_gap|judge_expr|0.6933
scidocs|bm25+judge|largest_gap|rankgpt|0.3112
scidocs|bm25+judge|largest_gap|setmaxheaptopk|0.3162
scidocs|bm25+judge|optimal_global|judge|0.5936
scidocs|bm25+judge|optimal_global|judge_expr|0.0004
scidocs|bm25+judge|optimal_global|rankgpt|0.3112
scidocs|bm25+judge|optimal_global|setmaxheaptopk|0.3162
scidocs|bm25+judge|optimal_per_topic|judge|0.0
scidocs|bm25+judge|optimal_per_topic|judge_expr|0.0
scidocs|bm25+judge|optimal_per_topic|rankgpt|0.0
scidocs|bm25+judge|optimal_per_topic|setmaxheaptopk|0.0
scidocs|bm25+judge|quantile|judge|0.7066
scidocs|bm25+judge|quantile|judge_expr|0.6609
scidocs|bm25+judge|quantile|rankgpt|0.5096
scidocs|bm25+judge|quantile|setmaxheaptopk|0.4797
scidocs|bm25+judge|rank|judge|0.5381
scidocs|bm25+judge|rank|judge_expr|0.5043
scidocs|bm25+judge|rank|rankgpt|0.3119
scidocs|bm25+judge|rank|setmaxheaptopk|0.3384
scidocs|bm25+judge|thresholding|judge|0.6813
scidocs|bm25+judge|thresholding|judge_expr|0.6633
scidocs|bm25+judge|thresholding|rankgpt|0.0
scidocs|bm25+judge|thresholding|setmaxheaptopk|0.0
scidocs|bm25+judge_expr|direct|judge|0.7287
scidocs|bm25+judge_expr|direct|judge_expr|0.7199
scidocs|bm25+judge_expr|direct|rankgpt|0.4078
scidocs|bm25+judge_expr|direct|setmaxheaptopk|0.4082
scidocs|bm25+judge_expr|largest_gap|judge|0.7063
scidocs|bm25+judge_expr|largest_gap|judge_expr|0.7306
scidocs|bm25+judge_expr|largest_gap|rankgpt|0.4078
scidocs|bm25+judge_expr|largest_gap|setmaxheaptopk|0.4082
scidocs|bm25+judge_expr|optimal_global|judge|0.6191
scidocs|bm25+judge_expr|optimal_global|judge_expr|0.001
scidocs|bm25+judge_expr|optimal_global|rankgpt|0.4078
scidocs|bm25+judge_expr|optimal_global|setmaxheaptopk|0.4082
scidocs|bm25+judge_expr|optimal_per_topic|judge|0.0
scidocs|bm25+judge_expr|optimal_per_topic|judge_expr|0.0
scidocs|bm25+judge_expr|optimal_per_topic|rankgpt|0.0
scidocs|bm25+judge_expr|optimal_per_topic|setmaxheaptopk|0.0
scidocs|bm25+judge_expr|quantile|judge|0.7443
scidocs|bm25+judge_expr|quantile|judge_expr|0.7422
scidocs|bm25+judge_expr|quantile|rankgpt|0.5659
scidocs|bm25+judge_expr|quantile|setmaxheaptopk|0.5415
scidocs|bm25+judge_expr|rank|judge|0.5785
scidocs|bm25+judge_expr|rank|judge_expr|0.6481
scidocs|bm25+judge_expr|rank|rankgpt|0.3662
scidocs|bm25+judge_expr|rank|setmaxheaptopk|0.3955
scidocs|bm25+judge_expr|thresholding|judge|0.7081
scidocs|bm25+judge_expr|thresholding|judge_expr|0.6938
scidocs|bm25+judge_expr|thresholding|rankgpt|0.0
scidocs|bm25+judge_expr|thresholding|setmaxheaptopk|0.0
scidocs|bm25+point|direct|judge|0.5609
scidocs|bm25+point|direct|judge_expr|0.487
scidocs|bm25+point|direct|rankgpt|0.3958
scidocs|bm25+point|direct|setmaxheaptopk|0.4164
scidocs|bm25+point|largest_gap|judge|0.4277
scidocs|bm25+point|largest_gap|judge_expr|0.4941
scidocs|bm25+point|largest_gap|rankgpt|0.3958
scidocs|bm25+point|largest_gap|setmaxheaptopk|0.4164
scidocs|bm25+point|optimal_global|judge|0.3692
scidocs|bm25+point|optimal_global|judge_expr|0.0004
scidocs|bm25+point|optimal_global|rankgpt|0.3958
scidocs|bm25+point|optimal_global|setmaxheaptopk|0.4164
scidocs|bm25+point|optimal_per_topic|judge|0.0
scidocs|bm25+point|optimal_per_topic|judge_expr|0.0
scidocs|bm25+point|optimal_per_topic|rankgpt|0.0
scidocs|bm25+point|optimal_per_topic|setmaxheaptopk|0.0
scidocs|bm25+point|quantile|judge|0.6139
scidocs|bm25+point|quantile|judge_expr|0.5324
scidocs|bm25+point|quantile|rankgpt|0.546
scidocs|bm25+point|quantile|setmaxheaptopk|0.528
scidocs|bm25+point|rank|judge|0.3771
scidocs|bm25+point|rank|judge_expr|0.3439
scidocs|bm25+point|rank|rankgpt|0.3516
scidocs|bm25+point|rank|setmaxheaptopk|0.3951
scidocs|bm25+point|thresholding|judge|0.492
scidocs|bm25+point|thresholding|judge_expr|0.4681
scidocs|bm25+point|thresholding|rankgpt|0.0
scidocs|bm25+point|thresholding|setmaxheaptopk|0.0
scidocs|bm25+rankfirst|direct|judge|0.6542
scidocs|bm25+rankfirst|direct|judge_expr|0.5649
scidocs|bm25+rankfirst|direct|rankgpt|0.5892
scidocs|bm25+rankfirst|direct|setmaxheaptopk|0.5949
scidocs|bm25+rankfirst|largest_gap|judge|0.509
scidocs|bm25+rankfirst|largest_gap|judge_expr|0.5756
scidocs|bm25+rankfirst|largest_gap|rankgpt|0.5892
scidocs|bm25+rankfirst|largest_gap|setmaxheaptopk|0.5949
scidocs|bm25+rankfirst|optimal_global|judge|0.439
scidocs|bm25+rankfirst|optimal_global|judge_expr|0.0005
scidocs|bm25+rankfirst|optimal_global|rankgpt|0.5892
scidocs|bm25+rankfirst|optimal_global|setmaxheaptopk|0.5949
scidocs|bm25+rankfirst|optimal_per_topic|judge|0.0
scidocs|bm25+rankfirst|optimal_per_topic|judge_expr|0.0
scidocs|bm25+rankfirst|optimal_per_topic|rankgpt|0.0
scidocs|bm25+rankfirst|optimal_per_topic|setmaxheaptopk|0.0
scidocs|bm25+rankfirst|quantile|judge|0.7254
scidocs|bm25+rankfirst|quantile|judge_expr|0.6256
scidocs|bm25+rankfirst|quantile|rankgpt|0.7168
scidocs|bm25+rankfirst|quantile|setmaxheaptopk|0.6672
scidocs|bm25+rankfirst|rank|judge|0.4816
scidocs|bm25+rankfirst|rank|judge_expr|0.4135
scidocs|bm25+rankfirst|rank|rankgpt|0.4787
scidocs|bm25+rankfirst|rank|setmaxheaptopk|0.5104
scidocs|bm25+rankfirst|thresholding|judge|0.5693
scidocs|bm25+rankfirst|thresholding|judge_expr|0.5463
scidocs|bm25+rankfirst|thresholding|rankgpt|0.0
scidocs|bm25+rankfirst|thresholding|setmaxheaptopk|0.0
scidocs|bm25+rankgpt|direct|judge|0.5886
scidocs|bm25+rankgpt|direct|judge_expr|0.5065
scidocs|bm25+rankgpt|direct|rankgpt|0.5569
scidocs|bm25+rankgpt|direct|setmaxheaptopk|0.525
scidocs|bm25+rankgpt|largest_gap|judge|0.4583
scidocs|bm25+rankgpt|largest_gap|judge_expr|0.5163
scidocs|bm25+rankgpt|largest_gap|rankgpt|0.5569
scidocs|bm25+rankgpt|largest_gap|setmaxheaptopk|0.525
scidocs|bm25+rankgpt|optimal_global|judge|0.3988
scidocs|bm25+rankgpt|optimal_global|judge_expr|0.0004
scidocs|bm25+rankgpt|optimal_global|rankgpt|0.5569
scidocs|bm25+rankgpt|optimal_global|setmaxheaptopk|0.525
scidocs|bm25+rankgpt|optimal_per_topic|judge|0.0
scidocs|bm25+rankgpt|optimal_per_topic|judge_expr|0.0
scidocs|bm25+rankgpt|optimal_per_topic|rankgpt|0.0
scidocs|bm25+rankgpt|optimal_per_topic|setmaxheaptopk|0.0
scidocs|bm25+rankgpt|quantile|judge|0.649
scidocs|bm25+rankgpt|quantile|judge_expr|0.5577
scidocs|bm25+rankgpt|quantile|rankgpt|0.6321
scidocs|bm25+rankgpt|quantile|setmaxheaptopk|0.5818
scidocs|bm25+rankgpt|rank|judge|0.4086
scidocs|bm25+rankgpt|rank|judge_expr|0.3626
scidocs|bm25+rankgpt|rank|rankgpt|0.4377
scidocs|bm25+rankgpt|rank|setmaxheaptopk|0.4356
scidocs|bm25+rankgpt|thresholding|judge|0.5126
scidocs|bm25+rankgpt|thresholding|judge_expr|0.4925
scidocs|bm25+rankgpt|thresholding|rankgpt|0.0
scidocs|bm25+rankgpt|thresholding|setmaxheaptopk|0.0
scidocs|bm25+rankzephyr|direct|judge|0.5077
scidocs|bm25+rankzephyr|direct|judge_expr|0.4104
scidocs|bm25+rankzephyr|direct|rankgpt|0.4016
scidocs|bm25+rankzephyr|largest_gap|judge|0.3665
scidocs|bm25+rankzephyr|largest_gap|judge_expr|0.4185
scidocs|bm25+rankzephyr|largest_gap|rankgpt|0.4016
scidocs|bm25+rankzephyr|optimal_global|judge|0.3169
scidocs|bm25+rankzephyr|optimal_global|judge_expr|0.0
scidocs|bm25+rankzephyr|optimal_global|rankgpt|0.4016
scidocs|bm25+rankzephyr|optimal_per_topic|judge|0.0
scidocs|bm25+rankzephyr|optimal_per_topic|judge_expr|0.0
scidocs|bm25+rankzephyr|optimal_per_topic|rankgpt|0.0
scidocs|bm25+rankzephyr|quantile|judge|0.5665
scidocs|bm25+rankzephyr|quantile|judge_expr|0.4635
scidocs|bm25+rankzephyr|quantile|rankgpt|0.5648
scidocs|bm25+rankzephyr|rank|judge|0.3432
scidocs|bm25+rankzephyr|rank|judge_expr|0.2872
scidocs|bm25+rankzephyr|rank|rankgpt|0.3301
scidocs|bm25+rankzephyr|thresholding|judge|0.4133
scidocs|bm25+rankzephyr|thresholding|judge_expr|0.3975
scidocs|bm25+rankzephyr|thresholding|rankgpt|0.0
scidocs|bm25+setmaxheaptopk|direct|judge|0.605
scidocs|bm25+setmaxheaptopk|direct|judge_expr|0.5314
scidocs|bm25+setmaxheaptopk|direct|rankgpt|0.5518
scidocs|bm25+setmaxheaptopk|direct|setmaxheaptopk|0.5828
scidocs|bm25+setmaxheaptopk|largest_gap|judge|0.4853
scidocs|bm25+setmaxheaptopk|largest_gap|judge_expr|0.5432
scidocs|bm25+setmaxheaptopk|largest_gap|rankgpt|0.5518
scidocs|bm25+setmaxheaptopk|largest_gap|setmaxheaptopk|0.5828
scidocs|bm25+setmaxheaptopk|optimal_global|judge|0.4224
scidocs|bm25+setmaxheaptopk|optimal_global|judge_expr|0.0006
scidocs|bm25+setmaxheaptopk|optimal_global|rankgpt|0.5518
scidocs|bm25+setmaxheaptopk|optimal_global|setmaxheaptopk|0.5828
scidocs|bm25+setmaxheaptopk|optimal_per_topic|judge|0.0
scidocs|bm25+setmaxheaptopk|optimal_per_topic|judge_expr|0.0
scidocs|bm25+setmaxheaptopk|optimal_per_topic|rankgpt|0.0
scidocs|bm25+setmaxheaptopk|optimal_per_topic|setmaxheaptopk|0.0
scidocs|bm25+setmaxheaptopk|quantile|judge|0.6613
scidocs|bm25+setmaxheaptopk|quantile|judge_expr|0.5757
scidocs|bm25+setmaxheaptopk|quantile|rankgpt|0.6323
scidocs|bm25+setmaxheaptopk|quantile|setmaxheaptopk|0.613
scidocs|bm25+setmaxheaptopk|rank|judge|0.4336
scidocs|bm25+setmaxheaptopk|rank|judge_expr|0.3823
scidocs|bm25+setmaxheaptopk|rank|rankgpt|0.4276
scidocs|bm25+setmaxheaptopk|rank|setmaxheaptopk|0.4842
scidocs|bm25+setmaxheaptopk|thresholding|judge|0.5356
scidocs|bm25+setmaxheaptopk|thresholding|judge_expr|0.5168
scidocs|bm25+setmaxheaptopk|thresholding|rankgpt|0.0
scidocs|bm25+setmaxheaptopk|thresholding|setmaxheaptopk|0.0
scidocs|colbert-small|direct|judge|0.5998
scidocs|colbert-small|direct|judge_expr|0.5029
scidocs|colbert-small|direct|rankgpt|0.476
scidocs|colbert-small|direct|setmaxheaptopk|0.4844
scidocs|colbert-small|largest_gap|judge|0.4487
scidocs|colbert-small|largest_gap|judge_expr|0.5102
scidocs|colbert-small|largest_gap|rankgpt|0.476
scidocs|colbert-small|largest_gap|setmaxheaptopk|0.4844
scidocs|colbert-small|optimal_global|judge|0.3901
scidocs|colbert-small|optimal_global|judge_expr|0.0004
scidocs|colbert-small|optimal_global|rankgpt|0.476
scidocs|colbert-small|optimal_global|setmaxheaptopk|0.4844
scidocs|colbert-small|optimal_per_topic|judge|0.0
scidocs|colbert-small|optimal_per_topic|judge_expr|0.0
scidocs|colbert-small|optimal_per_topic|rankgpt|0.0
scidocs|colbert-small|optimal_per_topic|setmaxheaptopk|0.0
scidocs|colbert-small|quantile|judge|0.6733
scidocs|colbert-small|quantile|judge_expr|0.565
scidocs|colbert-small|quantile|rankgpt|0.6582
scidocs|colbert-small|quantile|setmaxheaptopk|0.5949
scidocs|colbert-small|rank|judge|0.4246
scidocs|colbert-small|rank|judge_expr|0.3554
scidocs|colbert-small|rank|rankgpt|0.3958
scidocs|colbert-small|rank|setmaxheaptopk|0.4286
scidocs|colbert-small|thresholding|judge|0.5025
scidocs|colbert-small|thresholding|judge_expr|0.4829
scidocs|colbert-small|thresholding|rankgpt|0.0
scidocs|colbert-small|thresholding|setmaxheaptopk|0.0
scidocs|colbert-small+judge|direct|judge|0.7095
scidocs|colbert-small+judge|direct|judge_expr|0.6965
scidocs|colbert-small+judge|direct|rankgpt|0.2899
scidocs|colbert-small+judge|direct|setmaxheaptopk|0.3034
scidocs|colbert-small+judge|largest_gap|judge|0.7342
scidocs|colbert-small+judge|largest_gap|judge_expr|0.7202
scidocs|colbert-small+judge|largest_gap|rankgpt|0.2899
scidocs|colbert-small+judge|largest_gap|setmaxheaptopk|0.3034
scidocs|colbert-small+judge|optimal_global|judge|0.6402
scidocs|colbert-small+judge|optimal_global|judge_expr|0.0003
scidocs|colbert-small+judge|optimal_global|rankgpt|0.2899
scidocs|colbert-small+judge|optimal_global|setmaxheaptopk|0.3034
scidocs|colbert-small+judge|optimal_per_topic|judge|0.0
scidocs|colbert-small+judge|optimal_per_topic|judge_expr|0.0
scidocs|colbert-small+judge|optimal_per_topic|rankgpt|0.0
scidocs|colbert-small+judge|optimal_per_topic|setmaxheaptopk|0.0
scidocs|colbert-small+judge|quantile|judge|0.6941
scidocs|colbert-small+judge|quantile|judge_expr|0.6607
scidocs|colbert-small+judge|quantile|rankgpt|0.492
scidocs|colbert-small+judge|quantile|setmaxheaptopk|0.4737
scidocs|colbert-small+judge|rank|judge|0.5516
scidocs|colbert-small+judge|rank|judge_expr|0.5317
scidocs|colbert-small+judge|rank|rankgpt|0.2974
scidocs|colbert-small+judge|rank|setmaxheaptopk|0.3284
scidocs|colbert-small+judge|thresholding|judge|0.7017
scidocs|colbert-small+judge|thresholding|judge_expr|0.6876
scidocs|colbert-small+judge|thresholding|rankgpt|0.0
scidocs|colbert-small+judge|thresholding|setmaxheaptopk|0.0
scidocs|colbert-small+judge_expr|direct|judge|0.7399
scidocs|colbert-small+judge_expr|direct|judge_expr|0.7486
scidocs|colbert-small+judge_expr|direct|rankgpt|0.3952
scidocs|colbert-small+judge_expr|direct|setmaxheaptopk|0.4061
scidocs|colbert-small+judge_expr|largest_gap|judge|0.7636
scidocs|colbert-small+judge_expr|largest_gap|judge_expr|0.7637
scidocs|colbert-small+judge_expr|largest_gap|rankgpt|0.3952
scidocs|colbert-small+judge_expr|largest_gap|setmaxheaptopk|0.4061
scidocs|colbert-small+judge_expr|optimal_global|judge|0.6688
scidocs|colbert-small+judge_expr|optimal_global|judge_expr|0.001
scidocs|colbert-small+judge_expr|optimal_global|rankgpt|0.3952
scidocs|colbert-small+judge_expr|optimal_global|setmaxheaptopk|0.4061
scidocs|colbert-small+judge_expr|optimal_per_topic|judge|0.0
scidocs|colbert-small+judge_expr|optimal_per_topic|judge_expr|0.0
scidocs|colbert-small+judge_expr|optimal_per_topic|rankgpt|0.0
scidocs|colbert-small+judge_expr|optimal_per_topic|setmaxheaptopk|0.0
scidocs|colbert-small+judge_expr|quantile|judge|0.73
scidocs|colbert-small+judge_expr|quantile|judge_expr|0.7307
scidocs|colbert-small+judge_expr|quantile|rankgpt|0.548
scidocs|colbert-small+judge_expr|quantile|setmaxheaptopk|0.5318
scidocs|colbert-small+judge_expr|rank|judge|0.5923
scidocs|colbert-small+judge_expr|rank|judge_expr|0.698
scidocs|colbert-small+judge_expr|rank|rankgpt|0.3538
scidocs|colbert-small+judge_expr|rank|setmaxheaptopk|0.3861
scidocs|colbert-small+judge_expr|thresholding|judge|0.731
scidocs|colbert-small+judge_expr|thresholding|judge_expr|0.7214
scidocs|colbert-small+judge_expr|thresholding|rankgpt|0.0
scidocs|colbert-small+judge_expr|thresholding|setmaxheaptopk|0.0
scidocs|colbert-small+point|direct|judge|0.5677
scidocs|colbert-small+point|direct|judge_expr|0.501
scidocs|colbert-small+point|direct|rankgpt|0.3876
scidocs|colbert-small+point|direct|setmaxheaptopk|0.4171
scidocs|colbert-small+point|largest_gap|judge|0.4457
scidocs|colbert-small+point|largest_gap|judge_expr|0.5078
scidocs|colbert-small+point|largest_gap|rankgpt|0.3876
scidocs|colbert-small+point|largest_gap|setmaxheaptopk|0.4171
scidocs|colbert-small+point|optimal_global|judge|0.3885
scidocs|colbert-small+point|optimal_global|judge_expr|0.0004
scidocs|colbert-small+point|optimal_global|rankgpt|0.3876
scidocs|colbert-small+point|optimal_global|setmaxheaptopk|0.4171
scidocs|colbert-small+point|optimal_per_topic|judge|0.0
scidocs|colbert-small+point|optimal_per_topic|judge_expr|0.0
scidocs|colbert-small+point|optimal_per_topic|rankgpt|0.0
scidocs|colbert-small+point|optimal_per_topic|setmaxheaptopk|0.0
scidocs|colbert-small+point|quantile|judge|0.6194
scidocs|colbert-small+point|quantile|judge_expr|0.5416
scidocs|colbert-small+point|quantile|rankgpt|0.5386
scidocs|colbert-small+point|quantile|setmaxheaptopk|0.5281
scidocs|colbert-small+point|rank|judge|0.3852
scidocs|colbert-small+point|rank|judge_expr|0.3578
scidocs|colbert-small+point|rank|rankgpt|0.3508
scidocs|colbert-small+point|rank|setmaxheaptopk|0.3938
scidocs|colbert-small+point|thresholding|judge|0.502
scidocs|colbert-small+point|thresholding|judge_expr|0.4799
scidocs|colbert-small+point|thresholding|rankgpt|0.0
scidocs|colbert-small+point|thresholding|setmaxheaptopk|0.0
scidocs|colbert-small+rankfirst|direct|judge|0.6776
scidocs|colbert-small+rankfirst|direct|judge_expr|0.5897
scidocs|colbert-small+rankfirst|direct|rankgpt|0.6015
scidocs|colbert-small+rankfirst|direct|setmaxheaptopk|0.6126
scidocs|colbert-small+rankfirst|largest_gap|judge|0.5338
scidocs|colbert-small+rankfirst|largest_gap|judge_expr|0.6009
scidocs|colbert-small+rankfirst|largest_gap|rankgpt|0.6015
scidocs|colbert-small+rankfirst|largest_gap|setmaxheaptopk|0.6126
scidocs|colbert-small+rankfirst|optimal_global|judge|0.4637
scidocs|colbert-small+rankfirst|optimal_global|judge_expr|0.0004
scidocs|colbert-small+rankfirst|optimal_global|rankgpt|0.6015
scidocs|colbert-small+rankfirst|optimal_global|setmaxheaptopk|0.6126
scidocs|colbert-small+rankfirst|optimal_per_topic|judge|0.0
scidocs|colbert-small+rankfirst|optimal_per_topic|judge_expr|0.0
scidocs|colbert-small+rankfirst|optimal_per_topic|rankgpt|0.0
scidocs|colbert-small+rankfirst|optimal_per_topic|setmaxheaptopk|0.0
scidocs|colbert-small+rankfirst|quantile|judge|0.7505
scidocs|colbert-small+rankfirst|quantile|judge_expr|0.6556
scidocs|colbert-small+rankfirst|quantile|rankgpt|0.7405
scidocs|colbert-small+rankfirst|quantile|setmaxheaptopk|0.6898
scidocs|colbert-small+rankfirst|rank|judge|0.5004
scidocs|colbert-small+rankfirst|rank|judge_expr|0.4371
scidocs|colbert-small+rankfirst|rank|rankgpt|0.5032
scidocs|colbert-small+rankfirst|rank|setmaxheaptopk|0.5328
scidocs|colbert-small+rankfirst|thresholding|judge|0.5911
scidocs|colbert-small+rankfirst|thresholding|judge_expr|0.5684
scidocs|colbert-small+rankfirst|thresholding|rankgpt|0.0
scidocs|colbert-small+rankfirst|thresholding|setmaxheaptopk|0.0
scidocs|colbert-small+rankgpt|direct|judge|0.6156
scidocs|colbert-small+rankgpt|direct|judge_expr|0.5326
scidocs|colbert-small+rankgpt|direct|rankgpt|0.5656
scidocs|colbert-small+rankgpt|direct|setmaxheaptopk|0.5602
scidocs|colbert-small+rankgpt|largest_gap|judge|0.4798
scidocs|colbert-small+rankgpt|largest_gap|judge_expr|0.5434
scidocs|colbert-small+rankgpt|largest_gap|rankgpt|0.5656
scidocs|colbert-small+rankgpt|largest_gap|setmaxheaptopk|0.5602
scidocs|colbert-small+rankgpt|optimal_global|judge|0.4199
scidocs|colbert-small+rankgpt|optimal_global|judge_expr|0.0
scidocs|colbert-small+rankgpt|optimal_global|rankgpt|0.5656
scidocs|colbert-small+rankgpt|optimal_global|setmaxheaptopk|0.5602
scidocs|colbert-small+rankgpt|optimal_per_topic|judge|0.0
scidocs|colbert-small+rankgpt|optimal_per_topic|judge_expr|0.0
scidocs|colbert-small+rankgpt|optimal_per_topic|rankgpt|0.0
scidocs|colbert-small+rankgpt|optimal_per_topic|setmaxheaptopk|0.0
scidocs|colbert-small+rankgpt|quantile|judge|0.6823
scidocs|colbert-small+rankgpt|quantile|judge_expr|0.5874
scidocs|colbert-small+rankgpt|quantile|rankgpt|0.6604
scidocs|colbert-small+rankgpt|quantile|setmaxheaptopk|0.6109
scidocs|colbert-small+rankgpt|rank|judge|0.4317
scidocs|colbert-small+rankgpt|rank|judge_expr|0.3851
scidocs|colbert-small+rankgpt|rank|rankgpt|0.4663
scidocs|colbert-small+rankgpt|rank|setmaxheaptopk|0.459
scidocs|colbert-small+rankgpt|thresholding|judge|0.5336
scidocs|colbert-small+rankgpt|thresholding|judge_expr|0.5156
scidocs|colbert-small+rankgpt|thresholding|rankgpt|0.0
scidocs|colbert-small+rankgpt|thresholding|setmaxheaptopk|0.0
scidocs|colbert-small+rankzephyr|direct|judge|0.5975
scidocs|colbert-small+rankzephyr|direct|judge_expr|0.4998
scidocs|colbert-small+rankzephyr|direct|rankgpt|0.4693
scidocs|colbert-small+rankzephyr|largest_gap|judge|0.4459
scidocs|colbert-small+rankzephyr|largest_gap|judge_expr|0.5065
scidocs|colbert-small+rankzephyr|largest_gap|rankgpt|0.4693
scidocs|colbert-small+rankzephyr|optimal_global|judge|0.3878
scidocs|colbert-small+rankzephyr|optimal_global|judge_expr|0.0004
scidocs|colbert-small+rankzephyr|optimal_global|rankgpt|0.4693
scidocs|colbert-small+rankzephyr|optimal_per_topic|judge|0.0
scidocs|colbert-small+rankzephyr|optimal_per_topic|judge_expr|0.0
scidocs|colbert-small+rankzephyr|optimal_per_topic|rankgpt|0.0
scidocs|colbert-small+rankzephyr|quantile|judge|0.6738
scidocs|colbert-small+rankzephyr|quantile|judge_expr|0.565
scidocs|colbert-small+rankzephyr|quantile|rankgpt|0.6522
scidocs|colbert-small+rankzephyr|rank|judge|0.4206
scidocs|colbert-small+rankzephyr|rank|judge_expr|0.3508
scidocs|colbert-small+rankzephyr|rank|rankgpt|0.3903
scidocs|colbert-small+rankzephyr|thresholding|judge|0.5008
scidocs|colbert-small+rankzephyr|thresholding|judge_expr|0.4821
scidocs|colbert-small+rankzephyr|thresholding|rankgpt|0.0
scidocs|colbert-small+setmaxheaptopk|direct|judge|0.6252
scidocs|colbert-small+setmaxheaptopk|direct|judge_expr|0.5579
scidocs|colbert-small+setmaxheaptopk|direct|rankgpt|0.5708
scidocs|colbert-small+setmaxheaptopk|direct|setmaxheaptopk|0.6222
scidocs|colbert-small+setmaxheaptopk|largest_gap|judge|0.5089
scidocs|colbert-small+setmaxheaptopk|largest_gap|judge_expr|0.5681
scidocs|colbert-small+setmaxheaptopk|largest_gap|rankgpt|0.5708
scidocs|colbert-small+setmaxheaptopk|largest_gap|setmaxheaptopk|0.6222
scidocs|colbert-small+setmaxheaptopk|optimal_global|judge|0.4466
scidocs|colbert-small+setmaxheaptopk|optimal_global|judge_expr|0.0004
scidocs|colbert-small+setmaxheaptopk|optimal_global|rankgpt|0.5708
scidocs|colbert-small+setmaxheaptopk|optimal_global|setmaxheaptopk|0.6222
scidocs|colbert-small+setmaxheaptopk|optimal_per_topic|judge|0.0
scidocs|colbert-small+setmaxheaptopk|optimal_per_topic|judge_expr|0.0
scidocs|colbert-small+setmaxheaptopk|optimal_per_topic|rankgpt|0.0
scidocs|colbert-small+setmaxheaptopk|optimal_per_topic|setmaxheaptopk|0.0
scidocs|colbert-small+setmaxheaptopk|quantile|judge|0.6847
scidocs|colbert-small+setmaxheaptopk|quantile|judge_expr|0.6006
scidocs|colbert-small+setmaxheaptopk|quantile|rankgpt|0.6484
scidocs|colbert-small+setmaxheaptopk|quantile|setmaxheaptopk|0.6393
scidocs|colbert-small+setmaxheaptopk|rank|judge|0.456
scidocs|colbert-small+setmaxheaptopk|rank|judge_expr|0.4123
scidocs|colbert-small+setmaxheaptopk|rank|rankgpt|0.4508
scidocs|colbert-small+setmaxheaptopk|rank|setmaxheaptopk|0.5129
scidocs|colbert-small+setmaxheaptopk|thresholding|judge|0.5548
scidocs|colbert-small+setmaxheaptopk|thresholding|judge_expr|0.54
scidocs|colbert-small+setmaxheaptopk|thresholding|rankgpt|0.0
scidocs|colbert-small+setmaxheaptopk|thresholding|setmaxheaptopk|0.0
scidocs|nomicai-modernbert-embed|direct|judge|0.6663
scidocs|nomicai-modernbert-embed|direct|judge_expr|0.5427
scidocs|nomicai-modernbert-embed|direct|rankgpt|0.6319
scidocs|nomicai-modernbert-embed|direct|setmaxheaptopk|0.5995
scidocs|nomicai-modernbert-embed|largest_gap|judge|0.4802
scidocs|nomicai-modernbert-embed|largest_gap|judge_expr|0.5495
scidocs|nomicai-modernbert-embed|largest_gap|rankgpt|0.6319
scidocs|nomicai-modernbert-embed|largest_gap|setmaxheaptopk|0.5995
scidocs|nomicai-modernbert-embed|optimal_global|judge|0.4099
scidocs|nomicai-modernbert-embed|optimal_global|judge_expr|0.0005
scidocs|nomicai-modernbert-embed|optimal_global|rankgpt|0.6319
scidocs|nomicai-modernbert-embed|optimal_global|setmaxheaptopk|0.5995
scidocs|nomicai-modernbert-embed|optimal_per_topic|judge|0.0
scidocs|nomicai-modernbert-embed|optimal_per_topic|judge_expr|0.0
scidocs|nomicai-modernbert-embed|optimal_per_topic|rankgpt|0.0
scidocs|nomicai-modernbert-embed|optimal_per_topic|setmaxheaptopk|0.0
scidocs|nomicai-modernbert-embed|quantile|judge|0.7618
scidocs|nomicai-modernbert-embed|quantile|judge_expr|0.6185
scidocs|nomicai-modernbert-embed|quantile|rankgpt|1.0
scidocs|nomicai-modernbert-embed|quantile|setmaxheaptopk|0.7246
scidocs|nomicai-modernbert-embed|rank|judge|0.5377
scidocs|nomicai-modernbert-embed|rank|judge_expr|0.3826
scidocs|nomicai-modernbert-embed|rank|rankgpt|0.488
scidocs|nomicai-modernbert-embed|rank|setmaxheaptopk|0.4999
scidocs|nomicai-modernbert-embed|thresholding|judge|0.5466
scidocs|nomicai-modernbert-embed|thresholding|judge_expr|0.5223
scidocs|nomicai-modernbert-embed|thresholding|rankgpt|0.0
scidocs|nomicai-modernbert-embed|thresholding|setmaxheaptopk|0.0
scidocs|nomicai-modernbert-embed+judge|direct|judge|1.0
scidocs|nomicai-modernbert-embed+judge|direct|judge_expr|0.9478
scidocs|nomicai-modernbert-embed+judge|direct|rankgpt|0.3179
scidocs|nomicai-modernbert-embed+judge|direct|setmaxheaptopk|0.3261
scidocs|nomicai-modernbert-embed+judge|largest_gap|judge|1.0
scidocs|nomicai-modernbert-embed+judge|largest_gap|judge_expr|0.9775
scidocs|nomicai-modernbert-embed+judge|largest_gap|rankgpt|0.3179
scidocs|nomicai-modernbert-embed+judge|largest_gap|setmaxheaptopk|0.3261
scidocs|nomicai-modernbert-embed+judge|optimal_global|judge|0.857
scidocs|nomicai-modernbert-embed+judge|optimal_global|judge_expr|0.0003
scidocs|nomicai-modernbert-embed+judge|optimal_global|rankgpt|0.3179
scidocs|nomicai-modernbert-embed+judge|optimal_global|setmaxheaptopk|0.3261
scidocs|nomicai-modernbert-embed+judge|optimal_per_topic|judge|0.0
scidocs|nomicai-modernbert-embed+judge|optimal_per_topic|judge_expr|0.0
scidocs|nomicai-modernbert-embed+judge|optimal_per_topic|rankgpt|0.0
scidocs|nomicai-modernbert-embed+judge|optimal_per_topic|setmaxheaptopk|0.0
scidocs|nomicai-modernbert-embed+judge|quantile|judge|1.0
scidocs|nomicai-modernbert-embed+judge|quantile|judge_expr|0.9338
scidocs|nomicai-modernbert-embed+judge|quantile|rankgpt|0.5916
scidocs|nomicai-modernbert-embed+judge|quantile|setmaxheaptopk|0.5824
scidocs|nomicai-modernbert-embed+judge|rank|judge|0.7315
scidocs|nomicai-modernbert-embed+judge|rank|judge_expr|0.723
scidocs|nomicai-modernbert-embed+judge|rank|rankgpt|0.3477
scidocs|nomicai-modernbert-embed+judge|rank|setmaxheaptopk|0.3835
scidocs|nomicai-modernbert-embed+judge|thresholding|judge|0.959
scidocs|nomicai-modernbert-embed+judge|thresholding|judge_expr|0.9257
scidocs|nomicai-modernbert-embed+judge|thresholding|rankgpt|0.0
scidocs|nomicai-modernbert-embed+judge|thresholding|setmaxheaptopk|0.0
scidocs|nomicai-modernbert-embed+judge_expr|direct|judge|0.9915
scidocs|nomicai-modernbert-embed+judge_expr|direct|judge_expr|0.982
scidocs|nomicai-modernbert-embed+judge_expr|direct|rankgpt|0.4202
scidocs|nomicai-modernbert-embed+judge_expr|direct|setmaxheaptopk|0.4299
scidocs|nomicai-modernbert-embed+judge_expr|largest_gap|judge|0.9929
scidocs|nomicai-modernbert-embed+judge_expr|largest_gap|judge_expr|1.0
scidocs|nomicai-modernbert-embed+judge_expr|largest_gap|rankgpt|0.4202
scidocs|nomicai-modernbert-embed+judge_expr|largest_gap|setmaxheaptopk|0.4299
scidocs|nomicai-modernbert-embed+judge_expr|optimal_global|judge|0.8557
scidocs|nomicai-modernbert-embed+judge_expr|optimal_global|judge_expr|0.001
scidocs|nomicai-modernbert-embed+judge_expr|optimal_global|rankgpt|0.4202
scidocs|nomicai-modernbert-embed+judge_expr|optimal_global|setmaxheaptopk|0.4299
scidocs|nomicai-modernbert-embed+judge_expr|optimal_per_topic|judge|0.0
scidocs|nomicai-modernbert-embed+judge_expr|optimal_per_topic|judge_expr|0.0
scidocs|nomicai-modernbert-embed+judge_expr|optimal_per_topic|rankgpt|0.0
scidocs|nomicai-modernbert-embed+judge_expr|optimal_per_topic|setmaxheaptopk|0.0
scidocs|nomicai-modernbert-embed+judge_expr|quantile|judge|0.9984
scidocs|nomicai-modernbert-embed+judge_expr|quantile|judge_expr|1.0
scidocs|nomicai-modernbert-embed+judge_expr|quantile|rankgpt|0.6497
scidocs|nomicai-modernbert-embed+judge_expr|quantile|setmaxheaptopk|0.6426
scidocs|nomicai-modernbert-embed+judge_expr|rank|judge|0.7607
scidocs|nomicai-modernbert-embed+judge_expr|rank|judge_expr|0.9998
scidocs|nomicai-modernbert-embed+judge_expr|rank|rankgpt|0.4062
scidocs|nomicai-modernbert-embed+judge_expr|rank|setmaxheaptopk|0.4448
scidocs|nomicai-modernbert-embed+judge_expr|thresholding|judge|0.958
scidocs|nomicai-modernbert-embed+judge_expr|thresholding|judge_expr|0.934
scidocs|nomicai-modernbert-embed+judge_expr|thresholding|rankgpt|0.0
scidocs|nomicai-modernbert-embed+judge_expr|thresholding|setmaxheaptopk|0.0
scidocs|nomicai-modernbert-embed+point|direct|judge|0.7374
scidocs|nomicai-modernbert-embed+point|direct|judge_expr|0.6161
scidocs|nomicai-modernbert-embed+point|direct|rankgpt|0.4212
scidocs|nomicai-modernbert-embed+point|direct|setmaxheaptopk|0.4541
scidocs|nomicai-modernbert-embed+point|largest_gap|judge|0.5385
scidocs|nomicai-modernbert-embed+point|largest_gap|judge_expr|0.6212
scidocs|nomicai-modernbert-embed+point|largest_gap|rankgpt|0.4212
scidocs|nomicai-modernbert-embed+point|largest_gap|setmaxheaptopk|0.4541
scidocs|nomicai-modernbert-embed+point|optimal_global|judge|0.4618
scidocs|nomicai-modernbert-embed+point|optimal_global|judge_expr|0.0004
scidocs|nomicai-modernbert-embed+point|optimal_global|rankgpt|0.4212
scidocs|nomicai-modernbert-embed+point|optimal_global|setmaxheaptopk|0.4541
scidocs|nomicai-modernbert-embed+point|optimal_per_topic|judge|0.0
scidocs|nomicai-modernbert-embed+point|optimal_per_topic|judge_expr|0.0
scidocs|nomicai-modernbert-embed+point|optimal_per_topic|rankgpt|0.0
scidocs|nomicai-modernbert-embed+point|optimal_per_topic|setmaxheaptopk|0.0
scidocs|nomicai-modernbert-embed+point|quantile|judge|0.8338
scidocs|nomicai-modernbert-embed+point|quantile|judge_expr|0.7045
scidocs|nomicai-modernbert-embed+point|quantile|rankgpt|0.6571
scidocs|nomicai-modernbert-embed+point|quantile|setmaxheaptopk|0.6567
scidocs|nomicai-modernbert-embed+point|rank|judge|0.4579
scidocs|nomicai-modernbert-embed+point|rank|judge_expr|0.4431
scidocs|nomicai-modernbert-embed+point|rank|rankgpt|0.4133
scidocs|nomicai-modernbert-embed+point|rank|setmaxheaptopk|0.4638
scidocs|nomicai-modernbert-embed+point|thresholding|judge|0.6192
scidocs|nomicai-modernbert-embed+point|thresholding|judge_expr|0.5838
scidocs|nomicai-modernbert-embed+point|thresholding|rankgpt|0.0
scidocs|nomicai-modernbert-embed+point|thresholding|setmaxheaptopk|0.0
scidocs|nomicai-modernbert-embed+rankfirst|direct|judge|0.7479
scidocs|nomicai-modernbert-embed+rankfirst|direct|judge_expr|0.6334
scidocs|nomicai-modernbert-embed+rankfirst|direct|rankgpt|0.6541
scidocs|nomicai-modernbert-embed+rankfirst|direct|setmaxheaptopk|0.6561
scidocs|nomicai-modernbert-embed+rankfirst|largest_gap|judge|0.5694
scidocs|nomicai-modernbert-embed+rankfirst|largest_gap|judge_expr|0.6434
scidocs|nomicai-modernbert-embed+rankfirst|largest_gap|rankgpt|0.6541
scidocs|nomicai-modernbert-embed+rankfirst|largest_gap|setmaxheaptopk|0.6561
scidocs|nomicai-modernbert-embed+rankfirst|optimal_global|judge|0.4872
scidocs|nomicai-modernbert-embed+rankfirst|optimal_global|judge_expr|0.0004
scidocs|nomicai-modernbert-embed+rankfirst|optimal_global|rankgpt|0.6541
scidocs|nomicai-modernbert-embed+rankfirst|optimal_global|setmaxheaptopk|0.6561
scidocs|nomicai-modernbert-embed+rankfirst|optimal_per_topic|judge|0.0
scidocs|nomicai-modernbert-embed+rankfirst|optimal_per_topic|judge_expr|0.0
scidocs|nomicai-modernbert-embed+rankfirst|optimal_per_topic|rankgpt|0.0
scidocs|nomicai-modernbert-embed+rankfirst|optimal_per_topic|setmaxheaptopk|0.0
scidocs|nomicai-modernbert-embed+rankfirst|quantile|judge|0.8486
scidocs|nomicai-modernbert-embed+rankfirst|quantile|judge_expr|0.7234
scidocs|nomicai-modernbert-embed+rankfirst|quantile|rankgpt|0.8354
scidocs|nomicai-modernbert-embed+rankfirst|quantile|setmaxheaptopk|0.7653
scidocs|nomicai-modernbert-embed+rankfirst|rank|judge|0.5422
scidocs|nomicai-modernbert-embed+rankfirst|rank|judge_expr|0.4681
scidocs|nomicai-modernbert-embed+rankfirst|rank|rankgpt|0.5504
scidocs|nomicai-modernbert-embed+rankfirst|rank|setmaxheaptopk|0.5798
scidocs|nomicai-modernbert-embed+rankfirst|thresholding|judge|0.6339
scidocs|nomicai-modernbert-embed+rankfirst|thresholding|judge_expr|0.606
scidocs|nomicai-modernbert-embed+rankfirst|thresholding|rankgpt|0.0
scidocs|nomicai-modernbert-embed+rankfirst|thresholding|setmaxheaptopk|0.0
scidocs|nomicai-modernbert-embed+rankgpt|direct|judge|0.7117
scidocs|nomicai-modernbert-embed+rankgpt|direct|judge_expr|0.5896
scidocs|nomicai-modernbert-embed+rankgpt|direct|rankgpt|1.0
scidocs|nomicai-modernbert-embed+rankgpt|direct|setmaxheaptopk|0.6691
scidocs|nomicai-modernbert-embed+rankgpt|largest_gap|judge|0.5221
scidocs|nomicai-modernbert-embed+rankgpt|largest_gap|judge_expr|0.5982
scidocs|nomicai-modernbert-embed+rankgpt|largest_gap|rankgpt|1.0
scidocs|nomicai-modernbert-embed+rankgpt|largest_gap|setmaxheaptopk|0.6691
scidocs|nomicai-modernbert-embed+rankgpt|optimal_global|judge|0.4531
scidocs|nomicai-modernbert-embed+rankgpt|optimal_global|judge_expr|0.0
scidocs|nomicai-modernbert-embed+rankgpt|optimal_global|rankgpt|1.0
scidocs|nomicai-modernbert-embed+rankgpt|optimal_global|setmaxheaptopk|0.6691
scidocs|nomicai-modernbert-embed+rankgpt|optimal_per_topic|judge|0.0
scidocs|nomicai-modernbert-embed+rankgpt|optimal_per_topic|judge_expr|0.0
scidocs|nomicai-modernbert-embed+rankgpt|optimal_per_topic|rankgpt|0.0
scidocs|nomicai-modernbert-embed+rankgpt|optimal_per_topic|setmaxheaptopk|0.0
scidocs|nomicai-modernbert-embed+rankgpt|quantile|judge|0.8172
scidocs|nomicai-modernbert-embed+rankgpt|quantile|judge_expr|0.677
scidocs|nomicai-modernbert-embed+rankgpt|quantile|rankgpt|1.0
scidocs|nomicai-modernbert-embed+rankgpt|quantile|setmaxheaptopk|0.7174
scidocs|nomicai-modernbert-embed+rankgpt|rank|judge|0.4885
scidocs|nomicai-modernbert-embed+rankgpt|rank|judge_expr|0.4249
scidocs|nomicai-modernbert-embed+rankgpt|rank|rankgpt|1.0
scidocs|nomicai-modernbert-embed+rankgpt|rank|setmaxheaptopk|0.5256
scidocs|nomicai-modernbert-embed+rankgpt|thresholding|judge|0.5931
scidocs|nomicai-modernbert-embed+rankgpt|thresholding|judge_expr|0.5656
scidocs|nomicai-modernbert-embed+rankgpt|thresholding|rankgpt|0.0
scidocs|nomicai-modernbert-embed+rankgpt|thresholding|setmaxheaptopk|0.0
scidocs|nomicai-modernbert-embed+rankzephyr|direct|judge|0.6587
scidocs|nomicai-modernbert-embed+rankzephyr|direct|judge_expr|0.5347
scidocs|nomicai-modernbert-embed+rankzephyr|direct|rankgpt|0.6053
scidocs|nomicai-modernbert-embed+rankzephyr|largest_gap|judge|0.4709
scidocs|nomicai-modernbert-embed+rankzephyr|largest_gap|judge_expr|0.5414
scidocs|nomicai-modernbert-embed+rankzephyr|largest_gap|rankgpt|0.6053
scidocs|nomicai-modernbert-embed+rankzephyr|optimal_global|judge|0.4039
scidocs|nomicai-modernbert-embed+rankzephyr|optimal_global|judge_expr|0.0005
scidocs|nomicai-modernbert-embed+rankzephyr|optimal_global|rankgpt|0.6053
scidocs|nomicai-modernbert-embed+rankzephyr|optimal_per_topic|judge|0.0
scidocs|nomicai-modernbert-embed+rankzephyr|optimal_per_topic|judge_expr|0.0
scidocs|nomicai-modernbert-embed+rankzephyr|optimal_per_topic|rankgpt|0.0
scidocs|nomicai-modernbert-embed+rankzephyr|quantile|judge|0.7553
scidocs|nomicai-modernbert-embed+rankzephyr|quantile|judge_expr|0.6076
scidocs|nomicai-modernbert-embed+rankzephyr|quantile|rankgpt|0.9729
scidocs|nomicai-modernbert-embed+rankzephyr|rank|judge|0.5229
scidocs|nomicai-modernbert-embed+rankzephyr|rank|judge_expr|0.3733
scidocs|nomicai-modernbert-embed+rankzephyr|rank|rankgpt|0.4803
scidocs|nomicai-modernbert-embed+rankzephyr|thresholding|judge|0.5404
scidocs|nomicai-modernbert-embed+rankzephyr|thresholding|judge_expr|0.5145
scidocs|nomicai-modernbert-embed+rankzephyr|thresholding|rankgpt|0.0
scidocs|nomicai-modernbert-embed+setmaxheaptopk|direct|judge|0.7319
scidocs|nomicai-modernbert-embed+setmaxheaptopk|direct|judge_expr|0.6251
scidocs|nomicai-modernbert-embed+setmaxheaptopk|direct|rankgpt|0.6852
scidocs|nomicai-modernbert-embed+setmaxheaptopk|direct|setmaxheaptopk|1.0
scidocs|nomicai-modernbert-embed+setmaxheaptopk|largest_gap|judge|0.5701
scidocs|nomicai-modernbert-embed+setmaxheaptopk|largest_gap|judge_expr|0.6353
scidocs|nomicai-modernbert-embed+setmaxheaptopk|largest_gap|rankgpt|0.6852
scidocs|nomicai-modernbert-embed+setmaxheaptopk|largest_gap|setmaxheaptopk|1.0
scidocs|nomicai-modernbert-embed+setmaxheaptopk|optimal_global|judge|0.4964
scidocs|nomicai-modernbert-embed+setmaxheaptopk|optimal_global|judge_expr|0.0004
scidocs|nomicai-modernbert-embed+setmaxheaptopk|optimal_global|rankgpt|0.6852
scidocs|nomicai-modernbert-embed+setmaxheaptopk|optimal_global|setmaxheaptopk|1.0
scidocs|nomicai-modernbert-embed+setmaxheaptopk|optimal_per_topic|judge|0.0
scidocs|nomicai-modernbert-embed+setmaxheaptopk|optimal_per_topic|judge_expr|0.0
scidocs|nomicai-modernbert-embed+setmaxheaptopk|optimal_per_topic|rankgpt|0.0
scidocs|nomicai-modernbert-embed+setmaxheaptopk|optimal_per_topic|setmaxheaptopk|0.0
scidocs|nomicai-modernbert-embed+setmaxheaptopk|quantile|judge|0.8224
scidocs|nomicai-modernbert-embed+setmaxheaptopk|quantile|judge_expr|0.7014
scidocs|nomicai-modernbert-embed+setmaxheaptopk|quantile|rankgpt|0.7674
scidocs|nomicai-modernbert-embed+setmaxheaptopk|quantile|setmaxheaptopk|1.0
scidocs|nomicai-modernbert-embed+setmaxheaptopk|rank|judge|0.5125
scidocs|nomicai-modernbert-embed+setmaxheaptopk|rank|judge_expr|0.4589
scidocs|nomicai-modernbert-embed+setmaxheaptopk|rank|rankgpt|0.5164
scidocs|nomicai-modernbert-embed+setmaxheaptopk|rank|setmaxheaptopk|1.0
scidocs|nomicai-modernbert-embed+setmaxheaptopk|thresholding|judge|0.629
scidocs|nomicai-modernbert-embed+setmaxheaptopk|thresholding|judge_expr|0.6028
scidocs|nomicai-modernbert-embed+setmaxheaptopk|thresholding|rankgpt|0.0
scidocs|nomicai-modernbert-embed+setmaxheaptopk|thresholding|setmaxheaptopk|0.0
scidocs|qwen3-embed-600m|direct|judge|0.6232
scidocs|qwen3-embed-600m|direct|judge_expr|0.5181
scidocs|qwen3-embed-600m|direct|rankgpt|0.5214
scidocs|qwen3-embed-600m|direct|setmaxheaptopk|0.5167
scidocs|qwen3-embed-600m|largest_gap|judge|0.4658
scidocs|qwen3-embed-600m|largest_gap|judge_expr|0.5249
scidocs|qwen3-embed-600m|largest_gap|rankgpt|0.5214
scidocs|qwen3-embed-600m|largest_gap|setmaxheaptopk|0.5167
scidocs|qwen3-embed-600m|optimal_global|judge|0.3999
scidocs|qwen3-embed-600m|optimal_global|judge_expr|0.0004
scidocs|qwen3-embed-600m|optimal_global|rankgpt|0.5214
scidocs|qwen3-embed-600m|optimal_global|setmaxheaptopk|0.5167
scidocs|qwen3-embed-600m|optimal_per_topic|judge|0.0
scidocs|qwen3-embed-600m|optimal_per_topic|judge_expr|0.0
scidocs|qwen3-embed-600m|optimal_per_topic|rankgpt|0.0
scidocs|qwen3-embed-600m|optimal_per_topic|setmaxheaptopk|0.0
scidocs|qwen3-embed-600m|quantile|judge|0.6972
scidocs|qwen3-embed-600m|quantile|judge_expr|0.5837
scidocs|qwen3-embed-600m|quantile|rankgpt|0.7138
scidocs|qwen3-embed-600m|quantile|setmaxheaptopk|0.638
scidocs|qwen3-embed-600m|rank|judge|0.4482
scidocs|qwen3-embed-600m|rank|judge_expr|0.3664
scidocs|qwen3-embed-600m|rank|rankgpt|0.4213
scidocs|qwen3-embed-600m|rank|setmaxheaptopk|0.4609
scidocs|qwen3-embed-600m|thresholding|judge|0.5216
scidocs|qwen3-embed-600m|thresholding|judge_expr|0.4969
scidocs|qwen3-embed-600m|thresholding|rankgpt|0.0
scidocs|qwen3-embed-600m|thresholding|setmaxheaptopk|0.0
scidocs|qwen3-embed-600m+judge|direct|judge|0.5156
scidocs|qwen3-embed-600m+judge|direct|judge_expr|0.517
scidocs|qwen3-embed-600m+judge|direct|rankgpt|0.2089
scidocs|qwen3-embed-600m+judge|direct|setmaxheaptopk|0.2174
scidocs|qwen3-embed-600m+judge|largest_gap|judge|0.5555
scidocs|qwen3-embed-600m+judge|largest_gap|judge_expr|0.5346
scidocs|qwen3-embed-600m+judge|largest_gap|rankgpt|0.2089
scidocs|qwen3-embed-600m+judge|largest_gap|setmaxheaptopk|0.2174
scidocs|qwen3-embed-600m+judge|optimal_global|judge|0.5062
scidocs|qwen3-embed-600m+judge|optimal_global|judge_expr|0.0003
scidocs|qwen3-embed-600m+judge|optimal_global|rankgpt|0.2089
scidocs|qwen3-embed-600m+judge|optimal_global|setmaxheaptopk|0.2174
scidocs|qwen3-embed-600m+judge|optimal_per_topic|judge|0.0
scidocs|qwen3-embed-600m+judge|optimal_per_topic|judge_expr|0.0
scidocs|qwen3-embed-600m+judge|optimal_per_topic|rankgpt|0.0
scidocs|qwen3-embed-600m+judge|optimal_per_topic|setmaxheaptopk|0.0
scidocs|qwen3-embed-600m+judge|quantile|judge|0.4956
scidocs|qwen3-embed-600m+judge|quantile|judge_expr|0.468
scidocs|qwen3-embed-600m+judge|quantile|rankgpt|0.348
scidocs|qwen3-embed-600m+judge|quantile|setmaxheaptopk|0.3355
scidocs|qwen3-embed-600m+judge|rank|judge|0.3876
scidocs|qwen3-embed-600m+judge|rank|judge_expr|0.3757
scidocs|qwen3-embed-600m+judge|rank|rankgpt|0.209
scidocs|qwen3-embed-600m+judge|rank|setmaxheaptopk|0.2332
scidocs|qwen3-embed-600m+judge|thresholding|judge|0.5162
scidocs|qwen3-embed-600m+judge|thresholding|judge_expr|0.5125
scidocs|qwen3-embed-600m+judge|thresholding|rankgpt|0.0
scidocs|qwen3-embed-600m+judge|thresholding|setmaxheaptopk|0.0
scidocs|qwen3-embed-600m+judge_expr|direct|judge|0.5212
scidocs|qwen3-embed-600m+judge_expr|direct|judge_expr|0.5343
scidocs|qwen3-embed-600m+judge_expr|direct|rankgpt|0.3064
scidocs|qwen3-embed-600m+judge_expr|direct|setmaxheaptopk|0.3185
scidocs|qwen3-embed-600m+judge_expr|largest_gap|judge|0.557
scidocs|qwen3-embed-600m+judge_expr|largest_gap|judge_expr|0.5468
scidocs|qwen3-embed-600m+judge_expr|largest_gap|rankgpt|0.3064
scidocs|qwen3-embed-600m+judge_expr|largest_gap|setmaxheaptopk|0.3185
scidocs|qwen3-embed-600m+judge_expr|optimal_global|judge|0.5094
scidocs|qwen3-embed-600m+judge_expr|optimal_global|judge_expr|0.001
scidocs|qwen3-embed-600m+judge_expr|optimal_global|rankgpt|0.3064
scidocs|qwen3-embed-600m+judge_expr|optimal_global|setmaxheaptopk|0.3185
scidocs|qwen3-embed-600m+judge_expr|optimal_per_topic|judge|0.0
scidocs|qwen3-embed-600m+judge_expr|optimal_per_topic|judge_expr|0.0
scidocs|qwen3-embed-600m+judge_expr|optimal_per_topic|rankgpt|0.0
scidocs|qwen3-embed-600m+judge_expr|optimal_per_topic|setmaxheaptopk|0.0
scidocs|qwen3-embed-600m+judge_expr|quantile|judge|0.5046
scidocs|qwen3-embed-600m+judge_expr|quantile|judge_expr|0.5049
scidocs|qwen3-embed-600m+judge_expr|quantile|rankgpt|0.3841
scidocs|qwen3-embed-600m+judge_expr|quantile|setmaxheaptopk|0.3759
scidocs|qwen3-embed-600m+judge_expr|rank|judge|0.4131
scidocs|qwen3-embed-600m+judge_expr|rank|judge_expr|0.4945
scidocs|qwen3-embed-600m+judge_expr|rank|rankgpt|0.2513
scidocs|qwen3-embed-600m+judge_expr|rank|setmaxheaptopk|0.2812
scidocs|qwen3-embed-600m+judge_expr|thresholding|judge|0.5212
scidocs|qwen3-embed-600m+judge_expr|thresholding|judge_expr|0.5187
scidocs|qwen3-embed-600m+judge_expr|thresholding|rankgpt|0.0
scidocs|qwen3-embed-600m+judge_expr|thresholding|setmaxheaptopk|0.0
scidocs|qwen3-embed-600m+point|direct|judge|0.4202
scidocs|qwen3-embed-600m+point|direct|judge_expr|0.3841
scidocs|qwen3-embed-600m+point|direct|rankgpt|0.3063
scidocs|qwen3-embed-600m+point|direct|setmaxheaptopk|0.3285
scidocs|qwen3-embed-600m+point|largest_gap|judge|0.3459
scidocs|qwen3-embed-600m+point|largest_gap|judge_expr|0.3902
scidocs|qwen3-embed-600m+point|largest_gap|rankgpt|0.3063
scidocs|qwen3-embed-600m+point|largest_gap|setmaxheaptopk|0.3285
scidocs|qwen3-embed-600m+point|optimal_global|judge|0.3158
scidocs|qwen3-embed-600m+point|optimal_global|judge_expr|0.0004
scidocs|qwen3-embed-600m+point|optimal_global|rankgpt|0.3063
scidocs|qwen3-embed-600m+point|optimal_global|setmaxheaptopk|0.3285
scidocs|qwen3-embed-600m+point|optimal_per_topic|judge|0.0
scidocs|qwen3-embed-600m+point|optimal_per_topic|judge_expr|0.0
scidocs|qwen3-embed-600m+point|optimal_per_topic|rankgpt|0.0
scidocs|qwen3-embed-600m+point|optimal_per_topic|setmaxheaptopk|0.0
scidocs|qwen3-embed-600m+point|quantile|judge|0.439
scidocs|qwen3-embed-600m+point|quantile|judge_expr|0.3886
scidocs|qwen3-embed-600m+point|quantile|rankgpt|0.3861
scidocs|qwen3-embed-600m+point|quantile|setmaxheaptopk|0.3831
scidocs|qwen3-embed-600m+point|rank|judge|0.2816
scidocs|qwen3-embed-600m+point|rank|judge_expr|0.2621
scidocs|qwen3-embed-600m+point|rank|rankgpt|0.2584
scidocs|qwen3-embed-600m+point|rank|setmaxheaptopk|0.2923
scidocs|qwen3-embed-600m+point|thresholding|judge|0.386
scidocs|qwen3-embed-600m+point|thresholding|judge_expr|0.3748
scidocs|qwen3-embed-600m+point|thresholding|rankgpt|0.0
scidocs|qwen3-embed-600m+point|thresholding|setmaxheaptopk|0.0
scidocs|qwen3-embed-600m+rankfirst|direct|judge|0.6845
scidocs|qwen3-embed-600m+rankfirst|direct|judge_expr|0.5933
scidocs|qwen3-embed-600m+rankfirst|direct|rankgpt|0.6247
scidocs|qwen3-embed-600m+rankfirst|direct|setmaxheaptopk|0.6232
scidocs|qwen3-embed-600m+rankfirst|largest_gap|judge|0.5368
scidocs|qwen3-embed-600m+rankfirst|largest_gap|judge_expr|0.6048
scidocs|qwen3-embed-600m+rankfirst|largest_gap|rankgpt|0.6247
scidocs|qwen3-embed-600m+rankfirst|largest_gap|setmaxheaptopk|0.6232
scidocs|qwen3-embed-600m+rankfirst|optimal_global|judge|0.4611
scidocs|qwen3-embed-600m+rankfirst|optimal_global|judge_expr|0.0004
scidocs|qwen3-embed-600m+rankfirst|optimal_global|rankgpt|0.6247
scidocs|qwen3-embed-600m+rankfirst|optimal_global|setmaxheaptopk|0.6232
scidocs|qwen3-embed-600m+rankfirst|optimal_per_topic|judge|0.0
scidocs|qwen3-embed-600m+rankfirst|optimal_per_topic|judge_expr|0.0
scidocs|qwen3-embed-600m+rankfirst|optimal_per_topic|rankgpt|0.0
scidocs|qwen3-embed-600m+rankfirst|optimal_per_topic|setmaxheaptopk|0.0
scidocs|qwen3-embed-600m+rankfirst|quantile|judge|0.761
scidocs|qwen3-embed-600m+rankfirst|quantile|judge_expr|0.6601
scidocs|qwen3-embed-600m+rankfirst|quantile|rankgpt|0.7522
scidocs|qwen3-embed-600m+rankfirst|quantile|setmaxheaptopk|0.6997
scidocs|qwen3-embed-600m+rankfirst|rank|judge|0.507
scidocs|qwen3-embed-600m+rankfirst|rank|judge_expr|0.437
scidocs|qwen3-embed-600m+rankfirst|rank|rankgpt|0.5065
scidocs|qwen3-embed-600m+rankfirst|rank|setmaxheaptopk|0.5412
scidocs|qwen3-embed-600m+rankfirst|thresholding|judge|0.5949
scidocs|qwen3-embed-600m+rankfirst|thresholding|judge_expr|0.571
scidocs|qwen3-embed-600m+rankfirst|thresholding|rankgpt|0.0
scidocs|qwen3-embed-600m+rankfirst|thresholding|setmaxheaptopk|0.0
scidocs|qwen3-embed-600m+rankgpt|direct|judge|0.6269
scidocs|qwen3-embed-600m+rankgpt|direct|judge_expr|0.5421
scidocs|qwen3-embed-600m+rankgpt|direct|rankgpt|0.5998
scidocs|qwen3-embed-600m+rankgpt|direct|setmaxheaptopk|0.5923
scidocs|qwen3-embed-600m+rankgpt|largest_gap|judge|0.4846
scidocs|qwen3-embed-600m+rankgpt|largest_gap|judge_expr|0.55
scidocs|qwen3-embed-600m+rankgpt|largest_gap|rankgpt|0.5998
scidocs|qwen3-embed-600m+rankgpt|largest_gap|setmaxheaptopk|0.5923
scidocs|qwen3-embed-600m+rankgpt|optimal_global|judge|0.4191
scidocs|qwen3-embed-600m+rankgpt|optimal_global|judge_expr|0.0004
scidocs|qwen3-embed-600m+rankgpt|optimal_global|rankgpt|0.5998
scidocs|qwen3-embed-600m+rankgpt|optimal_global|setmaxheaptopk|0.5923
scidocs|qwen3-embed-600m+rankgpt|optimal_per_topic|judge|0.0
scidocs|qwen3-embed-600m+rankgpt|optimal_per_topic|judge_expr|0.0
scidocs|qwen3-embed-600m+rankgpt|optimal_per_topic|rankgpt|0.0
scidocs|qwen3-embed-600m+rankgpt|optimal_per_topic|setmaxheaptopk|0.0
scidocs|qwen3-embed-600m+rankgpt|quantile|judge|0.6964
scidocs|qwen3-embed-600m+rankgpt|quantile|judge_expr|0.6014
scidocs|qwen3-embed-600m+rankgpt|quantile|rankgpt|0.6793
scidocs|qwen3-embed-600m+rankgpt|quantile|setmaxheaptopk|0.6219
scidocs|qwen3-embed-600m+rankgpt|rank|judge|0.4351
scidocs|qwen3-embed-600m+rankgpt|rank|judge_expr|0.3856
scidocs|qwen3-embed-600m+rankgpt|rank|rankgpt|0.4804
scidocs|qwen3-embed-600m+rankgpt|rank|setmaxheaptopk|0.4708
scidocs|qwen3-embed-600m+rankgpt|thresholding|judge|0.5454
scidocs|qwen3-embed-600m+rankgpt|thresholding|judge_expr|0.5189
scidocs|qwen3-embed-600m+rankgpt|thresholding|rankgpt|0.0
scidocs|qwen3-embed-600m+rankgpt|thresholding|setmaxheaptopk|0.0
scidocs|qwen3-embed-600m+rankzephyr|direct|judge|0.6352
scidocs|qwen3-embed-600m+rankzephyr|direct|judge_expr|0.5299
scidocs|qwen3-embed-600m+rankzephyr|direct|rankgpt|0.5468
scidocs|qwen3-embed-600m+rankzephyr|largest_gap|judge|0.4764
scidocs|qwen3-embed-600m+rankzephyr|largest_gap|judge_expr|0.5388
scidocs|qwen3-embed-600m+rankzephyr|largest_gap|rankgpt|0.5468
scidocs|qwen3-embed-600m+rankzephyr|optimal_global|judge|0.4082
scidocs|qwen3-embed-600m+rankzephyr|optimal_global|judge_expr|0.0004
scidocs|qwen3-embed-600m+rankzephyr|optimal_global|rankgpt|0.5468
scidocs|qwen3-embed-600m+rankzephyr|optimal_per_topic|judge|0.0
scidocs|qwen3-embed-600m+rankzephyr|optimal_per_topic|judge_expr|0.0
scidocs|qwen3-embed-600m+rankzephyr|optimal_per_topic|rankgpt|0.0
scidocs|qwen3-embed-600m+rankzephyr|quantile|judge|0.7113
scidocs|qwen3-embed-600m+rankzephyr|quantile|judge_expr|0.5972
scidocs|qwen3-embed-600m+rankzephyr|quantile|rankgpt|0.7244
scidocs|qwen3-embed-600m+rankzephyr|rank|judge|0.4553
scidocs|qwen3-embed-600m+rankzephyr|rank|judge_expr|0.3749
scidocs|qwen3-embed-600m+rankzephyr|rank|rankgpt|0.4403
scidocs|qwen3-embed-600m+rankzephyr|thresholding|judge|0.5335
scidocs|qwen3-embed-600m+rankzephyr|thresholding|judge_expr|0.5094
scidocs|qwen3-embed-600m+rankzephyr|thresholding|rankgpt|0.0
scidocs|qwen3-embed-600m+setmaxheaptopk|direct|judge|0.6263
scidocs|qwen3-embed-600m+setmaxheaptopk|direct|judge_expr|0.5543
scidocs|qwen3-embed-600m+setmaxheaptopk|direct|rankgpt|0.5847
scidocs|qwen3-embed-600m+setmaxheaptopk|direct|setmaxheaptopk|0.6261
scidocs|qwen3-embed-600m+setmaxheaptopk|largest_gap|judge|0.5081
scidocs|qwen3-embed-600m+setmaxheaptopk|largest_gap|judge_expr|0.5657
scidocs|qwen3-embed-600m+setmaxheaptopk|largest_gap|rankgpt|0.5847
scidocs|qwen3-embed-600m+setmaxheaptopk|largest_gap|setmaxheaptopk|0.6261
scidocs|qwen3-embed-600m+setmaxheaptopk|optimal_global|judge|0.4469
scidocs|qwen3-embed-600m+setmaxheaptopk|optimal_global|judge_expr|0.0004
scidocs|qwen3-embed-600m+setmaxheaptopk|optimal_global|rankgpt|0.5847
scidocs|qwen3-embed-600m+setmaxheaptopk|optimal_global|setmaxheaptopk|0.6261
scidocs|qwen3-embed-600m+setmaxheaptopk|optimal_per_topic|judge|0.0
scidocs|qwen3-embed-600m+setmaxheaptopk|optimal_per_topic|judge_expr|0.0
scidocs|qwen3-embed-600m+setmaxheaptopk|optimal_per_topic|rankgpt|0.0
scidocs|qwen3-embed-600m+setmaxheaptopk|optimal_per_topic|setmaxheaptopk|0.0
scidocs|qwen3-embed-600m+setmaxheaptopk|quantile|judge|0.685
scidocs|qwen3-embed-600m+setmaxheaptopk|quantile|judge_expr|0.6023
scidocs|qwen3-embed-600m+setmaxheaptopk|quantile|rankgpt|0.6527
scidocs|qwen3-embed-600m+setmaxheaptopk|quantile|setmaxheaptopk|0.6419
scidocs|qwen3-embed-600m+setmaxheaptopk|rank|judge|0.4569
scidocs|qwen3-embed-600m+setmaxheaptopk|rank|judge_expr|0.4071
scidocs|qwen3-embed-600m+setmaxheaptopk|rank|rankgpt|0.4468
scidocs|qwen3-embed-600m+setmaxheaptopk|rank|setmaxheaptopk|0.5176
scidocs|qwen3-embed-600m+setmaxheaptopk|thresholding|judge|0.5587
scidocs|qwen3-embed-600m+setmaxheaptopk|thresholding|judge_expr|0.5398
scidocs|qwen3-embed-600m+setmaxheaptopk|thresholding|rankgpt|0.0
scidocs|qwen3-embed-600m+setmaxheaptopk|thresholding|setmaxheaptopk|0.0
scidocs|splade-v3|direct|judge|0.5419
scidocs|splade-v3|direct|judge_expr|0.4472
scidocs|splade-v3|direct|rankgpt|0.4377
scidocs|splade-v3|direct|setmaxheaptopk|0.4442
scidocs|splade-v3|largest_gap|judge|0.3961
scidocs|splade-v3|largest_gap|judge_expr|0.4525
scidocs|splade-v3|largest_gap|rankgpt|0.4377
scidocs|splade-v3|largest_gap|setmaxheaptopk|0.4442
scidocs|splade-v3|optimal_global|judge|0.3427
scidocs|splade-v3|optimal_global|judge_expr|0.0004
scidocs|splade-v3|optimal_global|rankgpt|0.4377
scidocs|splade-v3|optimal_global|setmaxheaptopk|0.4442
scidocs|splade-v3|optimal_per_topic|judge|0.0
scidocs|splade-v3|optimal_per_topic|judge_expr|0.0
scidocs|splade-v3|optimal_per_topic|rankgpt|0.0
scidocs|splade-v3|optimal_per_topic|setmaxheaptopk|0.0
scidocs|splade-v3|quantile|judge|0.6128
scidocs|splade-v3|quantile|judge_expr|0.5032
scidocs|splade-v3|quantile|rankgpt|0.6053
scidocs|splade-v3|quantile|setmaxheaptopk|0.5427
scidocs|splade-v3|rank|judge|0.3707
scidocs|splade-v3|rank|judge_expr|0.3098
scidocs|splade-v3|rank|rankgpt|0.3583
scidocs|splade-v3|rank|setmaxheaptopk|0.3899
scidocs|splade-v3|thresholding|judge|0.4486
scidocs|splade-v3|thresholding|judge_expr|0.4288
scidocs|splade-v3|thresholding|rankgpt|0.0
scidocs|splade-v3|thresholding|setmaxheaptopk|0.0
scidocs|splade-v3+judge|direct|judge|0.7108
scidocs|splade-v3+judge|direct|judge_expr|0.6911
scidocs|splade-v3+judge|direct|rankgpt|0.3096
scidocs|splade-v3+judge|direct|setmaxheaptopk|0.3181
scidocs|splade-v3+judge|largest_gap|judge|0.7009
scidocs|splade-v3+judge|largest_gap|judge_expr|0.7116
scidocs|splade-v3+judge|largest_gap|rankgpt|0.3096
scidocs|splade-v3+judge|largest_gap|setmaxheaptopk|0.3181
scidocs|splade-v3+judge|optimal_global|judge|0.6066
scidocs|splade-v3+judge|optimal_global|judge_expr|0.0004
scidocs|splade-v3+judge|optimal_global|rankgpt|0.3096
scidocs|splade-v3+judge|optimal_global|setmaxheaptopk|0.3181
scidocs|splade-v3+judge|optimal_per_topic|judge|0.0
scidocs|splade-v3+judge|optimal_per_topic|judge_expr|0.0
scidocs|splade-v3+judge|optimal_per_topic|rankgpt|0.0
scidocs|splade-v3+judge|optimal_per_topic|setmaxheaptopk|0.0
scidocs|splade-v3+judge|quantile|judge|0.7107
scidocs|splade-v3+judge|quantile|judge_expr|0.6708
scidocs|splade-v3+judge|quantile|rankgpt|0.5102
scidocs|splade-v3+judge|quantile|setmaxheaptopk|0.4866
scidocs|splade-v3+judge|rank|judge|0.5508
scidocs|splade-v3+judge|rank|judge_expr|0.5224
scidocs|splade-v3+judge|rank|rankgpt|0.3135
scidocs|splade-v3+judge|rank|setmaxheaptopk|0.3429
scidocs|splade-v3+judge|thresholding|judge|0.7002
scidocs|splade-v3+judge|thresholding|judge_expr|0.6773
scidocs|splade-v3+judge|thresholding|rankgpt|0.0
scidocs|splade-v3+judge|thresholding|setmaxheaptopk|0.0
scidocs|splade-v3+judge_expr|direct|judge|0.7408
scidocs|splade-v3+judge_expr|direct|judge_expr|0.7419
scidocs|splade-v3+judge_expr|direct|rankgpt|0.4092
scidocs|splade-v3+judge_expr|direct|setmaxheaptopk|0.4181
scidocs|splade-v3+judge_expr|largest_gap|judge|0.7296
scidocs|splade-v3+judge_expr|largest_gap|judge_expr|0.7532
scidocs|splade-v3+judge_expr|largest_gap|rankgpt|0.4092
scidocs|splade-v3+judge_expr|largest_gap|setmaxheaptopk|0.4181
scidocs|splade-v3+judge_expr|optimal_global|judge|0.6362
scidocs|splade-v3+judge_expr|optimal_global|judge_expr|0.001
scidocs|splade-v3+judge_expr|optimal_global|rankgpt|0.4092
scidocs|splade-v3+judge_expr|optimal_global|setmaxheaptopk|0.4181
scidocs|splade-v3+judge_expr|optimal_per_topic|judge|0.0
scidocs|splade-v3+judge_expr|optimal_per_topic|judge_expr|0.0
scidocs|splade-v3+judge_expr|optimal_per_topic|rankgpt|0.0
scidocs|splade-v3+judge_expr|optimal_per_topic|setmaxheaptopk|0.0
scidocs|splade-v3+judge_expr|quantile|judge|0.748
scidocs|splade-v3+judge_expr|quantile|judge_expr|0.7487
scidocs|splade-v3+judge_expr|quantile|rankgpt|0.568
scidocs|splade-v3+judge_expr|quantile|setmaxheaptopk|0.5467
scidocs|splade-v3+judge_expr|rank|judge|0.5899
scidocs|splade-v3+judge_expr|rank|judge_expr|0.6777
scidocs|splade-v3+judge_expr|rank|rankgpt|0.3694
scidocs|splade-v3+judge_expr|rank|setmaxheaptopk|0.4002
scidocs|splade-v3+judge_expr|thresholding|judge|0.7266
scidocs|splade-v3+judge_expr|thresholding|judge_expr|0.7089
scidocs|splade-v3+judge_expr|thresholding|rankgpt|0.0
scidocs|splade-v3+judge_expr|thresholding|setmaxheaptopk|0.0
scidocs|splade-v3+point|direct|judge|0.569
scidocs|splade-v3+point|direct|judge_expr|0.4946
scidocs|splade-v3+point|direct|rankgpt|0.4055
scidocs|splade-v3+point|direct|setmaxheaptopk|0.424
scidocs|splade-v3+point|largest_gap|judge|0.4337
scidocs|splade-v3+point|largest_gap|judge_expr|0.5
scidocs|splade-v3+point|largest_gap|rankgpt|0.4055
scidocs|splade-v3+point|largest_gap|setmaxheaptopk|0.424
scidocs|splade-v3+point|optimal_global|judge|0.374
scidocs|splade-v3+point|optimal_global|judge_expr|0.0004
scidocs|splade-v3+point|optimal_global|rankgpt|0.4055
scidocs|splade-v3+point|optimal_global|setmaxheaptopk|0.424
scidocs|splade-v3+point|optimal_per_topic|judge|0.0
scidocs|splade-v3+point|optimal_per_topic|judge_expr|0.0
scidocs|splade-v3+point|optimal_per_topic|rankgpt|0.0
scidocs|splade-v3+point|optimal_per_topic|setmaxheaptopk|0.0
scidocs|splade-v3+point|quantile|judge|0.6284
scidocs|splade-v3+point|quantile|judge_expr|0.5471
scidocs|splade-v3+point|quantile|rankgpt|0.5558
scidocs|splade-v3+point|quantile|setmaxheaptopk|0.5386
scidocs|splade-v3+point|rank|judge|0.3861
scidocs|splade-v3+point|rank|judge_expr|0.3552
scidocs|splade-v3+point|rank|rankgpt|0.362
scidocs|splade-v3+point|rank|setmaxheaptopk|0.4032
scidocs|splade-v3+point|thresholding|judge|0.4954
scidocs|splade-v3+point|thresholding|judge_expr|0.4709
scidocs|splade-v3+point|thresholding|rankgpt|0.0
scidocs|splade-v3+point|thresholding|setmaxheaptopk|0.0
scidocs|splade-v3+rankfirst|direct|judge|0.6596
scidocs|splade-v3+rankfirst|direct|judge_expr|0.5701
scidocs|splade-v3+rankfirst|direct|rankgpt|0.5886
scidocs|splade-v3+rankfirst|direct|setmaxheaptopk|0.5986
scidocs|splade-v3+rankfirst|largest_gap|judge|0.5152
scidocs|splade-v3+rankfirst|largest_gap|judge_expr|0.5815
scidocs|splade-v3+rankfirst|largest_gap|rankgpt|0.5886
scidocs|splade-v3+rankfirst|largest_gap|setmaxheaptopk|0.5986
scidocs|splade-v3+rankfirst|optimal_global|judge|0.4456
scidocs|splade-v3+rankfirst|optimal_global|judge_expr|0.0004
scidocs|splade-v3+rankfirst|optimal_global|rankgpt|0.5886
scidocs|splade-v3+rankfirst|optimal_global|setmaxheaptopk|0.5986
scidocs|splade-v3+rankfirst|optimal_per_topic|judge|0.0
scidocs|splade-v3+rankfirst|optimal_per_topic|judge_expr|0.0
scidocs|splade-v3+rankfirst|optimal_per_topic|rankgpt|0.0
scidocs|splade-v3+rankfirst|optimal_per_topic|setmaxheaptopk|0.0
scidocs|splade-v3+rankfirst|quantile|judge|0.7349
scidocs|splade-v3+rankfirst|quantile|judge_expr|0.6321
scidocs|splade-v3+rankfirst|quantile|rankgpt|0.7258
scidocs|splade-v3+rankfirst|quantile|setmaxheaptopk|0.6713
scidocs|splade-v3+rankfirst|rank|judge|0.4819
scidocs|splade-v3+rankfirst|rank|judge_expr|0.418
scidocs|splade-v3+rankfirst|rank|rankgpt|0.4862
scidocs|splade-v3+rankfirst|rank|setmaxheaptopk|0.5156
scidocs|splade-v3+rankfirst|thresholding|judge|0.5714
scidocs|splade-v3+rankfirst|thresholding|judge_expr|0.5497
scidocs|splade-v3+rankfirst|thresholding|rankgpt|0.0
scidocs|splade-v3+rankfirst|thresholding|setmaxheaptopk|0.0
scidocs|splade-v3+rankgpt|direct|judge|0.602
scidocs|splade-v3+rankgpt|direct|judge_expr|0.5186
scidocs|splade-v3+rankgpt|direct|rankgpt|0.5444
scidocs|splade-v3+rankgpt|direct|setmaxheaptopk|0.5296
scidocs|splade-v3+rankgpt|largest_gap|judge|0.4664
scidocs|splade-v3+rankgpt|largest_gap|judge_expr|0.5291
scidocs|splade-v3+rankgpt|largest_gap|rankgpt|0.5444
scidocs|splade-v3+rankgpt|largest_gap|setmaxheaptopk|0.5296
scidocs|splade-v3+rankgpt|optimal_global|judge|0.4065
scidocs|splade-v3+rankgpt|optimal_global|judge_expr|0.0004
scidocs|splade-v3+rankgpt|optimal_global|rankgpt|0.5444
scidocs|splade-v3+rankgpt|optimal_global|setmaxheaptopk|0.5296
scidocs|splade-v3+rankgpt|optimal_per_topic|judge|0.0
scidocs|splade-v3+rankgpt|optimal_per_topic|judge_expr|0.0
scidocs|splade-v3+rankgpt|optimal_per_topic|rankgpt|0.0
scidocs|splade-v3+rankgpt|optimal_per_topic|setmaxheaptopk|0.0
scidocs|splade-v3+rankgpt|quantile|judge|0.6708
scidocs|splade-v3+rankgpt|quantile|judge_expr|0.5712
scidocs|splade-v3+rankgpt|quantile|rankgpt|0.6528
scidocs|splade-v3+rankgpt|quantile|setmaxheaptopk|0.5917
scidocs|splade-v3+rankgpt|rank|judge|0.4092
scidocs|splade-v3+rankgpt|rank|judge_expr|0.3712
scidocs|splade-v3+rankgpt|rank|rankgpt|0.4595
scidocs|splade-v3+rankgpt|rank|setmaxheaptopk|0.4482
scidocs|splade-v3+rankgpt|thresholding|judge|0.5163
scidocs|splade-v3+rankgpt|thresholding|judge_expr|0.4993
scidocs|splade-v3+rankgpt|thresholding|rankgpt|0.0
scidocs|splade-v3+rankgpt|thresholding|setmaxheaptopk|0.0
scidocs|splade-v3+rankzephyr|direct|judge|0.5355
scidocs|splade-v3+rankzephyr|direct|judge_expr|0.4402
scidocs|splade-v3+rankzephyr|direct|rankgpt|0.4235
scidocs|splade-v3+rankzephyr|largest_gap|judge|0.3879
scidocs|splade-v3+rankzephyr|largest_gap|judge_expr|0.4458
scidocs|splade-v3+rankzephyr|largest_gap|rankgpt|0.4235
scidocs|splade-v3+rankzephyr|optimal_global|judge|0.3339
scidocs|splade-v3+rankzephyr|optimal_global|judge_expr|0.0004
scidocs|splade-v3+rankzephyr|optimal_global|rankgpt|0.4235
scidocs|splade-v3+rankzephyr|optimal_per_topic|judge|0.0
scidocs|splade-v3+rankzephyr|optimal_per_topic|judge_expr|0.0
scidocs|splade-v3+rankzephyr|optimal_per_topic|rankgpt|0.0
scidocs|splade-v3+rankzephyr|quantile|judge|0.6055
scidocs|splade-v3+rankzephyr|quantile|judge_expr|0.4957
scidocs|splade-v3+rankzephyr|quantile|rankgpt|0.5971
scidocs|splade-v3+rankzephyr|rank|judge|0.3636
scidocs|splade-v3+rankzephyr|rank|judge_expr|0.3039
scidocs|splade-v3+rankzephyr|rank|rankgpt|0.3521
scidocs|splade-v3+rankzephyr|thresholding|judge|0.4423
scidocs|splade-v3+rankzephyr|thresholding|judge_expr|0.4214
scidocs|splade-v3+rankzephyr|thresholding|rankgpt|0.0
scidocs|splade-v3+setmaxheaptopk|direct|judge|0.6117
scidocs|splade-v3+setmaxheaptopk|direct|judge_expr|0.5368
scidocs|splade-v3+setmaxheaptopk|direct|rankgpt|0.563
scidocs|splade-v3+setmaxheaptopk|direct|setmaxheaptopk|0.6
scidocs|splade-v3+setmaxheaptopk|largest_gap|judge|0.4928
scidocs|splade-v3+setmaxheaptopk|largest_gap|judge_expr|0.5468
scidocs|splade-v3+setmaxheaptopk|largest_gap|rankgpt|0.563
scidocs|splade-v3+setmaxheaptopk|largest_gap|setmaxheaptopk|0.6
scidocs|splade-v3+setmaxheaptopk|optimal_global|judge|0.4329
scidocs|splade-v3+setmaxheaptopk|optimal_global|judge_expr|0.0004
scidocs|splade-v3+setmaxheaptopk|optimal_global|rankgpt|0.563
scidocs|splade-v3+setmaxheaptopk|optimal_global|setmaxheaptopk|0.6
scidocs|splade-v3+setmaxheaptopk|optimal_per_topic|judge|0.0
scidocs|splade-v3+setmaxheaptopk|optimal_per_topic|judge_expr|0.0
scidocs|splade-v3+setmaxheaptopk|optimal_per_topic|rankgpt|0.0
scidocs|splade-v3+setmaxheaptopk|optimal_per_topic|setmaxheaptopk|0.0
scidocs|splade-v3+setmaxheaptopk|quantile|judge|0.6715
scidocs|splade-v3+setmaxheaptopk|quantile|judge_expr|0.5898
scidocs|splade-v3+setmaxheaptopk|quantile|rankgpt|0.6398
scidocs|splade-v3+setmaxheaptopk|quantile|setmaxheaptopk|0.6276
scidocs|splade-v3+setmaxheaptopk|rank|judge|0.4428
scidocs|splade-v3+setmaxheaptopk|rank|judge_expr|0.3934
scidocs|splade-v3+setmaxheaptopk|rank|rankgpt|0.4409
scidocs|splade-v3+setmaxheaptopk|rank|setmaxheaptopk|0.501
scidocs|splade-v3+setmaxheaptopk|thresholding|judge|0.537
scidocs|splade-v3+setmaxheaptopk|thresholding|judge_expr|0.5195
scidocs|splade-v3+setmaxheaptopk|thresholding|rankgpt|0.0
scidocs|splade-v3+setmaxheaptopk|thresholding|setmaxheaptopk|0.0
trec-covid|bm25|direct|judge|0.4253
trec-covid|bm25|direct|judge_expr|0.3747
trec-covid|bm25|direct|rankgpt|0.1324
trec-covid|bm25|direct|setmaxheaptopk|0.1721
trec-covid|bm25|largest_gap|judge|0.2982
trec-covid|bm25|largest_gap|judge_expr|0.3844
trec-covid|bm25|largest_gap|rankgpt|0.1324
trec-covid|bm25|largest_gap|setmaxheaptopk|0.1721
trec-covid|bm25|optimal_global|judge|0.5709
trec-covid|bm25|optimal_global|judge_expr|0.566
trec-covid|bm25|optimal_global|rankgpt|0.5736
trec-covid|bm25|optimal_global|setmaxheaptopk|0.5736
trec-covid|bm25|optimal_per_topic|judge|0.5301
trec-covid|bm25|optimal_per_topic|judge_expr|0.5271
trec-covid|bm25|optimal_per_topic|rankgpt|0.5553
trec-covid|bm25|optimal_per_topic|setmaxheaptopk|0.5677
trec-covid|bm25|quantile|judge|0.3703
trec-covid|bm25|quantile|judge_expr|0.2456
trec-covid|bm25|quantile|rankgpt|0.3266
trec-covid|bm25|quantile|setmaxheaptopk|0.3069
trec-covid|bm25|rank|judge|0.1766
trec-covid|bm25|rank|judge_expr|0.1317
trec-covid|bm25|rank|rankgpt|0.1714
trec-covid|bm25|rank|setmaxheaptopk|0.1634
trec-covid|bm25|thresholding|judge|0.3976
trec-covid|bm25|thresholding|judge_expr|0.3765
trec-covid|bm25|thresholding|rankgpt|0.0
trec-covid|bm25|thresholding|setmaxheaptopk|0.0
trec-covid|bm25+judge|direct|judge|0.6563
trec-covid|bm25+judge|direct|judge_expr|0.6411
trec-covid|bm25+judge|direct|rankgpt|0.1716
trec-covid|bm25+judge|direct|setmaxheaptopk|0.175
trec-covid|bm25+judge|largest_gap|judge|0.5597
trec-covid|bm25+judge|largest_gap|judge_expr|0.6484
trec-covid|bm25+judge|largest_gap|rankgpt|0.1716
trec-covid|bm25+judge|largest_gap|setmaxheaptopk|0.175
trec-covid|bm25+judge|optimal_global|judge|0.6889
trec-covid|bm25+judge|optimal_global|judge_expr|0.6889
trec-covid|bm25+judge|optimal_global|rankgpt|0.6889
trec-covid|bm25+judge|optimal_global|setmaxheaptopk|0.6889
trec-covid|bm25+judge|optimal_per_topic|judge|0.6817
trec-covid|bm25+judge|optimal_per_topic|judge_expr|0.6877
trec-covid|bm25+judge|optimal_per_topic|rankgpt|0.6768
trec-covid|bm25+judge|optimal_per_topic|setmaxheaptopk|0.6816
trec-covid|bm25+judge|quantile|judge|0.6789
trec-covid|bm25+judge|quantile|judge_expr|0.521
trec-covid|bm25+judge|quantile|rankgpt|0.4563
trec-covid|bm25+judge|quantile|setmaxheaptopk|0.4188
trec-covid|bm25+judge|rank|judge|0.3529
trec-covid|bm25+judge|rank|judge_expr|0.3047
trec-covid|bm25+judge|rank|rankgpt|0.2471
trec-covid|bm25+judge|rank|setmaxheaptopk|0.2462
trec-covid|bm25+judge|thresholding|judge|0.666
trec-covid|bm25+judge|thresholding|judge_expr|0.6562
trec-covid|bm25+judge|thresholding|rankgpt|0.0
trec-covid|bm25+judge|thresholding|setmaxheaptopk|0.0
trec-covid|bm25+judge_expr|direct|judge|0.7324
trec-covid|bm25+judge_expr|direct|judge_expr|0.7189
trec-covid|bm25+judge_expr|direct|rankgpt|0.3189
trec-covid|bm25+judge_expr|direct|setmaxheaptopk|0.2823
trec-covid|bm25+judge_expr|largest_gap|judge|0.6414
trec-covid|bm25+judge_expr|largest_gap|judge_expr|0.7191
trec-covid|bm25+judge_expr|largest_gap|rankgpt|0.3189
trec-covid|bm25+judge_expr|largest_gap|setmaxheaptopk|0.2823
trec-covid|bm25+judge_expr|optimal_global|judge|0.7646
trec-covid|bm25+judge_expr|optimal_global|judge_expr|0.7646
trec-covid|bm25+judge_expr|optimal_global|rankgpt|0.7646
trec-covid|bm25+judge_expr|optimal_global|setmaxheaptopk|0.7646
trec-covid|bm25+judge_expr|optimal_per_topic|judge|0.7572
trec-covid|bm25+judge_expr|optimal_per_topic|judge_expr|0.7646
trec-covid|bm25+judge_expr|optimal_per_topic|rankgpt|0.7516
trec-covid|bm25+judge_expr|optimal_per_topic|setmaxheaptopk|0.7587
trec-covid|bm25+judge_expr|quantile|judge|0.753
trec-covid|bm25+judge_expr|quantile|judge_expr|0.7187
trec-covid|bm25+judge_expr|quantile|rankgpt|0.5386
trec-covid|bm25+judge_expr|quantile|setmaxheaptopk|0.5262
trec-covid|bm25+judge_expr|rank|judge|0.4114
trec-covid|bm25+judge_expr|rank|judge_expr|0.5204
trec-covid|bm25+judge_expr|rank|rankgpt|0.3375
trec-covid|bm25+judge_expr|rank|setmaxheaptopk|0.3452
trec-covid|bm25+judge_expr|thresholding|judge|0.7372
trec-covid|bm25+judge_expr|thresholding|judge_expr|0.7299
trec-covid|bm25+judge_expr|thresholding|rankgpt|0.0
trec-covid|bm25+judge_expr|thresholding|setmaxheaptopk|0.0
trec-covid|bm25+point|direct|judge|0.5078
trec-covid|bm25+point|direct|judge_expr|0.4684
trec-covid|bm25+point|direct|rankgpt|0.1754
trec-covid|bm25+point|direct|setmaxheaptopk|0.1412
trec-covid|bm25+point|largest_gap|judge|0.3316
trec-covid|bm25+point|largest_gap|judge_expr|0.4916
trec-covid|bm25+point|largest_gap|rankgpt|0.1754
trec-covid|bm25+point|largest_gap|setmaxheaptopk|0.1412
trec-covid|bm25+point|optimal_global|judge|0.6211
trec-covid|bm25+point|optimal_global|judge_expr|0.6211
trec-covid|bm25+point|optimal_global|rankgpt|0.6211
trec-covid|bm25+point|optimal_global|setmaxheaptopk|0.6211
trec-covid|bm25+point|optimal_per_topic|judge|0.6063
trec-covid|bm25+point|optimal_per_topic|judge_expr|0.6126
trec-covid|bm25+point|optimal_per_topic|rankgpt|0.6091
trec-covid|bm25+point|optimal_per_topic|setmaxheaptopk|0.6118
trec-covid|bm25+point|quantile|judge|0.4726
trec-covid|bm25+point|quantile|judge_expr|0.3154
trec-covid|bm25+point|quantile|rankgpt|0.3774
trec-covid|bm25+point|quantile|setmaxheaptopk|0.3243
trec-covid|bm25+point|rank|judge|0.1927
trec-covid|bm25+point|rank|judge_expr|0.1581
trec-covid|bm25+point|rank|rankgpt|0.1948
trec-covid|bm25+point|rank|setmaxheaptopk|0.1829
trec-covid|bm25+point|thresholding|judge|0.5121
trec-covid|bm25+point|thresholding|judge_expr|0.4899
trec-covid|bm25+point|thresholding|rankgpt|0.0
trec-covid|bm25+point|thresholding|setmaxheaptopk|0.0
trec-covid|bm25+rankfirst|direct|judge|0.7586
trec-covid|bm25+rankfirst|direct|judge_expr|0.7113
trec-covid|bm25+rankfirst|direct|rankgpt|0.3982
trec-covid|bm25+rankfirst|direct|setmaxheaptopk|0.4163
trec-covid|bm25+rankfirst|largest_gap|judge|0.5809
trec-covid|bm25+rankfirst|largest_gap|judge_expr|0.7205
trec-covid|bm25+rankfirst|largest_gap|rankgpt|0.3982
trec-covid|bm25+rankfirst|largest_gap|setmaxheaptopk|0.4163
trec-covid|bm25+rankfirst|optimal_global|judge|0.8866
trec-covid|bm25+rankfirst|optimal_global|judge_expr|0.8854
trec-covid|bm25+rankfirst|optimal_global|rankgpt|0.8866
trec-covid|bm25+rankfirst|optimal_global|setmaxheaptopk|0.8866
trec-covid|bm25+rankfirst|optimal_per_topic|judge|0.8654
trec-covid|bm25+rankfirst|optimal_per_topic|judge_expr|0.8676
trec-covid|bm25+rankfirst|optimal_per_topic|rankgpt|0.882
trec-covid|bm25+rankfirst|optimal_per_topic|setmaxheaptopk|0.8794
trec-covid|bm25+rankfirst|quantile|judge|0.7423
trec-covid|bm25+rankfirst|quantile|judge_expr|0.5424
trec-covid|bm25+rankfirst|quantile|rankgpt|0.6882
trec-covid|bm25+rankfirst|quantile|setmaxheaptopk|0.6374
trec-covid|bm25+rankfirst|rank|judge|0.4239
trec-covid|bm25+rankfirst|rank|judge_expr|0.3405
trec-covid|bm25+rankfirst|rank|rankgpt|0.4014
trec-covid|bm25+rankfirst|rank|setmaxheaptopk|0.4089
trec-covid|bm25+rankfirst|thresholding|judge|0.7455
trec-covid|bm25+rankfirst|thresholding|judge_expr|0.7252
trec-covid|bm25+rankfirst|thresholding|rankgpt|0.0
trec-covid|bm25+rankfirst|thresholding|setmaxheaptopk|0.0
trec-covid|bm25+rankgpt|direct|judge|0.6509
trec-covid|bm25+rankgpt|direct|judge_expr|0.6164
trec-covid|bm25+rankgpt|direct|rankgpt|0.3435
trec-covid|bm25+rankgpt|direct|setmaxheaptopk|0.3423
trec-covid|bm25+rankgpt|largest_gap|judge|0.5018
trec-covid|bm25+rankgpt|largest_gap|judge_expr|0.6344
trec-covid|bm25+rankgpt|largest_gap|rankgpt|0.3435
trec-covid|bm25+rankgpt|largest_gap|setmaxheaptopk|0.3423
trec-covid|bm25+rankgpt|optimal_global|judge|0.7603
trec-covid|bm25+rankgpt|optimal_global|judge_expr|0.7571
trec-covid|bm25+rankgpt|optimal_global|rankgpt|0.763
trec-covid|bm25+rankgpt|optimal_global|setmaxheaptopk|0.763
trec-covid|bm25+rankgpt|optimal_per_topic|judge|0.7256
trec-covid|bm25+rankgpt|optimal_per_topic|judge_expr|0.7385
trec-covid|bm25+rankgpt|optimal_per_topic|rankgpt|0.7543
trec-covid|bm25+rankgpt|optimal_per_topic|setmaxheaptopk|0.7568
trec-covid|bm25+rankgpt|quantile|judge|0.6158
trec-covid|bm25+rankgpt|quantile|judge_expr|0.4781
trec-covid|bm25+rankgpt|quantile|rankgpt|0.5421
trec-covid|bm25+rankgpt|quantile|setmaxheaptopk|0.4954
trec-covid|bm25+rankgpt|rank|judge|0.3297
trec-covid|bm25+rankgpt|rank|judge_expr|0.3155
trec-covid|bm25+rankgpt|rank|rankgpt|0.3539
trec-covid|bm25+rankgpt|rank|setmaxheaptopk|0.3314
trec-covid|bm25+rankgpt|thresholding|judge|0.6511
trec-covid|bm25+rankgpt|thresholding|judge_expr|0.6256
trec-covid|bm25+rankgpt|thresholding|rankgpt|0.0
trec-covid|bm25+rankgpt|thresholding|setmaxheaptopk|0.0
trec-covid|bm25+rankzephyr|direct|judge|0.4253
trec-covid|bm25+rankzephyr|direct|judge_expr|0.3747
trec-covid|bm25+rankzephyr|direct|rankgpt|0.1324
trec-covid|bm25+rankzephyr|largest_gap|judge|0.2982
trec-covid|bm25+rankzephyr|largest_gap|judge_expr|0.3844
trec-covid|bm25+rankzephyr|largest_gap|rankgpt|0.1324
trec-covid|bm25+rankzephyr|optimal_global|judge|0.5709
trec-covid|bm25+rankzephyr|optimal_global|judge_expr|0.566
trec-covid|bm25+rankzephyr|optimal_global|rankgpt|0.5736
trec-covid|bm25+rankzephyr|optimal_per_topic|judge|0.5301
trec-covid|bm25+rankzephyr|optimal_per_topic|judge_expr|0.5271
trec-covid|bm25+rankzephyr|optimal_per_topic|rankgpt|0.5553
trec-covid|bm25+rankzephyr|quantile|judge|0.3703
trec-covid|bm25+rankzephyr|quantile|judge_expr|0.2456
trec-covid|bm25+rankzephyr|quantile|rankgpt|0.3266
trec-covid|bm25+rankzephyr|rank|judge|0.1766
trec-covid|bm25+rankzephyr|rank|judge_expr|0.1317
trec-covid|bm25+rankzephyr|rank|rankgpt|0.1714
trec-covid|bm25+rankzephyr|thresholding|judge|0.3976
trec-covid|bm25+rankzephyr|thresholding|judge_expr|0.3765
trec-covid|bm25+rankzephyr|thresholding|rankgpt|0.0
trec-covid|bm25+setmaxheaptopk|direct|judge|0.6691
trec-covid|bm25+setmaxheaptopk|direct|judge_expr|0.6399
trec-covid|bm25+setmaxheaptopk|direct|rankgpt|0.3286
trec-covid|bm25+setmaxheaptopk|direct|setmaxheaptopk|0.3346
trec-covid|bm25+setmaxheaptopk|largest_gap|judge|0.5132
trec-covid|bm25+setmaxheaptopk|largest_gap|judge_expr|0.6528
trec-covid|bm25+setmaxheaptopk|largest_gap|rankgpt|0.3286
trec-covid|bm25+setmaxheaptopk|largest_gap|setmaxheaptopk|0.3346
trec-covid|bm25+setmaxheaptopk|optimal_global|judge|0.756
trec-covid|bm25+setmaxheaptopk|optimal_global|judge_expr|0.756
trec-covid|bm25+setmaxheaptopk|optimal_global|rankgpt|0.756
trec-covid|bm25+setmaxheaptopk|optimal_global|setmaxheaptopk|0.756
trec-covid|bm25+setmaxheaptopk|optimal_per_topic|judge|0.7371
trec-covid|bm25+setmaxheaptopk|optimal_per_topic|judge_expr|0.7448
trec-covid|bm25+setmaxheaptopk|optimal_per_topic|rankgpt|0.7519
trec-covid|bm25+setmaxheaptopk|optimal_per_topic|setmaxheaptopk|0.7515
trec-covid|bm25+setmaxheaptopk|quantile|judge|0.6494
trec-covid|bm25+setmaxheaptopk|quantile|judge_expr|0.5191
trec-covid|bm25+setmaxheaptopk|quantile|rankgpt|0.5483
trec-covid|bm25+setmaxheaptopk|quantile|setmaxheaptopk|0.5359
trec-covid|bm25+setmaxheaptopk|rank|judge|0.3354
trec-covid|bm25+setmaxheaptopk|rank|judge_expr|0.3191
trec-covid|bm25+setmaxheaptopk|rank|rankgpt|0.3385
trec-covid|bm25+setmaxheaptopk|rank|setmaxheaptopk|0.367
trec-covid|bm25+setmaxheaptopk|thresholding|judge|0.6821
trec-covid|bm25+setmaxheaptopk|thresholding|judge_expr|0.6594
trec-covid|bm25+setmaxheaptopk|thresholding|rankgpt|0.0
trec-covid|bm25+setmaxheaptopk|thresholding|setmaxheaptopk|0.0
trec-covid|colbert-small|direct|judge|0.6795
trec-covid|colbert-small|direct|judge_expr|0.6286
trec-covid|colbert-small|direct|rankgpt|0.2782
trec-covid|colbert-small|direct|setmaxheaptopk|0.2393
trec-covid|colbert-small|largest_gap|judge|0.4626
trec-covid|colbert-small|largest_gap|judge_expr|0.6519
trec-covid|colbert-small|largest_gap|rankgpt|0.2782
trec-covid|colbert-small|largest_gap|setmaxheaptopk|0.2393
trec-covid|colbert-small|optimal_global|judge|0.8447
trec-covid|colbert-small|optimal_global|judge_expr|0.8432
trec-covid|colbert-small|optimal_global|rankgpt|0.8447
trec-covid|colbert-small|optimal_global|setmaxheaptopk|0.8447
trec-covid|colbert-small|optimal_per_topic|judge|0.8141
trec-covid|colbert-small|optimal_per_topic|judge_expr|0.8213
trec-covid|colbert-small|optimal_per_topic|rankgpt|0.8393
trec-covid|colbert-small|optimal_per_topic|setmaxheaptopk|0.8319
trec-covid|colbert-small|quantile|judge|0.6143
trec-covid|colbert-small|quantile|judge_expr|0.4131
trec-covid|colbert-small|quantile|rankgpt|0.5725
trec-covid|colbert-small|quantile|setmaxheaptopk|0.4715
trec-covid|colbert-small|rank|judge|0.3253
trec-covid|colbert-small|rank|judge_expr|0.2147
trec-covid|colbert-small|rank|rankgpt|0.2954
trec-covid|colbert-small|rank|setmaxheaptopk|0.2685
trec-covid|colbert-small|thresholding|judge|0.675
trec-covid|colbert-small|thresholding|judge_expr|0.6494
trec-covid|colbert-small|thresholding|rankgpt|0.0
trec-covid|colbert-small|thresholding|setmaxheaptopk|0.0
trec-covid|colbert-small+judge|direct|judge|0.7039
trec-covid|colbert-small+judge|direct|judge_expr|0.6963
trec-covid|colbert-small+judge|direct|rankgpt|0.1615
trec-covid|colbert-small+judge|direct|setmaxheaptopk|0.1758
trec-covid|colbert-small+judge|largest_gap|judge|0.677
trec-covid|colbert-small+judge|largest_gap|judge_expr|0.7128
trec-covid|colbert-small+judge|largest_gap|rankgpt|0.1615
trec-covid|colbert-small+judge|largest_gap|setmaxheaptopk|0.1758
trec-covid|colbert-small+judge|optimal_global|judge|0.7107
trec-covid|colbert-small+judge|optimal_global|judge_expr|0.7107
trec-covid|colbert-small+judge|optimal_global|rankgpt|0.7107
trec-covid|colbert-small+judge|optimal_global|setmaxheaptopk|0.7107
trec-covid|colbert-small+judge|optimal_per_topic|judge|0.7107
trec-covid|colbert-small+judge|optimal_per_topic|judge_expr|0.7107
trec-covid|colbert-small+judge|optimal_per_topic|rankgpt|0.6913
trec-covid|colbert-small+judge|optimal_per_topic|setmaxheaptopk|0.7015
trec-covid|colbert-small+judge|quantile|judge|0.7053
trec-covid|colbert-small+judge|quantile|judge_expr|0.5632
trec-covid|colbert-small+judge|quantile|rankgpt|0.4616
trec-covid|colbert-small+judge|quantile|setmaxheaptopk|0.4181
trec-covid|colbert-small+judge|rank|judge|0.4238
trec-covid|colbert-small+judge|rank|judge_expr|0.3878
trec-covid|colbert-small+judge|rank|rankgpt|0.2558
trec-covid|colbert-small+judge|rank|setmaxheaptopk|0.2574
trec-covid|colbert-small+judge|thresholding|judge|0.7036
trec-covid|colbert-small+judge|thresholding|judge_expr|0.7036
trec-covid|colbert-small+judge|thresholding|rankgpt|0.0
trec-covid|colbert-small+judge|thresholding|setmaxheaptopk|0.0
trec-covid|colbert-small+judge_expr|direct|judge|0.7603
trec-covid|colbert-small+judge_expr|direct|judge_expr|0.7561
trec-covid|colbert-small+judge_expr|direct|rankgpt|0.3411
trec-covid|colbert-small+judge_expr|direct|setmaxheaptopk|0.3257
trec-covid|colbert-small+judge_expr|largest_gap|judge|0.743
trec-covid|colbert-small+judge_expr|largest_gap|judge_expr|0.7721
trec-covid|colbert-small+judge_expr|largest_gap|rankgpt|0.3411
trec-covid|colbert-small+judge_expr|largest_gap|setmaxheaptopk|0.3257
trec-covid|colbert-small+judge_expr|optimal_global|judge|0.7649
trec-covid|colbert-small+judge_expr|optimal_global|judge_expr|0.7649
trec-covid|colbert-small+judge_expr|optimal_global|rankgpt|0.7649
trec-covid|colbert-small+judge_expr|optimal_global|setmaxheaptopk|0.7649
trec-covid|colbert-small+judge_expr|optimal_per_topic|judge|0.7649
trec-covid|colbert-small+judge_expr|optimal_per_topic|judge_expr|0.7649
trec-covid|colbert-small+judge_expr|optimal_per_topic|rankgpt|0.7498
trec-covid|colbert-small+judge_expr|optimal_per_topic|setmaxheaptopk|0.7567
trec-covid|colbert-small+judge_expr|quantile|judge|0.7637
trec-covid|colbert-small+judge_expr|quantile|judge_expr|0.7556
trec-covid|colbert-small+judge_expr|quantile|rankgpt|0.5333
trec-covid|colbert-small+judge_expr|quantile|setmaxheaptopk|0.534
trec-covid|colbert-small+judge_expr|rank|judge|0.475
trec-covid|colbert-small+judge_expr|rank|judge_expr|0.6634
trec-covid|colbert-small+judge_expr|rank|rankgpt|0.3503
trec-covid|colbert-small+judge_expr|rank|setmaxheaptopk|0.3684
trec-covid|colbert-small+judge_expr|thresholding|judge|0.7572
trec-covid|colbert-small+judge_expr|thresholding|judge_expr|0.7572
trec-covid|colbert-small+judge_expr|thresholding|rankgpt|0.0
trec-covid|colbert-small+judge_expr|thresholding|setmaxheaptopk|0.0
trec-covid|colbert-small+point|direct|judge|0.5421
trec-covid|colbert-small+point|direct|judge_expr|0.504
trec-covid|colbert-small+point|direct|rankgpt|0.1889
trec-covid|colbert-small+point|direct|setmaxheaptopk|0.1203
trec-covid|colbert-small+point|largest_gap|judge|0.3613
trec-covid|colbert-small+point|largest_gap|judge_expr|0.5299
trec-covid|colbert-small+point|largest_gap|rankgpt|0.1889
trec-covid|colbert-small+point|largest_gap|setmaxheaptopk|0.1203
trec-covid|colbert-small+point|optimal_global|judge|0.6532
trec-covid|colbert-small+point|optimal_global|judge_expr|0.6519
trec-covid|colbert-small+point|optimal_global|rankgpt|0.6532
trec-covid|colbert-small+point|optimal_global|setmaxheaptopk|0.6532
trec-covid|colbert-small+point|optimal_per_topic|judge|0.6487
trec-covid|colbert-small+point|optimal_per_topic|judge_expr|0.65
trec-covid|colbert-small+point|optimal_per_topic|rankgpt|0.6428
trec-covid|colbert-small+point|optimal_per_topic|setmaxheaptopk|0.6426
trec-covid|colbert-small+point|quantile|judge|0.4925
trec-covid|colbert-small+point|quantile|judge_expr|0.3359
trec-covid|colbert-small+point|quantile|rankgpt|0.3907
trec-covid|colbert-small+point|quantile|setmaxheaptopk|0.3552
trec-covid|colbert-small+point|rank|judge|0.2047
trec-covid|colbert-small+point|rank|judge_expr|0.1683
trec-covid|colbert-small+point|rank|rankgpt|0.2119
trec-covid|colbert-small+point|rank|setmaxheaptopk|0.2048
trec-covid|colbert-small+point|thresholding|judge|0.5519
trec-covid|colbert-small+point|thresholding|judge_expr|0.5252
trec-covid|colbert-small+point|thresholding|rankgpt|0.0
trec-covid|colbert-small+point|thresholding|setmaxheaptopk|0.0
trec-covid|colbert-small+rankfirst|direct|judge|0.8104
trec-covid|colbert-small+rankfirst|direct|judge_expr|0.7726
trec-covid|colbert-small+rankfirst|direct|rankgpt|0.4533
trec-covid|colbert-small+rankfirst|direct|setmaxheaptopk|0.4343
trec-covid|colbert-small+rankfirst|largest_gap|judge|0.6485
trec-covid|colbert-small+rankfirst|largest_gap|judge_expr|0.7956
trec-covid|colbert-small+rankfirst|largest_gap|rankgpt|0.4533
trec-covid|colbert-small+rankfirst|largest_gap|setmaxheaptopk|0.4343
trec-covid|colbert-small+rankfirst|optimal_global|judge|0.9117
trec-covid|colbert-small+rankfirst|optimal_global|judge_expr|0.9117
trec-covid|colbert-small+rankfirst|optimal_global|rankgpt|0.9117
trec-covid|colbert-small+rankfirst|optimal_global|setmaxheaptopk|0.9117
trec-covid|colbert-small+rankfirst|optimal_per_topic|judge|0.9032
trec-covid|colbert-small+rankfirst|optimal_per_topic|judge_expr|0.9038
trec-covid|colbert-small+rankfirst|optimal_per_topic|rankgpt|0.9068
trec-covid|colbert-small+rankfirst|optimal_per_topic|setmaxheaptopk|0.9015
trec-covid|colbert-small+rankfirst|quantile|judge|0.8112
trec-covid|colbert-small+rankfirst|quantile|judge_expr|0.6452
trec-covid|colbert-small+rankfirst|quantile|rankgpt|0.7533
trec-covid|colbert-small+rankfirst|quantile|setmaxheaptopk|0.691
trec-covid|colbert-small+rankfirst|rank|judge|0.4671
trec-covid|colbert-small+rankfirst|rank|judge_expr|0.3739
trec-covid|colbert-small+rankfirst|rank|rankgpt|0.4597
trec-covid|colbert-small+rankfirst|rank|setmaxheaptopk|0.4658
trec-covid|colbert-small+rankfirst|thresholding|judge|0.8066
trec-covid|colbert-small+rankfirst|thresholding|judge_expr|0.7961
trec-covid|colbert-small+rankfirst|thresholding|rankgpt|0.0
trec-covid|colbert-small+rankfirst|thresholding|setmaxheaptopk|0.0
trec-covid|colbert-small+rankgpt|direct|judge|0.7474
trec-covid|colbert-small+rankgpt|direct|judge_expr|0.7055
trec-covid|colbert-small+rankgpt|direct|rankgpt|0.4814
trec-covid|colbert-small+rankgpt|direct|setmaxheaptopk|0.3748
trec-covid|colbert-small+rankgpt|largest_gap|judge|0.5908
trec-covid|colbert-small+rankgpt|largest_gap|judge_expr|0.7361
trec-covid|colbert-small+rankgpt|largest_gap|rankgpt|0.4814
trec-covid|colbert-small+rankgpt|largest_gap|setmaxheaptopk|0.3748
trec-covid|colbert-small+rankgpt|optimal_global|judge|0.8549
trec-covid|colbert-small+rankgpt|optimal_global|judge_expr|0.8523
trec-covid|colbert-small+rankgpt|optimal_global|rankgpt|0.8549
trec-covid|colbert-small+rankgpt|optimal_global|setmaxheaptopk|0.8549
trec-covid|colbert-small+rankgpt|optimal_per_topic|judge|0.8381
trec-covid|colbert-small+rankgpt|optimal_per_topic|judge_expr|0.8399
trec-covid|colbert-small+rankgpt|optimal_per_topic|rankgpt|0.8504
trec-covid|colbert-small+rankgpt|optimal_per_topic|setmaxheaptopk|0.8444
trec-covid|colbert-small+rankgpt|quantile|judge|0.7334
trec-covid|colbert-small+rankgpt|quantile|judge_expr|0.5742
trec-covid|colbert-small+rankgpt|quantile|rankgpt|0.6513
trec-covid|colbert-small+rankgpt|quantile|setmaxheaptopk|0.5943
trec-covid|colbert-small+rankgpt|rank|judge|0.3781
trec-covid|colbert-small+rankgpt|rank|judge_expr|0.3147
trec-covid|colbert-small+rankgpt|rank|rankgpt|0.428
trec-covid|colbert-small+rankgpt|rank|setmaxheaptopk|0.4035
trec-covid|colbert-small+rankgpt|thresholding|judge|0.7433
trec-covid|colbert-small+rankgpt|thresholding|judge_expr|0.7216
trec-covid|colbert-small+rankgpt|thresholding|rankgpt|0.0
trec-covid|colbert-small+rankgpt|thresholding|setmaxheaptopk|0.0
trec-covid|colbert-small+rankzephyr|direct|judge|0.6912
trec-covid|colbert-small+rankzephyr|direct|judge_expr|0.6397
trec-covid|colbert-small+rankzephyr|direct|rankgpt|0.2686
trec-covid|colbert-small+rankzephyr|largest_gap|judge|0.4684
trec-covid|colbert-small+rankzephyr|largest_gap|judge_expr|0.663
trec-covid|colbert-small+rankzephyr|largest_gap|rankgpt|0.2686
trec-covid|colbert-small+rankzephyr|optimal_global|judge|0.8577
trec-covid|colbert-small+rankzephyr|optimal_global|judge_expr|0.8561
trec-covid|colbert-small+rankzephyr|optimal_global|rankgpt|0.8577
trec-covid|colbert-small+rankzephyr|optimal_per_topic|judge|0.8264
trec-covid|colbert-small+rankzephyr|optimal_per_topic|judge_expr|0.8347
trec-covid|colbert-small+rankzephyr|optimal_per_topic|rankgpt|0.8501
trec-covid|colbert-small+rankzephyr|quantile|judge|0.6298
trec-covid|colbert-small+rankzephyr|quantile|judge_expr|0.4255
trec-covid|colbert-small+rankzephyr|quantile|rankgpt|0.5758
trec-covid|colbert-small+rankzephyr|rank|judge|0.3318
trec-covid|colbert-small+rankzephyr|rank|judge_expr|0.2153
trec-covid|colbert-small+rankzephyr|rank|rankgpt|0.3049
trec-covid|colbert-small+rankzephyr|thresholding|judge|0.6893
trec-covid|colbert-small+rankzephyr|thresholding|judge_expr|0.6617
trec-covid|colbert-small+rankzephyr|thresholding|rankgpt|0.0
trec-covid|colbert-small+setmaxheaptopk|direct|judge|0.7098
trec-covid|colbert-small+setmaxheaptopk|direct|judge_expr|0.6817
trec-covid|colbert-small+setmaxheaptopk|direct|rankgpt|0.4311
trec-covid|colbert-small+setmaxheaptopk|direct|setmaxheaptopk|0.4045
trec-covid|colbert-small+setmaxheaptopk|largest_gap|judge|0.5831
trec-covid|colbert-small+setmaxheaptopk|largest_gap|judge_expr|0.7027
trec-covid|colbert-small+setmaxheaptopk|largest_gap|rankgpt|0.4311
trec-covid|colbert-small+setmaxheaptopk|largest_gap|setmaxheaptopk|0.4045
trec-covid|colbert-small+setmaxheaptopk|optimal_global|judge|0.7966
trec-covid|colbert-small+setmaxheaptopk|optimal_global|judge_expr|0.7966
trec-covid|colbert-small+setmaxheaptopk|optimal_global|rankgpt|0.7966
trec-covid|colbert-small+setmaxheaptopk|optimal_global|setmaxheaptopk|0.7966
trec-covid|colbert-small+setmaxheaptopk|optimal_per_topic|judge|0.7905
trec-covid|colbert-small+setmaxheaptopk|optimal_per_topic|judge_expr|0.7921
trec-covid|colbert-small+setmaxheaptopk|optimal_per_topic|rankgpt|0.7884
trec-covid|colbert-small+setmaxheaptopk|optimal_per_topic|setmaxheaptopk|0.7926
trec-covid|colbert-small+setmaxheaptopk|quantile|judge|0.7091
trec-covid|colbert-small+setmaxheaptopk|quantile|judge_expr|0.584
trec-covid|colbert-small+setmaxheaptopk|quantile|rankgpt|0.607
trec-covid|colbert-small+setmaxheaptopk|quantile|setmaxheaptopk|0.6044
trec-covid|colbert-small+setmaxheaptopk|rank|judge|0.3896
trec-covid|colbert-small+setmaxheaptopk|rank|judge_expr|0.3583
trec-covid|colbert-small+setmaxheaptopk|rank|rankgpt|0.4218
trec-covid|colbert-small+setmaxheaptopk|rank|setmaxheaptopk|0.4367
trec-covid|colbert-small+setmaxheaptopk|thresholding|judge|0.7088
trec-covid|colbert-small+setmaxheaptopk|thresholding|judge_expr|0.694
trec-covid|colbert-small+setmaxheaptopk|thresholding|rankgpt|0.0
trec-covid|colbert-small+setmaxheaptopk|thresholding|setmaxheaptopk|0.0
trec-covid|nomicai-modernbert-embed|direct|judge|0.817
trec-covid|nomicai-modernbert-embed|direct|judge_expr|0.7535
trec-covid|nomicai-modernbert-embed|direct|rankgpt|0.4818
trec-covid|nomicai-modernbert-embed|direct|setmaxheaptopk|0.6136
trec-covid|nomicai-modernbert-embed|largest_gap|judge|0.57
trec-covid|nomicai-modernbert-embed|largest_gap|judge_expr|0.7782
trec-covid|nomicai-modernbert-embed|largest_gap|rankgpt|0.4818
trec-covid|nomicai-modernbert-embed|largest_gap|setmaxheaptopk|0.6136
trec-covid|nomicai-modernbert-embed|optimal_global|judge|0.9943
trec-covid|nomicai-modernbert-embed|optimal_global|judge_expr|0.9921
trec-covid|nomicai-modernbert-embed|optimal_global|rankgpt|1.0
trec-covid|nomicai-modernbert-embed|optimal_global|setmaxheaptopk|1.0
trec-covid|nomicai-modernbert-embed|optimal_per_topic|judge|0.9599
trec-covid|nomicai-modernbert-embed|optimal_per_topic|judge_expr|0.9775
trec-covid|nomicai-modernbert-embed|optimal_per_topic|rankgpt|1.0
trec-covid|nomicai-modernbert-embed|optimal_per_topic|setmaxheaptopk|0.9936
trec-covid|nomicai-modernbert-embed|quantile|judge|0.7824
trec-covid|nomicai-modernbert-embed|quantile|judge_expr|0.5404
trec-covid|nomicai-modernbert-embed|quantile|rankgpt|1.0
trec-covid|nomicai-modernbert-embed|quantile|setmaxheaptopk|0.7178
trec-covid|nomicai-modernbert-embed|rank|judge|0.5904
trec-covid|nomicai-modernbert-embed|rank|judge_expr|0.2604
trec-covid|nomicai-modernbert-embed|rank|rankgpt|0.5127
trec-covid|nomicai-modernbert-embed|rank|setmaxheaptopk|0.4511
trec-covid|nomicai-modernbert-embed|thresholding|judge|0.8036
trec-covid|nomicai-modernbert-embed|thresholding|judge_expr|0.779
trec-covid|nomicai-modernbert-embed|thresholding|rankgpt|0.0
trec-covid|nomicai-modernbert-embed|thresholding|setmaxheaptopk|0.0
trec-covid|nomicai-modernbert-embed+judge|direct|judge|1.0
trec-covid|nomicai-modernbert-embed+judge|direct|judge_expr|0.9899
trec-covid|nomicai-modernbert-embed+judge|direct|rankgpt|0.1682
trec-covid|nomicai-modernbert-embed+judge|direct|setmaxheaptopk|0.208
trec-covid|nomicai-modernbert-embed+judge|largest_gap|judge|1.0
trec-covid|nomicai-modernbert-embed+judge|largest_gap|judge_expr|0.9907
trec-covid|nomicai-modernbert-embed+judge|largest_gap|rankgpt|0.1682
trec-covid|nomicai-modernbert-embed+judge|largest_gap|setmaxheaptopk|0.208
trec-covid|nomicai-modernbert-embed+judge|optimal_global|judge|1.0
trec-covid|nomicai-modernbert-embed+judge|optimal_global|judge_expr|1.0
trec-covid|nomicai-modernbert-embed+judge|optimal_global|rankgpt|1.0
trec-covid|nomicai-modernbert-embed+judge|optimal_global|setmaxheaptopk|1.0
trec-covid|nomicai-modernbert-embed+judge|optimal_per_topic|judge|1.0
trec-covid|nomicai-modernbert-embed+judge|optimal_per_topic|judge_expr|1.0
trec-covid|nomicai-modernbert-embed+judge|optimal_per_topic|rankgpt|0.9623
trec-covid|nomicai-modernbert-embed+judge|optimal_per_topic|setmaxheaptopk|0.9904
trec-covid|nomicai-modernbert-embed+judge|quantile|judge|1.0
trec-covid|nomicai-modernbert-embed+judge|quantile|judge_expr|0.8007
trec-covid|nomicai-modernbert-embed+judge|quantile|rankgpt|0.4967
trec-covid|nomicai-modernbert-embed+judge|quantile|setmaxheaptopk|0.5293
trec-covid|nomicai-modernbert-embed+judge|rank|judge|0.5269
trec-covid|nomicai-modernbert-embed+judge|rank|judge_expr|0.5479
trec-covid|nomicai-modernbert-embed+judge|rank|rankgpt|0.2577
trec-covid|nomicai-modernbert-embed+judge|rank|setmaxheaptopk|0.3109
trec-covid|nomicai-modernbert-embed+judge|thresholding|judge|1.0
trec-covid|nomicai-modernbert-embed+judge|thresholding|judge_expr|0.9765
trec-covid|nomicai-modernbert-embed+judge|thresholding|rankgpt|0.0
trec-covid|nomicai-modernbert-embed+judge|thresholding|setmaxheaptopk|0.0
trec-covid|nomicai-modernbert-embed+judge_expr|direct|judge|0.9993
trec-covid|nomicai-modernbert-embed+judge_expr|direct|judge_expr|1.0
trec-covid|nomicai-modernbert-embed+judge_expr|direct|rankgpt|0.3225
trec-covid|nomicai-modernbert-embed+judge_expr|direct|setmaxheaptopk|0.3277
trec-covid|nomicai-modernbert-embed+judge_expr|largest_gap|judge|0.9926
trec-covid|nomicai-modernbert-embed+judge_expr|largest_gap|judge_expr|1.0
trec-covid|nomicai-modernbert-embed+judge_expr|largest_gap|rankgpt|0.3225
trec-covid|nomicai-modernbert-embed+judge_expr|largest_gap|setmaxheaptopk|0.3277
trec-covid|nomicai-modernbert-embed+judge_expr|optimal_global|judge|1.0
trec-covid|nomicai-modernbert-embed+judge_expr|optimal_global|judge_expr|1.0
trec-covid|nomicai-modernbert-embed+judge_expr|optimal_global|rankgpt|1.0
trec-covid|nomicai-modernbert-embed+judge_expr|optimal_global|setmaxheaptopk|1.0
trec-covid|nomicai-modernbert-embed+judge_expr|optimal_per_topic|judge|1.0
trec-covid|nomicai-modernbert-embed+judge_expr|optimal_per_topic|judge_expr|1.0
trec-covid|nomicai-modernbert-embed+judge_expr|optimal_per_topic|rankgpt|0.9711
trec-covid|nomicai-modernbert-embed+judge_expr|optimal_per_topic|setmaxheaptopk|0.9942
trec-covid|nomicai-modernbert-embed+judge_expr|quantile|judge|1.0
trec-covid|nomicai-modernbert-embed+judge_expr|quantile|judge_expr|1.0
trec-covid|nomicai-modernbert-embed+judge_expr|quantile|rankgpt|0.5846
trec-covid|nomicai-modernbert-embed+judge_expr|quantile|setmaxheaptopk|0.6417
trec-covid|nomicai-modernbert-embed+judge_expr|rank|judge|0.5587
trec-covid|nomicai-modernbert-embed+judge_expr|rank|judge_expr|0.992
trec-covid|nomicai-modernbert-embed+judge_expr|rank|rankgpt|0.3763
trec-covid|nomicai-modernbert-embed+judge_expr|rank|setmaxheaptopk|0.4257
trec-covid|nomicai-modernbert-embed+judge_expr|thresholding|judge|0.9926
trec-covid|nomicai-modernbert-embed+judge_expr|thresholding|judge_expr|0.98
trec-covid|nomicai-modernbert-embed+judge_expr|thresholding|rankgpt|0.0
trec-covid|nomicai-modernbert-embed+judge_expr|thresholding|setmaxheaptopk|0.0
trec-covid|nomicai-modernbert-embed+point|direct|judge|0.8129
trec-covid|nomicai-modernbert-embed+point|direct|judge_expr|0.7473
trec-covid|nomicai-modernbert-embed+point|direct|rankgpt|0.2012
trec-covid|nomicai-modernbert-embed+point|direct|setmaxheaptopk|0.1115
trec-covid|nomicai-modernbert-embed+point|largest_gap|judge|0.523
trec-covid|nomicai-modernbert-embed+point|largest_gap|judge_expr|0.7783
trec-covid|nomicai-modernbert-embed+point|largest_gap|rankgpt|0.2012
trec-covid|nomicai-modernbert-embed+point|largest_gap|setmaxheaptopk|0.1115
trec-covid|nomicai-modernbert-embed+point|optimal_global|judge|1.0
trec-covid|nomicai-modernbert-embed+point|optimal_global|judge_expr|0.9974
trec-covid|nomicai-modernbert-embed+point|optimal_global|rankgpt|1.0
trec-covid|nomicai-modernbert-embed+point|optimal_global|setmaxheaptopk|1.0
trec-covid|nomicai-modernbert-embed+point|optimal_per_topic|judge|0.9879
trec-covid|nomicai-modernbert-embed+point|optimal_per_topic|judge_expr|0.989
trec-covid|nomicai-modernbert-embed+point|optimal_per_topic|rankgpt|0.9781
trec-covid|nomicai-modernbert-embed+point|optimal_per_topic|setmaxheaptopk|0.984
trec-covid|nomicai-modernbert-embed+point|quantile|judge|0.7131
trec-covid|nomicai-modernbert-embed+point|quantile|judge_expr|0.4685
trec-covid|nomicai-modernbert-embed+point|quantile|rankgpt|0.4589
trec-covid|nomicai-modernbert-embed+point|quantile|setmaxheaptopk|0.4745
trec-covid|nomicai-modernbert-embed+point|rank|judge|0.2303
trec-covid|nomicai-modernbert-embed+point|rank|judge_expr|0.226
trec-covid|nomicai-modernbert-embed+point|rank|rankgpt|0.2303
trec-covid|nomicai-modernbert-embed+point|rank|setmaxheaptopk|0.2481
trec-covid|nomicai-modernbert-embed+point|thresholding|judge|0.8077
trec-covid|nomicai-modernbert-embed+point|thresholding|judge_expr|0.7621
trec-covid|nomicai-modernbert-embed+point|thresholding|rankgpt|0.0
trec-covid|nomicai-modernbert-embed+point|thresholding|setmaxheaptopk|0.0
trec-covid|nomicai-modernbert-embed+rankfirst|direct|judge|0.9016
trec-covid|nomicai-modernbert-embed+rankfirst|direct|judge_expr|0.8644
trec-covid|nomicai-modernbert-embed+rankfirst|direct|rankgpt|0.5735
trec-covid|nomicai-modernbert-embed+rankfirst|direct|setmaxheaptopk|0.569
trec-covid|nomicai-modernbert-embed+rankfirst|largest_gap|judge|0.7205
trec-covid|nomicai-modernbert-embed+rankfirst|largest_gap|judge_expr|0.8945
trec-covid|nomicai-modernbert-embed+rankfirst|largest_gap|rankgpt|0.5735
trec-covid|nomicai-modernbert-embed+rankfirst|largest_gap|setmaxheaptopk|0.569
trec-covid|nomicai-modernbert-embed+rankfirst|optimal_global|judge|1.0
trec-covid|nomicai-modernbert-embed+rankfirst|optimal_global|judge_expr|1.0
trec-covid|nomicai-modernbert-embed+rankfirst|optimal_global|rankgpt|1.0
trec-covid|nomicai-modernbert-embed+rankfirst|optimal_global|setmaxheaptopk|1.0
trec-covid|nomicai-modernbert-embed+rankfirst|optimal_per_topic|judge|0.9908
trec-covid|nomicai-modernbert-embed+rankfirst|optimal_per_topic|judge_expr|0.9946
trec-covid|nomicai-modernbert-embed+rankfirst|optimal_per_topic|rankgpt|0.9981
trec-covid|nomicai-modernbert-embed+rankfirst|optimal_per_topic|setmaxheaptopk|0.9968
trec-covid|nomicai-modernbert-embed+rankfirst|quantile|judge|0.9104
trec-covid|nomicai-modernbert-embed+rankfirst|quantile|judge_expr|0.7501
trec-covid|nomicai-modernbert-embed+rankfirst|quantile|rankgpt|0.8338
trec-covid|nomicai-modernbert-embed+rankfirst|quantile|setmaxheaptopk|0.7921
trec-covid|nomicai-modernbert-embed+rankfirst|rank|judge|0.5427
trec-covid|nomicai-modernbert-embed+rankfirst|rank|judge_expr|0.4305
trec-covid|nomicai-modernbert-embed+rankfirst|rank|rankgpt|0.5113
trec-covid|nomicai-modernbert-embed+rankfirst|rank|setmaxheaptopk|0.5385
trec-covid|nomicai-modernbert-embed+rankfirst|thresholding|judge|0.9047
trec-covid|nomicai-modernbert-embed+rankfirst|thresholding|judge_expr|0.8889
trec-covid|nomicai-modernbert-embed+rankfirst|thresholding|rankgpt|0.0
trec-covid|nomicai-modernbert-embed+rankfirst|thresholding|setmaxheaptopk|0.0
trec-covid|nomicai-modernbert-embed+rankgpt|direct|judge|0.8734
trec-covid|nomicai-modernbert-embed+rankgpt|direct|judge_expr|0.8249
trec-covid|nomicai-modernbert-embed+rankgpt|direct|rankgpt|1.0
trec-covid|nomicai-modernbert-embed+rankgpt|direct|setmaxheaptopk|0.547
trec-covid|nomicai-modernbert-embed+rankgpt|largest_gap|judge|0.6896
trec-covid|nomicai-modernbert-embed+rankgpt|largest_gap|judge_expr|0.8604
trec-covid|nomicai-modernbert-embed+rankgpt|largest_gap|rankgpt|1.0
trec-covid|nomicai-modernbert-embed+rankgpt|largest_gap|setmaxheaptopk|0.547
trec-covid|nomicai-modernbert-embed+rankgpt|optimal_global|judge|0.9984
trec-covid|nomicai-modernbert-embed+rankgpt|optimal_global|judge_expr|0.9986
trec-covid|nomicai-modernbert-embed+rankgpt|optimal_global|rankgpt|1.0
trec-covid|nomicai-modernbert-embed+rankgpt|optimal_global|setmaxheaptopk|1.0
trec-covid|nomicai-modernbert-embed+rankgpt|optimal_per_topic|judge|0.9871
trec-covid|nomicai-modernbert-embed+rankgpt|optimal_per_topic|judge_expr|0.9917
trec-covid|nomicai-modernbert-embed+rankgpt|optimal_per_topic|rankgpt|1.0
trec-covid|nomicai-modernbert-embed+rankgpt|optimal_per_topic|setmaxheaptopk|0.9899
trec-covid|nomicai-modernbert-embed+rankgpt|quantile|judge|0.8872
trec-covid|nomicai-modernbert-embed+rankgpt|quantile|judge_expr|0.7128
trec-covid|nomicai-modernbert-embed+rankgpt|quantile|rankgpt|1.0
trec-covid|nomicai-modernbert-embed+rankgpt|quantile|setmaxheaptopk|0.764
trec-covid|nomicai-modernbert-embed+rankgpt|rank|judge|0.5422
trec-covid|nomicai-modernbert-embed+rankgpt|rank|judge_expr|0.3755
trec-covid|nomicai-modernbert-embed+rankgpt|rank|rankgpt|1.0
trec-covid|nomicai-modernbert-embed+rankgpt|rank|setmaxheaptopk|0.5344
trec-covid|nomicai-modernbert-embed+rankgpt|thresholding|judge|0.863
trec-covid|nomicai-modernbert-embed+rankgpt|thresholding|judge_expr|0.8403
trec-covid|nomicai-modernbert-embed+rankgpt|thresholding|rankgpt|0.0
trec-covid|nomicai-modernbert-embed+rankgpt|thresholding|setmaxheaptopk|0.0
trec-covid|nomicai-modernbert-embed+rankzephyr|direct|judge|0.8154
trec-covid|nomicai-modernbert-embed+rankzephyr|direct|judge_expr|0.7524
trec-covid|nomicai-modernbert-embed+rankzephyr|direct|rankgpt|0.4696
trec-covid|nomicai-modernbert-embed+rankzephyr|largest_gap|judge|0.5651
trec-covid|nomicai-modernbert-embed+rankzephyr|largest_gap|judge_expr|0.7791
trec-covid|nomicai-modernbert-embed+rankzephyr|largest_gap|rankgpt|0.4696
trec-covid|nomicai-modernbert-embed+rankzephyr|optimal_global|judge|0.9943
trec-covid|nomicai-modernbert-embed+rankzephyr|optimal_global|judge_expr|0.9941
trec-covid|nomicai-modernbert-embed+rankzephyr|optimal_global|rankgpt|1.0
trec-covid|nomicai-modernbert-embed+rankzephyr|optimal_per_topic|judge|0.9608
trec-covid|nomicai-modernbert-embed+rankzephyr|optimal_per_topic|judge_expr|0.9794
trec-covid|nomicai-modernbert-embed+rankzephyr|optimal_per_topic|rankgpt|1.0
trec-covid|nomicai-modernbert-embed+rankzephyr|quantile|judge|0.7746
trec-covid|nomicai-modernbert-embed+rankzephyr|quantile|judge_expr|0.5341
trec-covid|nomicai-modernbert-embed+rankzephyr|quantile|rankgpt|0.9981
trec-covid|nomicai-modernbert-embed+rankzephyr|rank|judge|0.5825
trec-covid|nomicai-modernbert-embed+rankzephyr|rank|judge_expr|0.2542
trec-covid|nomicai-modernbert-embed+rankzephyr|rank|rankgpt|0.5129
trec-covid|nomicai-modernbert-embed+rankzephyr|thresholding|judge|0.8045
trec-covid|nomicai-modernbert-embed+rankzephyr|thresholding|judge_expr|0.7799
trec-covid|nomicai-modernbert-embed+rankzephyr|thresholding|rankgpt|0.0
trec-covid|nomicai-modernbert-embed+setmaxheaptopk|direct|judge|0.9063
trec-covid|nomicai-modernbert-embed+setmaxheaptopk|direct|judge_expr|0.8742
trec-covid|nomicai-modernbert-embed+setmaxheaptopk|direct|rankgpt|0.5917
trec-covid|nomicai-modernbert-embed+setmaxheaptopk|direct|setmaxheaptopk|1.0
trec-covid|nomicai-modernbert-embed+setmaxheaptopk|largest_gap|judge|0.7599
trec-covid|nomicai-modernbert-embed+setmaxheaptopk|largest_gap|judge_expr|0.9131
trec-covid|nomicai-modernbert-embed+setmaxheaptopk|largest_gap|rankgpt|0.5917
trec-covid|nomicai-modernbert-embed+setmaxheaptopk|largest_gap|setmaxheaptopk|1.0
trec-covid|nomicai-modernbert-embed+setmaxheaptopk|optimal_global|judge|0.9973
trec-covid|nomicai-modernbert-embed+setmaxheaptopk|optimal_global|judge_expr|0.9943
trec-covid|nomicai-modernbert-embed+setmaxheaptopk|optimal_global|rankgpt|1.0
trec-covid|nomicai-modernbert-embed+setmaxheaptopk|optimal_global|setmaxheaptopk|1.0
trec-covid|nomicai-modernbert-embed+setmaxheaptopk|optimal_per_topic|judge|0.99
trec-covid|nomicai-modernbert-embed+setmaxheaptopk|optimal_per_topic|judge_expr|0.9913
trec-covid|nomicai-modernbert-embed+setmaxheaptopk|optimal_per_topic|rankgpt|0.9847
trec-covid|nomicai-modernbert-embed+setmaxheaptopk|optimal_per_topic|setmaxheaptopk|1.0
trec-covid|nomicai-modernbert-embed+setmaxheaptopk|quantile|judge|0.9052
trec-covid|nomicai-modernbert-embed+setmaxheaptopk|quantile|judge_expr|0.7384
trec-covid|nomicai-modernbert-embed+setmaxheaptopk|quantile|rankgpt|0.7582
trec-covid|nomicai-modernbert-embed+setmaxheaptopk|quantile|setmaxheaptopk|1.0
trec-covid|nomicai-modernbert-embed+setmaxheaptopk|rank|judge|0.5314
trec-covid|nomicai-modernbert-embed+setmaxheaptopk|rank|judge_expr|0.4265
trec-covid|nomicai-modernbert-embed+setmaxheaptopk|rank|rankgpt|0.5169
trec-covid|nomicai-modernbert-embed+setmaxheaptopk|rank|setmaxheaptopk|1.0
trec-covid|nomicai-modernbert-embed+setmaxheaptopk|thresholding|judge|0.9311
trec-covid|nomicai-modernbert-embed+setmaxheaptopk|thresholding|judge_expr|0.8869
trec-covid|nomicai-modernbert-embed+setmaxheaptopk|thresholding|rankgpt|0.0
trec-covid|nomicai-modernbert-embed+setmaxheaptopk|thresholding|setmaxheaptopk|0.0
trec-covid|qwen3-embed-600m|direct|judge|0.7185
trec-covid|qwen3-embed-600m|direct|judge_expr|0.6672
trec-covid|qwen3-embed-600m|direct|rankgpt|0.2889
trec-covid|qwen3-embed-600m|direct|setmaxheaptopk|0.3873
trec-covid|qwen3-embed-600m|largest_gap|judge|0.5265
trec-covid|qwen3-embed-600m|largest_gap|judge_expr|0.6972
trec-covid|qwen3-embed-600m|largest_gap|rankgpt|0.2889
trec-covid|qwen3-embed-600m|largest_gap|setmaxheaptopk|0.3873
trec-covid|qwen3-embed-600m|optimal_global|judge|0.8609
trec-covid|qwen3-embed-600m|optimal_global|judge_expr|0.8549
trec-covid|qwen3-embed-600m|optimal_global|rankgpt|0.8631
trec-covid|qwen3-embed-600m|optimal_global|setmaxheaptopk|0.8631
trec-covid|qwen3-embed-600m|optimal_per_topic|judge|0.8548
trec-covid|qwen3-embed-600m|optimal_per_topic|judge_expr|0.8551
trec-covid|qwen3-embed-600m|optimal_per_topic|rankgpt|0.8541
trec-covid|qwen3-embed-600m|optimal_per_topic|setmaxheaptopk|0.8559
trec-covid|qwen3-embed-600m|quantile|judge|0.6899
trec-covid|qwen3-embed-600m|quantile|judge_expr|0.4753
trec-covid|qwen3-embed-600m|quantile|rankgpt|0.6266
trec-covid|qwen3-embed-600m|quantile|setmaxheaptopk|0.5556
trec-covid|qwen3-embed-600m|rank|judge|0.378
trec-covid|qwen3-embed-600m|rank|judge_expr|0.2364
trec-covid|qwen3-embed-600m|rank|rankgpt|0.3404
trec-covid|qwen3-embed-600m|rank|setmaxheaptopk|0.3364
trec-covid|qwen3-embed-600m|thresholding|judge|0.7082
trec-covid|qwen3-embed-600m|thresholding|judge_expr|0.6782
trec-covid|qwen3-embed-600m|thresholding|rankgpt|0.0
trec-covid|qwen3-embed-600m|thresholding|setmaxheaptopk|0.0
trec-covid|qwen3-embed-600m+judge|direct|judge|0.6235
trec-covid|qwen3-embed-600m+judge|direct|judge_expr|0.6223
trec-covid|qwen3-embed-600m+judge|direct|rankgpt|0.1274
trec-covid|qwen3-embed-600m+judge|direct|setmaxheaptopk|0.1294
trec-covid|qwen3-embed-600m+judge|largest_gap|judge|0.6432
trec-covid|qwen3-embed-600m+judge|largest_gap|judge_expr|0.633
trec-covid|qwen3-embed-600m+judge|largest_gap|rankgpt|0.1274
trec-covid|qwen3-embed-600m+judge|largest_gap|setmaxheaptopk|0.1294
trec-covid|qwen3-embed-600m+judge|optimal_global|judge|0.6237
trec-covid|qwen3-embed-600m+judge|optimal_global|judge_expr|0.6237
trec-covid|qwen3-embed-600m+judge|optimal_global|rankgpt|0.6237
trec-covid|qwen3-embed-600m+judge|optimal_global|setmaxheaptopk|0.6237
trec-covid|qwen3-embed-600m+judge|optimal_per_topic|judge|0.6237
trec-covid|qwen3-embed-600m+judge|optimal_per_topic|judge_expr|0.6237
trec-covid|qwen3-embed-600m+judge|optimal_per_topic|rankgpt|0.6165
trec-covid|qwen3-embed-600m+judge|optimal_per_topic|setmaxheaptopk|0.6181
trec-covid|qwen3-embed-600m+judge|quantile|judge|0.6203
trec-covid|qwen3-embed-600m+judge|quantile|judge_expr|0.5148
trec-covid|qwen3-embed-600m+judge|quantile|rankgpt|0.3653
trec-covid|qwen3-embed-600m+judge|quantile|setmaxheaptopk|0.3741
trec-covid|qwen3-embed-600m+judge|rank|judge|0.3568
trec-covid|qwen3-embed-600m+judge|rank|judge_expr|0.3719
trec-covid|qwen3-embed-600m+judge|rank|rankgpt|0.1953
trec-covid|qwen3-embed-600m+judge|rank|setmaxheaptopk|0.2141
trec-covid|qwen3-embed-600m+judge|thresholding|judge|0.632
trec-covid|qwen3-embed-600m+judge|thresholding|judge_expr|0.6194
trec-covid|qwen3-embed-600m+judge|thresholding|rankgpt|0.0
trec-covid|qwen3-embed-600m+judge|thresholding|setmaxheaptopk|0.0
trec-covid|qwen3-embed-600m+judge_expr|direct|judge|0.7556
trec-covid|qwen3-embed-600m+judge_expr|direct|judge_expr|0.7553
trec-covid|qwen3-embed-600m+judge_expr|direct|rankgpt|0.2928
trec-covid|qwen3-embed-600m+judge_expr|direct|setmaxheaptopk|0.2726
trec-covid|qwen3-embed-600m+judge_expr|largest_gap|judge|0.7688
trec-covid|qwen3-embed-600m+judge_expr|largest_gap|judge_expr|0.765
trec-covid|qwen3-embed-600m+judge_expr|largest_gap|rankgpt|0.2928
trec-covid|qwen3-embed-600m+judge_expr|largest_gap|setmaxheaptopk|0.2726
trec-covid|qwen3-embed-600m+judge_expr|optimal_global|judge|0.7558
trec-covid|qwen3-embed-600m+judge_expr|optimal_global|judge_expr|0.7558
trec-covid|qwen3-embed-600m+judge_expr|optimal_global|rankgpt|0.7558
trec-covid|qwen3-embed-600m+judge_expr|optimal_global|setmaxheaptopk|0.7558
trec-covid|qwen3-embed-600m+judge_expr|optimal_per_topic|judge|0.7558
trec-covid|qwen3-embed-600m+judge_expr|optimal_per_topic|judge_expr|0.7558
trec-covid|qwen3-embed-600m+judge_expr|optimal_per_topic|rankgpt|0.7458
trec-covid|qwen3-embed-600m+judge_expr|optimal_per_topic|setmaxheaptopk|0.753
trec-covid|qwen3-embed-600m+judge_expr|quantile|judge|0.7558
trec-covid|qwen3-embed-600m+judge_expr|quantile|judge_expr|0.7545
trec-covid|qwen3-embed-600m+judge_expr|quantile|rankgpt|0.4932
trec-covid|qwen3-embed-600m+judge_expr|quantile|setmaxheaptopk|0.5311
trec-covid|qwen3-embed-600m+judge_expr|rank|judge|0.4435
trec-covid|qwen3-embed-600m+judge_expr|rank|judge_expr|0.6981
trec-covid|qwen3-embed-600m+judge_expr|rank|rankgpt|0.3174
trec-covid|qwen3-embed-600m+judge_expr|rank|setmaxheaptopk|0.3549
trec-covid|qwen3-embed-600m+judge_expr|thresholding|judge|0.7617
trec-covid|qwen3-embed-600m+judge_expr|thresholding|judge_expr|0.7491
trec-covid|qwen3-embed-600m+judge_expr|thresholding|rankgpt|0.0
trec-covid|qwen3-embed-600m+judge_expr|thresholding|setmaxheaptopk|0.0
trec-covid|qwen3-embed-600m+point|direct|judge|0.5834
trec-covid|qwen3-embed-600m+point|direct|judge_expr|0.5412
trec-covid|qwen3-embed-600m+point|direct|rankgpt|0.1662
trec-covid|qwen3-embed-600m+point|direct|setmaxheaptopk|0.1049
trec-covid|qwen3-embed-600m+point|largest_gap|judge|0.3876
trec-covid|qwen3-embed-600m+point|largest_gap|judge_expr|0.5558
trec-covid|qwen3-embed-600m+point|largest_gap|rankgpt|0.1662
trec-covid|qwen3-embed-600m+point|largest_gap|setmaxheaptopk|0.1049
trec-covid|qwen3-embed-600m+point|optimal_global|judge|0.7061
trec-covid|qwen3-embed-600m+point|optimal_global|judge_expr|0.7048
trec-covid|qwen3-embed-600m+point|optimal_global|rankgpt|0.7061
trec-covid|qwen3-embed-600m+point|optimal_global|setmaxheaptopk|0.7061
trec-covid|qwen3-embed-600m+point|optimal_per_topic|judge|0.7003
trec-covid|qwen3-embed-600m+point|optimal_per_topic|judge_expr|0.7003
trec-covid|qwen3-embed-600m+point|optimal_per_topic|rankgpt|0.6924
trec-covid|qwen3-embed-600m+point|optimal_per_topic|setmaxheaptopk|0.7007
trec-covid|qwen3-embed-600m+point|quantile|judge|0.5208
trec-covid|qwen3-embed-600m+point|quantile|judge_expr|0.3665
trec-covid|qwen3-embed-600m+point|quantile|rankgpt|0.3841
trec-covid|qwen3-embed-600m+point|quantile|setmaxheaptopk|0.3709
trec-covid|qwen3-embed-600m+point|rank|judge|0.1982
trec-covid|qwen3-embed-600m+point|rank|judge_expr|0.1976
trec-covid|qwen3-embed-600m+point|rank|rankgpt|0.1867
trec-covid|qwen3-embed-600m+point|rank|setmaxheaptopk|0.2039
trec-covid|qwen3-embed-600m+point|thresholding|judge|0.5792
trec-covid|qwen3-embed-600m+point|thresholding|judge_expr|0.5504
trec-covid|qwen3-embed-600m+point|thresholding|rankgpt|0.0
trec-covid|qwen3-embed-600m+point|thresholding|setmaxheaptopk|0.0
trec-covid|qwen3-embed-600m+rankfirst|direct|judge|0.8121
trec-covid|qwen3-embed-600m+rankfirst|direct|judge_expr|0.7731
trec-covid|qwen3-embed-600m+rankfirst|direct|rankgpt|0.5068
trec-covid|qwen3-embed-600m+rankfirst|direct|setmaxheaptopk|0.4734
trec-covid|qwen3-embed-600m+rankfirst|largest_gap|judge|0.6518
trec-covid|qwen3-embed-600m+rankfirst|largest_gap|judge_expr|0.8059
trec-covid|qwen3-embed-600m+rankfirst|largest_gap|rankgpt|0.5068
trec-covid|qwen3-embed-600m+rankfirst|largest_gap|setmaxheaptopk|0.4734
trec-covid|qwen3-embed-600m+rankfirst|optimal_global|judge|0.9139
trec-covid|qwen3-embed-600m+rankfirst|optimal_global|judge_expr|0.9139
trec-covid|qwen3-embed-600m+rankfirst|optimal_global|rankgpt|0.9139
trec-covid|qwen3-embed-600m+rankfirst|optimal_global|setmaxheaptopk|0.9139
trec-covid|qwen3-embed-600m+rankfirst|optimal_per_topic|judge|0.9107
trec-covid|qwen3-embed-600m+rankfirst|optimal_per_topic|judge_expr|0.912
trec-covid|qwen3-embed-600m+rankfirst|optimal_per_topic|rankgpt|0.9126
trec-covid|qwen3-embed-600m+rankfirst|optimal_per_topic|setmaxheaptopk|0.911
trec-covid|qwen3-embed-600m+rankfirst|quantile|judge|0.8094
trec-covid|qwen3-embed-600m+rankfirst|quantile|judge_expr|0.639
trec-covid|qwen3-embed-600m+rankfirst|quantile|rankgpt|0.7315
trec-covid|qwen3-embed-600m+rankfirst|quantile|setmaxheaptopk|0.7225
trec-covid|qwen3-embed-600m+rankfirst|rank|judge|0.4834
trec-covid|qwen3-embed-600m+rankfirst|rank|judge_expr|0.4079
trec-covid|qwen3-embed-600m+rankfirst|rank|rankgpt|0.4563
trec-covid|qwen3-embed-600m+rankfirst|rank|setmaxheaptopk|0.4872
trec-covid|qwen3-embed-600m+rankfirst|thresholding|judge|0.8138
trec-covid|qwen3-embed-600m+rankfirst|thresholding|judge_expr|0.7913
trec-covid|qwen3-embed-600m+rankfirst|thresholding|rankgpt|0.0
trec-covid|qwen3-embed-600m+rankfirst|thresholding|setmaxheaptopk|0.0
trec-covid|qwen3-embed-600m+rankgpt|direct|judge|0.752
trec-covid|qwen3-embed-600m+rankgpt|direct|judge_expr|0.7171
trec-covid|qwen3-embed-600m+rankgpt|direct|rankgpt|0.4899
trec-covid|qwen3-embed-600m+rankgpt|direct|setmaxheaptopk|0.4129
trec-covid|qwen3-embed-600m+rankgpt|largest_gap|judge|0.6235
trec-covid|qwen3-embed-600m+rankgpt|largest_gap|judge_expr|0.7576
trec-covid|qwen3-embed-600m+rankgpt|largest_gap|rankgpt|0.4899
trec-covid|qwen3-embed-600m+rankgpt|largest_gap|setmaxheaptopk|0.4129
trec-covid|qwen3-embed-600m+rankgpt|optimal_global|judge|0.8525
trec-covid|qwen3-embed-600m+rankgpt|optimal_global|judge_expr|0.8497
trec-covid|qwen3-embed-600m+rankgpt|optimal_global|rankgpt|0.8525
trec-covid|qwen3-embed-600m+rankgpt|optimal_global|setmaxheaptopk|0.8525
trec-covid|qwen3-embed-600m+rankgpt|optimal_per_topic|judge|0.8484
trec-covid|qwen3-embed-600m+rankgpt|optimal_per_topic|judge_expr|0.8497
trec-covid|qwen3-embed-600m+rankgpt|optimal_per_topic|rankgpt|0.8469
trec-covid|qwen3-embed-600m+rankgpt|optimal_per_topic|setmaxheaptopk|0.8489
trec-covid|qwen3-embed-600m+rankgpt|quantile|judge|0.7346
trec-covid|qwen3-embed-600m+rankgpt|quantile|judge_expr|0.5933
trec-covid|qwen3-embed-600m+rankgpt|quantile|rankgpt|0.6788
trec-covid|qwen3-embed-600m+rankgpt|quantile|setmaxheaptopk|0.6438
trec-covid|qwen3-embed-600m+rankgpt|rank|judge|0.4066
trec-covid|qwen3-embed-600m+rankgpt|rank|judge_expr|0.3556
trec-covid|qwen3-embed-600m+rankgpt|rank|rankgpt|0.462
trec-covid|qwen3-embed-600m+rankgpt|rank|setmaxheaptopk|0.4206
trec-covid|qwen3-embed-600m+rankgpt|thresholding|judge|0.7526
trec-covid|qwen3-embed-600m+rankgpt|thresholding|judge_expr|0.7254
trec-covid|qwen3-embed-600m+rankgpt|thresholding|rankgpt|0.0
trec-covid|qwen3-embed-600m+rankgpt|thresholding|setmaxheaptopk|0.0
trec-covid|qwen3-embed-600m+rankzephyr|direct|judge|0.7268
trec-covid|qwen3-embed-600m+rankzephyr|direct|judge_expr|0.6706
trec-covid|qwen3-embed-600m+rankzephyr|direct|rankgpt|0.3031
trec-covid|qwen3-embed-600m+rankzephyr|largest_gap|judge|0.5347
trec-covid|qwen3-embed-600m+rankzephyr|largest_gap|judge_expr|0.6965
trec-covid|qwen3-embed-600m+rankzephyr|largest_gap|rankgpt|0.3031
trec-covid|qwen3-embed-600m+rankzephyr|optimal_global|judge|0.871
trec-covid|qwen3-embed-600m+rankzephyr|optimal_global|judge_expr|0.8637
trec-covid|qwen3-embed-600m+rankzephyr|optimal_global|rankgpt|0.8732
trec-covid|qwen3-embed-600m+rankzephyr|optimal_per_topic|judge|0.8649
trec-covid|qwen3-embed-600m+rankzephyr|optimal_per_topic|judge_expr|0.8652
trec-covid|qwen3-embed-600m+rankzephyr|optimal_per_topic|rankgpt|0.8629
trec-covid|qwen3-embed-600m+rankzephyr|quantile|judge|0.7
trec-covid|qwen3-embed-600m+rankzephyr|quantile|judge_expr|0.4857
trec-covid|qwen3-embed-600m+rankzephyr|quantile|rankgpt|0.6503
trec-covid|qwen3-embed-600m+rankzephyr|rank|judge|0.3917
trec-covid|qwen3-embed-600m+rankzephyr|rank|judge_expr|0.2488
trec-covid|qwen3-embed-600m+rankzephyr|rank|rankgpt|0.3574
trec-covid|qwen3-embed-600m+rankzephyr|thresholding|judge|0.713
trec-covid|qwen3-embed-600m+rankzephyr|thresholding|judge_expr|0.6826
trec-covid|qwen3-embed-600m+rankzephyr|thresholding|rankgpt|0.0
trec-covid|qwen3-embed-600m+setmaxheaptopk|direct|judge|0.7487
trec-covid|qwen3-embed-600m+setmaxheaptopk|direct|judge_expr|0.7283
trec-covid|qwen3-embed-600m+setmaxheaptopk|direct|rankgpt|0.3864
trec-covid|qwen3-embed-600m+setmaxheaptopk|direct|setmaxheaptopk|0.4409
trec-covid|qwen3-embed-600m+setmaxheaptopk|largest_gap|judge|0.6158
trec-covid|qwen3-embed-600m+setmaxheaptopk|largest_gap|judge_expr|0.7489
trec-covid|qwen3-embed-600m+setmaxheaptopk|largest_gap|rankgpt|0.3864
trec-covid|qwen3-embed-600m+setmaxheaptopk|largest_gap|setmaxheaptopk|0.4409
trec-covid|qwen3-embed-600m+setmaxheaptopk|optimal_global|judge|0.8214
trec-covid|qwen3-embed-600m+setmaxheaptopk|optimal_global|judge_expr|0.82
trec-covid|qwen3-embed-600m+setmaxheaptopk|optimal_global|rankgpt|0.8214
trec-covid|qwen3-embed-600m+setmaxheaptopk|optimal_global|setmaxheaptopk|0.8214
trec-covid|qwen3-embed-600m+setmaxheaptopk|optimal_per_topic|judge|0.8184
trec-covid|qwen3-embed-600m+setmaxheaptopk|optimal_per_topic|judge_expr|0.82
trec-covid|qwen3-embed-600m+setmaxheaptopk|optimal_per_topic|rankgpt|0.8186
trec-covid|qwen3-embed-600m+setmaxheaptopk|optimal_per_topic|setmaxheaptopk|0.82
trec-covid|qwen3-embed-600m+setmaxheaptopk|quantile|judge|0.7639
trec-covid|qwen3-embed-600m+setmaxheaptopk|quantile|judge_expr|0.6252
trec-covid|qwen3-embed-600m+setmaxheaptopk|quantile|rankgpt|0.6135
trec-covid|qwen3-embed-600m+setmaxheaptopk|quantile|setmaxheaptopk|0.6414
trec-covid|qwen3-embed-600m+setmaxheaptopk|rank|judge|0.4123
trec-covid|qwen3-embed-600m+setmaxheaptopk|rank|judge_expr|0.3681
trec-covid|qwen3-embed-600m+setmaxheaptopk|rank|rankgpt|0.4207
trec-covid|qwen3-embed-600m+setmaxheaptopk|rank|setmaxheaptopk|0.4704
trec-covid|qwen3-embed-600m+setmaxheaptopk|thresholding|judge|0.7592
trec-covid|qwen3-embed-600m+setmaxheaptopk|thresholding|judge_expr|0.7374
trec-covid|qwen3-embed-600m+setmaxheaptopk|thresholding|rankgpt|0.0
trec-covid|qwen3-embed-600m+setmaxheaptopk|thresholding|setmaxheaptopk|0.0
trec-covid|splade-v3|direct|judge|0.5651
trec-covid|splade-v3|direct|judge_expr|0.5136
trec-covid|splade-v3|direct|rankgpt|0.2243
trec-covid|splade-v3|direct|setmaxheaptopk|0.226
trec-covid|splade-v3|largest_gap|judge|0.3961
trec-covid|splade-v3|largest_gap|judge_expr|0.5235
trec-covid|splade-v3|largest_gap|rankgpt|0.2243
trec-covid|splade-v3|largest_gap|setmaxheaptopk|0.226
trec-covid|splade-v3|optimal_global|judge|0.7044
trec-covid|splade-v3|optimal_global|judge_expr|0.6958
trec-covid|splade-v3|optimal_global|rankgpt|0.7092
trec-covid|splade-v3|optimal_global|setmaxheaptopk|0.7092
trec-covid|splade-v3|optimal_per_topic|judge|0.6691
trec-covid|splade-v3|optimal_per_topic|judge_expr|0.6713
trec-covid|splade-v3|optimal_per_topic|rankgpt|0.6952
trec-covid|splade-v3|optimal_per_topic|setmaxheaptopk|0.6889
trec-covid|splade-v3|quantile|judge|0.5227
trec-covid|splade-v3|quantile|judge_expr|0.3648
trec-covid|splade-v3|quantile|rankgpt|0.4436
trec-covid|splade-v3|quantile|setmaxheaptopk|0.4068
trec-covid|splade-v3|rank|judge|0.2799
trec-covid|splade-v3|rank|judge_expr|0.1756
trec-covid|splade-v3|rank|rankgpt|0.2402
trec-covid|splade-v3|rank|setmaxheaptopk|0.2111
trec-covid|splade-v3|thresholding|judge|0.5429
trec-covid|splade-v3|thresholding|judge_expr|0.5298
trec-covid|splade-v3|thresholding|rankgpt|0.0
trec-covid|splade-v3|thresholding|setmaxheaptopk|0.0
trec-covid|splade-v3+judge|direct|judge|0.6615
trec-covid|splade-v3+judge|direct|judge_expr|0.6553
trec-covid|splade-v3+judge|direct|rankgpt|0.172
trec-covid|splade-v3+judge|direct|setmaxheaptopk|0.1744
trec-covid|splade-v3+judge|largest_gap|judge|0.6264
trec-covid|splade-v3+judge|largest_gap|judge_expr|0.6677
trec-covid|splade-v3+judge|largest_gap|rankgpt|0.172
trec-covid|splade-v3+judge|largest_gap|setmaxheaptopk|0.1744
trec-covid|splade-v3+judge|optimal_global|judge|0.6727
trec-covid|splade-v3+judge|optimal_global|judge_expr|0.6727
trec-covid|splade-v3+judge|optimal_global|rankgpt|0.6727
trec-covid|splade-v3+judge|optimal_global|setmaxheaptopk|0.6727
trec-covid|splade-v3+judge|optimal_per_topic|judge|0.6727
trec-covid|splade-v3+judge|optimal_per_topic|judge_expr|0.6727
trec-covid|splade-v3+judge|optimal_per_topic|rankgpt|0.656
trec-covid|splade-v3+judge|optimal_per_topic|setmaxheaptopk|0.6686
trec-covid|splade-v3+judge|quantile|judge|0.6685
trec-covid|splade-v3+judge|quantile|judge_expr|0.5375
trec-covid|splade-v3+judge|quantile|rankgpt|0.4148
trec-covid|splade-v3+judge|quantile|setmaxheaptopk|0.4147
trec-covid|splade-v3+judge|rank|judge|0.3805
trec-covid|splade-v3+judge|rank|judge_expr|0.3556
trec-covid|splade-v3+judge|rank|rankgpt|0.2206
trec-covid|splade-v3+judge|rank|setmaxheaptopk|0.2368
trec-covid|splade-v3+judge|thresholding|judge|0.6652
trec-covid|splade-v3+judge|thresholding|judge_expr|0.6571
trec-covid|splade-v3+judge|thresholding|rankgpt|0.0
trec-covid|splade-v3+judge|thresholding|setmaxheaptopk|0.0
trec-covid|splade-v3+judge_expr|direct|judge|0.7222
trec-covid|splade-v3+judge_expr|direct|judge_expr|0.7191
trec-covid|splade-v3+judge_expr|direct|rankgpt|0.3075
trec-covid|splade-v3+judge_expr|direct|setmaxheaptopk|0.2657
trec-covid|splade-v3+judge_expr|largest_gap|judge|0.6787
trec-covid|splade-v3+judge_expr|largest_gap|judge_expr|0.7262
trec-covid|splade-v3+judge_expr|largest_gap|rankgpt|0.3075
trec-covid|splade-v3+judge_expr|largest_gap|setmaxheaptopk|0.2657
trec-covid|splade-v3+judge_expr|optimal_global|judge|0.7347
trec-covid|splade-v3+judge_expr|optimal_global|judge_expr|0.7347
trec-covid|splade-v3+judge_expr|optimal_global|rankgpt|0.7347
trec-covid|splade-v3+judge_expr|optimal_global|setmaxheaptopk|0.7347
trec-covid|splade-v3+judge_expr|optimal_per_topic|judge|0.7347
trec-covid|splade-v3+judge_expr|optimal_per_topic|judge_expr|0.7347
trec-covid|splade-v3+judge_expr|optimal_per_topic|rankgpt|0.7206
trec-covid|splade-v3+judge_expr|optimal_per_topic|setmaxheaptopk|0.7292
trec-covid|splade-v3+judge_expr|quantile|judge|0.7347
trec-covid|splade-v3+judge_expr|quantile|judge_expr|0.722
trec-covid|splade-v3+judge_expr|quantile|rankgpt|0.52
trec-covid|splade-v3+judge_expr|quantile|setmaxheaptopk|0.5351
trec-covid|splade-v3+judge_expr|rank|judge|0.4321
trec-covid|splade-v3+judge_expr|rank|judge_expr|0.6076
trec-covid|splade-v3+judge_expr|rank|rankgpt|0.3341
trec-covid|splade-v3+judge_expr|rank|setmaxheaptopk|0.3463
trec-covid|splade-v3+judge_expr|thresholding|judge|0.726
trec-covid|splade-v3+judge_expr|thresholding|judge_expr|0.7206
trec-covid|splade-v3+judge_expr|thresholding|rankgpt|0.0
trec-covid|splade-v3+judge_expr|thresholding|setmaxheaptopk|0.0
trec-covid|splade-v3+point|direct|judge|0.502
trec-covid|splade-v3+point|direct|judge_expr|0.4756
trec-covid|splade-v3+point|direct|rankgpt|0.1853
trec-covid|splade-v3+point|direct|setmaxheaptopk|0.1277
trec-covid|splade-v3+point|largest_gap|judge|0.3377
trec-covid|splade-v3+point|largest_gap|judge_expr|0.4951
trec-covid|splade-v3+point|largest_gap|rankgpt|0.1853
trec-covid|splade-v3+point|largest_gap|setmaxheaptopk|0.1277
trec-covid|splade-v3+point|optimal_global|judge|0.5986
trec-covid|splade-v3+point|optimal_global|judge_expr|0.5956
trec-covid|splade-v3+point|optimal_global|rankgpt|0.5986
trec-covid|splade-v3+point|optimal_global|setmaxheaptopk|0.5986
trec-covid|splade-v3+point|optimal_per_topic|judge|0.5928
trec-covid|splade-v3+point|optimal_per_topic|judge_expr|0.5911
trec-covid|splade-v3+point|optimal_per_topic|rankgpt|0.5934
trec-covid|splade-v3+point|optimal_per_topic|setmaxheaptopk|0.5877
trec-covid|splade-v3+point|quantile|judge|0.4581
trec-covid|splade-v3+point|quantile|judge_expr|0.3229
trec-covid|splade-v3+point|quantile|rankgpt|0.3527
trec-covid|splade-v3+point|quantile|setmaxheaptopk|0.3408
trec-covid|splade-v3+point|rank|judge|0.1947
trec-covid|splade-v3+point|rank|judge_expr|0.171
trec-covid|splade-v3+point|rank|rankgpt|0.178
trec-covid|splade-v3+point|rank|setmaxheaptopk|0.1972
trec-covid|splade-v3+point|thresholding|judge|0.5121
trec-covid|splade-v3+point|thresholding|judge_expr|0.4903
trec-covid|splade-v3+point|thresholding|rankgpt|0.0
trec-covid|splade-v3+point|thresholding|setmaxheaptopk|0.0
trec-covid|splade-v3+rankfirst|direct|judge|0.7809
trec-covid|splade-v3+rankfirst|direct|judge_expr|0.7419
trec-covid|splade-v3+rankfirst|direct|rankgpt|0.4739
trec-covid|splade-v3+rankfirst|direct|setmaxheaptopk|0.4371
trec-covid|splade-v3+rankfirst|largest_gap|judge|0.6359
trec-covid|splade-v3+rankfirst|largest_gap|judge_expr|0.761
trec-covid|splade-v3+rankfirst|largest_gap|rankgpt|0.4739
trec-covid|splade-v3+rankfirst|largest_gap|setmaxheaptopk|0.4371
trec-covid|splade-v3+rankfirst|optimal_global|judge|0.8839
trec-covid|splade-v3+rankfirst|optimal_global|judge_expr|0.8839
trec-covid|splade-v3+rankfirst|optimal_global|rankgpt|0.8839
trec-covid|splade-v3+rankfirst|optimal_global|setmaxheaptopk|0.8839
trec-covid|splade-v3+rankfirst|optimal_per_topic|judge|0.8727
trec-covid|splade-v3+rankfirst|optimal_per_topic|judge_expr|0.876
trec-covid|splade-v3+rankfirst|optimal_per_topic|rankgpt|0.8826
trec-covid|splade-v3+rankfirst|optimal_per_topic|setmaxheaptopk|0.8771
trec-covid|splade-v3+rankfirst|quantile|judge|0.7688
trec-covid|splade-v3+rankfirst|quantile|judge_expr|0.6067
trec-covid|splade-v3+rankfirst|quantile|rankgpt|0.6941
trec-covid|splade-v3+rankfirst|quantile|setmaxheaptopk|0.6584
trec-covid|splade-v3+rankfirst|rank|judge|0.4583
trec-covid|splade-v3+rankfirst|rank|judge_expr|0.386
trec-covid|splade-v3+rankfirst|rank|rankgpt|0.429
trec-covid|splade-v3+rankfirst|rank|setmaxheaptopk|0.4343
trec-covid|splade-v3+rankfirst|thresholding|judge|0.7732
trec-covid|splade-v3+rankfirst|thresholding|judge_expr|0.7575
trec-covid|splade-v3+rankfirst|thresholding|rankgpt|0.0
trec-covid|splade-v3+rankfirst|thresholding|setmaxheaptopk|0.0
trec-covid|splade-v3+rankgpt|direct|judge|0.7056
trec-covid|splade-v3+rankgpt|direct|judge_expr|0.6782
trec-covid|splade-v3+rankgpt|direct|rankgpt|0.3664
trec-covid|splade-v3+rankgpt|direct|setmaxheaptopk|0.3865
trec-covid|splade-v3+rankgpt|largest_gap|judge|0.5389
trec-covid|splade-v3+rankgpt|largest_gap|judge_expr|0.6972
trec-covid|splade-v3+rankgpt|largest_gap|rankgpt|0.3664
trec-covid|splade-v3+rankgpt|largest_gap|setmaxheaptopk|0.3865
trec-covid|splade-v3+rankgpt|optimal_global|judge|0.802
trec-covid|splade-v3+rankgpt|optimal_global|judge_expr|0.7994
trec-covid|splade-v3+rankgpt|optimal_global|rankgpt|0.802
trec-covid|splade-v3+rankgpt|optimal_global|setmaxheaptopk|0.802
trec-covid|splade-v3+rankgpt|optimal_per_topic|judge|0.7876
trec-covid|splade-v3+rankgpt|optimal_per_topic|judge_expr|0.7921
trec-covid|splade-v3+rankgpt|optimal_per_topic|rankgpt|0.8006
trec-covid|splade-v3+rankgpt|optimal_per_topic|setmaxheaptopk|0.7944
trec-covid|splade-v3+rankgpt|quantile|judge|0.6895
trec-covid|splade-v3+rankgpt|quantile|judge_expr|0.5491
trec-covid|splade-v3+rankgpt|quantile|rankgpt|0.5933
trec-covid|splade-v3+rankgpt|quantile|setmaxheaptopk|0.5666
trec-covid|splade-v3+rankgpt|rank|judge|0.3717
trec-covid|splade-v3+rankgpt|rank|judge_expr|0.3245
trec-covid|splade-v3+rankgpt|rank|rankgpt|0.4157
trec-covid|splade-v3+rankgpt|rank|setmaxheaptopk|0.3715
trec-covid|splade-v3+rankgpt|thresholding|judge|0.7133
trec-covid|splade-v3+rankgpt|thresholding|judge_expr|0.6963
trec-covid|splade-v3+rankgpt|thresholding|rankgpt|0.0
trec-covid|splade-v3+rankgpt|thresholding|setmaxheaptopk|0.0
trec-covid|splade-v3+rankzephyr|direct|judge|0.5652
trec-covid|splade-v3+rankzephyr|direct|judge_expr|0.5134
trec-covid|splade-v3+rankzephyr|direct|rankgpt|0.2255
trec-covid|splade-v3+rankzephyr|largest_gap|judge|0.3961
trec-covid|splade-v3+rankzephyr|largest_gap|judge_expr|0.5236
trec-covid|splade-v3+rankzephyr|largest_gap|rankgpt|0.2255
trec-covid|splade-v3+rankzephyr|optimal_global|judge|0.7045
trec-covid|splade-v3+rankzephyr|optimal_global|judge_expr|0.6959
trec-covid|splade-v3+rankzephyr|optimal_global|rankgpt|0.7093
trec-covid|splade-v3+rankzephyr|optimal_per_topic|judge|0.6692
trec-covid|splade-v3+rankzephyr|optimal_per_topic|judge_expr|0.6715
trec-covid|splade-v3+rankzephyr|optimal_per_topic|rankgpt|0.6953
trec-covid|splade-v3+rankzephyr|quantile|judge|0.5227
trec-covid|splade-v3+rankzephyr|quantile|judge_expr|0.3648
trec-covid|splade-v3+rankzephyr|quantile|rankgpt|0.4436
trec-covid|splade-v3+rankzephyr|rank|judge|0.28
trec-covid|splade-v3+rankzephyr|rank|judge_expr|0.1757
trec-covid|splade-v3+rankzephyr|rank|rankgpt|0.2401
trec-covid|splade-v3+rankzephyr|thresholding|judge|0.543
trec-covid|splade-v3+rankzephyr|thresholding|judge_expr|0.5299
trec-covid|splade-v3+rankzephyr|thresholding|rankgpt|0.0
trec-covid|splade-v3+setmaxheaptopk|direct|judge|0.7251
trec-covid|splade-v3+setmaxheaptopk|direct|judge_expr|0.7038
trec-covid|splade-v3+setmaxheaptopk|direct|rankgpt|0.4287
trec-covid|splade-v3+setmaxheaptopk|direct|setmaxheaptopk|0.4032
trec-covid|splade-v3+setmaxheaptopk|largest_gap|judge|0.6024
trec-covid|splade-v3+setmaxheaptopk|largest_gap|judge_expr|0.7206
trec-covid|splade-v3+setmaxheaptopk|largest_gap|rankgpt|0.4287
trec-covid|splade-v3+setmaxheaptopk|largest_gap|setmaxheaptopk|0.4032
trec-covid|splade-v3+setmaxheaptopk|optimal_global|judge|0.7916
trec-covid|splade-v3+setmaxheaptopk|optimal_global|judge_expr|0.7916
trec-covid|splade-v3+setmaxheaptopk|optimal_global|rankgpt|0.7916
trec-covid|splade-v3+setmaxheaptopk|optimal_global|setmaxheaptopk|0.7916
trec-covid|splade-v3+setmaxheaptopk|optimal_per_topic|judge|0.7877
trec-covid|splade-v3+setmaxheaptopk|optimal_per_topic|judge_expr|0.789
trec-covid|splade-v3+setmaxheaptopk|optimal_per_topic|rankgpt|0.7874
trec-covid|splade-v3+setmaxheaptopk|optimal_per_topic|setmaxheaptopk|0.7874
trec-covid|splade-v3+setmaxheaptopk|quantile|judge|0.7308
trec-covid|splade-v3+setmaxheaptopk|quantile|judge_expr|0.5966
trec-covid|splade-v3+setmaxheaptopk|quantile|rankgpt|0.5934
trec-covid|splade-v3+setmaxheaptopk|quantile|setmaxheaptopk|0.5913
trec-covid|splade-v3+setmaxheaptopk|rank|judge|0.4132
trec-covid|splade-v3+setmaxheaptopk|rank|judge_expr|0.3783
trec-covid|splade-v3+setmaxheaptopk|rank|rankgpt|0.4019
trec-covid|splade-v3+setmaxheaptopk|rank|setmaxheaptopk|0.3969
trec-covid|splade-v3+setmaxheaptopk|thresholding|judge|0.7335
trec-covid|splade-v3+setmaxheaptopk|thresholding|judge_expr|0.7281
trec-covid|splade-v3+setmaxheaptopk|thresholding|rankgpt|0.0
trec-covid|splade-v3+setmaxheaptopk|thresholding|setmaxheaptopk|0.0
trec-dl-2019|bm25|direct|judge|0.4828
trec-dl-2019|bm25|direct|judge_expr|0.4186
trec-dl-2019|bm25|direct|rankgpt|0.1969
trec-dl-2019|bm25|direct|setmaxheaptopk|0.2185
trec-dl-2019|bm25|largest_gap|judge|0.3537
trec-dl-2019|bm25|largest_gap|judge_expr|0.4039
trec-dl-2019|bm25|largest_gap|rankgpt|0.1969
trec-dl-2019|bm25|largest_gap|setmaxheaptopk|0.2185
trec-dl-2019|bm25|optimal_global|judge|0.5061
trec-dl-2019|bm25|optimal_global|judge_expr|0.4827
trec-dl-2019|bm25|optimal_global|rankgpt|0.4299
trec-dl-2019|bm25|optimal_global|setmaxheaptopk|0.3894
trec-dl-2019|bm25|optimal_per_topic|judge|0.5183
trec-dl-2019|bm25|optimal_per_topic|judge_expr|0.5007
trec-dl-2019|bm25|optimal_per_topic|rankgpt|0.4822
trec-dl-2019|bm25|optimal_per_topic|setmaxheaptopk|0.5005
trec-dl-2019|bm25|quantile|judge|0.5005
trec-dl-2019|bm25|quantile|judge_expr|0.4032
trec-dl-2019|bm25|quantile|rankgpt|0.4299
trec-dl-2019|bm25|quantile|setmaxheaptopk|0.4159
trec-dl-2019|bm25|rank|judge|0.2874
trec-dl-2019|bm25|rank|judge_expr|0.2126
trec-dl-2019|bm25|rank|rankgpt|0.2639
trec-dl-2019|bm25|rank|setmaxheaptopk|0.2861
trec-dl-2019|bm25|thresholding|judge|0.4444
trec-dl-2019|bm25|thresholding|judge_expr|0.3988
trec-dl-2019|bm25|thresholding|rankgpt|0.0
trec-dl-2019|bm25|thresholding|setmaxheaptopk|0.0
trec-dl-2019|bm25+judge|direct|judge|0.7014
trec-dl-2019|bm25+judge|direct|judge_expr|0.6815
trec-dl-2019|bm25+judge|direct|rankgpt|0.2794
trec-dl-2019|bm25+judge|direct|setmaxheaptopk|0.2906
trec-dl-2019|bm25+judge|largest_gap|judge|0.6862
trec-dl-2019|bm25+judge|largest_gap|judge_expr|0.7015
trec-dl-2019|bm25+judge|largest_gap|rankgpt|0.2794
trec-dl-2019|bm25+judge|largest_gap|setmaxheaptopk|0.2906
trec-dl-2019|bm25+judge|optimal_global|judge|0.7081
trec-dl-2019|bm25+judge|optimal_global|judge_expr|0.6817
trec-dl-2019|bm25+judge|optimal_global|rankgpt|0.5536
trec-dl-2019|bm25+judge|optimal_global|setmaxheaptopk|0.5134
trec-dl-2019|bm25+judge|optimal_per_topic|judge|0.704
trec-dl-2019|bm25+judge|optimal_per_topic|judge_expr|0.6646
trec-dl-2019|bm25+judge|optimal_per_topic|rankgpt|0.6293
trec-dl-2019|bm25+judge|optimal_per_topic|setmaxheaptopk|0.6084
trec-dl-2019|bm25+judge|quantile|judge|0.726
trec-dl-2019|bm25+judge|quantile|judge_expr|0.6259
trec-dl-2019|bm25+judge|quantile|rankgpt|0.5476
trec-dl-2019|bm25+judge|quantile|setmaxheaptopk|0.5473
trec-dl-2019|bm25+judge|rank|judge|0.462
trec-dl-2019|bm25+judge|rank|judge_expr|0.3806
trec-dl-2019|bm25+judge|rank|rankgpt|0.3462
trec-dl-2019|bm25+judge|rank|setmaxheaptopk|0.4005
trec-dl-2019|bm25+judge|thresholding|judge|0.7
trec-dl-2019|bm25+judge|thresholding|judge_expr|0.6574
trec-dl-2019|bm25+judge|thresholding|rankgpt|0.0
trec-dl-2019|bm25+judge|thresholding|setmaxheaptopk|0.0
trec-dl-2019|bm25+judge_expr|direct|judge|0.7556
trec-dl-2019|bm25+judge_expr|direct|judge_expr|0.7446
trec-dl-2019|bm25+judge_expr|direct|rankgpt|0.2917
trec-dl-2019|bm25+judge_expr|direct|setmaxheaptopk|0.3258
trec-dl-2019|bm25+judge_expr|largest_gap|judge|0.7402
trec-dl-2019|bm25+judge_expr|largest_gap|judge_expr|0.7541
trec-dl-2019|bm25+judge_expr|largest_gap|rankgpt|0.2917
trec-dl-2019|bm25+judge_expr|largest_gap|setmaxheaptopk|0.3258
trec-dl-2019|bm25+judge_expr|optimal_global|judge|0.7628
trec-dl-2019|bm25+judge_expr|optimal_global|judge_expr|0.7577
trec-dl-2019|bm25+judge_expr|optimal_global|rankgpt|0.6102
trec-dl-2019|bm25+judge_expr|optimal_global|setmaxheaptopk|0.5691
trec-dl-2019|bm25+judge_expr|optimal_per_topic|judge|0.7527
trec-dl-2019|bm25+judge_expr|optimal_per_topic|judge_expr|0.7546
trec-dl-2019|bm25+judge_expr|optimal_per_topic|rankgpt|0.7153
trec-dl-2019|bm25+judge_expr|optimal_per_topic|setmaxheaptopk|0.6804
trec-dl-2019|bm25+judge_expr|quantile|judge|0.7753
trec-dl-2019|bm25+judge_expr|quantile|judge_expr|0.767
trec-dl-2019|bm25+judge_expr|quantile|rankgpt|0.6066
trec-dl-2019|bm25+judge_expr|quantile|setmaxheaptopk|0.6004
trec-dl-2019|bm25+judge_expr|rank|judge|0.5125
trec-dl-2019|bm25+judge_expr|rank|judge_expr|0.5998
trec-dl-2019|bm25+judge_expr|rank|rankgpt|0.415
trec-dl-2019|bm25+judge_expr|rank|setmaxheaptopk|0.4561
trec-dl-2019|bm25+judge_expr|thresholding|judge|0.7472
trec-dl-2019|bm25+judge_expr|thresholding|judge_expr|0.7087
trec-dl-2019|bm25+judge_expr|thresholding|rankgpt|0.0
trec-dl-2019|bm25+judge_expr|thresholding|setmaxheaptopk|0.0
trec-dl-2019|bm25+point|direct|judge|0.6328
trec-dl-2019|bm25+point|direct|judge_expr|0.5549
trec-dl-2019|bm25+point|direct|rankgpt|0.2762
trec-dl-2019|bm25+point|direct|setmaxheaptopk|0.3426
trec-dl-2019|bm25+point|largest_gap|judge|0.4922
trec-dl-2019|bm25+point|largest_gap|judge_expr|0.5537
trec-dl-2019|bm25+point|largest_gap|rankgpt|0.2762
trec-dl-2019|bm25+point|largest_gap|setmaxheaptopk|0.3426
trec-dl-2019|bm25+point|optimal_global|judge|0.6483
trec-dl-2019|bm25+point|optimal_global|judge_expr|0.6501
trec-dl-2019|bm25+point|optimal_global|rankgpt|0.5674
trec-dl-2019|bm25+point|optimal_global|setmaxheaptopk|0.5247
trec-dl-2019|bm25+point|optimal_per_topic|judge|0.6742
trec-dl-2019|bm25+point|optimal_per_topic|judge_expr|0.6663
trec-dl-2019|bm25+point|optimal_per_topic|rankgpt|0.6469
trec-dl-2019|bm25+point|optimal_per_topic|setmaxheaptopk|0.6425
trec-dl-2019|bm25+point|quantile|judge|0.6661
trec-dl-2019|bm25+point|quantile|judge_expr|0.5596
trec-dl-2019|bm25+point|quantile|rankgpt|0.5649
trec-dl-2019|bm25+point|quantile|setmaxheaptopk|0.5712
trec-dl-2019|bm25+point|rank|judge|0.3918
trec-dl-2019|bm25+point|rank|judge_expr|0.3156
trec-dl-2019|bm25+point|rank|rankgpt|0.3878
trec-dl-2019|bm25+point|rank|setmaxheaptopk|0.4122
trec-dl-2019|bm25+point|thresholding|judge|0.5854
trec-dl-2019|bm25+point|thresholding|judge_expr|0.5312
trec-dl-2019|bm25+point|thresholding|rankgpt|0.0
trec-dl-2019|bm25+point|thresholding|setmaxheaptopk|0.0
trec-dl-2019|bm25+rankfirst|direct|judge|0.7255
trec-dl-2019|bm25+rankfirst|direct|judge_expr|0.6568
trec-dl-2019|bm25+rankfirst|direct|rankgpt|0.5036
trec-dl-2019|bm25+rankfirst|direct|setmaxheaptopk|0.5274
trec-dl-2019|bm25+rankfirst|largest_gap|judge|0.6054
trec-dl-2019|bm25+rankfirst|largest_gap|judge_expr|0.6497
trec-dl-2019|bm25+rankfirst|largest_gap|rankgpt|0.5036
trec-dl-2019|bm25+rankfirst|largest_gap|setmaxheaptopk|0.5274
trec-dl-2019|bm25+rankfirst|optimal_global|judge|0.729
trec-dl-2019|bm25+rankfirst|optimal_global|judge_expr|0.7274
trec-dl-2019|bm25+rankfirst|optimal_global|rankgpt|0.7493
trec-dl-2019|bm25+rankfirst|optimal_global|setmaxheaptopk|0.6758
trec-dl-2019|bm25+rankfirst|optimal_per_topic|judge|0.7759
trec-dl-2019|bm25+rankfirst|optimal_per_topic|judge_expr|0.7526
trec-dl-2019|bm25+rankfirst|optimal_per_topic|rankgpt|0.7901
trec-dl-2019|bm25+rankfirst|optimal_per_topic|setmaxheaptopk|0.7595
trec-dl-2019|bm25+rankfirst|quantile|judge|0.7761
trec-dl-2019|bm25+rankfirst|quantile|judge_expr|0.6531
trec-dl-2019|bm25+rankfirst|quantile|rankgpt|0.7471
trec-dl-2019|bm25+rankfirst|quantile|setmaxheaptopk|0.7067
trec-dl-2019|bm25+rankfirst|rank|judge|0.5497
trec-dl-2019|bm25+rankfirst|rank|judge_expr|0.4198
trec-dl-2019|bm25+rankfirst|rank|rankgpt|0.5565
trec-dl-2019|bm25+rankfirst|rank|setmaxheaptopk|0.5523
trec-dl-2019|bm25+rankfirst|thresholding|judge|0.6729
trec-dl-2019|bm25+rankfirst|thresholding|judge_expr|0.634
trec-dl-2019|bm25+rankfirst|thresholding|rankgpt|0.0
trec-dl-2019|bm25+rankfirst|thresholding|setmaxheaptopk|0.0
trec-dl-2019|bm25+rankgpt|direct|judge|0.6773
trec-dl-2019|bm25+rankgpt|direct|judge_expr|0.6131
trec-dl-2019|bm25+rankgpt|direct|rankgpt|0.4015
trec-dl-2019|bm25+rankgpt|direct|setmaxheaptopk|0.4278
trec-dl-2019|bm25+rankgpt|largest_gap|judge|0.5672
trec-dl-2019|bm25+rankgpt|largest_gap|judge_expr|0.6071
trec-dl-2019|bm25+rankgpt|largest_gap|rankgpt|0.4015
trec-dl-2019|bm25+rankgpt|largest_gap|setmaxheaptopk|0.4278
trec-dl-2019|bm25+rankgpt|optimal_global|judge|0.6919
trec-dl-2019|bm25+rankgpt|optimal_global|judge_expr|0.6787
trec-dl-2019|bm25+rankgpt|optimal_global|rankgpt|0.6614
trec-dl-2019|bm25+rankgpt|optimal_global|setmaxheaptopk|0.5969
trec-dl-2019|bm25+rankgpt|optimal_per_topic|judge|0.7226
trec-dl-2019|bm25+rankgpt|optimal_per_topic|judge_expr|0.7246
trec-dl-2019|bm25+rankgpt|optimal_per_topic|rankgpt|0.726
trec-dl-2019|bm25+rankgpt|optimal_per_topic|setmaxheaptopk|0.7148
trec-dl-2019|bm25+rankgpt|quantile|judge|0.7227
trec-dl-2019|bm25+rankgpt|quantile|judge_expr|0.6125
trec-dl-2019|bm25+rankgpt|quantile|rankgpt|0.6541
trec-dl-2019|bm25+rankgpt|quantile|setmaxheaptopk|0.6196
trec-dl-2019|bm25+rankgpt|rank|judge|0.4692
trec-dl-2019|bm25+rankgpt|rank|judge_expr|0.3913
trec-dl-2019|bm25+rankgpt|rank|rankgpt|0.4673
trec-dl-2019|bm25+rankgpt|rank|setmaxheaptopk|0.4998
trec-dl-2019|bm25+rankgpt|thresholding|judge|0.619
trec-dl-2019|bm25+rankgpt|thresholding|judge_expr|0.5803
trec-dl-2019|bm25+rankgpt|thresholding|rankgpt|0.0
trec-dl-2019|bm25+rankgpt|thresholding|setmaxheaptopk|0.0
trec-dl-2019|bm25+rankzephyr|direct|judge|0.7335
trec-dl-2019|bm25+rankzephyr|direct|judge_expr|0.6648
trec-dl-2019|bm25+rankzephyr|direct|rankgpt|0.4721
trec-dl-2019|bm25+rankzephyr|direct|setmaxheaptopk|0.4886
trec-dl-2019|bm25+rankzephyr|largest_gap|judge|0.6172
trec-dl-2019|bm25+rankzephyr|largest_gap|judge_expr|0.6584
trec-dl-2019|bm25+rankzephyr|largest_gap|rankgpt|0.4721
trec-dl-2019|bm25+rankzephyr|largest_gap|setmaxheaptopk|0.4886
trec-dl-2019|bm25+rankzephyr|optimal_global|judge|0.7424
trec-dl-2019|bm25+rankzephyr|optimal_global|judge_expr|0.7438
trec-dl-2019|bm25+rankzephyr|optimal_global|rankgpt|0.731
trec-dl-2019|bm25+rankzephyr|optimal_global|setmaxheaptopk|0.6621
trec-dl-2019|bm25+rankzephyr|optimal_per_topic|judge|0.7802
trec-dl-2019|bm25+rankzephyr|optimal_per_topic|judge_expr|0.7756
trec-dl-2019|bm25+rankzephyr|optimal_per_topic|rankgpt|0.7732
trec-dl-2019|bm25+rankzephyr|optimal_per_topic|setmaxheaptopk|0.7648
trec-dl-2019|bm25+rankzephyr|quantile|judge|0.7869
trec-dl-2019|bm25+rankzephyr|quantile|judge_expr|0.6596
trec-dl-2019|bm25+rankzephyr|quantile|rankgpt|0.7272
trec-dl-2019|bm25+rankzephyr|quantile|setmaxheaptopk|0.6907
trec-dl-2019|bm25+rankzephyr|rank|judge|0.531
trec-dl-2019|bm25+rankzephyr|rank|judge_expr|0.4268
trec-dl-2019|bm25+rankzephyr|rank|rankgpt|0.5122
trec-dl-2019|bm25+rankzephyr|rank|setmaxheaptopk|0.5249
trec-dl-2019|bm25+rankzephyr|thresholding|judge|0.6778
trec-dl-2019|bm25+rankzephyr|thresholding|judge_expr|0.6423
trec-dl-2019|bm25+rankzephyr|thresholding|rankgpt|0.0
trec-dl-2019|bm25+rankzephyr|thresholding|setmaxheaptopk|0.0
trec-dl-2019|bm25+setmaxheaptopk|direct|judge|0.6927
trec-dl-2019|bm25+setmaxheaptopk|direct|judge_expr|0.6299
trec-dl-2019|bm25+setmaxheaptopk|direct|rankgpt|0.4843
trec-dl-2019|bm25+setmaxheaptopk|direct|setmaxheaptopk|0.5337
trec-dl-2019|bm25+setmaxheaptopk|largest_gap|judge|0.5903
trec-dl-2019|bm25+setmaxheaptopk|largest_gap|judge_expr|0.6213
trec-dl-2019|bm25+setmaxheaptopk|largest_gap|rankgpt|0.4843
trec-dl-2019|bm25+setmaxheaptopk|largest_gap|setmaxheaptopk|0.5337
trec-dl-2019|bm25+setmaxheaptopk|optimal_global|judge|0.6971
trec-dl-2019|bm25+setmaxheaptopk|optimal_global|judge_expr|0.7099
trec-dl-2019|bm25+setmaxheaptopk|optimal_global|rankgpt|0.6811
trec-dl-2019|bm25+setmaxheaptopk|optimal_global|setmaxheaptopk|0.6582
trec-dl-2019|bm25+setmaxheaptopk|optimal_per_topic|judge|0.7329
trec-dl-2019|bm25+setmaxheaptopk|optimal_per_topic|judge_expr|0.7176
trec-dl-2019|bm25+setmaxheaptopk|optimal_per_topic|rankgpt|0.7278
trec-dl-2019|bm25+setmaxheaptopk|optimal_per_topic|setmaxheaptopk|0.735
trec-dl-2019|bm25+setmaxheaptopk|quantile|judge|0.765
trec-dl-2019|bm25+setmaxheaptopk|quantile|judge_expr|0.6665
trec-dl-2019|bm25+setmaxheaptopk|quantile|rankgpt|0.6769
trec-dl-2019|bm25+setmaxheaptopk|quantile|setmaxheaptopk|0.6868
trec-dl-2019|bm25+setmaxheaptopk|rank|judge|0.4969
trec-dl-2019|bm25+setmaxheaptopk|rank|judge_expr|0.3986
trec-dl-2019|bm25+setmaxheaptopk|rank|rankgpt|0.4842
trec-dl-2019|bm25+setmaxheaptopk|rank|setmaxheaptopk|0.559
trec-dl-2019|bm25+setmaxheaptopk|thresholding|judge|0.638
trec-dl-2019|bm25+setmaxheaptopk|thresholding|judge_expr|0.5987
trec-dl-2019|bm25+setmaxheaptopk|thresholding|rankgpt|0.0
trec-dl-2019|bm25+setmaxheaptopk|thresholding|setmaxheaptopk|0.0
trec-dl-2019|colbert-small|direct|judge|0.7337
trec-dl-2019|colbert-small|direct|judge_expr|0.6529
trec-dl-2019|colbert-small|direct|rankgpt|0.4927
trec-dl-2019|colbert-small|direct|setmaxheaptopk|0.4554
trec-dl-2019|colbert-small|largest_gap|judge|0.602
trec-dl-2019|colbert-small|largest_gap|judge_expr|0.6398
trec-dl-2019|colbert-small|largest_gap|rankgpt|0.4927
trec-dl-2019|colbert-small|largest_gap|setmaxheaptopk|0.4554
trec-dl-2019|colbert-small|optimal_global|judge|0.7437
trec-dl-2019|colbert-small|optimal_global|judge_expr|0.7596
trec-dl-2019|colbert-small|optimal_global|rankgpt|0.8276
trec-dl-2019|colbert-small|optimal_global|setmaxheaptopk|0.704
trec-dl-2019|colbert-small|optimal_per_topic|judge|0.804
trec-dl-2019|colbert-small|optimal_per_topic|judge_expr|0.7894
trec-dl-2019|colbert-small|optimal_per_topic|rankgpt|0.875
trec-dl-2019|colbert-small|optimal_per_topic|setmaxheaptopk|0.7918
trec-dl-2019|colbert-small|quantile|judge|0.8245
trec-dl-2019|colbert-small|quantile|judge_expr|0.6486
trec-dl-2019|colbert-small|quantile|rankgpt|0.8247
trec-dl-2019|colbert-small|quantile|setmaxheaptopk|0.7398
trec-dl-2019|colbert-small|rank|judge|0.5402
trec-dl-2019|colbert-small|rank|judge_expr|0.4026
trec-dl-2019|colbert-small|rank|rankgpt|0.5819
trec-dl-2019|colbert-small|rank|setmaxheaptopk|0.5484
trec-dl-2019|colbert-small|thresholding|judge|0.6544
trec-dl-2019|colbert-small|thresholding|judge_expr|0.6245
trec-dl-2019|colbert-small|thresholding|rankgpt|0.0
trec-dl-2019|colbert-small|thresholding|setmaxheaptopk|0.0
trec-dl-2019|colbert-small+judge|direct|judge|0.8373
trec-dl-2019|colbert-small+judge|direct|judge_expr|0.8324
trec-dl-2019|colbert-small+judge|direct|rankgpt|0.3189
trec-dl-2019|colbert-small+judge|direct|setmaxheaptopk|0.3472
trec-dl-2019|colbert-small+judge|largest_gap|judge|0.8568
trec-dl-2019|colbert-small+judge|largest_gap|judge_expr|0.8447
trec-dl-2019|colbert-small+judge|largest_gap|rankgpt|0.3189
trec-dl-2019|colbert-small+judge|largest_gap|setmaxheaptopk|0.3472
trec-dl-2019|colbert-small+judge|optimal_global|judge|0.8246
trec-dl-2019|colbert-small+judge|optimal_global|judge_expr|0.7958
trec-dl-2019|colbert-small+judge|optimal_global|rankgpt|0.6263
trec-dl-2019|colbert-small+judge|optimal_global|setmaxheaptopk|0.5513
trec-dl-2019|colbert-small+judge|optimal_per_topic|judge|0.8318
trec-dl-2019|colbert-small+judge|optimal_per_topic|judge_expr|0.8038
trec-dl-2019|colbert-small+judge|optimal_per_topic|rankgpt|0.7233
trec-dl-2019|colbert-small+judge|optimal_per_topic|setmaxheaptopk|0.6902
trec-dl-2019|colbert-small+judge|quantile|judge|0.8268
trec-dl-2019|colbert-small+judge|quantile|judge_expr|0.7324
trec-dl-2019|colbert-small+judge|quantile|rankgpt|0.6193
trec-dl-2019|colbert-small+judge|quantile|setmaxheaptopk|0.596
trec-dl-2019|colbert-small+judge|rank|judge|0.5622
trec-dl-2019|colbert-small+judge|rank|judge_expr|0.5095
trec-dl-2019|colbert-small+judge|rank|rankgpt|0.3876
trec-dl-2019|colbert-small+judge|rank|setmaxheaptopk|0.4526
trec-dl-2019|colbert-small+judge|thresholding|judge|0.8287
trec-dl-2019|colbert-small+judge|thresholding|judge_expr|0.8141
trec-dl-2019|colbert-small+judge|thresholding|rankgpt|0.0
trec-dl-2019|colbert-small+judge|thresholding|setmaxheaptopk|0.0
trec-dl-2019|colbert-small+judge_expr|direct|judge|0.8823
trec-dl-2019|colbert-small+judge_expr|direct|judge_expr|0.8993
trec-dl-2019|colbert-small+judge_expr|direct|rankgpt|0.3101
trec-dl-2019|colbert-small+judge_expr|direct|setmaxheaptopk|0.3596
trec-dl-2019|colbert-small+judge_expr|largest_gap|judge|0.9021
trec-dl-2019|colbert-small+judge_expr|largest_gap|judge_expr|0.9014
trec-dl-2019|colbert-small+judge_expr|largest_gap|rankgpt|0.3101
trec-dl-2019|colbert-small+judge_expr|largest_gap|setmaxheaptopk|0.3596
trec-dl-2019|colbert-small+judge_expr|optimal_global|judge|0.8728
trec-dl-2019|colbert-small+judge_expr|optimal_global|judge_expr|0.8768
trec-dl-2019|colbert-small+judge_expr|optimal_global|rankgpt|0.6899
trec-dl-2019|colbert-small+judge_expr|optimal_global|setmaxheaptopk|0.6469
trec-dl-2019|colbert-small+judge_expr|optimal_per_topic|judge|0.8761
trec-dl-2019|colbert-small+judge_expr|optimal_per_topic|judge_expr|0.8853
trec-dl-2019|colbert-small+judge_expr|optimal_per_topic|rankgpt|0.7905
trec-dl-2019|colbert-small+judge_expr|optimal_per_topic|setmaxheaptopk|0.759
trec-dl-2019|colbert-small+judge_expr|quantile|judge|0.8686
trec-dl-2019|colbert-small+judge_expr|quantile|judge_expr|0.8686
trec-dl-2019|colbert-small+judge_expr|quantile|rankgpt|0.6861
trec-dl-2019|colbert-small+judge_expr|quantile|setmaxheaptopk|0.6855
trec-dl-2019|colbert-small+judge_expr|rank|judge|0.6159
trec-dl-2019|colbert-small+judge_expr|rank|judge_expr|0.8317
trec-dl-2019|colbert-small+judge_expr|rank|rankgpt|0.4769
trec-dl-2019|colbert-small+judge_expr|rank|setmaxheaptopk|0.5221
trec-dl-2019|colbert-small+judge_expr|thresholding|judge|0.8748
trec-dl-2019|colbert-small+judge_expr|thresholding|judge_expr|0.883
trec-dl-2019|colbert-small+judge_expr|thresholding|rankgpt|0.0
trec-dl-2019|colbert-small+judge_expr|thresholding|setmaxheaptopk|0.0
trec-dl-2019|colbert-small+point|direct|judge|0.6783
trec-dl-2019|colbert-small+point|direct|judge_expr|0.6206
trec-dl-2019|colbert-small+point|direct|rankgpt|0.2683
trec-dl-2019|colbert-small+point|direct|setmaxheaptopk|0.3767
trec-dl-2019|colbert-small+point|largest_gap|judge|0.5391
trec-dl-2019|colbert-small+point|largest_gap|judge_expr|0.6065
trec-dl-2019|colbert-small+point|largest_gap|rankgpt|0.2683
trec-dl-2019|colbert-small+point|largest_gap|setmaxheaptopk|0.3767
trec-dl-2019|colbert-small+point|optimal_global|judge|0.7055
trec-dl-2019|colbert-small+point|optimal_global|judge_expr|0.6991
trec-dl-2019|colbert-small+point|optimal_global|rankgpt|0.6053
trec-dl-2019|colbert-small+point|optimal_global|setmaxheaptopk|0.5392
trec-dl-2019|colbert-small+point|optimal_per_topic|judge|0.7209
trec-dl-2019|colbert-small+point|optimal_per_topic|judge_expr|0.7253
trec-dl-2019|colbert-small+point|optimal_per_topic|rankgpt|0.6837
trec-dl-2019|colbert-small+point|optimal_per_topic|setmaxheaptopk|0.6895
trec-dl-2019|colbert-small+point|quantile|judge|0.6868
trec-dl-2019|colbert-small+point|quantile|judge_expr|0.5833
trec-dl-2019|colbert-small+point|quantile|rankgpt|0.6035
trec-dl-2019|colbert-small+point|quantile|setmaxheaptopk|0.5854
trec-dl-2019|colbert-small+point|rank|judge|0.4096
trec-dl-2019|colbert-small+point|rank|judge_expr|0.3531
trec-dl-2019|colbert-small+point|rank|rankgpt|0.3906
trec-dl-2019|colbert-small+point|rank|setmaxheaptopk|0.4273
trec-dl-2019|colbert-small+point|thresholding|judge|0.6357
trec-dl-2019|colbert-small+point|thresholding|judge_expr|0.6058
trec-dl-2019|colbert-small+point|thresholding|rankgpt|0.0
trec-dl-2019|colbert-small+point|thresholding|setmaxheaptopk|0.0
trec-dl-2019|colbert-small+rankfirst|direct|judge|0.7924
trec-dl-2019|colbert-small+rankfirst|direct|judge_expr|0.729
trec-dl-2019|colbert-small+rankfirst|direct|rankgpt|0.5832
trec-dl-2019|colbert-small+rankfirst|direct|setmaxheaptopk|0.6009
trec-dl-2019|colbert-small+rankfirst|largest_gap|judge|0.695
trec-dl-2019|colbert-small+rankfirst|largest_gap|judge_expr|0.7192
trec-dl-2019|colbert-small+rankfirst|largest_gap|rankgpt|0.5832
trec-dl-2019|colbert-small+rankfirst|largest_gap|setmaxheaptopk|0.6009
trec-dl-2019|colbert-small+rankfirst|optimal_global|judge|0.7867
trec-dl-2019|colbert-small+rankfirst|optimal_global|judge_expr|0.7888
trec-dl-2019|colbert-small+rankfirst|optimal_global|rankgpt|0.8558
trec-dl-2019|colbert-small+rankfirst|optimal_global|setmaxheaptopk|0.7728
trec-dl-2019|colbert-small+rankfirst|optimal_per_topic|judge|0.8614
trec-dl-2019|colbert-small+rankfirst|optimal_per_topic|judge_expr|0.8444
trec-dl-2019|colbert-small+rankfirst|optimal_per_topic|rankgpt|0.9016
trec-dl-2019|colbert-small+rankfirst|optimal_per_topic|setmaxheaptopk|0.8532
trec-dl-2019|colbert-small+rankfirst|quantile|judge|0.8688
trec-dl-2019|colbert-small+rankfirst|quantile|judge_expr|0.7285
trec-dl-2019|colbert-small+rankfirst|quantile|rankgpt|0.8506
trec-dl-2019|colbert-small+rankfirst|quantile|setmaxheaptopk|0.8025
trec-dl-2019|colbert-small+rankfirst|rank|judge|0.6298
trec-dl-2019|colbert-small+rankfirst|rank|judge_expr|0.4968
trec-dl-2019|colbert-small+rankfirst|rank|rankgpt|0.6601
trec-dl-2019|colbert-small+rankfirst|rank|setmaxheaptopk|0.642
trec-dl-2019|colbert-small+rankfirst|thresholding|judge|0.7217
trec-dl-2019|colbert-small+rankfirst|thresholding|judge_expr|0.701
trec-dl-2019|colbert-small+rankfirst|thresholding|rankgpt|0.0
trec-dl-2019|colbert-small+rankfirst|thresholding|setmaxheaptopk|0.0
trec-dl-2019|colbert-small+rankgpt|direct|judge|0.7841
trec-dl-2019|colbert-small+rankgpt|direct|judge_expr|0.7285
trec-dl-2019|colbert-small+rankgpt|direct|rankgpt|0.6085
trec-dl-2019|colbert-small+rankgpt|direct|setmaxheaptopk|0.5439
trec-dl-2019|colbert-small+rankgpt|largest_gap|judge|0.6789
trec-dl-2019|colbert-small+rankgpt|largest_gap|judge_expr|0.7233
trec-dl-2019|colbert-small+rankgpt|largest_gap|rankgpt|0.6085
trec-dl-2019|colbert-small+rankgpt|largest_gap|setmaxheaptopk|0.5439
trec-dl-2019|colbert-small+rankgpt|optimal_global|judge|0.801
trec-dl-2019|colbert-small+rankgpt|optimal_global|judge_expr|0.8007
trec-dl-2019|colbert-small+rankgpt|optimal_global|rankgpt|0.8154
trec-dl-2019|colbert-small+rankgpt|optimal_global|setmaxheaptopk|0.7403
trec-dl-2019|colbert-small+rankgpt|optimal_per_topic|judge|0.8442
trec-dl-2019|colbert-small+rankgpt|optimal_per_topic|judge_expr|0.8396
trec-dl-2019|colbert-small+rankgpt|optimal_per_topic|rankgpt|0.8745
trec-dl-2019|colbert-small+rankgpt|optimal_per_topic|setmaxheaptopk|0.8217
trec-dl-2019|colbert-small+rankgpt|quantile|judge|0.851
trec-dl-2019|colbert-small+rankgpt|quantile|judge_expr|0.7133
trec-dl-2019|colbert-small+rankgpt|quantile|rankgpt|0.8123
trec-dl-2019|colbert-small+rankgpt|quantile|setmaxheaptopk|0.7609
trec-dl-2019|colbert-small+rankgpt|rank|judge|0.5697
trec-dl-2019|colbert-small+rankgpt|rank|judge_expr|0.4465
trec-dl-2019|colbert-small+rankgpt|rank|rankgpt|0.6322
trec-dl-2019|colbert-small+rankgpt|rank|setmaxheaptopk|0.6086
trec-dl-2019|colbert-small+rankgpt|thresholding|judge|0.7192
trec-dl-2019|colbert-small+rankgpt|thresholding|judge_expr|0.7013
trec-dl-2019|colbert-small+rankgpt|thresholding|rankgpt|0.0
trec-dl-2019|colbert-small+rankgpt|thresholding|setmaxheaptopk|0.0
trec-dl-2019|colbert-small+rankzephyr|direct|judge|0.7862
trec-dl-2019|colbert-small+rankzephyr|direct|judge_expr|0.7279
trec-dl-2019|colbert-small+rankzephyr|direct|rankgpt|0.5525
trec-dl-2019|colbert-small+rankzephyr|direct|setmaxheaptopk|0.5702
trec-dl-2019|colbert-small+rankzephyr|largest_gap|judge|0.681
trec-dl-2019|colbert-small+rankzephyr|largest_gap|judge_expr|0.7106
trec-dl-2019|colbert-small+rankzephyr|largest_gap|rankgpt|0.5525
trec-dl-2019|colbert-small+rankzephyr|largest_gap|setmaxheaptopk|0.5702
trec-dl-2019|colbert-small+rankzephyr|optimal_global|judge|0.8012
trec-dl-2019|colbert-small+rankzephyr|optimal_global|judge_expr|0.7953
trec-dl-2019|colbert-small+rankzephyr|optimal_global|rankgpt|0.787
trec-dl-2019|colbert-small+rankzephyr|optimal_global|setmaxheaptopk|0.7217
trec-dl-2019|colbert-small+rankzephyr|optimal_per_topic|judge|0.8562
trec-dl-2019|colbert-small+rankzephyr|optimal_per_topic|judge_expr|0.8618
trec-dl-2019|colbert-small+rankzephyr|optimal_per_topic|rankgpt|0.8814
trec-dl-2019|colbert-small+rankzephyr|optimal_per_topic|setmaxheaptopk|0.8537
trec-dl-2019|colbert-small+rankzephyr|quantile|judge|0.8492
trec-dl-2019|colbert-small+rankzephyr|quantile|judge_expr|0.7096
trec-dl-2019|colbert-small+rankzephyr|quantile|rankgpt|0.7818
trec-dl-2019|colbert-small+rankzephyr|quantile|setmaxheaptopk|0.7506
trec-dl-2019|colbert-small+rankzephyr|rank|judge|0.5785
trec-dl-2019|colbert-small+rankzephyr|rank|judge_expr|0.4617
trec-dl-2019|colbert-small+rankzephyr|rank|rankgpt|0.5791
trec-dl-2019|colbert-small+rankzephyr|rank|setmaxheaptopk|0.5915
trec-dl-2019|colbert-small+rankzephyr|thresholding|judge|0.7226
trec-dl-2019|colbert-small+rankzephyr|thresholding|judge_expr|0.7043
trec-dl-2019|colbert-small+rankzephyr|thresholding|rankgpt|0.0
trec-dl-2019|colbert-small+rankzephyr|thresholding|setmaxheaptopk|0.0
trec-dl-2019|colbert-small+setmaxheaptopk|direct|judge|0.8013
trec-dl-2019|colbert-small+setmaxheaptopk|direct|judge_expr|0.7544
trec-dl-2019|colbert-small+setmaxheaptopk|direct|rankgpt|0.5747
trec-dl-2019|colbert-small+setmaxheaptopk|direct|setmaxheaptopk|0.6743
trec-dl-2019|colbert-small+setmaxheaptopk|largest_gap|judge|0.7089
trec-dl-2019|colbert-small+setmaxheaptopk|largest_gap|judge_expr|0.7476
trec-dl-2019|colbert-small+setmaxheaptopk|largest_gap|rankgpt|0.5747
trec-dl-2019|colbert-small+setmaxheaptopk|largest_gap|setmaxheaptopk|0.6743
trec-dl-2019|colbert-small+setmaxheaptopk|optimal_global|judge|0.8046
trec-dl-2019|colbert-small+setmaxheaptopk|optimal_global|judge_expr|0.8143
trec-dl-2019|colbert-small+setmaxheaptopk|optimal_global|rankgpt|0.7725
trec-dl-2019|colbert-small+setmaxheaptopk|optimal_global|setmaxheaptopk|0.7684
trec-dl-2019|colbert-small+setmaxheaptopk|optimal_per_topic|judge|0.8466
trec-dl-2019|colbert-small+setmaxheaptopk|optimal_per_topic|judge_expr|0.8424
trec-dl-2019|colbert-small+setmaxheaptopk|optimal_per_topic|rankgpt|0.8452
trec-dl-2019|colbert-small+setmaxheaptopk|optimal_per_topic|setmaxheaptopk|0.8523
trec-dl-2019|colbert-small+setmaxheaptopk|quantile|judge|0.8494
trec-dl-2019|colbert-small+setmaxheaptopk|quantile|judge_expr|0.7415
trec-dl-2019|colbert-small+setmaxheaptopk|quantile|rankgpt|0.7706
trec-dl-2019|colbert-small+setmaxheaptopk|quantile|setmaxheaptopk|0.7887
trec-dl-2019|colbert-small+setmaxheaptopk|rank|judge|0.5835
trec-dl-2019|colbert-small+setmaxheaptopk|rank|judge_expr|0.4917
trec-dl-2019|colbert-small+setmaxheaptopk|rank|rankgpt|0.6011
trec-dl-2019|colbert-small+setmaxheaptopk|rank|setmaxheaptopk|0.6743
trec-dl-2019|colbert-small+setmaxheaptopk|thresholding|judge|0.7552
trec-dl-2019|colbert-small+setmaxheaptopk|thresholding|judge_expr|0.7317
trec-dl-2019|colbert-small+setmaxheaptopk|thresholding|rankgpt|0.0
trec-dl-2019|colbert-small+setmaxheaptopk|thresholding|setmaxheaptopk|0.0
trec-dl-2019|nomicai-modernbert-embed|direct|judge|0.7545
trec-dl-2019|nomicai-modernbert-embed|direct|judge_expr|0.6779
trec-dl-2019|nomicai-modernbert-embed|direct|rankgpt|0.7503
trec-dl-2019|nomicai-modernbert-embed|direct|setmaxheaptopk|0.61
trec-dl-2019|nomicai-modernbert-embed|largest_gap|judge|0.6188
trec-dl-2019|nomicai-modernbert-embed|largest_gap|judge_expr|0.6662
trec-dl-2019|nomicai-modernbert-embed|largest_gap|rankgpt|0.7503
trec-dl-2019|nomicai-modernbert-embed|largest_gap|setmaxheaptopk|0.61
trec-dl-2019|nomicai-modernbert-embed|optimal_global|judge|0.749
trec-dl-2019|nomicai-modernbert-embed|optimal_global|judge_expr|0.7548
trec-dl-2019|nomicai-modernbert-embed|optimal_global|rankgpt|1.0
trec-dl-2019|nomicai-modernbert-embed|optimal_global|setmaxheaptopk|0.7863
trec-dl-2019|nomicai-modernbert-embed|optimal_per_topic|judge|0.8182
trec-dl-2019|nomicai-modernbert-embed|optimal_per_topic|judge_expr|0.7836
trec-dl-2019|nomicai-modernbert-embed|optimal_per_topic|rankgpt|0.9616
trec-dl-2019|nomicai-modernbert-embed|optimal_per_topic|setmaxheaptopk|0.8155
trec-dl-2019|nomicai-modernbert-embed|quantile|judge|0.8548
trec-dl-2019|nomicai-modernbert-embed|quantile|judge_expr|0.6716
trec-dl-2019|nomicai-modernbert-embed|quantile|rankgpt|1.0
trec-dl-2019|nomicai-modernbert-embed|quantile|setmaxheaptopk|0.8144
trec-dl-2019|nomicai-modernbert-embed|rank|judge|0.6594
trec-dl-2019|nomicai-modernbert-embed|rank|judge_expr|0.4096
trec-dl-2019|nomicai-modernbert-embed|rank|rankgpt|0.7194
trec-dl-2019|nomicai-modernbert-embed|rank|setmaxheaptopk|0.5881
trec-dl-2019|nomicai-modernbert-embed|thresholding|judge|0.6809
trec-dl-2019|nomicai-modernbert-embed|thresholding|judge_expr|0.6553
trec-dl-2019|nomicai-modernbert-embed|thresholding|rankgpt|0.0
trec-dl-2019|nomicai-modernbert-embed|thresholding|setmaxheaptopk|0.0
trec-dl-2019|nomicai-modernbert-embed+judge|direct|judge|1.0
trec-dl-2019|nomicai-modernbert-embed+judge|direct|judge_expr|0.9721
trec-dl-2019|nomicai-modernbert-embed+judge|direct|rankgpt|0.328
trec-dl-2019|nomicai-modernbert-embed+judge|direct|setmaxheaptopk|0.3519
trec-dl-2019|nomicai-modernbert-embed+judge|largest_gap|judge|1.0
trec-dl-2019|nomicai-modernbert-embed+judge|largest_gap|judge_expr|0.9925
trec-dl-2019|nomicai-modernbert-embed+judge|largest_gap|rankgpt|0.328
trec-dl-2019|nomicai-modernbert-embed+judge|largest_gap|setmaxheaptopk|0.3519
trec-dl-2019|nomicai-modernbert-embed+judge|optimal_global|judge|1.0
trec-dl-2019|nomicai-modernbert-embed+judge|optimal_global|judge_expr|0.9503
trec-dl-2019|nomicai-modernbert-embed+judge|optimal_global|rankgpt|0.6736
trec-dl-2019|nomicai-modernbert-embed+judge|optimal_global|setmaxheaptopk|0.6258
trec-dl-2019|nomicai-modernbert-embed+judge|optimal_per_topic|judge|1.0
trec-dl-2019|nomicai-modernbert-embed+judge|optimal_per_topic|judge_expr|0.946
trec-dl-2019|nomicai-modernbert-embed+judge|optimal_per_topic|rankgpt|0.8062
trec-dl-2019|nomicai-modernbert-embed+judge|optimal_per_topic|setmaxheaptopk|0.7879
trec-dl-2019|nomicai-modernbert-embed+judge|quantile|judge|1.0
trec-dl-2019|nomicai-modernbert-embed+judge|quantile|judge_expr|0.8731
trec-dl-2019|nomicai-modernbert-embed+judge|quantile|rankgpt|0.6654
trec-dl-2019|nomicai-modernbert-embed+judge|quantile|setmaxheaptopk|0.6883
trec-dl-2019|nomicai-modernbert-embed+judge|rank|judge|0.6479
trec-dl-2019|nomicai-modernbert-embed+judge|rank|judge_expr|0.6024
trec-dl-2019|nomicai-modernbert-embed+judge|rank|rankgpt|0.4105
trec-dl-2019|nomicai-modernbert-embed+judge|rank|setmaxheaptopk|0.492
trec-dl-2019|nomicai-modernbert-embed+judge|thresholding|judge|0.9767
trec-dl-2019|nomicai-modernbert-embed+judge|thresholding|judge_expr|0.9261
trec-dl-2019|nomicai-modernbert-embed+judge|thresholding|rankgpt|0.0
trec-dl-2019|nomicai-modernbert-embed+judge|thresholding|setmaxheaptopk|0.0
trec-dl-2019|nomicai-modernbert-embed+judge_expr|direct|judge|0.9934
trec-dl-2019|nomicai-modernbert-embed+judge_expr|direct|judge_expr|1.0
trec-dl-2019|nomicai-modernbert-embed+judge_expr|direct|rankgpt|0.3124
trec-dl-2019|nomicai-modernbert-embed+judge_expr|direct|setmaxheaptopk|0.3722
trec-dl-2019|nomicai-modernbert-embed+judge_expr|largest_gap|judge|0.9896
trec-dl-2019|nomicai-modernbert-embed+judge_expr|largest_gap|judge_expr|1.0
trec-dl-2019|nomicai-modernbert-embed+judge_expr|largest_gap|rankgpt|0.3124
trec-dl-2019|nomicai-modernbert-embed+judge_expr|largest_gap|setmaxheaptopk|0.3722
trec-dl-2019|nomicai-modernbert-embed+judge_expr|optimal_global|judge|0.9853
trec-dl-2019|nomicai-modernbert-embed+judge_expr|optimal_global|judge_expr|1.0
trec-dl-2019|nomicai-modernbert-embed+judge_expr|optimal_global|rankgpt|0.7261
trec-dl-2019|nomicai-modernbert-embed+judge_expr|optimal_global|setmaxheaptopk|0.7004
trec-dl-2019|nomicai-modernbert-embed+judge_expr|optimal_per_topic|judge|0.9968
trec-dl-2019|nomicai-modernbert-embed+judge_expr|optimal_per_topic|judge_expr|1.0
trec-dl-2019|nomicai-modernbert-embed+judge_expr|optimal_per_topic|rankgpt|0.8447
trec-dl-2019|nomicai-modernbert-embed+judge_expr|optimal_per_topic|setmaxheaptopk|0.8132
trec-dl-2019|nomicai-modernbert-embed+judge_expr|quantile|judge|1.0
trec-dl-2019|nomicai-modernbert-embed+judge_expr|quantile|judge_expr|1.0
trec-dl-2019|nomicai-modernbert-embed+judge_expr|quantile|rankgpt|0.7173
trec-dl-2019|nomicai-modernbert-embed+judge_expr|quantile|setmaxheaptopk|0.7487
trec-dl-2019|nomicai-modernbert-embed+judge_expr|rank|judge|0.6907
trec-dl-2019|nomicai-modernbert-embed+judge_expr|rank|judge_expr|1.0
trec-dl-2019|nomicai-modernbert-embed+judge_expr|rank|rankgpt|0.4897
trec-dl-2019|nomicai-modernbert-embed+judge_expr|rank|setmaxheaptopk|0.5432
trec-dl-2019|nomicai-modernbert-embed+judge_expr|thresholding|judge|0.9747
trec-dl-2019|nomicai-modernbert-embed+judge_expr|thresholding|judge_expr|0.9535
trec-dl-2019|nomicai-modernbert-embed+judge_expr|thresholding|rankgpt|0.0
trec-dl-2019|nomicai-modernbert-embed+judge_expr|thresholding|setmaxheaptopk|0.0
trec-dl-2019|nomicai-modernbert-embed+point|direct|judge|0.8015
trec-dl-2019|nomicai-modernbert-embed+point|direct|judge_expr|0.715
trec-dl-2019|nomicai-modernbert-embed+point|direct|rankgpt|0.2696
trec-dl-2019|nomicai-modernbert-embed+point|direct|setmaxheaptopk|0.3704
trec-dl-2019|nomicai-modernbert-embed+point|largest_gap|judge|0.603
trec-dl-2019|nomicai-modernbert-embed+point|largest_gap|judge_expr|0.7013
trec-dl-2019|nomicai-modernbert-embed+point|largest_gap|rankgpt|0.2696
trec-dl-2019|nomicai-modernbert-embed+point|largest_gap|setmaxheaptopk|0.3704
trec-dl-2019|nomicai-modernbert-embed+point|optimal_global|judge|0.8287
trec-dl-2019|nomicai-modernbert-embed+point|optimal_global|judge_expr|0.8201
trec-dl-2019|nomicai-modernbert-embed+point|optimal_global|rankgpt|0.6728
trec-dl-2019|nomicai-modernbert-embed+point|optimal_global|setmaxheaptopk|0.6234
trec-dl-2019|nomicai-modernbert-embed+point|optimal_per_topic|judge|0.8744
trec-dl-2019|nomicai-modernbert-embed+point|optimal_per_topic|judge_expr|0.8521
trec-dl-2019|nomicai-modernbert-embed+point|optimal_per_topic|rankgpt|0.7878
trec-dl-2019|nomicai-modernbert-embed+point|optimal_per_topic|setmaxheaptopk|0.7905
trec-dl-2019|nomicai-modernbert-embed+point|quantile|judge|0.8403
trec-dl-2019|nomicai-modernbert-embed+point|quantile|judge_expr|0.6805
trec-dl-2019|nomicai-modernbert-embed+point|quantile|rankgpt|0.668
trec-dl-2019|nomicai-modernbert-embed+point|quantile|setmaxheaptopk|0.6807
trec-dl-2019|nomicai-modernbert-embed+point|rank|judge|0.4641
trec-dl-2019|nomicai-modernbert-embed+point|rank|judge_expr|0.4118
trec-dl-2019|nomicai-modernbert-embed+point|rank|rankgpt|0.4227
trec-dl-2019|nomicai-modernbert-embed+point|rank|setmaxheaptopk|0.4811
trec-dl-2019|nomicai-modernbert-embed+point|thresholding|judge|0.7405
trec-dl-2019|nomicai-modernbert-embed+point|thresholding|judge_expr|0.6849
trec-dl-2019|nomicai-modernbert-embed+point|thresholding|rankgpt|0.0
trec-dl-2019|nomicai-modernbert-embed+point|thresholding|setmaxheaptopk|0.0
trec-dl-2019|nomicai-modernbert-embed+rankfirst|direct|judge|0.8287
trec-dl-2019|nomicai-modernbert-embed+rankfirst|direct|judge_expr|0.7631
trec-dl-2019|nomicai-modernbert-embed+rankfirst|direct|rankgpt|0.7002
trec-dl-2019|nomicai-modernbert-embed+rankfirst|direct|setmaxheaptopk|0.6215
trec-dl-2019|nomicai-modernbert-embed+rankfirst|largest_gap|judge|0.719
trec-dl-2019|nomicai-modernbert-embed+rankfirst|largest_gap|judge_expr|0.7553
trec-dl-2019|nomicai-modernbert-embed+rankfirst|largest_gap|rankgpt|0.7002
trec-dl-2019|nomicai-modernbert-embed+rankfirst|largest_gap|setmaxheaptopk|0.6215
trec-dl-2019|nomicai-modernbert-embed+rankfirst|optimal_global|judge|0.8225
trec-dl-2019|nomicai-modernbert-embed+rankfirst|optimal_global|judge_expr|0.8254
trec-dl-2019|nomicai-modernbert-embed+rankfirst|optimal_global|rankgpt|0.9088
trec-dl-2019|nomicai-modernbert-embed+rankfirst|optimal_global|setmaxheaptopk|0.8172
trec-dl-2019|nomicai-modernbert-embed+rankfirst|optimal_per_topic|judge|0.9099
trec-dl-2019|nomicai-modernbert-embed+rankfirst|optimal_per_topic|judge_expr|0.8757
trec-dl-2019|nomicai-modernbert-embed+rankfirst|optimal_per_topic|rankgpt|0.9505
trec-dl-2019|nomicai-modernbert-embed+rankfirst|optimal_per_topic|setmaxheaptopk|0.8765
trec-dl-2019|nomicai-modernbert-embed+rankfirst|quantile|judge|0.9288
trec-dl-2019|nomicai-modernbert-embed+rankfirst|quantile|judge_expr|0.7583
trec-dl-2019|nomicai-modernbert-embed+rankfirst|quantile|rankgpt|0.9003
trec-dl-2019|nomicai-modernbert-embed+rankfirst|quantile|setmaxheaptopk|0.8625
trec-dl-2019|nomicai-modernbert-embed+rankfirst|rank|judge|0.6542
trec-dl-2019|nomicai-modernbert-embed+rankfirst|rank|judge_expr|0.5065
trec-dl-2019|nomicai-modernbert-embed+rankfirst|rank|rankgpt|0.7001
trec-dl-2019|nomicai-modernbert-embed+rankfirst|rank|setmaxheaptopk|0.655
trec-dl-2019|nomicai-modernbert-embed+rankfirst|thresholding|judge|0.7585
trec-dl-2019|nomicai-modernbert-embed+rankfirst|thresholding|judge_expr|0.7399
trec-dl-2019|nomicai-modernbert-embed+rankfirst|thresholding|rankgpt|0.0
trec-dl-2019|nomicai-modernbert-embed+rankfirst|thresholding|setmaxheaptopk|0.0
trec-dl-2019|nomicai-modernbert-embed+rankgpt|direct|judge|0.8252
trec-dl-2019|nomicai-modernbert-embed+rankgpt|direct|judge_expr|0.7466
trec-dl-2019|nomicai-modernbert-embed+rankgpt|direct|rankgpt|1.0
trec-dl-2019|nomicai-modernbert-embed+rankgpt|direct|setmaxheaptopk|0.7184
trec-dl-2019|nomicai-modernbert-embed+rankgpt|largest_gap|judge|0.7015
trec-dl-2019|nomicai-modernbert-embed+rankgpt|largest_gap|judge_expr|0.7379
trec-dl-2019|nomicai-modernbert-embed+rankgpt|largest_gap|rankgpt|1.0
trec-dl-2019|nomicai-modernbert-embed+rankgpt|largest_gap|setmaxheaptopk|0.7184
trec-dl-2019|nomicai-modernbert-embed+rankgpt|optimal_global|judge|0.8235
trec-dl-2019|nomicai-modernbert-embed+rankgpt|optimal_global|judge_expr|0.826
trec-dl-2019|nomicai-modernbert-embed+rankgpt|optimal_global|rankgpt|1.0
trec-dl-2019|nomicai-modernbert-embed+rankgpt|optimal_global|setmaxheaptopk|0.8375
trec-dl-2019|nomicai-modernbert-embed+rankgpt|optimal_per_topic|judge|0.8895
trec-dl-2019|nomicai-modernbert-embed+rankgpt|optimal_per_topic|judge_expr|0.8605
trec-dl-2019|nomicai-modernbert-embed+rankgpt|optimal_per_topic|rankgpt|1.0
trec-dl-2019|nomicai-modernbert-embed+rankgpt|optimal_per_topic|setmaxheaptopk|0.8589
trec-dl-2019|nomicai-modernbert-embed+rankgpt|quantile|judge|0.9189
trec-dl-2019|nomicai-modernbert-embed+rankgpt|quantile|judge_expr|0.7696
trec-dl-2019|nomicai-modernbert-embed+rankgpt|quantile|rankgpt|1.0
trec-dl-2019|nomicai-modernbert-embed+rankgpt|quantile|setmaxheaptopk|0.8624
trec-dl-2019|nomicai-modernbert-embed+rankgpt|rank|judge|0.6819
trec-dl-2019|nomicai-modernbert-embed+rankgpt|rank|judge_expr|0.4836
trec-dl-2019|nomicai-modernbert-embed+rankgpt|rank|rankgpt|1.0
trec-dl-2019|nomicai-modernbert-embed+rankgpt|rank|setmaxheaptopk|0.6702
trec-dl-2019|nomicai-modernbert-embed+rankgpt|thresholding|judge|0.7421
trec-dl-2019|nomicai-modernbert-embed+rankgpt|thresholding|judge_expr|0.727
trec-dl-2019|nomicai-modernbert-embed+rankgpt|thresholding|rankgpt|0.0
trec-dl-2019|nomicai-modernbert-embed+rankgpt|thresholding|setmaxheaptopk|0.0
trec-dl-2019|nomicai-modernbert-embed+rankzephyr|direct|judge|0.838
trec-dl-2019|nomicai-modernbert-embed+rankzephyr|direct|judge_expr|0.7775
trec-dl-2019|nomicai-modernbert-embed+rankzephyr|direct|rankgpt|0.6836
trec-dl-2019|nomicai-modernbert-embed+rankzephyr|direct|setmaxheaptopk|0.6461
trec-dl-2019|nomicai-modernbert-embed+rankzephyr|largest_gap|judge|0.7258
trec-dl-2019|nomicai-modernbert-embed+rankzephyr|largest_gap|judge_expr|0.7624
trec-dl-2019|nomicai-modernbert-embed+rankzephyr|largest_gap|rankgpt|0.6836
trec-dl-2019|nomicai-modernbert-embed+rankzephyr|largest_gap|setmaxheaptopk|0.6461
trec-dl-2019|nomicai-modernbert-embed+rankzephyr|optimal_global|judge|0.8408
trec-dl-2019|nomicai-modernbert-embed+rankzephyr|optimal_global|judge_expr|0.8369
trec-dl-2019|nomicai-modernbert-embed+rankzephyr|optimal_global|rankgpt|0.9156
trec-dl-2019|nomicai-modernbert-embed+rankzephyr|optimal_global|setmaxheaptopk|0.8025
trec-dl-2019|nomicai-modernbert-embed+rankzephyr|optimal_per_topic|judge|0.9185
trec-dl-2019|nomicai-modernbert-embed+rankzephyr|optimal_per_topic|judge_expr|0.8944
trec-dl-2019|nomicai-modernbert-embed+rankzephyr|optimal_per_topic|rankgpt|0.9346
trec-dl-2019|nomicai-modernbert-embed+rankzephyr|optimal_per_topic|setmaxheaptopk|0.8768
trec-dl-2019|nomicai-modernbert-embed+rankzephyr|quantile|judge|0.9227
trec-dl-2019|nomicai-modernbert-embed+rankzephyr|quantile|judge_expr|0.7694
trec-dl-2019|nomicai-modernbert-embed+rankzephyr|quantile|rankgpt|0.9072
trec-dl-2019|nomicai-modernbert-embed+rankzephyr|quantile|setmaxheaptopk|0.84
trec-dl-2019|nomicai-modernbert-embed+rankzephyr|rank|judge|0.6592
trec-dl-2019|nomicai-modernbert-embed+rankzephyr|rank|judge_expr|0.5058
trec-dl-2019|nomicai-modernbert-embed+rankzephyr|rank|rankgpt|0.6665
trec-dl-2019|nomicai-modernbert-embed+rankzephyr|rank|setmaxheaptopk|0.6542
trec-dl-2019|nomicai-modernbert-embed+rankzephyr|thresholding|judge|0.7681
trec-dl-2019|nomicai-modernbert-embed+rankzephyr|thresholding|judge_expr|0.7572
trec-dl-2019|nomicai-modernbert-embed+rankzephyr|thresholding|rankgpt|0.0
trec-dl-2019|nomicai-modernbert-embed+rankzephyr|thresholding|setmaxheaptopk|0.0
trec-dl-2019|nomicai-modernbert-embed+setmaxheaptopk|direct|judge|0.864
trec-dl-2019|nomicai-modernbert-embed+setmaxheaptopk|direct|judge_expr|0.8011
trec-dl-2019|nomicai-modernbert-embed+setmaxheaptopk|direct|rankgpt|0.7279
trec-dl-2019|nomicai-modernbert-embed+setmaxheaptopk|direct|setmaxheaptopk|1.0
trec-dl-2019|nomicai-modernbert-embed+setmaxheaptopk|largest_gap|judge|0.7448
trec-dl-2019|nomicai-modernbert-embed+setmaxheaptopk|largest_gap|judge_expr|0.7924
trec-dl-2019|nomicai-modernbert-embed+setmaxheaptopk|largest_gap|rankgpt|0.7279
trec-dl-2019|nomicai-modernbert-embed+setmaxheaptopk|largest_gap|setmaxheaptopk|1.0
trec-dl-2019|nomicai-modernbert-embed+setmaxheaptopk|optimal_global|judge|0.8694
trec-dl-2019|nomicai-modernbert-embed+setmaxheaptopk|optimal_global|judge_expr|0.8778
trec-dl-2019|nomicai-modernbert-embed+setmaxheaptopk|optimal_global|rankgpt|0.8557
trec-dl-2019|nomicai-modernbert-embed+setmaxheaptopk|optimal_global|setmaxheaptopk|1.0
trec-dl-2019|nomicai-modernbert-embed+setmaxheaptopk|optimal_per_topic|judge|0.9254
trec-dl-2019|nomicai-modernbert-embed+setmaxheaptopk|optimal_per_topic|judge_expr|0.9234
trec-dl-2019|nomicai-modernbert-embed+setmaxheaptopk|optimal_per_topic|rankgpt|0.9085
trec-dl-2019|nomicai-modernbert-embed+setmaxheaptopk|optimal_per_topic|setmaxheaptopk|1.0
trec-dl-2019|nomicai-modernbert-embed+setmaxheaptopk|quantile|judge|0.9379
trec-dl-2019|nomicai-modernbert-embed+setmaxheaptopk|quantile|judge_expr|0.8052
trec-dl-2019|nomicai-modernbert-embed+setmaxheaptopk|quantile|rankgpt|0.8523
trec-dl-2019|nomicai-modernbert-embed+setmaxheaptopk|quantile|setmaxheaptopk|1.0
trec-dl-2019|nomicai-modernbert-embed+setmaxheaptopk|rank|judge|0.6395
trec-dl-2019|nomicai-modernbert-embed+setmaxheaptopk|rank|judge_expr|0.5331
trec-dl-2019|nomicai-modernbert-embed+setmaxheaptopk|rank|rankgpt|0.6699
trec-dl-2019|nomicai-modernbert-embed+setmaxheaptopk|rank|setmaxheaptopk|1.0
trec-dl-2019|nomicai-modernbert-embed+setmaxheaptopk|thresholding|judge|0.8024
trec-dl-2019|nomicai-modernbert-embed+setmaxheaptopk|thresholding|judge_expr|0.7793
trec-dl-2019|nomicai-modernbert-embed+setmaxheaptopk|thresholding|rankgpt|0.0
trec-dl-2019|nomicai-modernbert-embed+setmaxheaptopk|thresholding|setmaxheaptopk|0.0
trec-dl-2019|qwen3-embed-600m|direct|judge|0.7174
trec-dl-2019|qwen3-embed-600m|direct|judge_expr|0.6322
trec-dl-2019|qwen3-embed-600m|direct|rankgpt|0.4836
trec-dl-2019|qwen3-embed-600m|direct|setmaxheaptopk|0.4975
trec-dl-2019|qwen3-embed-600m|largest_gap|judge|0.5877
trec-dl-2019|qwen3-embed-600m|largest_gap|judge_expr|0.6233
trec-dl-2019|qwen3-embed-600m|largest_gap|rankgpt|0.4836
trec-dl-2019|qwen3-embed-600m|largest_gap|setmaxheaptopk|0.4975
trec-dl-2019|qwen3-embed-600m|optimal_global|judge|0.7329
trec-dl-2019|qwen3-embed-600m|optimal_global|judge_expr|0.7253
trec-dl-2019|qwen3-embed-600m|optimal_global|rankgpt|0.8366
trec-dl-2019|qwen3-embed-600m|optimal_global|setmaxheaptopk|0.6896
trec-dl-2019|qwen3-embed-600m|optimal_per_topic|judge|0.7778
trec-dl-2019|qwen3-embed-600m|optimal_per_topic|judge_expr|0.7422
trec-dl-2019|qwen3-embed-600m|optimal_per_topic|rankgpt|0.8468
trec-dl-2019|qwen3-embed-600m|optimal_per_topic|setmaxheaptopk|0.7772
trec-dl-2019|qwen3-embed-600m|quantile|judge|0.8113
trec-dl-2019|qwen3-embed-600m|quantile|judge_expr|0.6466
trec-dl-2019|qwen3-embed-600m|quantile|rankgpt|0.8282
trec-dl-2019|qwen3-embed-600m|quantile|setmaxheaptopk|0.7277
trec-dl-2019|qwen3-embed-600m|rank|judge|0.5276
trec-dl-2019|qwen3-embed-600m|rank|judge_expr|0.4134
trec-dl-2019|qwen3-embed-600m|rank|rankgpt|0.5874
trec-dl-2019|qwen3-embed-600m|rank|setmaxheaptopk|0.5363
trec-dl-2019|qwen3-embed-600m|thresholding|judge|0.6354
trec-dl-2019|qwen3-embed-600m|thresholding|judge_expr|0.6086
trec-dl-2019|qwen3-embed-600m|thresholding|rankgpt|0.0
trec-dl-2019|qwen3-embed-600m|thresholding|setmaxheaptopk|0.0
trec-dl-2019|qwen3-embed-600m+judge|direct|judge|0.856
trec-dl-2019|qwen3-embed-600m+judge|direct|judge_expr|0.8552
trec-dl-2019|qwen3-embed-600m+judge|direct|rankgpt|0.3031
trec-dl-2019|qwen3-embed-600m+judge|direct|setmaxheaptopk|0.3288
trec-dl-2019|qwen3-embed-600m+judge|largest_gap|judge|0.8739
trec-dl-2019|qwen3-embed-600m+judge|largest_gap|judge_expr|0.872
trec-dl-2019|qwen3-embed-600m+judge|largest_gap|rankgpt|0.3031
trec-dl-2019|qwen3-embed-600m+judge|largest_gap|setmaxheaptopk|0.3288
trec-dl-2019|qwen3-embed-600m+judge|optimal_global|judge|0.8609
trec-dl-2019|qwen3-embed-600m+judge|optimal_global|judge_expr|0.8242
trec-dl-2019|qwen3-embed-600m+judge|optimal_global|rankgpt|0.6238
trec-dl-2019|qwen3-embed-600m+judge|optimal_global|setmaxheaptopk|0.5616
trec-dl-2019|qwen3-embed-600m+judge|optimal_per_topic|judge|0.8502
trec-dl-2019|qwen3-embed-600m+judge|optimal_per_topic|judge_expr|0.8078
trec-dl-2019|qwen3-embed-600m+judge|optimal_per_topic|rankgpt|0.7248
trec-dl-2019|qwen3-embed-600m+judge|optimal_per_topic|setmaxheaptopk|0.6888
trec-dl-2019|qwen3-embed-600m+judge|quantile|judge|0.8409
trec-dl-2019|qwen3-embed-600m+judge|quantile|judge_expr|0.7391
trec-dl-2019|qwen3-embed-600m+judge|quantile|rankgpt|0.6154
trec-dl-2019|qwen3-embed-600m+judge|quantile|setmaxheaptopk|0.6118
trec-dl-2019|qwen3-embed-600m+judge|rank|judge|0.5604
trec-dl-2019|qwen3-embed-600m+judge|rank|judge_expr|0.5057
trec-dl-2019|qwen3-embed-600m+judge|rank|rankgpt|0.38
trec-dl-2019|qwen3-embed-600m+judge|rank|setmaxheaptopk|0.4477
trec-dl-2019|qwen3-embed-600m+judge|thresholding|judge|0.8587
trec-dl-2019|qwen3-embed-600m+judge|thresholding|judge_expr|0.829
trec-dl-2019|qwen3-embed-600m+judge|thresholding|rankgpt|0.0
trec-dl-2019|qwen3-embed-600m+judge|thresholding|setmaxheaptopk|0.0
trec-dl-2019|qwen3-embed-600m+judge_expr|direct|judge|0.9061
trec-dl-2019|qwen3-embed-600m+judge_expr|direct|judge_expr|0.9235
trec-dl-2019|qwen3-embed-600m+judge_expr|direct|rankgpt|0.3152
trec-dl-2019|qwen3-embed-600m+judge_expr|direct|setmaxheaptopk|0.3741
trec-dl-2019|qwen3-embed-600m+judge_expr|largest_gap|judge|0.926
trec-dl-2019|qwen3-embed-600m+judge_expr|largest_gap|judge_expr|0.9308
trec-dl-2019|qwen3-embed-600m+judge_expr|largest_gap|rankgpt|0.3152
trec-dl-2019|qwen3-embed-600m+judge_expr|largest_gap|setmaxheaptopk|0.3741
trec-dl-2019|qwen3-embed-600m+judge_expr|optimal_global|judge|0.9037
trec-dl-2019|qwen3-embed-600m+judge_expr|optimal_global|judge_expr|0.8951
trec-dl-2019|qwen3-embed-600m+judge_expr|optimal_global|rankgpt|0.7012
trec-dl-2019|qwen3-embed-600m+judge_expr|optimal_global|setmaxheaptopk|0.6467
trec-dl-2019|qwen3-embed-600m+judge_expr|optimal_per_topic|judge|0.8995
trec-dl-2019|qwen3-embed-600m+judge_expr|optimal_per_topic|judge_expr|0.9026
trec-dl-2019|qwen3-embed-600m+judge_expr|optimal_per_topic|rankgpt|0.7984
trec-dl-2019|qwen3-embed-600m+judge_expr|optimal_per_topic|setmaxheaptopk|0.7562
trec-dl-2019|qwen3-embed-600m+judge_expr|quantile|judge|0.8946
trec-dl-2019|qwen3-embed-600m+judge_expr|quantile|judge_expr|0.8946
trec-dl-2019|qwen3-embed-600m+judge_expr|quantile|rankgpt|0.6941
trec-dl-2019|qwen3-embed-600m+judge_expr|quantile|setmaxheaptopk|0.6961
trec-dl-2019|qwen3-embed-600m+judge_expr|rank|judge|0.6328
trec-dl-2019|qwen3-embed-600m+judge_expr|rank|judge_expr|0.8546
trec-dl-2019|qwen3-embed-600m+judge_expr|rank|rankgpt|0.4772
trec-dl-2019|qwen3-embed-600m+judge_expr|rank|setmaxheaptopk|0.5187
trec-dl-2019|qwen3-embed-600m+judge_expr|thresholding|judge|0.9045
trec-dl-2019|qwen3-embed-600m+judge_expr|thresholding|judge_expr|0.9
trec-dl-2019|qwen3-embed-600m+judge_expr|thresholding|rankgpt|0.0
trec-dl-2019|qwen3-embed-600m+judge_expr|thresholding|setmaxheaptopk|0.0
trec-dl-2019|qwen3-embed-600m+point|direct|judge|0.6977
trec-dl-2019|qwen3-embed-600m+point|direct|judge_expr|0.6365
trec-dl-2019|qwen3-embed-600m+point|direct|rankgpt|0.2492
trec-dl-2019|qwen3-embed-600m+point|direct|setmaxheaptopk|0.3342
trec-dl-2019|qwen3-embed-600m+point|largest_gap|judge|0.5516
trec-dl-2019|qwen3-embed-600m+point|largest_gap|judge_expr|0.626
trec-dl-2019|qwen3-embed-600m+point|largest_gap|rankgpt|0.2492
trec-dl-2019|qwen3-embed-600m+point|largest_gap|setmaxheaptopk|0.3342
trec-dl-2019|qwen3-embed-600m+point|optimal_global|judge|0.7264
trec-dl-2019|qwen3-embed-600m+point|optimal_global|judge_expr|0.7145
trec-dl-2019|qwen3-embed-600m+point|optimal_global|rankgpt|0.6091
trec-dl-2019|qwen3-embed-600m+point|optimal_global|setmaxheaptopk|0.5584
trec-dl-2019|qwen3-embed-600m+point|optimal_per_topic|judge|0.738
trec-dl-2019|qwen3-embed-600m+point|optimal_per_topic|judge_expr|0.7266
trec-dl-2019|qwen3-embed-600m+point|optimal_per_topic|rankgpt|0.7001
trec-dl-2019|qwen3-embed-600m+point|optimal_per_topic|setmaxheaptopk|0.6934
trec-dl-2019|qwen3-embed-600m+point|quantile|judge|0.7229
trec-dl-2019|qwen3-embed-600m+point|quantile|judge_expr|0.6014
trec-dl-2019|qwen3-embed-600m+point|quantile|rankgpt|0.6073
trec-dl-2019|qwen3-embed-600m+point|quantile|setmaxheaptopk|0.609
trec-dl-2019|qwen3-embed-600m+point|rank|judge|0.4075
trec-dl-2019|qwen3-embed-600m+point|rank|judge_expr|0.3588
trec-dl-2019|qwen3-embed-600m+point|rank|rankgpt|0.3841
trec-dl-2019|qwen3-embed-600m+point|rank|setmaxheaptopk|0.4375
trec-dl-2019|qwen3-embed-600m+point|thresholding|judge|0.6524
trec-dl-2019|qwen3-embed-600m+point|thresholding|judge_expr|0.6135
trec-dl-2019|qwen3-embed-600m+point|thresholding|rankgpt|0.0
trec-dl-2019|qwen3-embed-600m+point|thresholding|setmaxheaptopk|0.0
trec-dl-2019|qwen3-embed-600m+rankfirst|direct|judge|0.7951
trec-dl-2019|qwen3-embed-600m+rankfirst|direct|judge_expr|0.7354
trec-dl-2019|qwen3-embed-600m+rankfirst|direct|rankgpt|0.5988
trec-dl-2019|qwen3-embed-600m+rankfirst|direct|setmaxheaptopk|0.6175
trec-dl-2019|qwen3-embed-600m+rankfirst|largest_gap|judge|0.6998
trec-dl-2019|qwen3-embed-600m+rankfirst|largest_gap|judge_expr|0.7227
trec-dl-2019|qwen3-embed-600m+rankfirst|largest_gap|rankgpt|0.5988
trec-dl-2019|qwen3-embed-600m+rankfirst|largest_gap|setmaxheaptopk|0.6175
trec-dl-2019|qwen3-embed-600m+rankfirst|optimal_global|judge|0.8009
trec-dl-2019|qwen3-embed-600m+rankfirst|optimal_global|judge_expr|0.8037
trec-dl-2019|qwen3-embed-600m+rankfirst|optimal_global|rankgpt|0.8552
trec-dl-2019|qwen3-embed-600m+rankfirst|optimal_global|setmaxheaptopk|0.7839
trec-dl-2019|qwen3-embed-600m+rankfirst|optimal_per_topic|judge|0.8718
trec-dl-2019|qwen3-embed-600m+rankfirst|optimal_per_topic|judge_expr|0.8483
trec-dl-2019|qwen3-embed-600m+rankfirst|optimal_per_topic|rankgpt|0.8954
trec-dl-2019|qwen3-embed-600m+rankfirst|optimal_per_topic|setmaxheaptopk|0.8467
trec-dl-2019|qwen3-embed-600m+rankfirst|quantile|judge|0.8792
trec-dl-2019|qwen3-embed-600m+rankfirst|quantile|judge_expr|0.7497
trec-dl-2019|qwen3-embed-600m+rankfirst|quantile|rankgpt|0.848
trec-dl-2019|qwen3-embed-600m+rankfirst|quantile|setmaxheaptopk|0.8231
trec-dl-2019|qwen3-embed-600m+rankfirst|rank|judge|0.6046
trec-dl-2019|qwen3-embed-600m+rankfirst|rank|judge_expr|0.487
trec-dl-2019|qwen3-embed-600m+rankfirst|rank|rankgpt|0.6629
trec-dl-2019|qwen3-embed-600m+rankfirst|rank|setmaxheaptopk|0.6496
trec-dl-2019|qwen3-embed-600m+rankfirst|thresholding|judge|0.7283
trec-dl-2019|qwen3-embed-600m+rankfirst|thresholding|judge_expr|0.7074
trec-dl-2019|qwen3-embed-600m+rankfirst|thresholding|rankgpt|0.0
trec-dl-2019|qwen3-embed-600m+rankfirst|thresholding|setmaxheaptopk|0.0
trec-dl-2019|qwen3-embed-600m+rankgpt|direct|judge|0.7977
trec-dl-2019|qwen3-embed-600m+rankgpt|direct|judge_expr|0.7387
trec-dl-2019|qwen3-embed-600m+rankgpt|direct|rankgpt|0.559
trec-dl-2019|qwen3-embed-600m+rankgpt|direct|setmaxheaptopk|0.6061
trec-dl-2019|qwen3-embed-600m+rankgpt|largest_gap|judge|0.7049
trec-dl-2019|qwen3-embed-600m+rankgpt|largest_gap|judge_expr|0.7392
trec-dl-2019|qwen3-embed-600m+rankgpt|largest_gap|rankgpt|0.559
trec-dl-2019|qwen3-embed-600m+rankgpt|largest_gap|setmaxheaptopk|0.6061
trec-dl-2019|qwen3-embed-600m+rankgpt|optimal_global|judge|0.8089
trec-dl-2019|qwen3-embed-600m+rankgpt|optimal_global|judge_expr|0.7955
trec-dl-2019|qwen3-embed-600m+rankgpt|optimal_global|rankgpt|0.8599
trec-dl-2019|qwen3-embed-600m+rankgpt|optimal_global|setmaxheaptopk|0.7546
trec-dl-2019|qwen3-embed-600m+rankgpt|optimal_per_topic|judge|0.8561
trec-dl-2019|qwen3-embed-600m+rankgpt|optimal_per_topic|judge_expr|0.828
trec-dl-2019|qwen3-embed-600m+rankgpt|optimal_per_topic|rankgpt|0.8889
trec-dl-2019|qwen3-embed-600m+rankgpt|optimal_per_topic|setmaxheaptopk|0.8187
trec-dl-2019|qwen3-embed-600m+rankgpt|quantile|judge|0.845
trec-dl-2019|qwen3-embed-600m+rankgpt|quantile|judge_expr|0.7137
trec-dl-2019|qwen3-embed-600m+rankgpt|quantile|rankgpt|0.8549
trec-dl-2019|qwen3-embed-600m+rankgpt|quantile|setmaxheaptopk|0.7943
trec-dl-2019|qwen3-embed-600m+rankgpt|rank|judge|0.5849
trec-dl-2019|qwen3-embed-600m+rankgpt|rank|judge_expr|0.4849
trec-dl-2019|qwen3-embed-600m+rankgpt|rank|rankgpt|0.6509
trec-dl-2019|qwen3-embed-600m+rankgpt|rank|setmaxheaptopk|0.6068
trec-dl-2019|qwen3-embed-600m+rankgpt|thresholding|judge|0.7396
trec-dl-2019|qwen3-embed-600m+rankgpt|thresholding|judge_expr|0.7167
trec-dl-2019|qwen3-embed-600m+rankgpt|thresholding|rankgpt|0.0
trec-dl-2019|qwen3-embed-600m+rankgpt|thresholding|setmaxheaptopk|0.0
trec-dl-2019|qwen3-embed-600m+rankzephyr|direct|judge|0.8037
trec-dl-2019|qwen3-embed-600m+rankzephyr|direct|judge_expr|0.7547
trec-dl-2019|qwen3-embed-600m+rankzephyr|direct|rankgpt|0.5799
trec-dl-2019|qwen3-embed-600m+rankzephyr|direct|setmaxheaptopk|0.5896
trec-dl-2019|qwen3-embed-600m+rankzephyr|largest_gap|judge|0.7027
trec-dl-2019|qwen3-embed-600m+rankzephyr|largest_gap|judge_expr|0.7453
trec-dl-2019|qwen3-embed-600m+rankzephyr|largest_gap|rankgpt|0.5799
trec-dl-2019|qwen3-embed-600m+rankzephyr|largest_gap|setmaxheaptopk|0.5896
trec-dl-2019|qwen3-embed-600m+rankzephyr|optimal_global|judge|0.799
trec-dl-2019|qwen3-embed-600m+rankzephyr|optimal_global|judge_expr|0.8032
trec-dl-2019|qwen3-embed-600m+rankzephyr|optimal_global|rankgpt|0.8477
trec-dl-2019|qwen3-embed-600m+rankzephyr|optimal_global|setmaxheaptopk|0.7641
trec-dl-2019|qwen3-embed-600m+rankzephyr|optimal_per_topic|judge|0.8719
trec-dl-2019|qwen3-embed-600m+rankzephyr|optimal_per_topic|judge_expr|0.852
trec-dl-2019|qwen3-embed-600m+rankzephyr|optimal_per_topic|rankgpt|0.8943
trec-dl-2019|qwen3-embed-600m+rankzephyr|optimal_per_topic|setmaxheaptopk|0.8386
trec-dl-2019|qwen3-embed-600m+rankzephyr|quantile|judge|0.8655
trec-dl-2019|qwen3-embed-600m+rankzephyr|quantile|judge_expr|0.7548
trec-dl-2019|qwen3-embed-600m+rankzephyr|quantile|rankgpt|0.84
trec-dl-2019|qwen3-embed-600m+rankzephyr|quantile|setmaxheaptopk|0.8026
trec-dl-2019|qwen3-embed-600m+rankzephyr|rank|judge|0.6201
trec-dl-2019|qwen3-embed-600m+rankzephyr|rank|judge_expr|0.5022
trec-dl-2019|qwen3-embed-600m+rankzephyr|rank|rankgpt|0.6219
trec-dl-2019|qwen3-embed-600m+rankzephyr|rank|setmaxheaptopk|0.6088
trec-dl-2019|qwen3-embed-600m+rankzephyr|thresholding|judge|0.753
trec-dl-2019|qwen3-embed-600m+rankzephyr|thresholding|judge_expr|0.7369
trec-dl-2019|qwen3-embed-600m+rankzephyr|thresholding|rankgpt|0.0
trec-dl-2019|qwen3-embed-600m+rankzephyr|thresholding|setmaxheaptopk|0.0
trec-dl-2019|qwen3-embed-600m+setmaxheaptopk|direct|judge|0.7911
trec-dl-2019|qwen3-embed-600m+setmaxheaptopk|direct|judge_expr|0.7482
trec-dl-2019|qwen3-embed-600m+setmaxheaptopk|direct|rankgpt|0.5548
trec-dl-2019|qwen3-embed-600m+setmaxheaptopk|direct|setmaxheaptopk|0.6475
trec-dl-2019|qwen3-embed-600m+setmaxheaptopk|largest_gap|judge|0.7099
trec-dl-2019|qwen3-embed-600m+setmaxheaptopk|largest_gap|judge_expr|0.7463
trec-dl-2019|qwen3-embed-600m+setmaxheaptopk|largest_gap|rankgpt|0.5548
trec-dl-2019|qwen3-embed-600m+setmaxheaptopk|largest_gap|setmaxheaptopk|0.6475
trec-dl-2019|qwen3-embed-600m+setmaxheaptopk|optimal_global|judge|0.7914
trec-dl-2019|qwen3-embed-600m+setmaxheaptopk|optimal_global|judge_expr|0.7807
trec-dl-2019|qwen3-embed-600m+setmaxheaptopk|optimal_global|rankgpt|0.783
trec-dl-2019|qwen3-embed-600m+setmaxheaptopk|optimal_global|setmaxheaptopk|0.7767
trec-dl-2019|qwen3-embed-600m+setmaxheaptopk|optimal_per_topic|judge|0.8388
trec-dl-2019|qwen3-embed-600m+setmaxheaptopk|optimal_per_topic|judge_expr|0.824
trec-dl-2019|qwen3-embed-600m+setmaxheaptopk|optimal_per_topic|rankgpt|0.8356
trec-dl-2019|qwen3-embed-600m+setmaxheaptopk|optimal_per_topic|setmaxheaptopk|0.8457
trec-dl-2019|qwen3-embed-600m+setmaxheaptopk|quantile|judge|0.8325
trec-dl-2019|qwen3-embed-600m+setmaxheaptopk|quantile|judge_expr|0.7253
trec-dl-2019|qwen3-embed-600m+setmaxheaptopk|quantile|rankgpt|0.7815
trec-dl-2019|qwen3-embed-600m+setmaxheaptopk|quantile|setmaxheaptopk|0.7997
trec-dl-2019|qwen3-embed-600m+setmaxheaptopk|rank|judge|0.5777
trec-dl-2019|qwen3-embed-600m+setmaxheaptopk|rank|judge_expr|0.4934
trec-dl-2019|qwen3-embed-600m+setmaxheaptopk|rank|rankgpt|0.5954
trec-dl-2019|qwen3-embed-600m+setmaxheaptopk|rank|setmaxheaptopk|0.6739
trec-dl-2019|qwen3-embed-600m+setmaxheaptopk|thresholding|judge|0.7484
trec-dl-2019|qwen3-embed-600m+setmaxheaptopk|thresholding|judge_expr|0.7442
trec-dl-2019|qwen3-embed-600m+setmaxheaptopk|thresholding|rankgpt|0.0
trec-dl-2019|qwen3-embed-600m+setmaxheaptopk|thresholding|setmaxheaptopk|0.0
trec-dl-2019|splade-v3|direct|judge|0.7519
trec-dl-2019|splade-v3|direct|judge_expr|0.684
trec-dl-2019|splade-v3|direct|rankgpt|0.4882
trec-dl-2019|splade-v3|direct|setmaxheaptopk|0.4935
trec-dl-2019|splade-v3|largest_gap|judge|0.6277
trec-dl-2019|splade-v3|largest_gap|judge_expr|0.6592
trec-dl-2019|splade-v3|largest_gap|rankgpt|0.4882
trec-dl-2019|splade-v3|largest_gap|setmaxheaptopk|0.4935
trec-dl-2019|splade-v3|optimal_global|judge|0.7598
trec-dl-2019|splade-v3|optimal_global|judge_expr|0.7671
trec-dl-2019|splade-v3|optimal_global|rankgpt|0.8464
trec-dl-2019|splade-v3|optimal_global|setmaxheaptopk|0.7157
trec-dl-2019|splade-v3|optimal_per_topic|judge|0.8317
trec-dl-2019|splade-v3|optimal_per_topic|judge_expr|0.8122
trec-dl-2019|splade-v3|optimal_per_topic|rankgpt|0.8908
trec-dl-2019|splade-v3|optimal_per_topic|setmaxheaptopk|0.7999
trec-dl-2019|splade-v3|quantile|judge|0.8417
trec-dl-2019|splade-v3|quantile|judge_expr|0.6785
trec-dl-2019|splade-v3|quantile|rankgpt|0.8407
trec-dl-2019|splade-v3|quantile|setmaxheaptopk|0.751
trec-dl-2019|splade-v3|rank|judge|0.5834
trec-dl-2019|splade-v3|rank|judge_expr|0.4247
trec-dl-2019|splade-v3|rank|rankgpt|0.6118
trec-dl-2019|splade-v3|rank|setmaxheaptopk|0.5894
trec-dl-2019|splade-v3|thresholding|judge|0.6772
trec-dl-2019|splade-v3|thresholding|judge_expr|0.6472
trec-dl-2019|splade-v3|thresholding|rankgpt|0.0
trec-dl-2019|splade-v3|thresholding|setmaxheaptopk|0.0
trec-dl-2019|splade-v3+judge|direct|judge|0.8399
trec-dl-2019|splade-v3+judge|direct|judge_expr|0.829
trec-dl-2019|splade-v3+judge|direct|rankgpt|0.3093
trec-dl-2019|splade-v3+judge|direct|setmaxheaptopk|0.3438
trec-dl-2019|splade-v3+judge|largest_gap|judge|0.8543
trec-dl-2019|splade-v3+judge|largest_gap|judge_expr|0.8379
trec-dl-2019|splade-v3+judge|largest_gap|rankgpt|0.3093
trec-dl-2019|splade-v3+judge|largest_gap|setmaxheaptopk|0.3438
trec-dl-2019|splade-v3+judge|optimal_global|judge|0.8345
trec-dl-2019|splade-v3+judge|optimal_global|judge_expr|0.7976
trec-dl-2019|splade-v3+judge|optimal_global|rankgpt|0.6201
trec-dl-2019|splade-v3+judge|optimal_global|setmaxheaptopk|0.5557
trec-dl-2019|splade-v3+judge|optimal_per_topic|judge|0.8446
trec-dl-2019|splade-v3+judge|optimal_per_topic|judge_expr|0.813
trec-dl-2019|splade-v3+judge|optimal_per_topic|rankgpt|0.726
trec-dl-2019|splade-v3+judge|optimal_per_topic|setmaxheaptopk|0.6972
trec-dl-2019|splade-v3+judge|quantile|judge|0.8272
trec-dl-2019|splade-v3+judge|quantile|judge_expr|0.722
trec-dl-2019|splade-v3+judge|quantile|rankgpt|0.6129
trec-dl-2019|splade-v3+judge|quantile|setmaxheaptopk|0.6101
trec-dl-2019|splade-v3+judge|rank|judge|0.558
trec-dl-2019|splade-v3+judge|rank|judge_expr|0.5117
trec-dl-2019|splade-v3+judge|rank|rankgpt|0.3833
trec-dl-2019|splade-v3+judge|rank|setmaxheaptopk|0.4581
trec-dl-2019|splade-v3+judge|thresholding|judge|0.8244
trec-dl-2019|splade-v3+judge|thresholding|judge_expr|0.8121
trec-dl-2019|splade-v3+judge|thresholding|rankgpt|0.0
trec-dl-2019|splade-v3+judge|thresholding|setmaxheaptopk|0.0
trec-dl-2019|splade-v3+judge_expr|direct|judge|0.8767
trec-dl-2019|splade-v3+judge_expr|direct|judge_expr|0.8909
trec-dl-2019|splade-v3+judge_expr|direct|rankgpt|0.3214
trec-dl-2019|splade-v3+judge_expr|direct|setmaxheaptopk|0.3656
trec-dl-2019|splade-v3+judge_expr|largest_gap|judge|0.8853
trec-dl-2019|splade-v3+judge_expr|largest_gap|judge_expr|0.8878
trec-dl-2019|splade-v3+judge_expr|largest_gap|rankgpt|0.3214
trec-dl-2019|splade-v3+judge_expr|largest_gap|setmaxheaptopk|0.3656
trec-dl-2019|splade-v3+judge_expr|optimal_global|judge|0.8642
trec-dl-2019|splade-v3+judge_expr|optimal_global|judge_expr|0.8751
trec-dl-2019|splade-v3+judge_expr|optimal_global|rankgpt|0.6842
trec-dl-2019|splade-v3+judge_expr|optimal_global|setmaxheaptopk|0.6472
trec-dl-2019|splade-v3+judge_expr|optimal_per_topic|judge|0.8817
trec-dl-2019|splade-v3+judge_expr|optimal_per_topic|judge_expr|0.8907
trec-dl-2019|splade-v3+judge_expr|optimal_per_topic|rankgpt|0.7828
trec-dl-2019|splade-v3+judge_expr|optimal_per_topic|setmaxheaptopk|0.7514
trec-dl-2019|splade-v3+judge_expr|quantile|judge|0.8712
trec-dl-2019|splade-v3+judge_expr|quantile|judge_expr|0.8697
trec-dl-2019|splade-v3+judge_expr|quantile|rankgpt|0.6802
trec-dl-2019|splade-v3+judge_expr|quantile|setmaxheaptopk|0.6875
trec-dl-2019|splade-v3+judge_expr|rank|judge|0.61
trec-dl-2019|splade-v3+judge_expr|rank|judge_expr|0.8402
trec-dl-2019|splade-v3+judge_expr|rank|rankgpt|0.4692
trec-dl-2019|splade-v3+judge_expr|rank|setmaxheaptopk|0.512
trec-dl-2019|splade-v3+judge_expr|thresholding|judge|0.8621
trec-dl-2019|splade-v3+judge_expr|thresholding|judge_expr|0.8719
trec-dl-2019|splade-v3+judge_expr|thresholding|rankgpt|0.0
trec-dl-2019|splade-v3+judge_expr|thresholding|setmaxheaptopk|0.0
trec-dl-2019|splade-v3+point|direct|judge|0.6811
trec-dl-2019|splade-v3+point|direct|judge_expr|0.624
trec-dl-2019|splade-v3+point|direct|rankgpt|0.2551
trec-dl-2019|splade-v3+point|direct|setmaxheaptopk|0.3689
trec-dl-2019|splade-v3+point|largest_gap|judge|0.5387
trec-dl-2019|splade-v3+point|largest_gap|judge_expr|0.6094
trec-dl-2019|splade-v3+point|largest_gap|rankgpt|0.2551
trec-dl-2019|splade-v3+point|largest_gap|setmaxheaptopk|0.3689
trec-dl-2019|splade-v3+point|optimal_global|judge|0.7086
trec-dl-2019|splade-v3+point|optimal_global|judge_expr|0.7004
trec-dl-2019|splade-v3+point|optimal_global|rankgpt|0.6052
trec-dl-2019|splade-v3+point|optimal_global|setmaxheaptopk|0.5304
trec-dl-2019|splade-v3+point|optimal_per_topic|judge|0.727
trec-dl-2019|splade-v3+point|optimal_per_topic|judge_expr|0.7178
trec-dl-2019|splade-v3+point|optimal_per_topic|rankgpt|0.6856
trec-dl-2019|splade-v3+point|optimal_per_topic|setmaxheaptopk|0.6861
trec-dl-2019|splade-v3+point|quantile|judge|0.6933
trec-dl-2019|splade-v3+point|quantile|judge_expr|0.5826
trec-dl-2019|splade-v3+point|quantile|rankgpt|0.6034
trec-dl-2019|splade-v3+point|quantile|setmaxheaptopk|0.5817
trec-dl-2019|splade-v3+point|rank|judge|0.4106
trec-dl-2019|splade-v3+point|rank|judge_expr|0.3565
trec-dl-2019|splade-v3+point|rank|rankgpt|0.3804
trec-dl-2019|splade-v3+point|rank|setmaxheaptopk|0.4263
trec-dl-2019|splade-v3+point|thresholding|judge|0.6384
trec-dl-2019|splade-v3+point|thresholding|judge_expr|0.6066
trec-dl-2019|splade-v3+point|thresholding|rankgpt|0.0
trec-dl-2019|splade-v3+point|thresholding|setmaxheaptopk|0.0
trec-dl-2019|splade-v3+rankfirst|direct|judge|0.7978
trec-dl-2019|splade-v3+rankfirst|direct|judge_expr|0.7426
trec-dl-2019|splade-v3+rankfirst|direct|rankgpt|0.5919
trec-dl-2019|splade-v3+rankfirst|direct|setmaxheaptopk|0.6289
trec-dl-2019|splade-v3+rankfirst|largest_gap|judge|0.6996
trec-dl-2019|splade-v3+rankfirst|largest_gap|judge_expr|0.7353
trec-dl-2019|splade-v3+rankfirst|largest_gap|rankgpt|0.5919
trec-dl-2019|splade-v3+rankfirst|largest_gap|setmaxheaptopk|0.6289
trec-dl-2019|splade-v3+rankfirst|optimal_global|judge|0.8004
trec-dl-2019|splade-v3+rankfirst|optimal_global|judge_expr|0.8035
trec-dl-2019|splade-v3+rankfirst|optimal_global|rankgpt|0.8478
trec-dl-2019|splade-v3+rankfirst|optimal_global|setmaxheaptopk|0.772
trec-dl-2019|splade-v3+rankfirst|optimal_per_topic|judge|0.8745
trec-dl-2019|splade-v3+rankfirst|optimal_per_topic|judge_expr|0.8579
trec-dl-2019|splade-v3+rankfirst|optimal_per_topic|rankgpt|0.9053
trec-dl-2019|splade-v3+rankfirst|optimal_per_topic|setmaxheaptopk|0.8494
trec-dl-2019|splade-v3+rankfirst|quantile|judge|0.873
trec-dl-2019|splade-v3+rankfirst|quantile|judge_expr|0.7336
trec-dl-2019|splade-v3+rankfirst|quantile|rankgpt|0.8443
trec-dl-2019|splade-v3+rankfirst|quantile|setmaxheaptopk|0.801
trec-dl-2019|splade-v3+rankfirst|rank|judge|0.6227
trec-dl-2019|splade-v3+rankfirst|rank|judge_expr|0.4847
trec-dl-2019|splade-v3+rankfirst|rank|rankgpt|0.6531
trec-dl-2019|splade-v3+rankfirst|rank|setmaxheaptopk|0.6447
trec-dl-2019|splade-v3+rankfirst|thresholding|judge|0.7314
trec-dl-2019|splade-v3+rankfirst|thresholding|judge_expr|0.7139
trec-dl-2019|splade-v3+rankfirst|thresholding|rankgpt|0.0
trec-dl-2019|splade-v3+rankfirst|thresholding|setmaxheaptopk|0.0
trec-dl-2019|splade-v3+rankgpt|direct|judge|0.8016
trec-dl-2019|splade-v3+rankgpt|direct|judge_expr|0.7405
trec-dl-2019|splade-v3+rankgpt|direct|rankgpt|0.5582
trec-dl-2019|splade-v3+rankgpt|direct|setmaxheaptopk|0.5654
trec-dl-2019|splade-v3+rankgpt|largest_gap|judge|0.6943
trec-dl-2019|splade-v3+rankgpt|largest_gap|judge_expr|0.7325
trec-dl-2019|splade-v3+rankgpt|largest_gap|rankgpt|0.5582
trec-dl-2019|splade-v3+rankgpt|largest_gap|setmaxheaptopk|0.5654
trec-dl-2019|splade-v3+rankgpt|optimal_global|judge|0.8077
trec-dl-2019|splade-v3+rankgpt|optimal_global|judge_expr|0.8155
trec-dl-2019|splade-v3+rankgpt|optimal_global|rankgpt|0.8412
trec-dl-2019|splade-v3+rankgpt|optimal_global|setmaxheaptopk|0.7413
trec-dl-2019|splade-v3+rankgpt|optimal_per_topic|judge|0.8713
trec-dl-2019|splade-v3+rankgpt|optimal_per_topic|judge_expr|0.8619
trec-dl-2019|splade-v3+rankgpt|optimal_per_topic|rankgpt|0.8821
trec-dl-2019|splade-v3+rankgpt|optimal_per_topic|setmaxheaptopk|0.8285
trec-dl-2019|splade-v3+rankgpt|quantile|judge|0.8671
trec-dl-2019|splade-v3+rankgpt|quantile|judge_expr|0.7466
trec-dl-2019|splade-v3+rankgpt|quantile|rankgpt|0.8344
trec-dl-2019|splade-v3+rankgpt|quantile|setmaxheaptopk|0.7706
trec-dl-2019|splade-v3+rankgpt|rank|judge|0.5918
trec-dl-2019|splade-v3+rankgpt|rank|judge_expr|0.4698
trec-dl-2019|splade-v3+rankgpt|rank|rankgpt|0.642
trec-dl-2019|splade-v3+rankgpt|rank|setmaxheaptopk|0.6282
trec-dl-2019|splade-v3+rankgpt|thresholding|judge|0.7374
trec-dl-2019|splade-v3+rankgpt|thresholding|judge_expr|0.7011
trec-dl-2019|splade-v3+rankgpt|thresholding|rankgpt|0.0
trec-dl-2019|splade-v3+rankgpt|thresholding|setmaxheaptopk|0.0
trec-dl-2019|splade-v3+rankzephyr|direct|judge|0.7996
trec-dl-2019|splade-v3+rankzephyr|direct|judge_expr|0.745
trec-dl-2019|splade-v3+rankzephyr|direct|rankgpt|0.5777
trec-dl-2019|splade-v3+rankzephyr|direct|setmaxheaptopk|0.5475
trec-dl-2019|splade-v3+rankzephyr|largest_gap|judge|0.7054
trec-dl-2019|splade-v3+rankzephyr|largest_gap|judge_expr|0.7337
trec-dl-2019|splade-v3+rankzephyr|largest_gap|rankgpt|0.5777
trec-dl-2019|splade-v3+rankzephyr|largest_gap|setmaxheaptopk|0.5475
trec-dl-2019|splade-v3+rankzephyr|optimal_global|judge|0.7949
trec-dl-2019|splade-v3+rankzephyr|optimal_global|judge_expr|0.8048
trec-dl-2019|splade-v3+rankzephyr|optimal_global|rankgpt|0.8119
trec-dl-2019|splade-v3+rankzephyr|optimal_global|setmaxheaptopk|0.7641
trec-dl-2019|splade-v3+rankzephyr|optimal_per_topic|judge|0.8778
trec-dl-2019|splade-v3+rankzephyr|optimal_per_topic|judge_expr|0.8702
trec-dl-2019|splade-v3+rankzephyr|optimal_per_topic|rankgpt|0.8881
trec-dl-2019|splade-v3+rankzephyr|optimal_per_topic|setmaxheaptopk|0.8567
trec-dl-2019|splade-v3+rankzephyr|quantile|judge|0.866
trec-dl-2019|splade-v3+rankzephyr|quantile|judge_expr|0.739
trec-dl-2019|splade-v3+rankzephyr|quantile|rankgpt|0.8043
trec-dl-2019|splade-v3+rankzephyr|quantile|setmaxheaptopk|0.7965
trec-dl-2019|splade-v3+rankzephyr|rank|judge|0.6204
trec-dl-2019|splade-v3+rankzephyr|rank|judge_expr|0.4799
trec-dl-2019|splade-v3+rankzephyr|rank|rankgpt|0.6115
trec-dl-2019|splade-v3+rankzephyr|rank|setmaxheaptopk|0.6216
trec-dl-2019|splade-v3+rankzephyr|thresholding|judge|0.7269
trec-dl-2019|splade-v3+rankzephyr|thresholding|judge_expr|0.7144
trec-dl-2019|splade-v3+rankzephyr|thresholding|rankgpt|0.0
trec-dl-2019|splade-v3+rankzephyr|thresholding|setmaxheaptopk|0.0
trec-dl-2019|splade-v3+setmaxheaptopk|direct|judge|0.7984
trec-dl-2019|splade-v3+setmaxheaptopk|direct|judge_expr|0.7534
trec-dl-2019|splade-v3+setmaxheaptopk|direct|rankgpt|0.5751
trec-dl-2019|splade-v3+setmaxheaptopk|direct|setmaxheaptopk|0.6058
trec-dl-2019|splade-v3+setmaxheaptopk|largest_gap|judge|0.7197
trec-dl-2019|splade-v3+setmaxheaptopk|largest_gap|judge_expr|0.7497
trec-dl-2019|splade-v3+setmaxheaptopk|largest_gap|rankgpt|0.5751
trec-dl-2019|splade-v3+setmaxheaptopk|largest_gap|setmaxheaptopk|0.6058
trec-dl-2019|splade-v3+setmaxheaptopk|optimal_global|judge|0.8157
trec-dl-2019|splade-v3+setmaxheaptopk|optimal_global|judge_expr|0.8133
trec-dl-2019|splade-v3+setmaxheaptopk|optimal_global|rankgpt|0.7835
trec-dl-2019|splade-v3+setmaxheaptopk|optimal_global|setmaxheaptopk|0.7609
trec-dl-2019|splade-v3+setmaxheaptopk|optimal_per_topic|judge|0.8327
trec-dl-2019|splade-v3+setmaxheaptopk|optimal_per_topic|judge_expr|0.8433
trec-dl-2019|splade-v3+setmaxheaptopk|optimal_per_topic|rankgpt|0.8445
trec-dl-2019|splade-v3+setmaxheaptopk|optimal_per_topic|setmaxheaptopk|0.8368
trec-dl-2019|splade-v3+setmaxheaptopk|quantile|judge|0.8383
trec-dl-2019|splade-v3+setmaxheaptopk|quantile|judge_expr|0.7399
trec-dl-2019|splade-v3+setmaxheaptopk|quantile|rankgpt|0.7797
trec-dl-2019|splade-v3+setmaxheaptopk|quantile|setmaxheaptopk|0.7949
trec-dl-2019|splade-v3+setmaxheaptopk|rank|judge|0.5824
trec-dl-2019|splade-v3+setmaxheaptopk|rank|judge_expr|0.493
trec-dl-2019|splade-v3+setmaxheaptopk|rank|rankgpt|0.5904
trec-dl-2019|splade-v3+setmaxheaptopk|rank|setmaxheaptopk|0.665
trec-dl-2019|splade-v3+setmaxheaptopk|thresholding|judge|0.7465
trec-dl-2019|splade-v3+setmaxheaptopk|thresholding|judge_expr|0.7331
trec-dl-2019|splade-v3+setmaxheaptopk|thresholding|rankgpt|0.0
trec-dl-2019|splade-v3+setmaxheaptopk|thresholding|setmaxheaptopk|0.0
trec-dl-2020|bm25|direct|judge|0.4617
trec-dl-2020|bm25|direct|judge_expr|0.4057
trec-dl-2020|bm25|direct|rankgpt|0.3776
trec-dl-2020|bm25|direct|setmaxheaptopk|0.3007
trec-dl-2020|bm25|largest_gap|judge|0.3602
trec-dl-2020|bm25|largest_gap|judge_expr|0.3965
trec-dl-2020|bm25|largest_gap|rankgpt|0.3776
trec-dl-2020|bm25|largest_gap|setmaxheaptopk|0.3007
trec-dl-2020|bm25|optimal_global|judge|0.4053
trec-dl-2020|bm25|optimal_global|judge_expr|0.4143
trec-dl-2020|bm25|optimal_global|rankgpt|0.4669
trec-dl-2020|bm25|optimal_global|setmaxheaptopk|0.3477
trec-dl-2020|bm25|optimal_per_topic|judge|0.4643
trec-dl-2020|bm25|optimal_per_topic|judge_expr|0.4819
trec-dl-2020|bm25|optimal_per_topic|rankgpt|0.4871
trec-dl-2020|bm25|optimal_per_topic|setmaxheaptopk|0.4755
trec-dl-2020|bm25|quantile|judge|0.5464
trec-dl-2020|bm25|quantile|judge_expr|0.4503
trec-dl-2020|bm25|quantile|rankgpt|0.5157
trec-dl-2020|bm25|quantile|setmaxheaptopk|0.4694
trec-dl-2020|bm25|rank|judge|0.3322
trec-dl-2020|bm25|rank|judge_expr|0.3035
trec-dl-2020|bm25|rank|rankgpt|0.3509
trec-dl-2020|bm25|rank|setmaxheaptopk|0.3477
trec-dl-2020|bm25|thresholding|judge|0.4143
trec-dl-2020|bm25|thresholding|judge_expr|0.4022
trec-dl-2020|bm25|thresholding|rankgpt|0.0
trec-dl-2020|bm25|thresholding|setmaxheaptopk|0.0
trec-dl-2020|bm25+judge|direct|judge|0.7135
trec-dl-2020|bm25+judge|direct|judge_expr|0.704
trec-dl-2020|bm25+judge|direct|rankgpt|0.482
trec-dl-2020|bm25+judge|direct|setmaxheaptopk|0.4699
trec-dl-2020|bm25+judge|largest_gap|judge|0.6778
trec-dl-2020|bm25+judge|largest_gap|judge_expr|0.7011
trec-dl-2020|bm25+judge|largest_gap|rankgpt|0.482
trec-dl-2020|bm25+judge|largest_gap|setmaxheaptopk|0.4699
trec-dl-2020|bm25+judge|optimal_global|judge|0.7136
trec-dl-2020|bm25+judge|optimal_global|judge_expr|0.7155
trec-dl-2020|bm25+judge|optimal_global|rankgpt|0.5437
trec-dl-2020|bm25+judge|optimal_global|setmaxheaptopk|0.4295
trec-dl-2020|bm25+judge|optimal_per_topic|judge|0.718
trec-dl-2020|bm25+judge|optimal_per_topic|judge_expr|0.7205
trec-dl-2020|bm25+judge|optimal_per_topic|rankgpt|0.6019
trec-dl-2020|bm25+judge|optimal_per_topic|setmaxheaptopk|0.6271
trec-dl-2020|bm25+judge|quantile|judge|0.721
trec-dl-2020|bm25+judge|quantile|judge_expr|0.6684
trec-dl-2020|bm25+judge|quantile|rankgpt|0.6021
trec-dl-2020|bm25+judge|quantile|setmaxheaptopk|0.5777
trec-dl-2020|bm25+judge|rank|judge|0.5552
trec-dl-2020|bm25+judge|rank|judge_expr|0.5031
trec-dl-2020|bm25+judge|rank|rankgpt|0.4343
trec-dl-2020|bm25+judge|rank|setmaxheaptopk|0.4295
trec-dl-2020|bm25+judge|thresholding|judge|0.7198
trec-dl-2020|bm25+judge|thresholding|judge_expr|0.7068
trec-dl-2020|bm25+judge|thresholding|rankgpt|0.0
trec-dl-2020|bm25+judge|thresholding|setmaxheaptopk|0.0
trec-dl-2020|bm25+judge_expr|direct|judge|0.733
trec-dl-2020|bm25+judge_expr|direct|judge_expr|0.7318
trec-dl-2020|bm25+judge_expr|direct|rankgpt|0.4836
trec-dl-2020|bm25+judge_expr|direct|setmaxheaptopk|0.4905
trec-dl-2020|bm25+judge_expr|largest_gap|judge|0.7011
trec-dl-2020|bm25+judge_expr|largest_gap|judge_expr|0.7236
trec-dl-2020|bm25+judge_expr|largest_gap|rankgpt|0.4836
trec-dl-2020|bm25+judge_expr|largest_gap|setmaxheaptopk|0.4905
trec-dl-2020|bm25+judge_expr|optimal_global|judge|0.7345
trec-dl-2020|bm25+judge_expr|optimal_global|judge_expr|0.7349
trec-dl-2020|bm25+judge_expr|optimal_global|rankgpt|0.5843
trec-dl-2020|bm25+judge_expr|optimal_global|setmaxheaptopk|0.4701
trec-dl-2020|bm25+judge_expr|optimal_per_topic|judge|0.7364
trec-dl-2020|bm25+judge_expr|optimal_per_topic|judge_expr|0.7613
trec-dl-2020|bm25+judge_expr|optimal_per_topic|rankgpt|0.6374
trec-dl-2020|bm25+judge_expr|optimal_per_topic|setmaxheaptopk|0.6659
trec-dl-2020|bm25+judge_expr|quantile|judge|0.7454
trec-dl-2020|bm25+judge_expr|quantile|judge_expr|0.7294
trec-dl-2020|bm25+judge_expr|quantile|rankgpt|0.6467
trec-dl-2020|bm25+judge_expr|quantile|setmaxheaptopk|0.6135
trec-dl-2020|bm25+judge_expr|rank|judge|0.5478
trec-dl-2020|bm25+judge_expr|rank|judge_expr|0.6078
trec-dl-2020|bm25+judge_expr|rank|rankgpt|0.4525
trec-dl-2020|bm25+judge_expr|rank|setmaxheaptopk|0.4701
trec-dl-2020|bm25+judge_expr|thresholding|judge|0.7435
trec-dl-2020|bm25+judge_expr|thresholding|judge_expr|0.7316
trec-dl-2020|bm25+judge_expr|thresholding|rankgpt|0.0
trec-dl-2020|bm25+judge_expr|thresholding|setmaxheaptopk|0.0
trec-dl-2020|bm25+point|direct|judge|0.5997
trec-dl-2020|bm25+point|direct|judge_expr|0.5397
trec-dl-2020|bm25+point|direct|rankgpt|0.4265
trec-dl-2020|bm25+point|direct|setmaxheaptopk|0.3895
trec-dl-2020|bm25+point|largest_gap|judge|0.4923
trec-dl-2020|bm25+point|largest_gap|judge_expr|0.5403
trec-dl-2020|bm25+point|largest_gap|rankgpt|0.4265
trec-dl-2020|bm25+point|largest_gap|setmaxheaptopk|0.3895
trec-dl-2020|bm25+point|optimal_global|judge|0.5506
trec-dl-2020|bm25+point|optimal_global|judge_expr|0.5557
trec-dl-2020|bm25+point|optimal_global|rankgpt|0.5627
trec-dl-2020|bm25+point|optimal_global|setmaxheaptopk|0.4314
trec-dl-2020|bm25+point|optimal_per_topic|judge|0.6085
trec-dl-2020|bm25+point|optimal_per_topic|judge_expr|0.6375
trec-dl-2020|bm25+point|optimal_per_topic|rankgpt|0.6322
trec-dl-2020|bm25+point|optimal_per_topic|setmaxheaptopk|0.644
trec-dl-2020|bm25+point|quantile|judge|0.6707
trec-dl-2020|bm25+point|quantile|judge_expr|0.5811
trec-dl-2020|bm25+point|quantile|rankgpt|0.6175
trec-dl-2020|bm25+point|quantile|setmaxheaptopk|0.5945
trec-dl-2020|bm25+point|rank|judge|0.4292
trec-dl-2020|bm25+point|rank|judge_expr|0.398
trec-dl-2020|bm25+point|rank|rankgpt|0.4316
trec-dl-2020|bm25+point|rank|setmaxheaptopk|0.4314
trec-dl-2020|bm25+point|thresholding|judge|0.5679
trec-dl-2020|bm25+point|thresholding|judge_expr|0.5454
trec-dl-2020|bm25+point|thresholding|rankgpt|0.0
trec-dl-2020|bm25+point|thresholding|setmaxheaptopk|0.0
trec-dl-2020|bm25+rankfirst|direct|judge|0.6813
trec-dl-2020|bm25+rankfirst|direct|judge_expr|0.6276
trec-dl-2020|bm25+rankfirst|direct|rankgpt|0.6537
trec-dl-2020|bm25+rankfirst|direct|setmaxheaptopk|0.5788
trec-dl-2020|bm25+rankfirst|largest_gap|judge|0.5867
trec-dl-2020|bm25+rankfirst|largest_gap|judge_expr|0.6323
trec-dl-2020|bm25+rankfirst|largest_gap|rankgpt|0.6537
trec-dl-2020|bm25+rankfirst|largest_gap|setmaxheaptopk|0.5788
trec-dl-2020|bm25+rankfirst|optimal_global|judge|0.6412
trec-dl-2020|bm25+rankfirst|optimal_global|judge_expr|0.643
trec-dl-2020|bm25+rankfirst|optimal_global|rankgpt|0.6968
trec-dl-2020|bm25+rankfirst|optimal_global|setmaxheaptopk|0.5624
trec-dl-2020|bm25+rankfirst|optimal_per_topic|judge|0.7098
trec-dl-2020|bm25+rankfirst|optimal_per_topic|judge_expr|0.7385
trec-dl-2020|bm25+rankfirst|optimal_per_topic|rankgpt|0.783
trec-dl-2020|bm25+rankfirst|optimal_per_topic|setmaxheaptopk|0.7584
trec-dl-2020|bm25+rankfirst|quantile|judge|0.7674
trec-dl-2020|bm25+rankfirst|quantile|judge_expr|0.6637
trec-dl-2020|bm25+rankfirst|quantile|rankgpt|0.749
trec-dl-2020|bm25+rankfirst|quantile|setmaxheaptopk|0.7099
trec-dl-2020|bm25+rankfirst|rank|judge|0.5152
trec-dl-2020|bm25+rankfirst|rank|judge_expr|0.4697
trec-dl-2020|bm25+rankfirst|rank|rankgpt|0.5417
trec-dl-2020|bm25+rankfirst|rank|setmaxheaptopk|0.5624
trec-dl-2020|bm25+rankfirst|thresholding|judge|0.6438
trec-dl-2020|bm25+rankfirst|thresholding|judge_expr|0.6297
trec-dl-2020|bm25+rankfirst|thresholding|rankgpt|0.0
trec-dl-2020|bm25+rankfirst|thresholding|setmaxheaptopk|0.0
trec-dl-2020|bm25+rankgpt|direct|judge|0.6345
trec-dl-2020|bm25+rankgpt|direct|judge_expr|0.5848
trec-dl-2020|bm25+rankgpt|direct|rankgpt|0.5884
trec-dl-2020|bm25+rankgpt|direct|setmaxheaptopk|0.5135
trec-dl-2020|bm25+rankgpt|largest_gap|judge|0.5469
trec-dl-2020|bm25+rankgpt|largest_gap|judge_expr|0.5769
trec-dl-2020|bm25+rankgpt|largest_gap|rankgpt|0.5884
trec-dl-2020|bm25+rankgpt|largest_gap|setmaxheaptopk|0.5135
trec-dl-2020|bm25+rankgpt|optimal_global|judge|0.6006
trec-dl-2020|bm25+rankgpt|optimal_global|judge_expr|0.5997
trec-dl-2020|bm25+rankgpt|optimal_global|rankgpt|0.6353
trec-dl-2020|bm25+rankgpt|optimal_global|setmaxheaptopk|0.5074
trec-dl-2020|bm25+rankgpt|optimal_per_topic|judge|0.6615
trec-dl-2020|bm25+rankgpt|optimal_per_topic|judge_expr|0.6816
trec-dl-2020|bm25+rankgpt|optimal_per_topic|rankgpt|0.7098
trec-dl-2020|bm25+rankgpt|optimal_per_topic|setmaxheaptopk|0.6783
trec-dl-2020|bm25+rankgpt|quantile|judge|0.7003
trec-dl-2020|bm25+rankgpt|quantile|judge_expr|0.6252
trec-dl-2020|bm25+rankgpt|quantile|rankgpt|0.6718
trec-dl-2020|bm25+rankgpt|quantile|setmaxheaptopk|0.6302
trec-dl-2020|bm25+rankgpt|rank|judge|0.4576
trec-dl-2020|bm25+rankgpt|rank|judge_expr|0.446
trec-dl-2020|bm25+rankgpt|rank|rankgpt|0.5135
trec-dl-2020|bm25+rankgpt|rank|setmaxheaptopk|0.5074
trec-dl-2020|bm25+rankgpt|thresholding|judge|0.6041
trec-dl-2020|bm25+rankgpt|thresholding|judge_expr|0.5793
trec-dl-2020|bm25+rankgpt|thresholding|rankgpt|0.0
trec-dl-2020|bm25+rankgpt|thresholding|setmaxheaptopk|0.0
trec-dl-2020|bm25+rankzephyr|direct|judge|0.6652
trec-dl-2020|bm25+rankzephyr|direct|judge_expr|0.6165
trec-dl-2020|bm25+rankzephyr|direct|rankgpt|0.654
trec-dl-2020|bm25+rankzephyr|direct|setmaxheaptopk|0.5421
trec-dl-2020|bm25+rankzephyr|largest_gap|judge|0.582
trec-dl-2020|bm25+rankzephyr|largest_gap|judge_expr|0.617
trec-dl-2020|bm25+rankzephyr|largest_gap|rankgpt|0.654
trec-dl-2020|bm25+rankzephyr|largest_gap|setmaxheaptopk|0.5421
trec-dl-2020|bm25+rankzephyr|optimal_global|judge|0.629
trec-dl-2020|bm25+rankzephyr|optimal_global|judge_expr|0.6276
trec-dl-2020|bm25+rankzephyr|optimal_global|rankgpt|0.6786
trec-dl-2020|bm25+rankzephyr|optimal_global|setmaxheaptopk|0.5463
trec-dl-2020|bm25+rankzephyr|optimal_per_topic|judge|0.695
trec-dl-2020|bm25+rankzephyr|optimal_per_topic|judge_expr|0.727
trec-dl-2020|bm25+rankzephyr|optimal_per_topic|rankgpt|0.7722
trec-dl-2020|bm25+rankzephyr|optimal_per_topic|setmaxheaptopk|0.7299
trec-dl-2020|bm25+rankzephyr|quantile|judge|0.735
trec-dl-2020|bm25+rankzephyr|quantile|judge_expr|0.6532
trec-dl-2020|bm25+rankzephyr|quantile|rankgpt|0.7263
trec-dl-2020|bm25+rankzephyr|quantile|setmaxheaptopk|0.6815
trec-dl-2020|bm25+rankzephyr|rank|judge|0.4969
trec-dl-2020|bm25+rankzephyr|rank|judge_expr|0.4651
trec-dl-2020|bm25+rankzephyr|rank|rankgpt|0.5379
trec-dl-2020|bm25+rankzephyr|rank|setmaxheaptopk|0.5463
trec-dl-2020|bm25+rankzephyr|thresholding|judge|0.6302
trec-dl-2020|bm25+rankzephyr|thresholding|judge_expr|0.6137
trec-dl-2020|bm25+rankzephyr|thresholding|rankgpt|0.0
trec-dl-2020|bm25+rankzephyr|thresholding|setmaxheaptopk|0.0
trec-dl-2020|bm25+setmaxheaptopk|direct|judge|0.6683
trec-dl-2020|bm25+setmaxheaptopk|direct|judge_expr|0.6203
trec-dl-2020|bm25+setmaxheaptopk|direct|rankgpt|0.6515
trec-dl-2020|bm25+setmaxheaptopk|direct|setmaxheaptopk|0.6382
trec-dl-2020|bm25+setmaxheaptopk|largest_gap|judge|0.5818
trec-dl-2020|bm25+setmaxheaptopk|largest_gap|judge_expr|0.6284
trec-dl-2020|bm25+setmaxheaptopk|largest_gap|rankgpt|0.6515
trec-dl-2020|bm25+setmaxheaptopk|largest_gap|setmaxheaptopk|0.6382
trec-dl-2020|bm25+setmaxheaptopk|optimal_global|judge|0.6395
trec-dl-2020|bm25+setmaxheaptopk|optimal_global|judge_expr|0.6351
trec-dl-2020|bm25+setmaxheaptopk|optimal_global|rankgpt|0.6508
trec-dl-2020|bm25+setmaxheaptopk|optimal_global|setmaxheaptopk|0.5595
trec-dl-2020|bm25+setmaxheaptopk|optimal_per_topic|judge|0.6871
trec-dl-2020|bm25+setmaxheaptopk|optimal_per_topic|judge_expr|0.7138
trec-dl-2020|bm25+setmaxheaptopk|optimal_per_topic|rankgpt|0.7332
trec-dl-2020|bm25+setmaxheaptopk|optimal_per_topic|setmaxheaptopk|0.7307
trec-dl-2020|bm25+setmaxheaptopk|quantile|judge|0.7264
trec-dl-2020|bm25+setmaxheaptopk|quantile|judge_expr|0.655
trec-dl-2020|bm25+setmaxheaptopk|quantile|rankgpt|0.7035
trec-dl-2020|bm25+setmaxheaptopk|quantile|setmaxheaptopk|0.6857
trec-dl-2020|bm25+setmaxheaptopk|rank|judge|0.475
trec-dl-2020|bm25+setmaxheaptopk|rank|judge_expr|0.454
trec-dl-2020|bm25+setmaxheaptopk|rank|rankgpt|0.5056
trec-dl-2020|bm25+setmaxheaptopk|rank|setmaxheaptopk|0.5595
trec-dl-2020|bm25+setmaxheaptopk|thresholding|judge|0.6455
trec-dl-2020|bm25+setmaxheaptopk|thresholding|judge_expr|0.6313
trec-dl-2020|bm25+setmaxheaptopk|thresholding|rankgpt|0.0
trec-dl-2020|bm25+setmaxheaptopk|thresholding|setmaxheaptopk|0.0
trec-dl-2020|colbert-small|direct|judge|0.706
trec-dl-2020|colbert-small|direct|judge_expr|0.6325
trec-dl-2020|colbert-small|direct|rankgpt|0.6446
trec-dl-2020|colbert-small|direct|setmaxheaptopk|0.6201
trec-dl-2020|colbert-small|largest_gap|judge|0.6036
trec-dl-2020|colbert-small|largest_gap|judge_expr|0.6391
trec-dl-2020|colbert-small|largest_gap|rankgpt|0.6446
trec-dl-2020|colbert-small|largest_gap|setmaxheaptopk|0.6201
trec-dl-2020|colbert-small|optimal_global|judge|0.6528
trec-dl-2020|colbert-small|optimal_global|judge_expr|0.6508
trec-dl-2020|colbert-small|optimal_global|rankgpt|0.7487
trec-dl-2020|colbert-small|optimal_global|setmaxheaptopk|0.5715
trec-dl-2020|colbert-small|optimal_per_topic|judge|0.7356
trec-dl-2020|colbert-small|optimal_per_topic|judge_expr|0.7482
trec-dl-2020|colbert-small|optimal_per_topic|rankgpt|0.8198
trec-dl-2020|colbert-small|optimal_per_topic|setmaxheaptopk|0.78
trec-dl-2020|colbert-small|quantile|judge|0.8012
trec-dl-2020|colbert-small|quantile|judge_expr|0.6969
trec-dl-2020|colbert-small|quantile|rankgpt|0.8253
trec-dl-2020|colbert-small|quantile|setmaxheaptopk|0.7511
trec-dl-2020|colbert-small|rank|judge|0.5287
trec-dl-2020|colbert-small|rank|judge_expr|0.4628
trec-dl-2020|colbert-small|rank|rankgpt|0.5897
trec-dl-2020|colbert-small|rank|setmaxheaptopk|0.5715
trec-dl-2020|colbert-small|thresholding|judge|0.6502
trec-dl-2020|colbert-small|thresholding|judge_expr|0.6391
trec-dl-2020|colbert-small|thresholding|rankgpt|0.0
trec-dl-2020|colbert-small|thresholding|setmaxheaptopk|0.0
trec-dl-2020|colbert-small+judge|direct|judge|0.806
trec-dl-2020|colbert-small+judge|direct|judge_expr|0.8112
trec-dl-2020|colbert-small+judge|direct|rankgpt|0.4066
trec-dl-2020|colbert-small+judge|direct|setmaxheaptopk|0.4049
trec-dl-2020|colbert-small+judge|largest_gap|judge|0.8331
trec-dl-2020|colbert-small+judge|largest_gap|judge_expr|0.8207
trec-dl-2020|colbert-small+judge|largest_gap|rankgpt|0.4066
trec-dl-2020|colbert-small+judge|largest_gap|setmaxheaptopk|0.4049
trec-dl-2020|colbert-small+judge|optimal_global|judge|0.8244
trec-dl-2020|colbert-small+judge|optimal_global|judge_expr|0.8189
trec-dl-2020|colbert-small+judge|optimal_global|rankgpt|0.561
trec-dl-2020|colbert-small+judge|optimal_global|setmaxheaptopk|0.4504
trec-dl-2020|colbert-small+judge|optimal_per_topic|judge|0.8151
trec-dl-2020|colbert-small+judge|optimal_per_topic|judge_expr|0.8056
trec-dl-2020|colbert-small+judge|optimal_per_topic|rankgpt|0.6393
trec-dl-2020|colbert-small+judge|optimal_per_topic|setmaxheaptopk|0.6544
trec-dl-2020|colbert-small+judge|quantile|judge|0.7768
trec-dl-2020|colbert-small+judge|quantile|judge_expr|0.7395
trec-dl-2020|colbert-small+judge|quantile|rankgpt|0.6204
trec-dl-2020|colbert-small+judge|quantile|setmaxheaptopk|0.6216
trec-dl-2020|colbert-small+judge|rank|judge|0.6539
trec-dl-2020|colbert-small+judge|rank|judge_expr|0.624
trec-dl-2020|colbert-small+judge|rank|rankgpt|0.4667
trec-dl-2020|colbert-small+judge|rank|setmaxheaptopk|0.4504
trec-dl-2020|colbert-small+judge|thresholding|judge|0.8179
trec-dl-2020|colbert-small+judge|thresholding|judge_expr|0.8085
trec-dl-2020|colbert-small+judge|thresholding|rankgpt|0.0
trec-dl-2020|colbert-small+judge|thresholding|setmaxheaptopk|0.0
trec-dl-2020|colbert-small+judge_expr|direct|judge|0.8169
trec-dl-2020|colbert-small+judge_expr|direct|judge_expr|0.8364
trec-dl-2020|colbert-small+judge_expr|direct|rankgpt|0.4162
trec-dl-2020|colbert-small+judge_expr|direct|setmaxheaptopk|0.4717
trec-dl-2020|colbert-small+judge_expr|largest_gap|judge|0.8486
trec-dl-2020|colbert-small+judge_expr|largest_gap|judge_expr|0.8464
trec-dl-2020|colbert-small+judge_expr|largest_gap|rankgpt|0.4162
trec-dl-2020|colbert-small+judge_expr|largest_gap|setmaxheaptopk|0.4717
trec-dl-2020|colbert-small+judge_expr|optimal_global|judge|0.8358
trec-dl-2020|colbert-small+judge_expr|optimal_global|judge_expr|0.8336
trec-dl-2020|colbert-small+judge_expr|optimal_global|rankgpt|0.5939
trec-dl-2020|colbert-small+judge_expr|optimal_global|setmaxheaptopk|0.4955
trec-dl-2020|colbert-small+judge_expr|optimal_per_topic|judge|0.8303
trec-dl-2020|colbert-small+judge_expr|optimal_per_topic|judge_expr|0.8573
trec-dl-2020|colbert-small+judge_expr|optimal_per_topic|rankgpt|0.6652
trec-dl-2020|colbert-small+judge_expr|optimal_per_topic|setmaxheaptopk|0.6909
trec-dl-2020|colbert-small+judge_expr|quantile|judge|0.7876
trec-dl-2020|colbert-small+judge_expr|quantile|judge_expr|0.7876
trec-dl-2020|colbert-small+judge_expr|quantile|rankgpt|0.6543
trec-dl-2020|colbert-small+judge_expr|quantile|setmaxheaptopk|0.639
trec-dl-2020|colbert-small+judge_expr|rank|judge|0.6308
trec-dl-2020|colbert-small+judge_expr|rank|judge_expr|0.7706
trec-dl-2020|colbert-small+judge_expr|rank|rankgpt|0.4786
trec-dl-2020|colbert-small+judge_expr|rank|setmaxheaptopk|0.4955
trec-dl-2020|colbert-small+judge_expr|thresholding|judge|0.8306
trec-dl-2020|colbert-small+judge_expr|thresholding|judge_expr|0.8393
trec-dl-2020|colbert-small+judge_expr|thresholding|rankgpt|0.0
trec-dl-2020|colbert-small+judge_expr|thresholding|setmaxheaptopk|0.0
trec-dl-2020|colbert-small+point|direct|judge|0.644
trec-dl-2020|colbert-small+point|direct|judge_expr|0.6011
trec-dl-2020|colbert-small+point|direct|rankgpt|0.376
trec-dl-2020|colbert-small+point|direct|setmaxheaptopk|0.377
trec-dl-2020|colbert-small+point|largest_gap|judge|0.5709
trec-dl-2020|colbert-small+point|largest_gap|judge_expr|0.6129
trec-dl-2020|colbert-small+point|largest_gap|rankgpt|0.376
trec-dl-2020|colbert-small+point|largest_gap|setmaxheaptopk|0.377
trec-dl-2020|colbert-small+point|optimal_global|judge|0.6155
trec-dl-2020|colbert-small+point|optimal_global|judge_expr|0.6252
trec-dl-2020|colbert-small+point|optimal_global|rankgpt|0.5573
trec-dl-2020|colbert-small+point|optimal_global|setmaxheaptopk|0.4732
trec-dl-2020|colbert-small+point|optimal_per_topic|judge|0.6475
trec-dl-2020|colbert-small+point|optimal_per_topic|judge_expr|0.675
trec-dl-2020|colbert-small+point|optimal_per_topic|rankgpt|0.66
trec-dl-2020|colbert-small+point|optimal_per_topic|setmaxheaptopk|0.6694
trec-dl-2020|colbert-small+point|quantile|judge|0.6944
trec-dl-2020|colbert-small+point|quantile|judge_expr|0.6248
trec-dl-2020|colbert-small+point|quantile|rankgpt|0.6189
trec-dl-2020|colbert-small+point|quantile|setmaxheaptopk|0.6319
trec-dl-2020|colbert-small+point|rank|judge|0.4595
trec-dl-2020|colbert-small+point|rank|judge_expr|0.4346
trec-dl-2020|colbert-small+point|rank|rankgpt|0.4539
trec-dl-2020|colbert-small+point|rank|setmaxheaptopk|0.4732
trec-dl-2020|colbert-small+point|thresholding|judge|0.6302
trec-dl-2020|colbert-small+point|thresholding|judge_expr|0.6144
trec-dl-2020|colbert-small+point|thresholding|rankgpt|0.0
trec-dl-2020|colbert-small+point|thresholding|setmaxheaptopk|0.0
trec-dl-2020|colbert-small+rankfirst|direct|judge|0.7778
trec-dl-2020|colbert-small+rankfirst|direct|judge_expr|0.7336
trec-dl-2020|colbert-small+rankfirst|direct|rankgpt|0.7337
trec-dl-2020|colbert-small+rankfirst|direct|setmaxheaptopk|0.7011
trec-dl-2020|colbert-small+rankfirst|largest_gap|judge|0.7154
trec-dl-2020|colbert-small+rankfirst|largest_gap|judge_expr|0.7317
trec-dl-2020|colbert-small+rankfirst|largest_gap|rankgpt|0.7337
trec-dl-2020|colbert-small+rankfirst|largest_gap|setmaxheaptopk|0.7011
trec-dl-2020|colbert-small+rankfirst|optimal_global|judge|0.7528
trec-dl-2020|colbert-small+rankfirst|optimal_global|judge_expr|0.7499
trec-dl-2020|colbert-small+rankfirst|optimal_global|rankgpt|0.8004
trec-dl-2020|colbert-small+rankfirst|optimal_global|setmaxheaptopk|0.6596
trec-dl-2020|colbert-small+rankfirst|optimal_per_topic|judge|0.8222
trec-dl-2020|colbert-small+rankfirst|optimal_per_topic|judge_expr|0.845
trec-dl-2020|colbert-small+rankfirst|optimal_per_topic|rankgpt|0.8911
trec-dl-2020|colbert-small+rankfirst|optimal_per_topic|setmaxheaptopk|0.8739
trec-dl-2020|colbert-small+rankfirst|quantile|judge|0.8604
trec-dl-2020|colbert-small+rankfirst|quantile|judge_expr|0.7734
trec-dl-2020|colbert-small+rankfirst|quantile|rankgpt|0.8473
trec-dl-2020|colbert-small+rankfirst|quantile|setmaxheaptopk|0.8198
trec-dl-2020|colbert-small+rankfirst|rank|judge|0.6017
trec-dl-2020|colbert-small+rankfirst|rank|judge_expr|0.5621
trec-dl-2020|colbert-small+rankfirst|rank|rankgpt|0.6619
trec-dl-2020|colbert-small+rankfirst|rank|setmaxheaptopk|0.6596
trec-dl-2020|colbert-small+rankfirst|thresholding|judge|0.751
trec-dl-2020|colbert-small+rankfirst|thresholding|judge_expr|0.7392
trec-dl-2020|colbert-small+rankfirst|thresholding|rankgpt|0.0
trec-dl-2020|colbert-small+rankfirst|thresholding|setmaxheaptopk|0.0
trec-dl-2020|colbert-small+rankgpt|direct|judge|0.7668
trec-dl-2020|colbert-small+rankgpt|direct|judge_expr|0.7324
trec-dl-2020|colbert-small+rankgpt|direct|rankgpt|0.6967
trec-dl-2020|colbert-small+rankgpt|direct|setmaxheaptopk|0.7073
trec-dl-2020|colbert-small+rankgpt|largest_gap|judge|0.7348
trec-dl-2020|colbert-small+rankgpt|largest_gap|judge_expr|0.7519
trec-dl-2020|colbert-small+rankgpt|largest_gap|rankgpt|0.6967
trec-dl-2020|colbert-small+rankgpt|largest_gap|setmaxheaptopk|0.7073
trec-dl-2020|colbert-small+rankgpt|optimal_global|judge|0.7635
trec-dl-2020|colbert-small+rankgpt|optimal_global|judge_expr|0.7575
trec-dl-2020|colbert-small+rankgpt|optimal_global|rankgpt|0.7334
trec-dl-2020|colbert-small+rankgpt|optimal_global|setmaxheaptopk|0.6065
trec-dl-2020|colbert-small+rankgpt|optimal_per_topic|judge|0.7965
trec-dl-2020|colbert-small+rankgpt|optimal_per_topic|judge_expr|0.8157
trec-dl-2020|colbert-small+rankgpt|optimal_per_topic|rankgpt|0.8247
trec-dl-2020|colbert-small+rankgpt|optimal_per_topic|setmaxheaptopk|0.8064
trec-dl-2020|colbert-small+rankgpt|quantile|judge|0.822
trec-dl-2020|colbert-small+rankgpt|quantile|judge_expr|0.7495
trec-dl-2020|colbert-small+rankgpt|quantile|rankgpt|0.7873
trec-dl-2020|colbert-small+rankgpt|quantile|setmaxheaptopk|0.7631
trec-dl-2020|colbert-small+rankgpt|rank|judge|0.5731
trec-dl-2020|colbert-small+rankgpt|rank|judge_expr|0.5485
trec-dl-2020|colbert-small+rankgpt|rank|rankgpt|0.624
trec-dl-2020|colbert-small+rankgpt|rank|setmaxheaptopk|0.6065
trec-dl-2020|colbert-small+rankgpt|thresholding|judge|0.7614
trec-dl-2020|colbert-small+rankgpt|thresholding|judge_expr|0.7488
trec-dl-2020|colbert-small+rankgpt|thresholding|rankgpt|0.0
trec-dl-2020|colbert-small+rankgpt|thresholding|setmaxheaptopk|0.0
trec-dl-2020|colbert-small+rankzephyr|direct|judge|0.7527
trec-dl-2020|colbert-small+rankzephyr|direct|judge_expr|0.72
trec-dl-2020|colbert-small+rankzephyr|direct|rankgpt|0.7516
trec-dl-2020|colbert-small+rankzephyr|direct|setmaxheaptopk|0.6575
trec-dl-2020|colbert-small+rankzephyr|largest_gap|judge|0.7098
trec-dl-2020|colbert-small+rankzephyr|largest_gap|judge_expr|0.7301
trec-dl-2020|colbert-small+rankzephyr|largest_gap|rankgpt|0.7516
trec-dl-2020|colbert-small+rankzephyr|largest_gap|setmaxheaptopk|0.6575
trec-dl-2020|colbert-small+rankzephyr|optimal_global|judge|0.7393
trec-dl-2020|colbert-small+rankzephyr|optimal_global|judge_expr|0.7392
trec-dl-2020|colbert-small+rankzephyr|optimal_global|rankgpt|0.7586
trec-dl-2020|colbert-small+rankzephyr|optimal_global|setmaxheaptopk|0.6427
trec-dl-2020|colbert-small+rankzephyr|optimal_per_topic|judge|0.8016
trec-dl-2020|colbert-small+rankzephyr|optimal_per_topic|judge_expr|0.8186
trec-dl-2020|colbert-small+rankzephyr|optimal_per_topic|rankgpt|0.8554
trec-dl-2020|colbert-small+rankzephyr|optimal_per_topic|setmaxheaptopk|0.8383
trec-dl-2020|colbert-small+rankzephyr|quantile|judge|0.8245
trec-dl-2020|colbert-small+rankzephyr|quantile|judge_expr|0.7406
trec-dl-2020|colbert-small+rankzephyr|quantile|rankgpt|0.8148
trec-dl-2020|colbert-small+rankzephyr|quantile|setmaxheaptopk|0.7999
trec-dl-2020|colbert-small+rankzephyr|rank|judge|0.578
trec-dl-2020|colbert-small+rankzephyr|rank|judge_expr|0.5303
trec-dl-2020|colbert-small+rankzephyr|rank|rankgpt|0.6279
trec-dl-2020|colbert-small+rankzephyr|rank|setmaxheaptopk|0.6427
trec-dl-2020|colbert-small+rankzephyr|thresholding|judge|0.7371
trec-dl-2020|colbert-small+rankzephyr|thresholding|judge_expr|0.7277
trec-dl-2020|colbert-small+rankzephyr|thresholding|rankgpt|0.0
trec-dl-2020|colbert-small+rankzephyr|thresholding|setmaxheaptopk|0.0
trec-dl-2020|colbert-small+setmaxheaptopk|direct|judge|0.742
trec-dl-2020|colbert-small+setmaxheaptopk|direct|judge_expr|0.708
trec-dl-2020|colbert-small+setmaxheaptopk|direct|rankgpt|0.6444
trec-dl-2020|colbert-small+setmaxheaptopk|direct|setmaxheaptopk|0.6794
trec-dl-2020|colbert-small+setmaxheaptopk|largest_gap|judge|0.7157
trec-dl-2020|colbert-small+setmaxheaptopk|largest_gap|judge_expr|0.7176
trec-dl-2020|colbert-small+setmaxheaptopk|largest_gap|rankgpt|0.6444
trec-dl-2020|colbert-small+setmaxheaptopk|largest_gap|setmaxheaptopk|0.6794
trec-dl-2020|colbert-small+setmaxheaptopk|optimal_global|judge|0.7323
trec-dl-2020|colbert-small+setmaxheaptopk|optimal_global|judge_expr|0.7291
trec-dl-2020|colbert-small+setmaxheaptopk|optimal_global|rankgpt|0.7115
trec-dl-2020|colbert-small+setmaxheaptopk|optimal_global|setmaxheaptopk|0.6406
trec-dl-2020|colbert-small+setmaxheaptopk|optimal_per_topic|judge|0.7557
trec-dl-2020|colbert-small+setmaxheaptopk|optimal_per_topic|judge_expr|0.7777
trec-dl-2020|colbert-small+setmaxheaptopk|optimal_per_topic|rankgpt|0.7616
trec-dl-2020|colbert-small+setmaxheaptopk|optimal_per_topic|setmaxheaptopk|0.7868
trec-dl-2020|colbert-small+setmaxheaptopk|quantile|judge|0.7826
trec-dl-2020|colbert-small+setmaxheaptopk|quantile|judge_expr|0.7181
trec-dl-2020|colbert-small+setmaxheaptopk|quantile|rankgpt|0.7672
trec-dl-2020|colbert-small+setmaxheaptopk|quantile|setmaxheaptopk|0.756
trec-dl-2020|colbert-small+setmaxheaptopk|rank|judge|0.548
trec-dl-2020|colbert-small+setmaxheaptopk|rank|judge_expr|0.5426
trec-dl-2020|colbert-small+setmaxheaptopk|rank|rankgpt|0.5897
trec-dl-2020|colbert-small+setmaxheaptopk|rank|setmaxheaptopk|0.6406
trec-dl-2020|colbert-small+setmaxheaptopk|thresholding|judge|0.7273
trec-dl-2020|colbert-small+setmaxheaptopk|thresholding|judge_expr|0.719
trec-dl-2020|colbert-small+setmaxheaptopk|thresholding|rankgpt|0.0
trec-dl-2020|colbert-small+setmaxheaptopk|thresholding|setmaxheaptopk|0.0
trec-dl-2020|nomicai-modernbert-embed|direct|judge|0.7304
trec-dl-2020|nomicai-modernbert-embed|direct|judge_expr|0.6591
trec-dl-2020|nomicai-modernbert-embed|direct|rankgpt|0.7987
trec-dl-2020|nomicai-modernbert-embed|direct|setmaxheaptopk|0.6847
trec-dl-2020|nomicai-modernbert-embed|largest_gap|judge|0.6097
trec-dl-2020|nomicai-modernbert-embed|largest_gap|judge_expr|0.6644
trec-dl-2020|nomicai-modernbert-embed|largest_gap|rankgpt|0.7987
trec-dl-2020|nomicai-modernbert-embed|largest_gap|setmaxheaptopk|0.6847
trec-dl-2020|nomicai-modernbert-embed|optimal_global|judge|0.6781
trec-dl-2020|nomicai-modernbert-embed|optimal_global|judge_expr|0.6762
trec-dl-2020|nomicai-modernbert-embed|optimal_global|rankgpt|0.9469
trec-dl-2020|nomicai-modernbert-embed|optimal_global|setmaxheaptopk|0.5998
trec-dl-2020|nomicai-modernbert-embed|optimal_per_topic|judge|0.7564
trec-dl-2020|nomicai-modernbert-embed|optimal_per_topic|judge_expr|0.7688
trec-dl-2020|nomicai-modernbert-embed|optimal_per_topic|rankgpt|0.8922
trec-dl-2020|nomicai-modernbert-embed|optimal_per_topic|setmaxheaptopk|0.7931
trec-dl-2020|nomicai-modernbert-embed|quantile|judge|0.8417
trec-dl-2020|nomicai-modernbert-embed|quantile|judge_expr|0.7124
trec-dl-2020|nomicai-modernbert-embed|quantile|rankgpt|1.0
trec-dl-2020|nomicai-modernbert-embed|quantile|setmaxheaptopk|0.7979
trec-dl-2020|nomicai-modernbert-embed|rank|judge|0.6184
trec-dl-2020|nomicai-modernbert-embed|rank|judge_expr|0.4793
trec-dl-2020|nomicai-modernbert-embed|rank|rankgpt|0.7092
trec-dl-2020|nomicai-modernbert-embed|rank|setmaxheaptopk|0.5998
trec-dl-2020|nomicai-modernbert-embed|thresholding|judge|0.6864
trec-dl-2020|nomicai-modernbert-embed|thresholding|judge_expr|0.6596
trec-dl-2020|nomicai-modernbert-embed|thresholding|rankgpt|0.0
trec-dl-2020|nomicai-modernbert-embed|thresholding|setmaxheaptopk|0.0
trec-dl-2020|nomicai-modernbert-embed+judge|direct|judge|1.0
trec-dl-2020|nomicai-modernbert-embed+judge|direct|judge_expr|0.983
trec-dl-2020|nomicai-modernbert-embed+judge|direct|rankgpt|0.4301
trec-dl-2020|nomicai-modernbert-embed+judge|direct|setmaxheaptopk|0.4526
trec-dl-2020|nomicai-modernbert-embed+judge|largest_gap|judge|1.0
trec-dl-2020|nomicai-modernbert-embed+judge|largest_gap|judge_expr|0.9928
trec-dl-2020|nomicai-modernbert-embed+judge|largest_gap|rankgpt|0.4301
trec-dl-2020|nomicai-modernbert-embed+judge|largest_gap|setmaxheaptopk|0.4526
trec-dl-2020|nomicai-modernbert-embed+judge|optimal_global|judge|1.0
trec-dl-2020|nomicai-modernbert-embed+judge|optimal_global|judge_expr|0.9971
trec-dl-2020|nomicai-modernbert-embed+judge|optimal_global|rankgpt|0.6439
trec-dl-2020|nomicai-modernbert-embed+judge|optimal_global|setmaxheaptopk|0.5246
trec-dl-2020|nomicai-modernbert-embed+judge|optimal_per_topic|judge|1.0
trec-dl-2020|nomicai-modernbert-embed+judge|optimal_per_topic|judge_expr|0.9536
trec-dl-2020|nomicai-modernbert-embed+judge|optimal_per_topic|rankgpt|0.7276
trec-dl-2020|nomicai-modernbert-embed+judge|optimal_per_topic|setmaxheaptopk|0.7646
trec-dl-2020|nomicai-modernbert-embed+judge|quantile|judge|1.0
trec-dl-2020|nomicai-modernbert-embed+judge|quantile|judge_expr|0.9465
trec-dl-2020|nomicai-modernbert-embed+judge|quantile|rankgpt|0.722
trec-dl-2020|nomicai-modernbert-embed+judge|quantile|setmaxheaptopk|0.7423
trec-dl-2020|nomicai-modernbert-embed+judge|rank|judge|0.8107
trec-dl-2020|nomicai-modernbert-embed+judge|rank|judge_expr|0.7876
trec-dl-2020|nomicai-modernbert-embed+judge|rank|rankgpt|0.5234
trec-dl-2020|nomicai-modernbert-embed+judge|rank|setmaxheaptopk|0.5246
trec-dl-2020|nomicai-modernbert-embed+judge|thresholding|judge|1.0
trec-dl-2020|nomicai-modernbert-embed+judge|thresholding|judge_expr|0.9806
trec-dl-2020|nomicai-modernbert-embed+judge|thresholding|rankgpt|0.0
trec-dl-2020|nomicai-modernbert-embed+judge|thresholding|setmaxheaptopk|0.0
trec-dl-2020|nomicai-modernbert-embed+judge_expr|direct|judge|0.9956
trec-dl-2020|nomicai-modernbert-embed+judge_expr|direct|judge_expr|1.0
trec-dl-2020|nomicai-modernbert-embed+judge_expr|direct|rankgpt|0.4371
trec-dl-2020|nomicai-modernbert-embed+judge_expr|direct|setmaxheaptopk|0.5011
trec-dl-2020|nomicai-modernbert-embed+judge_expr|largest_gap|judge|0.9991
trec-dl-2020|nomicai-modernbert-embed+judge_expr|largest_gap|judge_expr|1.0
trec-dl-2020|nomicai-modernbert-embed+judge_expr|largest_gap|rankgpt|0.4371
trec-dl-2020|nomicai-modernbert-embed+judge_expr|largest_gap|setmaxheaptopk|0.5011
trec-dl-2020|nomicai-modernbert-embed+judge_expr|optimal_global|judge|0.9992
trec-dl-2020|nomicai-modernbert-embed+judge_expr|optimal_global|judge_expr|1.0
trec-dl-2020|nomicai-modernbert-embed+judge_expr|optimal_global|rankgpt|0.6828
trec-dl-2020|nomicai-modernbert-embed+judge_expr|optimal_global|setmaxheaptopk|0.5805
trec-dl-2020|nomicai-modernbert-embed+judge_expr|optimal_per_topic|judge|0.9958
trec-dl-2020|nomicai-modernbert-embed+judge_expr|optimal_per_topic|judge_expr|1.0
trec-dl-2020|nomicai-modernbert-embed+judge_expr|optimal_per_topic|rankgpt|0.737
trec-dl-2020|nomicai-modernbert-embed+judge_expr|optimal_per_topic|setmaxheaptopk|0.7905
trec-dl-2020|nomicai-modernbert-embed+judge_expr|quantile|judge|0.9988
trec-dl-2020|nomicai-modernbert-embed+judge_expr|quantile|judge_expr|1.0
trec-dl-2020|nomicai-modernbert-embed+judge_expr|quantile|rankgpt|0.7528
trec-dl-2020|nomicai-modernbert-embed+judge_expr|quantile|setmaxheaptopk|0.7728
trec-dl-2020|nomicai-modernbert-embed+judge_expr|rank|judge|0.7826
trec-dl-2020|nomicai-modernbert-embed+judge_expr|rank|judge_expr|1.0
trec-dl-2020|nomicai-modernbert-embed+judge_expr|rank|rankgpt|0.5409
trec-dl-2020|nomicai-modernbert-embed+judge_expr|rank|setmaxheaptopk|0.5805
trec-dl-2020|nomicai-modernbert-embed+judge_expr|thresholding|judge|0.9985
trec-dl-2020|nomicai-modernbert-embed+judge_expr|thresholding|judge_expr|1.0
trec-dl-2020|nomicai-modernbert-embed+judge_expr|thresholding|rankgpt|0.0
trec-dl-2020|nomicai-modernbert-embed+judge_expr|thresholding|setmaxheaptopk|0.0
trec-dl-2020|nomicai-modernbert-embed+point|direct|judge|0.7746
trec-dl-2020|nomicai-modernbert-embed+point|direct|judge_expr|0.7073
trec-dl-2020|nomicai-modernbert-embed+point|direct|rankgpt|0.3931
trec-dl-2020|nomicai-modernbert-embed+point|direct|setmaxheaptopk|0.397
trec-dl-2020|nomicai-modernbert-embed+point|largest_gap|judge|0.6638
trec-dl-2020|nomicai-modernbert-embed+point|largest_gap|judge_expr|0.7196
trec-dl-2020|nomicai-modernbert-embed+point|largest_gap|rankgpt|0.3931
trec-dl-2020|nomicai-modernbert-embed+point|largest_gap|setmaxheaptopk|0.397
trec-dl-2020|nomicai-modernbert-embed+point|optimal_global|judge|0.7234
trec-dl-2020|nomicai-modernbert-embed+point|optimal_global|judge_expr|0.738
trec-dl-2020|nomicai-modernbert-embed+point|optimal_global|rankgpt|0.6407
trec-dl-2020|nomicai-modernbert-embed+point|optimal_global|setmaxheaptopk|0.5561
trec-dl-2020|nomicai-modernbert-embed+point|optimal_per_topic|judge|0.7652
trec-dl-2020|nomicai-modernbert-embed+point|optimal_per_topic|judge_expr|0.7785
trec-dl-2020|nomicai-modernbert-embed+point|optimal_per_topic|rankgpt|0.7608
trec-dl-2020|nomicai-modernbert-embed+point|optimal_per_topic|setmaxheaptopk|0.7981
trec-dl-2020|nomicai-modernbert-embed+point|quantile|judge|0.8618
trec-dl-2020|nomicai-modernbert-embed+point|quantile|judge_expr|0.7634
trec-dl-2020|nomicai-modernbert-embed+point|quantile|rankgpt|0.7075
trec-dl-2020|nomicai-modernbert-embed+point|quantile|setmaxheaptopk|0.7538
trec-dl-2020|nomicai-modernbert-embed+point|rank|judge|0.5399
trec-dl-2020|nomicai-modernbert-embed+point|rank|judge_expr|0.5158
trec-dl-2020|nomicai-modernbert-embed+point|rank|rankgpt|0.5036
trec-dl-2020|nomicai-modernbert-embed+point|rank|setmaxheaptopk|0.5561
trec-dl-2020|nomicai-modernbert-embed+point|thresholding|judge|0.7415
trec-dl-2020|nomicai-modernbert-embed+point|thresholding|judge_expr|0.7146
trec-dl-2020|nomicai-modernbert-embed+point|thresholding|rankgpt|0.0
trec-dl-2020|nomicai-modernbert-embed+point|thresholding|setmaxheaptopk|0.0
trec-dl-2020|nomicai-modernbert-embed+rankfirst|direct|judge|0.7978
trec-dl-2020|nomicai-modernbert-embed+rankfirst|direct|judge_expr|0.7369
trec-dl-2020|nomicai-modernbert-embed+rankfirst|direct|rankgpt|0.7827
trec-dl-2020|nomicai-modernbert-embed+rankfirst|direct|setmaxheaptopk|0.7414
trec-dl-2020|nomicai-modernbert-embed+rankfirst|largest_gap|judge|0.717
trec-dl-2020|nomicai-modernbert-embed+rankfirst|largest_gap|judge_expr|0.739
trec-dl-2020|nomicai-modernbert-embed+rankfirst|largest_gap|rankgpt|0.7827
trec-dl-2020|nomicai-modernbert-embed+rankfirst|largest_gap|setmaxheaptopk|0.7414
trec-dl-2020|nomicai-modernbert-embed+rankfirst|optimal_global|judge|0.7573
trec-dl-2020|nomicai-modernbert-embed+rankfirst|optimal_global|judge_expr|0.7563
trec-dl-2020|nomicai-modernbert-embed+rankfirst|optimal_global|rankgpt|0.8755
trec-dl-2020|nomicai-modernbert-embed+rankfirst|optimal_global|setmaxheaptopk|0.6772
trec-dl-2020|nomicai-modernbert-embed+rankfirst|optimal_per_topic|judge|0.8303
trec-dl-2020|nomicai-modernbert-embed+rankfirst|optimal_per_topic|judge_expr|0.8507
trec-dl-2020|nomicai-modernbert-embed+rankfirst|optimal_per_topic|rankgpt|0.9077
trec-dl-2020|nomicai-modernbert-embed+rankfirst|optimal_per_topic|setmaxheaptopk|0.887
trec-dl-2020|nomicai-modernbert-embed+rankfirst|quantile|judge|0.913
trec-dl-2020|nomicai-modernbert-embed+rankfirst|quantile|judge_expr|0.8003
trec-dl-2020|nomicai-modernbert-embed+rankfirst|quantile|rankgpt|0.931
trec-dl-2020|nomicai-modernbert-embed+rankfirst|quantile|setmaxheaptopk|0.8591
trec-dl-2020|nomicai-modernbert-embed+rankfirst|rank|judge|0.6369
trec-dl-2020|nomicai-modernbert-embed+rankfirst|rank|judge_expr|0.571
trec-dl-2020|nomicai-modernbert-embed+rankfirst|rank|rankgpt|0.6941
trec-dl-2020|nomicai-modernbert-embed+rankfirst|rank|setmaxheaptopk|0.6772
trec-dl-2020|nomicai-modernbert-embed+rankfirst|thresholding|judge|0.7589
trec-dl-2020|nomicai-modernbert-embed+rankfirst|thresholding|judge_expr|0.7328
trec-dl-2020|nomicai-modernbert-embed+rankfirst|thresholding|rankgpt|0.0
trec-dl-2020|nomicai-modernbert-embed+rankfirst|thresholding|setmaxheaptopk|0.0
trec-dl-2020|nomicai-modernbert-embed+rankgpt|direct|judge|0.8007
trec-dl-2020|nomicai-modernbert-embed+rankgpt|direct|judge_expr|0.7408
trec-dl-2020|nomicai-modernbert-embed+rankgpt|direct|rankgpt|1.0
trec-dl-2020|nomicai-modernbert-embed+rankgpt|direct|setmaxheaptopk|0.8031
trec-dl-2020|nomicai-modernbert-embed+rankgpt|largest_gap|judge|0.7228
trec-dl-2020|nomicai-modernbert-embed+rankgpt|largest_gap|judge_expr|0.7482
trec-dl-2020|nomicai-modernbert-embed+rankgpt|largest_gap|rankgpt|1.0
trec-dl-2020|nomicai-modernbert-embed+rankgpt|largest_gap|setmaxheaptopk|0.8031
trec-dl-2020|nomicai-modernbert-embed+rankgpt|optimal_global|judge|0.7551
trec-dl-2020|nomicai-modernbert-embed+rankgpt|optimal_global|judge_expr|0.7556
trec-dl-2020|nomicai-modernbert-embed+rankgpt|optimal_global|rankgpt|1.0
trec-dl-2020|nomicai-modernbert-embed+rankgpt|optimal_global|setmaxheaptopk|0.6596
trec-dl-2020|nomicai-modernbert-embed+rankgpt|optimal_per_topic|judge|0.8099
trec-dl-2020|nomicai-modernbert-embed+rankgpt|optimal_per_topic|judge_expr|0.8263
trec-dl-2020|nomicai-modernbert-embed+rankgpt|optimal_per_topic|rankgpt|1.0
trec-dl-2020|nomicai-modernbert-embed+rankgpt|optimal_per_topic|setmaxheaptopk|0.8519
trec-dl-2020|nomicai-modernbert-embed+rankgpt|quantile|judge|0.8976
trec-dl-2020|nomicai-modernbert-embed+rankgpt|quantile|judge_expr|0.8117
trec-dl-2020|nomicai-modernbert-embed+rankgpt|quantile|rankgpt|1.0
trec-dl-2020|nomicai-modernbert-embed+rankgpt|quantile|setmaxheaptopk|0.8681
trec-dl-2020|nomicai-modernbert-embed+rankgpt|rank|judge|0.6465
trec-dl-2020|nomicai-modernbert-embed+rankgpt|rank|judge_expr|0.5611
trec-dl-2020|nomicai-modernbert-embed+rankgpt|rank|rankgpt|1.0
trec-dl-2020|nomicai-modernbert-embed+rankgpt|rank|setmaxheaptopk|0.6596
trec-dl-2020|nomicai-modernbert-embed+rankgpt|thresholding|judge|0.7639
trec-dl-2020|nomicai-modernbert-embed+rankgpt|thresholding|judge_expr|0.7389
trec-dl-2020|nomicai-modernbert-embed+rankgpt|thresholding|rankgpt|0.0
trec-dl-2020|nomicai-modernbert-embed+rankgpt|thresholding|setmaxheaptopk|0.0
trec-dl-2020|nomicai-modernbert-embed+rankzephyr|direct|judge|0.8104
trec-dl-2020|nomicai-modernbert-embed+rankzephyr|direct|judge_expr|0.7531
trec-dl-2020|nomicai-modernbert-embed+rankzephyr|direct|rankgpt|0.8449
trec-dl-2020|nomicai-modernbert-embed+rankzephyr|direct|setmaxheaptopk|0.72
trec-dl-2020|nomicai-modernbert-embed+rankzephyr|largest_gap|judge|0.7355
trec-dl-2020|nomicai-modernbert-embed+rankzephyr|largest_gap|judge_expr|0.7617
trec-dl-2020|nomicai-modernbert-embed+rankzephyr|largest_gap|rankgpt|0.8449
trec-dl-2020|nomicai-modernbert-embed+rankzephyr|largest_gap|setmaxheaptopk|0.72
trec-dl-2020|nomicai-modernbert-embed+rankzephyr|optimal_global|judge|0.7674
trec-dl-2020|nomicai-modernbert-embed+rankzephyr|optimal_global|judge_expr|0.7712
trec-dl-2020|nomicai-modernbert-embed+rankzephyr|optimal_global|rankgpt|0.8522
trec-dl-2020|nomicai-modernbert-embed+rankzephyr|optimal_global|setmaxheaptopk|0.6876
trec-dl-2020|nomicai-modernbert-embed+rankzephyr|optimal_per_topic|judge|0.8417
trec-dl-2020|nomicai-modernbert-embed+rankzephyr|optimal_per_topic|judge_expr|0.8562
trec-dl-2020|nomicai-modernbert-embed+rankzephyr|optimal_per_topic|rankgpt|0.8923
trec-dl-2020|nomicai-modernbert-embed+rankzephyr|optimal_per_topic|setmaxheaptopk|0.8804
trec-dl-2020|nomicai-modernbert-embed+rankzephyr|quantile|judge|0.9123
trec-dl-2020|nomicai-modernbert-embed+rankzephyr|quantile|judge_expr|0.8116
trec-dl-2020|nomicai-modernbert-embed+rankzephyr|quantile|rankgpt|0.9037
trec-dl-2020|nomicai-modernbert-embed+rankzephyr|quantile|setmaxheaptopk|0.8736
trec-dl-2020|nomicai-modernbert-embed+rankzephyr|rank|judge|0.6426
trec-dl-2020|nomicai-modernbert-embed+rankzephyr|rank|judge_expr|0.5683
trec-dl-2020|nomicai-modernbert-embed+rankzephyr|rank|rankgpt|0.7237
trec-dl-2020|nomicai-modernbert-embed+rankzephyr|rank|setmaxheaptopk|0.6876
trec-dl-2020|nomicai-modernbert-embed+rankzephyr|thresholding|judge|0.7765
trec-dl-2020|nomicai-modernbert-embed+rankzephyr|thresholding|judge_expr|0.7458
trec-dl-2020|nomicai-modernbert-embed+rankzephyr|thresholding|rankgpt|0.0
trec-dl-2020|nomicai-modernbert-embed+rankzephyr|thresholding|setmaxheaptopk|0.0
trec-dl-2020|nomicai-modernbert-embed+setmaxheaptopk|direct|judge|0.8402
trec-dl-2020|nomicai-modernbert-embed+setmaxheaptopk|direct|judge_expr|0.7878
trec-dl-2020|nomicai-modernbert-embed+setmaxheaptopk|direct|rankgpt|0.7832
trec-dl-2020|nomicai-modernbert-embed+setmaxheaptopk|direct|setmaxheaptopk|1.0
trec-dl-2020|nomicai-modernbert-embed+setmaxheaptopk|largest_gap|judge|0.7671
trec-dl-2020|nomicai-modernbert-embed+setmaxheaptopk|largest_gap|judge_expr|0.7991
trec-dl-2020|nomicai-modernbert-embed+setmaxheaptopk|largest_gap|rankgpt|0.7832
trec-dl-2020|nomicai-modernbert-embed+setmaxheaptopk|largest_gap|setmaxheaptopk|1.0
trec-dl-2020|nomicai-modernbert-embed+setmaxheaptopk|optimal_global|judge|0.8111
trec-dl-2020|nomicai-modernbert-embed+setmaxheaptopk|optimal_global|judge_expr|0.8077
trec-dl-2020|nomicai-modernbert-embed+setmaxheaptopk|optimal_global|rankgpt|0.8036
trec-dl-2020|nomicai-modernbert-embed+setmaxheaptopk|optimal_global|setmaxheaptopk|1.0
trec-dl-2020|nomicai-modernbert-embed+setmaxheaptopk|optimal_per_topic|judge|0.86
trec-dl-2020|nomicai-modernbert-embed+setmaxheaptopk|optimal_per_topic|judge_expr|0.8703
trec-dl-2020|nomicai-modernbert-embed+setmaxheaptopk|optimal_per_topic|rankgpt|0.8475
trec-dl-2020|nomicai-modernbert-embed+setmaxheaptopk|optimal_per_topic|setmaxheaptopk|1.0
trec-dl-2020|nomicai-modernbert-embed+setmaxheaptopk|quantile|judge|0.9448
trec-dl-2020|nomicai-modernbert-embed+setmaxheaptopk|quantile|judge_expr|0.8675
trec-dl-2020|nomicai-modernbert-embed+setmaxheaptopk|quantile|rankgpt|0.857
trec-dl-2020|nomicai-modernbert-embed+setmaxheaptopk|quantile|setmaxheaptopk|1.0
trec-dl-2020|nomicai-modernbert-embed+setmaxheaptopk|rank|judge|0.6227
trec-dl-2020|nomicai-modernbert-embed+setmaxheaptopk|rank|judge_expr|0.6199
trec-dl-2020|nomicai-modernbert-embed+setmaxheaptopk|rank|rankgpt|0.6627
trec-dl-2020|nomicai-modernbert-embed+setmaxheaptopk|rank|setmaxheaptopk|1.0
trec-dl-2020|nomicai-modernbert-embed+setmaxheaptopk|thresholding|judge|0.8145
trec-dl-2020|nomicai-modernbert-embed+setmaxheaptopk|thresholding|judge_expr|0.789
trec-dl-2020|nomicai-modernbert-embed+setmaxheaptopk|thresholding|rankgpt|0.0
trec-dl-2020|nomicai-modernbert-embed+setmaxheaptopk|thresholding|setmaxheaptopk|0.0
trec-dl-2020|qwen3-embed-600m|direct|judge|0.7269
trec-dl-2020|qwen3-embed-600m|direct|judge_expr|0.6656
trec-dl-2020|qwen3-embed-600m|direct|rankgpt|0.6135
trec-dl-2020|qwen3-embed-600m|direct|setmaxheaptopk|0.5353
trec-dl-2020|qwen3-embed-600m|largest_gap|judge|0.6225
trec-dl-2020|qwen3-embed-600m|largest_gap|judge_expr|0.6752
trec-dl-2020|qwen3-embed-600m|largest_gap|rankgpt|0.6135
trec-dl-2020|qwen3-embed-600m|largest_gap|setmaxheaptopk|0.5353
trec-dl-2020|qwen3-embed-600m|optimal_global|judge|0.6821
trec-dl-2020|qwen3-embed-600m|optimal_global|judge_expr|0.6821
trec-dl-2020|qwen3-embed-600m|optimal_global|rankgpt|0.788
trec-dl-2020|qwen3-embed-600m|optimal_global|setmaxheaptopk|0.5785
trec-dl-2020|qwen3-embed-600m|optimal_per_topic|judge|0.7461
trec-dl-2020|qwen3-embed-600m|optimal_per_topic|judge_expr|0.7653
trec-dl-2020|qwen3-embed-600m|optimal_per_topic|rankgpt|0.8352
trec-dl-2020|qwen3-embed-600m|optimal_per_topic|setmaxheaptopk|0.7931
trec-dl-2020|qwen3-embed-600m|quantile|judge|0.8174
trec-dl-2020|qwen3-embed-600m|quantile|judge_expr|0.7061
trec-dl-2020|qwen3-embed-600m|quantile|rankgpt|0.8554
trec-dl-2020|qwen3-embed-600m|quantile|setmaxheaptopk|0.7743
trec-dl-2020|qwen3-embed-600m|rank|judge|0.5581
trec-dl-2020|qwen3-embed-600m|rank|judge_expr|0.4838
trec-dl-2020|qwen3-embed-600m|rank|rankgpt|0.5951
trec-dl-2020|qwen3-embed-600m|rank|setmaxheaptopk|0.5785
trec-dl-2020|qwen3-embed-600m|thresholding|judge|0.6876
trec-dl-2020|qwen3-embed-600m|thresholding|judge_expr|0.6673
trec-dl-2020|qwen3-embed-600m|thresholding|rankgpt|0.0
trec-dl-2020|qwen3-embed-600m|thresholding|setmaxheaptopk|0.0
trec-dl-2020|qwen3-embed-600m+judge|direct|judge|0.8498
trec-dl-2020|qwen3-embed-600m+judge|direct|judge_expr|0.85
trec-dl-2020|qwen3-embed-600m+judge|direct|rankgpt|0.4521
trec-dl-2020|qwen3-embed-600m+judge|direct|setmaxheaptopk|0.4592
trec-dl-2020|qwen3-embed-600m+judge|largest_gap|judge|0.863
trec-dl-2020|qwen3-embed-600m+judge|largest_gap|judge_expr|0.8464
trec-dl-2020|qwen3-embed-600m+judge|largest_gap|rankgpt|0.4521
trec-dl-2020|qwen3-embed-600m+judge|largest_gap|setmaxheaptopk|0.4592
trec-dl-2020|qwen3-embed-600m+judge|optimal_global|judge|0.8678
trec-dl-2020|qwen3-embed-600m+judge|optimal_global|judge_expr|0.8654
trec-dl-2020|qwen3-embed-600m+judge|optimal_global|rankgpt|0.6034
trec-dl-2020|qwen3-embed-600m+judge|optimal_global|setmaxheaptopk|0.4913
trec-dl-2020|qwen3-embed-600m+judge|optimal_per_topic|judge|0.8584
trec-dl-2020|qwen3-embed-600m+judge|optimal_per_topic|judge_expr|0.8374
trec-dl-2020|qwen3-embed-600m+judge|optimal_per_topic|rankgpt|0.6831
trec-dl-2020|qwen3-embed-600m+judge|optimal_per_topic|setmaxheaptopk|0.7134
trec-dl-2020|qwen3-embed-600m+judge|quantile|judge|0.8289
trec-dl-2020|qwen3-embed-600m+judge|quantile|judge_expr|0.7889
trec-dl-2020|qwen3-embed-600m+judge|quantile|rankgpt|0.6608
trec-dl-2020|qwen3-embed-600m+judge|quantile|setmaxheaptopk|0.6612
trec-dl-2020|qwen3-embed-600m+judge|rank|judge|0.6972
trec-dl-2020|qwen3-embed-600m+judge|rank|judge_expr|0.6518
trec-dl-2020|qwen3-embed-600m+judge|rank|rankgpt|0.4915
trec-dl-2020|qwen3-embed-600m+judge|rank|setmaxheaptopk|0.4913
trec-dl-2020|qwen3-embed-600m+judge|thresholding|judge|0.8668
trec-dl-2020|qwen3-embed-600m+judge|thresholding|judge_expr|0.8519
trec-dl-2020|qwen3-embed-600m+judge|thresholding|rankgpt|0.0
trec-dl-2020|qwen3-embed-600m+judge|thresholding|setmaxheaptopk|0.0
trec-dl-2020|qwen3-embed-600m+judge_expr|direct|judge|0.8622
trec-dl-2020|qwen3-embed-600m+judge_expr|direct|judge_expr|0.8756
trec-dl-2020|qwen3-embed-600m+judge_expr|direct|rankgpt|0.4474
trec-dl-2020|qwen3-embed-600m+judge_expr|direct|setmaxheaptopk|0.4996
trec-dl-2020|qwen3-embed-600m+judge_expr|largest_gap|judge|0.8763
trec-dl-2020|qwen3-embed-600m+judge_expr|largest_gap|judge_expr|0.8658
trec-dl-2020|qwen3-embed-600m+judge_expr|largest_gap|rankgpt|0.4474
trec-dl-2020|qwen3-embed-600m+judge_expr|largest_gap|setmaxheaptopk|0.4996
trec-dl-2020|qwen3-embed-600m+judge_expr|optimal_global|judge|0.8797
trec-dl-2020|qwen3-embed-600m+judge_expr|optimal_global|judge_expr|0.8773
trec-dl-2020|qwen3-embed-600m+judge_expr|optimal_global|rankgpt|0.6485
trec-dl-2020|qwen3-embed-600m+judge_expr|optimal_global|setmaxheaptopk|0.5413
trec-dl-2020|qwen3-embed-600m+judge_expr|optimal_per_topic|judge|0.8714
trec-dl-2020|qwen3-embed-600m+judge_expr|optimal_per_topic|judge_expr|0.8876
trec-dl-2020|qwen3-embed-600m+judge_expr|optimal_per_topic|rankgpt|0.7027
trec-dl-2020|qwen3-embed-600m+judge_expr|optimal_per_topic|setmaxheaptopk|0.7327
trec-dl-2020|qwen3-embed-600m+judge_expr|quantile|judge|0.8451
trec-dl-2020|qwen3-embed-600m+judge_expr|quantile|judge_expr|0.8475
trec-dl-2020|qwen3-embed-600m+judge_expr|quantile|rankgpt|0.7016
trec-dl-2020|qwen3-embed-600m+judge_expr|quantile|setmaxheaptopk|0.695
trec-dl-2020|qwen3-embed-600m+judge_expr|rank|judge|0.6851
trec-dl-2020|qwen3-embed-600m+judge_expr|rank|judge_expr|0.8007
trec-dl-2020|qwen3-embed-600m+judge_expr|rank|rankgpt|0.5133
trec-dl-2020|qwen3-embed-600m+judge_expr|rank|setmaxheaptopk|0.5413
trec-dl-2020|qwen3-embed-600m+judge_expr|thresholding|judge|0.878
trec-dl-2020|qwen3-embed-600m+judge_expr|thresholding|judge_expr|0.8807
trec-dl-2020|qwen3-embed-600m+judge_expr|thresholding|rankgpt|0.0
trec-dl-2020|qwen3-embed-600m+judge_expr|thresholding|setmaxheaptopk|0.0
trec-dl-2020|qwen3-embed-600m+point|direct|judge|0.6556
trec-dl-2020|qwen3-embed-600m+point|direct|judge_expr|0.6097
trec-dl-2020|qwen3-embed-600m+point|direct|rankgpt|0.3851
trec-dl-2020|qwen3-embed-600m+point|direct|setmaxheaptopk|0.3892
trec-dl-2020|qwen3-embed-600m+point|largest_gap|judge|0.5825
trec-dl-2020|qwen3-embed-600m+point|largest_gap|judge_expr|0.6226
trec-dl-2020|qwen3-embed-600m+point|largest_gap|rankgpt|0.3851
trec-dl-2020|qwen3-embed-600m+point|largest_gap|setmaxheaptopk|0.3892
trec-dl-2020|qwen3-embed-600m+point|optimal_global|judge|0.6271
trec-dl-2020|qwen3-embed-600m+point|optimal_global|judge_expr|0.637
trec-dl-2020|qwen3-embed-600m+point|optimal_global|rankgpt|0.575
trec-dl-2020|qwen3-embed-600m+point|optimal_global|setmaxheaptopk|0.483
trec-dl-2020|qwen3-embed-600m+point|optimal_per_topic|judge|0.657
trec-dl-2020|qwen3-embed-600m+point|optimal_per_topic|judge_expr|0.6751
trec-dl-2020|qwen3-embed-600m+point|optimal_per_topic|rankgpt|0.6731
trec-dl-2020|qwen3-embed-600m+point|optimal_per_topic|setmaxheaptopk|0.6928
trec-dl-2020|qwen3-embed-600m+point|quantile|judge|0.7246
trec-dl-2020|qwen3-embed-600m+point|quantile|judge_expr|0.6397
trec-dl-2020|qwen3-embed-600m+point|quantile|rankgpt|0.6302
trec-dl-2020|qwen3-embed-600m+point|quantile|setmaxheaptopk|0.6475
trec-dl-2020|qwen3-embed-600m+point|rank|judge|0.475
trec-dl-2020|qwen3-embed-600m+point|rank|judge_expr|0.4429
trec-dl-2020|qwen3-embed-600m+point|rank|rankgpt|0.4561
trec-dl-2020|qwen3-embed-600m+point|rank|setmaxheaptopk|0.483
trec-dl-2020|qwen3-embed-600m+point|thresholding|judge|0.6412
trec-dl-2020|qwen3-embed-600m+point|thresholding|judge_expr|0.6202
trec-dl-2020|qwen3-embed-600m+point|thresholding|rankgpt|0.0
trec-dl-2020|qwen3-embed-600m+point|thresholding|setmaxheaptopk|0.0
trec-dl-2020|qwen3-embed-600m+rankfirst|direct|judge|0.7845
trec-dl-2020|qwen3-embed-600m+rankfirst|direct|judge_expr|0.7419
trec-dl-2020|qwen3-embed-600m+rankfirst|direct|rankgpt|0.7281
trec-dl-2020|qwen3-embed-600m+rankfirst|direct|setmaxheaptopk|0.6929
trec-dl-2020|qwen3-embed-600m+rankfirst|largest_gap|judge|0.7185
trec-dl-2020|qwen3-embed-600m+rankfirst|largest_gap|judge_expr|0.752
trec-dl-2020|qwen3-embed-600m+rankfirst|largest_gap|rankgpt|0.7281
trec-dl-2020|qwen3-embed-600m+rankfirst|largest_gap|setmaxheaptopk|0.6929
trec-dl-2020|qwen3-embed-600m+rankfirst|optimal_global|judge|0.7624
trec-dl-2020|qwen3-embed-600m+rankfirst|optimal_global|judge_expr|0.7661
trec-dl-2020|qwen3-embed-600m+rankfirst|optimal_global|rankgpt|0.8068
trec-dl-2020|qwen3-embed-600m+rankfirst|optimal_global|setmaxheaptopk|0.6687
trec-dl-2020|qwen3-embed-600m+rankfirst|optimal_per_topic|judge|0.8232
trec-dl-2020|qwen3-embed-600m+rankfirst|optimal_per_topic|judge_expr|0.8399
trec-dl-2020|qwen3-embed-600m+rankfirst|optimal_per_topic|rankgpt|0.8913
trec-dl-2020|qwen3-embed-600m+rankfirst|optimal_per_topic|setmaxheaptopk|0.8859
trec-dl-2020|qwen3-embed-600m+rankfirst|quantile|judge|0.8692
trec-dl-2020|qwen3-embed-600m+rankfirst|quantile|judge_expr|0.7835
trec-dl-2020|qwen3-embed-600m+rankfirst|quantile|rankgpt|0.8697
trec-dl-2020|qwen3-embed-600m+rankfirst|quantile|setmaxheaptopk|0.8328
trec-dl-2020|qwen3-embed-600m+rankfirst|rank|judge|0.6104
trec-dl-2020|qwen3-embed-600m+rankfirst|rank|judge_expr|0.5615
trec-dl-2020|qwen3-embed-600m+rankfirst|rank|rankgpt|0.6617
trec-dl-2020|qwen3-embed-600m+rankfirst|rank|setmaxheaptopk|0.6687
trec-dl-2020|qwen3-embed-600m+rankfirst|thresholding|judge|0.7668
trec-dl-2020|qwen3-embed-600m+rankfirst|thresholding|judge_expr|0.7449
trec-dl-2020|qwen3-embed-600m+rankfirst|thresholding|rankgpt|0.0
trec-dl-2020|qwen3-embed-600m+rankfirst|thresholding|setmaxheaptopk|0.0
trec-dl-2020|qwen3-embed-600m+rankgpt|direct|judge|0.7604
trec-dl-2020|qwen3-embed-600m+rankgpt|direct|judge_expr|0.7161
trec-dl-2020|qwen3-embed-600m+rankgpt|direct|rankgpt|0.6617
trec-dl-2020|qwen3-embed-600m+rankgpt|direct|setmaxheaptopk|0.5987
trec-dl-2020|qwen3-embed-600m+rankgpt|largest_gap|judge|0.689
trec-dl-2020|qwen3-embed-600m+rankgpt|largest_gap|judge_expr|0.7215
trec-dl-2020|qwen3-embed-600m+rankgpt|largest_gap|rankgpt|0.6617
trec-dl-2020|qwen3-embed-600m+rankgpt|largest_gap|setmaxheaptopk|0.5987
trec-dl-2020|qwen3-embed-600m+rankgpt|optimal_global|judge|0.7364
trec-dl-2020|qwen3-embed-600m+rankgpt|optimal_global|judge_expr|0.7363
trec-dl-2020|qwen3-embed-600m+rankgpt|optimal_global|rankgpt|0.7811
trec-dl-2020|qwen3-embed-600m+rankgpt|optimal_global|setmaxheaptopk|0.6285
trec-dl-2020|qwen3-embed-600m+rankgpt|optimal_per_topic|judge|0.7839
trec-dl-2020|qwen3-embed-600m+rankgpt|optimal_per_topic|judge_expr|0.8094
trec-dl-2020|qwen3-embed-600m+rankgpt|optimal_per_topic|rankgpt|0.8593
trec-dl-2020|qwen3-embed-600m+rankgpt|optimal_per_topic|setmaxheaptopk|0.8361
trec-dl-2020|qwen3-embed-600m+rankgpt|quantile|judge|0.8344
trec-dl-2020|qwen3-embed-600m+rankgpt|quantile|judge_expr|0.7592
trec-dl-2020|qwen3-embed-600m+rankgpt|quantile|rankgpt|0.8257
trec-dl-2020|qwen3-embed-600m+rankgpt|quantile|setmaxheaptopk|0.8046
trec-dl-2020|qwen3-embed-600m+rankgpt|rank|judge|0.5604
trec-dl-2020|qwen3-embed-600m+rankgpt|rank|judge_expr|0.5333
trec-dl-2020|qwen3-embed-600m+rankgpt|rank|rankgpt|0.6371
trec-dl-2020|qwen3-embed-600m+rankgpt|rank|setmaxheaptopk|0.6285
trec-dl-2020|qwen3-embed-600m+rankgpt|thresholding|judge|0.7426
trec-dl-2020|qwen3-embed-600m+rankgpt|thresholding|judge_expr|0.7135
trec-dl-2020|qwen3-embed-600m+rankgpt|thresholding|rankgpt|0.0
trec-dl-2020|qwen3-embed-600m+rankgpt|thresholding|setmaxheaptopk|0.0
trec-dl-2020|qwen3-embed-600m+rankzephyr|direct|judge|0.7539
trec-dl-2020|qwen3-embed-600m+rankzephyr|direct|judge_expr|0.7103
trec-dl-2020|qwen3-embed-600m+rankzephyr|direct|rankgpt|0.6723
trec-dl-2020|qwen3-embed-600m+rankzephyr|direct|setmaxheaptopk|0.5664
trec-dl-2020|qwen3-embed-600m+rankzephyr|largest_gap|judge|0.6874
trec-dl-2020|qwen3-embed-600m+rankzephyr|largest_gap|judge_expr|0.719
trec-dl-2020|qwen3-embed-600m+rankzephyr|largest_gap|rankgpt|0.6723
trec-dl-2020|qwen3-embed-600m+rankzephyr|largest_gap|setmaxheaptopk|0.5664
trec-dl-2020|qwen3-embed-600m+rankzephyr|optimal_global|judge|0.731
trec-dl-2020|qwen3-embed-600m+rankzephyr|optimal_global|judge_expr|0.7273
trec-dl-2020|qwen3-embed-600m+rankzephyr|optimal_global|rankgpt|0.7625
trec-dl-2020|qwen3-embed-600m+rankzephyr|optimal_global|setmaxheaptopk|0.6185
trec-dl-2020|qwen3-embed-600m+rankzephyr|optimal_per_topic|judge|0.7928
trec-dl-2020|qwen3-embed-600m+rankzephyr|optimal_per_topic|judge_expr|0.82
trec-dl-2020|qwen3-embed-600m+rankzephyr|optimal_per_topic|rankgpt|0.8548
trec-dl-2020|qwen3-embed-600m+rankzephyr|optimal_per_topic|setmaxheaptopk|0.8246
trec-dl-2020|qwen3-embed-600m+rankzephyr|quantile|judge|0.832
trec-dl-2020|qwen3-embed-600m+rankzephyr|quantile|judge_expr|0.7547
trec-dl-2020|qwen3-embed-600m+rankzephyr|quantile|rankgpt|0.8198
trec-dl-2020|qwen3-embed-600m+rankzephyr|quantile|setmaxheaptopk|0.7923
trec-dl-2020|qwen3-embed-600m+rankzephyr|rank|judge|0.5588
trec-dl-2020|qwen3-embed-600m+rankzephyr|rank|judge_expr|0.5156
trec-dl-2020|qwen3-embed-600m+rankzephyr|rank|rankgpt|0.6252
trec-dl-2020|qwen3-embed-600m+rankzephyr|rank|setmaxheaptopk|0.6185
trec-dl-2020|qwen3-embed-600m+rankzephyr|thresholding|judge|0.7294
trec-dl-2020|qwen3-embed-600m+rankzephyr|thresholding|judge_expr|0.7097
trec-dl-2020|qwen3-embed-600m+rankzephyr|thresholding|rankgpt|0.0
trec-dl-2020|qwen3-embed-600m+rankzephyr|thresholding|setmaxheaptopk|0.0
trec-dl-2020|qwen3-embed-600m+setmaxheaptopk|direct|judge|0.7765
trec-dl-2020|qwen3-embed-600m+setmaxheaptopk|direct|judge_expr|0.7369
trec-dl-2020|qwen3-embed-600m+setmaxheaptopk|direct|rankgpt|0.6645
trec-dl-2020|qwen3-embed-600m+setmaxheaptopk|direct|setmaxheaptopk|0.72
trec-dl-2020|qwen3-embed-600m+setmaxheaptopk|largest_gap|judge|0.7248
trec-dl-2020|qwen3-embed-600m+setmaxheaptopk|largest_gap|judge_expr|0.7443
trec-dl-2020|qwen3-embed-600m+setmaxheaptopk|largest_gap|rankgpt|0.6645
trec-dl-2020|qwen3-embed-600m+setmaxheaptopk|largest_gap|setmaxheaptopk|0.72
trec-dl-2020|qwen3-embed-600m+setmaxheaptopk|optimal_global|judge|0.7614
trec-dl-2020|qwen3-embed-600m+setmaxheaptopk|optimal_global|judge_expr|0.7599
trec-dl-2020|qwen3-embed-600m+setmaxheaptopk|optimal_global|rankgpt|0.7304
trec-dl-2020|qwen3-embed-600m+setmaxheaptopk|optimal_global|setmaxheaptopk|0.6702
trec-dl-2020|qwen3-embed-600m+setmaxheaptopk|optimal_per_topic|judge|0.799
trec-dl-2020|qwen3-embed-600m+setmaxheaptopk|optimal_per_topic|judge_expr|0.8023
trec-dl-2020|qwen3-embed-600m+setmaxheaptopk|optimal_per_topic|rankgpt|0.788
trec-dl-2020|qwen3-embed-600m+setmaxheaptopk|optimal_per_topic|setmaxheaptopk|0.8294
trec-dl-2020|qwen3-embed-600m+setmaxheaptopk|quantile|judge|0.8384
trec-dl-2020|qwen3-embed-600m+setmaxheaptopk|quantile|judge_expr|0.7725
trec-dl-2020|qwen3-embed-600m+setmaxheaptopk|quantile|rankgpt|0.7778
trec-dl-2020|qwen3-embed-600m+setmaxheaptopk|quantile|setmaxheaptopk|0.7914
trec-dl-2020|qwen3-embed-600m+setmaxheaptopk|rank|judge|0.5742
trec-dl-2020|qwen3-embed-600m+setmaxheaptopk|rank|judge_expr|0.5629
trec-dl-2020|qwen3-embed-600m+setmaxheaptopk|rank|rankgpt|0.6005
trec-dl-2020|qwen3-embed-600m+setmaxheaptopk|rank|setmaxheaptopk|0.6702
trec-dl-2020|qwen3-embed-600m+setmaxheaptopk|thresholding|judge|0.7621
trec-dl-2020|qwen3-embed-600m+setmaxheaptopk|thresholding|judge_expr|0.7434
trec-dl-2020|qwen3-embed-600m+setmaxheaptopk|thresholding|rankgpt|0.0
trec-dl-2020|qwen3-embed-600m+setmaxheaptopk|thresholding|setmaxheaptopk|0.0
trec-dl-2020|splade-v3|direct|judge|0.7224
trec-dl-2020|splade-v3|direct|judge_expr|0.653
trec-dl-2020|splade-v3|direct|rankgpt|0.6642
trec-dl-2020|splade-v3|direct|setmaxheaptopk|0.5982
trec-dl-2020|splade-v3|largest_gap|judge|0.624
trec-dl-2020|splade-v3|largest_gap|judge_expr|0.6701
trec-dl-2020|splade-v3|largest_gap|rankgpt|0.6642
trec-dl-2020|splade-v3|largest_gap|setmaxheaptopk|0.5982
trec-dl-2020|splade-v3|optimal_global|judge|0.6769
trec-dl-2020|splade-v3|optimal_global|judge_expr|0.6777
trec-dl-2020|splade-v3|optimal_global|rankgpt|0.7862
trec-dl-2020|splade-v3|optimal_global|setmaxheaptopk|0.6237
trec-dl-2020|splade-v3|optimal_per_topic|judge|0.7419
trec-dl-2020|splade-v3|optimal_per_topic|judge_expr|0.7543
trec-dl-2020|splade-v3|optimal_per_topic|rankgpt|0.8472
trec-dl-2020|splade-v3|optimal_per_topic|setmaxheaptopk|0.8115
trec-dl-2020|splade-v3|quantile|judge|0.8243
trec-dl-2020|splade-v3|quantile|judge_expr|0.7331
trec-dl-2020|splade-v3|quantile|rankgpt|0.8551
trec-dl-2020|splade-v3|quantile|setmaxheaptopk|0.7897
trec-dl-2020|splade-v3|rank|judge|0.5693
trec-dl-2020|splade-v3|rank|judge_expr|0.4909
trec-dl-2020|splade-v3|rank|rankgpt|0.6103
trec-dl-2020|splade-v3|rank|setmaxheaptopk|0.6237
trec-dl-2020|splade-v3|thresholding|judge|0.6791
trec-dl-2020|splade-v3|thresholding|judge_expr|0.6618
trec-dl-2020|splade-v3|thresholding|rankgpt|0.0
trec-dl-2020|splade-v3|thresholding|setmaxheaptopk|0.0
trec-dl-2020|splade-v3+judge|direct|judge|0.8127
trec-dl-2020|splade-v3+judge|direct|judge_expr|0.8242
trec-dl-2020|splade-v3+judge|direct|rankgpt|0.4129
trec-dl-2020|splade-v3+judge|direct|setmaxheaptopk|0.4253
trec-dl-2020|splade-v3+judge|largest_gap|judge|0.8557
trec-dl-2020|splade-v3+judge|largest_gap|judge_expr|0.8395
trec-dl-2020|splade-v3+judge|largest_gap|rankgpt|0.4129
trec-dl-2020|splade-v3+judge|largest_gap|setmaxheaptopk|0.4253
trec-dl-2020|splade-v3+judge|optimal_global|judge|0.8395
trec-dl-2020|splade-v3+judge|optimal_global|judge_expr|0.8342
trec-dl-2020|splade-v3+judge|optimal_global|rankgpt|0.5488
trec-dl-2020|splade-v3+judge|optimal_global|setmaxheaptopk|0.445
trec-dl-2020|splade-v3+judge|optimal_per_topic|judge|0.8246
trec-dl-2020|splade-v3+judge|optimal_per_topic|judge_expr|0.8047
trec-dl-2020|splade-v3+judge|optimal_per_topic|rankgpt|0.6344
trec-dl-2020|splade-v3+judge|optimal_per_topic|setmaxheaptopk|0.6632
trec-dl-2020|splade-v3+judge|quantile|judge|0.7748
trec-dl-2020|splade-v3+judge|quantile|judge_expr|0.7413
trec-dl-2020|splade-v3+judge|quantile|rankgpt|0.6079
trec-dl-2020|splade-v3+judge|quantile|setmaxheaptopk|0.608
trec-dl-2020|splade-v3+judge|rank|judge|0.6565
trec-dl-2020|splade-v3+judge|rank|judge_expr|0.6283
trec-dl-2020|splade-v3+judge|rank|rankgpt|0.4594
trec-dl-2020|splade-v3+judge|rank|setmaxheaptopk|0.445
trec-dl-2020|splade-v3+judge|thresholding|judge|0.8338
trec-dl-2020|splade-v3+judge|thresholding|judge_expr|0.8215
trec-dl-2020|splade-v3+judge|thresholding|rankgpt|0.0
trec-dl-2020|splade-v3+judge|thresholding|setmaxheaptopk|0.0
trec-dl-2020|splade-v3+judge_expr|direct|judge|0.8248
trec-dl-2020|splade-v3+judge_expr|direct|judge_expr|0.8491
trec-dl-2020|splade-v3+judge_expr|direct|rankgpt|0.4152
trec-dl-2020|splade-v3+judge_expr|direct|setmaxheaptopk|0.4655
trec-dl-2020|splade-v3+judge_expr|largest_gap|judge|0.863
trec-dl-2020|splade-v3+judge_expr|largest_gap|judge_expr|0.8552
trec-dl-2020|splade-v3+judge_expr|largest_gap|rankgpt|0.4152
trec-dl-2020|splade-v3+judge_expr|largest_gap|setmaxheaptopk|0.4655
trec-dl-2020|splade-v3+judge_expr|optimal_global|judge|0.8499
trec-dl-2020|splade-v3+judge_expr|optimal_global|judge_expr|0.8479
trec-dl-2020|splade-v3+judge_expr|optimal_global|rankgpt|0.5845
trec-dl-2020|splade-v3+judge_expr|optimal_global|setmaxheaptopk|0.4921
trec-dl-2020|splade-v3+judge_expr|optimal_per_topic|judge|0.8366
trec-dl-2020|splade-v3+judge_expr|optimal_per_topic|judge_expr|0.8562
trec-dl-2020|splade-v3+judge_expr|optimal_per_topic|rankgpt|0.6575
trec-dl-2020|splade-v3+judge_expr|optimal_per_topic|setmaxheaptopk|0.6917
trec-dl-2020|splade-v3+judge_expr|quantile|judge|0.7886
trec-dl-2020|splade-v3+judge_expr|quantile|judge_expr|0.7886
trec-dl-2020|splade-v3+judge_expr|quantile|rankgpt|0.6421
trec-dl-2020|splade-v3+judge_expr|quantile|setmaxheaptopk|0.6401
trec-dl-2020|splade-v3+judge_expr|rank|judge|0.6439
trec-dl-2020|splade-v3+judge_expr|rank|judge_expr|0.7775
trec-dl-2020|splade-v3+judge_expr|rank|rankgpt|0.4764
trec-dl-2020|splade-v3+judge_expr|rank|setmaxheaptopk|0.4921
trec-dl-2020|splade-v3+judge_expr|thresholding|judge|0.8446
trec-dl-2020|splade-v3+judge_expr|thresholding|judge_expr|0.8546
trec-dl-2020|splade-v3+judge_expr|thresholding|rankgpt|0.0
trec-dl-2020|splade-v3+judge_expr|thresholding|setmaxheaptopk|0.0
trec-dl-2020|splade-v3+point|direct|judge|0.6414
trec-dl-2020|splade-v3+point|direct|judge_expr|0.6038
trec-dl-2020|splade-v3+point|direct|rankgpt|0.3808
trec-dl-2020|splade-v3+point|direct|setmaxheaptopk|0.3947
trec-dl-2020|splade-v3+point|largest_gap|judge|0.576
trec-dl-2020|splade-v3+point|largest_gap|judge_expr|0.6163
trec-dl-2020|splade-v3+point|largest_gap|rankgpt|0.3808
trec-dl-2020|splade-v3+point|largest_gap|setmaxheaptopk|0.3947
trec-dl-2020|splade-v3+point|optimal_global|judge|0.6179
trec-dl-2020|splade-v3+point|optimal_global|judge_expr|0.6314
trec-dl-2020|splade-v3+point|optimal_global|rankgpt|0.5527
trec-dl-2020|splade-v3+point|optimal_global|setmaxheaptopk|0.4759
trec-dl-2020|splade-v3+point|optimal_per_topic|judge|0.6478
trec-dl-2020|splade-v3+point|optimal_per_topic|judge_expr|0.6717
trec-dl-2020|splade-v3+point|optimal_per_topic|rankgpt|0.6559
trec-dl-2020|splade-v3+point|optimal_per_topic|setmaxheaptopk|0.6747
trec-dl-2020|splade-v3+point|quantile|judge|0.6942
trec-dl-2020|splade-v3+point|quantile|judge_expr|0.6203
trec-dl-2020|splade-v3+point|quantile|rankgpt|0.6076
trec-dl-2020|splade-v3+point|quantile|setmaxheaptopk|0.6306
trec-dl-2020|splade-v3+point|rank|judge|0.4632
trec-dl-2020|splade-v3+point|rank|judge_expr|0.4411
trec-dl-2020|splade-v3+point|rank|rankgpt|0.4589
trec-dl-2020|splade-v3+point|rank|setmaxheaptopk|0.4759
trec-dl-2020|splade-v3+point|thresholding|judge|0.6342
trec-dl-2020|splade-v3+point|thresholding|judge_expr|0.6131
trec-dl-2020|splade-v3+point|thresholding|rankgpt|0.0
trec-dl-2020|splade-v3+point|thresholding|setmaxheaptopk|0.0
trec-dl-2020|splade-v3+rankfirst|direct|judge|0.7693
trec-dl-2020|splade-v3+rankfirst|direct|judge_expr|0.7272
trec-dl-2020|splade-v3+rankfirst|direct|rankgpt|0.7179
trec-dl-2020|splade-v3+rankfirst|direct|setmaxheaptopk|0.671
trec-dl-2020|splade-v3+rankfirst|largest_gap|judge|0.7024
trec-dl-2020|splade-v3+rankfirst|largest_gap|judge_expr|0.7315
trec-dl-2020|splade-v3+rankfirst|largest_gap|rankgpt|0.7179
trec-dl-2020|splade-v3+rankfirst|largest_gap|setmaxheaptopk|0.671
trec-dl-2020|splade-v3+rankfirst|optimal_global|judge|0.7469
trec-dl-2020|splade-v3+rankfirst|optimal_global|judge_expr|0.7526
trec-dl-2020|splade-v3+rankfirst|optimal_global|rankgpt|0.8003
trec-dl-2020|splade-v3+rankfirst|optimal_global|setmaxheaptopk|0.6621
trec-dl-2020|splade-v3+rankfirst|optimal_per_topic|judge|0.8176
trec-dl-2020|splade-v3+rankfirst|optimal_per_topic|judge_expr|0.8337
trec-dl-2020|splade-v3+rankfirst|optimal_per_topic|rankgpt|0.8913
trec-dl-2020|splade-v3+rankfirst|optimal_per_topic|setmaxheaptopk|0.8585
trec-dl-2020|splade-v3+rankfirst|quantile|judge|0.8489
trec-dl-2020|splade-v3+rankfirst|quantile|judge_expr|0.7648
trec-dl-2020|splade-v3+rankfirst|quantile|rankgpt|0.8496
trec-dl-2020|splade-v3+rankfirst|quantile|setmaxheaptopk|0.8155
trec-dl-2020|splade-v3+rankfirst|rank|judge|0.5995
trec-dl-2020|splade-v3+rankfirst|rank|judge_expr|0.5556
trec-dl-2020|splade-v3+rankfirst|rank|rankgpt|0.6536
trec-dl-2020|splade-v3+rankfirst|rank|setmaxheaptopk|0.6621
trec-dl-2020|splade-v3+rankfirst|thresholding|judge|0.7524
trec-dl-2020|splade-v3+rankfirst|thresholding|judge_expr|0.7289
trec-dl-2020|splade-v3+rankfirst|thresholding|rankgpt|0.0
trec-dl-2020|splade-v3+rankfirst|thresholding|setmaxheaptopk|0.0
trec-dl-2020|splade-v3+rankgpt|direct|judge|0.7461
trec-dl-2020|splade-v3+rankgpt|direct|judge_expr|0.7006
trec-dl-2020|splade-v3+rankgpt|direct|rankgpt|0.7037
trec-dl-2020|splade-v3+rankgpt|direct|setmaxheaptopk|0.6415
trec-dl-2020|splade-v3+rankgpt|largest_gap|judge|0.6872
trec-dl-2020|splade-v3+rankgpt|largest_gap|judge_expr|0.7055
trec-dl-2020|splade-v3+rankgpt|largest_gap|rankgpt|0.7037
trec-dl-2020|splade-v3+rankgpt|largest_gap|setmaxheaptopk|0.6415
trec-dl-2020|splade-v3+rankgpt|optimal_global|judge|0.7219
trec-dl-2020|splade-v3+rankgpt|optimal_global|judge_expr|0.725
trec-dl-2020|splade-v3+rankgpt|optimal_global|rankgpt|0.7426
trec-dl-2020|splade-v3+rankgpt|optimal_global|setmaxheaptopk|0.6246
trec-dl-2020|splade-v3+rankgpt|optimal_per_topic|judge|0.76
trec-dl-2020|splade-v3+rankgpt|optimal_per_topic|judge_expr|0.7908
trec-dl-2020|splade-v3+rankgpt|optimal_per_topic|rankgpt|0.8319
trec-dl-2020|splade-v3+rankgpt|optimal_per_topic|setmaxheaptopk|0.7831
trec-dl-2020|splade-v3+rankgpt|quantile|judge|0.8208
trec-dl-2020|splade-v3+rankgpt|quantile|judge_expr|0.7348
trec-dl-2020|splade-v3+rankgpt|quantile|rankgpt|0.7987
trec-dl-2020|splade-v3+rankgpt|quantile|setmaxheaptopk|0.759
trec-dl-2020|splade-v3+rankgpt|rank|judge|0.5599
trec-dl-2020|splade-v3+rankgpt|rank|judge_expr|0.544
trec-dl-2020|splade-v3+rankgpt|rank|rankgpt|0.6185
trec-dl-2020|splade-v3+rankgpt|rank|setmaxheaptopk|0.6246
trec-dl-2020|splade-v3+rankgpt|thresholding|judge|0.73
trec-dl-2020|splade-v3+rankgpt|thresholding|judge_expr|0.7038
trec-dl-2020|splade-v3+rankgpt|thresholding|rankgpt|0.0
trec-dl-2020|splade-v3+rankgpt|thresholding|setmaxheaptopk|0.0
trec-dl-2020|splade-v3+rankzephyr|direct|judge|0.7673
trec-dl-2020|splade-v3+rankzephyr|direct|judge_expr|0.7343
trec-dl-2020|splade-v3+rankzephyr|direct|rankgpt|0.7356
trec-dl-2020|splade-v3+rankzephyr|direct|setmaxheaptopk|0.6363
trec-dl-2020|splade-v3+rankzephyr|largest_gap|judge|0.7169
trec-dl-2020|splade-v3+rankzephyr|largest_gap|judge_expr|0.7465
trec-dl-2020|splade-v3+rankzephyr|largest_gap|rankgpt|0.7356
trec-dl-2020|splade-v3+rankzephyr|largest_gap|setmaxheaptopk|0.6363
trec-dl-2020|splade-v3+rankzephyr|optimal_global|judge|0.7537
trec-dl-2020|splade-v3+rankzephyr|optimal_global|judge_expr|0.7527
trec-dl-2020|splade-v3+rankzephyr|optimal_global|rankgpt|0.7852
trec-dl-2020|splade-v3+rankzephyr|optimal_global|setmaxheaptopk|0.6553
trec-dl-2020|splade-v3+rankzephyr|optimal_per_topic|judge|0.817
trec-dl-2020|splade-v3+rankzephyr|optimal_per_topic|judge_expr|0.8293
trec-dl-2020|splade-v3+rankzephyr|optimal_per_topic|rankgpt|0.868
trec-dl-2020|splade-v3+rankzephyr|optimal_per_topic|setmaxheaptopk|0.8387
trec-dl-2020|splade-v3+rankzephyr|quantile|judge|0.8435
trec-dl-2020|splade-v3+rankzephyr|quantile|judge_expr|0.768
trec-dl-2020|splade-v3+rankzephyr|quantile|rankgpt|0.8369
trec-dl-2020|splade-v3+rankzephyr|quantile|setmaxheaptopk|0.8101
trec-dl-2020|splade-v3+rankzephyr|rank|judge|0.5905
trec-dl-2020|splade-v3+rankzephyr|rank|judge_expr|0.5461
trec-dl-2020|splade-v3+rankzephyr|rank|rankgpt|0.6448
trec-dl-2020|splade-v3+rankzephyr|rank|setmaxheaptopk|0.6553
trec-dl-2020|splade-v3+rankzephyr|thresholding|judge|0.7552
trec-dl-2020|splade-v3+rankzephyr|thresholding|judge_expr|0.7412
trec-dl-2020|splade-v3+rankzephyr|thresholding|rankgpt|0.0
trec-dl-2020|splade-v3+rankzephyr|thresholding|setmaxheaptopk|0.0
trec-dl-2020|splade-v3+setmaxheaptopk|direct|judge|0.754
trec-dl-2020|splade-v3+setmaxheaptopk|direct|judge_expr|0.7269
trec-dl-2020|splade-v3+setmaxheaptopk|direct|rankgpt|0.6383
trec-dl-2020|splade-v3+setmaxheaptopk|direct|setmaxheaptopk|0.7309
trec-dl-2020|splade-v3+setmaxheaptopk|largest_gap|judge|0.7243
trec-dl-2020|splade-v3+setmaxheaptopk|largest_gap|judge_expr|0.7422
trec-dl-2020|splade-v3+setmaxheaptopk|largest_gap|rankgpt|0.6383
trec-dl-2020|splade-v3+setmaxheaptopk|largest_gap|setmaxheaptopk|0.7309
trec-dl-2020|splade-v3+setmaxheaptopk|optimal_global|judge|0.7557
trec-dl-2020|splade-v3+setmaxheaptopk|optimal_global|judge_expr|0.755
trec-dl-2020|splade-v3+setmaxheaptopk|optimal_global|rankgpt|0.6961
trec-dl-2020|splade-v3+setmaxheaptopk|optimal_global|setmaxheaptopk|0.6462
trec-dl-2020|splade-v3+setmaxheaptopk|optimal_per_topic|judge|0.7837
trec-dl-2020|splade-v3+setmaxheaptopk|optimal_per_topic|judge_expr|0.8009
trec-dl-2020|splade-v3+setmaxheaptopk|optimal_per_topic|rankgpt|0.7677
trec-dl-2020|splade-v3+setmaxheaptopk|optimal_per_topic|setmaxheaptopk|0.8005
trec-dl-2020|splade-v3+setmaxheaptopk|quantile|judge|0.79
trec-dl-2020|splade-v3+setmaxheaptopk|quantile|judge_expr|0.7353
trec-dl-2020|splade-v3+setmaxheaptopk|quantile|rankgpt|0.7423
trec-dl-2020|splade-v3+setmaxheaptopk|quantile|setmaxheaptopk|0.7562
trec-dl-2020|splade-v3+setmaxheaptopk|rank|judge|0.5448
trec-dl-2020|splade-v3+setmaxheaptopk|rank|judge_expr|0.5598
trec-dl-2020|splade-v3+setmaxheaptopk|rank|rankgpt|0.5685
trec-dl-2020|splade-v3+setmaxheaptopk|rank|setmaxheaptopk|0.6462
trec-dl-2020|splade-v3+setmaxheaptopk|thresholding|judge|0.7532
trec-dl-2020|splade-v3+setmaxheaptopk|thresholding|judge_expr|0.738
trec-dl-2020|splade-v3+setmaxheaptopk|thresholding|rankgpt|0.0
trec-dl-2020|splade-v3+setmaxheaptopk|thresholding|setmaxheaptopk|0.0
webis-touche2020|bm25|direct|judge|0.5259
webis-touche2020|bm25|direct|judge_expr|0.4383
webis-touche2020|bm25|direct|rankgpt|0.1959
webis-touche2020|bm25|direct|setmaxheaptopk|0.1905
webis-touche2020|bm25|largest_gap|judge|0.3467
webis-touche2020|bm25|largest_gap|judge_expr|0.4469
webis-touche2020|bm25|largest_gap|rankgpt|0.1959
webis-touche2020|bm25|largest_gap|setmaxheaptopk|0.1905
webis-touche2020|bm25|optimal_global|judge|0.3305
webis-touche2020|bm25|optimal_global|judge_expr|0.3549
webis-touche2020|bm25|optimal_global|rankgpt|0.4823
webis-touche2020|bm25|optimal_global|setmaxheaptopk|0.3294
webis-touche2020|bm25|optimal_per_topic|judge|0.4654
webis-touche2020|bm25|optimal_per_topic|judge_expr|0.3348
webis-touche2020|bm25|optimal_per_topic|rankgpt|0.4588
webis-touche2020|bm25|optimal_per_topic|setmaxheaptopk|0.4127
webis-touche2020|bm25|quantile|judge|0.479
webis-touche2020|bm25|quantile|judge_expr|0.3571
webis-touche2020|bm25|quantile|rankgpt|0.5225
webis-touche2020|bm25|quantile|setmaxheaptopk|0.4209
webis-touche2020|bm25|rank|judge|0.2688
webis-touche2020|bm25|rank|judge_expr|0.1999
webis-touche2020|bm25|rank|rankgpt|0.2178
webis-touche2020|bm25|rank|setmaxheaptopk|0.228
webis-touche2020|bm25|thresholding|judge|0.4559
webis-touche2020|bm25|thresholding|judge_expr|0.4316
webis-touche2020|bm25|thresholding|rankgpt|0.0
webis-touche2020|bm25|thresholding|setmaxheaptopk|0.0
webis-touche2020|bm25+judge|direct|judge|0.7106
webis-touche2020|bm25+judge|direct|judge_expr|0.6993
webis-touche2020|bm25+judge|direct|rankgpt|0.1797
webis-touche2020|bm25+judge|direct|setmaxheaptopk|0.1838
webis-touche2020|bm25+judge|largest_gap|judge|0.691
webis-touche2020|bm25+judge|largest_gap|judge_expr|0.7093
webis-touche2020|bm25+judge|largest_gap|rankgpt|0.1797
webis-touche2020|bm25+judge|largest_gap|setmaxheaptopk|0.1838
webis-touche2020|bm25+judge|optimal_global|judge|0.6651
webis-touche2020|bm25+judge|optimal_global|judge_expr|0.6697
webis-touche2020|bm25+judge|optimal_global|rankgpt|0.4174
webis-touche2020|bm25+judge|optimal_global|setmaxheaptopk|0.3657
webis-touche2020|bm25+judge|optimal_per_topic|judge|0.6933
webis-touche2020|bm25+judge|optimal_per_topic|judge_expr|0.5673
webis-touche2020|bm25+judge|optimal_per_topic|rankgpt|0.4307
webis-touche2020|bm25+judge|optimal_per_topic|setmaxheaptopk|0.3969
webis-touche2020|bm25+judge|quantile|judge|0.7208
webis-touche2020|bm25+judge|quantile|judge_expr|0.6509
webis-touche2020|bm25+judge|quantile|rankgpt|0.4754
webis-touche2020|bm25+judge|quantile|setmaxheaptopk|0.4598
webis-touche2020|bm25+judge|rank|judge|0.4383
webis-touche2020|bm25+judge|rank|judge_expr|0.4129
webis-touche2020|bm25+judge|rank|rankgpt|0.2724
webis-touche2020|bm25+judge|rank|setmaxheaptopk|0.3071
webis-touche2020|bm25+judge|thresholding|judge|0.7081
webis-touche2020|bm25+judge|thresholding|judge_expr|0.6987
webis-touche2020|bm25+judge|thresholding|rankgpt|0.0
webis-touche2020|bm25+judge|thresholding|setmaxheaptopk|0.0
webis-touche2020|bm25+judge_expr|direct|judge|0.7095
webis-touche2020|bm25+judge_expr|direct|judge_expr|0.7049
webis-touche2020|bm25+judge_expr|direct|rankgpt|0.3257
webis-touche2020|bm25+judge_expr|direct|setmaxheaptopk|0.3008
webis-touche2020|bm25+judge_expr|largest_gap|judge|0.6899
webis-touche2020|bm25+judge_expr|largest_gap|judge_expr|0.7073
webis-touche2020|bm25+judge_expr|largest_gap|rankgpt|0.3257
webis-touche2020|bm25+judge_expr|largest_gap|setmaxheaptopk|0.3008
webis-touche2020|bm25+judge_expr|optimal_global|judge|0.6627
webis-touche2020|bm25+judge_expr|optimal_global|judge_expr|0.6877
webis-touche2020|bm25+judge_expr|optimal_global|rankgpt|0.48
webis-touche2020|bm25+judge_expr|optimal_global|setmaxheaptopk|0.4647
webis-touche2020|bm25+judge_expr|optimal_per_topic|judge|0.6908
webis-touche2020|bm25+judge_expr|optimal_per_topic|judge_expr|0.709
webis-touche2020|bm25+judge_expr|optimal_per_topic|rankgpt|0.5141
webis-touche2020|bm25+judge_expr|optimal_per_topic|setmaxheaptopk|0.5178
webis-touche2020|bm25+judge_expr|quantile|judge|0.7199
webis-touche2020|bm25+judge_expr|quantile|judge_expr|0.7199
webis-touche2020|bm25+judge_expr|quantile|rankgpt|0.5312
webis-touche2020|bm25+judge_expr|quantile|setmaxheaptopk|0.5534
webis-touche2020|bm25+judge_expr|rank|judge|0.4727
webis-touche2020|bm25+judge_expr|rank|judge_expr|0.6402
webis-touche2020|bm25+judge_expr|rank|rankgpt|0.3348
webis-touche2020|bm25+judge_expr|rank|setmaxheaptopk|0.3911
webis-touche2020|bm25+judge_expr|thresholding|judge|0.7049
webis-touche2020|bm25+judge_expr|thresholding|judge_expr|0.703
webis-touche2020|bm25+judge_expr|thresholding|rankgpt|0.0
webis-touche2020|bm25+judge_expr|thresholding|setmaxheaptopk|0.0
webis-touche2020|bm25+point|direct|judge|0.5306
webis-touche2020|bm25+point|direct|judge_expr|0.4748
webis-touche2020|bm25+point|direct|rankgpt|0.1497
webis-touche2020|bm25+point|direct|setmaxheaptopk|0.1135
webis-touche2020|bm25+point|largest_gap|judge|0.3775
webis-touche2020|bm25+point|largest_gap|judge_expr|0.4869
webis-touche2020|bm25+point|largest_gap|rankgpt|0.1497
webis-touche2020|bm25+point|largest_gap|setmaxheaptopk|0.1135
webis-touche2020|bm25+point|optimal_global|judge|0.3399
webis-touche2020|bm25+point|optimal_global|judge_expr|0.3878
webis-touche2020|bm25+point|optimal_global|rankgpt|0.3415
webis-touche2020|bm25+point|optimal_global|setmaxheaptopk|0.2807
webis-touche2020|bm25+point|optimal_per_topic|judge|0.4555
webis-touche2020|bm25+point|optimal_per_topic|judge_expr|0.3462
webis-touche2020|bm25+point|optimal_per_topic|rankgpt|0.3444
webis-touche2020|bm25+point|optimal_per_topic|setmaxheaptopk|0.3044
webis-touche2020|bm25+point|quantile|judge|0.5002
webis-touche2020|bm25+point|quantile|judge_expr|0.4268
webis-touche2020|bm25+point|quantile|rankgpt|0.4004
webis-touche2020|bm25+point|quantile|setmaxheaptopk|0.3634
webis-touche2020|bm25+point|rank|judge|0.2527
webis-touche2020|bm25+point|rank|judge_expr|0.2331
webis-touche2020|bm25+point|rank|rankgpt|0.2005
webis-touche2020|bm25+point|rank|setmaxheaptopk|0.2273
webis-touche2020|bm25+point|thresholding|judge|0.4935
webis-touche2020|bm25+point|thresholding|judge_expr|0.4728
webis-touche2020|bm25+point|thresholding|rankgpt|0.0
webis-touche2020|bm25+point|thresholding|setmaxheaptopk|0.0
webis-touche2020|bm25+rankfirst|direct|judge|0.666
webis-touche2020|bm25+rankfirst|direct|judge_expr|0.5935
webis-touche2020|bm25+rankfirst|direct|rankgpt|0.3375
webis-touche2020|bm25+rankfirst|direct|setmaxheaptopk|0.3152
webis-touche2020|bm25+rankfirst|largest_gap|judge|0.5118
webis-touche2020|bm25+rankfirst|largest_gap|judge_expr|0.6043
webis-touche2020|bm25+rankfirst|largest_gap|rankgpt|0.3375
webis-touche2020|bm25+rankfirst|largest_gap|setmaxheaptopk|0.3152
webis-touche2020|bm25+rankfirst|optimal_global|judge|0.494
webis-touche2020|bm25+rankfirst|optimal_global|judge_expr|0.52
webis-touche2020|bm25+rankfirst|optimal_global|rankgpt|0.6188
webis-touche2020|bm25+rankfirst|optimal_global|setmaxheaptopk|0.4688
webis-touche2020|bm25+rankfirst|optimal_per_topic|judge|0.604
webis-touche2020|bm25+rankfirst|optimal_per_topic|judge_expr|0.4614
webis-touche2020|bm25+rankfirst|optimal_per_topic|rankgpt|0.5946
webis-touche2020|bm25+rankfirst|optimal_per_topic|setmaxheaptopk|0.5305
webis-touche2020|bm25+rankfirst|quantile|judge|0.6221
webis-touche2020|bm25+rankfirst|quantile|judge_expr|0.4873
webis-touche2020|bm25+rankfirst|quantile|rankgpt|0.6784
webis-touche2020|bm25+rankfirst|quantile|setmaxheaptopk|0.5741
webis-touche2020|bm25+rankfirst|rank|judge|0.4137
webis-touche2020|bm25+rankfirst|rank|judge_expr|0.3059
webis-touche2020|bm25+rankfirst|rank|rankgpt|0.3391
webis-touche2020|bm25+rankfirst|rank|setmaxheaptopk|0.3621
webis-touche2020|bm25+rankfirst|thresholding|judge|0.6073
webis-touche2020|bm25+rankfirst|thresholding|judge_expr|0.5801
webis-touche2020|bm25+rankfirst|thresholding|rankgpt|0.0
webis-touche2020|bm25+rankfirst|thresholding|setmaxheaptopk|0.0
webis-touche2020|bm25+rankgpt|direct|judge|0.6041
webis-touche2020|bm25+rankgpt|direct|judge_expr|0.5626
webis-touche2020|bm25+rankgpt|direct|rankgpt|0.3078
webis-touche2020|bm25+rankgpt|direct|setmaxheaptopk|0.3329
webis-touche2020|bm25+rankgpt|largest_gap|judge|0.4763
webis-touche2020|bm25+rankgpt|largest_gap|judge_expr|0.5644
webis-touche2020|bm25+rankgpt|largest_gap|rankgpt|0.3078
webis-touche2020|bm25+rankgpt|largest_gap|setmaxheaptopk|0.3329
webis-touche2020|bm25+rankgpt|optimal_global|judge|0.4707
webis-touche2020|bm25+rankgpt|optimal_global|judge_expr|0.5056
webis-touche2020|bm25+rankgpt|optimal_global|rankgpt|0.4558
webis-touche2020|bm25+rankgpt|optimal_global|setmaxheaptopk|0.3889
webis-touche2020|bm25+rankgpt|optimal_per_topic|judge|0.5526
webis-touche2020|bm25+rankgpt|optimal_per_topic|judge_expr|0.4911
webis-touche2020|bm25+rankgpt|optimal_per_topic|rankgpt|0.4898
webis-touche2020|bm25+rankgpt|optimal_per_topic|setmaxheaptopk|0.469
webis-touche2020|bm25+rankgpt|quantile|judge|0.5819
webis-touche2020|bm25+rankgpt|quantile|judge_expr|0.4906
webis-touche2020|bm25+rankgpt|quantile|rankgpt|0.4961
webis-touche2020|bm25+rankgpt|quantile|setmaxheaptopk|0.4922
webis-touche2020|bm25+rankgpt|rank|judge|0.3345
webis-touche2020|bm25+rankgpt|rank|judge_expr|0.3217
webis-touche2020|bm25+rankgpt|rank|rankgpt|0.3197
webis-touche2020|bm25+rankgpt|rank|setmaxheaptopk|0.3196
webis-touche2020|bm25+rankgpt|thresholding|judge|0.5695
webis-touche2020|bm25+rankgpt|thresholding|judge_expr|0.5469
webis-touche2020|bm25+rankgpt|thresholding|rankgpt|0.0
webis-touche2020|bm25+rankgpt|thresholding|setmaxheaptopk|0.0
webis-touche2020|bm25+rankzephyr|direct|judge|0.5074
webis-touche2020|bm25+rankzephyr|direct|judge_expr|0.4209
webis-touche2020|bm25+rankzephyr|direct|rankgpt|0.2038
webis-touche2020|bm25+rankzephyr|largest_gap|judge|0.3362
webis-touche2020|bm25+rankzephyr|largest_gap|judge_expr|0.4279
webis-touche2020|bm25+rankzephyr|largest_gap|rankgpt|0.2038
webis-touche2020|bm25+rankzephyr|optimal_global|judge|0.3181
webis-touche2020|bm25+rankzephyr|optimal_global|judge_expr|0.346
webis-touche2020|bm25+rankzephyr|optimal_global|rankgpt|0.4801
webis-touche2020|bm25+rankzephyr|optimal_per_topic|judge|0.447
webis-touche2020|bm25+rankzephyr|optimal_per_topic|judge_expr|0.3283
webis-touche2020|bm25+rankzephyr|optimal_per_topic|rankgpt|0.4516
webis-touche2020|bm25+rankzephyr|quantile|judge|0.4566
webis-touche2020|bm25+rankzephyr|quantile|judge_expr|0.3397
webis-touche2020|bm25+rankzephyr|quantile|rankgpt|0.523
webis-touche2020|bm25+rankzephyr|rank|judge|0.2597
webis-touche2020|bm25+rankzephyr|rank|judge_expr|0.1939
webis-touche2020|bm25+rankzephyr|rank|rankgpt|0.2248
webis-touche2020|bm25+rankzephyr|thresholding|judge|0.4332
webis-touche2020|bm25+rankzephyr|thresholding|judge_expr|0.4149
webis-touche2020|bm25+rankzephyr|thresholding|rankgpt|0.0
webis-touche2020|bm25+setmaxheaptopk|direct|judge|0.6264
webis-touche2020|bm25+setmaxheaptopk|direct|judge_expr|0.5868
webis-touche2020|bm25+setmaxheaptopk|direct|rankgpt|0.3371
webis-touche2020|bm25+setmaxheaptopk|direct|setmaxheaptopk|0.3667
webis-touche2020|bm25+setmaxheaptopk|largest_gap|judge|0.5112
webis-touche2020|bm25+setmaxheaptopk|largest_gap|judge_expr|0.5924
webis-touche2020|bm25+setmaxheaptopk|largest_gap|rankgpt|0.3371
webis-touche2020|bm25+setmaxheaptopk|largest_gap|setmaxheaptopk|0.3667
webis-touche2020|bm25+setmaxheaptopk|optimal_global|judge|0.4996
webis-touche2020|bm25+setmaxheaptopk|optimal_global|judge_expr|0.5437
webis-touche2020|bm25+setmaxheaptopk|optimal_global|rankgpt|0.5038
webis-touche2020|bm25+setmaxheaptopk|optimal_global|setmaxheaptopk|0.4837
webis-touche2020|bm25+setmaxheaptopk|optimal_per_topic|judge|0.5903
webis-touche2020|bm25+setmaxheaptopk|optimal_per_topic|judge_expr|0.4893
webis-touche2020|bm25+setmaxheaptopk|optimal_per_topic|rankgpt|0.5077
webis-touche2020|bm25+setmaxheaptopk|optimal_per_topic|setmaxheaptopk|0.5017
webis-touche2020|bm25+setmaxheaptopk|quantile|judge|0.6292
webis-touche2020|bm25+setmaxheaptopk|quantile|judge_expr|0.545
webis-touche2020|bm25+setmaxheaptopk|quantile|rankgpt|0.5591
webis-touche2020|bm25+setmaxheaptopk|quantile|setmaxheaptopk|0.5772
webis-touche2020|bm25+setmaxheaptopk|rank|judge|0.3787
webis-touche2020|bm25+setmaxheaptopk|rank|judge_expr|0.3586
webis-touche2020|bm25+setmaxheaptopk|rank|rankgpt|0.3263
webis-touche2020|bm25+setmaxheaptopk|rank|setmaxheaptopk|0.4102
webis-touche2020|bm25+setmaxheaptopk|thresholding|judge|0.5953
webis-touche2020|bm25+setmaxheaptopk|thresholding|judge_expr|0.5847
webis-touche2020|bm25+setmaxheaptopk|thresholding|rankgpt|0.0
webis-touche2020|bm25+setmaxheaptopk|thresholding|setmaxheaptopk|0.0
webis-touche2020|colbert-small|direct|judge|0.3987
webis-touche2020|colbert-small|direct|judge_expr|0.3158
webis-touche2020|colbert-small|direct|rankgpt|0.1566
webis-touche2020|colbert-small|direct|setmaxheaptopk|0.1394
webis-touche2020|colbert-small|largest_gap|judge|0.2139
webis-touche2020|colbert-small|largest_gap|judge_expr|0.3213
webis-touche2020|colbert-small|largest_gap|rankgpt|0.1566
webis-touche2020|colbert-small|largest_gap|setmaxheaptopk|0.1394
webis-touche2020|colbert-small|optimal_global|judge|0.1987
webis-touche2020|colbert-small|optimal_global|judge_expr|0.2359
webis-touche2020|colbert-small|optimal_global|rankgpt|0.3818
webis-touche2020|colbert-small|optimal_global|setmaxheaptopk|0.2584
webis-touche2020|colbert-small|optimal_per_topic|judge|0.3389
webis-touche2020|colbert-small|optimal_per_topic|judge_expr|0.2229
webis-touche2020|colbert-small|optimal_per_topic|rankgpt|0.3534
webis-touche2020|colbert-small|optimal_per_topic|setmaxheaptopk|0.3007
webis-touche2020|colbert-small|quantile|judge|0.3402
webis-touche2020|colbert-small|quantile|judge_expr|0.2406
webis-touche2020|colbert-small|quantile|rankgpt|0.4341
webis-touche2020|colbert-small|quantile|setmaxheaptopk|0.3444
webis-touche2020|colbert-small|rank|judge|0.1939
webis-touche2020|colbert-small|rank|judge_expr|0.1393
webis-touche2020|colbert-small|rank|rankgpt|0.1489
webis-touche2020|colbert-small|rank|setmaxheaptopk|0.1885
webis-touche2020|colbert-small|thresholding|judge|0.3313
webis-touche2020|colbert-small|thresholding|judge_expr|0.3028
webis-touche2020|colbert-small|thresholding|rankgpt|0.0
webis-touche2020|colbert-small|thresholding|setmaxheaptopk|0.0
webis-touche2020|colbert-small+judge|direct|judge|0.7581
webis-touche2020|colbert-small+judge|direct|judge_expr|0.757
webis-touche2020|colbert-small+judge|direct|rankgpt|0.2098
webis-touche2020|colbert-small+judge|direct|setmaxheaptopk|0.2339
webis-touche2020|colbert-small+judge|largest_gap|judge|0.7482
webis-touche2020|colbert-small+judge|largest_gap|judge_expr|0.7649
webis-touche2020|colbert-small+judge|largest_gap|rankgpt|0.2098
webis-touche2020|colbert-small+judge|largest_gap|setmaxheaptopk|0.2339
webis-touche2020|colbert-small+judge|optimal_global|judge|0.7124
webis-touche2020|colbert-small+judge|optimal_global|judge_expr|0.737
webis-touche2020|colbert-small+judge|optimal_global|rankgpt|0.4609
webis-touche2020|colbert-small+judge|optimal_global|setmaxheaptopk|0.3891
webis-touche2020|colbert-small+judge|optimal_per_topic|judge|0.7594
webis-touche2020|colbert-small+judge|optimal_per_topic|judge_expr|0.582
webis-touche2020|colbert-small+judge|optimal_per_topic|rankgpt|0.4555
webis-touche2020|colbert-small+judge|optimal_per_topic|setmaxheaptopk|0.4364
webis-touche2020|colbert-small+judge|quantile|judge|0.7622
webis-touche2020|colbert-small+judge|quantile|judge_expr|0.6918
webis-touche2020|colbert-small+judge|quantile|rankgpt|0.5126
webis-touche2020|colbert-small+judge|quantile|setmaxheaptopk|0.4844
webis-touche2020|colbert-small+judge|rank|judge|0.5054
webis-touche2020|colbert-small+judge|rank|judge_expr|0.4386
webis-touche2020|colbert-small+judge|rank|rankgpt|0.2913
webis-touche2020|colbert-small+judge|rank|setmaxheaptopk|0.3178
webis-touche2020|colbert-small+judge|thresholding|judge|0.7696
webis-touche2020|colbert-small+judge|thresholding|judge_expr|0.7586
webis-touche2020|colbert-small+judge|thresholding|rankgpt|0.0
webis-touche2020|colbert-small+judge|thresholding|setmaxheaptopk|0.0
webis-touche2020|colbert-small+judge_expr|direct|judge|0.7593
webis-touche2020|colbert-small+judge_expr|direct|judge_expr|0.7639
webis-touche2020|colbert-small+judge_expr|direct|rankgpt|0.322
webis-touche2020|colbert-small+judge_expr|direct|setmaxheaptopk|0.3774
webis-touche2020|colbert-small+judge_expr|largest_gap|judge|0.7511
webis-touche2020|colbert-small+judge_expr|largest_gap|judge_expr|0.7668
webis-touche2020|colbert-small+judge_expr|largest_gap|rankgpt|0.322
webis-touche2020|colbert-small+judge_expr|largest_gap|setmaxheaptopk|0.3774
webis-touche2020|colbert-small+judge_expr|optimal_global|judge|0.7141
webis-touche2020|colbert-small+judge_expr|optimal_global|judge_expr|0.7622
webis-touche2020|colbert-small+judge_expr|optimal_global|rankgpt|0.5081
webis-touche2020|colbert-small+judge_expr|optimal_global|setmaxheaptopk|0.4761
webis-touche2020|colbert-small+judge_expr|optimal_per_topic|judge|0.7589
webis-touche2020|colbert-small+judge_expr|optimal_per_topic|judge_expr|0.7228
webis-touche2020|colbert-small+judge_expr|optimal_per_topic|rankgpt|0.5208
webis-touche2020|colbert-small+judge_expr|optimal_per_topic|setmaxheaptopk|0.5394
webis-touche2020|colbert-small+judge_expr|quantile|judge|0.7668
webis-touche2020|colbert-small+judge_expr|quantile|judge_expr|0.7552
webis-touche2020|colbert-small+judge_expr|quantile|rankgpt|0.5446
webis-touche2020|colbert-small+judge_expr|quantile|setmaxheaptopk|0.5727
webis-touche2020|colbert-small+judge_expr|rank|judge|0.5374
webis-touche2020|colbert-small+judge_expr|rank|judge_expr|0.624
webis-touche2020|colbert-small+judge_expr|rank|rankgpt|0.3386
webis-touche2020|colbert-small+judge_expr|rank|setmaxheaptopk|0.3973
webis-touche2020|colbert-small+judge_expr|thresholding|judge|0.769
webis-touche2020|colbert-small+judge_expr|thresholding|judge_expr|0.7654
webis-touche2020|colbert-small+judge_expr|thresholding|rankgpt|0.0
webis-touche2020|colbert-small+judge_expr|thresholding|setmaxheaptopk|0.0
webis-touche2020|colbert-small+point|direct|judge|0.5066
webis-touche2020|colbert-small+point|direct|judge_expr|0.4598
webis-touche2020|colbert-small+point|direct|rankgpt|0.1744
webis-touche2020|colbert-small+point|direct|setmaxheaptopk|0.128
webis-touche2020|colbert-small+point|largest_gap|judge|0.3414
webis-touche2020|colbert-small+point|largest_gap|judge_expr|0.4728
webis-touche2020|colbert-small+point|largest_gap|rankgpt|0.1744
webis-touche2020|colbert-small+point|largest_gap|setmaxheaptopk|0.128
webis-touche2020|colbert-small+point|optimal_global|judge|0.3074
webis-touche2020|colbert-small+point|optimal_global|judge_expr|0.3765
webis-touche2020|colbert-small+point|optimal_global|rankgpt|0.3428
webis-touche2020|colbert-small+point|optimal_global|setmaxheaptopk|0.2719
webis-touche2020|colbert-small+point|optimal_per_topic|judge|0.4403
webis-touche2020|colbert-small+point|optimal_per_topic|judge_expr|0.3381
webis-touche2020|colbert-small+point|optimal_per_topic|rankgpt|0.3346
webis-touche2020|colbert-small+point|optimal_per_topic|setmaxheaptopk|0.3009
webis-touche2020|colbert-small+point|quantile|judge|0.4624
webis-touche2020|colbert-small+point|quantile|judge_expr|0.404
webis-touche2020|colbert-small+point|quantile|rankgpt|0.4021
webis-touche2020|colbert-small+point|quantile|setmaxheaptopk|0.3417
webis-touche2020|colbert-small+point|rank|judge|0.2538
webis-touche2020|colbert-small+point|rank|judge_expr|0.2242
webis-touche2020|colbert-small+point|rank|rankgpt|0.1944
webis-touche2020|colbert-small+point|rank|setmaxheaptopk|0.2148
webis-touche2020|colbert-small+point|thresholding|judge|0.4849
webis-touche2020|colbert-small+point|thresholding|judge_expr|0.4633
webis-touche2020|colbert-small+point|thresholding|rankgpt|0.0
webis-touche2020|colbert-small+point|thresholding|setmaxheaptopk|0.0
webis-touche2020|colbert-small+rankfirst|direct|judge|0.5972
webis-touche2020|colbert-small+rankfirst|direct|judge_expr|0.5317
webis-touche2020|colbert-small+rankfirst|direct|rankgpt|0.3349
webis-touche2020|colbert-small+rankfirst|direct|setmaxheaptopk|0.3256
webis-touche2020|colbert-small+rankfirst|largest_gap|judge|0.4523
webis-touche2020|colbert-small+rankfirst|largest_gap|judge_expr|0.5431
webis-touche2020|colbert-small+rankfirst|largest_gap|rankgpt|0.3349
webis-touche2020|colbert-small+rankfirst|largest_gap|setmaxheaptopk|0.3256
webis-touche2020|colbert-small+rankfirst|optimal_global|judge|0.4161
webis-touche2020|colbert-small+rankfirst|optimal_global|judge_expr|0.4654
webis-touche2020|colbert-small+rankfirst|optimal_global|rankgpt|0.5571
webis-touche2020|colbert-small+rankfirst|optimal_global|setmaxheaptopk|0.4411
webis-touche2020|colbert-small+rankfirst|optimal_per_topic|judge|0.5352
webis-touche2020|colbert-small+rankfirst|optimal_per_topic|judge_expr|0.4332
webis-touche2020|colbert-small+rankfirst|optimal_per_topic|rankgpt|0.5737
webis-touche2020|colbert-small+rankfirst|optimal_per_topic|setmaxheaptopk|0.4982
webis-touche2020|colbert-small+rankfirst|quantile|judge|0.5389
webis-touche2020|colbert-small+rankfirst|quantile|judge_expr|0.4416
webis-touche2020|colbert-small+rankfirst|quantile|rankgpt|0.6196
webis-touche2020|colbert-small+rankfirst|quantile|setmaxheaptopk|0.53
webis-touche2020|colbert-small+rankfirst|rank|judge|0.3594
webis-touche2020|colbert-small+rankfirst|rank|judge_expr|0.2652
webis-touche2020|colbert-small+rankfirst|rank|rankgpt|0.3191
webis-touche2020|colbert-small+rankfirst|rank|setmaxheaptopk|0.3503
webis-touche2020|colbert-small+rankfirst|thresholding|judge|0.5485
webis-touche2020|colbert-small+rankfirst|thresholding|judge_expr|0.5232
webis-touche2020|colbert-small+rankfirst|thresholding|rankgpt|0.0
webis-touche2020|colbert-small+rankfirst|thresholding|setmaxheaptopk|0.0
webis-touche2020|colbert-small+rankgpt|direct|judge|0.6003
webis-touche2020|colbert-small+rankgpt|direct|judge_expr|0.5582
webis-touche2020|colbert-small+rankgpt|direct|rankgpt|0.3377
webis-touche2020|colbert-small+rankgpt|direct|setmaxheaptopk|0.3571
webis-touche2020|colbert-small+rankgpt|largest_gap|judge|0.4743
webis-touche2020|colbert-small+rankgpt|largest_gap|judge_expr|0.5616
webis-touche2020|colbert-small+rankgpt|largest_gap|rankgpt|0.3377
webis-touche2020|colbert-small+rankgpt|largest_gap|setmaxheaptopk|0.3571
webis-touche2020|colbert-small+rankgpt|optimal_global|judge|0.4397
webis-touche2020|colbert-small+rankgpt|optimal_global|judge_expr|0.5009
webis-touche2020|colbert-small+rankgpt|optimal_global|rankgpt|0.5118
webis-touche2020|colbert-small+rankgpt|optimal_global|setmaxheaptopk|0.4263
webis-touche2020|colbert-small+rankgpt|optimal_per_topic|judge|0.5533
webis-touche2020|colbert-small+rankgpt|optimal_per_topic|judge_expr|0.4299
webis-touche2020|colbert-small+rankgpt|optimal_per_topic|rankgpt|0.5307
webis-touche2020|colbert-small+rankgpt|optimal_per_topic|setmaxheaptopk|0.4704
webis-touche2020|colbert-small+rankgpt|quantile|judge|0.5657
webis-touche2020|colbert-small+rankgpt|quantile|judge_expr|0.4848
webis-touche2020|colbert-small+rankgpt|quantile|rankgpt|0.5444
webis-touche2020|colbert-small+rankgpt|quantile|setmaxheaptopk|0.5311
webis-touche2020|colbert-small+rankgpt|rank|judge|0.3319
webis-touche2020|colbert-small+rankgpt|rank|judge_expr|0.2842
webis-touche2020|colbert-small+rankgpt|rank|rankgpt|0.3522
webis-touche2020|colbert-small+rankgpt|rank|setmaxheaptopk|0.3564
webis-touche2020|colbert-small+rankgpt|thresholding|judge|0.5722
webis-touche2020|colbert-small+rankgpt|thresholding|judge_expr|0.5446
webis-touche2020|colbert-small+rankgpt|thresholding|rankgpt|0.0
webis-touche2020|colbert-small+rankgpt|thresholding|setmaxheaptopk|0.0
webis-touche2020|colbert-small+rankzephyr|direct|judge|0.407
webis-touche2020|colbert-small+rankzephyr|direct|judge_expr|0.3209
webis-touche2020|colbert-small+rankzephyr|direct|rankgpt|0.1488
webis-touche2020|colbert-small+rankzephyr|largest_gap|judge|0.2151
webis-touche2020|colbert-small+rankzephyr|largest_gap|judge_expr|0.3246
webis-touche2020|colbert-small+rankzephyr|largest_gap|rankgpt|0.1488
webis-touche2020|colbert-small+rankzephyr|optimal_global|judge|0.194
webis-touche2020|colbert-small+rankzephyr|optimal_global|judge_expr|0.2378
webis-touche2020|colbert-small+rankzephyr|optimal_global|rankgpt|0.3836
webis-touche2020|colbert-small+rankzephyr|optimal_per_topic|judge|0.3456
webis-touche2020|colbert-small+rankzephyr|optimal_per_topic|judge_expr|0.231
webis-touche2020|colbert-small+rankzephyr|optimal_per_topic|rankgpt|0.3379
webis-touche2020|colbert-small+rankzephyr|quantile|judge|0.353
webis-touche2020|colbert-small+rankzephyr|quantile|judge_expr|0.2601
webis-touche2020|colbert-small+rankzephyr|quantile|rankgpt|0.4359
webis-touche2020|colbert-small+rankzephyr|rank|judge|0.1914
webis-touche2020|colbert-small+rankzephyr|rank|judge_expr|0.1353
webis-touche2020|colbert-small+rankzephyr|rank|rankgpt|0.1661
webis-touche2020|colbert-small+rankzephyr|thresholding|judge|0.3388
webis-touche2020|colbert-small+rankzephyr|thresholding|judge_expr|0.3064
webis-touche2020|colbert-small+rankzephyr|thresholding|rankgpt|0.0
webis-touche2020|colbert-small+setmaxheaptopk|direct|judge|0.6392
webis-touche2020|colbert-small+setmaxheaptopk|direct|judge_expr|0.5967
webis-touche2020|colbert-small+setmaxheaptopk|direct|rankgpt|0.3389
webis-touche2020|colbert-small+setmaxheaptopk|direct|setmaxheaptopk|0.4711
webis-touche2020|colbert-small+setmaxheaptopk|largest_gap|judge|0.4986
webis-touche2020|colbert-small+setmaxheaptopk|largest_gap|judge_expr|0.604
webis-touche2020|colbert-small+setmaxheaptopk|largest_gap|rankgpt|0.3389
webis-touche2020|colbert-small+setmaxheaptopk|largest_gap|setmaxheaptopk|0.4711
webis-touche2020|colbert-small+setmaxheaptopk|optimal_global|judge|0.4829
webis-touche2020|colbert-small+setmaxheaptopk|optimal_global|judge_expr|0.5525
webis-touche2020|colbert-small+setmaxheaptopk|optimal_global|rankgpt|0.4913
webis-touche2020|colbert-small+setmaxheaptopk|optimal_global|setmaxheaptopk|0.4936
webis-touche2020|colbert-small+setmaxheaptopk|optimal_per_topic|judge|0.5883
webis-touche2020|colbert-small+setmaxheaptopk|optimal_per_topic|judge_expr|0.4999
webis-touche2020|colbert-small+setmaxheaptopk|optimal_per_topic|rankgpt|0.5321
webis-touche2020|colbert-small+setmaxheaptopk|optimal_per_topic|setmaxheaptopk|0.5177
webis-touche2020|colbert-small+setmaxheaptopk|quantile|judge|0.628
webis-touche2020|colbert-small+setmaxheaptopk|quantile|judge_expr|0.5368
webis-touche2020|colbert-small+setmaxheaptopk|quantile|rankgpt|0.5383
webis-touche2020|colbert-small+setmaxheaptopk|quantile|setmaxheaptopk|0.5549
webis-touche2020|colbert-small+setmaxheaptopk|rank|judge|0.3673
webis-touche2020|colbert-small+setmaxheaptopk|rank|judge_expr|0.3389
webis-touche2020|colbert-small+setmaxheaptopk|rank|rankgpt|0.3319
webis-touche2020|colbert-small+setmaxheaptopk|rank|setmaxheaptopk|0.4213
webis-touche2020|colbert-small+setmaxheaptopk|thresholding|judge|0.613
webis-touche2020|colbert-small+setmaxheaptopk|thresholding|judge_expr|0.6007
webis-touche2020|colbert-small+setmaxheaptopk|thresholding|rankgpt|0.0
webis-touche2020|colbert-small+setmaxheaptopk|thresholding|setmaxheaptopk|0.0
webis-touche2020|nomicai-modernbert-embed|direct|judge|0.7063
webis-touche2020|nomicai-modernbert-embed|direct|judge_expr|0.6223
webis-touche2020|nomicai-modernbert-embed|direct|rankgpt|0.4465
webis-touche2020|nomicai-modernbert-embed|direct|setmaxheaptopk|0.3382
webis-touche2020|nomicai-modernbert-embed|largest_gap|judge|0.5078
webis-touche2020|nomicai-modernbert-embed|largest_gap|judge_expr|0.6359
webis-touche2020|nomicai-modernbert-embed|largest_gap|rankgpt|0.4465
webis-touche2020|nomicai-modernbert-embed|largest_gap|setmaxheaptopk|0.3382
webis-touche2020|nomicai-modernbert-embed|optimal_global|judge|0.4574
webis-touche2020|nomicai-modernbert-embed|optimal_global|judge_expr|0.5272
webis-touche2020|nomicai-modernbert-embed|optimal_global|rankgpt|1.0
webis-touche2020|nomicai-modernbert-embed|optimal_global|setmaxheaptopk|0.5084
webis-touche2020|nomicai-modernbert-embed|optimal_per_topic|judge|0.648
webis-touche2020|nomicai-modernbert-embed|optimal_per_topic|judge_expr|0.4757
webis-touche2020|nomicai-modernbert-embed|optimal_per_topic|rankgpt|0.8075
webis-touche2020|nomicai-modernbert-embed|optimal_per_topic|setmaxheaptopk|0.5607
webis-touche2020|nomicai-modernbert-embed|quantile|judge|0.6405
webis-touche2020|nomicai-modernbert-embed|quantile|judge_expr|0.5117
webis-touche2020|nomicai-modernbert-embed|quantile|rankgpt|1.0
webis-touche2020|nomicai-modernbert-embed|quantile|setmaxheaptopk|0.5978
webis-touche2020|nomicai-modernbert-embed|rank|judge|0.5068
webis-touche2020|nomicai-modernbert-embed|rank|judge_expr|0.317
webis-touche2020|nomicai-modernbert-embed|rank|rankgpt|0.4219
webis-touche2020|nomicai-modernbert-embed|rank|setmaxheaptopk|0.3916
webis-touche2020|nomicai-modernbert-embed|thresholding|judge|0.6405
webis-touche2020|nomicai-modernbert-embed|thresholding|judge_expr|0.6169
webis-touche2020|nomicai-modernbert-embed|thresholding|rankgpt|0.0
webis-touche2020|nomicai-modernbert-embed|thresholding|setmaxheaptopk|0.0
webis-touche2020|nomicai-modernbert-embed+judge|direct|judge|1.0
webis-touche2020|nomicai-modernbert-embed+judge|direct|judge_expr|0.9915
webis-touche2020|nomicai-modernbert-embed+judge|direct|rankgpt|0.1994
webis-touche2020|nomicai-modernbert-embed+judge|direct|setmaxheaptopk|0.24
webis-touche2020|nomicai-modernbert-embed+judge|largest_gap|judge|1.0
webis-touche2020|nomicai-modernbert-embed+judge|largest_gap|judge_expr|0.9982
webis-touche2020|nomicai-modernbert-embed+judge|largest_gap|rankgpt|0.1994
webis-touche2020|nomicai-modernbert-embed+judge|largest_gap|setmaxheaptopk|0.24
webis-touche2020|nomicai-modernbert-embed+judge|optimal_global|judge|0.9592
webis-touche2020|nomicai-modernbert-embed+judge|optimal_global|judge_expr|0.9668
webis-touche2020|nomicai-modernbert-embed+judge|optimal_global|rankgpt|0.4897
webis-touche2020|nomicai-modernbert-embed+judge|optimal_global|setmaxheaptopk|0.4335
webis-touche2020|nomicai-modernbert-embed+judge|optimal_per_topic|judge|0.9796
webis-touche2020|nomicai-modernbert-embed+judge|optimal_per_topic|judge_expr|0.7475
webis-touche2020|nomicai-modernbert-embed+judge|optimal_per_topic|rankgpt|0.5108
webis-touche2020|nomicai-modernbert-embed+judge|optimal_per_topic|setmaxheaptopk|0.5104
webis-touche2020|nomicai-modernbert-embed+judge|quantile|judge|1.0
webis-touche2020|nomicai-modernbert-embed+judge|quantile|judge_expr|0.887
webis-touche2020|nomicai-modernbert-embed+judge|quantile|rankgpt|0.5501
webis-touche2020|nomicai-modernbert-embed+judge|quantile|setmaxheaptopk|0.5696
webis-touche2020|nomicai-modernbert-embed+judge|rank|judge|0.5599
webis-touche2020|nomicai-modernbert-embed+judge|rank|judge_expr|0.5526
webis-touche2020|nomicai-modernbert-embed+judge|rank|rankgpt|0.3177
webis-touche2020|nomicai-modernbert-embed+judge|rank|setmaxheaptopk|0.3603
webis-touche2020|nomicai-modernbert-embed+judge|thresholding|judge|1.0
webis-touche2020|nomicai-modernbert-embed+judge|thresholding|judge_expr|0.991
webis-touche2020|nomicai-modernbert-embed+judge|thresholding|rankgpt|0.0
webis-touche2020|nomicai-modernbert-embed+judge|thresholding|setmaxheaptopk|0.0
webis-touche2020|nomicai-modernbert-embed+judge_expr|direct|judge|0.9984
webis-touche2020|nomicai-modernbert-embed+judge_expr|direct|judge_expr|1.0
webis-touche2020|nomicai-modernbert-embed+judge_expr|direct|rankgpt|0.3671
webis-touche2020|nomicai-modernbert-embed+judge_expr|direct|setmaxheaptopk|0.4478
webis-touche2020|nomicai-modernbert-embed+judge_expr|largest_gap|judge|1.0
webis-touche2020|nomicai-modernbert-embed+judge_expr|largest_gap|judge_expr|1.0
webis-touche2020|nomicai-modernbert-embed+judge_expr|largest_gap|rankgpt|0.3671
webis-touche2020|nomicai-modernbert-embed+judge_expr|largest_gap|setmaxheaptopk|0.4478
webis-touche2020|nomicai-modernbert-embed+judge_expr|optimal_global|judge|0.9592
webis-touche2020|nomicai-modernbert-embed+judge_expr|optimal_global|judge_expr|1.0
webis-touche2020|nomicai-modernbert-embed+judge_expr|optimal_global|rankgpt|0.5708
webis-touche2020|nomicai-modernbert-embed+judge_expr|optimal_global|setmaxheaptopk|0.5897
webis-touche2020|nomicai-modernbert-embed+judge_expr|optimal_per_topic|judge|0.9795
webis-touche2020|nomicai-modernbert-embed+judge_expr|optimal_per_topic|judge_expr|0.9796
webis-touche2020|nomicai-modernbert-embed+judge_expr|optimal_per_topic|rankgpt|0.6102
webis-touche2020|nomicai-modernbert-embed+judge_expr|optimal_per_topic|setmaxheaptopk|0.6778
webis-touche2020|nomicai-modernbert-embed+judge_expr|quantile|judge|0.9985
webis-touche2020|nomicai-modernbert-embed+judge_expr|quantile|judge_expr|1.0
webis-touche2020|nomicai-modernbert-embed+judge_expr|quantile|rankgpt|0.6354
webis-touche2020|nomicai-modernbert-embed+judge_expr|quantile|setmaxheaptopk|0.7164
webis-touche2020|nomicai-modernbert-embed+judge_expr|rank|judge|0.5969
webis-touche2020|nomicai-modernbert-embed+judge_expr|rank|judge_expr|1.0
webis-touche2020|nomicai-modernbert-embed+judge_expr|rank|rankgpt|0.4068
webis-touche2020|nomicai-modernbert-embed+judge_expr|rank|setmaxheaptopk|0.5129
webis-touche2020|nomicai-modernbert-embed+judge_expr|thresholding|judge|0.9986
webis-touche2020|nomicai-modernbert-embed+judge_expr|thresholding|judge_expr|1.0
webis-touche2020|nomicai-modernbert-embed+judge_expr|thresholding|rankgpt|0.0
webis-touche2020|nomicai-modernbert-embed+judge_expr|thresholding|setmaxheaptopk|0.0
webis-touche2020|nomicai-modernbert-embed+point|direct|judge|0.7878
webis-touche2020|nomicai-modernbert-embed+point|direct|judge_expr|0.7126
webis-touche2020|nomicai-modernbert-embed+point|direct|rankgpt|0.1861
webis-touche2020|nomicai-modernbert-embed+point|direct|setmaxheaptopk|0.1502
webis-touche2020|nomicai-modernbert-embed+point|largest_gap|judge|0.5295
webis-touche2020|nomicai-modernbert-embed+point|largest_gap|judge_expr|0.7447
webis-touche2020|nomicai-modernbert-embed+point|largest_gap|rankgpt|0.1861
webis-touche2020|nomicai-modernbert-embed+point|largest_gap|setmaxheaptopk|0.1502
webis-touche2020|nomicai-modernbert-embed+point|optimal_global|judge|0.4793
webis-touche2020|nomicai-modernbert-embed+point|optimal_global|judge_expr|0.5664
webis-touche2020|nomicai-modernbert-embed+point|optimal_global|rankgpt|0.4049
webis-touche2020|nomicai-modernbert-embed+point|optimal_global|setmaxheaptopk|0.3523
webis-touche2020|nomicai-modernbert-embed+point|optimal_per_topic|judge|0.6526
webis-touche2020|nomicai-modernbert-embed+point|optimal_per_topic|judge_expr|0.4915
webis-touche2020|nomicai-modernbert-embed+point|optimal_per_topic|rankgpt|0.4153
webis-touche2020|nomicai-modernbert-embed+point|optimal_per_topic|setmaxheaptopk|0.4062
webis-touche2020|nomicai-modernbert-embed+point|quantile|judge|0.695
webis-touche2020|nomicai-modernbert-embed+point|quantile|judge_expr|0.566
webis-touche2020|nomicai-modernbert-embed+point|quantile|rankgpt|0.487
webis-touche2020|nomicai-modernbert-embed+point|quantile|setmaxheaptopk|0.4592
webis-touche2020|nomicai-modernbert-embed+point|rank|judge|0.3098
webis-touche2020|nomicai-modernbert-embed+point|rank|judge_expr|0.3066
webis-touche2020|nomicai-modernbert-embed+point|rank|rankgpt|0.2345
webis-touche2020|nomicai-modernbert-embed+point|rank|setmaxheaptopk|0.2832
webis-touche2020|nomicai-modernbert-embed+point|thresholding|judge|0.7482
webis-touche2020|nomicai-modernbert-embed+point|thresholding|judge_expr|0.7192
webis-touche2020|nomicai-modernbert-embed+point|thresholding|rankgpt|0.0
webis-touche2020|nomicai-modernbert-embed+point|thresholding|setmaxheaptopk|0.0
webis-touche2020|nomicai-modernbert-embed+rankfirst|direct|judge|0.7785
webis-touche2020|nomicai-modernbert-embed+rankfirst|direct|judge_expr|0.7034
webis-touche2020|nomicai-modernbert-embed+rankfirst|direct|rankgpt|0.4516
webis-touche2020|nomicai-modernbert-embed+rankfirst|direct|setmaxheaptopk|0.3766
webis-touche2020|nomicai-modernbert-embed+rankfirst|largest_gap|judge|0.6192
webis-touche2020|nomicai-modernbert-embed+rankfirst|largest_gap|judge_expr|0.7183
webis-touche2020|nomicai-modernbert-embed+rankfirst|largest_gap|rankgpt|0.4516
webis-touche2020|nomicai-modernbert-embed+rankfirst|largest_gap|setmaxheaptopk|0.3766
webis-touche2020|nomicai-modernbert-embed+rankfirst|optimal_global|judge|0.5699
webis-touche2020|nomicai-modernbert-embed+rankfirst|optimal_global|judge_expr|0.6294
webis-touche2020|nomicai-modernbert-embed+rankfirst|optimal_global|rankgpt|0.7468
webis-touche2020|nomicai-modernbert-embed+rankfirst|optimal_global|setmaxheaptopk|0.5523
webis-touche2020|nomicai-modernbert-embed+rankfirst|optimal_per_topic|judge|0.7084
webis-touche2020|nomicai-modernbert-embed+rankfirst|optimal_per_topic|judge_expr|0.5305
webis-touche2020|nomicai-modernbert-embed+rankfirst|optimal_per_topic|rankgpt|0.707
webis-touche2020|nomicai-modernbert-embed+rankfirst|optimal_per_topic|setmaxheaptopk|0.6125
webis-touche2020|nomicai-modernbert-embed+rankfirst|quantile|judge|0.731
webis-touche2020|nomicai-modernbert-embed+rankfirst|quantile|judge_expr|0.5757
webis-touche2020|nomicai-modernbert-embed+rankfirst|quantile|rankgpt|0.8177
webis-touche2020|nomicai-modernbert-embed+rankfirst|quantile|setmaxheaptopk|0.6552
webis-touche2020|nomicai-modernbert-embed+rankfirst|rank|judge|0.4879
webis-touche2020|nomicai-modernbert-embed+rankfirst|rank|judge_expr|0.365
webis-touche2020|nomicai-modernbert-embed+rankfirst|rank|rankgpt|0.4272
webis-touche2020|nomicai-modernbert-embed+rankfirst|rank|setmaxheaptopk|0.4397
webis-touche2020|nomicai-modernbert-embed+rankfirst|thresholding|judge|0.7235
webis-touche2020|nomicai-modernbert-embed+rankfirst|thresholding|judge_expr|0.6972
webis-touche2020|nomicai-modernbert-embed+rankfirst|thresholding|rankgpt|0.0
webis-touche2020|nomicai-modernbert-embed+rankfirst|thresholding|setmaxheaptopk|0.0
webis-touche2020|nomicai-modernbert-embed+rankgpt|direct|judge|0.8306
webis-touche2020|nomicai-modernbert-embed+rankgpt|direct|judge_expr|0.7838
webis-touche2020|nomicai-modernbert-embed+rankgpt|direct|rankgpt|1.0
webis-touche2020|nomicai-modernbert-embed+rankgpt|direct|setmaxheaptopk|0.4355
webis-touche2020|nomicai-modernbert-embed+rankgpt|largest_gap|judge|0.6619
webis-touche2020|nomicai-modernbert-embed+rankgpt|largest_gap|judge_expr|0.7997
webis-touche2020|nomicai-modernbert-embed+rankgpt|largest_gap|rankgpt|1.0
webis-touche2020|nomicai-modernbert-embed+rankgpt|largest_gap|setmaxheaptopk|0.4355
webis-touche2020|nomicai-modernbert-embed+rankgpt|optimal_global|judge|0.6288
webis-touche2020|nomicai-modernbert-embed+rankgpt|optimal_global|judge_expr|0.6999
webis-touche2020|nomicai-modernbert-embed+rankgpt|optimal_global|rankgpt|1.0
webis-touche2020|nomicai-modernbert-embed+rankgpt|optimal_global|setmaxheaptopk|0.5399
webis-touche2020|nomicai-modernbert-embed+rankgpt|optimal_per_topic|judge|0.7526
webis-touche2020|nomicai-modernbert-embed+rankgpt|optimal_per_topic|judge_expr|0.6089
webis-touche2020|nomicai-modernbert-embed+rankgpt|optimal_per_topic|rankgpt|0.9796
webis-touche2020|nomicai-modernbert-embed+rankgpt|optimal_per_topic|setmaxheaptopk|0.6129
webis-touche2020|nomicai-modernbert-embed+rankgpt|quantile|judge|0.792
webis-touche2020|nomicai-modernbert-embed+rankgpt|quantile|judge_expr|0.689
webis-touche2020|nomicai-modernbert-embed+rankgpt|quantile|rankgpt|1.0
webis-touche2020|nomicai-modernbert-embed+rankgpt|quantile|setmaxheaptopk|0.6357
webis-touche2020|nomicai-modernbert-embed+rankgpt|rank|judge|0.5144
webis-touche2020|nomicai-modernbert-embed+rankgpt|rank|judge_expr|0.4244
webis-touche2020|nomicai-modernbert-embed+rankgpt|rank|rankgpt|1.0
webis-touche2020|nomicai-modernbert-embed+rankgpt|rank|setmaxheaptopk|0.4614
webis-touche2020|nomicai-modernbert-embed+rankgpt|thresholding|judge|0.8016
webis-touche2020|nomicai-modernbert-embed+rankgpt|thresholding|judge_expr|0.7928
webis-touche2020|nomicai-modernbert-embed+rankgpt|thresholding|rankgpt|0.0
webis-touche2020|nomicai-modernbert-embed+rankgpt|thresholding|setmaxheaptopk|0.0
webis-touche2020|nomicai-modernbert-embed+rankzephyr|direct|judge|0.6936
webis-touche2020|nomicai-modernbert-embed+rankzephyr|direct|judge_expr|0.6088
webis-touche2020|nomicai-modernbert-embed+rankzephyr|direct|rankgpt|0.3586
webis-touche2020|nomicai-modernbert-embed+rankzephyr|largest_gap|judge|0.5001
webis-touche2020|nomicai-modernbert-embed+rankzephyr|largest_gap|judge_expr|0.6223
webis-touche2020|nomicai-modernbert-embed+rankzephyr|largest_gap|rankgpt|0.3586
webis-touche2020|nomicai-modernbert-embed+rankzephyr|optimal_global|judge|0.4557
webis-touche2020|nomicai-modernbert-embed+rankzephyr|optimal_global|judge_expr|0.5289
webis-touche2020|nomicai-modernbert-embed+rankzephyr|optimal_global|rankgpt|0.8672
webis-touche2020|nomicai-modernbert-embed+rankzephyr|optimal_per_topic|judge|0.6337
webis-touche2020|nomicai-modernbert-embed+rankzephyr|optimal_per_topic|judge_expr|0.4632
webis-touche2020|nomicai-modernbert-embed+rankzephyr|optimal_per_topic|rankgpt|0.7639
webis-touche2020|nomicai-modernbert-embed+rankzephyr|quantile|judge|0.6158
webis-touche2020|nomicai-modernbert-embed+rankzephyr|quantile|judge_expr|0.4868
webis-touche2020|nomicai-modernbert-embed+rankzephyr|quantile|rankgpt|0.9066
webis-touche2020|nomicai-modernbert-embed+rankzephyr|rank|judge|0.4508
webis-touche2020|nomicai-modernbert-embed+rankzephyr|rank|judge_expr|0.2754
webis-touche2020|nomicai-modernbert-embed+rankzephyr|rank|rankgpt|0.4062
webis-touche2020|nomicai-modernbert-embed+rankzephyr|thresholding|judge|0.6251
webis-touche2020|nomicai-modernbert-embed+rankzephyr|thresholding|judge_expr|0.6013
webis-touche2020|nomicai-modernbert-embed+rankzephyr|thresholding|rankgpt|0.0
webis-touche2020|nomicai-modernbert-embed+setmaxheaptopk|direct|judge|0.8896
webis-touche2020|nomicai-modernbert-embed+setmaxheaptopk|direct|judge_expr|0.8464
webis-touche2020|nomicai-modernbert-embed+setmaxheaptopk|direct|rankgpt|0.4305
webis-touche2020|nomicai-modernbert-embed+setmaxheaptopk|direct|setmaxheaptopk|1.0
webis-touche2020|nomicai-modernbert-embed+setmaxheaptopk|largest_gap|judge|0.7269
webis-touche2020|nomicai-modernbert-embed+setmaxheaptopk|largest_gap|judge_expr|0.8673
webis-touche2020|nomicai-modernbert-embed+setmaxheaptopk|largest_gap|rankgpt|0.4305
webis-touche2020|nomicai-modernbert-embed+setmaxheaptopk|largest_gap|setmaxheaptopk|1.0
webis-touche2020|nomicai-modernbert-embed+setmaxheaptopk|optimal_global|judge|0.6852
webis-touche2020|nomicai-modernbert-embed+setmaxheaptopk|optimal_global|judge_expr|0.788
webis-touche2020|nomicai-modernbert-embed+setmaxheaptopk|optimal_global|rankgpt|0.6411
webis-touche2020|nomicai-modernbert-embed+setmaxheaptopk|optimal_global|setmaxheaptopk|1.0
webis-touche2020|nomicai-modernbert-embed+setmaxheaptopk|optimal_per_topic|judge|0.8271
webis-touche2020|nomicai-modernbert-embed+setmaxheaptopk|optimal_per_topic|judge_expr|0.7076
webis-touche2020|nomicai-modernbert-embed+setmaxheaptopk|optimal_per_topic|rankgpt|0.6652
webis-touche2020|nomicai-modernbert-embed+setmaxheaptopk|optimal_per_topic|setmaxheaptopk|0.9796
webis-touche2020|nomicai-modernbert-embed+setmaxheaptopk|quantile|judge|0.8601
webis-touche2020|nomicai-modernbert-embed+setmaxheaptopk|quantile|judge_expr|0.7618
webis-touche2020|nomicai-modernbert-embed+setmaxheaptopk|quantile|rankgpt|0.6814
webis-touche2020|nomicai-modernbert-embed+setmaxheaptopk|quantile|setmaxheaptopk|1.0
webis-touche2020|nomicai-modernbert-embed+setmaxheaptopk|rank|judge|0.4901
webis-touche2020|nomicai-modernbert-embed+setmaxheaptopk|rank|judge_expr|0.5319
webis-touche2020|nomicai-modernbert-embed+setmaxheaptopk|rank|rankgpt|0.4524
webis-touche2020|nomicai-modernbert-embed+setmaxheaptopk|rank|setmaxheaptopk|1.0
webis-touche2020|nomicai-modernbert-embed+setmaxheaptopk|thresholding|judge|0.8749
webis-touche2020|nomicai-modernbert-embed+setmaxheaptopk|thresholding|judge_expr|0.8514
webis-touche2020|nomicai-modernbert-embed+setmaxheaptopk|thresholding|rankgpt|0.0
webis-touche2020|nomicai-modernbert-embed+setmaxheaptopk|thresholding|setmaxheaptopk|0.0
webis-touche2020|qwen3-embed-600m|direct|judge|0.5352
webis-touche2020|qwen3-embed-600m|direct|judge_expr|0.44
webis-touche2020|qwen3-embed-600m|direct|rankgpt|0.2261
webis-touche2020|qwen3-embed-600m|direct|setmaxheaptopk|0.1845
webis-touche2020|qwen3-embed-600m|largest_gap|judge|0.3329
webis-touche2020|qwen3-embed-600m|largest_gap|judge_expr|0.4618
webis-touche2020|qwen3-embed-600m|largest_gap|rankgpt|0.2261
webis-touche2020|qwen3-embed-600m|largest_gap|setmaxheaptopk|0.1845
webis-touche2020|qwen3-embed-600m|optimal_global|judge|0.3018
webis-touche2020|qwen3-embed-600m|optimal_global|judge_expr|0.3564
webis-touche2020|qwen3-embed-600m|optimal_global|rankgpt|0.6283
webis-touche2020|qwen3-embed-600m|optimal_global|setmaxheaptopk|0.3479
webis-touche2020|qwen3-embed-600m|optimal_per_topic|judge|0.4619
webis-touche2020|qwen3-embed-600m|optimal_per_topic|judge_expr|0.3249
webis-touche2020|qwen3-embed-600m|optimal_per_topic|rankgpt|0.5779
webis-touche2020|qwen3-embed-600m|optimal_per_topic|setmaxheaptopk|0.3864
webis-touche2020|qwen3-embed-600m|quantile|judge|0.4435
webis-touche2020|qwen3-embed-600m|quantile|judge_expr|0.3469
webis-touche2020|qwen3-embed-600m|quantile|rankgpt|0.683
webis-touche2020|qwen3-embed-600m|quantile|setmaxheaptopk|0.4046
webis-touche2020|qwen3-embed-600m|rank|judge|0.2877
webis-touche2020|qwen3-embed-600m|rank|judge_expr|0.2017
webis-touche2020|qwen3-embed-600m|rank|rankgpt|0.2767
webis-touche2020|qwen3-embed-600m|rank|setmaxheaptopk|0.2605
webis-touche2020|qwen3-embed-600m|thresholding|judge|0.4648
webis-touche2020|qwen3-embed-600m|thresholding|judge_expr|0.4327
webis-touche2020|qwen3-embed-600m|thresholding|rankgpt|0.0
webis-touche2020|qwen3-embed-600m|thresholding|setmaxheaptopk|0.0
webis-touche2020|qwen3-embed-600m+judge|direct|judge|0.8727
webis-touche2020|qwen3-embed-600m+judge|direct|judge_expr|0.8681
webis-touche2020|qwen3-embed-600m+judge|direct|rankgpt|0.243
webis-touche2020|qwen3-embed-600m+judge|direct|setmaxheaptopk|0.2535
webis-touche2020|qwen3-embed-600m+judge|largest_gap|judge|0.8541
webis-touche2020|qwen3-embed-600m+judge|largest_gap|judge_expr|0.8779
webis-touche2020|qwen3-embed-600m+judge|largest_gap|rankgpt|0.243
webis-touche2020|qwen3-embed-600m+judge|largest_gap|setmaxheaptopk|0.2535
webis-touche2020|qwen3-embed-600m+judge|optimal_global|judge|0.814
webis-touche2020|qwen3-embed-600m+judge|optimal_global|judge_expr|0.8309
webis-touche2020|qwen3-embed-600m+judge|optimal_global|rankgpt|0.5263
webis-touche2020|qwen3-embed-600m+judge|optimal_global|setmaxheaptopk|0.4427
webis-touche2020|qwen3-embed-600m+judge|optimal_per_topic|judge|0.859
webis-touche2020|qwen3-embed-600m+judge|optimal_per_topic|judge_expr|0.653
webis-touche2020|qwen3-embed-600m+judge|optimal_per_topic|rankgpt|0.5216
webis-touche2020|qwen3-embed-600m+judge|optimal_per_topic|setmaxheaptopk|0.5265
webis-touche2020|qwen3-embed-600m+judge|quantile|judge|0.8793
webis-touche2020|qwen3-embed-600m+judge|quantile|judge_expr|0.7878
webis-touche2020|qwen3-embed-600m+judge|quantile|rankgpt|0.5832
webis-touche2020|qwen3-embed-600m+judge|quantile|setmaxheaptopk|0.5702
webis-touche2020|qwen3-embed-600m+judge|rank|judge|0.5571
webis-touche2020|qwen3-embed-600m+judge|rank|judge_expr|0.4974
webis-touche2020|qwen3-embed-600m+judge|rank|rankgpt|0.3305
webis-touche2020|qwen3-embed-600m+judge|rank|setmaxheaptopk|0.3611
webis-touche2020|qwen3-embed-600m+judge|thresholding|judge|0.8762
webis-touche2020|qwen3-embed-600m+judge|thresholding|judge_expr|0.8682
webis-touche2020|qwen3-embed-600m+judge|thresholding|rankgpt|0.0
webis-touche2020|qwen3-embed-600m+judge|thresholding|setmaxheaptopk|0.0
webis-touche2020|qwen3-embed-600m+judge_expr|direct|judge|0.8691
webis-touche2020|qwen3-embed-600m+judge_expr|direct|judge_expr|0.8753
webis-touche2020|qwen3-embed-600m+judge_expr|direct|rankgpt|0.3554
webis-touche2020|qwen3-embed-600m+judge_expr|direct|setmaxheaptopk|0.3919
webis-touche2020|qwen3-embed-600m+judge_expr|largest_gap|judge|0.8558
webis-touche2020|qwen3-embed-600m+judge_expr|largest_gap|judge_expr|0.879
webis-touche2020|qwen3-embed-600m+judge_expr|largest_gap|rankgpt|0.3554
webis-touche2020|qwen3-embed-600m+judge_expr|largest_gap|setmaxheaptopk|0.3919
webis-touche2020|qwen3-embed-600m+judge_expr|optimal_global|judge|0.8156
webis-touche2020|qwen3-embed-600m+judge_expr|optimal_global|judge_expr|0.8686
webis-touche2020|qwen3-embed-600m+judge_expr|optimal_global|rankgpt|0.5769
webis-touche2020|qwen3-embed-600m+judge_expr|optimal_global|setmaxheaptopk|0.5364
webis-touche2020|qwen3-embed-600m+judge_expr|optimal_per_topic|judge|0.8576
webis-touche2020|qwen3-embed-600m+judge_expr|optimal_per_topic|judge_expr|0.8322
webis-touche2020|qwen3-embed-600m+judge_expr|optimal_per_topic|rankgpt|0.6263
webis-touche2020|qwen3-embed-600m+judge_expr|optimal_per_topic|setmaxheaptopk|0.6416
webis-touche2020|qwen3-embed-600m+judge_expr|quantile|judge|0.8749
webis-touche2020|qwen3-embed-600m+judge_expr|quantile|judge_expr|0.8749
webis-touche2020|qwen3-embed-600m+judge_expr|quantile|rankgpt|0.6394
webis-touche2020|qwen3-embed-600m+judge_expr|quantile|setmaxheaptopk|0.6611
webis-touche2020|qwen3-embed-600m+judge_expr|rank|judge|0.5941
webis-touche2020|qwen3-embed-600m+judge_expr|rank|judge_expr|0.7305
webis-touche2020|qwen3-embed-600m+judge_expr|rank|rankgpt|0.3912
webis-touche2020|qwen3-embed-600m+judge_expr|rank|setmaxheaptopk|0.4433
webis-touche2020|qwen3-embed-600m+judge_expr|thresholding|judge|0.8762
webis-touche2020|qwen3-embed-600m+judge_expr|thresholding|judge_expr|0.8777
webis-touche2020|qwen3-embed-600m+judge_expr|thresholding|rankgpt|0.0
webis-touche2020|qwen3-embed-600m+judge_expr|thresholding|setmaxheaptopk|0.0
webis-touche2020|qwen3-embed-600m+point|direct|judge|0.6324
webis-touche2020|qwen3-embed-600m+point|direct|judge_expr|0.5696
webis-touche2020|qwen3-embed-600m+point|direct|rankgpt|0.1894
webis-touche2020|qwen3-embed-600m+point|direct|setmaxheaptopk|0.1666
webis-touche2020|qwen3-embed-600m+point|largest_gap|judge|0.4136
webis-touche2020|qwen3-embed-600m+point|largest_gap|judge_expr|0.591
webis-touche2020|qwen3-embed-600m+point|largest_gap|rankgpt|0.1894
webis-touche2020|qwen3-embed-600m+point|largest_gap|setmaxheaptopk|0.1666
webis-touche2020|qwen3-embed-600m+point|optimal_global|judge|0.3743
webis-touche2020|qwen3-embed-600m+point|optimal_global|judge_expr|0.4505
webis-touche2020|qwen3-embed-600m+point|optimal_global|rankgpt|0.3902
webis-touche2020|qwen3-embed-600m+point|optimal_global|setmaxheaptopk|0.3233
webis-touche2020|qwen3-embed-600m+point|optimal_per_topic|judge|0.5408
webis-touche2020|qwen3-embed-600m+point|optimal_per_topic|judge_expr|0.4007
webis-touche2020|qwen3-embed-600m+point|optimal_per_topic|rankgpt|0.3991
webis-touche2020|qwen3-embed-600m+point|optimal_per_topic|setmaxheaptopk|0.3892
webis-touche2020|qwen3-embed-600m+point|quantile|judge|0.5625
webis-touche2020|qwen3-embed-600m+point|quantile|judge_expr|0.4666
webis-touche2020|qwen3-embed-600m+point|quantile|rankgpt|0.472
webis-touche2020|qwen3-embed-600m+point|quantile|setmaxheaptopk|0.417
webis-touche2020|qwen3-embed-600m+point|rank|judge|0.288
webis-touche2020|qwen3-embed-600m+point|rank|judge_expr|0.268
webis-touche2020|qwen3-embed-600m+point|rank|rankgpt|0.2203
webis-touche2020|qwen3-embed-600m+point|rank|setmaxheaptopk|0.2585
webis-touche2020|qwen3-embed-600m+point|thresholding|judge|0.5991
webis-touche2020|qwen3-embed-600m+point|thresholding|judge_expr|0.5716
webis-touche2020|qwen3-embed-600m+point|thresholding|rankgpt|0.0
webis-touche2020|qwen3-embed-600m+point|thresholding|setmaxheaptopk|0.0
webis-touche2020|qwen3-embed-600m+rankfirst|direct|judge|0.6921
webis-touche2020|qwen3-embed-600m+rankfirst|direct|judge_expr|0.6201
webis-touche2020|qwen3-embed-600m+rankfirst|direct|rankgpt|0.373
webis-touche2020|qwen3-embed-600m+rankfirst|direct|setmaxheaptopk|0.3401
webis-touche2020|qwen3-embed-600m+rankfirst|largest_gap|judge|0.5378
webis-touche2020|qwen3-embed-600m+rankfirst|largest_gap|judge_expr|0.6328
webis-touche2020|qwen3-embed-600m+rankfirst|largest_gap|rankgpt|0.373
webis-touche2020|qwen3-embed-600m+rankfirst|largest_gap|setmaxheaptopk|0.3401
webis-touche2020|qwen3-embed-600m+rankfirst|optimal_global|judge|0.4949
webis-touche2020|qwen3-embed-600m+rankfirst|optimal_global|judge_expr|0.5569
webis-touche2020|qwen3-embed-600m+rankfirst|optimal_global|rankgpt|0.7078
webis-touche2020|qwen3-embed-600m+rankfirst|optimal_global|setmaxheaptopk|0.4807
webis-touche2020|qwen3-embed-600m+rankfirst|optimal_per_topic|judge|0.6366
webis-touche2020|qwen3-embed-600m+rankfirst|optimal_per_topic|judge_expr|0.4869
webis-touche2020|qwen3-embed-600m+rankfirst|optimal_per_topic|rankgpt|0.6516
webis-touche2020|qwen3-embed-600m+rankfirst|optimal_per_topic|setmaxheaptopk|0.5638
webis-touche2020|qwen3-embed-600m+rankfirst|quantile|judge|0.6271
webis-touche2020|qwen3-embed-600m+rankfirst|quantile|judge_expr|0.494
webis-touche2020|qwen3-embed-600m+rankfirst|quantile|rankgpt|0.7562
webis-touche2020|qwen3-embed-600m+rankfirst|quantile|setmaxheaptopk|0.5747
webis-touche2020|qwen3-embed-600m+rankfirst|rank|judge|0.4253
webis-touche2020|qwen3-embed-600m+rankfirst|rank|judge_expr|0.2993
webis-touche2020|qwen3-embed-600m+rankfirst|rank|rankgpt|0.3822
webis-touche2020|qwen3-embed-600m+rankfirst|rank|setmaxheaptopk|0.3611
webis-touche2020|qwen3-embed-600m+rankfirst|thresholding|judge|0.6363
webis-touche2020|qwen3-embed-600m+rankfirst|thresholding|judge_expr|0.6079
webis-touche2020|qwen3-embed-600m+rankfirst|thresholding|rankgpt|0.0
webis-touche2020|qwen3-embed-600m+rankfirst|thresholding|setmaxheaptopk|0.0
webis-touche2020|qwen3-embed-600m+rankgpt|direct|judge|0.7189
webis-touche2020|qwen3-embed-600m+rankgpt|direct|judge_expr|0.676
webis-touche2020|qwen3-embed-600m+rankgpt|direct|rankgpt|0.4246
webis-touche2020|qwen3-embed-600m+rankgpt|direct|setmaxheaptopk|0.3476
webis-touche2020|qwen3-embed-600m+rankgpt|largest_gap|judge|0.5764
webis-touche2020|qwen3-embed-600m+rankgpt|largest_gap|judge_expr|0.6868
webis-touche2020|qwen3-embed-600m+rankgpt|largest_gap|rankgpt|0.4246
webis-touche2020|qwen3-embed-600m+rankgpt|largest_gap|setmaxheaptopk|0.3476
webis-touche2020|qwen3-embed-600m+rankgpt|optimal_global|judge|0.5463
webis-touche2020|qwen3-embed-600m+rankgpt|optimal_global|judge_expr|0.6002
webis-touche2020|qwen3-embed-600m+rankgpt|optimal_global|rankgpt|0.6379
webis-touche2020|qwen3-embed-600m+rankgpt|optimal_global|setmaxheaptopk|0.474
webis-touche2020|qwen3-embed-600m+rankgpt|optimal_per_topic|judge|0.6696
webis-touche2020|qwen3-embed-600m+rankgpt|optimal_per_topic|judge_expr|0.5036
webis-touche2020|qwen3-embed-600m+rankgpt|optimal_per_topic|rankgpt|0.6576
webis-touche2020|qwen3-embed-600m+rankgpt|optimal_per_topic|setmaxheaptopk|0.5601
webis-touche2020|qwen3-embed-600m+rankgpt|quantile|judge|0.6622
webis-touche2020|qwen3-embed-600m+rankgpt|quantile|judge_expr|0.5593
webis-touche2020|qwen3-embed-600m+rankgpt|quantile|rankgpt|0.7031
webis-touche2020|qwen3-embed-600m+rankgpt|quantile|setmaxheaptopk|0.5733
webis-touche2020|qwen3-embed-600m+rankgpt|rank|judge|0.4311
webis-touche2020|qwen3-embed-600m+rankgpt|rank|judge_expr|0.3353
webis-touche2020|qwen3-embed-600m+rankgpt|rank|rankgpt|0.4249
webis-touche2020|qwen3-embed-600m+rankgpt|rank|setmaxheaptopk|0.3856
webis-touche2020|qwen3-embed-600m+rankgpt|thresholding|judge|0.6928
webis-touche2020|qwen3-embed-600m+rankgpt|thresholding|judge_expr|0.6693
webis-touche2020|qwen3-embed-600m+rankgpt|thresholding|rankgpt|0.0
webis-touche2020|qwen3-embed-600m+rankgpt|thresholding|setmaxheaptopk|0.0
webis-touche2020|qwen3-embed-600m+rankzephyr|direct|judge|0.6353
webis-touche2020|qwen3-embed-600m+rankzephyr|direct|judge_expr|0.554
webis-touche2020|qwen3-embed-600m+rankzephyr|direct|rankgpt|0.2978
webis-touche2020|qwen3-embed-600m+rankzephyr|largest_gap|judge|0.4016
webis-touche2020|qwen3-embed-600m+rankzephyr|largest_gap|judge_expr|0.5875
webis-touche2020|qwen3-embed-600m+rankzephyr|largest_gap|rankgpt|0.2978
webis-touche2020|qwen3-embed-600m+rankzephyr|optimal_global|judge|0.3753
webis-touche2020|qwen3-embed-600m+rankzephyr|optimal_global|judge_expr|0.4634
webis-touche2020|qwen3-embed-600m+rankzephyr|optimal_global|rankgpt|0.6285
webis-touche2020|qwen3-embed-600m+rankzephyr|optimal_per_topic|judge|0.5462
webis-touche2020|qwen3-embed-600m+rankzephyr|optimal_per_topic|judge_expr|0.4044
webis-touche2020|qwen3-embed-600m+rankzephyr|optimal_per_topic|rankgpt|0.6226
webis-touche2020|qwen3-embed-600m+rankzephyr|quantile|judge|0.5426
webis-touche2020|qwen3-embed-600m+rankzephyr|quantile|judge_expr|0.4142
webis-touche2020|qwen3-embed-600m+rankzephyr|quantile|rankgpt|0.689
webis-touche2020|qwen3-embed-600m+rankzephyr|rank|judge|0.3449
webis-touche2020|qwen3-embed-600m+rankzephyr|rank|judge_expr|0.253
webis-touche2020|qwen3-embed-600m+rankzephyr|rank|rankgpt|0.3363
webis-touche2020|qwen3-embed-600m+rankzephyr|thresholding|judge|0.5913
webis-touche2020|qwen3-embed-600m+rankzephyr|thresholding|judge_expr|0.5534
webis-touche2020|qwen3-embed-600m+rankzephyr|thresholding|rankgpt|0.0
webis-touche2020|qwen3-embed-600m+setmaxheaptopk|direct|judge|0.7558
webis-touche2020|qwen3-embed-600m+setmaxheaptopk|direct|judge_expr|0.7263
webis-touche2020|qwen3-embed-600m+setmaxheaptopk|direct|rankgpt|0.4281
webis-touche2020|qwen3-embed-600m+setmaxheaptopk|direct|setmaxheaptopk|0.4839
webis-touche2020|qwen3-embed-600m+setmaxheaptopk|largest_gap|judge|0.6439
webis-touche2020|qwen3-embed-600m+setmaxheaptopk|largest_gap|judge_expr|0.7389
webis-touche2020|qwen3-embed-600m+setmaxheaptopk|largest_gap|rankgpt|0.4281
webis-touche2020|qwen3-embed-600m+setmaxheaptopk|largest_gap|setmaxheaptopk|0.4839
webis-touche2020|qwen3-embed-600m+setmaxheaptopk|optimal_global|judge|0.6132
webis-touche2020|qwen3-embed-600m+setmaxheaptopk|optimal_global|judge_expr|0.6619
webis-touche2020|qwen3-embed-600m+setmaxheaptopk|optimal_global|rankgpt|0.6248
webis-touche2020|qwen3-embed-600m+setmaxheaptopk|optimal_global|setmaxheaptopk|0.5528
webis-touche2020|qwen3-embed-600m+setmaxheaptopk|optimal_per_topic|judge|0.7069
webis-touche2020|qwen3-embed-600m+setmaxheaptopk|optimal_per_topic|judge_expr|0.6014
webis-touche2020|qwen3-embed-600m+setmaxheaptopk|optimal_per_topic|rankgpt|0.6527
webis-touche2020|qwen3-embed-600m+setmaxheaptopk|optimal_per_topic|setmaxheaptopk|0.6157
webis-touche2020|qwen3-embed-600m+setmaxheaptopk|quantile|judge|0.7306
webis-touche2020|qwen3-embed-600m+setmaxheaptopk|quantile|judge_expr|0.6429
webis-touche2020|qwen3-embed-600m+setmaxheaptopk|quantile|rankgpt|0.6834
webis-touche2020|qwen3-embed-600m+setmaxheaptopk|quantile|setmaxheaptopk|0.6411
webis-touche2020|qwen3-embed-600m+setmaxheaptopk|rank|judge|0.472
webis-touche2020|qwen3-embed-600m+setmaxheaptopk|rank|judge_expr|0.4074
webis-touche2020|qwen3-embed-600m+setmaxheaptopk|rank|rankgpt|0.4169
webis-touche2020|qwen3-embed-600m+setmaxheaptopk|rank|setmaxheaptopk|0.4711
webis-touche2020|qwen3-embed-600m+setmaxheaptopk|thresholding|judge|0.7423
webis-touche2020|qwen3-embed-600m+setmaxheaptopk|thresholding|judge_expr|0.7224
webis-touche2020|qwen3-embed-600m+setmaxheaptopk|thresholding|rankgpt|0.0
webis-touche2020|qwen3-embed-600m+setmaxheaptopk|thresholding|setmaxheaptopk|0.0
webis-touche2020|splade-v3|direct|judge|0.6675
webis-touche2020|splade-v3|direct|judge_expr|0.5847
webis-touche2020|splade-v3|direct|rankgpt|0.2961
webis-touche2020|splade-v3|direct|setmaxheaptopk|0.2557
webis-touche2020|splade-v3|largest_gap|judge|0.4749
webis-touche2020|splade-v3|largest_gap|judge_expr|0.6003
webis-touche2020|splade-v3|largest_gap|rankgpt|0.2961
webis-touche2020|splade-v3|largest_gap|setmaxheaptopk|0.2557
webis-touche2020|splade-v3|optimal_global|judge|0.4474
webis-touche2020|splade-v3|optimal_global|judge_expr|0.5095
webis-touche2020|splade-v3|optimal_global|rankgpt|0.5746
webis-touche2020|splade-v3|optimal_global|setmaxheaptopk|0.3795
webis-touche2020|splade-v3|optimal_per_topic|judge|0.6209
webis-touche2020|splade-v3|optimal_per_topic|judge_expr|0.47
webis-touche2020|splade-v3|optimal_per_topic|rankgpt|0.601
webis-touche2020|splade-v3|optimal_per_topic|setmaxheaptopk|0.4749
webis-touche2020|splade-v3|quantile|judge|0.5936
webis-touche2020|splade-v3|quantile|judge_expr|0.4548
webis-touche2020|splade-v3|quantile|rankgpt|0.6262
webis-touche2020|splade-v3|quantile|setmaxheaptopk|0.4624
webis-touche2020|splade-v3|rank|judge|0.3658
webis-touche2020|splade-v3|rank|judge_expr|0.2553
webis-touche2020|splade-v3|rank|rankgpt|0.298
webis-touche2020|splade-v3|rank|setmaxheaptopk|0.2909
webis-touche2020|splade-v3|thresholding|judge|0.6048
webis-touche2020|splade-v3|thresholding|judge_expr|0.5729
webis-touche2020|splade-v3|thresholding|rankgpt|0.0
webis-touche2020|splade-v3|thresholding|setmaxheaptopk|0.0
webis-touche2020|splade-v3+judge|direct|judge|0.7514
webis-touche2020|splade-v3+judge|direct|judge_expr|0.7478
webis-touche2020|splade-v3+judge|direct|rankgpt|0.2069
webis-touche2020|splade-v3+judge|direct|setmaxheaptopk|0.2185
webis-touche2020|splade-v3+judge|largest_gap|judge|0.7635
webis-touche2020|splade-v3+judge|largest_gap|judge_expr|0.7609
webis-touche2020|splade-v3+judge|largest_gap|rankgpt|0.2069
webis-touche2020|splade-v3+judge|largest_gap|setmaxheaptopk|0.2185
webis-touche2020|splade-v3+judge|optimal_global|judge|0.7199
webis-touche2020|splade-v3+judge|optimal_global|judge_expr|0.7308
webis-touche2020|splade-v3+judge|optimal_global|rankgpt|0.4352
webis-touche2020|splade-v3+judge|optimal_global|setmaxheaptopk|0.3562
webis-touche2020|splade-v3+judge|optimal_per_topic|judge|0.7387
webis-touche2020|splade-v3+judge|optimal_per_topic|judge_expr|0.6021
webis-touche2020|splade-v3+judge|optimal_per_topic|rankgpt|0.4527
webis-touche2020|splade-v3+judge|optimal_per_topic|setmaxheaptopk|0.4178
webis-touche2020|splade-v3+judge|quantile|judge|0.7506
webis-touche2020|splade-v3+judge|quantile|judge_expr|0.6806
webis-touche2020|splade-v3+judge|quantile|rankgpt|0.4863
webis-touche2020|splade-v3+judge|quantile|setmaxheaptopk|0.4512
webis-touche2020|splade-v3+judge|rank|judge|0.4776
webis-touche2020|splade-v3+judge|rank|judge_expr|0.4399
webis-touche2020|splade-v3+judge|rank|rankgpt|0.2889
webis-touche2020|splade-v3+judge|rank|setmaxheaptopk|0.2977
webis-touche2020|splade-v3+judge|thresholding|judge|0.7568
webis-touche2020|splade-v3+judge|thresholding|judge_expr|0.7537
webis-touche2020|splade-v3+judge|thresholding|rankgpt|0.0
webis-touche2020|splade-v3+judge|thresholding|setmaxheaptopk|0.0
webis-touche2020|splade-v3+judge_expr|direct|judge|0.7541
webis-touche2020|splade-v3+judge_expr|direct|judge_expr|0.7585
webis-touche2020|splade-v3+judge_expr|direct|rankgpt|0.3734
webis-touche2020|splade-v3+judge_expr|direct|setmaxheaptopk|0.3471
webis-touche2020|splade-v3+judge_expr|largest_gap|judge|0.7677
webis-touche2020|splade-v3+judge_expr|largest_gap|judge_expr|0.7657
webis-touche2020|splade-v3+judge_expr|largest_gap|rankgpt|0.3734
webis-touche2020|splade-v3+judge_expr|largest_gap|setmaxheaptopk|0.3471
webis-touche2020|splade-v3+judge_expr|optimal_global|judge|0.7212
webis-touche2020|splade-v3+judge_expr|optimal_global|judge_expr|0.7632
webis-touche2020|splade-v3+judge_expr|optimal_global|rankgpt|0.4947
webis-touche2020|splade-v3+judge_expr|optimal_global|setmaxheaptopk|0.4843
webis-touche2020|splade-v3+judge_expr|optimal_per_topic|judge|0.7401
webis-touche2020|splade-v3+judge_expr|optimal_per_topic|judge_expr|0.7667
webis-touche2020|splade-v3+judge_expr|optimal_per_topic|rankgpt|0.5172
webis-touche2020|splade-v3+judge_expr|optimal_per_topic|setmaxheaptopk|0.5538
webis-touche2020|splade-v3+judge_expr|quantile|judge|0.7539
webis-touche2020|splade-v3+judge_expr|quantile|judge_expr|0.7539
webis-touche2020|splade-v3+judge_expr|quantile|rankgpt|0.5467
webis-touche2020|splade-v3+judge_expr|quantile|setmaxheaptopk|0.58
webis-touche2020|splade-v3+judge_expr|rank|judge|0.5035
webis-touche2020|splade-v3+judge_expr|rank|judge_expr|0.7052
webis-touche2020|splade-v3+judge_expr|rank|rankgpt|0.3456
webis-touche2020|splade-v3+judge_expr|rank|setmaxheaptopk|0.412
webis-touche2020|splade-v3+judge_expr|thresholding|judge|0.7608
webis-touche2020|splade-v3+judge_expr|thresholding|judge_expr|0.7655
webis-touche2020|splade-v3+judge_expr|thresholding|rankgpt|0.0
webis-touche2020|splade-v3+judge_expr|thresholding|setmaxheaptopk|0.0
webis-touche2020|splade-v3+point|direct|judge|0.5813
webis-touche2020|splade-v3+point|direct|judge_expr|0.5295
webis-touche2020|splade-v3+point|direct|rankgpt|0.1619
webis-touche2020|splade-v3+point|direct|setmaxheaptopk|0.1323
webis-touche2020|splade-v3+point|largest_gap|judge|0.4184
webis-touche2020|splade-v3+point|largest_gap|judge_expr|0.5494
webis-touche2020|splade-v3+point|largest_gap|rankgpt|0.1619
webis-touche2020|splade-v3+point|largest_gap|setmaxheaptopk|0.1323
webis-touche2020|splade-v3+point|optimal_global|judge|0.3739
webis-touche2020|splade-v3+point|optimal_global|judge_expr|0.4374
webis-touche2020|splade-v3+point|optimal_global|rankgpt|0.3566
webis-touche2020|splade-v3+point|optimal_global|setmaxheaptopk|0.2821
webis-touche2020|splade-v3+point|optimal_per_topic|judge|0.4984
webis-touche2020|splade-v3+point|optimal_per_topic|judge_expr|0.3894
webis-touche2020|splade-v3+point|optimal_per_topic|rankgpt|0.3763
webis-touche2020|splade-v3+point|optimal_per_topic|setmaxheaptopk|0.3304
webis-touche2020|splade-v3+point|quantile|judge|0.532
webis-touche2020|splade-v3+point|quantile|judge_expr|0.452
webis-touche2020|splade-v3+point|quantile|rankgpt|0.4198
webis-touche2020|splade-v3+point|quantile|setmaxheaptopk|0.3596
webis-touche2020|splade-v3+point|rank|judge|0.2784
webis-touche2020|splade-v3+point|rank|judge_expr|0.2475
webis-touche2020|splade-v3+point|rank|rankgpt|0.2175
webis-touche2020|splade-v3+point|rank|setmaxheaptopk|0.2311
webis-touche2020|splade-v3+point|thresholding|judge|0.5514
webis-touche2020|splade-v3+point|thresholding|judge_expr|0.5329
webis-touche2020|splade-v3+point|thresholding|rankgpt|0.0
webis-touche2020|splade-v3+point|thresholding|setmaxheaptopk|0.0
webis-touche2020|splade-v3+rankfirst|direct|judge|0.7101
webis-touche2020|splade-v3+rankfirst|direct|judge_expr|0.6468
webis-touche2020|splade-v3+rankfirst|direct|rankgpt|0.4113
webis-touche2020|splade-v3+rankfirst|direct|setmaxheaptopk|0.331
webis-touche2020|splade-v3+rankfirst|largest_gap|judge|0.5669
webis-touche2020|splade-v3+rankfirst|largest_gap|judge_expr|0.6631
webis-touche2020|splade-v3+rankfirst|largest_gap|rankgpt|0.4113
webis-touche2020|splade-v3+rankfirst|largest_gap|setmaxheaptopk|0.331
webis-touche2020|splade-v3+rankfirst|optimal_global|judge|0.5292
webis-touche2020|splade-v3+rankfirst|optimal_global|judge_expr|0.5903
webis-touche2020|splade-v3+rankfirst|optimal_global|rankgpt|0.6395
webis-touche2020|splade-v3+rankfirst|optimal_global|setmaxheaptopk|0.4737
webis-touche2020|splade-v3+rankfirst|optimal_per_topic|judge|0.6669
webis-touche2020|splade-v3+rankfirst|optimal_per_topic|judge_expr|0.5242
webis-touche2020|splade-v3+rankfirst|optimal_per_topic|rankgpt|0.6463
webis-touche2020|splade-v3+rankfirst|optimal_per_topic|setmaxheaptopk|0.5622
webis-touche2020|splade-v3+rankfirst|quantile|judge|0.6595
webis-touche2020|splade-v3+rankfirst|quantile|judge_expr|0.5456
webis-touche2020|splade-v3+rankfirst|quantile|rankgpt|0.7023
webis-touche2020|splade-v3+rankfirst|quantile|setmaxheaptopk|0.5699
webis-touche2020|splade-v3+rankfirst|rank|judge|0.4294
webis-touche2020|splade-v3+rankfirst|rank|judge_expr|0.3383
webis-touche2020|splade-v3+rankfirst|rank|rankgpt|0.3653
webis-touche2020|splade-v3+rankfirst|rank|setmaxheaptopk|0.3746
webis-touche2020|splade-v3+rankfirst|thresholding|judge|0.6598
webis-touche2020|splade-v3+rankfirst|thresholding|judge_expr|0.6392
webis-touche2020|splade-v3+rankfirst|thresholding|rankgpt|0.0
webis-touche2020|splade-v3+rankfirst|thresholding|setmaxheaptopk|0.0
webis-touche2020|splade-v3+rankgpt|direct|judge|0.6807
webis-touche2020|splade-v3+rankgpt|direct|judge_expr|0.6451
webis-touche2020|splade-v3+rankgpt|direct|rankgpt|0.4594
webis-touche2020|splade-v3+rankgpt|direct|setmaxheaptopk|0.3576
webis-touche2020|splade-v3+rankgpt|largest_gap|judge|0.5669
webis-touche2020|splade-v3+rankgpt|largest_gap|judge_expr|0.653
webis-touche2020|splade-v3+rankgpt|largest_gap|rankgpt|0.4594
webis-touche2020|splade-v3+rankgpt|largest_gap|setmaxheaptopk|0.3576
webis-touche2020|splade-v3+rankgpt|optimal_global|judge|0.5346
webis-touche2020|splade-v3+rankgpt|optimal_global|judge_expr|0.5892
webis-touche2020|splade-v3+rankgpt|optimal_global|rankgpt|0.5345
webis-touche2020|splade-v3+rankgpt|optimal_global|setmaxheaptopk|0.4381
webis-touche2020|splade-v3+rankgpt|optimal_per_topic|judge|0.6584
webis-touche2020|splade-v3+rankgpt|optimal_per_topic|judge_expr|0.5421
webis-touche2020|splade-v3+rankgpt|optimal_per_topic|rankgpt|0.5837
webis-touche2020|splade-v3+rankgpt|optimal_per_topic|setmaxheaptopk|0.5334
webis-touche2020|splade-v3+rankgpt|quantile|judge|0.6609
webis-touche2020|splade-v3+rankgpt|quantile|judge_expr|0.569
webis-touche2020|splade-v3+rankgpt|quantile|rankgpt|0.5775
webis-touche2020|splade-v3+rankgpt|quantile|setmaxheaptopk|0.5396
webis-touche2020|splade-v3+rankgpt|rank|judge|0.3854
webis-touche2020|splade-v3+rankgpt|rank|judge_expr|0.3475
webis-touche2020|splade-v3+rankgpt|rank|rankgpt|0.3967
webis-touche2020|splade-v3+rankgpt|rank|setmaxheaptopk|0.373
webis-touche2020|splade-v3+rankgpt|thresholding|judge|0.6563
webis-touche2020|splade-v3+rankgpt|thresholding|judge_expr|0.6401
webis-touche2020|splade-v3+rankgpt|thresholding|rankgpt|0.0
webis-touche2020|splade-v3+rankgpt|thresholding|setmaxheaptopk|0.0
webis-touche2020|splade-v3+rankzephyr|direct|judge|0.6595
webis-touche2020|splade-v3+rankzephyr|direct|judge_expr|0.5773
webis-touche2020|splade-v3+rankzephyr|direct|rankgpt|0.2801
webis-touche2020|splade-v3+rankzephyr|largest_gap|judge|0.4614
webis-touche2020|splade-v3+rankzephyr|largest_gap|judge_expr|0.5907
webis-touche2020|splade-v3+rankzephyr|largest_gap|rankgpt|0.2801
webis-touche2020|splade-v3+rankzephyr|optimal_global|judge|0.435
webis-touche2020|splade-v3+rankzephyr|optimal_global|judge_expr|0.4941
webis-touche2020|splade-v3+rankzephyr|optimal_global|rankgpt|0.5411
webis-touche2020|splade-v3+rankzephyr|optimal_per_topic|judge|0.6123
webis-touche2020|splade-v3+rankzephyr|optimal_per_topic|judge_expr|0.464
webis-touche2020|splade-v3+rankzephyr|optimal_per_topic|rankgpt|0.564
webis-touche2020|splade-v3+rankzephyr|quantile|judge|0.5918
webis-touche2020|splade-v3+rankzephyr|quantile|judge_expr|0.4617
webis-touche2020|splade-v3+rankzephyr|quantile|rankgpt|0.5923
webis-touche2020|splade-v3+rankzephyr|rank|judge|0.3529
webis-touche2020|splade-v3+rankzephyr|rank|judge_expr|0.2431
webis-touche2020|splade-v3+rankzephyr|rank|rankgpt|0.2908
webis-touche2020|splade-v3+rankzephyr|thresholding|judge|0.5964
webis-touche2020|splade-v3+rankzephyr|thresholding|judge_expr|0.568
webis-touche2020|splade-v3+rankzephyr|thresholding|rankgpt|0.0
webis-touche2020|splade-v3+setmaxheaptopk|direct|judge|0.6998
webis-touche2020|splade-v3+setmaxheaptopk|direct|judge_expr|0.672
webis-touche2020|splade-v3+setmaxheaptopk|direct|rankgpt|0.4417
webis-touche2020|splade-v3+setmaxheaptopk|direct|setmaxheaptopk|0.4172
webis-touche2020|splade-v3+setmaxheaptopk|largest_gap|judge|0.621
webis-touche2020|splade-v3+setmaxheaptopk|largest_gap|judge_expr|0.6846
webis-touche2020|splade-v3+setmaxheaptopk|largest_gap|rankgpt|0.4417
webis-touche2020|splade-v3+setmaxheaptopk|largest_gap|setmaxheaptopk|0.4172
webis-touche2020|splade-v3+setmaxheaptopk|optimal_global|judge|0.5866
webis-touche2020|splade-v3+setmaxheaptopk|optimal_global|judge_expr|0.6329
webis-touche2020|splade-v3+setmaxheaptopk|optimal_global|rankgpt|0.53
webis-touche2020|splade-v3+setmaxheaptopk|optimal_global|setmaxheaptopk|0.5388
webis-touche2020|splade-v3+setmaxheaptopk|optimal_per_topic|judge|0.6747
webis-touche2020|splade-v3+setmaxheaptopk|optimal_per_topic|judge_expr|0.5801
webis-touche2020|splade-v3+setmaxheaptopk|optimal_per_topic|rankgpt|0.5878
webis-touche2020|splade-v3+setmaxheaptopk|optimal_per_topic|setmaxheaptopk|0.5971
webis-touche2020|splade-v3+setmaxheaptopk|quantile|judge|0.6895
webis-touche2020|splade-v3+setmaxheaptopk|quantile|judge_expr|0.6201
webis-touche2020|splade-v3+setmaxheaptopk|quantile|rankgpt|0.5765
webis-touche2020|splade-v3+setmaxheaptopk|quantile|setmaxheaptopk|0.6208
webis-touche2020|splade-v3+setmaxheaptopk|rank|judge|0.4381
webis-touche2020|splade-v3+setmaxheaptopk|rank|judge_expr|0.4243
webis-touche2020|splade-v3+setmaxheaptopk|rank|rankgpt|0.3681
webis-touche2020|splade-v3+setmaxheaptopk|rank|setmaxheaptopk|0.4699
webis-touche2020|splade-v3+setmaxheaptopk|thresholding|judge|0.687
webis-touche2020|splade-v3+setmaxheaptopk|thresholding|judge_expr|0.6725
webis-touche2020|splade-v3+setmaxheaptopk|thresholding|rankgpt|0.0
webis-touche2020|splade-v3+setmaxheaptopk|thresholding|setmaxheaptopk|0.0
