dbpedia-entity|bm25|direct|judge|0.3308
dbpedia-entity|bm25|direct|judge_expr|0.2561
dbpedia-entity|bm25|direct|rankgpt|0.314
dbpedia-entity|bm25|direct|setmaxheaptopk|0.3202
dbpedia-entity|bm25|largest_gap|judge|0.2653
dbpedia-entity|bm25|largest_gap|judge_expr|0.2732
dbpedia-entity|bm25|largest_gap|rankgpt|0.314
dbpedia-entity|bm25|largest_gap|setmaxheaptopk|0.3202
dbpedia-entity|bm25|optimal_global|judge|0.2409
dbpedia-entity|bm25|optimal_global|judge_expr|0.2547
dbpedia-entity|bm25|optimal_global|rankgpt|0.2756
dbpedia-entity|bm25|optimal_global|setmaxheaptopk|0.2867
dbpedia-entity|bm25|optimal_per_topic|judge|0.282
dbpedia-entity|bm25|optimal_per_topic|judge_expr|0.2695
dbpedia-entity|bm25|optimal_per_topic|rankgpt|0.323
dbpedia-entity|bm25|optimal_per_topic|setmaxheaptopk|0.3122
dbpedia-entity|bm25|quantile|judge|0.4429
dbpedia-entity|bm25|quantile|judge_expr|0.3256
dbpedia-entity|bm25|quantile|rankgpt|0.4113
dbpedia-entity|bm25|quantile|setmaxheaptopk|0.3382
dbpedia-entity|bm25|rank|judge|0.2483
dbpedia-entity|bm25|rank|judge_expr|0.2029
dbpedia-entity|bm25|rank|rankgpt|0.2379
dbpedia-entity|bm25|rank|setmaxheaptopk|0.2207
dbpedia-entity|bm25|thresholding|judge|0.248
dbpedia-entity|bm25|thresholding|judge_expr|0.2331
dbpedia-entity|bm25|thresholding|rankgpt|0.0
dbpedia-entity|bm25|thresholding|setmaxheaptopk|0.0
dbpedia-entity|bm25+judge|direct|judge|0.5219
dbpedia-entity|bm25+judge|direct|judge_expr|0.4699
dbpedia-entity|bm25+judge|direct|rankgpt|0.3722
dbpedia-entity|bm25+judge|direct|setmaxheaptopk|0.3722
dbpedia-entity|bm25+judge|largest_gap|judge|0.5012
dbpedia-entity|bm25+judge|largest_gap|judge_expr|0.4887
dbpedia-entity|bm25+judge|largest_gap|rankgpt|0.3722
dbpedia-entity|bm25+judge|largest_gap|setmaxheaptopk|0.3722
dbpedia-entity|bm25+judge|optimal_global|judge|0.4434
dbpedia-entity|bm25+judge|optimal_global|judge_expr|0.4563
dbpedia-entity|bm25+judge|optimal_global|rankgpt|0.3403
dbpedia-entity|bm25+judge|optimal_global|setmaxheaptopk|0.3611
dbpedia-entity|bm25+judge|optimal_per_topic|judge|0.4704
dbpedia-entity|bm25+judge|optimal_per_topic|judge_expr|0.4098
dbpedia-entity|bm25+judge|optimal_per_topic|rankgpt|0.3874
dbpedia-entity|bm25+judge|optimal_per_topic|setmaxheaptopk|0.3786
dbpedia-entity|bm25+judge|quantile|judge|0.5289
dbpedia-entity|bm25+judge|quantile|judge_expr|0.4641
dbpedia-entity|bm25+judge|quantile|rankgpt|0.4053
dbpedia-entity|bm25+judge|quantile|setmaxheaptopk|0.3804
dbpedia-entity|bm25+judge|rank|judge|0.3746
dbpedia-entity|bm25+judge|rank|judge_expr|0.3341
dbpedia-entity|bm25+judge|rank|rankgpt|0.2829
dbpedia-entity|bm25+judge|rank|setmaxheaptopk|0.2772
dbpedia-entity|bm25+judge|thresholding|judge|0.4585
dbpedia-entity|bm25+judge|thresholding|judge_expr|0.4345
dbpedia-entity|bm25+judge|thresholding|rankgpt|0.0
dbpedia-entity|bm25+judge|thresholding|setmaxheaptopk|0.0
dbpedia-entity|bm25+judge_expr|direct|judge|0.5353
dbpedia-entity|bm25+judge_expr|direct|judge_expr|0.4997
dbpedia-entity|bm25+judge_expr|direct|rankgpt|0.4535
dbpedia-entity|bm25+judge_expr|direct|setmaxheaptopk|0.4671
dbpedia-entity|bm25+judge_expr|largest_gap|judge|0.5094
dbpedia-entity|bm25+judge_expr|largest_gap|judge_expr|0.5254
dbpedia-entity|bm25+judge_expr|largest_gap|rankgpt|0.4535
dbpedia-entity|bm25+judge_expr|largest_gap|setmaxheaptopk|0.4671
dbpedia-entity|bm25+judge_expr|optimal_global|judge|0.4583
dbpedia-entity|bm25+judge_expr|optimal_global|judge_expr|0.4759
dbpedia-entity|bm25+judge_expr|optimal_global|rankgpt|0.4036
dbpedia-entity|bm25+judge_expr|optimal_global|setmaxheaptopk|0.4265
dbpedia-entity|bm25+judge_expr|optimal_per_topic|judge|0.4885
dbpedia-entity|bm25+judge_expr|optimal_per_topic|judge_expr|0.4949
dbpedia-entity|bm25+judge_expr|optimal_per_topic|rankgpt|0.4565
dbpedia-entity|bm25+judge_expr|optimal_per_topic|setmaxheaptopk|0.4474
dbpedia-entity|bm25+judge_expr|quantile|judge|0.5721
dbpedia-entity|bm25+judge_expr|quantile|judge_expr|0.5453
dbpedia-entity|bm25+judge_expr|quantile|rankgpt|0.463
dbpedia-entity|bm25+judge_expr|quantile|setmaxheaptopk|0.4356
dbpedia-entity|bm25+judge_expr|rank|judge|0.4014
dbpedia-entity|bm25+judge_expr|rank|judge_expr|0.426
dbpedia-entity|bm25+judge_expr|rank|rankgpt|0.3305
dbpedia-entity|bm25+judge_expr|rank|setmaxheaptopk|0.3209
dbpedia-entity|bm25+judge_expr|thresholding|judge|0.4733
dbpedia-entity|bm25+judge_expr|thresholding|judge_expr|0.4519
dbpedia-entity|bm25+judge_expr|thresholding|rankgpt|0.0
dbpedia-entity|bm25+judge_expr|thresholding|setmaxheaptopk|0.0
dbpedia-entity|bm25+point|direct|judge|0.4188
dbpedia-entity|bm25+point|direct|judge_expr|0.3652
dbpedia-entity|bm25+point|direct|rankgpt|0.3449
dbpedia-entity|bm25+point|direct|setmaxheaptopk|0.3538
dbpedia-entity|bm25+point|largest_gap|judge|0.3594
dbpedia-entity|bm25+point|largest_gap|judge_expr|0.3782
dbpedia-entity|bm25+point|largest_gap|rankgpt|0.3449
dbpedia-entity|bm25+point|largest_gap|setmaxheaptopk|0.3538
dbpedia-entity|bm25+point|optimal_global|judge|0.3348
dbpedia-entity|bm25+point|optimal_global|judge_expr|0.3573
dbpedia-entity|bm25+point|optimal_global|rankgpt|0.3212
dbpedia-entity|bm25+point|optimal_global|setmaxheaptopk|0.3425
dbpedia-entity|bm25+point|optimal_per_topic|judge|0.3733
dbpedia-entity|bm25+point|optimal_per_topic|judge_expr|0.3444
dbpedia-entity|bm25+point|optimal_per_topic|rankgpt|0.3756
dbpedia-entity|bm25+point|optimal_per_topic|setmaxheaptopk|0.3716
dbpedia-entity|bm25+point|quantile|judge|0.4796
dbpedia-entity|bm25+point|quantile|judge_expr|0.4037
dbpedia-entity|bm25+point|quantile|rankgpt|0.4071
dbpedia-entity|bm25+point|quantile|setmaxheaptopk|0.3844
dbpedia-entity|bm25+point|rank|judge|0.2904
dbpedia-entity|bm25+point|rank|judge_expr|0.269
dbpedia-entity|bm25+point|rank|rankgpt|0.2827
dbpedia-entity|bm25+point|rank|setmaxheaptopk|0.2781
dbpedia-entity|bm25+point|thresholding|judge|0.3501
dbpedia-entity|bm25+point|thresholding|judge_expr|0.3299
dbpedia-entity|bm25+point|thresholding|rankgpt|0.0
dbpedia-entity|bm25+point|thresholding|setmaxheaptopk|0.0
dbpedia-entity|bm25+rankfirst|direct|judge|0.4972
dbpedia-entity|bm25+rankfirst|direct|judge_expr|0.4237
dbpedia-entity|bm25+rankfirst|direct|rankgpt|0.538
dbpedia-entity|bm25+rankfirst|direct|setmaxheaptopk|0.5427
dbpedia-entity|bm25+rankfirst|largest_gap|judge|0.4345
dbpedia-entity|bm25+rankfirst|largest_gap|judge_expr|0.4478
dbpedia-entity|bm25+rankfirst|largest_gap|rankgpt|0.538
dbpedia-entity|bm25+rankfirst|largest_gap|setmaxheaptopk|0.5427
dbpedia-entity|bm25+rankfirst|optimal_global|judge|0.3956
dbpedia-entity|bm25+rankfirst|optimal_global|judge_expr|0.4136
dbpedia-entity|bm25+rankfirst|optimal_global|rankgpt|0.4699
dbpedia-entity|bm25+rankfirst|optimal_global|setmaxheaptopk|0.5098
dbpedia-entity|bm25+rankfirst|optimal_per_topic|judge|0.4482
dbpedia-entity|bm25+rankfirst|optimal_per_topic|judge_expr|0.433
dbpedia-entity|bm25+rankfirst|optimal_per_topic|rankgpt|0.5096
dbpedia-entity|bm25+rankfirst|optimal_per_topic|setmaxheaptopk|0.4959
dbpedia-entity|bm25+rankfirst|quantile|judge|0.5836
dbpedia-entity|bm25+rankfirst|quantile|judge_expr|0.484
dbpedia-entity|bm25+rankfirst|quantile|rankgpt|0.5494
dbpedia-entity|bm25+rankfirst|quantile|setmaxheaptopk|0.492
dbpedia-entity|bm25+rankfirst|rank|judge|0.3794
dbpedia-entity|bm25+rankfirst|rank|judge_expr|0.3286
dbpedia-entity|bm25+rankfirst|rank|rankgpt|0.3771
dbpedia-entity|bm25+rankfirst|rank|setmaxheaptopk|0.3661
dbpedia-entity|bm25+rankfirst|thresholding|judge|0.412
dbpedia-entity|bm25+rankfirst|thresholding|judge_expr|0.3896
dbpedia-entity|bm25+rankfirst|thresholding|rankgpt|0.0
dbpedia-entity|bm25+rankfirst|thresholding|setmaxheaptopk|0.0
dbpedia-entity|bm25+rankgpt|direct|judge|0.4691
dbpedia-entity|bm25+rankgpt|direct|judge_expr|0.4096
dbpedia-entity|bm25+rankgpt|direct|rankgpt|0.503
dbpedia-entity|bm25+rankgpt|direct|setmaxheaptopk|0.5114
dbpedia-entity|bm25+rankgpt|largest_gap|judge|0.4147
dbpedia-entity|bm25+rankgpt|largest_gap|judge_expr|0.4319
dbpedia-entity|bm25+rankgpt|largest_gap|rankgpt|0.503
dbpedia-entity|bm25+rankgpt|largest_gap|setmaxheaptopk|0.5114
dbpedia-entity|bm25+rankgpt|optimal_global|judge|0.3857
dbpedia-entity|bm25+rankgpt|optimal_global|judge_expr|0.404
dbpedia-entity|bm25+rankgpt|optimal_global|rankgpt|0.4517
dbpedia-entity|bm25+rankgpt|optimal_global|setmaxheaptopk|0.4668
dbpedia-entity|bm25+rankgpt|optimal_per_topic|judge|0.4183
dbpedia-entity|bm25+rankgpt|optimal_per_topic|judge_expr|0.4112
dbpedia-entity|bm25+rankgpt|optimal_per_topic|rankgpt|0.48
dbpedia-entity|bm25+rankgpt|optimal_per_topic|setmaxheaptopk|0.4685
dbpedia-entity|bm25+rankgpt|quantile|judge|0.5443
dbpedia-entity|bm25+rankgpt|quantile|judge_expr|0.4559
dbpedia-entity|bm25+rankgpt|quantile|rankgpt|0.5029
dbpedia-entity|bm25+rankgpt|quantile|setmaxheaptopk|0.458
dbpedia-entity|bm25+rankgpt|rank|judge|0.3475
dbpedia-entity|bm25+rankgpt|rank|judge_expr|0.3119
dbpedia-entity|bm25+rankgpt|rank|rankgpt|0.3667
dbpedia-entity|bm25+rankgpt|rank|setmaxheaptopk|0.3364
dbpedia-entity|bm25+rankgpt|thresholding|judge|0.3986
dbpedia-entity|bm25+rankgpt|thresholding|judge_expr|0.3784
dbpedia-entity|bm25+rankgpt|thresholding|rankgpt|0.0
dbpedia-entity|bm25+rankgpt|thresholding|setmaxheaptopk|0.0
dbpedia-entity|bm25+rankzephyr|direct|judge|0.4917
dbpedia-entity|bm25+rankzephyr|direct|judge_expr|0.4197
dbpedia-entity|bm25+rankzephyr|direct|rankgpt|0.5071
dbpedia-entity|bm25+rankzephyr|direct|setmaxheaptopk|0.5121
dbpedia-entity|bm25+rankzephyr|largest_gap|judge|0.4219
dbpedia-entity|bm25+rankzephyr|largest_gap|judge_expr|0.4385
dbpedia-entity|bm25+rankzephyr|largest_gap|rankgpt|0.5071
dbpedia-entity|bm25+rankzephyr|largest_gap|setmaxheaptopk|0.5121
dbpedia-entity|bm25+rankzephyr|optimal_global|judge|0.3936
dbpedia-entity|bm25+rankzephyr|optimal_global|judge_expr|0.4118
dbpedia-entity|bm25+rankzephyr|optimal_global|rankgpt|0.4497
dbpedia-entity|bm25+rankzephyr|optimal_global|setmaxheaptopk|0.4839
dbpedia-entity|bm25+rankzephyr|optimal_per_topic|judge|0.4406
dbpedia-entity|bm25+rankzephyr|optimal_per_topic|judge_expr|0.4271
dbpedia-entity|bm25+rankzephyr|optimal_per_topic|rankgpt|0.4939
dbpedia-entity|bm25+rankzephyr|optimal_per_topic|setmaxheaptopk|0.4821
dbpedia-entity|bm25+rankzephyr|quantile|judge|0.5839
dbpedia-entity|bm25+rankzephyr|quantile|judge_expr|0.4903
dbpedia-entity|bm25+rankzephyr|quantile|rankgpt|0.5339
dbpedia-entity|bm25+rankzephyr|quantile|setmaxheaptopk|0.4799
dbpedia-entity|bm25+rankzephyr|rank|judge|0.3646
dbpedia-entity|bm25+rankzephyr|rank|judge_expr|0.3278
dbpedia-entity|bm25+rankzephyr|rank|rankgpt|0.3728
dbpedia-entity|bm25+rankzephyr|rank|setmaxheaptopk|0.3565
dbpedia-entity|bm25+rankzephyr|thresholding|judge|0.4076
dbpedia-entity|bm25+rankzephyr|thresholding|judge_expr|0.3869
dbpedia-entity|bm25+rankzephyr|thresholding|rankgpt|0.0
dbpedia-entity|bm25+rankzephyr|thresholding|setmaxheaptopk|0.0
dbpedia-entity|bm25+setmaxheaptopk|direct|judge|0.4671
dbpedia-entity|bm25+setmaxheaptopk|direct|judge_expr|0.416
dbpedia-entity|bm25+setmaxheaptopk|direct|rankgpt|0.5025
dbpedia-entity|bm25+setmaxheaptopk|direct|setmaxheaptopk|0.5216
dbpedia-entity|bm25+setmaxheaptopk|largest_gap|judge|0.4192
dbpedia-entity|bm25+setmaxheaptopk|largest_gap|judge_expr|0.4345
dbpedia-entity|bm25+setmaxheaptopk|largest_gap|rankgpt|0.5025
dbpedia-entity|bm25+setmaxheaptopk|largest_gap|setmaxheaptopk|0.5216
dbpedia-entity|bm25+setmaxheaptopk|optimal_global|judge|0.3927
dbpedia-entity|bm25+setmaxheaptopk|optimal_global|judge_expr|0.4122
dbpedia-entity|bm25+setmaxheaptopk|optimal_global|rankgpt|0.4425
dbpedia-entity|bm25+setmaxheaptopk|optimal_global|setmaxheaptopk|0.4918
dbpedia-entity|bm25+setmaxheaptopk|optimal_per_topic|judge|0.4321
dbpedia-entity|bm25+setmaxheaptopk|optimal_per_topic|judge_expr|0.4196
dbpedia-entity|bm25+setmaxheaptopk|optimal_per_topic|rankgpt|0.4706
dbpedia-entity|bm25+setmaxheaptopk|optimal_per_topic|setmaxheaptopk|0.4744
dbpedia-entity|bm25+setmaxheaptopk|quantile|judge|0.5232
dbpedia-entity|bm25+setmaxheaptopk|quantile|judge_expr|0.4477
dbpedia-entity|bm25+setmaxheaptopk|quantile|rankgpt|0.4789
dbpedia-entity|bm25+setmaxheaptopk|quantile|setmaxheaptopk|0.462
dbpedia-entity|bm25+setmaxheaptopk|rank|judge|0.3478
dbpedia-entity|bm25+setmaxheaptopk|rank|judge_expr|0.3174
dbpedia-entity|bm25+setmaxheaptopk|rank|rankgpt|0.3487
dbpedia-entity|bm25+setmaxheaptopk|rank|setmaxheaptopk|0.3619
dbpedia-entity|bm25+setmaxheaptopk|thresholding|judge|0.4056
dbpedia-entity|bm25+setmaxheaptopk|thresholding|judge_expr|0.3864
dbpedia-entity|bm25+setmaxheaptopk|thresholding|rankgpt|0.0
dbpedia-entity|bm25+setmaxheaptopk|thresholding|setmaxheaptopk|0.0
dbpedia-entity|colbert-small|direct|judge|0.4766
dbpedia-entity|colbert-small|direct|judge_expr|0.3868
dbpedia-entity|colbert-small|direct|rankgpt|0.5071
dbpedia-entity|colbert-small|direct|setmaxheaptopk|0.515
dbpedia-entity|colbert-small|largest_gap|judge|0.4074
dbpedia-entity|colbert-small|largest_gap|judge_expr|0.4115
dbpedia-entity|colbert-small|largest_gap|rankgpt|0.5071
dbpedia-entity|colbert-small|largest_gap|setmaxheaptopk|0.515
dbpedia-entity|colbert-small|optimal_global|judge|0.3681
dbpedia-entity|colbert-small|optimal_global|judge_expr|0.3839
dbpedia-entity|colbert-small|optimal_global|rankgpt|0.4483
dbpedia-entity|colbert-small|optimal_global|setmaxheaptopk|0.4758
dbpedia-entity|colbert-small|optimal_per_topic|judge|0.4349
dbpedia-entity|colbert-small|optimal_per_topic|judge_expr|0.425
dbpedia-entity|colbert-small|optimal_per_topic|rankgpt|0.501
dbpedia-entity|colbert-small|optimal_per_topic|setmaxheaptopk|0.496
dbpedia-entity|colbert-small|quantile|judge|0.5978
dbpedia-entity|colbert-small|quantile|judge_expr|0.4762
dbpedia-entity|colbert-small|quantile|rankgpt|0.5563
dbpedia-entity|colbert-small|quantile|setmaxheaptopk|0.4829
dbpedia-entity|colbert-small|rank|judge|0.355
dbpedia-entity|colbert-small|rank|judge_expr|0.3096
dbpedia-entity|colbert-small|rank|rankgpt|0.3629
dbpedia-entity|colbert-small|rank|setmaxheaptopk|0.34
dbpedia-entity|colbert-small|thresholding|judge|0.3742
dbpedia-entity|colbert-small|thresholding|judge_expr|0.3568
dbpedia-entity|colbert-small|thresholding|rankgpt|0.0
dbpedia-entity|colbert-small|thresholding|setmaxheaptopk|0.0
dbpedia-entity|colbert-small+judge|direct|judge|0.6213
dbpedia-entity|colbert-small+judge|direct|judge_expr|0.5962
dbpedia-entity|colbert-small+judge|direct|rankgpt|0.4073
dbpedia-entity|colbert-small+judge|direct|setmaxheaptopk|0.4181
dbpedia-entity|colbert-small+judge|largest_gap|judge|0.6673
dbpedia-entity|colbert-small+judge|largest_gap|judge_expr|0.6272
dbpedia-entity|colbert-small+judge|largest_gap|rankgpt|0.4073
dbpedia-entity|colbert-small+judge|largest_gap|setmaxheaptopk|0.4181
dbpedia-entity|colbert-small+judge|optimal_global|judge|0.5745
dbpedia-entity|colbert-small+judge|optimal_global|judge_expr|0.5859
dbpedia-entity|colbert-small+judge|optimal_global|rankgpt|0.3881
dbpedia-entity|colbert-small+judge|optimal_global|setmaxheaptopk|0.4121
dbpedia-entity|colbert-small+judge|optimal_per_topic|judge|0.5684
dbpedia-entity|colbert-small+judge|optimal_per_topic|judge_expr|0.5007
dbpedia-entity|colbert-small+judge|optimal_per_topic|rankgpt|0.4464
dbpedia-entity|colbert-small+judge|optimal_per_topic|setmaxheaptopk|0.4488
dbpedia-entity|colbert-small+judge|quantile|judge|0.5658
dbpedia-entity|colbert-small+judge|quantile|judge_expr|0.5288
dbpedia-entity|colbert-small+judge|quantile|rankgpt|0.4365
dbpedia-entity|colbert-small+judge|quantile|setmaxheaptopk|0.4282
dbpedia-entity|colbert-small+judge|rank|judge|0.4453
dbpedia-entity|colbert-small+judge|rank|judge_expr|0.4179
dbpedia-entity|colbert-small+judge|rank|rankgpt|0.3151
dbpedia-entity|colbert-small+judge|rank|setmaxheaptopk|0.3255
dbpedia-entity|colbert-small+judge|thresholding|judge|0.583
dbpedia-entity|colbert-small+judge|thresholding|judge_expr|0.5614
dbpedia-entity|colbert-small+judge|thresholding|rankgpt|0.0
dbpedia-entity|colbert-small+judge|thresholding|setmaxheaptopk|0.0
dbpedia-entity|colbert-small+judge_expr|direct|judge|0.6358
dbpedia-entity|colbert-small+judge_expr|direct|judge_expr|0.6351
dbpedia-entity|colbert-small+judge_expr|direct|rankgpt|0.5109
dbpedia-entity|colbert-small+judge_expr|direct|setmaxheaptopk|0.5319
dbpedia-entity|colbert-small+judge_expr|largest_gap|judge|0.6797
dbpedia-entity|colbert-small+judge_expr|largest_gap|judge_expr|0.6851
dbpedia-entity|colbert-small+judge_expr|largest_gap|rankgpt|0.5109
dbpedia-entity|colbert-small+judge_expr|largest_gap|setmaxheaptopk|0.5319
dbpedia-entity|colbert-small+judge_expr|optimal_global|judge|0.5929
dbpedia-entity|colbert-small+judge_expr|optimal_global|judge_expr|0.6113
dbpedia-entity|colbert-small+judge_expr|optimal_global|rankgpt|0.4639
dbpedia-entity|colbert-small+judge_expr|optimal_global|setmaxheaptopk|0.4979
dbpedia-entity|colbert-small+judge_expr|optimal_per_topic|judge|0.5856
dbpedia-entity|colbert-small+judge_expr|optimal_per_topic|judge_expr|0.6132
dbpedia-entity|colbert-small+judge_expr|optimal_per_topic|rankgpt|0.5202
dbpedia-entity|colbert-small+judge_expr|optimal_per_topic|setmaxheaptopk|0.5244
dbpedia-entity|colbert-small+judge_expr|quantile|judge|0.6051
dbpedia-entity|colbert-small+judge_expr|quantile|judge_expr|0.6041
dbpedia-entity|colbert-small+judge_expr|quantile|rankgpt|0.4931
dbpedia-entity|colbert-small+judge_expr|quantile|setmaxheaptopk|0.4853
dbpedia-entity|colbert-small+judge_expr|rank|judge|0.4796
dbpedia-entity|colbert-small+judge_expr|rank|judge_expr|0.5481
dbpedia-entity|colbert-small+judge_expr|rank|rankgpt|0.3705
dbpedia-entity|colbert-small+judge_expr|rank|setmaxheaptopk|0.3807
dbpedia-entity|colbert-small+judge_expr|thresholding|judge|0.6024
dbpedia-entity|colbert-small+judge_expr|thresholding|judge_expr|0.5866
dbpedia-entity|colbert-small+judge_expr|thresholding|rankgpt|0.0
dbpedia-entity|colbert-small+judge_expr|thresholding|setmaxheaptopk|0.0
dbpedia-entity|colbert-small+point|direct|judge|0.4853
dbpedia-entity|colbert-small+point|direct|judge_expr|0.4408
dbpedia-entity|colbert-small+point|direct|rankgpt|0.395
dbpedia-entity|colbert-small+point|direct|setmaxheaptopk|0.4106
dbpedia-entity|colbert-small+point|largest_gap|judge|0.4531
dbpedia-entity|colbert-small+point|largest_gap|judge_expr|0.4666
dbpedia-entity|colbert-small+point|largest_gap|rankgpt|0.395
dbpedia-entity|colbert-small+point|largest_gap|setmaxheaptopk|0.4106
dbpedia-entity|colbert-small+point|optimal_global|judge|0.4117
dbpedia-entity|colbert-small+point|optimal_global|judge_expr|0.4361
dbpedia-entity|colbert-small+point|optimal_global|rankgpt|0.3828
dbpedia-entity|colbert-small+point|optimal_global|setmaxheaptopk|0.4057
dbpedia-entity|colbert-small+point|optimal_per_topic|judge|0.4383
dbpedia-entity|colbert-small+point|optimal_per_topic|judge_expr|0.4182
dbpedia-entity|colbert-small+point|optimal_per_topic|rankgpt|0.4395
dbpedia-entity|colbert-small+point|optimal_per_topic|setmaxheaptopk|0.4475
dbpedia-entity|colbert-small+point|quantile|judge|0.5192
dbpedia-entity|colbert-small+point|quantile|judge_expr|0.4592
dbpedia-entity|colbert-small+point|quantile|rankgpt|0.4314
dbpedia-entity|colbert-small+point|quantile|setmaxheaptopk|0.4371
dbpedia-entity|colbert-small+point|rank|judge|0.3347
dbpedia-entity|colbert-small+point|rank|judge_expr|0.3292
dbpedia-entity|colbert-small+point|rank|rankgpt|0.315
dbpedia-entity|colbert-small+point|rank|setmaxheaptopk|0.3348
dbpedia-entity|colbert-small+point|thresholding|judge|0.4199
dbpedia-entity|colbert-small+point|thresholding|judge_expr|0.4002
dbpedia-entity|colbert-small+point|thresholding|rankgpt|0.0
dbpedia-entity|colbert-small+point|thresholding|setmaxheaptopk|0.0
dbpedia-entity|colbert-small+rankfirst|direct|judge|0.6208
dbpedia-entity|colbert-small+rankfirst|direct|judge_expr|0.5401
dbpedia-entity|colbert-small+rankfirst|direct|rankgpt|0.6732
dbpedia-entity|colbert-small+rankfirst|direct|setmaxheaptopk|0.6674
dbpedia-entity|colbert-small+rankfirst|largest_gap|judge|0.5741
dbpedia-entity|colbert-small+rankfirst|largest_gap|judge_expr|0.5719
dbpedia-entity|colbert-small+rankfirst|largest_gap|rankgpt|0.6732
dbpedia-entity|colbert-small+rankfirst|largest_gap|setmaxheaptopk|0.6674
dbpedia-entity|colbert-small+rankfirst|optimal_global|judge|0.511
dbpedia-entity|colbert-small+rankfirst|optimal_global|judge_expr|0.5289
dbpedia-entity|colbert-small+rankfirst|optimal_global|rankgpt|0.6142
dbpedia-entity|colbert-small+rankfirst|optimal_global|setmaxheaptopk|0.6375
dbpedia-entity|colbert-small+rankfirst|optimal_per_topic|judge|0.5748
dbpedia-entity|colbert-small+rankfirst|optimal_per_topic|judge_expr|0.5664
dbpedia-entity|colbert-small+rankfirst|optimal_per_topic|rankgpt|0.6443
dbpedia-entity|colbert-small+rankfirst|optimal_per_topic|setmaxheaptopk|0.6377
dbpedia-entity|colbert-small+rankfirst|quantile|judge|0.6986
dbpedia-entity|colbert-small+rankfirst|quantile|judge_expr|0.6136
dbpedia-entity|colbert-small+rankfirst|quantile|rankgpt|0.6475
dbpedia-entity|colbert-small+rankfirst|quantile|setmaxheaptopk|0.6051
dbpedia-entity|colbert-small+rankfirst|rank|judge|0.4751
dbpedia-entity|colbert-small+rankfirst|rank|judge_expr|0.4347
dbpedia-entity|colbert-small+rankfirst|rank|rankgpt|0.4807
dbpedia-entity|colbert-small+rankfirst|rank|setmaxheaptopk|0.4719
dbpedia-entity|colbert-small+rankfirst|thresholding|judge|0.5212
dbpedia-entity|colbert-small+rankfirst|thresholding|judge_expr|0.4969
dbpedia-entity|colbert-small+rankfirst|thresholding|rankgpt|0.0
dbpedia-entity|colbert-small+rankfirst|thresholding|setmaxheaptopk|0.0
dbpedia-entity|colbert-small+rankgpt|direct|judge|0.5781
dbpedia-entity|colbert-small+rankgpt|direct|judge_expr|0.5175
dbpedia-entity|colbert-small+rankgpt|direct|rankgpt|0.6464
dbpedia-entity|colbert-small+rankgpt|direct|setmaxheaptopk|0.6313
dbpedia-entity|colbert-small+rankgpt|largest_gap|judge|0.5486
dbpedia-entity|colbert-small+rankgpt|largest_gap|judge_expr|0.5422
dbpedia-entity|colbert-small+rankgpt|largest_gap|rankgpt|0.6464
dbpedia-entity|colbert-small+rankgpt|largest_gap|setmaxheaptopk|0.6313
dbpedia-entity|colbert-small+rankgpt|optimal_global|judge|0.4987
dbpedia-entity|colbert-small+rankgpt|optimal_global|judge_expr|0.5131
dbpedia-entity|colbert-small+rankgpt|optimal_global|rankgpt|0.5857
dbpedia-entity|colbert-small+rankgpt|optimal_global|setmaxheaptopk|0.599
dbpedia-entity|colbert-small+rankgpt|optimal_per_topic|judge|0.5404
dbpedia-entity|colbert-small+rankgpt|optimal_per_topic|judge_expr|0.5356
dbpedia-entity|colbert-small+rankgpt|optimal_per_topic|rankgpt|0.6164
dbpedia-entity|colbert-small+rankgpt|optimal_per_topic|setmaxheaptopk|0.5931
dbpedia-entity|colbert-small+rankgpt|quantile|judge|0.6374
dbpedia-entity|colbert-small+rankgpt|quantile|judge_expr|0.5632
dbpedia-entity|colbert-small+rankgpt|quantile|rankgpt|0.585
dbpedia-entity|colbert-small+rankgpt|quantile|setmaxheaptopk|0.5468
dbpedia-entity|colbert-small+rankgpt|rank|judge|0.4224
dbpedia-entity|colbert-small+rankgpt|rank|judge_expr|0.4033
dbpedia-entity|colbert-small+rankgpt|rank|rankgpt|0.4629
dbpedia-entity|colbert-small+rankgpt|rank|setmaxheaptopk|0.429
dbpedia-entity|colbert-small+rankgpt|thresholding|judge|0.5038
dbpedia-entity|colbert-small+rankgpt|thresholding|judge_expr|0.4825
dbpedia-entity|colbert-small+rankgpt|thresholding|rankgpt|0.0
dbpedia-entity|colbert-small+rankgpt|thresholding|setmaxheaptopk|0.0
dbpedia-entity|colbert-small+rankzephyr|direct|judge|0.5897
dbpedia-entity|colbert-small+rankzephyr|direct|judge_expr|0.5155
dbpedia-entity|colbert-small+rankzephyr|direct|rankgpt|0.6175
dbpedia-entity|colbert-small+rankzephyr|direct|setmaxheaptopk|0.6226
dbpedia-entity|colbert-small+rankzephyr|largest_gap|judge|0.5473
dbpedia-entity|colbert-small+rankzephyr|largest_gap|judge_expr|0.5531
dbpedia-entity|colbert-small+rankzephyr|largest_gap|rankgpt|0.6175
dbpedia-entity|colbert-small+rankzephyr|largest_gap|setmaxheaptopk|0.6226
dbpedia-entity|colbert-small+rankzephyr|optimal_global|judge|0.4976
dbpedia-entity|colbert-small+rankzephyr|optimal_global|judge_expr|0.5099
dbpedia-entity|colbert-small+rankzephyr|optimal_global|rankgpt|0.5742
dbpedia-entity|colbert-small+rankzephyr|optimal_global|setmaxheaptopk|0.5994
dbpedia-entity|colbert-small+rankzephyr|optimal_per_topic|judge|0.5459
dbpedia-entity|colbert-small+rankzephyr|optimal_per_topic|judge_expr|0.5371
dbpedia-entity|colbert-small+rankzephyr|optimal_per_topic|rankgpt|0.6144
dbpedia-entity|colbert-small+rankzephyr|optimal_per_topic|setmaxheaptopk|0.6026
dbpedia-entity|colbert-small+rankzephyr|quantile|judge|0.6539
dbpedia-entity|colbert-small+rankzephyr|quantile|judge_expr|0.5813
dbpedia-entity|colbert-small+rankzephyr|quantile|rankgpt|0.5933
dbpedia-entity|colbert-small+rankzephyr|quantile|setmaxheaptopk|0.5651
dbpedia-entity|colbert-small+rankzephyr|rank|judge|0.4372
dbpedia-entity|colbert-small+rankzephyr|rank|judge_expr|0.4067
dbpedia-entity|colbert-small+rankzephyr|rank|rankgpt|0.4557
dbpedia-entity|colbert-small+rankzephyr|rank|setmaxheaptopk|0.447
dbpedia-entity|colbert-small+rankzephyr|thresholding|judge|0.5009
dbpedia-entity|colbert-small+rankzephyr|thresholding|judge_expr|0.4838
dbpedia-entity|colbert-small+rankzephyr|thresholding|rankgpt|0.0
dbpedia-entity|colbert-small+rankzephyr|thresholding|setmaxheaptopk|0.0
dbpedia-entity|colbert-small+setmaxheaptopk|direct|judge|0.5678
dbpedia-entity|colbert-small+setmaxheaptopk|direct|judge_expr|0.523
dbpedia-entity|colbert-small+setmaxheaptopk|direct|rankgpt|0.6348
dbpedia-entity|colbert-small+setmaxheaptopk|direct|setmaxheaptopk|0.6483
dbpedia-entity|colbert-small+setmaxheaptopk|largest_gap|judge|0.5455
dbpedia-entity|colbert-small+setmaxheaptopk|largest_gap|judge_expr|0.553
dbpedia-entity|colbert-small+setmaxheaptopk|largest_gap|rankgpt|0.6348
dbpedia-entity|colbert-small+setmaxheaptopk|largest_gap|setmaxheaptopk|0.6483
dbpedia-entity|colbert-small+setmaxheaptopk|optimal_global|judge|0.5007
dbpedia-entity|colbert-small+setmaxheaptopk|optimal_global|judge_expr|0.5162
dbpedia-entity|colbert-small+setmaxheaptopk|optimal_global|rankgpt|0.5632
dbpedia-entity|colbert-small+setmaxheaptopk|optimal_global|setmaxheaptopk|0.631
dbpedia-entity|colbert-small+setmaxheaptopk|optimal_per_topic|judge|0.529
dbpedia-entity|colbert-small+setmaxheaptopk|optimal_per_topic|judge_expr|0.537
dbpedia-entity|colbert-small+setmaxheaptopk|optimal_per_topic|rankgpt|0.5882
dbpedia-entity|colbert-small+setmaxheaptopk|optimal_per_topic|setmaxheaptopk|0.6045
dbpedia-entity|colbert-small+setmaxheaptopk|quantile|judge|0.6033
dbpedia-entity|colbert-small+setmaxheaptopk|quantile|judge_expr|0.5488
dbpedia-entity|colbert-small+setmaxheaptopk|quantile|rankgpt|0.5448
dbpedia-entity|colbert-small+setmaxheaptopk|quantile|setmaxheaptopk|0.5451
dbpedia-entity|colbert-small+setmaxheaptopk|rank|judge|0.4151
dbpedia-entity|colbert-small+setmaxheaptopk|rank|judge_expr|0.4035
dbpedia-entity|colbert-small+setmaxheaptopk|rank|rankgpt|0.4282
dbpedia-entity|colbert-small+setmaxheaptopk|rank|setmaxheaptopk|0.4564
dbpedia-entity|colbert-small+setmaxheaptopk|thresholding|judge|0.5041
dbpedia-entity|colbert-small+setmaxheaptopk|thresholding|judge_expr|0.4865
dbpedia-entity|colbert-small+setmaxheaptopk|thresholding|rankgpt|0.0
dbpedia-entity|colbert-small+setmaxheaptopk|thresholding|setmaxheaptopk|0.0
dbpedia-entity|nomicai-modernbert-embed|direct|judge|0.5231
dbpedia-entity|nomicai-modernbert-embed|direct|judge_expr|0.4208
dbpedia-entity|nomicai-modernbert-embed|direct|rankgpt|0.5554
dbpedia-entity|nomicai-modernbert-embed|direct|setmaxheaptopk|0.5515
dbpedia-entity|nomicai-modernbert-embed|largest_gap|judge|0.4416
dbpedia-entity|nomicai-modernbert-embed|largest_gap|judge_expr|0.4435
dbpedia-entity|nomicai-modernbert-embed|largest_gap|rankgpt|0.5554
dbpedia-entity|nomicai-modernbert-embed|largest_gap|setmaxheaptopk|0.5515
dbpedia-entity|nomicai-modernbert-embed|optimal_global|judge|0.401
dbpedia-entity|nomicai-modernbert-embed|optimal_global|judge_expr|0.4191
dbpedia-entity|nomicai-modernbert-embed|optimal_global|rankgpt|0.506
dbpedia-entity|nomicai-modernbert-embed|optimal_global|setmaxheaptopk|0.5167
dbpedia-entity|nomicai-modernbert-embed|optimal_per_topic|judge|0.4805
dbpedia-entity|nomicai-modernbert-embed|optimal_per_topic|judge_expr|0.4648
dbpedia-entity|nomicai-modernbert-embed|optimal_per_topic|rankgpt|0.569
dbpedia-entity|nomicai-modernbert-embed|optimal_per_topic|setmaxheaptopk|0.5433
dbpedia-entity|nomicai-modernbert-embed|quantile|judge|0.6844
dbpedia-entity|nomicai-modernbert-embed|quantile|judge_expr|0.5268
dbpedia-entity|nomicai-modernbert-embed|quantile|rankgpt|0.6772
dbpedia-entity|nomicai-modernbert-embed|quantile|setmaxheaptopk|0.5594
dbpedia-entity|nomicai-modernbert-embed|rank|judge|0.4132
dbpedia-entity|nomicai-modernbert-embed|rank|judge_expr|0.3341
dbpedia-entity|nomicai-modernbert-embed|rank|rankgpt|0.4231
dbpedia-entity|nomicai-modernbert-embed|rank|setmaxheaptopk|0.3832
dbpedia-entity|nomicai-modernbert-embed|thresholding|judge|0.4081
dbpedia-entity|nomicai-modernbert-embed|thresholding|judge_expr|0.3943
dbpedia-entity|nomicai-modernbert-embed|thresholding|rankgpt|0.0
dbpedia-entity|nomicai-modernbert-embed|thresholding|setmaxheaptopk|0.0
dbpedia-entity|nomicai-modernbert-embed+judge|direct|judge|0.7036
dbpedia-entity|nomicai-modernbert-embed+judge|direct|judge_expr|0.6526
dbpedia-entity|nomicai-modernbert-embed+judge|direct|rankgpt|0.4294
dbpedia-entity|nomicai-modernbert-embed+judge|direct|setmaxheaptopk|0.423
dbpedia-entity|nomicai-modernbert-embed+judge|largest_gap|judge|0.7408
dbpedia-entity|nomicai-modernbert-embed+judge|largest_gap|judge_expr|0.69
dbpedia-entity|nomicai-modernbert-embed+judge|largest_gap|rankgpt|0.4294
dbpedia-entity|nomicai-modernbert-embed+judge|largest_gap|setmaxheaptopk|0.423
dbpedia-entity|nomicai-modernbert-embed+judge|optimal_global|judge|0.6316
dbpedia-entity|nomicai-modernbert-embed+judge|optimal_global|judge_expr|0.6419
dbpedia-entity|nomicai-modernbert-embed+judge|optimal_global|rankgpt|0.4187
dbpedia-entity|nomicai-modernbert-embed+judge|optimal_global|setmaxheaptopk|0.4313
dbpedia-entity|nomicai-modernbert-embed+judge|optimal_per_topic|judge|0.6472
dbpedia-entity|nomicai-modernbert-embed+judge|optimal_per_topic|judge_expr|0.5585
dbpedia-entity|nomicai-modernbert-embed+judge|optimal_per_topic|rankgpt|0.4657
dbpedia-entity|nomicai-modernbert-embed+judge|optimal_per_topic|setmaxheaptopk|0.4714
dbpedia-entity|nomicai-modernbert-embed+judge|quantile|judge|0.6596
dbpedia-entity|nomicai-modernbert-embed+judge|quantile|judge_expr|0.6115
dbpedia-entity|nomicai-modernbert-embed+judge|quantile|rankgpt|0.4952
dbpedia-entity|nomicai-modernbert-embed+judge|quantile|setmaxheaptopk|0.4896
dbpedia-entity|nomicai-modernbert-embed+judge|rank|judge|0.5217
dbpedia-entity|nomicai-modernbert-embed+judge|rank|judge_expr|0.4896
dbpedia-entity|nomicai-modernbert-embed+judge|rank|rankgpt|0.3534
dbpedia-entity|nomicai-modernbert-embed+judge|rank|setmaxheaptopk|0.3596
dbpedia-entity|nomicai-modernbert-embed+judge|thresholding|judge|0.6368
dbpedia-entity|nomicai-modernbert-embed+judge|thresholding|judge_expr|0.6205
dbpedia-entity|nomicai-modernbert-embed+judge|thresholding|rankgpt|0.0
dbpedia-entity|nomicai-modernbert-embed+judge|thresholding|setmaxheaptopk|0.0
dbpedia-entity|nomicai-modernbert-embed+judge_expr|direct|judge|0.7136
dbpedia-entity|nomicai-modernbert-embed+judge_expr|direct|judge_expr|0.698
dbpedia-entity|nomicai-modernbert-embed+judge_expr|direct|rankgpt|0.5401
dbpedia-entity|nomicai-modernbert-embed+judge_expr|direct|setmaxheaptopk|0.5544
dbpedia-entity|nomicai-modernbert-embed+judge_expr|largest_gap|judge|0.7507
dbpedia-entity|nomicai-modernbert-embed+judge_expr|largest_gap|judge_expr|0.7512
dbpedia-entity|nomicai-modernbert-embed+judge_expr|largest_gap|rankgpt|0.5401
dbpedia-entity|nomicai-modernbert-embed+judge_expr|largest_gap|setmaxheaptopk|0.5544
dbpedia-entity|nomicai-modernbert-embed+judge_expr|optimal_global|judge|0.6509
dbpedia-entity|nomicai-modernbert-embed+judge_expr|optimal_global|judge_expr|0.6698
dbpedia-entity|nomicai-modernbert-embed+judge_expr|optimal_global|rankgpt|0.5074
dbpedia-entity|nomicai-modernbert-embed+judge_expr|optimal_global|setmaxheaptopk|0.5284
dbpedia-entity|nomicai-modernbert-embed+judge_expr|optimal_per_topic|judge|0.6582
dbpedia-entity|nomicai-modernbert-embed+judge_expr|optimal_per_topic|judge_expr|0.6858
dbpedia-entity|nomicai-modernbert-embed+judge_expr|optimal_per_topic|rankgpt|0.5549
dbpedia-entity|nomicai-modernbert-embed+judge_expr|optimal_per_topic|setmaxheaptopk|0.5572
dbpedia-entity|nomicai-modernbert-embed+judge_expr|quantile|judge|0.6939
dbpedia-entity|nomicai-modernbert-embed+judge_expr|quantile|judge_expr|0.6943
dbpedia-entity|nomicai-modernbert-embed+judge_expr|quantile|rankgpt|0.5525
dbpedia-entity|nomicai-modernbert-embed+judge_expr|quantile|setmaxheaptopk|0.5526
dbpedia-entity|nomicai-modernbert-embed+judge_expr|rank|judge|0.5475
dbpedia-entity|nomicai-modernbert-embed+judge_expr|rank|judge_expr|0.646
dbpedia-entity|nomicai-modernbert-embed+judge_expr|rank|rankgpt|0.4089
dbpedia-entity|nomicai-modernbert-embed+judge_expr|rank|setmaxheaptopk|0.4221
dbpedia-entity|nomicai-modernbert-embed+judge_expr|thresholding|judge|0.658
dbpedia-entity|nomicai-modernbert-embed+judge_expr|thresholding|judge_expr|0.6488
dbpedia-entity|nomicai-modernbert-embed+judge_expr|thresholding|rankgpt|0.0
dbpedia-entity|nomicai-modernbert-embed+judge_expr|thresholding|setmaxheaptopk|0.0
dbpedia-entity|nomicai-modernbert-embed+point|direct|judge|0.5458
dbpedia-entity|nomicai-modernbert-embed+point|direct|judge_expr|0.4741
dbpedia-entity|nomicai-modernbert-embed+point|direct|rankgpt|0.4292
dbpedia-entity|nomicai-modernbert-embed+point|direct|setmaxheaptopk|0.4319
dbpedia-entity|nomicai-modernbert-embed+point|largest_gap|judge|0.4957
dbpedia-entity|nomicai-modernbert-embed+point|largest_gap|judge_expr|0.5055
dbpedia-entity|nomicai-modernbert-embed+point|largest_gap|rankgpt|0.4292
dbpedia-entity|nomicai-modernbert-embed+point|largest_gap|setmaxheaptopk|0.4319
dbpedia-entity|nomicai-modernbert-embed+point|optimal_global|judge|0.4405
dbpedia-entity|nomicai-modernbert-embed+point|optimal_global|judge_expr|0.4662
dbpedia-entity|nomicai-modernbert-embed+point|optimal_global|rankgpt|0.4143
dbpedia-entity|nomicai-modernbert-embed+point|optimal_global|setmaxheaptopk|0.4347
dbpedia-entity|nomicai-modernbert-embed+point|optimal_per_topic|judge|0.4857
dbpedia-entity|nomicai-modernbert-embed+point|optimal_per_topic|judge_expr|0.4644
dbpedia-entity|nomicai-modernbert-embed+point|optimal_per_topic|rankgpt|0.4694
dbpedia-entity|nomicai-modernbert-embed+point|optimal_per_topic|setmaxheaptopk|0.471
dbpedia-entity|nomicai-modernbert-embed+point|quantile|judge|0.6172
dbpedia-entity|nomicai-modernbert-embed+point|quantile|judge_expr|0.5343
dbpedia-entity|nomicai-modernbert-embed+point|quantile|rankgpt|0.4994
dbpedia-entity|nomicai-modernbert-embed+point|quantile|setmaxheaptopk|0.5049
dbpedia-entity|nomicai-modernbert-embed+point|rank|judge|0.3824
dbpedia-entity|nomicai-modernbert-embed+point|rank|judge_expr|0.3806
dbpedia-entity|nomicai-modernbert-embed+point|rank|rankgpt|0.3578
dbpedia-entity|nomicai-modernbert-embed+point|rank|setmaxheaptopk|0.3723
dbpedia-entity|nomicai-modernbert-embed+point|thresholding|judge|0.4502
dbpedia-entity|nomicai-modernbert-embed+point|thresholding|judge_expr|0.432
dbpedia-entity|nomicai-modernbert-embed+point|thresholding|rankgpt|0.0
dbpedia-entity|nomicai-modernbert-embed+point|thresholding|setmaxheaptopk|0.0
dbpedia-entity|nomicai-modernbert-embed+rankfirst|direct|judge|0.6566
dbpedia-entity|nomicai-modernbert-embed+rankfirst|direct|judge_expr|0.5693
dbpedia-entity|nomicai-modernbert-embed+rankfirst|direct|rankgpt|0.7052
dbpedia-entity|nomicai-modernbert-embed+rankfirst|direct|setmaxheaptopk|0.7014
dbpedia-entity|nomicai-modernbert-embed+rankfirst|largest_gap|judge|0.6054
dbpedia-entity|nomicai-modernbert-embed+rankfirst|largest_gap|judge_expr|0.6067
dbpedia-entity|nomicai-modernbert-embed+rankfirst|largest_gap|rankgpt|0.7052
dbpedia-entity|nomicai-modernbert-embed+rankfirst|largest_gap|setmaxheaptopk|0.7014
dbpedia-entity|nomicai-modernbert-embed+rankfirst|optimal_global|judge|0.5384
dbpedia-entity|nomicai-modernbert-embed+rankfirst|optimal_global|judge_expr|0.5561
dbpedia-entity|nomicai-modernbert-embed+rankfirst|optimal_global|rankgpt|0.6515
dbpedia-entity|nomicai-modernbert-embed+rankfirst|optimal_global|setmaxheaptopk|0.6767
dbpedia-entity|nomicai-modernbert-embed+rankfirst|optimal_per_topic|judge|0.5992
dbpedia-entity|nomicai-modernbert-embed+rankfirst|optimal_per_topic|judge_expr|0.5933
dbpedia-entity|nomicai-modernbert-embed+rankfirst|optimal_per_topic|rankgpt|0.6742
dbpedia-entity|nomicai-modernbert-embed+rankfirst|optimal_per_topic|setmaxheaptopk|0.6579
dbpedia-entity|nomicai-modernbert-embed+rankfirst|quantile|judge|0.7665
dbpedia-entity|nomicai-modernbert-embed+rankfirst|quantile|judge_expr|0.6662
dbpedia-entity|nomicai-modernbert-embed+rankfirst|quantile|rankgpt|0.7206
dbpedia-entity|nomicai-modernbert-embed+rankfirst|quantile|setmaxheaptopk|0.6646
dbpedia-entity|nomicai-modernbert-embed+rankfirst|rank|judge|0.5196
dbpedia-entity|nomicai-modernbert-embed+rankfirst|rank|judge_expr|0.4675
dbpedia-entity|nomicai-modernbert-embed+rankfirst|rank|rankgpt|0.5246
dbpedia-entity|nomicai-modernbert-embed+rankfirst|rank|setmaxheaptopk|0.5104
dbpedia-entity|nomicai-modernbert-embed+rankfirst|thresholding|judge|0.5461
dbpedia-entity|nomicai-modernbert-embed+rankfirst|thresholding|judge_expr|0.5287
dbpedia-entity|nomicai-modernbert-embed+rankfirst|thresholding|rankgpt|0.0
dbpedia-entity|nomicai-modernbert-embed+rankfirst|thresholding|setmaxheaptopk|0.0
dbpedia-entity|nomicai-modernbert-embed+rankgpt|direct|judge|0.6303
dbpedia-entity|nomicai-modernbert-embed+rankgpt|direct|judge_expr|0.5493
dbpedia-entity|nomicai-modernbert-embed+rankgpt|direct|rankgpt|0.7052
dbpedia-entity|nomicai-modernbert-embed+rankgpt|direct|setmaxheaptopk|0.6638
dbpedia-entity|nomicai-modernbert-embed+rankgpt|largest_gap|judge|0.5769
dbpedia-entity|nomicai-modernbert-embed+rankgpt|largest_gap|judge_expr|0.5772
dbpedia-entity|nomicai-modernbert-embed+rankgpt|largest_gap|rankgpt|0.7052
dbpedia-entity|nomicai-modernbert-embed+rankgpt|largest_gap|setmaxheaptopk|0.6638
dbpedia-entity|nomicai-modernbert-embed+rankgpt|optimal_global|judge|0.5259
dbpedia-entity|nomicai-modernbert-embed+rankgpt|optimal_global|judge_expr|0.5415
dbpedia-entity|nomicai-modernbert-embed+rankgpt|optimal_global|rankgpt|0.667
dbpedia-entity|nomicai-modernbert-embed+rankgpt|optimal_global|setmaxheaptopk|0.6311
dbpedia-entity|nomicai-modernbert-embed+rankgpt|optimal_per_topic|judge|0.5773
dbpedia-entity|nomicai-modernbert-embed+rankgpt|optimal_per_topic|judge_expr|0.5691
dbpedia-entity|nomicai-modernbert-embed+rankgpt|optimal_per_topic|rankgpt|0.6657
dbpedia-entity|nomicai-modernbert-embed+rankgpt|optimal_per_topic|setmaxheaptopk|0.6256
dbpedia-entity|nomicai-modernbert-embed+rankgpt|quantile|judge|0.7302
dbpedia-entity|nomicai-modernbert-embed+rankgpt|quantile|judge_expr|0.6324
dbpedia-entity|nomicai-modernbert-embed+rankgpt|quantile|rankgpt|0.6854
dbpedia-entity|nomicai-modernbert-embed+rankgpt|quantile|setmaxheaptopk|0.6248
dbpedia-entity|nomicai-modernbert-embed+rankgpt|rank|judge|0.4873
dbpedia-entity|nomicai-modernbert-embed+rankgpt|rank|judge_expr|0.4484
dbpedia-entity|nomicai-modernbert-embed+rankgpt|rank|rankgpt|0.5338
dbpedia-entity|nomicai-modernbert-embed+rankgpt|rank|setmaxheaptopk|0.4792
dbpedia-entity|nomicai-modernbert-embed+rankgpt|thresholding|judge|0.53
dbpedia-entity|nomicai-modernbert-embed+rankgpt|thresholding|judge_expr|0.5197
dbpedia-entity|nomicai-modernbert-embed+rankgpt|thresholding|rankgpt|0.0
dbpedia-entity|nomicai-modernbert-embed+rankgpt|thresholding|setmaxheaptopk|0.0
dbpedia-entity|nomicai-modernbert-embed+rankzephyr|direct|judge|0.6336
dbpedia-entity|nomicai-modernbert-embed+rankzephyr|direct|judge_expr|0.5475
dbpedia-entity|nomicai-modernbert-embed+rankzephyr|direct|rankgpt|0.6574
dbpedia-entity|nomicai-modernbert-embed+rankzephyr|direct|setmaxheaptopk|0.6358
dbpedia-entity|nomicai-modernbert-embed+rankzephyr|largest_gap|judge|0.5756
dbpedia-entity|nomicai-modernbert-embed+rankzephyr|largest_gap|judge_expr|0.5825
dbpedia-entity|nomicai-modernbert-embed+rankzephyr|largest_gap|rankgpt|0.6574
dbpedia-entity|nomicai-modernbert-embed+rankzephyr|largest_gap|setmaxheaptopk|0.6358
dbpedia-entity|nomicai-modernbert-embed+rankzephyr|optimal_global|judge|0.526
dbpedia-entity|nomicai-modernbert-embed+rankzephyr|optimal_global|judge_expr|0.5412
dbpedia-entity|nomicai-modernbert-embed+rankzephyr|optimal_global|rankgpt|0.6108
dbpedia-entity|nomicai-modernbert-embed+rankzephyr|optimal_global|setmaxheaptopk|0.6352
dbpedia-entity|nomicai-modernbert-embed+rankzephyr|optimal_per_topic|judge|0.5773
dbpedia-entity|nomicai-modernbert-embed+rankzephyr|optimal_per_topic|judge_expr|0.5704
dbpedia-entity|nomicai-modernbert-embed+rankzephyr|optimal_per_topic|rankgpt|0.6382
dbpedia-entity|nomicai-modernbert-embed+rankzephyr|optimal_per_topic|setmaxheaptopk|0.616
dbpedia-entity|nomicai-modernbert-embed+rankzephyr|quantile|judge|0.7212
dbpedia-entity|nomicai-modernbert-embed+rankzephyr|quantile|judge_expr|0.6379
dbpedia-entity|nomicai-modernbert-embed+rankzephyr|quantile|rankgpt|0.655
dbpedia-entity|nomicai-modernbert-embed+rankzephyr|quantile|setmaxheaptopk|0.6174
dbpedia-entity|nomicai-modernbert-embed+rankzephyr|rank|judge|0.4793
dbpedia-entity|nomicai-modernbert-embed+rankzephyr|rank|judge_expr|0.4463
dbpedia-entity|nomicai-modernbert-embed+rankzephyr|rank|rankgpt|0.4976
dbpedia-entity|nomicai-modernbert-embed+rankzephyr|rank|setmaxheaptopk|0.4802
dbpedia-entity|nomicai-modernbert-embed+rankzephyr|thresholding|judge|0.5317
dbpedia-entity|nomicai-modernbert-embed+rankzephyr|thresholding|judge_expr|0.5179
dbpedia-entity|nomicai-modernbert-embed+rankzephyr|thresholding|rankgpt|0.0
dbpedia-entity|nomicai-modernbert-embed+rankzephyr|thresholding|setmaxheaptopk|0.0
dbpedia-entity|nomicai-modernbert-embed+setmaxheaptopk|direct|judge|0.6105
dbpedia-entity|nomicai-modernbert-embed+setmaxheaptopk|direct|judge_expr|0.5568
dbpedia-entity|nomicai-modernbert-embed+setmaxheaptopk|direct|rankgpt|0.6591
dbpedia-entity|nomicai-modernbert-embed+setmaxheaptopk|direct|setmaxheaptopk|0.6951
dbpedia-entity|nomicai-modernbert-embed+setmaxheaptopk|largest_gap|judge|0.5842
dbpedia-entity|nomicai-modernbert-embed+setmaxheaptopk|largest_gap|judge_expr|0.5948
dbpedia-entity|nomicai-modernbert-embed+setmaxheaptopk|largest_gap|rankgpt|0.6591
dbpedia-entity|nomicai-modernbert-embed+setmaxheaptopk|largest_gap|setmaxheaptopk|0.6951
dbpedia-entity|nomicai-modernbert-embed+setmaxheaptopk|optimal_global|judge|0.5358
dbpedia-entity|nomicai-modernbert-embed+setmaxheaptopk|optimal_global|judge_expr|0.5515
dbpedia-entity|nomicai-modernbert-embed+setmaxheaptopk|optimal_global|rankgpt|0.6037
dbpedia-entity|nomicai-modernbert-embed+setmaxheaptopk|optimal_global|setmaxheaptopk|0.6605
dbpedia-entity|nomicai-modernbert-embed+setmaxheaptopk|optimal_per_topic|judge|0.5683
dbpedia-entity|nomicai-modernbert-embed+setmaxheaptopk|optimal_per_topic|judge_expr|0.5711
dbpedia-entity|nomicai-modernbert-embed+setmaxheaptopk|optimal_per_topic|rankgpt|0.616
dbpedia-entity|nomicai-modernbert-embed+setmaxheaptopk|optimal_per_topic|setmaxheaptopk|0.628
dbpedia-entity|nomicai-modernbert-embed+setmaxheaptopk|quantile|judge|0.672
dbpedia-entity|nomicai-modernbert-embed+setmaxheaptopk|quantile|judge_expr|0.6005
dbpedia-entity|nomicai-modernbert-embed+setmaxheaptopk|quantile|rankgpt|0.6043
dbpedia-entity|nomicai-modernbert-embed+setmaxheaptopk|quantile|setmaxheaptopk|0.6061
dbpedia-entity|nomicai-modernbert-embed+setmaxheaptopk|rank|judge|0.4603
dbpedia-entity|nomicai-modernbert-embed+setmaxheaptopk|rank|judge_expr|0.4408
dbpedia-entity|nomicai-modernbert-embed+setmaxheaptopk|rank|rankgpt|0.4689
dbpedia-entity|nomicai-modernbert-embed+setmaxheaptopk|rank|setmaxheaptopk|0.4966
dbpedia-entity|nomicai-modernbert-embed+setmaxheaptopk|thresholding|judge|0.5372
dbpedia-entity|nomicai-modernbert-embed+setmaxheaptopk|thresholding|judge_expr|0.5238
dbpedia-entity|nomicai-modernbert-embed+setmaxheaptopk|thresholding|rankgpt|0.0
dbpedia-entity|nomicai-modernbert-embed+setmaxheaptopk|thresholding|setmaxheaptopk|0.0
dbpedia-entity|qwen3-embed-600m|direct|judge|0.5442
dbpedia-entity|qwen3-embed-600m|direct|judge_expr|0.4188
dbpedia-entity|qwen3-embed-600m|direct|rankgpt|0.6378
dbpedia-entity|qwen3-embed-600m|direct|setmaxheaptopk|0.6167
dbpedia-entity|qwen3-embed-600m|largest_gap|judge|0.4465
dbpedia-entity|qwen3-embed-600m|largest_gap|judge_expr|0.4483
dbpedia-entity|qwen3-embed-600m|largest_gap|rankgpt|0.6378
dbpedia-entity|qwen3-embed-600m|largest_gap|setmaxheaptopk|0.6167
dbpedia-entity|qwen3-embed-600m|optimal_global|judge|0.401
dbpedia-entity|qwen3-embed-600m|optimal_global|judge_expr|0.4221
dbpedia-entity|qwen3-embed-600m|optimal_global|rankgpt|0.5771
dbpedia-entity|qwen3-embed-600m|optimal_global|setmaxheaptopk|0.5583
dbpedia-entity|qwen3-embed-600m|optimal_per_topic|judge|0.4917
dbpedia-entity|qwen3-embed-600m|optimal_per_topic|judge_expr|0.4715
dbpedia-entity|qwen3-embed-600m|optimal_per_topic|rankgpt|0.6221
dbpedia-entity|qwen3-embed-600m|optimal_per_topic|setmaxheaptopk|0.5748
dbpedia-entity|qwen3-embed-600m|quantile|judge|0.7797
dbpedia-entity|qwen3-embed-600m|quantile|judge_expr|0.5606
dbpedia-entity|qwen3-embed-600m|quantile|rankgpt|1.0
dbpedia-entity|qwen3-embed-600m|quantile|setmaxheaptopk|0.6709
dbpedia-entity|qwen3-embed-600m|rank|judge|0.5236
dbpedia-entity|qwen3-embed-600m|rank|judge_expr|0.3408
dbpedia-entity|qwen3-embed-600m|rank|rankgpt|0.5511
dbpedia-entity|qwen3-embed-600m|rank|setmaxheaptopk|0.4182
dbpedia-entity|qwen3-embed-600m|thresholding|judge|0.4106
dbpedia-entity|qwen3-embed-600m|thresholding|judge_expr|0.3914
dbpedia-entity|qwen3-embed-600m|thresholding|rankgpt|0.0
dbpedia-entity|qwen3-embed-600m|thresholding|setmaxheaptopk|0.0
dbpedia-entity|qwen3-embed-600m+judge|direct|judge|0.9975
dbpedia-entity|qwen3-embed-600m+judge|direct|judge_expr|0.8748
dbpedia-entity|qwen3-embed-600m+judge|direct|rankgpt|0.4618
dbpedia-entity|qwen3-embed-600m+judge|direct|setmaxheaptopk|0.4663
dbpedia-entity|qwen3-embed-600m+judge|largest_gap|judge|0.9975
dbpedia-entity|qwen3-embed-600m+judge|largest_gap|judge_expr|0.9275
dbpedia-entity|qwen3-embed-600m+judge|largest_gap|rankgpt|0.4618
dbpedia-entity|qwen3-embed-600m+judge|largest_gap|setmaxheaptopk|0.4663
dbpedia-entity|qwen3-embed-600m+judge|optimal_global|judge|0.835
dbpedia-entity|qwen3-embed-600m+judge|optimal_global|judge_expr|0.8538
dbpedia-entity|qwen3-embed-600m+judge|optimal_global|rankgpt|0.4806
dbpedia-entity|qwen3-embed-600m+judge|optimal_global|setmaxheaptopk|0.4885
dbpedia-entity|qwen3-embed-600m+judge|optimal_per_topic|judge|0.87
dbpedia-entity|qwen3-embed-600m+judge|optimal_per_topic|judge_expr|0.7036
dbpedia-entity|qwen3-embed-600m+judge|optimal_per_topic|rankgpt|0.5473
dbpedia-entity|qwen3-embed-600m+judge|optimal_per_topic|setmaxheaptopk|0.5537
dbpedia-entity|qwen3-embed-600m+judge|quantile|judge|1.0
dbpedia-entity|qwen3-embed-600m+judge|quantile|judge_expr|0.8959
dbpedia-entity|qwen3-embed-600m+judge|quantile|rankgpt|0.6339
dbpedia-entity|qwen3-embed-600m+judge|quantile|setmaxheaptopk|0.657
dbpedia-entity|qwen3-embed-600m+judge|rank|judge|0.731
dbpedia-entity|qwen3-embed-600m+judge|rank|judge_expr|0.6989
dbpedia-entity|qwen3-embed-600m+judge|rank|rankgpt|0.4326
dbpedia-entity|qwen3-embed-600m+judge|rank|setmaxheaptopk|0.458
dbpedia-entity|qwen3-embed-600m+judge|thresholding|judge|0.8525
dbpedia-entity|qwen3-embed-600m+judge|thresholding|judge_expr|0.8075
dbpedia-entity|qwen3-embed-600m+judge|thresholding|rankgpt|0.0
dbpedia-entity|qwen3-embed-600m+judge|thresholding|setmaxheaptopk|0.0
dbpedia-entity|qwen3-embed-600m+judge_expr|direct|judge|0.9633
dbpedia-entity|qwen3-embed-600m+judge_expr|direct|judge_expr|0.915
dbpedia-entity|qwen3-embed-600m+judge_expr|direct|rankgpt|0.584
dbpedia-entity|qwen3-embed-600m+judge_expr|direct|setmaxheaptopk|0.612
dbpedia-entity|qwen3-embed-600m+judge_expr|largest_gap|judge|0.9724
dbpedia-entity|qwen3-embed-600m+judge_expr|largest_gap|judge_expr|1.0
dbpedia-entity|qwen3-embed-600m+judge_expr|largest_gap|rankgpt|0.584
dbpedia-entity|qwen3-embed-600m+judge_expr|largest_gap|setmaxheaptopk|0.612
dbpedia-entity|qwen3-embed-600m+judge_expr|optimal_global|judge|0.8335
dbpedia-entity|qwen3-embed-600m+judge_expr|optimal_global|judge_expr|0.865
dbpedia-entity|qwen3-embed-600m+judge_expr|optimal_global|rankgpt|0.5747
dbpedia-entity|qwen3-embed-600m+judge_expr|optimal_global|setmaxheaptopk|0.5955
dbpedia-entity|qwen3-embed-600m+judge_expr|optimal_per_topic|judge|0.8504
dbpedia-entity|qwen3-embed-600m+judge_expr|optimal_per_topic|judge_expr|0.87
dbpedia-entity|qwen3-embed-600m+judge_expr|optimal_per_topic|rankgpt|0.6335
dbpedia-entity|qwen3-embed-600m+judge_expr|optimal_per_topic|setmaxheaptopk|0.6456
dbpedia-entity|qwen3-embed-600m+judge_expr|quantile|judge|0.9975
dbpedia-entity|qwen3-embed-600m+judge_expr|quantile|judge_expr|1.0
dbpedia-entity|qwen3-embed-600m+judge_expr|quantile|rankgpt|0.6972
dbpedia-entity|qwen3-embed-600m+judge_expr|quantile|setmaxheaptopk|0.7227
dbpedia-entity|qwen3-embed-600m+judge_expr|rank|judge|0.7284
dbpedia-entity|qwen3-embed-600m+judge_expr|rank|judge_expr|0.9997
dbpedia-entity|qwen3-embed-600m+judge_expr|rank|rankgpt|0.4969
dbpedia-entity|qwen3-embed-600m+judge_expr|rank|setmaxheaptopk|0.5309
dbpedia-entity|qwen3-embed-600m+judge_expr|thresholding|judge|0.8506
dbpedia-entity|qwen3-embed-600m+judge_expr|thresholding|judge_expr|0.8225
dbpedia-entity|qwen3-embed-600m+judge_expr|thresholding|rankgpt|0.0
dbpedia-entity|qwen3-embed-600m+judge_expr|thresholding|setmaxheaptopk|0.0
dbpedia-entity|qwen3-embed-600m+point|direct|judge|0.732
dbpedia-entity|qwen3-embed-600m+point|direct|judge_expr|0.6103
dbpedia-entity|qwen3-embed-600m+point|direct|rankgpt|0.4744
dbpedia-entity|qwen3-embed-600m+point|direct|setmaxheaptopk|0.4791
dbpedia-entity|qwen3-embed-600m+point|largest_gap|judge|0.6172
dbpedia-entity|qwen3-embed-600m+point|largest_gap|judge_expr|0.6471
dbpedia-entity|qwen3-embed-600m+point|largest_gap|rankgpt|0.4744
dbpedia-entity|qwen3-embed-600m+point|largest_gap|setmaxheaptopk|0.4791
dbpedia-entity|qwen3-embed-600m+point|optimal_global|judge|0.5607
dbpedia-entity|qwen3-embed-600m+point|optimal_global|judge_expr|0.6007
dbpedia-entity|qwen3-embed-600m+point|optimal_global|rankgpt|0.4933
dbpedia-entity|qwen3-embed-600m+point|optimal_global|setmaxheaptopk|0.4972
dbpedia-entity|qwen3-embed-600m+point|optimal_per_topic|judge|0.6247
dbpedia-entity|qwen3-embed-600m+point|optimal_per_topic|judge_expr|0.5736
dbpedia-entity|qwen3-embed-600m+point|optimal_per_topic|rankgpt|0.5663
dbpedia-entity|qwen3-embed-600m+point|optimal_per_topic|setmaxheaptopk|0.5767
dbpedia-entity|qwen3-embed-600m+point|quantile|judge|0.9024
dbpedia-entity|qwen3-embed-600m+point|quantile|judge_expr|0.746
dbpedia-entity|qwen3-embed-600m+point|quantile|rankgpt|0.6514
dbpedia-entity|qwen3-embed-600m+point|quantile|setmaxheaptopk|0.6886
dbpedia-entity|qwen3-embed-600m+point|rank|judge|0.4905
dbpedia-entity|qwen3-embed-600m+point|rank|judge_expr|0.5147
dbpedia-entity|qwen3-embed-600m+point|rank|rankgpt|0.4549
dbpedia-entity|qwen3-embed-600m+point|rank|setmaxheaptopk|0.4843
dbpedia-entity|qwen3-embed-600m+point|thresholding|judge|0.582
dbpedia-entity|qwen3-embed-600m+point|thresholding|judge_expr|0.5463
dbpedia-entity|qwen3-embed-600m+point|thresholding|rankgpt|0.0
dbpedia-entity|qwen3-embed-600m+point|thresholding|setmaxheaptopk|0.0
dbpedia-entity|qwen3-embed-600m+rankfirst|direct|judge|0.7463
dbpedia-entity|qwen3-embed-600m+rankfirst|direct|judge_expr|0.6238
dbpedia-entity|qwen3-embed-600m+rankfirst|direct|rankgpt|0.7644
dbpedia-entity|qwen3-embed-600m+rankfirst|direct|setmaxheaptopk|0.7567
dbpedia-entity|qwen3-embed-600m+rankfirst|largest_gap|judge|0.6598
dbpedia-entity|qwen3-embed-600m+rankfirst|largest_gap|judge_expr|0.6667
dbpedia-entity|qwen3-embed-600m+rankfirst|largest_gap|rankgpt|0.7644
dbpedia-entity|qwen3-embed-600m+rankfirst|largest_gap|setmaxheaptopk|0.7567
dbpedia-entity|qwen3-embed-600m+rankfirst|optimal_global|judge|0.5909
dbpedia-entity|qwen3-embed-600m+rankfirst|optimal_global|judge_expr|0.6105
dbpedia-entity|qwen3-embed-600m+rankfirst|optimal_global|rankgpt|0.7341
dbpedia-entity|qwen3-embed-600m+rankfirst|optimal_global|setmaxheaptopk|0.7432
dbpedia-entity|qwen3-embed-600m+rankfirst|optimal_per_topic|judge|0.667
dbpedia-entity|qwen3-embed-600m+rankfirst|optimal_per_topic|judge_expr|0.6509
dbpedia-entity|qwen3-embed-600m+rankfirst|optimal_per_topic|rankgpt|0.7431
dbpedia-entity|qwen3-embed-600m+rankfirst|optimal_per_topic|setmaxheaptopk|0.724
dbpedia-entity|qwen3-embed-600m+rankfirst|quantile|judge|0.9116
dbpedia-entity|qwen3-embed-600m+rankfirst|quantile|judge_expr|0.7736
dbpedia-entity|qwen3-embed-600m+rankfirst|quantile|rankgpt|0.8716
dbpedia-entity|qwen3-embed-600m+rankfirst|quantile|setmaxheaptopk|0.7874
dbpedia-entity|qwen3-embed-600m+rankfirst|rank|judge|0.6044
dbpedia-entity|qwen3-embed-600m+rankfirst|rank|judge_expr|0.5344
dbpedia-entity|qwen3-embed-600m+rankfirst|rank|rankgpt|0.6234
dbpedia-entity|qwen3-embed-600m+rankfirst|rank|setmaxheaptopk|0.5905
dbpedia-entity|qwen3-embed-600m+rankfirst|thresholding|judge|0.6036
dbpedia-entity|qwen3-embed-600m+rankfirst|thresholding|judge_expr|0.5771
dbpedia-entity|qwen3-embed-600m+rankfirst|thresholding|rankgpt|0.0
dbpedia-entity|qwen3-embed-600m+rankfirst|thresholding|setmaxheaptopk|0.0
dbpedia-entity|qwen3-embed-600m+rankgpt|direct|judge|0.7362
dbpedia-entity|qwen3-embed-600m+rankgpt|direct|judge_expr|0.6215
dbpedia-entity|qwen3-embed-600m+rankgpt|direct|rankgpt|1.0
dbpedia-entity|qwen3-embed-600m+rankgpt|direct|setmaxheaptopk|0.7766
dbpedia-entity|qwen3-embed-600m+rankgpt|largest_gap|judge|0.642
dbpedia-entity|qwen3-embed-600m+rankgpt|largest_gap|judge_expr|0.6583
dbpedia-entity|qwen3-embed-600m+rankgpt|largest_gap|rankgpt|1.0
dbpedia-entity|qwen3-embed-600m+rankgpt|largest_gap|setmaxheaptopk|0.7766
dbpedia-entity|qwen3-embed-600m+rankgpt|optimal_global|judge|0.5921
dbpedia-entity|qwen3-embed-600m+rankgpt|optimal_global|judge_expr|0.6135
dbpedia-entity|qwen3-embed-600m+rankgpt|optimal_global|rankgpt|1.0
dbpedia-entity|qwen3-embed-600m+rankgpt|optimal_global|setmaxheaptopk|0.7323
dbpedia-entity|qwen3-embed-600m+rankgpt|optimal_per_topic|judge|0.652
dbpedia-entity|qwen3-embed-600m+rankgpt|optimal_per_topic|judge_expr|0.6278
dbpedia-entity|qwen3-embed-600m+rankgpt|optimal_per_topic|rankgpt|0.87
dbpedia-entity|qwen3-embed-600m+rankgpt|optimal_per_topic|setmaxheaptopk|0.7162
dbpedia-entity|qwen3-embed-600m+rankgpt|quantile|judge|0.9176
dbpedia-entity|qwen3-embed-600m+rankgpt|quantile|judge_expr|0.766
dbpedia-entity|qwen3-embed-600m+rankgpt|quantile|rankgpt|1.0
dbpedia-entity|qwen3-embed-600m+rankgpt|quantile|setmaxheaptopk|0.7851
dbpedia-entity|qwen3-embed-600m+rankgpt|rank|judge|0.5825
dbpedia-entity|qwen3-embed-600m+rankgpt|rank|judge_expr|0.52
dbpedia-entity|qwen3-embed-600m+rankgpt|rank|rankgpt|1.0
dbpedia-entity|qwen3-embed-600m+rankgpt|rank|setmaxheaptopk|0.5849
dbpedia-entity|qwen3-embed-600m+rankgpt|thresholding|judge|0.6037
dbpedia-entity|qwen3-embed-600m+rankgpt|thresholding|judge_expr|0.58
dbpedia-entity|qwen3-embed-600m+rankgpt|thresholding|rankgpt|0.0
dbpedia-entity|qwen3-embed-600m+rankgpt|thresholding|setmaxheaptopk|0.0
dbpedia-entity|qwen3-embed-600m+rankzephyr|direct|judge|0.7614
dbpedia-entity|qwen3-embed-600m+rankzephyr|direct|judge_expr|0.6347
dbpedia-entity|qwen3-embed-600m+rankzephyr|direct|rankgpt|0.7234
dbpedia-entity|qwen3-embed-600m+rankzephyr|direct|setmaxheaptopk|0.7043
dbpedia-entity|qwen3-embed-600m+rankzephyr|largest_gap|judge|0.6614
dbpedia-entity|qwen3-embed-600m+rankzephyr|largest_gap|judge_expr|0.6733
dbpedia-entity|qwen3-embed-600m+rankzephyr|largest_gap|rankgpt|0.7234
dbpedia-entity|qwen3-embed-600m+rankzephyr|largest_gap|setmaxheaptopk|0.7043
dbpedia-entity|qwen3-embed-600m+rankzephyr|optimal_global|judge|0.6067
dbpedia-entity|qwen3-embed-600m+rankzephyr|optimal_global|judge_expr|0.626
dbpedia-entity|qwen3-embed-600m+rankzephyr|optimal_global|rankgpt|0.7163
dbpedia-entity|qwen3-embed-600m+rankzephyr|optimal_global|setmaxheaptopk|0.699
dbpedia-entity|qwen3-embed-600m+rankzephyr|optimal_per_topic|judge|0.6737
dbpedia-entity|qwen3-embed-600m+rankzephyr|optimal_per_topic|judge_expr|0.6512
dbpedia-entity|qwen3-embed-600m+rankzephyr|optimal_per_topic|rankgpt|0.7187
dbpedia-entity|qwen3-embed-600m+rankzephyr|optimal_per_topic|setmaxheaptopk|0.6987
dbpedia-entity|qwen3-embed-600m+rankzephyr|quantile|judge|0.9295
dbpedia-entity|qwen3-embed-600m+rankzephyr|quantile|judge_expr|0.7976
dbpedia-entity|qwen3-embed-600m+rankzephyr|quantile|rankgpt|0.7903
dbpedia-entity|qwen3-embed-600m+rankzephyr|quantile|setmaxheaptopk|0.7617
dbpedia-entity|qwen3-embed-600m+rankzephyr|rank|judge|0.5709
dbpedia-entity|qwen3-embed-600m+rankzephyr|rank|judge_expr|0.5401
dbpedia-entity|qwen3-embed-600m+rankzephyr|rank|rankgpt|0.5911
dbpedia-entity|qwen3-embed-600m+rankzephyr|rank|setmaxheaptopk|0.5762
dbpedia-entity|qwen3-embed-600m+rankzephyr|thresholding|judge|0.6145
dbpedia-entity|qwen3-embed-600m+rankzephyr|thresholding|judge_expr|0.5938
dbpedia-entity|qwen3-embed-600m+rankzephyr|thresholding|rankgpt|0.0
dbpedia-entity|qwen3-embed-600m+rankzephyr|thresholding|setmaxheaptopk|0.0
dbpedia-entity|qwen3-embed-600m+setmaxheaptopk|direct|judge|0.7484
dbpedia-entity|qwen3-embed-600m+setmaxheaptopk|direct|judge_expr|0.6544
dbpedia-entity|qwen3-embed-600m+setmaxheaptopk|direct|rankgpt|0.7837
dbpedia-entity|qwen3-embed-600m+setmaxheaptopk|direct|setmaxheaptopk|1.0
dbpedia-entity|qwen3-embed-600m+setmaxheaptopk|largest_gap|judge|0.677
dbpedia-entity|qwen3-embed-600m+setmaxheaptopk|largest_gap|judge_expr|0.6973
dbpedia-entity|qwen3-embed-600m+setmaxheaptopk|largest_gap|rankgpt|0.7837
dbpedia-entity|qwen3-embed-600m+setmaxheaptopk|largest_gap|setmaxheaptopk|1.0
dbpedia-entity|qwen3-embed-600m+setmaxheaptopk|optimal_global|judge|0.6145
dbpedia-entity|qwen3-embed-600m+setmaxheaptopk|optimal_global|judge_expr|0.6401
dbpedia-entity|qwen3-embed-600m+setmaxheaptopk|optimal_global|rankgpt|0.7223
dbpedia-entity|qwen3-embed-600m+setmaxheaptopk|optimal_global|setmaxheaptopk|1.0
dbpedia-entity|qwen3-embed-600m+setmaxheaptopk|optimal_per_topic|judge|0.6672
dbpedia-entity|qwen3-embed-600m+setmaxheaptopk|optimal_per_topic|judge_expr|0.6546
dbpedia-entity|qwen3-embed-600m+setmaxheaptopk|optimal_per_topic|rankgpt|0.7039
dbpedia-entity|qwen3-embed-600m+setmaxheaptopk|optimal_per_topic|setmaxheaptopk|0.87
dbpedia-entity|qwen3-embed-600m+setmaxheaptopk|quantile|judge|0.9139
dbpedia-entity|qwen3-embed-600m+setmaxheaptopk|quantile|judge_expr|0.7604
dbpedia-entity|qwen3-embed-600m+setmaxheaptopk|quantile|rankgpt|0.7483
dbpedia-entity|qwen3-embed-600m+setmaxheaptopk|quantile|setmaxheaptopk|1.0
dbpedia-entity|qwen3-embed-600m+setmaxheaptopk|rank|judge|0.5501
dbpedia-entity|qwen3-embed-600m+setmaxheaptopk|rank|judge_expr|0.5416
dbpedia-entity|qwen3-embed-600m+setmaxheaptopk|rank|rankgpt|0.5753
dbpedia-entity|qwen3-embed-600m+setmaxheaptopk|rank|setmaxheaptopk|1.0
dbpedia-entity|qwen3-embed-600m+setmaxheaptopk|thresholding|judge|0.6235
dbpedia-entity|qwen3-embed-600m+setmaxheaptopk|thresholding|judge_expr|0.6027
dbpedia-entity|qwen3-embed-600m+setmaxheaptopk|thresholding|rankgpt|0.0
dbpedia-entity|qwen3-embed-600m+setmaxheaptopk|thresholding|setmaxheaptopk|0.0
dbpedia-entity|splade-v3|direct|judge|0.5392
dbpedia-entity|splade-v3|direct|judge_expr|0.4459
dbpedia-entity|splade-v3|direct|rankgpt|0.5657
dbpedia-entity|splade-v3|direct|setmaxheaptopk|0.559
dbpedia-entity|splade-v3|largest_gap|judge|0.4738
dbpedia-entity|splade-v3|largest_gap|judge_expr|0.4747
dbpedia-entity|splade-v3|largest_gap|rankgpt|0.5657
dbpedia-entity|splade-v3|largest_gap|setmaxheaptopk|0.559
dbpedia-entity|splade-v3|optimal_global|judge|0.4271
dbpedia-entity|splade-v3|optimal_global|judge_expr|0.4463
dbpedia-entity|splade-v3|optimal_global|rankgpt|0.5272
dbpedia-entity|splade-v3|optimal_global|setmaxheaptopk|0.5255
dbpedia-entity|splade-v3|optimal_per_topic|judge|0.4961
dbpedia-entity|splade-v3|optimal_per_topic|judge_expr|0.4868
dbpedia-entity|splade-v3|optimal_per_topic|rankgpt|0.5702
dbpedia-entity|splade-v3|optimal_per_topic|setmaxheaptopk|0.5509
dbpedia-entity|splade-v3|quantile|judge|0.6515
dbpedia-entity|splade-v3|quantile|judge_expr|0.5318
dbpedia-entity|splade-v3|quantile|rankgpt|0.6299
dbpedia-entity|splade-v3|quantile|setmaxheaptopk|0.5591
dbpedia-entity|splade-v3|rank|judge|0.4136
dbpedia-entity|splade-v3|rank|judge_expr|0.3594
dbpedia-entity|splade-v3|rank|rankgpt|0.426
dbpedia-entity|splade-v3|rank|setmaxheaptopk|0.4038
dbpedia-entity|splade-v3|thresholding|judge|0.4323
dbpedia-entity|splade-v3|thresholding|judge_expr|0.4185
dbpedia-entity|splade-v3|thresholding|rankgpt|0.0
dbpedia-entity|splade-v3|thresholding|setmaxheaptopk|0.0
dbpedia-entity|splade-v3+judge|direct|judge|0.6347
dbpedia-entity|splade-v3+judge|direct|judge_expr|0.6142
dbpedia-entity|splade-v3+judge|direct|rankgpt|0.3842
dbpedia-entity|splade-v3+judge|direct|setmaxheaptopk|0.3868
dbpedia-entity|splade-v3+judge|largest_gap|judge|0.6959
dbpedia-entity|splade-v3+judge|largest_gap|judge_expr|0.6509
dbpedia-entity|splade-v3+judge|largest_gap|rankgpt|0.3842
dbpedia-entity|splade-v3+judge|largest_gap|setmaxheaptopk|0.3868
dbpedia-entity|splade-v3+judge|optimal_global|judge|0.5908
dbpedia-entity|splade-v3+judge|optimal_global|judge_expr|0.6011
dbpedia-entity|splade-v3+judge|optimal_global|rankgpt|0.3736
dbpedia-entity|splade-v3+judge|optimal_global|setmaxheaptopk|0.3972
dbpedia-entity|splade-v3+judge|optimal_per_topic|judge|0.5935
dbpedia-entity|splade-v3+judge|optimal_per_topic|judge_expr|0.5146
dbpedia-entity|splade-v3+judge|optimal_per_topic|rankgpt|0.4242
dbpedia-entity|splade-v3+judge|optimal_per_topic|setmaxheaptopk|0.4355
dbpedia-entity|splade-v3+judge|quantile|judge|0.5719
dbpedia-entity|splade-v3+judge|quantile|judge_expr|0.5347
dbpedia-entity|splade-v3+judge|quantile|rankgpt|0.435
dbpedia-entity|splade-v3+judge|quantile|setmaxheaptopk|0.4342
dbpedia-entity|splade-v3+judge|rank|judge|0.4547
dbpedia-entity|splade-v3+judge|rank|judge_expr|0.4411
dbpedia-entity|splade-v3+judge|rank|rankgpt|0.314
dbpedia-entity|splade-v3+judge|rank|setmaxheaptopk|0.3235
dbpedia-entity|splade-v3+judge|thresholding|judge|0.5984
dbpedia-entity|splade-v3+judge|thresholding|judge_expr|0.5813
dbpedia-entity|splade-v3+judge|thresholding|rankgpt|0.0
dbpedia-entity|splade-v3+judge|thresholding|setmaxheaptopk|0.0
dbpedia-entity|splade-v3+judge_expr|direct|judge|0.6592
dbpedia-entity|splade-v3+judge_expr|direct|judge_expr|0.6682
dbpedia-entity|splade-v3+judge_expr|direct|rankgpt|0.5018
dbpedia-entity|splade-v3+judge_expr|direct|setmaxheaptopk|0.5224
dbpedia-entity|splade-v3+judge_expr|largest_gap|judge|0.7189
dbpedia-entity|splade-v3+judge_expr|largest_gap|judge_expr|0.725
dbpedia-entity|splade-v3+judge_expr|largest_gap|rankgpt|0.5018
dbpedia-entity|splade-v3+judge_expr|largest_gap|setmaxheaptopk|0.5224
dbpedia-entity|splade-v3+judge_expr|optimal_global|judge|0.618
dbpedia-entity|splade-v3+judge_expr|optimal_global|judge_expr|0.6354
dbpedia-entity|splade-v3+judge_expr|optimal_global|rankgpt|0.47
dbpedia-entity|splade-v3+judge_expr|optimal_global|setmaxheaptopk|0.502
dbpedia-entity|splade-v3+judge_expr|optimal_per_topic|judge|0.6202
dbpedia-entity|splade-v3+judge_expr|optimal_per_topic|judge_expr|0.6552
dbpedia-entity|splade-v3+judge_expr|optimal_per_topic|rankgpt|0.5218
dbpedia-entity|splade-v3+judge_expr|optimal_per_topic|setmaxheaptopk|0.5244
dbpedia-entity|splade-v3+judge_expr|quantile|judge|0.6158
dbpedia-entity|splade-v3+judge_expr|quantile|judge_expr|0.6153
dbpedia-entity|splade-v3+judge_expr|quantile|rankgpt|0.4988
dbpedia-entity|splade-v3+judge_expr|quantile|setmaxheaptopk|0.4959
dbpedia-entity|splade-v3+judge_expr|rank|judge|0.4923
dbpedia-entity|splade-v3+judge_expr|rank|judge_expr|0.5863
dbpedia-entity|splade-v3+judge_expr|rank|rankgpt|0.3777
dbpedia-entity|splade-v3+judge_expr|rank|setmaxheaptopk|0.3858
dbpedia-entity|splade-v3+judge_expr|thresholding|judge|0.6266
dbpedia-entity|splade-v3+judge_expr|thresholding|judge_expr|0.6175
dbpedia-entity|splade-v3+judge_expr|thresholding|rankgpt|0.0
dbpedia-entity|splade-v3+judge_expr|thresholding|setmaxheaptopk|0.0
dbpedia-entity|splade-v3+point|direct|judge|0.4813
dbpedia-entity|splade-v3+point|direct|judge_expr|0.4311
dbpedia-entity|splade-v3+point|direct|rankgpt|0.3891
dbpedia-entity|splade-v3+point|direct|setmaxheaptopk|0.4033
dbpedia-entity|splade-v3+point|largest_gap|judge|0.4446
dbpedia-entity|splade-v3+point|largest_gap|judge_expr|0.4574
dbpedia-entity|splade-v3+point|largest_gap|rankgpt|0.3891
dbpedia-entity|splade-v3+point|largest_gap|setmaxheaptopk|0.4033
dbpedia-entity|splade-v3+point|optimal_global|judge|0.3978
dbpedia-entity|splade-v3+point|optimal_global|judge_expr|0.4243
dbpedia-entity|splade-v3+point|optimal_global|rankgpt|0.3784
dbpedia-entity|splade-v3+point|optimal_global|setmaxheaptopk|0.4024
dbpedia-entity|splade-v3+point|optimal_per_topic|judge|0.4429
dbpedia-entity|splade-v3+point|optimal_per_topic|judge_expr|0.4282
dbpedia-entity|splade-v3+point|optimal_per_topic|rankgpt|0.4321
dbpedia-entity|splade-v3+point|optimal_per_topic|setmaxheaptopk|0.4429
dbpedia-entity|splade-v3+point|quantile|judge|0.5183
dbpedia-entity|splade-v3+point|quantile|judge_expr|0.4568
dbpedia-entity|splade-v3+point|quantile|rankgpt|0.4268
dbpedia-entity|splade-v3+point|quantile|setmaxheaptopk|0.4344
dbpedia-entity|splade-v3+point|rank|judge|0.3313
dbpedia-entity|splade-v3+point|rank|judge_expr|0.3362
dbpedia-entity|splade-v3+point|rank|rankgpt|0.3168
dbpedia-entity|splade-v3+point|rank|setmaxheaptopk|0.3309
dbpedia-entity|splade-v3+point|thresholding|judge|0.409
dbpedia-entity|splade-v3+point|thresholding|judge_expr|0.3914
dbpedia-entity|splade-v3+point|thresholding|rankgpt|0.0
dbpedia-entity|splade-v3+point|thresholding|setmaxheaptopk|0.0
dbpedia-entity|splade-v3+rankfirst|direct|judge|0.6399
dbpedia-entity|splade-v3+rankfirst|direct|judge_expr|0.5587
dbpedia-entity|splade-v3+rankfirst|direct|rankgpt|0.6907
dbpedia-entity|splade-v3+rankfirst|direct|setmaxheaptopk|0.6844
dbpedia-entity|splade-v3+rankfirst|largest_gap|judge|0.5944
dbpedia-entity|splade-v3+rankfirst|largest_gap|judge_expr|0.5959
dbpedia-entity|splade-v3+rankfirst|largest_gap|rankgpt|0.6907
dbpedia-entity|splade-v3+rankfirst|largest_gap|setmaxheaptopk|0.6844
dbpedia-entity|splade-v3+rankfirst|optimal_global|judge|0.5287
dbpedia-entity|splade-v3+rankfirst|optimal_global|judge_expr|0.5477
dbpedia-entity|splade-v3+rankfirst|optimal_global|rankgpt|0.6478
dbpedia-entity|splade-v3+rankfirst|optimal_global|setmaxheaptopk|0.6727
dbpedia-entity|splade-v3+rankfirst|optimal_per_topic|judge|0.5925
dbpedia-entity|splade-v3+rankfirst|optimal_per_topic|judge_expr|0.5922
dbpedia-entity|splade-v3+rankfirst|optimal_per_topic|rankgpt|0.6622
dbpedia-entity|splade-v3+rankfirst|optimal_per_topic|setmaxheaptopk|0.6526
dbpedia-entity|splade-v3+rankfirst|quantile|judge|0.7145
dbpedia-entity|splade-v3+rankfirst|quantile|judge_expr|0.6371
dbpedia-entity|splade-v3+rankfirst|quantile|rankgpt|0.6686
dbpedia-entity|splade-v3+rankfirst|quantile|setmaxheaptopk|0.6328
dbpedia-entity|splade-v3+rankfirst|rank|judge|0.4935
dbpedia-entity|splade-v3+rankfirst|rank|judge_expr|0.4567
dbpedia-entity|splade-v3+rankfirst|rank|rankgpt|0.5086
dbpedia-entity|splade-v3+rankfirst|rank|setmaxheaptopk|0.5045
dbpedia-entity|splade-v3+rankfirst|thresholding|judge|0.5392
dbpedia-entity|splade-v3+rankfirst|thresholding|judge_expr|0.5196
dbpedia-entity|splade-v3+rankfirst|thresholding|rankgpt|0.0
dbpedia-entity|splade-v3+rankfirst|thresholding|setmaxheaptopk|0.0
dbpedia-entity|splade-v3+rankgpt|direct|judge|0.5965
dbpedia-entity|splade-v3+rankgpt|direct|judge_expr|0.5283
dbpedia-entity|splade-v3+rankgpt|direct|rankgpt|0.664
dbpedia-entity|splade-v3+rankgpt|direct|setmaxheaptopk|0.637
dbpedia-entity|splade-v3+rankgpt|largest_gap|judge|0.5551
dbpedia-entity|splade-v3+rankgpt|largest_gap|judge_expr|0.5593
dbpedia-entity|splade-v3+rankgpt|largest_gap|rankgpt|0.664
dbpedia-entity|splade-v3+rankgpt|largest_gap|setmaxheaptopk|0.637
dbpedia-entity|splade-v3+rankgpt|optimal_global|judge|0.4981
dbpedia-entity|splade-v3+rankgpt|optimal_global|judge_expr|0.5164
dbpedia-entity|splade-v3+rankgpt|optimal_global|rankgpt|0.6277
dbpedia-entity|splade-v3+rankgpt|optimal_global|setmaxheaptopk|0.6042
dbpedia-entity|splade-v3+rankgpt|optimal_per_topic|judge|0.5632
dbpedia-entity|splade-v3+rankgpt|optimal_per_topic|judge_expr|0.5652
dbpedia-entity|splade-v3+rankgpt|optimal_per_topic|rankgpt|0.6369
dbpedia-entity|splade-v3+rankgpt|optimal_per_topic|setmaxheaptopk|0.6111
dbpedia-entity|splade-v3+rankgpt|quantile|judge|0.6584
dbpedia-entity|splade-v3+rankgpt|quantile|judge_expr|0.5814
dbpedia-entity|splade-v3+rankgpt|quantile|rankgpt|0.6111
dbpedia-entity|splade-v3+rankgpt|quantile|setmaxheaptopk|0.5662
dbpedia-entity|splade-v3+rankgpt|rank|judge|0.4372
dbpedia-entity|splade-v3+rankgpt|rank|judge_expr|0.4219
dbpedia-entity|splade-v3+rankgpt|rank|rankgpt|0.4849
dbpedia-entity|splade-v3+rankgpt|rank|setmaxheaptopk|0.4479
dbpedia-entity|splade-v3+rankgpt|thresholding|judge|0.5037
dbpedia-entity|splade-v3+rankgpt|thresholding|judge_expr|0.4934
dbpedia-entity|splade-v3+rankgpt|thresholding|rankgpt|0.0
dbpedia-entity|splade-v3+rankgpt|thresholding|setmaxheaptopk|0.0
dbpedia-entity|splade-v3+rankzephyr|direct|judge|0.606
dbpedia-entity|splade-v3+rankzephyr|direct|judge_expr|0.5353
dbpedia-entity|splade-v3+rankzephyr|direct|rankgpt|0.6358
dbpedia-entity|splade-v3+rankzephyr|direct|setmaxheaptopk|0.6357
dbpedia-entity|splade-v3+rankzephyr|largest_gap|judge|0.5606
dbpedia-entity|splade-v3+rankzephyr|largest_gap|judge_expr|0.5721
dbpedia-entity|splade-v3+rankzephyr|largest_gap|rankgpt|0.6358
dbpedia-entity|splade-v3+rankzephyr|largest_gap|setmaxheaptopk|0.6357
dbpedia-entity|splade-v3+rankzephyr|optimal_global|judge|0.5112
dbpedia-entity|splade-v3+rankzephyr|optimal_global|judge_expr|0.5309
dbpedia-entity|splade-v3+rankzephyr|optimal_global|rankgpt|0.597
dbpedia-entity|splade-v3+rankzephyr|optimal_global|setmaxheaptopk|0.6181
dbpedia-entity|splade-v3+rankzephyr|optimal_per_topic|judge|0.5694
dbpedia-entity|splade-v3+rankzephyr|optimal_per_topic|judge_expr|0.5635
dbpedia-entity|splade-v3+rankzephyr|optimal_per_topic|rankgpt|0.6221
dbpedia-entity|splade-v3+rankzephyr|optimal_per_topic|setmaxheaptopk|0.6102
dbpedia-entity|splade-v3+rankzephyr|quantile|judge|0.6656
dbpedia-entity|splade-v3+rankzephyr|quantile|judge_expr|0.5982
dbpedia-entity|splade-v3+rankzephyr|quantile|rankgpt|0.6115
dbpedia-entity|splade-v3+rankzephyr|quantile|setmaxheaptopk|0.5787
dbpedia-entity|splade-v3+rankzephyr|rank|judge|0.454
dbpedia-entity|splade-v3+rankzephyr|rank|judge_expr|0.426
dbpedia-entity|splade-v3+rankzephyr|rank|rankgpt|0.4768
dbpedia-entity|splade-v3+rankzephyr|rank|setmaxheaptopk|0.4605
dbpedia-entity|splade-v3+rankzephyr|thresholding|judge|0.5178
dbpedia-entity|splade-v3+rankzephyr|thresholding|judge_expr|0.5045
dbpedia-entity|splade-v3+rankzephyr|thresholding|rankgpt|0.0
dbpedia-entity|splade-v3+rankzephyr|thresholding|setmaxheaptopk|0.0
dbpedia-entity|splade-v3+setmaxheaptopk|direct|judge|0.584
dbpedia-entity|splade-v3+setmaxheaptopk|direct|judge_expr|0.5351
dbpedia-entity|splade-v3+setmaxheaptopk|direct|rankgpt|0.6478
dbpedia-entity|splade-v3+setmaxheaptopk|direct|setmaxheaptopk|0.667
dbpedia-entity|splade-v3+setmaxheaptopk|largest_gap|judge|0.5631
dbpedia-entity|splade-v3+setmaxheaptopk|largest_gap|judge_expr|0.5659
dbpedia-entity|splade-v3+setmaxheaptopk|largest_gap|rankgpt|0.6478
dbpedia-entity|splade-v3+setmaxheaptopk|largest_gap|setmaxheaptopk|0.667
dbpedia-entity|splade-v3+setmaxheaptopk|optimal_global|judge|0.512
dbpedia-entity|splade-v3+setmaxheaptopk|optimal_global|judge_expr|0.5268
dbpedia-entity|splade-v3+setmaxheaptopk|optimal_global|rankgpt|0.5905
dbpedia-entity|splade-v3+setmaxheaptopk|optimal_global|setmaxheaptopk|0.6452
dbpedia-entity|splade-v3+setmaxheaptopk|optimal_per_topic|judge|0.5581
dbpedia-entity|splade-v3+setmaxheaptopk|optimal_per_topic|judge_expr|0.5672
dbpedia-entity|splade-v3+setmaxheaptopk|optimal_per_topic|rankgpt|0.6034
dbpedia-entity|splade-v3+setmaxheaptopk|optimal_per_topic|setmaxheaptopk|0.6153
dbpedia-entity|splade-v3+setmaxheaptopk|quantile|judge|0.6163
dbpedia-entity|splade-v3+setmaxheaptopk|quantile|judge_expr|0.562
dbpedia-entity|splade-v3+setmaxheaptopk|quantile|rankgpt|0.5583
dbpedia-entity|splade-v3+setmaxheaptopk|quantile|setmaxheaptopk|0.5619
dbpedia-entity|splade-v3+setmaxheaptopk|rank|judge|0.432
dbpedia-entity|splade-v3+setmaxheaptopk|rank|judge_expr|0.4282
dbpedia-entity|splade-v3+setmaxheaptopk|rank|rankgpt|0.4466
dbpedia-entity|splade-v3+setmaxheaptopk|rank|setmaxheaptopk|0.476
dbpedia-entity|splade-v3+setmaxheaptopk|thresholding|judge|0.5115
dbpedia-entity|splade-v3+setmaxheaptopk|thresholding|judge_expr|0.5028
dbpedia-entity|splade-v3+setmaxheaptopk|thresholding|rankgpt|0.0
dbpedia-entity|splade-v3+setmaxheaptopk|thresholding|setmaxheaptopk|0.0
nfcorpus|bm25|direct|judge|0.5136
nfcorpus|bm25|direct|judge_expr|0.4971
nfcorpus|bm25|direct|rankgpt|0.4451
nfcorpus|bm25|direct|setmaxheaptopk|0.4921
nfcorpus|bm25|largest_gap|judge|0.5006
nfcorpus|bm25|largest_gap|judge_expr|0.5127
nfcorpus|bm25|largest_gap|rankgpt|0.4451
nfcorpus|bm25|largest_gap|setmaxheaptopk|0.4921
nfcorpus|bm25|optimal_global|judge|0.493
nfcorpus|bm25|optimal_global|judge_expr|0.4428
nfcorpus|bm25|optimal_global|rankgpt|0.4031
nfcorpus|bm25|optimal_global|setmaxheaptopk|0.4627
nfcorpus|bm25|optimal_per_topic|judge|0.1968
nfcorpus|bm25|optimal_per_topic|judge_expr|0.1914
nfcorpus|bm25|optimal_per_topic|rankgpt|0.1836
nfcorpus|bm25|optimal_per_topic|setmaxheaptopk|0.1991
nfcorpus|bm25|quantile|judge|0.534
nfcorpus|bm25|quantile|judge_expr|0.4453
nfcorpus|bm25|quantile|rankgpt|0.5124
nfcorpus|bm25|quantile|setmaxheaptopk|0.4927
nfcorpus|bm25|rank|judge|0.3621
nfcorpus|bm25|rank|judge_expr|0.3253
nfcorpus|bm25|rank|rankgpt|0.3072
nfcorpus|bm25|rank|setmaxheaptopk|0.3663
nfcorpus|bm25|thresholding|judge|0.5055
nfcorpus|bm25|thresholding|judge_expr|0.4862
nfcorpus|bm25|thresholding|rankgpt|0.0
nfcorpus|bm25|thresholding|setmaxheaptopk|0.0
nfcorpus|bm25+judge|direct|judge|0.6575
nfcorpus|bm25+judge|direct|judge_expr|0.6717
nfcorpus|bm25+judge|direct|rankgpt|0.4302
nfcorpus|bm25+judge|direct|setmaxheaptopk|0.4655
nfcorpus|bm25+judge|largest_gap|judge|0.7026
nfcorpus|bm25+judge|largest_gap|judge_expr|0.6943
nfcorpus|bm25+judge|largest_gap|rankgpt|0.4302
nfcorpus|bm25+judge|largest_gap|setmaxheaptopk|0.4655
nfcorpus|bm25+judge|optimal_global|judge|0.6643
nfcorpus|bm25+judge|optimal_global|judge_expr|0.6076
nfcorpus|bm25+judge|optimal_global|rankgpt|0.3937
nfcorpus|bm25+judge|optimal_global|setmaxheaptopk|0.4523
nfcorpus|bm25+judge|optimal_per_topic|judge|0.2828
nfcorpus|bm25+judge|optimal_per_topic|judge_expr|0.242
nfcorpus|bm25+judge|optimal_per_topic|rankgpt|0.2012
nfcorpus|bm25+judge|optimal_per_topic|setmaxheaptopk|0.21
nfcorpus|bm25+judge|quantile|judge|0.6231
nfcorpus|bm25+judge|quantile|judge_expr|0.581
nfcorpus|bm25+judge|quantile|rankgpt|0.4781
nfcorpus|bm25+judge|quantile|setmaxheaptopk|0.4636
nfcorpus|bm25+judge|rank|judge|0.486
nfcorpus|bm25+judge|rank|judge_expr|0.4649
nfcorpus|bm25+judge|rank|rankgpt|0.3144
nfcorpus|bm25+judge|rank|setmaxheaptopk|0.3566
nfcorpus|bm25+judge|thresholding|judge|0.6746
nfcorpus|bm25+judge|thresholding|judge_expr|0.6568
nfcorpus|bm25+judge|thresholding|rankgpt|0.0
nfcorpus|bm25+judge|thresholding|setmaxheaptopk|0.0
nfcorpus|bm25+judge_expr|direct|judge|0.67
nfcorpus|bm25+judge_expr|direct|judge_expr|0.695
nfcorpus|bm25+judge_expr|direct|rankgpt|0.4802
nfcorpus|bm25+judge_expr|direct|setmaxheaptopk|0.527
nfcorpus|bm25+judge_expr|largest_gap|judge|0.7133
nfcorpus|bm25+judge_expr|largest_gap|judge_expr|0.7149
nfcorpus|bm25+judge_expr|largest_gap|rankgpt|0.4802
nfcorpus|bm25+judge_expr|largest_gap|setmaxheaptopk|0.527
nfcorpus|bm25+judge_expr|optimal_global|judge|0.6772
nfcorpus|bm25+judge_expr|optimal_global|judge_expr|0.6317
nfcorpus|bm25+judge_expr|optimal_global|rankgpt|0.4412
nfcorpus|bm25+judge_expr|optimal_global|setmaxheaptopk|0.5048
nfcorpus|bm25+judge_expr|optimal_per_topic|judge|0.2885
nfcorpus|bm25+judge_expr|optimal_per_topic|judge_expr|0.2879
nfcorpus|bm25+judge_expr|optimal_per_topic|rankgpt|0.2173
nfcorpus|bm25+judge_expr|optimal_per_topic|setmaxheaptopk|0.2301
nfcorpus|bm25+judge_expr|quantile|judge|0.6403
nfcorpus|bm25+judge_expr|quantile|judge_expr|0.6347
nfcorpus|bm25+judge_expr|quantile|rankgpt|0.5092
nfcorpus|bm25+judge_expr|quantile|setmaxheaptopk|0.5059
nfcorpus|bm25+judge_expr|rank|judge|0.5092
nfcorpus|bm25+judge_expr|rank|judge_expr|0.5627
nfcorpus|bm25+judge_expr|rank|rankgpt|0.3463
nfcorpus|bm25+judge_expr|rank|setmaxheaptopk|0.3965
nfcorpus|bm25+judge_expr|thresholding|judge|0.6873
nfcorpus|bm25+judge_expr|thresholding|judge_expr|0.6729
nfcorpus|bm25+judge_expr|thresholding|rankgpt|0.0
nfcorpus|bm25+judge_expr|thresholding|setmaxheaptopk|0.0
nfcorpus|bm25+point|direct|judge|0.5468
nfcorpus|bm25+point|direct|judge_expr|0.5371
nfcorpus|bm25+point|direct|rankgpt|0.4569
nfcorpus|bm25+point|direct|setmaxheaptopk|0.4746
nfcorpus|bm25+point|largest_gap|judge|0.5231
nfcorpus|bm25+point|largest_gap|judge_expr|0.5593
nfcorpus|bm25+point|largest_gap|rankgpt|0.4569
nfcorpus|bm25+point|largest_gap|setmaxheaptopk|0.4746
nfcorpus|bm25+point|optimal_global|judge|0.5274
nfcorpus|bm25+point|optimal_global|judge_expr|0.4663
nfcorpus|bm25+point|optimal_global|rankgpt|0.4043
nfcorpus|bm25+point|optimal_global|setmaxheaptopk|0.4764
nfcorpus|bm25+point|optimal_per_topic|judge|0.23
nfcorpus|bm25+point|optimal_per_topic|judge_expr|0.2159
nfcorpus|bm25+point|optimal_per_topic|rankgpt|0.227
nfcorpus|bm25+point|optimal_per_topic|setmaxheaptopk|0.241
nfcorpus|bm25+point|quantile|judge|0.5548
nfcorpus|bm25+point|quantile|judge_expr|0.4852
nfcorpus|bm25+point|quantile|rankgpt|0.4843
nfcorpus|bm25+point|quantile|setmaxheaptopk|0.4774
nfcorpus|bm25+point|rank|judge|0.3704
nfcorpus|bm25+point|rank|judge_expr|0.3576
nfcorpus|bm25+point|rank|rankgpt|0.3225
nfcorpus|bm25+point|rank|setmaxheaptopk|0.3817
nfcorpus|bm25+point|thresholding|judge|0.5491
nfcorpus|bm25+point|thresholding|judge_expr|0.5249
nfcorpus|bm25+point|thresholding|rankgpt|0.0
nfcorpus|bm25+point|thresholding|setmaxheaptopk|0.0
nfcorpus|bm25+rankfirst|direct|judge|0.5951
nfcorpus|bm25+rankfirst|direct|judge_expr|0.5881
nfcorpus|bm25+rankfirst|direct|rankgpt|0.5616
nfcorpus|bm25+rankfirst|direct|setmaxheaptopk|0.6
nfcorpus|bm25+rankfirst|largest_gap|judge|0.5808
nfcorpus|bm25+rankfirst|largest_gap|judge_expr|0.6094
nfcorpus|bm25+rankfirst|largest_gap|rankgpt|0.5616
nfcorpus|bm25+rankfirst|largest_gap|setmaxheaptopk|0.6
nfcorpus|bm25+rankfirst|optimal_global|judge|0.5815
nfcorpus|bm25+rankfirst|optimal_global|judge_expr|0.5304
nfcorpus|bm25+rankfirst|optimal_global|rankgpt|0.5096
nfcorpus|bm25+rankfirst|optimal_global|setmaxheaptopk|0.5801
nfcorpus|bm25+rankfirst|optimal_per_topic|judge|0.2513
nfcorpus|bm25+rankfirst|optimal_per_topic|judge_expr|0.2376
nfcorpus|bm25+rankfirst|optimal_per_topic|rankgpt|0.2472
nfcorpus|bm25+rankfirst|optimal_per_topic|setmaxheaptopk|0.2673
nfcorpus|bm25+rankfirst|quantile|judge|0.6062
nfcorpus|bm25+rankfirst|quantile|judge_expr|0.5334
nfcorpus|bm25+rankfirst|quantile|rankgpt|0.5654
nfcorpus|bm25+rankfirst|quantile|setmaxheaptopk|0.5523
nfcorpus|bm25+rankfirst|rank|judge|0.4308
nfcorpus|bm25+rankfirst|rank|judge_expr|0.4024
nfcorpus|bm25+rankfirst|rank|rankgpt|0.3839
nfcorpus|bm25+rankfirst|rank|setmaxheaptopk|0.4419
nfcorpus|bm25+rankfirst|thresholding|judge|0.5929
nfcorpus|bm25+rankfirst|thresholding|judge_expr|0.578
nfcorpus|bm25+rankfirst|thresholding|rankgpt|0.0
nfcorpus|bm25+rankfirst|thresholding|setmaxheaptopk|0.0
nfcorpus|bm25+rankgpt|direct|judge|0.5355
nfcorpus|bm25+rankgpt|direct|judge_expr|0.5339
nfcorpus|bm25+rankgpt|direct|rankgpt|0.5172
nfcorpus|bm25+rankgpt|direct|setmaxheaptopk|0.5336
nfcorpus|bm25+rankgpt|largest_gap|judge|0.5331
nfcorpus|bm25+rankgpt|largest_gap|judge_expr|0.5488
nfcorpus|bm25+rankgpt|largest_gap|rankgpt|0.5172
nfcorpus|bm25+rankgpt|largest_gap|setmaxheaptopk|0.5336
nfcorpus|bm25+rankgpt|optimal_global|judge|0.529
nfcorpus|bm25+rankgpt|optimal_global|judge_expr|0.4895
nfcorpus|bm25+rankgpt|optimal_global|rankgpt|0.4656
nfcorpus|bm25+rankgpt|optimal_global|setmaxheaptopk|0.4962
nfcorpus|bm25+rankgpt|optimal_per_topic|judge|0.2149
nfcorpus|bm25+rankgpt|optimal_per_topic|judge_expr|0.2093
nfcorpus|bm25+rankgpt|optimal_per_topic|rankgpt|0.2211
nfcorpus|bm25+rankgpt|optimal_per_topic|setmaxheaptopk|0.2258
nfcorpus|bm25+rankgpt|quantile|judge|0.5394
nfcorpus|bm25+rankgpt|quantile|judge_expr|0.469
nfcorpus|bm25+rankgpt|quantile|rankgpt|0.5056
nfcorpus|bm25+rankgpt|quantile|setmaxheaptopk|0.4776
nfcorpus|bm25+rankgpt|rank|judge|0.3706
nfcorpus|bm25+rankgpt|rank|judge_expr|0.3479
nfcorpus|bm25+rankgpt|rank|rankgpt|0.3554
nfcorpus|bm25+rankgpt|rank|setmaxheaptopk|0.3757
nfcorpus|bm25+rankgpt|thresholding|judge|0.5363
nfcorpus|bm25+rankgpt|thresholding|judge_expr|0.5215
nfcorpus|bm25+rankgpt|thresholding|rankgpt|0.0
nfcorpus|bm25+rankgpt|thresholding|setmaxheaptopk|0.0
nfcorpus|bm25+rankzephyr|direct|judge|0.5092
nfcorpus|bm25+rankzephyr|direct|judge_expr|0.4934
nfcorpus|bm25+rankzephyr|direct|rankgpt|0.4473
nfcorpus|bm25+rankzephyr|largest_gap|judge|0.4972
nfcorpus|bm25+rankzephyr|largest_gap|judge_expr|0.5093
nfcorpus|bm25+rankzephyr|largest_gap|rankgpt|0.4473
nfcorpus|bm25+rankzephyr|optimal_global|judge|0.4882
nfcorpus|bm25+rankzephyr|optimal_global|judge_expr|0.4386
nfcorpus|bm25+rankzephyr|optimal_global|rankgpt|0.3994
nfcorpus|bm25+rankzephyr|optimal_per_topic|judge|0.1926
nfcorpus|bm25+rankzephyr|optimal_per_topic|judge_expr|0.189
nfcorpus|bm25+rankzephyr|optimal_per_topic|rankgpt|0.1793
nfcorpus|bm25+rankzephyr|quantile|judge|0.53
nfcorpus|bm25+rankzephyr|quantile|judge_expr|0.4402
nfcorpus|bm25+rankzephyr|quantile|rankgpt|0.5067
nfcorpus|bm25+rankzephyr|rank|judge|0.3576
nfcorpus|bm25+rankzephyr|rank|judge_expr|0.3209
nfcorpus|bm25+rankzephyr|rank|rankgpt|0.3035
nfcorpus|bm25+rankzephyr|thresholding|judge|0.5001
nfcorpus|bm25+rankzephyr|thresholding|judge_expr|0.4814
nfcorpus|bm25+rankzephyr|thresholding|rankgpt|0.0
nfcorpus|bm25+setmaxheaptopk|direct|judge|0.5697
nfcorpus|bm25+setmaxheaptopk|direct|judge_expr|0.57
nfcorpus|bm25+setmaxheaptopk|direct|rankgpt|0.5581
nfcorpus|bm25+setmaxheaptopk|direct|setmaxheaptopk|0.5981
nfcorpus|bm25+setmaxheaptopk|largest_gap|judge|0.567
nfcorpus|bm25+setmaxheaptopk|largest_gap|judge_expr|0.5917
nfcorpus|bm25+setmaxheaptopk|largest_gap|rankgpt|0.5581
nfcorpus|bm25+setmaxheaptopk|largest_gap|setmaxheaptopk|0.5981
nfcorpus|bm25+setmaxheaptopk|optimal_global|judge|0.5679
nfcorpus|bm25+setmaxheaptopk|optimal_global|judge_expr|0.5232
nfcorpus|bm25+setmaxheaptopk|optimal_global|rankgpt|0.4909
nfcorpus|bm25+setmaxheaptopk|optimal_global|setmaxheaptopk|0.5789
nfcorpus|bm25+setmaxheaptopk|optimal_per_topic|judge|0.2476
nfcorpus|bm25+setmaxheaptopk|optimal_per_topic|judge_expr|0.2393
nfcorpus|bm25+setmaxheaptopk|optimal_per_topic|rankgpt|0.2418
nfcorpus|bm25+setmaxheaptopk|optimal_per_topic|setmaxheaptopk|0.2654
nfcorpus|bm25+setmaxheaptopk|quantile|judge|0.5617
nfcorpus|bm25+setmaxheaptopk|quantile|judge_expr|0.5019
nfcorpus|bm25+setmaxheaptopk|quantile|rankgpt|0.5253
nfcorpus|bm25+setmaxheaptopk|quantile|setmaxheaptopk|0.5295
nfcorpus|bm25+setmaxheaptopk|rank|judge|0.4046
nfcorpus|bm25+setmaxheaptopk|rank|judge_expr|0.3846
nfcorpus|bm25+setmaxheaptopk|rank|rankgpt|0.3661
nfcorpus|bm25+setmaxheaptopk|rank|setmaxheaptopk|0.4397
nfcorpus|bm25+setmaxheaptopk|thresholding|judge|0.5793
nfcorpus|bm25+setmaxheaptopk|thresholding|judge_expr|0.5619
nfcorpus|bm25+setmaxheaptopk|thresholding|rankgpt|0.0
nfcorpus|bm25+setmaxheaptopk|thresholding|setmaxheaptopk|0.0
nfcorpus|colbert-small|direct|judge|0.5412
nfcorpus|colbert-small|direct|judge_expr|0.5084
nfcorpus|colbert-small|direct|rankgpt|0.4403
nfcorpus|colbert-small|direct|setmaxheaptopk|0.4878
nfcorpus|colbert-small|largest_gap|judge|0.5027
nfcorpus|colbert-small|largest_gap|judge_expr|0.528
nfcorpus|colbert-small|largest_gap|rankgpt|0.4403
nfcorpus|colbert-small|largest_gap|setmaxheaptopk|0.4878
nfcorpus|colbert-small|optimal_global|judge|0.5089
nfcorpus|colbert-small|optimal_global|judge_expr|0.4613
nfcorpus|colbert-small|optimal_global|rankgpt|0.4103
nfcorpus|colbert-small|optimal_global|setmaxheaptopk|0.4824
nfcorpus|colbert-small|optimal_per_topic|judge|0.2233
nfcorpus|colbert-small|optimal_per_topic|judge_expr|0.2114
nfcorpus|colbert-small|optimal_per_topic|rankgpt|0.2207
nfcorpus|colbert-small|optimal_per_topic|setmaxheaptopk|0.2298
nfcorpus|colbert-small|quantile|judge|0.5903
nfcorpus|colbert-small|quantile|judge_expr|0.4828
nfcorpus|colbert-small|quantile|rankgpt|0.5416
nfcorpus|colbert-small|quantile|setmaxheaptopk|0.5174
nfcorpus|colbert-small|rank|judge|0.3881
nfcorpus|colbert-small|rank|judge_expr|0.3499
nfcorpus|colbert-small|rank|rankgpt|0.3274
nfcorpus|colbert-small|rank|setmaxheaptopk|0.3792
nfcorpus|colbert-small|thresholding|judge|0.5168
nfcorpus|colbert-small|thresholding|judge_expr|0.5047
nfcorpus|colbert-small|thresholding|rankgpt|0.0
nfcorpus|colbert-small|thresholding|setmaxheaptopk|0.0
nfcorpus|colbert-small+judge|direct|judge|0.7087
nfcorpus|colbert-small+judge|direct|judge_expr|0.7041
nfcorpus|colbert-small+judge|direct|rankgpt|0.4
nfcorpus|colbert-small+judge|direct|setmaxheaptopk|0.4637
nfcorpus|colbert-small+judge|largest_gap|judge|0.7656
nfcorpus|colbert-small+judge|largest_gap|judge_expr|0.732
nfcorpus|colbert-small+judge|largest_gap|rankgpt|0.4
nfcorpus|colbert-small+judge|largest_gap|setmaxheaptopk|0.4637
nfcorpus|colbert-small+judge|optimal_global|judge|0.7054
nfcorpus|colbert-small+judge|optimal_global|judge_expr|0.6419
nfcorpus|colbert-small+judge|optimal_global|rankgpt|0.3798
nfcorpus|colbert-small+judge|optimal_global|setmaxheaptopk|0.4441
nfcorpus|colbert-small+judge|optimal_per_topic|judge|0.2974
nfcorpus|colbert-small+judge|optimal_per_topic|judge_expr|0.2502
nfcorpus|colbert-small+judge|optimal_per_topic|rankgpt|0.204
nfcorpus|colbert-small+judge|optimal_per_topic|setmaxheaptopk|0.2152
nfcorpus|colbert-small+judge|quantile|judge|0.6628
nfcorpus|colbert-small+judge|quantile|judge_expr|0.6174
nfcorpus|colbert-small+judge|quantile|rankgpt|0.4891
nfcorpus|colbert-small+judge|quantile|setmaxheaptopk|0.4734
nfcorpus|colbert-small+judge|rank|judge|0.5334
nfcorpus|colbert-small+judge|rank|judge_expr|0.4981
nfcorpus|colbert-small+judge|rank|rankgpt|0.3143
nfcorpus|colbert-small+judge|rank|setmaxheaptopk|0.3521
nfcorpus|colbert-small+judge|thresholding|judge|0.7176
nfcorpus|colbert-small+judge|thresholding|judge_expr|0.6895
nfcorpus|colbert-small+judge|thresholding|rankgpt|0.0
nfcorpus|colbert-small+judge|thresholding|setmaxheaptopk|0.0
nfcorpus|colbert-small+judge_expr|direct|judge|0.7237
nfcorpus|colbert-small+judge_expr|direct|judge_expr|0.7414
nfcorpus|colbert-small+judge_expr|direct|rankgpt|0.465
nfcorpus|colbert-small+judge_expr|direct|setmaxheaptopk|0.538
nfcorpus|colbert-small+judge_expr|largest_gap|judge|0.7801
nfcorpus|colbert-small+judge_expr|largest_gap|judge_expr|0.7782
nfcorpus|colbert-small+judge_expr|largest_gap|rankgpt|0.465
nfcorpus|colbert-small+judge_expr|largest_gap|setmaxheaptopk|0.538
nfcorpus|colbert-small+judge_expr|optimal_global|judge|0.7249
nfcorpus|colbert-small+judge_expr|optimal_global|judge_expr|0.6797
nfcorpus|colbert-small+judge_expr|optimal_global|rankgpt|0.4467
nfcorpus|colbert-small+judge_expr|optimal_global|setmaxheaptopk|0.5127
nfcorpus|colbert-small+judge_expr|optimal_per_topic|judge|0.3099
nfcorpus|colbert-small+judge_expr|optimal_per_topic|judge_expr|0.3118
nfcorpus|colbert-small+judge_expr|optimal_per_topic|rankgpt|0.2293
nfcorpus|colbert-small+judge_expr|optimal_per_topic|setmaxheaptopk|0.2383
nfcorpus|colbert-small+judge_expr|quantile|judge|0.6926
nfcorpus|colbert-small+judge_expr|quantile|judge_expr|0.6951
nfcorpus|colbert-small+judge_expr|quantile|rankgpt|0.5405
nfcorpus|colbert-small+judge_expr|quantile|setmaxheaptopk|0.5288
nfcorpus|colbert-small+judge_expr|rank|judge|0.5558
nfcorpus|colbert-small+judge_expr|rank|judge_expr|0.6499
nfcorpus|colbert-small+judge_expr|rank|rankgpt|0.3663
nfcorpus|colbert-small+judge_expr|rank|setmaxheaptopk|0.4082
nfcorpus|colbert-small+judge_expr|thresholding|judge|0.737
nfcorpus|colbert-small+judge_expr|thresholding|judge_expr|0.7176
nfcorpus|colbert-small+judge_expr|thresholding|rankgpt|0.0
nfcorpus|colbert-small+judge_expr|thresholding|setmaxheaptopk|0.0
nfcorpus|colbert-small+point|direct|judge|0.5813
nfcorpus|colbert-small+point|direct|judge_expr|0.5609
nfcorpus|colbert-small+point|direct|rankgpt|0.4395
nfcorpus|colbert-small+point|direct|setmaxheaptopk|0.4836
nfcorpus|colbert-small+point|largest_gap|judge|0.5494
nfcorpus|colbert-small+point|largest_gap|judge_expr|0.583
nfcorpus|colbert-small+point|largest_gap|rankgpt|0.4395
nfcorpus|colbert-small+point|largest_gap|setmaxheaptopk|0.4836
nfcorpus|colbert-small+point|optimal_global|judge|0.5528
nfcorpus|colbert-small+point|optimal_global|judge_expr|0.4916
nfcorpus|colbert-small+point|optimal_global|rankgpt|0.4081
nfcorpus|colbert-small+point|optimal_global|setmaxheaptopk|0.4902
nfcorpus|colbert-small+point|optimal_per_topic|judge|0.2424
nfcorpus|colbert-small+point|optimal_per_topic|judge_expr|0.2251
nfcorpus|colbert-small+point|optimal_per_topic|rankgpt|0.2319
nfcorpus|colbert-small+point|optimal_per_topic|setmaxheaptopk|0.2527
nfcorpus|colbert-small+point|quantile|judge|0.6059
nfcorpus|colbert-small+point|quantile|judge_expr|0.5224
nfcorpus|colbert-small+point|quantile|rankgpt|0.5133
nfcorpus|colbert-small+point|quantile|setmaxheaptopk|0.5094
nfcorpus|colbert-small+point|rank|judge|0.3981
nfcorpus|colbert-small+point|rank|judge_expr|0.3882
nfcorpus|colbert-small+point|rank|rankgpt|0.3358
nfcorpus|colbert-small+point|rank|setmaxheaptopk|0.399
nfcorpus|colbert-small+point|thresholding|judge|0.5741
nfcorpus|colbert-small+point|thresholding|judge_expr|0.5461
nfcorpus|colbert-small+point|thresholding|rankgpt|0.0
nfcorpus|colbert-small+point|thresholding|setmaxheaptopk|0.0
nfcorpus|colbert-small+rankfirst|direct|judge|0.6405
nfcorpus|colbert-small+rankfirst|direct|judge_expr|0.6161
nfcorpus|colbert-small+rankfirst|direct|rankgpt|0.5594
nfcorpus|colbert-small+rankfirst|direct|setmaxheaptopk|0.6364
nfcorpus|colbert-small+rankfirst|largest_gap|judge|0.6127
nfcorpus|colbert-small+rankfirst|largest_gap|judge_expr|0.6436
nfcorpus|colbert-small+rankfirst|largest_gap|rankgpt|0.5594
nfcorpus|colbert-small+rankfirst|largest_gap|setmaxheaptopk|0.6364
nfcorpus|colbert-small+rankfirst|optimal_global|judge|0.6145
nfcorpus|colbert-small+rankfirst|optimal_global|judge_expr|0.5576
nfcorpus|colbert-small+rankfirst|optimal_global|rankgpt|0.523
nfcorpus|colbert-small+rankfirst|optimal_global|setmaxheaptopk|0.6139
nfcorpus|colbert-small+rankfirst|optimal_per_topic|judge|0.2681
nfcorpus|colbert-small+rankfirst|optimal_per_topic|judge_expr|0.2508
nfcorpus|colbert-small+rankfirst|optimal_per_topic|rankgpt|0.2578
nfcorpus|colbert-small+rankfirst|optimal_per_topic|setmaxheaptopk|0.2792
nfcorpus|colbert-small+rankfirst|quantile|judge|0.6806
nfcorpus|colbert-small+rankfirst|quantile|judge_expr|0.5842
nfcorpus|colbert-small+rankfirst|quantile|rankgpt|0.6193
nfcorpus|colbert-small+rankfirst|quantile|setmaxheaptopk|0.6007
nfcorpus|colbert-small+rankfirst|rank|judge|0.473
nfcorpus|colbert-small+rankfirst|rank|judge_expr|0.4421
nfcorpus|colbert-small+rankfirst|rank|rankgpt|0.4102
nfcorpus|colbert-small+rankfirst|rank|setmaxheaptopk|0.4737
nfcorpus|colbert-small+rankfirst|thresholding|judge|0.6226
nfcorpus|colbert-small+rankfirst|thresholding|judge_expr|0.6107
nfcorpus|colbert-small+rankfirst|thresholding|rankgpt|0.0
nfcorpus|colbert-small+rankfirst|thresholding|setmaxheaptopk|0.0
nfcorpus|colbert-small+rankgpt|direct|judge|0.5682
nfcorpus|colbert-small+rankgpt|direct|judge_expr|0.5519
nfcorpus|colbert-small+rankgpt|direct|rankgpt|0.5248
nfcorpus|colbert-small+rankgpt|direct|setmaxheaptopk|0.5412
nfcorpus|colbert-small+rankgpt|largest_gap|judge|0.5441
nfcorpus|colbert-small+rankgpt|largest_gap|judge_expr|0.5719
nfcorpus|colbert-small+rankgpt|largest_gap|rankgpt|0.5248
nfcorpus|colbert-small+rankgpt|largest_gap|setmaxheaptopk|0.5412
nfcorpus|colbert-small+rankgpt|optimal_global|judge|0.5509
nfcorpus|colbert-small+rankgpt|optimal_global|judge_expr|0.5085
nfcorpus|colbert-small+rankgpt|optimal_global|rankgpt|0.4926
nfcorpus|colbert-small+rankgpt|optimal_global|setmaxheaptopk|0.5297
nfcorpus|colbert-small+rankgpt|optimal_per_topic|judge|0.2334
nfcorpus|colbert-small+rankgpt|optimal_per_topic|judge_expr|0.2233
nfcorpus|colbert-small+rankgpt|optimal_per_topic|rankgpt|0.2388
nfcorpus|colbert-small+rankgpt|optimal_per_topic|setmaxheaptopk|0.2378
nfcorpus|colbert-small+rankgpt|quantile|judge|0.6109
nfcorpus|colbert-small+rankgpt|quantile|judge_expr|0.5182
nfcorpus|colbert-small+rankgpt|quantile|rankgpt|0.5473
nfcorpus|colbert-small+rankgpt|quantile|setmaxheaptopk|0.5174
nfcorpus|colbert-small+rankgpt|rank|judge|0.4012
nfcorpus|colbert-small+rankgpt|rank|judge_expr|0.3767
nfcorpus|colbert-small+rankgpt|rank|rankgpt|0.3831
nfcorpus|colbert-small+rankgpt|rank|setmaxheaptopk|0.4087
nfcorpus|colbert-small+rankgpt|thresholding|judge|0.5565
nfcorpus|colbert-small+rankgpt|thresholding|judge_expr|0.5425
nfcorpus|colbert-small+rankgpt|thresholding|rankgpt|0.0
nfcorpus|colbert-small+rankgpt|thresholding|setmaxheaptopk|0.0
nfcorpus|colbert-small+rankzephyr|direct|judge|0.5352
nfcorpus|colbert-small+rankzephyr|direct|judge_expr|0.4984
nfcorpus|colbert-small+rankzephyr|direct|rankgpt|0.4282
nfcorpus|colbert-small+rankzephyr|largest_gap|judge|0.4928
nfcorpus|colbert-small+rankzephyr|largest_gap|judge_expr|0.5188
nfcorpus|colbert-small+rankzephyr|largest_gap|rankgpt|0.4282
nfcorpus|colbert-small+rankzephyr|optimal_global|judge|0.4998
nfcorpus|colbert-small+rankzephyr|optimal_global|judge_expr|0.4502
nfcorpus|colbert-small+rankzephyr|optimal_global|rankgpt|0.4013
nfcorpus|colbert-small+rankzephyr|optimal_per_topic|judge|0.2184
nfcorpus|colbert-small+rankzephyr|optimal_per_topic|judge_expr|0.2061
nfcorpus|colbert-small+rankzephyr|optimal_per_topic|rankgpt|0.2166
nfcorpus|colbert-small+rankzephyr|quantile|judge|0.5901
nfcorpus|colbert-small+rankzephyr|quantile|judge_expr|0.4805
nfcorpus|colbert-small+rankzephyr|quantile|rankgpt|0.5346
nfcorpus|colbert-small+rankzephyr|rank|judge|0.3822
nfcorpus|colbert-small+rankzephyr|rank|judge_expr|0.3431
nfcorpus|colbert-small+rankzephyr|rank|rankgpt|0.323
nfcorpus|colbert-small+rankzephyr|thresholding|judge|0.5068
nfcorpus|colbert-small+rankzephyr|thresholding|judge_expr|0.4954
nfcorpus|colbert-small+rankzephyr|thresholding|rankgpt|0.0
nfcorpus|colbert-small+setmaxheaptopk|direct|judge|0.5968
nfcorpus|colbert-small+setmaxheaptopk|direct|judge_expr|0.5936
nfcorpus|colbert-small+setmaxheaptopk|direct|rankgpt|0.5585
nfcorpus|colbert-small+setmaxheaptopk|direct|setmaxheaptopk|0.606
nfcorpus|colbert-small+setmaxheaptopk|largest_gap|judge|0.5946
nfcorpus|colbert-small+setmaxheaptopk|largest_gap|judge_expr|0.6168
nfcorpus|colbert-small+setmaxheaptopk|largest_gap|rankgpt|0.5585
nfcorpus|colbert-small+setmaxheaptopk|largest_gap|setmaxheaptopk|0.606
nfcorpus|colbert-small+setmaxheaptopk|optimal_global|judge|0.5953
nfcorpus|colbert-small+setmaxheaptopk|optimal_global|judge_expr|0.547
nfcorpus|colbert-small+setmaxheaptopk|optimal_global|rankgpt|0.5036
nfcorpus|colbert-small+setmaxheaptopk|optimal_global|setmaxheaptopk|0.5886
nfcorpus|colbert-small+setmaxheaptopk|optimal_per_topic|judge|0.2531
nfcorpus|colbert-small+setmaxheaptopk|optimal_per_topic|judge_expr|0.2382
nfcorpus|colbert-small+setmaxheaptopk|optimal_per_topic|rankgpt|0.2596
nfcorpus|colbert-small+setmaxheaptopk|optimal_per_topic|setmaxheaptopk|0.2769
nfcorpus|colbert-small+setmaxheaptopk|quantile|judge|0.6013
nfcorpus|colbert-small+setmaxheaptopk|quantile|judge_expr|0.5302
nfcorpus|colbert-small+setmaxheaptopk|quantile|rankgpt|0.5518
nfcorpus|colbert-small+setmaxheaptopk|quantile|setmaxheaptopk|0.5536
nfcorpus|colbert-small+setmaxheaptopk|rank|judge|0.4298
nfcorpus|colbert-small+setmaxheaptopk|rank|judge_expr|0.4061
nfcorpus|colbert-small+setmaxheaptopk|rank|rankgpt|0.3801
nfcorpus|colbert-small+setmaxheaptopk|rank|setmaxheaptopk|0.4602
nfcorpus|colbert-small+setmaxheaptopk|thresholding|judge|0.6039
nfcorpus|colbert-small+setmaxheaptopk|thresholding|judge_expr|0.5881
nfcorpus|colbert-small+setmaxheaptopk|thresholding|rankgpt|0.0
nfcorpus|colbert-small+setmaxheaptopk|thresholding|setmaxheaptopk|0.0
nfcorpus|nomicai-modernbert-embed|direct|judge|0.5785
nfcorpus|nomicai-modernbert-embed|direct|judge_expr|0.533
nfcorpus|nomicai-modernbert-embed|direct|rankgpt|0.4951
nfcorpus|nomicai-modernbert-embed|direct|setmaxheaptopk|0.5515
nfcorpus|nomicai-modernbert-embed|largest_gap|judge|0.53
nfcorpus|nomicai-modernbert-embed|largest_gap|judge_expr|0.5507
nfcorpus|nomicai-modernbert-embed|largest_gap|rankgpt|0.4951
nfcorpus|nomicai-modernbert-embed|largest_gap|setmaxheaptopk|0.5515
nfcorpus|nomicai-modernbert-embed|optimal_global|judge|0.5407
nfcorpus|nomicai-modernbert-embed|optimal_global|judge_expr|0.4952
nfcorpus|nomicai-modernbert-embed|optimal_global|rankgpt|0.4461
nfcorpus|nomicai-modernbert-embed|optimal_global|setmaxheaptopk|0.5218
nfcorpus|nomicai-modernbert-embed|optimal_per_topic|judge|0.2378
nfcorpus|nomicai-modernbert-embed|optimal_per_topic|judge_expr|0.2258
nfcorpus|nomicai-modernbert-embed|optimal_per_topic|rankgpt|0.2357
nfcorpus|nomicai-modernbert-embed|optimal_per_topic|setmaxheaptopk|0.2482
nfcorpus|nomicai-modernbert-embed|quantile|judge|0.6908
nfcorpus|nomicai-modernbert-embed|quantile|judge_expr|0.5342
nfcorpus|nomicai-modernbert-embed|quantile|rankgpt|0.6439
nfcorpus|nomicai-modernbert-embed|quantile|setmaxheaptopk|0.5869
nfcorpus|nomicai-modernbert-embed|rank|judge|0.4389
nfcorpus|nomicai-modernbert-embed|rank|judge_expr|0.374
nfcorpus|nomicai-modernbert-embed|rank|rankgpt|0.3606
nfcorpus|nomicai-modernbert-embed|rank|setmaxheaptopk|0.4109
nfcorpus|nomicai-modernbert-embed|thresholding|judge|0.5379
nfcorpus|nomicai-modernbert-embed|thresholding|judge_expr|0.537
nfcorpus|nomicai-modernbert-embed|thresholding|rankgpt|0.0
nfcorpus|nomicai-modernbert-embed|thresholding|setmaxheaptopk|0.0
nfcorpus|nomicai-modernbert-embed+judge|direct|judge|0.7559
nfcorpus|nomicai-modernbert-embed+judge|direct|judge_expr|0.7333
nfcorpus|nomicai-modernbert-embed+judge|direct|rankgpt|0.4258
nfcorpus|nomicai-modernbert-embed+judge|direct|setmaxheaptopk|0.4705
nfcorpus|nomicai-modernbert-embed+judge|largest_gap|judge|0.7896
nfcorpus|nomicai-modernbert-embed+judge|largest_gap|judge_expr|0.7609
nfcorpus|nomicai-modernbert-embed+judge|largest_gap|rankgpt|0.4258
nfcorpus|nomicai-modernbert-embed+judge|largest_gap|setmaxheaptopk|0.4705
nfcorpus|nomicai-modernbert-embed+judge|optimal_global|judge|0.7245
nfcorpus|nomicai-modernbert-embed+judge|optimal_global|judge_expr|0.6621
nfcorpus|nomicai-modernbert-embed+judge|optimal_global|rankgpt|0.3966
nfcorpus|nomicai-modernbert-embed+judge|optimal_global|setmaxheaptopk|0.4612
nfcorpus|nomicai-modernbert-embed+judge|optimal_per_topic|judge|0.3112
nfcorpus|nomicai-modernbert-embed+judge|optimal_per_topic|judge_expr|0.2631
nfcorpus|nomicai-modernbert-embed+judge|optimal_per_topic|rankgpt|0.212
nfcorpus|nomicai-modernbert-embed+judge|optimal_per_topic|setmaxheaptopk|0.2209
nfcorpus|nomicai-modernbert-embed+judge|quantile|judge|0.7368
nfcorpus|nomicai-modernbert-embed+judge|quantile|judge_expr|0.6739
nfcorpus|nomicai-modernbert-embed+judge|quantile|rankgpt|0.5363
nfcorpus|nomicai-modernbert-embed+judge|quantile|setmaxheaptopk|0.5071
nfcorpus|nomicai-modernbert-embed+judge|rank|judge|0.567
nfcorpus|nomicai-modernbert-embed+judge|rank|judge_expr|0.5341
nfcorpus|nomicai-modernbert-embed+judge|rank|rankgpt|0.333
nfcorpus|nomicai-modernbert-embed+judge|rank|setmaxheaptopk|0.3693
nfcorpus|nomicai-modernbert-embed+judge|thresholding|judge|0.7381
nfcorpus|nomicai-modernbert-embed+judge|thresholding|judge_expr|0.7121
nfcorpus|nomicai-modernbert-embed+judge|thresholding|rankgpt|0.0
nfcorpus|nomicai-modernbert-embed+judge|thresholding|setmaxheaptopk|0.0
nfcorpus|nomicai-modernbert-embed+judge_expr|direct|judge|0.7639
nfcorpus|nomicai-modernbert-embed+judge_expr|direct|judge_expr|0.763
nfcorpus|nomicai-modernbert-embed+judge_expr|direct|rankgpt|0.4915
nfcorpus|nomicai-modernbert-embed+judge_expr|direct|setmaxheaptopk|0.5482
nfcorpus|nomicai-modernbert-embed+judge_expr|largest_gap|judge|0.8012
nfcorpus|nomicai-modernbert-embed+judge_expr|largest_gap|judge_expr|0.7962
nfcorpus|nomicai-modernbert-embed+judge_expr|largest_gap|rankgpt|0.4915
nfcorpus|nomicai-modernbert-embed+judge_expr|largest_gap|setmaxheaptopk|0.5482
nfcorpus|nomicai-modernbert-embed+judge_expr|optimal_global|judge|0.7396
nfcorpus|nomicai-modernbert-embed+judge_expr|optimal_global|judge_expr|0.6903
nfcorpus|nomicai-modernbert-embed+judge_expr|optimal_global|rankgpt|0.4652
nfcorpus|nomicai-modernbert-embed+judge_expr|optimal_global|setmaxheaptopk|0.52
nfcorpus|nomicai-modernbert-embed+judge_expr|optimal_per_topic|judge|0.3174
nfcorpus|nomicai-modernbert-embed+judge_expr|optimal_per_topic|judge_expr|0.3239
nfcorpus|nomicai-modernbert-embed+judge_expr|optimal_per_topic|rankgpt|0.2347
nfcorpus|nomicai-modernbert-embed+judge_expr|optimal_per_topic|setmaxheaptopk|0.246
nfcorpus|nomicai-modernbert-embed+judge_expr|quantile|judge|0.7533
nfcorpus|nomicai-modernbert-embed+judge_expr|quantile|judge_expr|0.7556
nfcorpus|nomicai-modernbert-embed+judge_expr|quantile|rankgpt|0.5825
nfcorpus|nomicai-modernbert-embed+judge_expr|quantile|setmaxheaptopk|0.5633
nfcorpus|nomicai-modernbert-embed+judge_expr|rank|judge|0.5942
nfcorpus|nomicai-modernbert-embed+judge_expr|rank|judge_expr|0.6885
nfcorpus|nomicai-modernbert-embed+judge_expr|rank|rankgpt|0.3814
nfcorpus|nomicai-modernbert-embed+judge_expr|rank|setmaxheaptopk|0.422
nfcorpus|nomicai-modernbert-embed+judge_expr|thresholding|judge|0.7533
nfcorpus|nomicai-modernbert-embed+judge_expr|thresholding|judge_expr|0.7274
nfcorpus|nomicai-modernbert-embed+judge_expr|thresholding|rankgpt|0.0
nfcorpus|nomicai-modernbert-embed+judge_expr|thresholding|setmaxheaptopk|0.0
nfcorpus|nomicai-modernbert-embed+point|direct|judge|0.6311
nfcorpus|nomicai-modernbert-embed+point|direct|judge_expr|0.5946
nfcorpus|nomicai-modernbert-embed+point|direct|rankgpt|0.4569
nfcorpus|nomicai-modernbert-embed+point|direct|setmaxheaptopk|0.4968
nfcorpus|nomicai-modernbert-embed+point|largest_gap|judge|0.5849
nfcorpus|nomicai-modernbert-embed+point|largest_gap|judge_expr|0.6191
nfcorpus|nomicai-modernbert-embed+point|largest_gap|rankgpt|0.4569
nfcorpus|nomicai-modernbert-embed+point|largest_gap|setmaxheaptopk|0.4968
nfcorpus|nomicai-modernbert-embed+point|optimal_global|judge|0.5893
nfcorpus|nomicai-modernbert-embed+point|optimal_global|judge_expr|0.5203
nfcorpus|nomicai-modernbert-embed+point|optimal_global|rankgpt|0.4251
nfcorpus|nomicai-modernbert-embed+point|optimal_global|setmaxheaptopk|0.5155
nfcorpus|nomicai-modernbert-embed+point|optimal_per_topic|judge|0.2553
nfcorpus|nomicai-modernbert-embed+point|optimal_per_topic|judge_expr|0.2389
nfcorpus|nomicai-modernbert-embed+point|optimal_per_topic|rankgpt|0.2374
nfcorpus|nomicai-modernbert-embed+point|optimal_per_topic|setmaxheaptopk|0.2606
nfcorpus|nomicai-modernbert-embed+point|quantile|judge|0.6908
nfcorpus|nomicai-modernbert-embed+point|quantile|judge_expr|0.5798
nfcorpus|nomicai-modernbert-embed+point|quantile|rankgpt|0.5839
nfcorpus|nomicai-modernbert-embed+point|quantile|setmaxheaptopk|0.5627
nfcorpus|nomicai-modernbert-embed+point|rank|judge|0.4373
nfcorpus|nomicai-modernbert-embed+point|rank|judge_expr|0.418
nfcorpus|nomicai-modernbert-embed+point|rank|rankgpt|0.3647
nfcorpus|nomicai-modernbert-embed+point|rank|setmaxheaptopk|0.4263
nfcorpus|nomicai-modernbert-embed+point|thresholding|judge|0.6078
nfcorpus|nomicai-modernbert-embed+point|thresholding|judge_expr|0.5782
nfcorpus|nomicai-modernbert-embed+point|thresholding|rankgpt|0.0
nfcorpus|nomicai-modernbert-embed+point|thresholding|setmaxheaptopk|0.0
nfcorpus|nomicai-modernbert-embed+rankfirst|direct|judge|0.6654
nfcorpus|nomicai-modernbert-embed+rankfirst|direct|judge_expr|0.6277
nfcorpus|nomicai-modernbert-embed+rankfirst|direct|rankgpt|0.5788
nfcorpus|nomicai-modernbert-embed+rankfirst|direct|setmaxheaptopk|0.6304
nfcorpus|nomicai-modernbert-embed+rankfirst|largest_gap|judge|0.6275
nfcorpus|nomicai-modernbert-embed+rankfirst|largest_gap|judge_expr|0.6529
nfcorpus|nomicai-modernbert-embed+rankfirst|largest_gap|rankgpt|0.5788
nfcorpus|nomicai-modernbert-embed+rankfirst|largest_gap|setmaxheaptopk|0.6304
nfcorpus|nomicai-modernbert-embed+rankfirst|optimal_global|judge|0.6252
nfcorpus|nomicai-modernbert-embed+rankfirst|optimal_global|judge_expr|0.57
nfcorpus|nomicai-modernbert-embed+rankfirst|optimal_global|rankgpt|0.5353
nfcorpus|nomicai-modernbert-embed+rankfirst|optimal_global|setmaxheaptopk|0.6123
nfcorpus|nomicai-modernbert-embed+rankfirst|optimal_per_topic|judge|0.2728
nfcorpus|nomicai-modernbert-embed+rankfirst|optimal_per_topic|judge_expr|0.2552
nfcorpus|nomicai-modernbert-embed+rankfirst|optimal_per_topic|rankgpt|0.2614
nfcorpus|nomicai-modernbert-embed+rankfirst|optimal_per_topic|setmaxheaptopk|0.2791
nfcorpus|nomicai-modernbert-embed+rankfirst|quantile|judge|0.7458
nfcorpus|nomicai-modernbert-embed+rankfirst|quantile|judge_expr|0.6177
nfcorpus|nomicai-modernbert-embed+rankfirst|quantile|rankgpt|0.676
nfcorpus|nomicai-modernbert-embed+rankfirst|quantile|setmaxheaptopk|0.6492
nfcorpus|nomicai-modernbert-embed+rankfirst|rank|judge|0.5021
nfcorpus|nomicai-modernbert-embed+rankfirst|rank|judge_expr|0.4567
nfcorpus|nomicai-modernbert-embed+rankfirst|rank|rankgpt|0.4272
nfcorpus|nomicai-modernbert-embed+rankfirst|rank|setmaxheaptopk|0.4841
nfcorpus|nomicai-modernbert-embed+rankfirst|thresholding|judge|0.6326
nfcorpus|nomicai-modernbert-embed+rankfirst|thresholding|judge_expr|0.6184
nfcorpus|nomicai-modernbert-embed+rankfirst|thresholding|rankgpt|0.0
nfcorpus|nomicai-modernbert-embed+rankfirst|thresholding|setmaxheaptopk|0.0
nfcorpus|nomicai-modernbert-embed+rankgpt|direct|judge|0.5874
nfcorpus|nomicai-modernbert-embed+rankgpt|direct|judge_expr|0.5562
nfcorpus|nomicai-modernbert-embed+rankgpt|direct|rankgpt|0.5832
nfcorpus|nomicai-modernbert-embed+rankgpt|direct|setmaxheaptopk|0.5867
nfcorpus|nomicai-modernbert-embed+rankgpt|largest_gap|judge|0.5602
nfcorpus|nomicai-modernbert-embed+rankgpt|largest_gap|judge_expr|0.5781
nfcorpus|nomicai-modernbert-embed+rankgpt|largest_gap|rankgpt|0.5832
nfcorpus|nomicai-modernbert-embed+rankgpt|largest_gap|setmaxheaptopk|0.5867
nfcorpus|nomicai-modernbert-embed+rankgpt|optimal_global|judge|0.5608
nfcorpus|nomicai-modernbert-embed+rankgpt|optimal_global|judge_expr|0.5103
nfcorpus|nomicai-modernbert-embed+rankgpt|optimal_global|rankgpt|0.5236
nfcorpus|nomicai-modernbert-embed+rankgpt|optimal_global|setmaxheaptopk|0.535
nfcorpus|nomicai-modernbert-embed+rankgpt|optimal_per_topic|judge|0.2392
nfcorpus|nomicai-modernbert-embed+rankgpt|optimal_per_topic|judge_expr|0.2278
nfcorpus|nomicai-modernbert-embed+rankgpt|optimal_per_topic|rankgpt|0.2501
nfcorpus|nomicai-modernbert-embed+rankgpt|optimal_per_topic|setmaxheaptopk|0.2559
nfcorpus|nomicai-modernbert-embed+rankgpt|quantile|judge|0.6537
nfcorpus|nomicai-modernbert-embed+rankgpt|quantile|judge_expr|0.5395
nfcorpus|nomicai-modernbert-embed+rankgpt|quantile|rankgpt|0.5835
nfcorpus|nomicai-modernbert-embed+rankgpt|quantile|setmaxheaptopk|0.5408
nfcorpus|nomicai-modernbert-embed+rankgpt|rank|judge|0.4207
nfcorpus|nomicai-modernbert-embed+rankgpt|rank|judge_expr|0.3904
nfcorpus|nomicai-modernbert-embed+rankgpt|rank|rankgpt|0.4158
nfcorpus|nomicai-modernbert-embed+rankgpt|rank|setmaxheaptopk|0.4182
nfcorpus|nomicai-modernbert-embed+rankgpt|thresholding|judge|0.5622
nfcorpus|nomicai-modernbert-embed+rankgpt|thresholding|judge_expr|0.5534
nfcorpus|nomicai-modernbert-embed+rankgpt|thresholding|rankgpt|0.0
nfcorpus|nomicai-modernbert-embed+rankgpt|thresholding|setmaxheaptopk|0.0
nfcorpus|nomicai-modernbert-embed+rankzephyr|direct|judge|0.5731
nfcorpus|nomicai-modernbert-embed+rankzephyr|direct|judge_expr|0.5263
nfcorpus|nomicai-modernbert-embed+rankzephyr|direct|rankgpt|0.4873
nfcorpus|nomicai-modernbert-embed+rankzephyr|largest_gap|judge|0.5224
nfcorpus|nomicai-modernbert-embed+rankzephyr|largest_gap|judge_expr|0.5425
nfcorpus|nomicai-modernbert-embed+rankzephyr|largest_gap|rankgpt|0.4873
nfcorpus|nomicai-modernbert-embed+rankzephyr|optimal_global|judge|0.5356
nfcorpus|nomicai-modernbert-embed+rankzephyr|optimal_global|judge_expr|0.488
nfcorpus|nomicai-modernbert-embed+rankzephyr|optimal_global|rankgpt|0.4403
nfcorpus|nomicai-modernbert-embed+rankzephyr|optimal_per_topic|judge|0.2347
nfcorpus|nomicai-modernbert-embed+rankzephyr|optimal_per_topic|judge_expr|0.2212
nfcorpus|nomicai-modernbert-embed+rankzephyr|optimal_per_topic|rankgpt|0.2306
nfcorpus|nomicai-modernbert-embed+rankzephyr|quantile|judge|0.6878
nfcorpus|nomicai-modernbert-embed+rankzephyr|quantile|judge_expr|0.5276
nfcorpus|nomicai-modernbert-embed+rankzephyr|quantile|rankgpt|0.6383
nfcorpus|nomicai-modernbert-embed+rankzephyr|rank|judge|0.4319
nfcorpus|nomicai-modernbert-embed+rankzephyr|rank|judge_expr|0.3699
nfcorpus|nomicai-modernbert-embed+rankzephyr|rank|rankgpt|0.3564
nfcorpus|nomicai-modernbert-embed+rankzephyr|thresholding|judge|0.5328
nfcorpus|nomicai-modernbert-embed+rankzephyr|thresholding|judge_expr|0.5315
nfcorpus|nomicai-modernbert-embed+rankzephyr|thresholding|rankgpt|0.0
nfcorpus|nomicai-modernbert-embed+setmaxheaptopk|direct|judge|0.6189
nfcorpus|nomicai-modernbert-embed+setmaxheaptopk|direct|judge_expr|0.6105
nfcorpus|nomicai-modernbert-embed+setmaxheaptopk|direct|rankgpt|0.6007
nfcorpus|nomicai-modernbert-embed+setmaxheaptopk|direct|setmaxheaptopk|0.6534
nfcorpus|nomicai-modernbert-embed+setmaxheaptopk|largest_gap|judge|0.6119
nfcorpus|nomicai-modernbert-embed+setmaxheaptopk|largest_gap|judge_expr|0.6314
nfcorpus|nomicai-modernbert-embed+setmaxheaptopk|largest_gap|rankgpt|0.6007
nfcorpus|nomicai-modernbert-embed+setmaxheaptopk|largest_gap|setmaxheaptopk|0.6534
nfcorpus|nomicai-modernbert-embed+setmaxheaptopk|optimal_global|judge|0.6131
nfcorpus|nomicai-modernbert-embed+setmaxheaptopk|optimal_global|judge_expr|0.5626
nfcorpus|nomicai-modernbert-embed+setmaxheaptopk|optimal_global|rankgpt|0.5278
nfcorpus|nomicai-modernbert-embed+setmaxheaptopk|optimal_global|setmaxheaptopk|0.6248
nfcorpus|nomicai-modernbert-embed+setmaxheaptopk|optimal_per_topic|judge|0.2611
nfcorpus|nomicai-modernbert-embed+setmaxheaptopk|optimal_per_topic|judge_expr|0.2532
nfcorpus|nomicai-modernbert-embed+setmaxheaptopk|optimal_per_topic|rankgpt|0.2673
nfcorpus|nomicai-modernbert-embed+setmaxheaptopk|optimal_per_topic|setmaxheaptopk|0.2881
nfcorpus|nomicai-modernbert-embed+setmaxheaptopk|quantile|judge|0.6478
nfcorpus|nomicai-modernbert-embed+setmaxheaptopk|quantile|judge_expr|0.5594
nfcorpus|nomicai-modernbert-embed+setmaxheaptopk|quantile|rankgpt|0.6021
nfcorpus|nomicai-modernbert-embed+setmaxheaptopk|quantile|setmaxheaptopk|0.6009
nfcorpus|nomicai-modernbert-embed+setmaxheaptopk|rank|judge|0.4544
nfcorpus|nomicai-modernbert-embed+setmaxheaptopk|rank|judge_expr|0.4193
nfcorpus|nomicai-modernbert-embed+setmaxheaptopk|rank|rankgpt|0.4047
nfcorpus|nomicai-modernbert-embed+setmaxheaptopk|rank|setmaxheaptopk|0.4893
nfcorpus|nomicai-modernbert-embed+setmaxheaptopk|thresholding|judge|0.6141
nfcorpus|nomicai-modernbert-embed+setmaxheaptopk|thresholding|judge_expr|0.6045
nfcorpus|nomicai-modernbert-embed+setmaxheaptopk|thresholding|rankgpt|0.0
nfcorpus|nomicai-modernbert-embed+setmaxheaptopk|thresholding|setmaxheaptopk|0.0
nfcorpus|qwen3-embed-600m|direct|judge|0.6385
nfcorpus|qwen3-embed-600m|direct|judge_expr|0.5691
nfcorpus|qwen3-embed-600m|direct|rankgpt|0.6002
nfcorpus|qwen3-embed-600m|direct|setmaxheaptopk|0.7299
nfcorpus|qwen3-embed-600m|largest_gap|judge|0.5721
nfcorpus|qwen3-embed-600m|largest_gap|judge_expr|0.5849
nfcorpus|qwen3-embed-600m|largest_gap|rankgpt|0.6002
nfcorpus|qwen3-embed-600m|largest_gap|setmaxheaptopk|0.7299
nfcorpus|qwen3-embed-600m|optimal_global|judge|0.5669
nfcorpus|qwen3-embed-600m|optimal_global|judge_expr|0.5047
nfcorpus|qwen3-embed-600m|optimal_global|rankgpt|0.5402
nfcorpus|qwen3-embed-600m|optimal_global|setmaxheaptopk|0.634
nfcorpus|qwen3-embed-600m|optimal_per_topic|judge|0.249
nfcorpus|qwen3-embed-600m|optimal_per_topic|judge_expr|0.231
nfcorpus|qwen3-embed-600m|optimal_per_topic|rankgpt|0.2785
nfcorpus|qwen3-embed-600m|optimal_per_topic|setmaxheaptopk|0.2795
nfcorpus|qwen3-embed-600m|quantile|judge|0.8166
nfcorpus|qwen3-embed-600m|quantile|judge_expr|0.5976
nfcorpus|qwen3-embed-600m|quantile|rankgpt|1.0
nfcorpus|qwen3-embed-600m|quantile|setmaxheaptopk|0.8412
nfcorpus|qwen3-embed-600m|rank|judge|0.5668
nfcorpus|qwen3-embed-600m|rank|judge_expr|0.4086
nfcorpus|qwen3-embed-600m|rank|rankgpt|0.4627
nfcorpus|qwen3-embed-600m|rank|setmaxheaptopk|0.4832
nfcorpus|qwen3-embed-600m|thresholding|judge|0.5783
nfcorpus|qwen3-embed-600m|thresholding|judge_expr|0.5529
nfcorpus|qwen3-embed-600m|thresholding|rankgpt|0.0
nfcorpus|qwen3-embed-600m|thresholding|setmaxheaptopk|0.0
nfcorpus|qwen3-embed-600m+judge|direct|judge|0.9938
nfcorpus|qwen3-embed-600m+judge|direct|judge_expr|0.8835
nfcorpus|qwen3-embed-600m+judge|direct|rankgpt|0.4503
nfcorpus|qwen3-embed-600m+judge|direct|setmaxheaptopk|0.49
nfcorpus|qwen3-embed-600m+judge|largest_gap|judge|0.9938
nfcorpus|qwen3-embed-600m+judge|largest_gap|judge_expr|0.9378
nfcorpus|qwen3-embed-600m+judge|largest_gap|rankgpt|0.4503
nfcorpus|qwen3-embed-600m+judge|largest_gap|setmaxheaptopk|0.49
nfcorpus|qwen3-embed-600m+judge|optimal_global|judge|0.8638
nfcorpus|qwen3-embed-600m+judge|optimal_global|judge_expr|0.7771
nfcorpus|qwen3-embed-600m+judge|optimal_global|rankgpt|0.4194
nfcorpus|qwen3-embed-600m+judge|optimal_global|setmaxheaptopk|0.4753
nfcorpus|qwen3-embed-600m+judge|optimal_per_topic|judge|0.3684
nfcorpus|qwen3-embed-600m+judge|optimal_per_topic|judge_expr|0.2852
nfcorpus|qwen3-embed-600m+judge|optimal_per_topic|rankgpt|0.2151
nfcorpus|qwen3-embed-600m+judge|optimal_per_topic|setmaxheaptopk|0.2194
nfcorpus|qwen3-embed-600m+judge|quantile|judge|1.0
nfcorpus|qwen3-embed-600m+judge|quantile|judge_expr|0.883
nfcorpus|qwen3-embed-600m+judge|quantile|rankgpt|0.5967
nfcorpus|qwen3-embed-600m+judge|quantile|setmaxheaptopk|0.5761
nfcorpus|qwen3-embed-600m+judge|rank|judge|0.7152
nfcorpus|qwen3-embed-600m+judge|rank|judge_expr|0.6772
nfcorpus|qwen3-embed-600m+judge|rank|rankgpt|0.3715
nfcorpus|qwen3-embed-600m+judge|rank|setmaxheaptopk|0.3995
nfcorpus|qwen3-embed-600m+judge|thresholding|judge|0.8885
nfcorpus|qwen3-embed-600m+judge|thresholding|judge_expr|0.8393
nfcorpus|qwen3-embed-600m+judge|thresholding|rankgpt|0.0
nfcorpus|qwen3-embed-600m+judge|thresholding|setmaxheaptopk|0.0
nfcorpus|qwen3-embed-600m+judge_expr|direct|judge|0.9599
nfcorpus|qwen3-embed-600m+judge_expr|direct|judge_expr|0.9133
nfcorpus|qwen3-embed-600m+judge_expr|direct|rankgpt|0.5109
nfcorpus|qwen3-embed-600m+judge_expr|direct|setmaxheaptopk|0.558
nfcorpus|qwen3-embed-600m+judge_expr|largest_gap|judge|0.9717
nfcorpus|qwen3-embed-600m+judge_expr|largest_gap|judge_expr|1.0
nfcorpus|qwen3-embed-600m+judge_expr|largest_gap|rankgpt|0.5109
nfcorpus|qwen3-embed-600m+judge_expr|largest_gap|setmaxheaptopk|0.558
nfcorpus|qwen3-embed-600m+judge_expr|optimal_global|judge|0.8612
nfcorpus|qwen3-embed-600m+judge_expr|optimal_global|judge_expr|0.805
nfcorpus|qwen3-embed-600m+judge_expr|optimal_global|rankgpt|0.4938
nfcorpus|qwen3-embed-600m+judge_expr|optimal_global|setmaxheaptopk|0.5427
nfcorpus|qwen3-embed-600m+judge_expr|optimal_per_topic|judge|0.3661
nfcorpus|qwen3-embed-600m+judge_expr|optimal_per_topic|judge_expr|0.3684
nfcorpus|qwen3-embed-600m+judge_expr|optimal_per_topic|rankgpt|0.237
nfcorpus|qwen3-embed-600m+judge_expr|optimal_per_topic|setmaxheaptopk|0.2442
nfcorpus|qwen3-embed-600m+judge_expr|quantile|judge|0.9951
nfcorpus|qwen3-embed-600m+judge_expr|quantile|judge_expr|1.0
nfcorpus|qwen3-embed-600m+judge_expr|quantile|rankgpt|0.6433
nfcorpus|qwen3-embed-600m+judge_expr|quantile|setmaxheaptopk|0.6333
nfcorpus|qwen3-embed-600m+judge_expr|rank|judge|0.7163
nfcorpus|qwen3-embed-600m+judge_expr|rank|judge_expr|0.9998
nfcorpus|qwen3-embed-600m+judge_expr|rank|rankgpt|0.4212
nfcorpus|qwen3-embed-600m+judge_expr|rank|setmaxheaptopk|0.4588
nfcorpus|qwen3-embed-600m+judge_expr|thresholding|judge|0.8879
nfcorpus|qwen3-embed-600m+judge_expr|thresholding|judge_expr|0.8514
nfcorpus|qwen3-embed-600m+judge_expr|thresholding|rankgpt|0.0
nfcorpus|qwen3-embed-600m+judge_expr|thresholding|setmaxheaptopk|0.0
nfcorpus|qwen3-embed-600m+point|direct|judge|0.7464
nfcorpus|qwen3-embed-600m+point|direct|judge_expr|0.6562
nfcorpus|qwen3-embed-600m+point|direct|rankgpt|0.4935
nfcorpus|qwen3-embed-600m+point|direct|setmaxheaptopk|0.5274
nfcorpus|qwen3-embed-600m+point|largest_gap|judge|0.6537
nfcorpus|qwen3-embed-600m+point|largest_gap|judge_expr|0.6897
nfcorpus|qwen3-embed-600m+point|largest_gap|rankgpt|0.4935
nfcorpus|qwen3-embed-600m+point|largest_gap|setmaxheaptopk|0.5274
nfcorpus|qwen3-embed-600m+point|optimal_global|judge|0.6382
nfcorpus|qwen3-embed-600m+point|optimal_global|judge_expr|0.5571
nfcorpus|qwen3-embed-600m+point|optimal_global|rankgpt|0.4583
nfcorpus|qwen3-embed-600m+point|optimal_global|setmaxheaptopk|0.5559
nfcorpus|qwen3-embed-600m+point|optimal_per_topic|judge|0.272
nfcorpus|qwen3-embed-600m+point|optimal_per_topic|judge_expr|0.2469
nfcorpus|qwen3-embed-600m+point|optimal_per_topic|rankgpt|0.246
nfcorpus|qwen3-embed-600m+point|optimal_per_topic|setmaxheaptopk|0.2731
nfcorpus|qwen3-embed-600m+point|quantile|judge|0.886
nfcorpus|qwen3-embed-600m+point|quantile|judge_expr|0.7012
nfcorpus|qwen3-embed-600m+point|quantile|rankgpt|0.6373
nfcorpus|qwen3-embed-600m+point|quantile|setmaxheaptopk|0.6473
nfcorpus|qwen3-embed-600m+point|rank|judge|0.4897
nfcorpus|qwen3-embed-600m+point|rank|judge_expr|0.4829
nfcorpus|qwen3-embed-600m+point|rank|rankgpt|0.4037
nfcorpus|qwen3-embed-600m+point|rank|setmaxheaptopk|0.477
nfcorpus|qwen3-embed-600m+point|thresholding|judge|0.6663
nfcorpus|qwen3-embed-600m+point|thresholding|judge_expr|0.6275
nfcorpus|qwen3-embed-600m+point|thresholding|rankgpt|0.0
nfcorpus|qwen3-embed-600m+point|thresholding|setmaxheaptopk|0.0
nfcorpus|qwen3-embed-600m+rankfirst|direct|judge|0.7453
nfcorpus|qwen3-embed-600m+rankfirst|direct|judge_expr|0.6818
nfcorpus|qwen3-embed-600m+rankfirst|direct|rankgpt|0.6518
nfcorpus|qwen3-embed-600m+rankfirst|direct|setmaxheaptopk|0.7226
nfcorpus|qwen3-embed-600m+rankfirst|largest_gap|judge|0.6914
nfcorpus|qwen3-embed-600m+rankfirst|largest_gap|judge_expr|0.7131
nfcorpus|qwen3-embed-600m+rankfirst|largest_gap|rankgpt|0.6518
nfcorpus|qwen3-embed-600m+rankfirst|largest_gap|setmaxheaptopk|0.7226
nfcorpus|qwen3-embed-600m+rankfirst|optimal_global|judge|0.6667
nfcorpus|qwen3-embed-600m+rankfirst|optimal_global|judge_expr|0.6005
nfcorpus|qwen3-embed-600m+rankfirst|optimal_global|rankgpt|0.6082
nfcorpus|qwen3-embed-600m+rankfirst|optimal_global|setmaxheaptopk|0.6986
nfcorpus|qwen3-embed-600m+rankfirst|optimal_per_topic|judge|0.289
nfcorpus|qwen3-embed-600m+rankfirst|optimal_per_topic|judge_expr|0.2629
nfcorpus|qwen3-embed-600m+rankfirst|optimal_per_topic|rankgpt|0.283
nfcorpus|qwen3-embed-600m+rankfirst|optimal_per_topic|setmaxheaptopk|0.3019
nfcorpus|qwen3-embed-600m+rankfirst|quantile|judge|0.8856
nfcorpus|qwen3-embed-600m+rankfirst|quantile|judge_expr|0.709
nfcorpus|qwen3-embed-600m+rankfirst|quantile|rankgpt|0.8116
nfcorpus|qwen3-embed-600m+rankfirst|quantile|setmaxheaptopk|0.7754
nfcorpus|qwen3-embed-600m+rankfirst|rank|judge|0.573
nfcorpus|qwen3-embed-600m+rankfirst|rank|judge_expr|0.5089
nfcorpus|qwen3-embed-600m+rankfirst|rank|rankgpt|0.4954
nfcorpus|qwen3-embed-600m+rankfirst|rank|setmaxheaptopk|0.5464
nfcorpus|qwen3-embed-600m+rankfirst|thresholding|judge|0.6822
nfcorpus|qwen3-embed-600m+rankfirst|thresholding|judge_expr|0.6583
nfcorpus|qwen3-embed-600m+rankfirst|thresholding|rankgpt|0.0
nfcorpus|qwen3-embed-600m+rankfirst|thresholding|setmaxheaptopk|0.0
nfcorpus|qwen3-embed-600m+rankgpt|direct|judge|0.6709
nfcorpus|qwen3-embed-600m+rankgpt|direct|judge_expr|0.6118
nfcorpus|qwen3-embed-600m+rankgpt|direct|rankgpt|1.0
nfcorpus|qwen3-embed-600m+rankgpt|direct|setmaxheaptopk|0.7267
nfcorpus|qwen3-embed-600m+rankgpt|largest_gap|judge|0.608
nfcorpus|qwen3-embed-600m+rankgpt|largest_gap|judge_expr|0.6365
nfcorpus|qwen3-embed-600m+rankgpt|largest_gap|rankgpt|1.0
nfcorpus|qwen3-embed-600m+rankgpt|largest_gap|setmaxheaptopk|0.7267
nfcorpus|qwen3-embed-600m+rankgpt|optimal_global|judge|0.6001
nfcorpus|qwen3-embed-600m+rankgpt|optimal_global|judge_expr|0.5444
nfcorpus|qwen3-embed-600m+rankgpt|optimal_global|rankgpt|1.0
nfcorpus|qwen3-embed-600m+rankgpt|optimal_global|setmaxheaptopk|0.6031
nfcorpus|qwen3-embed-600m+rankgpt|optimal_per_topic|judge|0.2567
nfcorpus|qwen3-embed-600m+rankgpt|optimal_per_topic|judge_expr|0.2371
nfcorpus|qwen3-embed-600m+rankgpt|optimal_per_topic|rankgpt|0.3684
nfcorpus|qwen3-embed-600m+rankgpt|optimal_per_topic|setmaxheaptopk|0.2735
nfcorpus|qwen3-embed-600m+rankgpt|quantile|judge|0.8453
nfcorpus|qwen3-embed-600m+rankgpt|quantile|judge_expr|0.6423
nfcorpus|qwen3-embed-600m+rankgpt|quantile|rankgpt|1.0
nfcorpus|qwen3-embed-600m+rankgpt|quantile|setmaxheaptopk|0.6873
nfcorpus|qwen3-embed-600m+rankgpt|rank|judge|0.4738
nfcorpus|qwen3-embed-600m+rankgpt|rank|judge_expr|0.4295
nfcorpus|qwen3-embed-600m+rankgpt|rank|rankgpt|1.0
nfcorpus|qwen3-embed-600m+rankgpt|rank|setmaxheaptopk|0.4733
nfcorpus|qwen3-embed-600m+rankgpt|thresholding|judge|0.6127
nfcorpus|qwen3-embed-600m+rankgpt|thresholding|judge_expr|0.5855
nfcorpus|qwen3-embed-600m+rankgpt|thresholding|rankgpt|0.0
nfcorpus|qwen3-embed-600m+rankgpt|thresholding|setmaxheaptopk|0.0
nfcorpus|qwen3-embed-600m+rankzephyr|direct|judge|0.626
nfcorpus|qwen3-embed-600m+rankzephyr|direct|judge_expr|0.5505
nfcorpus|qwen3-embed-600m+rankzephyr|direct|rankgpt|0.5827
nfcorpus|qwen3-embed-600m+rankzephyr|largest_gap|judge|0.5541
nfcorpus|qwen3-embed-600m+rankzephyr|largest_gap|judge_expr|0.5654
nfcorpus|qwen3-embed-600m+rankzephyr|largest_gap|rankgpt|0.5827
nfcorpus|qwen3-embed-600m+rankzephyr|optimal_global|judge|0.5496
nfcorpus|qwen3-embed-600m+rankzephyr|optimal_global|judge_expr|0.4875
nfcorpus|qwen3-embed-600m+rankzephyr|optimal_global|rankgpt|0.5306
nfcorpus|qwen3-embed-600m+rankzephyr|optimal_per_topic|judge|0.2417
nfcorpus|qwen3-embed-600m+rankzephyr|optimal_per_topic|judge_expr|0.2228
nfcorpus|qwen3-embed-600m+rankzephyr|optimal_per_topic|rankgpt|0.2719
nfcorpus|qwen3-embed-600m+rankzephyr|quantile|judge|0.8123
nfcorpus|qwen3-embed-600m+rankzephyr|quantile|judge_expr|0.5881
nfcorpus|qwen3-embed-600m+rankzephyr|quantile|rankgpt|0.9835
nfcorpus|qwen3-embed-600m+rankzephyr|rank|judge|0.5512
nfcorpus|qwen3-embed-600m+rankzephyr|rank|judge_expr|0.3994
nfcorpus|qwen3-embed-600m+rankzephyr|rank|rankgpt|0.452
nfcorpus|qwen3-embed-600m+rankzephyr|thresholding|judge|0.5611
nfcorpus|qwen3-embed-600m+rankzephyr|thresholding|judge_expr|0.5354
nfcorpus|qwen3-embed-600m+rankzephyr|thresholding|rankgpt|0.0
nfcorpus|qwen3-embed-600m+setmaxheaptopk|direct|judge|0.7019
nfcorpus|qwen3-embed-600m+setmaxheaptopk|direct|judge_expr|0.6642
nfcorpus|qwen3-embed-600m+setmaxheaptopk|direct|rankgpt|0.7209
nfcorpus|qwen3-embed-600m+setmaxheaptopk|direct|setmaxheaptopk|1.0
nfcorpus|qwen3-embed-600m+setmaxheaptopk|largest_gap|judge|0.6796
nfcorpus|qwen3-embed-600m+setmaxheaptopk|largest_gap|judge_expr|0.687
nfcorpus|qwen3-embed-600m+setmaxheaptopk|largest_gap|rankgpt|0.7209
nfcorpus|qwen3-embed-600m+setmaxheaptopk|largest_gap|setmaxheaptopk|1.0
nfcorpus|qwen3-embed-600m+setmaxheaptopk|optimal_global|judge|0.6608
nfcorpus|qwen3-embed-600m+setmaxheaptopk|optimal_global|judge_expr|0.6048
nfcorpus|qwen3-embed-600m+setmaxheaptopk|optimal_global|rankgpt|0.607
nfcorpus|qwen3-embed-600m+setmaxheaptopk|optimal_global|setmaxheaptopk|1.0
nfcorpus|qwen3-embed-600m+setmaxheaptopk|optimal_per_topic|judge|0.2815
nfcorpus|qwen3-embed-600m+setmaxheaptopk|optimal_per_topic|judge_expr|0.2675
nfcorpus|qwen3-embed-600m+setmaxheaptopk|optimal_per_topic|rankgpt|0.2953
nfcorpus|qwen3-embed-600m+setmaxheaptopk|optimal_per_topic|setmaxheaptopk|0.3684
nfcorpus|qwen3-embed-600m+setmaxheaptopk|quantile|judge|0.8454
nfcorpus|qwen3-embed-600m+setmaxheaptopk|quantile|judge_expr|0.6496
nfcorpus|qwen3-embed-600m+setmaxheaptopk|quantile|rankgpt|0.7014
nfcorpus|qwen3-embed-600m+setmaxheaptopk|quantile|setmaxheaptopk|1.0
nfcorpus|qwen3-embed-600m+setmaxheaptopk|rank|judge|0.5049
nfcorpus|qwen3-embed-600m+setmaxheaptopk|rank|judge_expr|0.4705
nfcorpus|qwen3-embed-600m+setmaxheaptopk|rank|rankgpt|0.4755
nfcorpus|qwen3-embed-600m+setmaxheaptopk|rank|setmaxheaptopk|1.0
nfcorpus|qwen3-embed-600m+setmaxheaptopk|thresholding|judge|0.6646
nfcorpus|qwen3-embed-600m+setmaxheaptopk|thresholding|judge_expr|0.6496
nfcorpus|qwen3-embed-600m+setmaxheaptopk|thresholding|rankgpt|0.0
nfcorpus|qwen3-embed-600m+setmaxheaptopk|thresholding|setmaxheaptopk|0.0
nfcorpus|splade-v3|direct|judge|0.5905
nfcorpus|splade-v3|direct|judge_expr|0.5662
nfcorpus|splade-v3|direct|rankgpt|0.4885
nfcorpus|splade-v3|direct|setmaxheaptopk|0.5407
nfcorpus|splade-v3|largest_gap|judge|0.5535
nfcorpus|splade-v3|largest_gap|judge_expr|0.5845
nfcorpus|splade-v3|largest_gap|rankgpt|0.4885
nfcorpus|splade-v3|largest_gap|setmaxheaptopk|0.5407
nfcorpus|splade-v3|optimal_global|judge|0.5626
nfcorpus|splade-v3|optimal_global|judge_expr|0.5058
nfcorpus|splade-v3|optimal_global|rankgpt|0.452
nfcorpus|splade-v3|optimal_global|setmaxheaptopk|0.5482
nfcorpus|splade-v3|optimal_per_topic|judge|0.2334
nfcorpus|splade-v3|optimal_per_topic|judge_expr|0.2202
nfcorpus|splade-v3|optimal_per_topic|rankgpt|0.2272
nfcorpus|splade-v3|optimal_per_topic|setmaxheaptopk|0.2407
nfcorpus|splade-v3|quantile|judge|0.641
nfcorpus|splade-v3|quantile|judge_expr|0.5375
nfcorpus|splade-v3|quantile|rankgpt|0.6017
nfcorpus|splade-v3|quantile|setmaxheaptopk|0.5815
nfcorpus|splade-v3|rank|judge|0.4355
nfcorpus|splade-v3|rank|judge_expr|0.3889
nfcorpus|splade-v3|rank|rankgpt|0.3599
nfcorpus|splade-v3|rank|setmaxheaptopk|0.4338
nfcorpus|splade-v3|thresholding|judge|0.571
nfcorpus|splade-v3|thresholding|judge_expr|0.5537
nfcorpus|splade-v3|thresholding|rankgpt|0.0
nfcorpus|splade-v3|thresholding|setmaxheaptopk|0.0
nfcorpus|splade-v3+judge|direct|judge|0.7172
nfcorpus|splade-v3+judge|direct|judge_expr|0.7166
nfcorpus|splade-v3+judge|direct|rankgpt|0.4112
nfcorpus|splade-v3+judge|direct|setmaxheaptopk|0.4591
nfcorpus|splade-v3+judge|largest_gap|judge|0.7664
nfcorpus|splade-v3+judge|largest_gap|judge_expr|0.7464
nfcorpus|splade-v3+judge|largest_gap|rankgpt|0.4112
nfcorpus|splade-v3+judge|largest_gap|setmaxheaptopk|0.4591
nfcorpus|splade-v3+judge|optimal_global|judge|0.7127
nfcorpus|splade-v3+judge|optimal_global|judge_expr|0.6481
nfcorpus|splade-v3+judge|optimal_global|rankgpt|0.3896
nfcorpus|splade-v3+judge|optimal_global|setmaxheaptopk|0.4467
nfcorpus|splade-v3+judge|optimal_per_topic|judge|0.3
nfcorpus|splade-v3+judge|optimal_per_topic|judge_expr|0.2582
nfcorpus|splade-v3+judge|optimal_per_topic|rankgpt|0.1996
nfcorpus|splade-v3+judge|optimal_per_topic|setmaxheaptopk|0.2131
nfcorpus|splade-v3+judge|quantile|judge|0.6779
nfcorpus|splade-v3+judge|quantile|judge_expr|0.6309
nfcorpus|splade-v3+judge|quantile|rankgpt|0.4986
nfcorpus|splade-v3+judge|quantile|setmaxheaptopk|0.4841
nfcorpus|splade-v3+judge|rank|judge|0.5333
nfcorpus|splade-v3+judge|rank|judge_expr|0.5115
nfcorpus|splade-v3+judge|rank|rankgpt|0.3206
nfcorpus|splade-v3+judge|rank|setmaxheaptopk|0.3613
nfcorpus|splade-v3+judge|thresholding|judge|0.7265
nfcorpus|splade-v3+judge|thresholding|judge_expr|0.6988
nfcorpus|splade-v3+judge|thresholding|rankgpt|0.0
nfcorpus|splade-v3+judge|thresholding|setmaxheaptopk|0.0
nfcorpus|splade-v3+judge_expr|direct|judge|0.7324
nfcorpus|splade-v3+judge_expr|direct|judge_expr|0.7495
nfcorpus|splade-v3+judge_expr|direct|rankgpt|0.4698
nfcorpus|splade-v3+judge_expr|direct|setmaxheaptopk|0.5376
nfcorpus|splade-v3+judge_expr|largest_gap|judge|0.7805
nfcorpus|splade-v3+judge_expr|largest_gap|judge_expr|0.7815
nfcorpus|splade-v3+judge_expr|largest_gap|rankgpt|0.4698
nfcorpus|splade-v3+judge_expr|largest_gap|setmaxheaptopk|0.5376
nfcorpus|splade-v3+judge_expr|optimal_global|judge|0.7295
nfcorpus|splade-v3+judge_expr|optimal_global|judge_expr|0.6828
nfcorpus|splade-v3+judge_expr|optimal_global|rankgpt|0.4476
nfcorpus|splade-v3+judge_expr|optimal_global|setmaxheaptopk|0.5128
nfcorpus|splade-v3+judge_expr|optimal_per_topic|judge|0.3123
nfcorpus|splade-v3+judge_expr|optimal_per_topic|judge_expr|0.3175
nfcorpus|splade-v3+judge_expr|optimal_per_topic|rankgpt|0.2243
nfcorpus|splade-v3+judge_expr|optimal_per_topic|setmaxheaptopk|0.2397
nfcorpus|splade-v3+judge_expr|quantile|judge|0.7034
nfcorpus|splade-v3+judge_expr|quantile|judge_expr|0.7023
nfcorpus|splade-v3+judge_expr|quantile|rankgpt|0.5417
nfcorpus|splade-v3+judge_expr|quantile|setmaxheaptopk|0.5328
nfcorpus|splade-v3+judge_expr|rank|judge|0.5621
nfcorpus|splade-v3+judge_expr|rank|judge_expr|0.6563
nfcorpus|splade-v3+judge_expr|rank|rankgpt|0.362
nfcorpus|splade-v3+judge_expr|rank|setmaxheaptopk|0.4136
nfcorpus|splade-v3+judge_expr|thresholding|judge|0.7425
nfcorpus|splade-v3+judge_expr|thresholding|judge_expr|0.7185
nfcorpus|splade-v3+judge_expr|thresholding|rankgpt|0.0
nfcorpus|splade-v3+judge_expr|thresholding|setmaxheaptopk|0.0
nfcorpus|splade-v3+point|direct|judge|0.5809
nfcorpus|splade-v3+point|direct|judge_expr|0.5603
nfcorpus|splade-v3+point|direct|rankgpt|0.4523
nfcorpus|splade-v3+point|direct|setmaxheaptopk|0.4929
nfcorpus|splade-v3+point|largest_gap|judge|0.5502
nfcorpus|splade-v3+point|largest_gap|judge_expr|0.5817
nfcorpus|splade-v3+point|largest_gap|rankgpt|0.4523
nfcorpus|splade-v3+point|largest_gap|setmaxheaptopk|0.4929
nfcorpus|splade-v3+point|optimal_global|judge|0.5525
nfcorpus|splade-v3+point|optimal_global|judge_expr|0.4882
nfcorpus|splade-v3+point|optimal_global|rankgpt|0.4204
nfcorpus|splade-v3+point|optimal_global|setmaxheaptopk|0.4944
nfcorpus|splade-v3+point|optimal_per_topic|judge|0.2407
nfcorpus|splade-v3+point|optimal_per_topic|judge_expr|0.2277
nfcorpus|splade-v3+point|optimal_per_topic|rankgpt|0.2298
nfcorpus|splade-v3+point|optimal_per_topic|setmaxheaptopk|0.2579
nfcorpus|splade-v3+point|quantile|judge|0.6119
nfcorpus|splade-v3+point|quantile|judge_expr|0.5289
nfcorpus|splade-v3+point|quantile|rankgpt|0.5237
nfcorpus|splade-v3+point|quantile|setmaxheaptopk|0.512
nfcorpus|splade-v3+point|rank|judge|0.3966
nfcorpus|splade-v3+point|rank|judge_expr|0.3868
nfcorpus|splade-v3+point|rank|rankgpt|0.3451
nfcorpus|splade-v3+point|rank|setmaxheaptopk|0.4043
nfcorpus|splade-v3+point|thresholding|judge|0.5728
nfcorpus|splade-v3+point|thresholding|judge_expr|0.5464
nfcorpus|splade-v3+point|thresholding|rankgpt|0.0
nfcorpus|splade-v3+point|thresholding|setmaxheaptopk|0.0
nfcorpus|splade-v3+rankfirst|direct|judge|0.6335
nfcorpus|splade-v3+rankfirst|direct|judge_expr|0.6148
nfcorpus|splade-v3+rankfirst|direct|rankgpt|0.5638
nfcorpus|splade-v3+rankfirst|direct|setmaxheaptopk|0.6268
nfcorpus|splade-v3+rankfirst|largest_gap|judge|0.6125
nfcorpus|splade-v3+rankfirst|largest_gap|judge_expr|0.6384
nfcorpus|splade-v3+rankfirst|largest_gap|rankgpt|0.5638
nfcorpus|splade-v3+rankfirst|largest_gap|setmaxheaptopk|0.6268
nfcorpus|splade-v3+rankfirst|optimal_global|judge|0.6095
nfcorpus|splade-v3+rankfirst|optimal_global|judge_expr|0.5579
nfcorpus|splade-v3+rankfirst|optimal_global|rankgpt|0.5236
nfcorpus|splade-v3+rankfirst|optimal_global|setmaxheaptopk|0.6119
nfcorpus|splade-v3+rankfirst|optimal_per_topic|judge|0.2607
nfcorpus|splade-v3+rankfirst|optimal_per_topic|judge_expr|0.251
nfcorpus|splade-v3+rankfirst|optimal_per_topic|rankgpt|0.2524
nfcorpus|splade-v3+rankfirst|optimal_per_topic|setmaxheaptopk|0.2767
nfcorpus|splade-v3+rankfirst|quantile|judge|0.6692
nfcorpus|splade-v3+rankfirst|quantile|judge_expr|0.579
nfcorpus|splade-v3+rankfirst|quantile|rankgpt|0.6197
nfcorpus|splade-v3+rankfirst|quantile|setmaxheaptopk|0.6011
nfcorpus|splade-v3+rankfirst|rank|judge|0.4667
nfcorpus|splade-v3+rankfirst|rank|judge_expr|0.4398
nfcorpus|splade-v3+rankfirst|rank|rankgpt|0.4092
nfcorpus|splade-v3+rankfirst|rank|setmaxheaptopk|0.4707
nfcorpus|splade-v3+rankfirst|thresholding|judge|0.619
nfcorpus|splade-v3+rankfirst|thresholding|judge_expr|0.6052
nfcorpus|splade-v3+rankfirst|thresholding|rankgpt|0.0
nfcorpus|splade-v3+rankfirst|thresholding|setmaxheaptopk|0.0
nfcorpus|splade-v3+rankgpt|direct|judge|0.5691
nfcorpus|splade-v3+rankgpt|direct|judge_expr|0.5593
nfcorpus|splade-v3+rankgpt|direct|rankgpt|0.5366
nfcorpus|splade-v3+rankgpt|direct|setmaxheaptopk|0.5653
nfcorpus|splade-v3+rankgpt|largest_gap|judge|0.5535
nfcorpus|splade-v3+rankgpt|largest_gap|judge_expr|0.5825
nfcorpus|splade-v3+rankgpt|largest_gap|rankgpt|0.5366
nfcorpus|splade-v3+rankgpt|largest_gap|setmaxheaptopk|0.5653
nfcorpus|splade-v3+rankgpt|optimal_global|judge|0.5602
nfcorpus|splade-v3+rankgpt|optimal_global|judge_expr|0.4997
nfcorpus|splade-v3+rankgpt|optimal_global|rankgpt|0.5005
nfcorpus|splade-v3+rankgpt|optimal_global|setmaxheaptopk|0.539
nfcorpus|splade-v3+rankgpt|optimal_per_topic|judge|0.2312
nfcorpus|splade-v3+rankgpt|optimal_per_topic|judge_expr|0.2254
nfcorpus|splade-v3+rankgpt|optimal_per_topic|rankgpt|0.2414
nfcorpus|splade-v3+rankgpt|optimal_per_topic|setmaxheaptopk|0.2552
nfcorpus|splade-v3+rankgpt|quantile|judge|0.6092
nfcorpus|splade-v3+rankgpt|quantile|judge_expr|0.5152
nfcorpus|splade-v3+rankgpt|quantile|rankgpt|0.5536
nfcorpus|splade-v3+rankgpt|quantile|setmaxheaptopk|0.5189
nfcorpus|splade-v3+rankgpt|rank|judge|0.3933
nfcorpus|splade-v3+rankgpt|rank|judge_expr|0.3738
nfcorpus|splade-v3+rankgpt|rank|rankgpt|0.3913
nfcorpus|splade-v3+rankgpt|rank|setmaxheaptopk|0.4038
nfcorpus|splade-v3+rankgpt|thresholding|judge|0.564
nfcorpus|splade-v3+rankgpt|thresholding|judge_expr|0.5491
nfcorpus|splade-v3+rankgpt|thresholding|rankgpt|0.0
nfcorpus|splade-v3+rankgpt|thresholding|setmaxheaptopk|0.0
nfcorpus|splade-v3+rankzephyr|direct|judge|0.5777
nfcorpus|splade-v3+rankzephyr|direct|judge_expr|0.5527
nfcorpus|splade-v3+rankzephyr|direct|rankgpt|0.4693
nfcorpus|splade-v3+rankzephyr|largest_gap|judge|0.5384
nfcorpus|splade-v3+rankzephyr|largest_gap|judge_expr|0.5703
nfcorpus|splade-v3+rankzephyr|largest_gap|rankgpt|0.4693
nfcorpus|splade-v3+rankzephyr|optimal_global|judge|0.5484
nfcorpus|splade-v3+rankzephyr|optimal_global|judge_expr|0.4927
nfcorpus|splade-v3+rankzephyr|optimal_global|rankgpt|0.4376
nfcorpus|splade-v3+rankzephyr|optimal_per_topic|judge|0.2253
nfcorpus|splade-v3+rankzephyr|optimal_per_topic|judge_expr|0.213
nfcorpus|splade-v3+rankzephyr|optimal_per_topic|rankgpt|0.2179
nfcorpus|splade-v3+rankzephyr|quantile|judge|0.63
nfcorpus|splade-v3+rankzephyr|quantile|judge_expr|0.5265
nfcorpus|splade-v3+rankzephyr|quantile|rankgpt|0.5884
nfcorpus|splade-v3+rankzephyr|rank|judge|0.4242
nfcorpus|splade-v3+rankzephyr|rank|judge_expr|0.3792
nfcorpus|splade-v3+rankzephyr|rank|rankgpt|0.3473
nfcorpus|splade-v3+rankzephyr|thresholding|judge|0.5555
nfcorpus|splade-v3+rankzephyr|thresholding|judge_expr|0.5397
nfcorpus|splade-v3+rankzephyr|thresholding|rankgpt|0.0
nfcorpus|splade-v3+setmaxheaptopk|direct|judge|0.6036
nfcorpus|splade-v3+setmaxheaptopk|direct|judge_expr|0.6014
nfcorpus|splade-v3+setmaxheaptopk|direct|rankgpt|0.5921
nfcorpus|splade-v3+setmaxheaptopk|direct|setmaxheaptopk|0.6297
nfcorpus|splade-v3+setmaxheaptopk|largest_gap|judge|0.5969
nfcorpus|splade-v3+setmaxheaptopk|largest_gap|judge_expr|0.6207
nfcorpus|splade-v3+setmaxheaptopk|largest_gap|rankgpt|0.5921
nfcorpus|splade-v3+setmaxheaptopk|largest_gap|setmaxheaptopk|0.6297
nfcorpus|splade-v3+setmaxheaptopk|optimal_global|judge|0.5998
nfcorpus|splade-v3+setmaxheaptopk|optimal_global|judge_expr|0.5476
nfcorpus|splade-v3+setmaxheaptopk|optimal_global|rankgpt|0.5215
nfcorpus|splade-v3+setmaxheaptopk|optimal_global|setmaxheaptopk|0.6168
nfcorpus|splade-v3+setmaxheaptopk|optimal_per_topic|judge|0.2543
nfcorpus|splade-v3+setmaxheaptopk|optimal_per_topic|judge_expr|0.2521
nfcorpus|splade-v3+setmaxheaptopk|optimal_per_topic|rankgpt|0.2642
nfcorpus|splade-v3+setmaxheaptopk|optimal_per_topic|setmaxheaptopk|0.2837
nfcorpus|splade-v3+setmaxheaptopk|quantile|judge|0.6132
nfcorpus|splade-v3+setmaxheaptopk|quantile|judge_expr|0.5461
nfcorpus|splade-v3+setmaxheaptopk|quantile|rankgpt|0.5672
nfcorpus|splade-v3+setmaxheaptopk|quantile|setmaxheaptopk|0.5752
nfcorpus|splade-v3+setmaxheaptopk|rank|judge|0.4395
nfcorpus|splade-v3+setmaxheaptopk|rank|judge_expr|0.417
nfcorpus|splade-v3+setmaxheaptopk|rank|rankgpt|0.3955
nfcorpus|splade-v3+setmaxheaptopk|rank|setmaxheaptopk|0.4862
nfcorpus|splade-v3+setmaxheaptopk|thresholding|judge|0.6106
nfcorpus|splade-v3+setmaxheaptopk|thresholding|judge_expr|0.5916
nfcorpus|splade-v3+setmaxheaptopk|thresholding|rankgpt|0.0
nfcorpus|splade-v3+setmaxheaptopk|thresholding|setmaxheaptopk|0.0
scidocs|bm25|direct|judge|0.4824
scidocs|bm25|direct|judge_expr|0.3831
scidocs|bm25|direct|rankgpt|0.4203
scidocs|bm25|direct|setmaxheaptopk|0.412
scidocs|bm25|largest_gap|judge|0.3151
scidocs|bm25|largest_gap|judge_expr|0.3864
scidocs|bm25|largest_gap|rankgpt|0.4203
scidocs|bm25|largest_gap|setmaxheaptopk|0.412
scidocs|bm25|optimal_global|judge|0.2803
scidocs|bm25|optimal_global|judge_expr|0.0006
scidocs|bm25|optimal_global|rankgpt|0.4203
scidocs|bm25|optimal_global|setmaxheaptopk|0.412
scidocs|bm25|optimal_per_topic|judge|0.0
scidocs|bm25|optimal_per_topic|judge_expr|0.0
scidocs|bm25|optimal_per_topic|rankgpt|0.0
scidocs|bm25|optimal_per_topic|setmaxheaptopk|0.0
scidocs|bm25|quantile|judge|0.5512
scidocs|bm25|quantile|judge_expr|0.4368
scidocs|bm25|quantile|rankgpt|0.5908
scidocs|bm25|quantile|setmaxheaptopk|0.5168
scidocs|bm25|rank|judge|0.2987
scidocs|bm25|rank|judge_expr|0.2205
scidocs|bm25|rank|rankgpt|0.3459
scidocs|bm25|rank|setmaxheaptopk|0.3654
scidocs|bm25|thresholding|judge|0.3978
scidocs|bm25|thresholding|judge_expr|0.3752
scidocs|bm25|thresholding|rankgpt|0.0
scidocs|bm25|thresholding|setmaxheaptopk|0.0
scidocs|bm25+judge|direct|judge|0.6262
scidocs|bm25+judge|direct|judge_expr|0.5787
scidocs|bm25+judge|direct|rankgpt|0.316
scidocs|bm25+judge|direct|setmaxheaptopk|0.3159
scidocs|bm25+judge|largest_gap|judge|0.5277
scidocs|bm25+judge|largest_gap|judge_expr|0.5832
scidocs|bm25+judge|largest_gap|rankgpt|0.316
scidocs|bm25+judge|largest_gap|setmaxheaptopk|0.3159
scidocs|bm25+judge|optimal_global|judge|0.4771
scidocs|bm25+judge|optimal_global|judge_expr|0.0004
scidocs|bm25+judge|optimal_global|rankgpt|0.316
scidocs|bm25+judge|optimal_global|setmaxheaptopk|0.3159
scidocs|bm25+judge|optimal_per_topic|judge|0.0
scidocs|bm25+judge|optimal_per_topic|judge_expr|0.0
scidocs|bm25+judge|optimal_per_topic|rankgpt|0.0
scidocs|bm25+judge|optimal_per_topic|setmaxheaptopk|0.0
scidocs|bm25+judge|quantile|judge|0.6995
scidocs|bm25+judge|quantile|judge_expr|0.6338
scidocs|bm25+judge|quantile|rankgpt|0.4956
scidocs|bm25+judge|quantile|setmaxheaptopk|0.4651
scidocs|bm25+judge|rank|judge|0.4392
scidocs|bm25+judge|rank|judge_expr|0.3663
scidocs|bm25+judge|rank|rankgpt|0.3027
scidocs|bm25+judge|rank|setmaxheaptopk|0.3226
scidocs|bm25+judge|thresholding|judge|0.6028
scidocs|bm25+judge|thresholding|judge_expr|0.576
scidocs|bm25+judge|thresholding|rankgpt|0.0
scidocs|bm25+judge|thresholding|setmaxheaptopk|0.0
scidocs|bm25+judge_expr|direct|judge|0.6597
scidocs|bm25+judge_expr|direct|judge_expr|0.6224
scidocs|bm25+judge_expr|direct|rankgpt|0.408
scidocs|bm25+judge_expr|direct|setmaxheaptopk|0.4017
scidocs|bm25+judge_expr|largest_gap|judge|0.5572
scidocs|bm25+judge_expr|largest_gap|judge_expr|0.6178
scidocs|bm25+judge_expr|largest_gap|rankgpt|0.408
scidocs|bm25+judge_expr|largest_gap|setmaxheaptopk|0.4017
scidocs|bm25+judge_expr|optimal_global|judge|0.505
scidocs|bm25+judge_expr|optimal_global|judge_expr|0.001
scidocs|bm25+judge_expr|optimal_global|rankgpt|0.408
scidocs|bm25+judge_expr|optimal_global|setmaxheaptopk|0.4017
scidocs|bm25+judge_expr|optimal_per_topic|judge|0.0
scidocs|bm25+judge_expr|optimal_per_topic|judge_expr|0.0
scidocs|bm25+judge_expr|optimal_per_topic|rankgpt|0.0
scidocs|bm25+judge_expr|optimal_per_topic|setmaxheaptopk|0.0
scidocs|bm25+judge_expr|quantile|judge|0.7418
scidocs|bm25+judge_expr|quantile|judge_expr|0.7357
scidocs|bm25+judge_expr|quantile|rankgpt|0.5606
scidocs|bm25+judge_expr|quantile|setmaxheaptopk|0.5295
scidocs|bm25+judge_expr|rank|judge|0.4851
scidocs|bm25+judge_expr|rank|judge_expr|0.4927
scidocs|bm25+judge_expr|rank|rankgpt|0.358
scidocs|bm25+judge_expr|rank|setmaxheaptopk|0.3852
scidocs|bm25+judge_expr|thresholding|judge|0.6332
scidocs|bm25+judge_expr|thresholding|judge_expr|0.6101
scidocs|bm25+judge_expr|thresholding|rankgpt|0.0
scidocs|bm25+judge_expr|thresholding|setmaxheaptopk|0.0
scidocs|bm25+point|direct|judge|0.5355
scidocs|bm25+point|direct|judge_expr|0.442
scidocs|bm25+point|direct|rankgpt|0.3995
scidocs|bm25+point|direct|setmaxheaptopk|0.4082
scidocs|bm25+point|largest_gap|judge|0.3509
scidocs|bm25+point|largest_gap|judge_expr|0.4409
scidocs|bm25+point|largest_gap|rankgpt|0.3995
scidocs|bm25+point|largest_gap|setmaxheaptopk|0.4082
scidocs|bm25+point|optimal_global|judge|0.3124
scidocs|bm25+point|optimal_global|judge_expr|0.0004
scidocs|bm25+point|optimal_global|rankgpt|0.3995
scidocs|bm25+point|optimal_global|setmaxheaptopk|0.4082
scidocs|bm25+point|optimal_per_topic|judge|0.0
scidocs|bm25+point|optimal_per_topic|judge_expr|0.0
scidocs|bm25+point|optimal_per_topic|rankgpt|0.0
scidocs|bm25+point|optimal_per_topic|setmaxheaptopk|0.0
scidocs|bm25+point|quantile|judge|0.6208
scidocs|bm25+point|quantile|judge_expr|0.5105
scidocs|bm25+point|quantile|rankgpt|0.5875
scidocs|bm25+point|quantile|setmaxheaptopk|0.543
scidocs|bm25+point|rank|judge|0.3216
scidocs|bm25+point|rank|judge_expr|0.2569
scidocs|bm25+point|rank|rankgpt|0.3578
scidocs|bm25+point|rank|setmaxheaptopk|0.3894
scidocs|bm25+point|thresholding|judge|0.4606
scidocs|bm25+point|thresholding|judge_expr|0.4312
scidocs|bm25+point|thresholding|rankgpt|0.0
scidocs|bm25+point|thresholding|setmaxheaptopk|0.0
scidocs|bm25+rankfirst|direct|judge|0.6002
scidocs|bm25+rankfirst|direct|judge_expr|0.5021
scidocs|bm25+rankfirst|direct|rankgpt|0.5955
scidocs|bm25+rankfirst|direct|setmaxheaptopk|0.5719
scidocs|bm25+rankfirst|largest_gap|judge|0.4158
scidocs|bm25+rankfirst|largest_gap|judge_expr|0.5065
scidocs|bm25+rankfirst|largest_gap|rankgpt|0.5955
scidocs|bm25+rankfirst|largest_gap|setmaxheaptopk|0.5719
scidocs|bm25+rankfirst|optimal_global|judge|0.3703
scidocs|bm25+rankfirst|optimal_global|judge_expr|0.0005
scidocs|bm25+rankfirst|optimal_global|rankgpt|0.5955
scidocs|bm25+rankfirst|optimal_global|setmaxheaptopk|0.5719
scidocs|bm25+rankfirst|optimal_per_topic|judge|0.0
scidocs|bm25+rankfirst|optimal_per_topic|judge_expr|0.0
scidocs|bm25+rankfirst|optimal_per_topic|rankgpt|0.0
scidocs|bm25+rankfirst|optimal_per_topic|setmaxheaptopk|0.0
scidocs|bm25+rankfirst|quantile|judge|0.695
scidocs|bm25+rankfirst|quantile|judge_expr|0.5795
scidocs|bm25+rankfirst|quantile|rankgpt|0.7307
scidocs|bm25+rankfirst|quantile|setmaxheaptopk|0.6627
scidocs|bm25+rankfirst|rank|judge|0.3992
scidocs|bm25+rankfirst|rank|judge_expr|0.306
scidocs|bm25+rankfirst|rank|rankgpt|0.4779
scidocs|bm25+rankfirst|rank|setmaxheaptopk|0.5043
scidocs|bm25+rankfirst|thresholding|judge|0.5219
scidocs|bm25+rankfirst|thresholding|judge_expr|0.4927
scidocs|bm25+rankfirst|thresholding|rankgpt|0.0
scidocs|bm25+rankfirst|thresholding|setmaxheaptopk|0.0
scidocs|bm25+rankgpt|direct|judge|0.5422
scidocs|bm25+rankgpt|direct|judge_expr|0.4515
scidocs|bm25+rankgpt|direct|rankgpt|0.5485
scidocs|bm25+rankgpt|direct|setmaxheaptopk|0.5142
scidocs|bm25+rankgpt|largest_gap|judge|0.3728
scidocs|bm25+rankgpt|largest_gap|judge_expr|0.4558
scidocs|bm25+rankgpt|largest_gap|rankgpt|0.5485
scidocs|bm25+rankgpt|largest_gap|setmaxheaptopk|0.5142
scidocs|bm25+rankgpt|optimal_global|judge|0.3344
scidocs|bm25+rankgpt|optimal_global|judge_expr|0.0004
scidocs|bm25+rankgpt|optimal_global|rankgpt|0.5485
scidocs|bm25+rankgpt|optimal_global|setmaxheaptopk|0.5142
scidocs|bm25+rankgpt|optimal_per_topic|judge|0.0
scidocs|bm25+rankgpt|optimal_per_topic|judge_expr|0.0
scidocs|bm25+rankgpt|optimal_per_topic|rankgpt|0.0
scidocs|bm25+rankgpt|optimal_per_topic|setmaxheaptopk|0.0
scidocs|bm25+rankgpt|quantile|judge|0.6197
scidocs|bm25+rankgpt|quantile|judge_expr|0.5126
scidocs|bm25+rankgpt|quantile|rankgpt|0.6344
scidocs|bm25+rankgpt|quantile|setmaxheaptopk|0.5698
scidocs|bm25+rankgpt|rank|judge|0.34
scidocs|bm25+rankgpt|rank|judge_expr|0.2679
scidocs|bm25+rankgpt|rank|rankgpt|0.4355
scidocs|bm25+rankgpt|rank|setmaxheaptopk|0.4256
scidocs|bm25+rankgpt|thresholding|judge|0.4703
scidocs|bm25+rankgpt|thresholding|judge_expr|0.4433
scidocs|bm25+rankgpt|thresholding|rankgpt|0.0
scidocs|bm25+rankgpt|thresholding|setmaxheaptopk|0.0
scidocs|bm25+rankzephyr|direct|judge|0.4722
scidocs|bm25+rankzephyr|direct|judge_expr|0.3719
scidocs|bm25+rankzephyr|direct|rankgpt|0.3966
scidocs|bm25+rankzephyr|largest_gap|judge|0.3056
scidocs|bm25+rankzephyr|largest_gap|judge_expr|0.3758
scidocs|bm25+rankzephyr|largest_gap|rankgpt|0.3966
scidocs|bm25+rankzephyr|optimal_global|judge|0.2711
scidocs|bm25+rankzephyr|optimal_global|judge_expr|0.0
scidocs|bm25+rankzephyr|optimal_global|rankgpt|0.3966
scidocs|bm25+rankzephyr|optimal_per_topic|judge|0.0
scidocs|bm25+rankzephyr|optimal_per_topic|judge_expr|0.0
scidocs|bm25+rankzephyr|optimal_per_topic|rankgpt|0.0
scidocs|bm25+rankzephyr|quantile|judge|0.5376
scidocs|bm25+rankzephyr|quantile|judge_expr|0.4228
scidocs|bm25+rankzephyr|quantile|rankgpt|0.576
scidocs|bm25+rankzephyr|rank|judge|0.2905
scidocs|bm25+rankzephyr|rank|judge_expr|0.2132
scidocs|bm25+rankzephyr|rank|rankgpt|0.3319
scidocs|bm25+rankzephyr|thresholding|judge|0.3864
scidocs|bm25+rankzephyr|thresholding|judge_expr|0.3647
scidocs|bm25+rankzephyr|thresholding|rankgpt|0.0
scidocs|bm25+setmaxheaptopk|direct|judge|0.559
scidocs|bm25+setmaxheaptopk|direct|judge_expr|0.4761
scidocs|bm25+setmaxheaptopk|direct|rankgpt|0.5707
scidocs|bm25+setmaxheaptopk|direct|setmaxheaptopk|0.5714
scidocs|bm25+setmaxheaptopk|largest_gap|judge|0.3973
scidocs|bm25+setmaxheaptopk|largest_gap|judge_expr|0.4786
scidocs|bm25+setmaxheaptopk|largest_gap|rankgpt|0.5707
scidocs|bm25+setmaxheaptopk|largest_gap|setmaxheaptopk|0.5714
scidocs|bm25+setmaxheaptopk|optimal_global|judge|0.3569
scidocs|bm25+setmaxheaptopk|optimal_global|judge_expr|0.0006
scidocs|bm25+setmaxheaptopk|optimal_global|rankgpt|0.5707
scidocs|bm25+setmaxheaptopk|optimal_global|setmaxheaptopk|0.5714
scidocs|bm25+setmaxheaptopk|optimal_per_topic|judge|0.0
scidocs|bm25+setmaxheaptopk|optimal_per_topic|judge_expr|0.0
scidocs|bm25+setmaxheaptopk|optimal_per_topic|rankgpt|0.0
scidocs|bm25+setmaxheaptopk|optimal_per_topic|setmaxheaptopk|0.0
scidocs|bm25+setmaxheaptopk|quantile|judge|0.6372
scidocs|bm25+setmaxheaptopk|quantile|judge_expr|0.5332
scidocs|bm25+setmaxheaptopk|quantile|rankgpt|0.6415
scidocs|bm25+setmaxheaptopk|quantile|setmaxheaptopk|0.6144
scidocs|bm25+setmaxheaptopk|rank|judge|0.3645
scidocs|bm25+setmaxheaptopk|rank|judge_expr|0.2879
scidocs|bm25+setmaxheaptopk|rank|rankgpt|0.4258
scidocs|bm25+setmaxheaptopk|rank|setmaxheaptopk|0.4773
scidocs|bm25+setmaxheaptopk|thresholding|judge|0.493
scidocs|bm25+setmaxheaptopk|thresholding|judge_expr|0.4693
scidocs|bm25+setmaxheaptopk|thresholding|rankgpt|0.0
scidocs|bm25+setmaxheaptopk|thresholding|setmaxheaptopk|0.0
scidocs|colbert-small|direct|judge|0.5426
scidocs|colbert-small|direct|judge_expr|0.4456
scidocs|colbert-small|direct|rankgpt|0.4818
scidocs|colbert-small|direct|setmaxheaptopk|0.4718
scidocs|colbert-small|largest_gap|judge|0.3682
scidocs|colbert-small|largest_gap|judge_expr|0.4484
scidocs|colbert-small|largest_gap|rankgpt|0.4818
scidocs|colbert-small|largest_gap|setmaxheaptopk|0.4718
scidocs|colbert-small|optimal_global|judge|0.328
scidocs|colbert-small|optimal_global|judge_expr|0.0004
scidocs|colbert-small|optimal_global|rankgpt|0.4818
scidocs|colbert-small|optimal_global|setmaxheaptopk|0.4718
scidocs|colbert-small|optimal_per_topic|judge|0.0
scidocs|colbert-small|optimal_per_topic|judge_expr|0.0
scidocs|colbert-small|optimal_per_topic|rankgpt|0.0
scidocs|colbert-small|optimal_per_topic|setmaxheaptopk|0.0
scidocs|colbert-small|quantile|judge|0.6272
scidocs|colbert-small|quantile|judge_expr|0.5097
scidocs|colbert-small|quantile|rankgpt|0.6487
scidocs|colbert-small|quantile|setmaxheaptopk|0.5716
scidocs|colbert-small|rank|judge|0.3492
scidocs|colbert-small|rank|judge_expr|0.2613
scidocs|colbert-small|rank|rankgpt|0.3926
scidocs|colbert-small|rank|setmaxheaptopk|0.4151
scidocs|colbert-small|thresholding|judge|0.4591
scidocs|colbert-small|thresholding|judge_expr|0.4361
scidocs|colbert-small|thresholding|rankgpt|0.0
scidocs|colbert-small|thresholding|setmaxheaptopk|0.0
scidocs|colbert-small+judge|direct|judge|0.6372
scidocs|colbert-small+judge|direct|judge_expr|0.6005
scidocs|colbert-small+judge|direct|rankgpt|0.2989
scidocs|colbert-small+judge|direct|setmaxheaptopk|0.3004
scidocs|colbert-small+judge|largest_gap|judge|0.567
scidocs|colbert-small+judge|largest_gap|judge_expr|0.6052
scidocs|colbert-small+judge|largest_gap|rankgpt|0.2989
scidocs|colbert-small+judge|largest_gap|setmaxheaptopk|0.3004
scidocs|colbert-small+judge|optimal_global|judge|0.5127
scidocs|colbert-small+judge|optimal_global|judge_expr|0.0003
scidocs|colbert-small+judge|optimal_global|rankgpt|0.2989
scidocs|colbert-small+judge|optimal_global|setmaxheaptopk|0.3004
scidocs|colbert-small+judge|optimal_per_topic|judge|0.0
scidocs|colbert-small+judge|optimal_per_topic|judge_expr|0.0
scidocs|colbert-small+judge|optimal_per_topic|rankgpt|0.0
scidocs|colbert-small+judge|optimal_per_topic|setmaxheaptopk|0.0
scidocs|colbert-small+judge|quantile|judge|0.6905
scidocs|colbert-small+judge|quantile|judge_expr|0.6425
scidocs|colbert-small+judge|quantile|rankgpt|0.4825
scidocs|colbert-small+judge|quantile|setmaxheaptopk|0.4535
scidocs|colbert-small+judge|rank|judge|0.4616
scidocs|colbert-small+judge|rank|judge_expr|0.4033
scidocs|colbert-small+judge|rank|rankgpt|0.2935
scidocs|colbert-small+judge|rank|setmaxheaptopk|0.315
scidocs|colbert-small+judge|thresholding|judge|0.6203
scidocs|colbert-small+judge|thresholding|judge_expr|0.598
scidocs|colbert-small+judge|thresholding|rankgpt|0.0
scidocs|colbert-small+judge|thresholding|setmaxheaptopk|0.0
scidocs|colbert-small+judge_expr|direct|judge|0.6756
scidocs|colbert-small+judge_expr|direct|judge_expr|0.6488
scidocs|colbert-small+judge_expr|direct|rankgpt|0.3967
scidocs|colbert-small+judge_expr|direct|setmaxheaptopk|0.3952
scidocs|colbert-small+judge_expr|largest_gap|judge|0.6031
scidocs|colbert-small+judge_expr|largest_gap|judge_expr|0.6441
scidocs|colbert-small+judge_expr|largest_gap|rankgpt|0.3967
scidocs|colbert-small+judge_expr|largest_gap|setmaxheaptopk|0.3952
scidocs|colbert-small+judge_expr|optimal_global|judge|0.5482
scidocs|colbert-small+judge_expr|optimal_global|judge_expr|0.001
scidocs|colbert-small+judge_expr|optimal_global|rankgpt|0.3967
scidocs|colbert-small+judge_expr|optimal_global|setmaxheaptopk|0.3952
scidocs|colbert-small+judge_expr|optimal_per_topic|judge|0.0
scidocs|colbert-small+judge_expr|optimal_per_topic|judge_expr|0.0
scidocs|colbert-small+judge_expr|optimal_per_topic|rankgpt|0.0
scidocs|colbert-small+judge_expr|optimal_per_topic|setmaxheaptopk|0.0
scidocs|colbert-small+judge_expr|quantile|judge|0.7366
scidocs|colbert-small+judge_expr|quantile|judge_expr|0.736
scidocs|colbert-small+judge_expr|quantile|rankgpt|0.5479
scidocs|colbert-small+judge_expr|quantile|setmaxheaptopk|0.5231
scidocs|colbert-small+judge_expr|rank|judge|0.5119
scidocs|colbert-small+judge_expr|rank|judge_expr|0.5551
scidocs|colbert-small+judge_expr|rank|rankgpt|0.3514
scidocs|colbert-small+judge_expr|rank|setmaxheaptopk|0.3799
scidocs|colbert-small+judge_expr|thresholding|judge|0.6551
scidocs|colbert-small+judge_expr|thresholding|judge_expr|0.6365
scidocs|colbert-small+judge_expr|thresholding|rankgpt|0.0
scidocs|colbert-small+judge_expr|thresholding|setmaxheaptopk|0.0
scidocs|colbert-small+point|direct|judge|0.5564
scidocs|colbert-small+point|direct|judge_expr|0.4713
scidocs|colbert-small+point|direct|rankgpt|0.4022
scidocs|colbert-small+point|direct|setmaxheaptopk|0.4231
scidocs|colbert-small+point|largest_gap|judge|0.3836
scidocs|colbert-small+point|largest_gap|judge_expr|0.4699
scidocs|colbert-small+point|largest_gap|rankgpt|0.4022
scidocs|colbert-small+point|largest_gap|setmaxheaptopk|0.4231
scidocs|colbert-small+point|optimal_global|judge|0.3449
scidocs|colbert-small+point|optimal_global|judge_expr|0.0004
scidocs|colbert-small+point|optimal_global|rankgpt|0.4022
scidocs|colbert-small+point|optimal_global|setmaxheaptopk|0.4231
scidocs|colbert-small+point|optimal_per_topic|judge|0.0
scidocs|colbert-small+point|optimal_per_topic|judge_expr|0.0
scidocs|colbert-small+point|optimal_per_topic|rankgpt|0.0
scidocs|colbert-small+point|optimal_per_topic|setmaxheaptopk|0.0
scidocs|colbert-small+point|quantile|judge|0.6409
scidocs|colbert-small+point|quantile|judge_expr|0.5365
scidocs|colbert-small+point|quantile|rankgpt|0.5864
scidocs|colbert-small+point|quantile|setmaxheaptopk|0.5474
scidocs|colbert-small+point|rank|judge|0.3419
scidocs|colbert-small+point|rank|judge_expr|0.2848
scidocs|colbert-small+point|rank|rankgpt|0.3648
scidocs|colbert-small+point|rank|setmaxheaptopk|0.3931
scidocs|colbert-small+point|thresholding|judge|0.4876
scidocs|colbert-small+point|thresholding|judge_expr|0.4592
scidocs|colbert-small+point|thresholding|rankgpt|0.0
scidocs|colbert-small+point|thresholding|setmaxheaptopk|0.0
scidocs|colbert-small+rankfirst|direct|judge|0.62
scidocs|colbert-small+rankfirst|direct|judge_expr|0.5239
scidocs|colbert-small+rankfirst|direct|rankgpt|0.6171
scidocs|colbert-small+rankfirst|direct|setmaxheaptopk|0.5936
scidocs|colbert-small+rankfirst|largest_gap|judge|0.4351
scidocs|colbert-small+rankfirst|largest_gap|judge_expr|0.5261
scidocs|colbert-small+rankfirst|largest_gap|rankgpt|0.6171
scidocs|colbert-small+rankfirst|largest_gap|setmaxheaptopk|0.5936
scidocs|colbert-small+rankfirst|optimal_global|judge|0.3869
scidocs|colbert-small+rankfirst|optimal_global|judge_expr|0.0004
scidocs|colbert-small+rankfirst|optimal_global|rankgpt|0.6171
scidocs|colbert-small+rankfirst|optimal_global|setmaxheaptopk|0.5936
scidocs|colbert-small+rankfirst|optimal_per_topic|judge|0.0
scidocs|colbert-small+rankfirst|optimal_per_topic|judge_expr|0.0
scidocs|colbert-small+rankfirst|optimal_per_topic|rankgpt|0.0
scidocs|colbert-small+rankfirst|optimal_per_topic|setmaxheaptopk|0.0
scidocs|colbert-small+rankfirst|quantile|judge|0.7216
scidocs|colbert-small+rankfirst|quantile|judge_expr|0.609
scidocs|colbert-small+rankfirst|quantile|rankgpt|0.7498
scidocs|colbert-small+rankfirst|quantile|setmaxheaptopk|0.6869
scidocs|colbert-small+rankfirst|rank|judge|0.4169
scidocs|colbert-small+rankfirst|rank|judge_expr|0.3209
scidocs|colbert-small+rankfirst|rank|rankgpt|0.503
scidocs|colbert-small+rankfirst|rank|setmaxheaptopk|0.528
scidocs|colbert-small+rankfirst|thresholding|judge|0.5431
scidocs|colbert-small+rankfirst|thresholding|judge_expr|0.5127
scidocs|colbert-small+rankfirst|thresholding|rankgpt|0.0
scidocs|colbert-small+rankfirst|thresholding|setmaxheaptopk|0.0
scidocs|colbert-small+rankgpt|direct|judge|0.5625
scidocs|colbert-small+rankgpt|direct|judge_expr|0.474
scidocs|colbert-small+rankgpt|direct|rankgpt|0.5654
scidocs|colbert-small+rankgpt|direct|setmaxheaptopk|0.5387
scidocs|colbert-small+rankgpt|largest_gap|judge|0.3929
scidocs|colbert-small+rankgpt|largest_gap|judge_expr|0.4776
scidocs|colbert-small+rankgpt|largest_gap|rankgpt|0.5654
scidocs|colbert-small+rankgpt|largest_gap|setmaxheaptopk|0.5387
scidocs|colbert-small+rankgpt|optimal_global|judge|0.3527
scidocs|colbert-small+rankgpt|optimal_global|judge_expr|0.0
scidocs|colbert-small+rankgpt|optimal_global|rankgpt|0.5654
scidocs|colbert-small+rankgpt|optimal_global|setmaxheaptopk|0.5387
scidocs|colbert-small+rankgpt|optimal_per_topic|judge|0.0
scidocs|colbert-small+rankgpt|optimal_per_topic|judge_expr|0.0
scidocs|colbert-small+rankgpt|optimal_per_topic|rankgpt|0.0
scidocs|colbert-small+rankgpt|optimal_per_topic|setmaxheaptopk|0.0
scidocs|colbert-small+rankgpt|quantile|judge|0.6503
scidocs|colbert-small+rankgpt|quantile|judge_expr|0.5397
scidocs|colbert-small+rankgpt|quantile|rankgpt|0.6596
scidocs|colbert-small+rankgpt|quantile|setmaxheaptopk|0.5988
scidocs|colbert-small+rankgpt|rank|judge|0.3546
scidocs|colbert-small+rankgpt|rank|judge_expr|0.2838
scidocs|colbert-small+rankgpt|rank|rankgpt|0.4649
scidocs|colbert-small+rankgpt|rank|setmaxheaptopk|0.4515
scidocs|colbert-small+rankgpt|thresholding|judge|0.4891
scidocs|colbert-small+rankgpt|thresholding|judge_expr|0.465
scidocs|colbert-small+rankgpt|thresholding|rankgpt|0.0
scidocs|colbert-small+rankgpt|thresholding|setmaxheaptopk|0.0
scidocs|colbert-small+rankzephyr|direct|judge|0.5416
scidocs|colbert-small+rankzephyr|direct|judge_expr|0.4444
scidocs|colbert-small+rankzephyr|direct|rankgpt|0.4672
scidocs|colbert-small+rankzephyr|largest_gap|judge|0.3668
scidocs|colbert-small+rankzephyr|largest_gap|judge_expr|0.4469
scidocs|colbert-small+rankzephyr|largest_gap|rankgpt|0.4672
scidocs|colbert-small+rankzephyr|optimal_global|judge|0.3256
scidocs|colbert-small+rankzephyr|optimal_global|judge_expr|0.0004
scidocs|colbert-small+rankzephyr|optimal_global|rankgpt|0.4672
scidocs|colbert-small+rankzephyr|optimal_per_topic|judge|0.0
scidocs|colbert-small+rankzephyr|optimal_per_topic|judge_expr|0.0
scidocs|colbert-small+rankzephyr|optimal_per_topic|rankgpt|0.0
scidocs|colbert-small+rankzephyr|quantile|judge|0.6277
scidocs|colbert-small+rankzephyr|quantile|judge_expr|0.5102
scidocs|colbert-small+rankzephyr|quantile|rankgpt|0.6455
scidocs|colbert-small+rankzephyr|rank|judge|0.3451
scidocs|colbert-small+rankzephyr|rank|judge_expr|0.2575
scidocs|colbert-small+rankzephyr|rank|rankgpt|0.3884
scidocs|colbert-small+rankzephyr|thresholding|judge|0.4579
scidocs|colbert-small+rankzephyr|thresholding|judge_expr|0.4362
scidocs|colbert-small+rankzephyr|thresholding|rankgpt|0.0
scidocs|colbert-small+setmaxheaptopk|direct|judge|0.5747
scidocs|colbert-small+setmaxheaptopk|direct|judge_expr|0.4945
scidocs|colbert-small+setmaxheaptopk|direct|rankgpt|0.5804
scidocs|colbert-small+setmaxheaptopk|direct|setmaxheaptopk|0.5955
scidocs|colbert-small+setmaxheaptopk|largest_gap|judge|0.4188
scidocs|colbert-small+setmaxheaptopk|largest_gap|judge_expr|0.4967
scidocs|colbert-small+setmaxheaptopk|largest_gap|rankgpt|0.5804
scidocs|colbert-small+setmaxheaptopk|largest_gap|setmaxheaptopk|0.5955
scidocs|colbert-small+setmaxheaptopk|optimal_global|judge|0.3773
scidocs|colbert-small+setmaxheaptopk|optimal_global|judge_expr|0.0004
scidocs|colbert-small+setmaxheaptopk|optimal_global|rankgpt|0.5804
scidocs|colbert-small+setmaxheaptopk|optimal_global|setmaxheaptopk|0.5955
scidocs|colbert-small+setmaxheaptopk|optimal_per_topic|judge|0.0
scidocs|colbert-small+setmaxheaptopk|optimal_per_topic|judge_expr|0.0
scidocs|colbert-small+setmaxheaptopk|optimal_per_topic|rankgpt|0.0
scidocs|colbert-small+setmaxheaptopk|optimal_per_topic|setmaxheaptopk|0.0
scidocs|colbert-small+setmaxheaptopk|quantile|judge|0.6587
scidocs|colbert-small+setmaxheaptopk|quantile|judge_expr|0.5626
scidocs|colbert-small+setmaxheaptopk|quantile|rankgpt|0.6518
scidocs|colbert-small+setmaxheaptopk|quantile|setmaxheaptopk|0.6287
scidocs|colbert-small+setmaxheaptopk|rank|judge|0.3816
scidocs|colbert-small+setmaxheaptopk|rank|judge_expr|0.3071
scidocs|colbert-small+setmaxheaptopk|rank|rankgpt|0.4513
scidocs|colbert-small+setmaxheaptopk|rank|setmaxheaptopk|0.504
scidocs|colbert-small+setmaxheaptopk|thresholding|judge|0.5088
scidocs|colbert-small+setmaxheaptopk|thresholding|judge_expr|0.4859
scidocs|colbert-small+setmaxheaptopk|thresholding|rankgpt|0.0
scidocs|colbert-small+setmaxheaptopk|thresholding|setmaxheaptopk|0.0
scidocs|nomicai-modernbert-embed|direct|judge|0.5753
scidocs|nomicai-modernbert-embed|direct|judge_expr|0.4677
scidocs|nomicai-modernbert-embed|direct|rankgpt|0.5239
scidocs|nomicai-modernbert-embed|direct|setmaxheaptopk|0.5029
scidocs|nomicai-modernbert-embed|largest_gap|judge|0.3838
scidocs|nomicai-modernbert-embed|largest_gap|judge_expr|0.4708
scidocs|nomicai-modernbert-embed|largest_gap|rankgpt|0.5239
scidocs|nomicai-modernbert-embed|largest_gap|setmaxheaptopk|0.5029
scidocs|nomicai-modernbert-embed|optimal_global|judge|0.3388
scidocs|nomicai-modernbert-embed|optimal_global|judge_expr|0.0005
scidocs|nomicai-modernbert-embed|optimal_global|rankgpt|0.5239
scidocs|nomicai-modernbert-embed|optimal_global|setmaxheaptopk|0.5029
scidocs|nomicai-modernbert-embed|optimal_per_topic|judge|0.0
scidocs|nomicai-modernbert-embed|optimal_per_topic|judge_expr|0.0
scidocs|nomicai-modernbert-embed|optimal_per_topic|rankgpt|0.0
scidocs|nomicai-modernbert-embed|optimal_per_topic|setmaxheaptopk|0.0
scidocs|nomicai-modernbert-embed|quantile|judge|0.6648
scidocs|nomicai-modernbert-embed|quantile|judge_expr|0.5357
scidocs|nomicai-modernbert-embed|quantile|rankgpt|0.725
scidocs|nomicai-modernbert-embed|quantile|setmaxheaptopk|0.6176
scidocs|nomicai-modernbert-embed|rank|judge|0.3765
scidocs|nomicai-modernbert-embed|rank|judge_expr|0.274
scidocs|nomicai-modernbert-embed|rank|rankgpt|0.4227
scidocs|nomicai-modernbert-embed|rank|setmaxheaptopk|0.4466
scidocs|nomicai-modernbert-embed|thresholding|judge|0.4854
scidocs|nomicai-modernbert-embed|thresholding|judge_expr|0.4579
scidocs|nomicai-modernbert-embed|thresholding|rankgpt|0.0
scidocs|nomicai-modernbert-embed|thresholding|setmaxheaptopk|0.0
scidocs|nomicai-modernbert-embed+judge|direct|judge|0.6675
scidocs|nomicai-modernbert-embed+judge|direct|judge_expr|0.624
scidocs|nomicai-modernbert-embed+judge|direct|rankgpt|0.3164
scidocs|nomicai-modernbert-embed+judge|direct|setmaxheaptopk|0.3125
scidocs|nomicai-modernbert-embed+judge|largest_gap|judge|0.5833
scidocs|nomicai-modernbert-embed+judge|largest_gap|judge_expr|0.6263
scidocs|nomicai-modernbert-embed+judge|largest_gap|rankgpt|0.3164
scidocs|nomicai-modernbert-embed+judge|largest_gap|setmaxheaptopk|0.3125
scidocs|nomicai-modernbert-embed+judge|optimal_global|judge|0.5257
scidocs|nomicai-modernbert-embed+judge|optimal_global|judge_expr|0.0003
scidocs|nomicai-modernbert-embed+judge|optimal_global|rankgpt|0.3164
scidocs|nomicai-modernbert-embed+judge|optimal_global|setmaxheaptopk|0.3125
scidocs|nomicai-modernbert-embed+judge|optimal_per_topic|judge|0.0
scidocs|nomicai-modernbert-embed+judge|optimal_per_topic|judge_expr|0.0
scidocs|nomicai-modernbert-embed+judge|optimal_per_topic|rankgpt|0.0
scidocs|nomicai-modernbert-embed+judge|optimal_per_topic|setmaxheaptopk|0.0
scidocs|nomicai-modernbert-embed+judge|quantile|judge|0.7318
scidocs|nomicai-modernbert-embed+judge|quantile|judge_expr|0.674
scidocs|nomicai-modernbert-embed+judge|quantile|rankgpt|0.504
scidocs|nomicai-modernbert-embed+judge|quantile|setmaxheaptopk|0.4742
scidocs|nomicai-modernbert-embed+judge|rank|judge|0.4786
scidocs|nomicai-modernbert-embed+judge|rank|judge_expr|0.412
scidocs|nomicai-modernbert-embed+judge|rank|rankgpt|0.3062
scidocs|nomicai-modernbert-embed+judge|rank|setmaxheaptopk|0.3258
scidocs|nomicai-modernbert-embed+judge|thresholding|judge|0.6474
scidocs|nomicai-modernbert-embed+judge|thresholding|judge_expr|0.6201
scidocs|nomicai-modernbert-embed+judge|thresholding|rankgpt|0.0
scidocs|nomicai-modernbert-embed+judge|thresholding|setmaxheaptopk|0.0
scidocs|nomicai-modernbert-embed+judge_expr|direct|judge|0.7024
scidocs|nomicai-modernbert-embed+judge_expr|direct|judge_expr|0.6709
scidocs|nomicai-modernbert-embed+judge_expr|direct|rankgpt|0.4092
scidocs|nomicai-modernbert-embed+judge_expr|direct|setmaxheaptopk|0.4007
scidocs|nomicai-modernbert-embed+judge_expr|largest_gap|judge|0.6156
scidocs|nomicai-modernbert-embed+judge_expr|largest_gap|judge_expr|0.6633
scidocs|nomicai-modernbert-embed+judge_expr|largest_gap|rankgpt|0.4092
scidocs|nomicai-modernbert-embed+judge_expr|largest_gap|setmaxheaptopk|0.4007
scidocs|nomicai-modernbert-embed+judge_expr|optimal_global|judge|0.5577
scidocs|nomicai-modernbert-embed+judge_expr|optimal_global|judge_expr|0.001
scidocs|nomicai-modernbert-embed+judge_expr|optimal_global|rankgpt|0.4092
scidocs|nomicai-modernbert-embed+judge_expr|optimal_global|setmaxheaptopk|0.4007
scidocs|nomicai-modernbert-embed+judge_expr|optimal_per_topic|judge|0.0
scidocs|nomicai-modernbert-embed+judge_expr|optimal_per_topic|judge_expr|0.0
scidocs|nomicai-modernbert-embed+judge_expr|optimal_per_topic|rankgpt|0.0
scidocs|nomicai-modernbert-embed+judge_expr|optimal_per_topic|setmaxheaptopk|0.0
scidocs|nomicai-modernbert-embed+judge_expr|quantile|judge|0.7745
scidocs|nomicai-modernbert-embed+judge_expr|quantile|judge_expr|0.7743
scidocs|nomicai-modernbert-embed+judge_expr|quantile|rankgpt|0.5712
scidocs|nomicai-modernbert-embed+judge_expr|quantile|setmaxheaptopk|0.5463
scidocs|nomicai-modernbert-embed+judge_expr|rank|judge|0.5256
scidocs|nomicai-modernbert-embed+judge_expr|rank|judge_expr|0.5705
scidocs|nomicai-modernbert-embed+judge_expr|rank|rankgpt|0.3647
scidocs|nomicai-modernbert-embed+judge_expr|rank|setmaxheaptopk|0.394
scidocs|nomicai-modernbert-embed+judge_expr|thresholding|judge|0.6802
scidocs|nomicai-modernbert-embed+judge_expr|thresholding|judge_expr|0.6577
scidocs|nomicai-modernbert-embed+judge_expr|thresholding|rankgpt|0.0
scidocs|nomicai-modernbert-embed+judge_expr|thresholding|setmaxheaptopk|0.0
scidocs|nomicai-modernbert-embed+point|direct|judge|0.5791
scidocs|nomicai-modernbert-embed+point|direct|judge_expr|0.481
scidocs|nomicai-modernbert-embed+point|direct|rankgpt|0.424
scidocs|nomicai-modernbert-embed+point|direct|setmaxheaptopk|0.4352
scidocs|nomicai-modernbert-embed+point|largest_gap|judge|0.3872
scidocs|nomicai-modernbert-embed+point|largest_gap|judge_expr|0.4767
scidocs|nomicai-modernbert-embed+point|largest_gap|rankgpt|0.424
scidocs|nomicai-modernbert-embed+point|largest_gap|setmaxheaptopk|0.4352
scidocs|nomicai-modernbert-embed+point|optimal_global|judge|0.3456
scidocs|nomicai-modernbert-embed+point|optimal_global|judge_expr|0.0004
scidocs|nomicai-modernbert-embed+point|optimal_global|rankgpt|0.424
scidocs|nomicai-modernbert-embed+point|optimal_global|setmaxheaptopk|0.4352
scidocs|nomicai-modernbert-embed+point|optimal_per_topic|judge|0.0
scidocs|nomicai-modernbert-embed+point|optimal_per_topic|judge_expr|0.0
scidocs|nomicai-modernbert-embed+point|optimal_per_topic|rankgpt|0.0
scidocs|nomicai-modernbert-embed+point|optimal_per_topic|setmaxheaptopk|0.0
scidocs|nomicai-modernbert-embed+point|quantile|judge|0.6767
scidocs|nomicai-modernbert-embed+point|quantile|judge_expr|0.5617
scidocs|nomicai-modernbert-embed+point|quantile|rankgpt|0.6287
scidocs|nomicai-modernbert-embed+point|quantile|setmaxheaptopk|0.5828
scidocs|nomicai-modernbert-embed+point|rank|judge|0.3498
scidocs|nomicai-modernbert-embed+point|rank|judge_expr|0.2878
scidocs|nomicai-modernbert-embed+point|rank|rankgpt|0.3885
scidocs|nomicai-modernbert-embed+point|rank|setmaxheaptopk|0.4201
scidocs|nomicai-modernbert-embed+point|thresholding|judge|0.4998
scidocs|nomicai-modernbert-embed+point|thresholding|judge_expr|0.4671
scidocs|nomicai-modernbert-embed+point|thresholding|rankgpt|0.0
scidocs|nomicai-modernbert-embed+point|thresholding|setmaxheaptopk|0.0
scidocs|nomicai-modernbert-embed+rankfirst|direct|judge|0.6305
scidocs|nomicai-modernbert-embed+rankfirst|direct|judge_expr|0.5293
scidocs|nomicai-modernbert-embed+rankfirst|direct|rankgpt|0.622
scidocs|nomicai-modernbert-embed+rankfirst|direct|setmaxheaptopk|0.5937
scidocs|nomicai-modernbert-embed+rankfirst|largest_gap|judge|0.4411
scidocs|nomicai-modernbert-embed+rankfirst|largest_gap|judge_expr|0.5322
scidocs|nomicai-modernbert-embed+rankfirst|largest_gap|rankgpt|0.622
scidocs|nomicai-modernbert-embed+rankfirst|largest_gap|setmaxheaptopk|0.5937
scidocs|nomicai-modernbert-embed+rankfirst|optimal_global|judge|0.3918
scidocs|nomicai-modernbert-embed+rankfirst|optimal_global|judge_expr|0.0004
scidocs|nomicai-modernbert-embed+rankfirst|optimal_global|rankgpt|0.622
scidocs|nomicai-modernbert-embed+rankfirst|optimal_global|setmaxheaptopk|0.5937
scidocs|nomicai-modernbert-embed+rankfirst|optimal_per_topic|judge|0.0
scidocs|nomicai-modernbert-embed+rankfirst|optimal_per_topic|judge_expr|0.0
scidocs|nomicai-modernbert-embed+rankfirst|optimal_per_topic|rankgpt|0.0
scidocs|nomicai-modernbert-embed+rankfirst|optimal_per_topic|setmaxheaptopk|0.0
scidocs|nomicai-modernbert-embed+rankfirst|quantile|judge|0.7363
scidocs|nomicai-modernbert-embed+rankfirst|quantile|judge_expr|0.6163
scidocs|nomicai-modernbert-embed+rankfirst|quantile|rankgpt|0.7682
scidocs|nomicai-modernbert-embed+rankfirst|quantile|setmaxheaptopk|0.6989
scidocs|nomicai-modernbert-embed+rankfirst|rank|judge|0.4225
scidocs|nomicai-modernbert-embed+rankfirst|rank|judge_expr|0.324
scidocs|nomicai-modernbert-embed+rankfirst|rank|rankgpt|0.5102
scidocs|nomicai-modernbert-embed+rankfirst|rank|setmaxheaptopk|0.535
scidocs|nomicai-modernbert-embed+rankfirst|thresholding|judge|0.5483
scidocs|nomicai-modernbert-embed+rankfirst|thresholding|judge_expr|0.5198
scidocs|nomicai-modernbert-embed+rankfirst|thresholding|rankgpt|0.0
scidocs|nomicai-modernbert-embed+rankfirst|thresholding|setmaxheaptopk|0.0
scidocs|nomicai-modernbert-embed+rankgpt|direct|judge|0.5788
scidocs|nomicai-modernbert-embed+rankgpt|direct|judge_expr|0.4817
scidocs|nomicai-modernbert-embed+rankgpt|direct|rankgpt|0.6029
scidocs|nomicai-modernbert-embed+rankgpt|direct|setmaxheaptopk|0.5559
scidocs|nomicai-modernbert-embed+rankgpt|largest_gap|judge|0.3954
scidocs|nomicai-modernbert-embed+rankgpt|largest_gap|judge_expr|0.4848
scidocs|nomicai-modernbert-embed+rankgpt|largest_gap|rankgpt|0.6029
scidocs|nomicai-modernbert-embed+rankgpt|largest_gap|setmaxheaptopk|0.5559
scidocs|nomicai-modernbert-embed+rankgpt|optimal_global|judge|0.355
scidocs|nomicai-modernbert-embed+rankgpt|optimal_global|judge_expr|0.0
scidocs|nomicai-modernbert-embed+rankgpt|optimal_global|rankgpt|0.6029
scidocs|nomicai-modernbert-embed+rankgpt|optimal_global|setmaxheaptopk|0.5559
scidocs|nomicai-modernbert-embed+rankgpt|optimal_per_topic|judge|0.0
scidocs|nomicai-modernbert-embed+rankgpt|optimal_per_topic|judge_expr|0.0
scidocs|nomicai-modernbert-embed+rankgpt|optimal_per_topic|rankgpt|0.0
scidocs|nomicai-modernbert-embed+rankgpt|optimal_per_topic|setmaxheaptopk|0.0
scidocs|nomicai-modernbert-embed+rankgpt|quantile|judge|0.6748
scidocs|nomicai-modernbert-embed+rankgpt|quantile|judge_expr|0.5537
scidocs|nomicai-modernbert-embed+rankgpt|quantile|rankgpt|0.6927
scidocs|nomicai-modernbert-embed+rankgpt|quantile|setmaxheaptopk|0.6107
scidocs|nomicai-modernbert-embed+rankgpt|rank|judge|0.3609
scidocs|nomicai-modernbert-embed+rankgpt|rank|judge_expr|0.2872
scidocs|nomicai-modernbert-embed+rankgpt|rank|rankgpt|0.4819
scidocs|nomicai-modernbert-embed+rankgpt|rank|setmaxheaptopk|0.4587
scidocs|nomicai-modernbert-embed+rankgpt|thresholding|judge|0.5004
scidocs|nomicai-modernbert-embed+rankgpt|thresholding|judge_expr|0.4728
scidocs|nomicai-modernbert-embed+rankgpt|thresholding|rankgpt|0.0
scidocs|nomicai-modernbert-embed+rankgpt|thresholding|setmaxheaptopk|0.0
scidocs|nomicai-modernbert-embed+rankzephyr|direct|judge|0.5662
scidocs|nomicai-modernbert-embed+rankzephyr|direct|judge_expr|0.4598
scidocs|nomicai-modernbert-embed+rankzephyr|direct|rankgpt|0.5048
scidocs|nomicai-modernbert-embed+rankzephyr|largest_gap|judge|0.3761
scidocs|nomicai-modernbert-embed+rankzephyr|largest_gap|judge_expr|0.4615
scidocs|nomicai-modernbert-embed+rankzephyr|largest_gap|rankgpt|0.5048
scidocs|nomicai-modernbert-embed+rankzephyr|optimal_global|judge|0.3334
scidocs|nomicai-modernbert-embed+rankzephyr|optimal_global|judge_expr|0.0005
scidocs|nomicai-modernbert-embed+rankzephyr|optimal_global|rankgpt|0.5048
scidocs|nomicai-modernbert-embed+rankzephyr|optimal_per_topic|judge|0.0
scidocs|nomicai-modernbert-embed+rankzephyr|optimal_per_topic|judge_expr|0.0
scidocs|nomicai-modernbert-embed+rankzephyr|optimal_per_topic|rankgpt|0.0
scidocs|nomicai-modernbert-embed+rankzephyr|quantile|judge|0.653
scidocs|nomicai-modernbert-embed+rankzephyr|quantile|judge_expr|0.5244
scidocs|nomicai-modernbert-embed+rankzephyr|quantile|rankgpt|0.7086
scidocs|nomicai-modernbert-embed+rankzephyr|rank|judge|0.3662
scidocs|nomicai-modernbert-embed+rankzephyr|rank|judge_expr|0.2673
scidocs|nomicai-modernbert-embed+rankzephyr|rank|rankgpt|0.4135
scidocs|nomicai-modernbert-embed+rankzephyr|thresholding|judge|0.4778
scidocs|nomicai-modernbert-embed+rankzephyr|thresholding|judge_expr|0.45
scidocs|nomicai-modernbert-embed+rankzephyr|thresholding|rankgpt|0.0
scidocs|nomicai-modernbert-embed+setmaxheaptopk|direct|judge|0.5905
scidocs|nomicai-modernbert-embed+setmaxheaptopk|direct|judge_expr|0.5056
scidocs|nomicai-modernbert-embed+setmaxheaptopk|direct|rankgpt|0.6163
scidocs|nomicai-modernbert-embed+setmaxheaptopk|direct|setmaxheaptopk|0.6183
scidocs|nomicai-modernbert-embed+setmaxheaptopk|largest_gap|judge|0.4273
scidocs|nomicai-modernbert-embed+setmaxheaptopk|largest_gap|judge_expr|0.507
scidocs|nomicai-modernbert-embed+setmaxheaptopk|largest_gap|rankgpt|0.6163
scidocs|nomicai-modernbert-embed+setmaxheaptopk|largest_gap|setmaxheaptopk|0.6183
scidocs|nomicai-modernbert-embed+setmaxheaptopk|optimal_global|judge|0.3848
scidocs|nomicai-modernbert-embed+setmaxheaptopk|optimal_global|judge_expr|0.0004
scidocs|nomicai-modernbert-embed+setmaxheaptopk|optimal_global|rankgpt|0.6163
scidocs|nomicai-modernbert-embed+setmaxheaptopk|optimal_global|setmaxheaptopk|0.6183
scidocs|nomicai-modernbert-embed+setmaxheaptopk|optimal_per_topic|judge|0.0
scidocs|nomicai-modernbert-embed+setmaxheaptopk|optimal_per_topic|judge_expr|0.0
scidocs|nomicai-modernbert-embed+setmaxheaptopk|optimal_per_topic|rankgpt|0.0
scidocs|nomicai-modernbert-embed+setmaxheaptopk|optimal_per_topic|setmaxheaptopk|0.0
scidocs|nomicai-modernbert-embed+setmaxheaptopk|quantile|judge|0.6771
scidocs|nomicai-modernbert-embed+setmaxheaptopk|quantile|judge_expr|0.5765
scidocs|nomicai-modernbert-embed+setmaxheaptopk|quantile|rankgpt|0.6789
scidocs|nomicai-modernbert-embed+setmaxheaptopk|quantile|setmaxheaptopk|0.6502
scidocs|nomicai-modernbert-embed+setmaxheaptopk|rank|judge|0.3924
scidocs|nomicai-modernbert-embed+setmaxheaptopk|rank|judge_expr|0.3171
scidocs|nomicai-modernbert-embed+setmaxheaptopk|rank|rankgpt|0.4617
scidocs|nomicai-modernbert-embed+setmaxheaptopk|rank|setmaxheaptopk|0.5222
scidocs|nomicai-modernbert-embed+setmaxheaptopk|thresholding|judge|0.5238
scidocs|nomicai-modernbert-embed+setmaxheaptopk|thresholding|judge_expr|0.4975
scidocs|nomicai-modernbert-embed+setmaxheaptopk|thresholding|rankgpt|0.0
scidocs|nomicai-modernbert-embed+setmaxheaptopk|thresholding|setmaxheaptopk|0.0
scidocs|qwen3-embed-600m|direct|judge|0.6297
scidocs|qwen3-embed-600m|direct|judge_expr|0.5059
scidocs|qwen3-embed-600m|direct|rankgpt|0.6557
scidocs|qwen3-embed-600m|direct|setmaxheaptopk|0.5823
scidocs|qwen3-embed-600m|largest_gap|judge|0.4185
scidocs|qwen3-embed-600m|largest_gap|judge_expr|0.5082
scidocs|qwen3-embed-600m|largest_gap|rankgpt|0.6557
scidocs|qwen3-embed-600m|largest_gap|setmaxheaptopk|0.5823
scidocs|qwen3-embed-600m|optimal_global|judge|0.3755
scidocs|qwen3-embed-600m|optimal_global|judge_expr|0.0004
scidocs|qwen3-embed-600m|optimal_global|rankgpt|0.6557
scidocs|qwen3-embed-600m|optimal_global|setmaxheaptopk|0.5823
scidocs|qwen3-embed-600m|optimal_per_topic|judge|0.0
scidocs|qwen3-embed-600m|optimal_per_topic|judge_expr|0.0
scidocs|qwen3-embed-600m|optimal_per_topic|rankgpt|0.0
scidocs|qwen3-embed-600m|optimal_per_topic|setmaxheaptopk|0.0
scidocs|qwen3-embed-600m|quantile|judge|0.7242
scidocs|qwen3-embed-600m|quantile|judge_expr|0.5807
scidocs|qwen3-embed-600m|quantile|rankgpt|1.0
scidocs|qwen3-embed-600m|quantile|setmaxheaptopk|0.7081
scidocs|qwen3-embed-600m|rank|judge|0.4606
scidocs|qwen3-embed-600m|rank|judge_expr|0.3012
scidocs|qwen3-embed-600m|rank|rankgpt|0.4999
scidocs|qwen3-embed-600m|rank|setmaxheaptopk|0.4995
scidocs|qwen3-embed-600m|thresholding|judge|0.5246
scidocs|qwen3-embed-600m|thresholding|judge_expr|0.4934
scidocs|qwen3-embed-600m|thresholding|rankgpt|0.0
scidocs|qwen3-embed-600m|thresholding|setmaxheaptopk|0.0
scidocs|qwen3-embed-600m+judge|direct|judge|1.0
scidocs|qwen3-embed-600m+judge|direct|judge_expr|0.9813
scidocs|qwen3-embed-600m+judge|direct|rankgpt|0.2208
scidocs|qwen3-embed-600m+judge|direct|setmaxheaptopk|0.2324
scidocs|qwen3-embed-600m+judge|largest_gap|judge|1.0
scidocs|qwen3-embed-600m+judge|largest_gap|judge_expr|0.9952
scidocs|qwen3-embed-600m+judge|largest_gap|rankgpt|0.2208
scidocs|qwen3-embed-600m+judge|largest_gap|setmaxheaptopk|0.2324
scidocs|qwen3-embed-600m+judge|optimal_global|judge|0.962
scidocs|qwen3-embed-600m+judge|optimal_global|judge_expr|0.0003
scidocs|qwen3-embed-600m+judge|optimal_global|rankgpt|0.2208
scidocs|qwen3-embed-600m+judge|optimal_global|setmaxheaptopk|0.2324
scidocs|qwen3-embed-600m+judge|optimal_per_topic|judge|0.0
scidocs|qwen3-embed-600m+judge|optimal_per_topic|judge_expr|0.0
scidocs|qwen3-embed-600m+judge|optimal_per_topic|rankgpt|0.0
scidocs|qwen3-embed-600m+judge|optimal_per_topic|setmaxheaptopk|0.0
scidocs|qwen3-embed-600m+judge|quantile|judge|1.0
scidocs|qwen3-embed-600m+judge|quantile|judge_expr|0.9413
scidocs|qwen3-embed-600m+judge|quantile|rankgpt|0.4388
scidocs|qwen3-embed-600m+judge|quantile|setmaxheaptopk|0.481
scidocs|qwen3-embed-600m+judge|rank|judge|0.706
scidocs|qwen3-embed-600m+judge|rank|judge_expr|0.7237
scidocs|qwen3-embed-600m+judge|rank|rankgpt|0.2401
scidocs|qwen3-embed-600m+judge|rank|setmaxheaptopk|0.2794
scidocs|qwen3-embed-600m+judge|thresholding|judge|0.988
scidocs|qwen3-embed-600m+judge|thresholding|judge_expr|0.9802
scidocs|qwen3-embed-600m+judge|thresholding|rankgpt|0.0
scidocs|qwen3-embed-600m+judge|thresholding|setmaxheaptopk|0.0
scidocs|qwen3-embed-600m+judge_expr|direct|judge|0.997
scidocs|qwen3-embed-600m+judge_expr|direct|judge_expr|0.994
scidocs|qwen3-embed-600m+judge_expr|direct|rankgpt|0.3122
scidocs|qwen3-embed-600m+judge_expr|direct|setmaxheaptopk|0.3214
scidocs|qwen3-embed-600m+judge_expr|largest_gap|judge|0.9988
scidocs|qwen3-embed-600m+judge_expr|largest_gap|judge_expr|1.0
scidocs|qwen3-embed-600m+judge_expr|largest_gap|rankgpt|0.3122
scidocs|qwen3-embed-600m+judge_expr|largest_gap|setmaxheaptopk|0.3214
scidocs|qwen3-embed-600m+judge_expr|optimal_global|judge|0.9611
scidocs|qwen3-embed-600m+judge_expr|optimal_global|judge_expr|0.001
scidocs|qwen3-embed-600m+judge_expr|optimal_global|rankgpt|0.3122
scidocs|qwen3-embed-600m+judge_expr|optimal_global|setmaxheaptopk|0.3214
scidocs|qwen3-embed-600m+judge_expr|optimal_per_topic|judge|0.0
scidocs|qwen3-embed-600m+judge_expr|optimal_per_topic|judge_expr|0.0
scidocs|qwen3-embed-600m+judge_expr|optimal_per_topic|rankgpt|0.0
scidocs|qwen3-embed-600m+judge_expr|optimal_per_topic|setmaxheaptopk|0.0
scidocs|qwen3-embed-600m+judge_expr|quantile|judge|0.9991
scidocs|qwen3-embed-600m+judge_expr|quantile|judge_expr|1.0
scidocs|qwen3-embed-600m+judge_expr|quantile|rankgpt|0.4777
scidocs|qwen3-embed-600m+judge_expr|quantile|setmaxheaptopk|0.5312
scidocs|qwen3-embed-600m+judge_expr|rank|judge|0.7363
scidocs|qwen3-embed-600m+judge_expr|rank|judge_expr|0.9823
scidocs|qwen3-embed-600m+judge_expr|rank|rankgpt|0.2852
scidocs|qwen3-embed-600m+judge_expr|rank|setmaxheaptopk|0.3349
scidocs|qwen3-embed-600m+judge_expr|thresholding|judge|0.9877
scidocs|qwen3-embed-600m+judge_expr|thresholding|judge_expr|0.984
scidocs|qwen3-embed-600m+judge_expr|thresholding|rankgpt|0.0
scidocs|qwen3-embed-600m+judge_expr|thresholding|setmaxheaptopk|0.0
scidocs|qwen3-embed-600m+point|direct|judge|0.8396
scidocs|qwen3-embed-600m+point|direct|judge_expr|0.7762
scidocs|qwen3-embed-600m+point|direct|rankgpt|0.3257
scidocs|qwen3-embed-600m+point|direct|setmaxheaptopk|0.3527
scidocs|qwen3-embed-600m+point|largest_gap|judge|0.7227
scidocs|qwen3-embed-600m+point|largest_gap|judge_expr|0.7859
scidocs|qwen3-embed-600m+point|largest_gap|rankgpt|0.3257
scidocs|qwen3-embed-600m+point|largest_gap|setmaxheaptopk|0.3527
scidocs|qwen3-embed-600m+point|optimal_global|judge|0.6987
scidocs|qwen3-embed-600m+point|optimal_global|judge_expr|0.0004
scidocs|qwen3-embed-600m+point|optimal_global|rankgpt|0.3257
scidocs|qwen3-embed-600m+point|optimal_global|setmaxheaptopk|0.3527
scidocs|qwen3-embed-600m+point|optimal_per_topic|judge|0.0
scidocs|qwen3-embed-600m+point|optimal_per_topic|judge_expr|0.0
scidocs|qwen3-embed-600m+point|optimal_per_topic|rankgpt|0.0
scidocs|qwen3-embed-600m+point|optimal_per_topic|setmaxheaptopk|0.0
scidocs|qwen3-embed-600m+point|quantile|judge|0.872
scidocs|qwen3-embed-600m+point|quantile|judge_expr|0.7811
scidocs|qwen3-embed-600m+point|quantile|rankgpt|0.5079
scidocs|qwen3-embed-600m+point|quantile|setmaxheaptopk|0.5529
scidocs|qwen3-embed-600m+point|rank|judge|0.5399
scidocs|qwen3-embed-600m+point|rank|judge_expr|0.5603
scidocs|qwen3-embed-600m+point|rank|rankgpt|0.2996
scidocs|qwen3-embed-600m+point|rank|setmaxheaptopk|0.3547
scidocs|qwen3-embed-600m+point|thresholding|judge|0.7873
scidocs|qwen3-embed-600m+point|thresholding|judge_expr|0.768
scidocs|qwen3-embed-600m+point|thresholding|rankgpt|0.0
scidocs|qwen3-embed-600m+point|thresholding|setmaxheaptopk|0.0
scidocs|qwen3-embed-600m+rankfirst|direct|judge|0.68
scidocs|qwen3-embed-600m+rankfirst|direct|judge_expr|0.5642
scidocs|qwen3-embed-600m+rankfirst|direct|rankgpt|0.6737
scidocs|qwen3-embed-600m+rankfirst|direct|setmaxheaptopk|0.6498
scidocs|qwen3-embed-600m+rankfirst|largest_gap|judge|0.4666
scidocs|qwen3-embed-600m+rankfirst|largest_gap|judge_expr|0.5661
scidocs|qwen3-embed-600m+rankfirst|largest_gap|rankgpt|0.6737
scidocs|qwen3-embed-600m+rankfirst|largest_gap|setmaxheaptopk|0.6498
scidocs|qwen3-embed-600m+rankfirst|optimal_global|judge|0.4135
scidocs|qwen3-embed-600m+rankfirst|optimal_global|judge_expr|0.0004
scidocs|qwen3-embed-600m+rankfirst|optimal_global|rankgpt|0.6737
scidocs|qwen3-embed-600m+rankfirst|optimal_global|setmaxheaptopk|0.6498
scidocs|qwen3-embed-600m+rankfirst|optimal_per_topic|judge|0.0
scidocs|qwen3-embed-600m+rankfirst|optimal_per_topic|judge_expr|0.0
scidocs|qwen3-embed-600m+rankfirst|optimal_per_topic|rankgpt|0.0
scidocs|qwen3-embed-600m+rankfirst|optimal_per_topic|setmaxheaptopk|0.0
scidocs|qwen3-embed-600m+rankfirst|quantile|judge|0.8
scidocs|qwen3-embed-600m+rankfirst|quantile|judge_expr|0.6617
scidocs|qwen3-embed-600m+rankfirst|quantile|rankgpt|0.8423
scidocs|qwen3-embed-600m+rankfirst|quantile|setmaxheaptopk|0.7578
scidocs|qwen3-embed-600m+rankfirst|rank|judge|0.4476
scidocs|qwen3-embed-600m+rankfirst|rank|judge_expr|0.3416
scidocs|qwen3-embed-600m+rankfirst|rank|rankgpt|0.5539
scidocs|qwen3-embed-600m+rankfirst|rank|setmaxheaptopk|0.5729
scidocs|qwen3-embed-600m+rankfirst|thresholding|judge|0.5853
scidocs|qwen3-embed-600m+rankfirst|thresholding|judge_expr|0.5515
scidocs|qwen3-embed-600m+rankfirst|thresholding|rankgpt|0.0
scidocs|qwen3-embed-600m+rankfirst|thresholding|setmaxheaptopk|0.0
scidocs|qwen3-embed-600m+rankgpt|direct|judge|0.6576
scidocs|qwen3-embed-600m+rankgpt|direct|judge_expr|0.5414
scidocs|qwen3-embed-600m+rankgpt|direct|rankgpt|1.0
scidocs|qwen3-embed-600m+rankgpt|direct|setmaxheaptopk|0.6648
scidocs|qwen3-embed-600m+rankgpt|largest_gap|judge|0.4414
scidocs|qwen3-embed-600m+rankgpt|largest_gap|judge_expr|0.5395
scidocs|qwen3-embed-600m+rankgpt|largest_gap|rankgpt|1.0
scidocs|qwen3-embed-600m+rankgpt|largest_gap|setmaxheaptopk|0.6648
scidocs|qwen3-embed-600m+rankgpt|optimal_global|judge|0.3957
scidocs|qwen3-embed-600m+rankgpt|optimal_global|judge_expr|0.0004
scidocs|qwen3-embed-600m+rankgpt|optimal_global|rankgpt|1.0
scidocs|qwen3-embed-600m+rankgpt|optimal_global|setmaxheaptopk|0.6648
scidocs|qwen3-embed-600m+rankgpt|optimal_per_topic|judge|0.0
scidocs|qwen3-embed-600m+rankgpt|optimal_per_topic|judge_expr|0.0
scidocs|qwen3-embed-600m+rankgpt|optimal_per_topic|rankgpt|0.0
scidocs|qwen3-embed-600m+rankgpt|optimal_per_topic|setmaxheaptopk|0.0
scidocs|qwen3-embed-600m+rankgpt|quantile|judge|0.7688
scidocs|qwen3-embed-600m+rankgpt|quantile|judge_expr|0.6279
scidocs|qwen3-embed-600m+rankgpt|quantile|rankgpt|1.0
scidocs|qwen3-embed-600m+rankgpt|quantile|setmaxheaptopk|0.7063
scidocs|qwen3-embed-600m+rankgpt|rank|judge|0.4105
scidocs|qwen3-embed-600m+rankgpt|rank|judge_expr|0.3171
scidocs|qwen3-embed-600m+rankgpt|rank|rankgpt|1.0
scidocs|qwen3-embed-600m+rankgpt|rank|setmaxheaptopk|0.515
scidocs|qwen3-embed-600m+rankgpt|thresholding|judge|0.5606
scidocs|qwen3-embed-600m+rankgpt|thresholding|judge_expr|0.5253
scidocs|qwen3-embed-600m+rankgpt|thresholding|rankgpt|0.0
scidocs|qwen3-embed-600m+rankgpt|thresholding|setmaxheaptopk|0.0
scidocs|qwen3-embed-600m+rankzephyr|direct|judge|0.6307
scidocs|qwen3-embed-600m+rankzephyr|direct|judge_expr|0.505
scidocs|qwen3-embed-600m+rankzephyr|direct|rankgpt|0.6468
scidocs|qwen3-embed-600m+rankzephyr|largest_gap|judge|0.4138
scidocs|qwen3-embed-600m+rankzephyr|largest_gap|judge_expr|0.5087
scidocs|qwen3-embed-600m+rankzephyr|largest_gap|rankgpt|0.6468
scidocs|qwen3-embed-600m+rankzephyr|optimal_global|judge|0.3672
scidocs|qwen3-embed-600m+rankzephyr|optimal_global|judge_expr|0.0004
scidocs|qwen3-embed-600m+rankzephyr|optimal_global|rankgpt|0.6468
scidocs|qwen3-embed-600m+rankzephyr|optimal_per_topic|judge|0.0
scidocs|qwen3-embed-600m+rankzephyr|optimal_per_topic|judge_expr|0.0
scidocs|qwen3-embed-600m+rankzephyr|optimal_per_topic|rankgpt|0.0
scidocs|qwen3-embed-600m+rankzephyr|quantile|judge|0.7327
scidocs|qwen3-embed-600m+rankzephyr|quantile|judge_expr|0.5832
scidocs|qwen3-embed-600m+rankzephyr|quantile|rankgpt|0.9521
scidocs|qwen3-embed-600m+rankzephyr|rank|judge|0.4453
scidocs|qwen3-embed-600m+rankzephyr|rank|judge_expr|0.2922
scidocs|qwen3-embed-600m+rankzephyr|rank|rankgpt|0.5087
scidocs|qwen3-embed-600m+rankzephyr|thresholding|judge|0.5235
scidocs|qwen3-embed-600m+rankzephyr|thresholding|judge_expr|0.4926
scidocs|qwen3-embed-600m+rankzephyr|thresholding|rankgpt|0.0
scidocs|qwen3-embed-600m+setmaxheaptopk|direct|judge|0.6881
scidocs|qwen3-embed-600m+setmaxheaptopk|direct|judge_expr|0.5825
scidocs|qwen3-embed-600m+setmaxheaptopk|direct|rankgpt|0.678
scidocs|qwen3-embed-600m+setmaxheaptopk|direct|setmaxheaptopk|1.0
scidocs|qwen3-embed-600m+setmaxheaptopk|largest_gap|judge|0.4914
scidocs|qwen3-embed-600m+setmaxheaptopk|largest_gap|judge_expr|0.584
scidocs|qwen3-embed-600m+setmaxheaptopk|largest_gap|rankgpt|0.678
scidocs|qwen3-embed-600m+setmaxheaptopk|largest_gap|setmaxheaptopk|1.0
scidocs|qwen3-embed-600m+setmaxheaptopk|optimal_global|judge|0.4448
scidocs|qwen3-embed-600m+setmaxheaptopk|optimal_global|judge_expr|0.0004
scidocs|qwen3-embed-600m+setmaxheaptopk|optimal_global|rankgpt|0.678
scidocs|qwen3-embed-600m+setmaxheaptopk|optimal_global|setmaxheaptopk|1.0
scidocs|qwen3-embed-600m+setmaxheaptopk|optimal_per_topic|judge|0.0
scidocs|qwen3-embed-600m+setmaxheaptopk|optimal_per_topic|judge_expr|0.0
scidocs|qwen3-embed-600m+setmaxheaptopk|optimal_per_topic|rankgpt|0.0
scidocs|qwen3-embed-600m+setmaxheaptopk|optimal_per_topic|setmaxheaptopk|0.0
scidocs|qwen3-embed-600m+setmaxheaptopk|quantile|judge|0.7884
scidocs|qwen3-embed-600m+setmaxheaptopk|quantile|judge_expr|0.6607
scidocs|qwen3-embed-600m+setmaxheaptopk|quantile|rankgpt|0.7607
scidocs|qwen3-embed-600m+setmaxheaptopk|quantile|setmaxheaptopk|1.0
scidocs|qwen3-embed-600m+setmaxheaptopk|rank|judge|0.4389
scidocs|qwen3-embed-600m+setmaxheaptopk|rank|judge_expr|0.3582
scidocs|qwen3-embed-600m+setmaxheaptopk|rank|rankgpt|0.5096
scidocs|qwen3-embed-600m+setmaxheaptopk|rank|setmaxheaptopk|1.0
scidocs|qwen3-embed-600m+setmaxheaptopk|thresholding|judge|0.6044
scidocs|qwen3-embed-600m+setmaxheaptopk|thresholding|judge_expr|0.5734
scidocs|qwen3-embed-600m+setmaxheaptopk|thresholding|rankgpt|0.0
scidocs|qwen3-embed-600m+setmaxheaptopk|thresholding|setmaxheaptopk|0.0
scidocs|splade-v3|direct|judge|0.4873
scidocs|splade-v3|direct|judge_expr|0.3928
scidocs|splade-v3|direct|rankgpt|0.4364
scidocs|splade-v3|direct|setmaxheaptopk|0.4152
scidocs|splade-v3|largest_gap|judge|0.3202
scidocs|splade-v3|largest_gap|judge_expr|0.3952
scidocs|splade-v3|largest_gap|rankgpt|0.4364
scidocs|splade-v3|largest_gap|setmaxheaptopk|0.4152
scidocs|splade-v3|optimal_global|judge|0.2831
scidocs|splade-v3|optimal_global|judge_expr|0.0004
scidocs|splade-v3|optimal_global|rankgpt|0.4364
scidocs|splade-v3|optimal_global|setmaxheaptopk|0.4152
scidocs|splade-v3|optimal_per_topic|judge|0.0
scidocs|splade-v3|optimal_per_topic|judge_expr|0.0
scidocs|splade-v3|optimal_per_topic|rankgpt|0.0
scidocs|splade-v3|optimal_per_topic|setmaxheaptopk|0.0
scidocs|splade-v3|quantile|judge|0.5637
scidocs|splade-v3|quantile|judge_expr|0.4466
scidocs|splade-v3|quantile|rankgpt|0.5968
scidocs|splade-v3|quantile|setmaxheaptopk|0.5235
scidocs|splade-v3|rank|judge|0.3018
scidocs|splade-v3|rank|judge_expr|0.2267
scidocs|splade-v3|rank|rankgpt|0.3542
scidocs|splade-v3|rank|setmaxheaptopk|0.3783
scidocs|splade-v3|thresholding|judge|0.4078
scidocs|splade-v3|thresholding|judge_expr|0.3834
scidocs|splade-v3|thresholding|rankgpt|0.0
scidocs|splade-v3|thresholding|setmaxheaptopk|0.0
scidocs|splade-v3+judge|direct|judge|0.6295
scidocs|splade-v3+judge|direct|judge_expr|0.5859
scidocs|splade-v3+judge|direct|rankgpt|0.3235
scidocs|splade-v3+judge|direct|setmaxheaptopk|0.3141
scidocs|splade-v3+judge|largest_gap|judge|0.5375
scidocs|splade-v3+judge|largest_gap|judge_expr|0.5889
scidocs|splade-v3+judge|largest_gap|rankgpt|0.3235
scidocs|splade-v3+judge|largest_gap|setmaxheaptopk|0.3141
scidocs|splade-v3+judge|optimal_global|judge|0.4807
scidocs|splade-v3+judge|optimal_global|judge_expr|0.0004
scidocs|splade-v3+judge|optimal_global|rankgpt|0.3235
scidocs|splade-v3+judge|optimal_global|setmaxheaptopk|0.3141
scidocs|splade-v3+judge|optimal_per_topic|judge|0.0
scidocs|splade-v3+judge|optimal_per_topic|judge_expr|0.0
scidocs|splade-v3+judge|optimal_per_topic|rankgpt|0.0
scidocs|splade-v3+judge|optimal_per_topic|setmaxheaptopk|0.0
scidocs|splade-v3+judge|quantile|judge|0.6981
scidocs|splade-v3+judge|quantile|judge_expr|0.6374
scidocs|splade-v3+judge|quantile|rankgpt|0.4944
scidocs|splade-v3+judge|quantile|setmaxheaptopk|0.466
scidocs|splade-v3+judge|rank|judge|0.4476
scidocs|splade-v3+judge|rank|judge_expr|0.3814
scidocs|splade-v3+judge|rank|rankgpt|0.308
scidocs|splade-v3+judge|rank|setmaxheaptopk|0.3265
scidocs|splade-v3+judge|thresholding|judge|0.6104
scidocs|splade-v3+judge|thresholding|judge_expr|0.5826
scidocs|splade-v3+judge|thresholding|rankgpt|0.0
scidocs|splade-v3+judge|thresholding|setmaxheaptopk|0.0
scidocs|splade-v3+judge_expr|direct|judge|0.6637
scidocs|splade-v3+judge_expr|direct|judge_expr|0.6312
scidocs|splade-v3+judge_expr|direct|rankgpt|0.4162
scidocs|splade-v3+judge_expr|direct|setmaxheaptopk|0.4048
scidocs|splade-v3+judge_expr|largest_gap|judge|0.5689
scidocs|splade-v3+judge_expr|largest_gap|judge_expr|0.6246
scidocs|splade-v3+judge_expr|largest_gap|rankgpt|0.4162
scidocs|splade-v3+judge_expr|largest_gap|setmaxheaptopk|0.4048
scidocs|splade-v3+judge_expr|optimal_global|judge|0.5118
scidocs|splade-v3+judge_expr|optimal_global|judge_expr|0.001
scidocs|splade-v3+judge_expr|optimal_global|rankgpt|0.4162
scidocs|splade-v3+judge_expr|optimal_global|setmaxheaptopk|0.4048
scidocs|splade-v3+judge_expr|optimal_per_topic|judge|0.0
scidocs|splade-v3+judge_expr|optimal_per_topic|judge_expr|0.0
scidocs|splade-v3+judge_expr|optimal_per_topic|rankgpt|0.0
scidocs|splade-v3+judge_expr|optimal_per_topic|setmaxheaptopk|0.0
scidocs|splade-v3+judge_expr|quantile|judge|0.7398
scidocs|splade-v3+judge_expr|quantile|judge_expr|0.7369
scidocs|splade-v3+judge_expr|quantile|rankgpt|0.5624
scidocs|splade-v3+judge_expr|quantile|setmaxheaptopk|0.5318
scidocs|splade-v3+judge_expr|rank|judge|0.4945
scidocs|splade-v3+judge_expr|rank|judge_expr|0.5141
scidocs|splade-v3+judge_expr|rank|rankgpt|0.3681
scidocs|splade-v3+judge_expr|rank|setmaxheaptopk|0.3903
scidocs|splade-v3+judge_expr|thresholding|judge|0.6419
scidocs|splade-v3+judge_expr|thresholding|judge_expr|0.6179
scidocs|splade-v3+judge_expr|thresholding|rankgpt|0.0
scidocs|splade-v3+judge_expr|thresholding|setmaxheaptopk|0.0
scidocs|splade-v3+point|direct|judge|0.5364
scidocs|splade-v3+point|direct|judge_expr|0.4457
scidocs|splade-v3+point|direct|rankgpt|0.4133
scidocs|splade-v3+point|direct|setmaxheaptopk|0.4328
scidocs|splade-v3+point|largest_gap|judge|0.3563
scidocs|splade-v3+point|largest_gap|judge_expr|0.4426
scidocs|splade-v3+point|largest_gap|rankgpt|0.4133
scidocs|splade-v3+point|largest_gap|setmaxheaptopk|0.4328
scidocs|splade-v3+point|optimal_global|judge|0.3148
scidocs|splade-v3+point|optimal_global|judge_expr|0.0004
scidocs|splade-v3+point|optimal_global|rankgpt|0.4133
scidocs|splade-v3+point|optimal_global|setmaxheaptopk|0.4328
scidocs|splade-v3+point|optimal_per_topic|judge|0.0
scidocs|splade-v3+point|optimal_per_topic|judge_expr|0.0
scidocs|splade-v3+point|optimal_per_topic|rankgpt|0.0
scidocs|splade-v3+point|optimal_per_topic|setmaxheaptopk|0.0
scidocs|splade-v3+point|quantile|judge|0.6249
scidocs|splade-v3+point|quantile|judge_expr|0.517
scidocs|splade-v3+point|quantile|rankgpt|0.5913
scidocs|splade-v3+point|quantile|setmaxheaptopk|0.5528
scidocs|splade-v3+point|rank|judge|0.3284
scidocs|splade-v3+point|rank|judge_expr|0.2648
scidocs|splade-v3+point|rank|rankgpt|0.3737
scidocs|splade-v3+point|rank|setmaxheaptopk|0.3998
scidocs|splade-v3+point|thresholding|judge|0.4631
scidocs|splade-v3+point|thresholding|judge_expr|0.4329
scidocs|splade-v3+point|thresholding|rankgpt|0.0
scidocs|splade-v3+point|thresholding|setmaxheaptopk|0.0
scidocs|splade-v3+rankfirst|direct|judge|0.6035
scidocs|splade-v3+rankfirst|direct|judge_expr|0.5063
scidocs|splade-v3+rankfirst|direct|rankgpt|0.603
scidocs|splade-v3+rankfirst|direct|setmaxheaptopk|0.5841
scidocs|splade-v3+rankfirst|largest_gap|judge|0.4203
scidocs|splade-v3+rankfirst|largest_gap|judge_expr|0.5088
scidocs|splade-v3+rankfirst|largest_gap|rankgpt|0.603
scidocs|splade-v3+rankfirst|largest_gap|setmaxheaptopk|0.5841
scidocs|splade-v3+rankfirst|optimal_global|judge|0.374
scidocs|splade-v3+rankfirst|optimal_global|judge_expr|0.0004
scidocs|splade-v3+rankfirst|optimal_global|rankgpt|0.603
scidocs|splade-v3+rankfirst|optimal_global|setmaxheaptopk|0.5841
scidocs|splade-v3+rankfirst|optimal_per_topic|judge|0.0
scidocs|splade-v3+rankfirst|optimal_per_topic|judge_expr|0.0
scidocs|splade-v3+rankfirst|optimal_per_topic|rankgpt|0.0
scidocs|splade-v3+rankfirst|optimal_per_topic|setmaxheaptopk|0.0
scidocs|splade-v3+rankfirst|quantile|judge|0.7012
scidocs|splade-v3+rankfirst|quantile|judge_expr|0.5849
scidocs|splade-v3+rankfirst|quantile|rankgpt|0.7375
scidocs|splade-v3+rankfirst|quantile|setmaxheaptopk|0.6672
scidocs|splade-v3+rankfirst|rank|judge|0.4002
scidocs|splade-v3+rankfirst|rank|judge_expr|0.3098
scidocs|splade-v3+rankfirst|rank|rankgpt|0.4916
scidocs|splade-v3+rankfirst|rank|setmaxheaptopk|0.5114
scidocs|splade-v3+rankfirst|thresholding|judge|0.5249
scidocs|splade-v3+rankfirst|thresholding|judge_expr|0.497
scidocs|splade-v3+rankfirst|thresholding|rankgpt|0.0
scidocs|splade-v3+rankfirst|thresholding|setmaxheaptopk|0.0
scidocs|splade-v3+rankgpt|direct|judge|0.5485
scidocs|splade-v3+rankgpt|direct|judge_expr|0.4579
scidocs|splade-v3+rankgpt|direct|rankgpt|0.5582
scidocs|splade-v3+rankgpt|direct|setmaxheaptopk|0.5288
scidocs|splade-v3+rankgpt|largest_gap|judge|0.3796
scidocs|splade-v3+rankgpt|largest_gap|judge_expr|0.462
scidocs|splade-v3+rankgpt|largest_gap|rankgpt|0.5582
scidocs|splade-v3+rankgpt|largest_gap|setmaxheaptopk|0.5288
scidocs|splade-v3+rankgpt|optimal_global|judge|0.3387
scidocs|splade-v3+rankgpt|optimal_global|judge_expr|0.0004
scidocs|splade-v3+rankgpt|optimal_global|rankgpt|0.5582
scidocs|splade-v3+rankgpt|optimal_global|setmaxheaptopk|0.5288
scidocs|splade-v3+rankgpt|optimal_per_topic|judge|0.0
scidocs|splade-v3+rankgpt|optimal_per_topic|judge_expr|0.0
scidocs|splade-v3+rankgpt|optimal_per_topic|rankgpt|0.0
scidocs|splade-v3+rankgpt|optimal_per_topic|setmaxheaptopk|0.0
scidocs|splade-v3+rankgpt|quantile|judge|0.6353
scidocs|splade-v3+rankgpt|quantile|judge_expr|0.5217
scidocs|splade-v3+rankgpt|quantile|rankgpt|0.6479
scidocs|splade-v3+rankgpt|quantile|setmaxheaptopk|0.5784
scidocs|splade-v3+rankgpt|rank|judge|0.3367
scidocs|splade-v3+rankgpt|rank|judge_expr|0.2735
scidocs|splade-v3+rankgpt|rank|rankgpt|0.449
scidocs|splade-v3+rankgpt|rank|setmaxheaptopk|0.4345
scidocs|splade-v3+rankgpt|thresholding|judge|0.4724
scidocs|splade-v3+rankgpt|thresholding|judge_expr|0.4501
scidocs|splade-v3+rankgpt|thresholding|rankgpt|0.0
scidocs|splade-v3+rankgpt|thresholding|setmaxheaptopk|0.0
scidocs|splade-v3+rankzephyr|direct|judge|0.4824
scidocs|splade-v3+rankzephyr|direct|judge_expr|0.3874
scidocs|splade-v3+rankzephyr|direct|rankgpt|0.4199
scidocs|splade-v3+rankzephyr|largest_gap|judge|0.3146
scidocs|splade-v3+rankzephyr|largest_gap|judge_expr|0.3895
scidocs|splade-v3+rankzephyr|largest_gap|rankgpt|0.4199
scidocs|splade-v3+rankzephyr|optimal_global|judge|0.2779
scidocs|splade-v3+rankzephyr|optimal_global|judge_expr|0.0004
scidocs|splade-v3+rankzephyr|optimal_global|rankgpt|0.4199
scidocs|splade-v3+rankzephyr|optimal_per_topic|judge|0.0
scidocs|splade-v3+rankzephyr|optimal_per_topic|judge_expr|0.0
scidocs|splade-v3+rankzephyr|optimal_per_topic|rankgpt|0.0
scidocs|splade-v3+rankzephyr|quantile|judge|0.5575
scidocs|splade-v3+rankzephyr|quantile|judge_expr|0.4412
scidocs|splade-v3+rankzephyr|quantile|rankgpt|0.5847
scidocs|splade-v3+rankzephyr|rank|judge|0.2971
scidocs|splade-v3+rankzephyr|rank|judge_expr|0.2223
scidocs|splade-v3+rankzephyr|rank|rankgpt|0.3455
scidocs|splade-v3+rankzephyr|thresholding|judge|0.4023
scidocs|splade-v3+rankzephyr|thresholding|judge_expr|0.3778
scidocs|splade-v3+rankzephyr|thresholding|rankgpt|0.0
scidocs|splade-v3+setmaxheaptopk|direct|judge|0.5655
scidocs|splade-v3+setmaxheaptopk|direct|judge_expr|0.4829
scidocs|splade-v3+setmaxheaptopk|direct|rankgpt|0.5764
scidocs|splade-v3+setmaxheaptopk|direct|setmaxheaptopk|0.5875
scidocs|splade-v3+setmaxheaptopk|largest_gap|judge|0.4081
scidocs|splade-v3+setmaxheaptopk|largest_gap|judge_expr|0.4848
scidocs|splade-v3+setmaxheaptopk|largest_gap|rankgpt|0.5764
scidocs|splade-v3+setmaxheaptopk|largest_gap|setmaxheaptopk|0.5875
scidocs|splade-v3+setmaxheaptopk|optimal_global|judge|0.3656
scidocs|splade-v3+setmaxheaptopk|optimal_global|judge_expr|0.0004
scidocs|splade-v3+setmaxheaptopk|optimal_global|rankgpt|0.5764
scidocs|splade-v3+setmaxheaptopk|optimal_global|setmaxheaptopk|0.5875
scidocs|splade-v3+setmaxheaptopk|optimal_per_topic|judge|0.0
scidocs|splade-v3+setmaxheaptopk|optimal_per_topic|judge_expr|0.0
scidocs|splade-v3+setmaxheaptopk|optimal_per_topic|rankgpt|0.0
scidocs|splade-v3+setmaxheaptopk|optimal_per_topic|setmaxheaptopk|0.0
scidocs|splade-v3+setmaxheaptopk|quantile|judge|0.6496
scidocs|splade-v3+setmaxheaptopk|quantile|judge_expr|0.5481
scidocs|splade-v3+setmaxheaptopk|quantile|rankgpt|0.6443
scidocs|splade-v3+setmaxheaptopk|quantile|setmaxheaptopk|0.6222
scidocs|splade-v3+setmaxheaptopk|rank|judge|0.3719
scidocs|splade-v3+setmaxheaptopk|rank|judge_expr|0.296
scidocs|splade-v3+setmaxheaptopk|rank|rankgpt|0.4448
scidocs|splade-v3+setmaxheaptopk|rank|setmaxheaptopk|0.4929
scidocs|splade-v3+setmaxheaptopk|thresholding|judge|0.4985
scidocs|splade-v3+setmaxheaptopk|thresholding|judge_expr|0.4736
scidocs|splade-v3+setmaxheaptopk|thresholding|rankgpt|0.0
scidocs|splade-v3+setmaxheaptopk|thresholding|setmaxheaptopk|0.0
trec-covid|bm25|direct|judge|0.4312
trec-covid|bm25|direct|judge_expr|0.3825
trec-covid|bm25|direct|rankgpt|0.1365
trec-covid|bm25|direct|setmaxheaptopk|0.1658
trec-covid|bm25|largest_gap|judge|0.3118
trec-covid|bm25|largest_gap|judge_expr|0.4039
trec-covid|bm25|largest_gap|rankgpt|0.1365
trec-covid|bm25|largest_gap|setmaxheaptopk|0.1658
trec-covid|bm25|optimal_global|judge|0.5624
trec-covid|bm25|optimal_global|judge_expr|0.5624
trec-covid|bm25|optimal_global|rankgpt|0.5624
trec-covid|bm25|optimal_global|setmaxheaptopk|0.5624
trec-covid|bm25|optimal_per_topic|judge|0.5471
trec-covid|bm25|optimal_per_topic|judge_expr|0.543
trec-covid|bm25|optimal_per_topic|rankgpt|0.5548
trec-covid|bm25|optimal_per_topic|setmaxheaptopk|0.5545
trec-covid|bm25|quantile|judge|0.3613
trec-covid|bm25|quantile|judge_expr|0.2375
trec-covid|bm25|quantile|rankgpt|0.3285
trec-covid|bm25|quantile|setmaxheaptopk|0.2829
trec-covid|bm25|rank|judge|0.1944
trec-covid|bm25|rank|judge_expr|0.1051
trec-covid|bm25|rank|rankgpt|0.1969
trec-covid|bm25|rank|setmaxheaptopk|0.1593
trec-covid|bm25|thresholding|judge|0.406
trec-covid|bm25|thresholding|judge_expr|0.3841
trec-covid|bm25|thresholding|rankgpt|0.0
trec-covid|bm25|thresholding|setmaxheaptopk|0.0
trec-covid|bm25+judge|direct|judge|0.6509
trec-covid|bm25+judge|direct|judge_expr|0.6362
trec-covid|bm25+judge|direct|rankgpt|0.2453
trec-covid|bm25+judge|direct|setmaxheaptopk|0.2098
trec-covid|bm25+judge|largest_gap|judge|0.5696
trec-covid|bm25+judge|largest_gap|judge_expr|0.6557
trec-covid|bm25+judge|largest_gap|rankgpt|0.2453
trec-covid|bm25+judge|largest_gap|setmaxheaptopk|0.2098
trec-covid|bm25+judge|optimal_global|judge|0.6864
trec-covid|bm25+judge|optimal_global|judge_expr|0.6864
trec-covid|bm25+judge|optimal_global|rankgpt|0.6864
trec-covid|bm25+judge|optimal_global|setmaxheaptopk|0.6864
trec-covid|bm25+judge|optimal_per_topic|judge|0.6838
trec-covid|bm25+judge|optimal_per_topic|judge_expr|0.6799
trec-covid|bm25+judge|optimal_per_topic|rankgpt|0.6739
trec-covid|bm25+judge|optimal_per_topic|setmaxheaptopk|0.6791
trec-covid|bm25+judge|quantile|judge|0.6395
trec-covid|bm25+judge|quantile|judge_expr|0.4704
trec-covid|bm25+judge|quantile|rankgpt|0.3965
trec-covid|bm25+judge|quantile|setmaxheaptopk|0.4028
trec-covid|bm25+judge|rank|judge|0.3282
trec-covid|bm25+judge|rank|judge_expr|0.2839
trec-covid|bm25+judge|rank|rankgpt|0.2383
trec-covid|bm25+judge|rank|setmaxheaptopk|0.2541
trec-covid|bm25+judge|thresholding|judge|0.6544
trec-covid|bm25+judge|thresholding|judge_expr|0.6439
trec-covid|bm25+judge|thresholding|rankgpt|0.0
trec-covid|bm25+judge|thresholding|setmaxheaptopk|0.0
trec-covid|bm25+judge_expr|direct|judge|0.748
trec-covid|bm25+judge_expr|direct|judge_expr|0.7339
trec-covid|bm25+judge_expr|direct|rankgpt|0.3811
trec-covid|bm25+judge_expr|direct|setmaxheaptopk|0.3668
trec-covid|bm25+judge_expr|largest_gap|judge|0.6703
trec-covid|bm25+judge_expr|largest_gap|judge_expr|0.7507
trec-covid|bm25+judge_expr|largest_gap|rankgpt|0.3811
trec-covid|bm25+judge_expr|largest_gap|setmaxheaptopk|0.3668
trec-covid|bm25+judge_expr|optimal_global|judge|0.7829
trec-covid|bm25+judge_expr|optimal_global|judge_expr|0.7829
trec-covid|bm25+judge_expr|optimal_global|rankgpt|0.7829
trec-covid|bm25+judge_expr|optimal_global|setmaxheaptopk|0.7829
trec-covid|bm25+judge_expr|optimal_per_topic|judge|0.7803
trec-covid|bm25+judge_expr|optimal_per_topic|judge_expr|0.7773
trec-covid|bm25+judge_expr|optimal_per_topic|rankgpt|0.7684
trec-covid|bm25+judge_expr|optimal_per_topic|setmaxheaptopk|0.776
trec-covid|bm25+judge_expr|quantile|judge|0.741
trec-covid|bm25+judge_expr|quantile|judge_expr|0.6665
trec-covid|bm25+judge_expr|quantile|rankgpt|0.5025
trec-covid|bm25+judge_expr|quantile|setmaxheaptopk|0.5105
trec-covid|bm25+judge_expr|rank|judge|0.4008
trec-covid|bm25+judge_expr|rank|judge_expr|0.5078
trec-covid|bm25+judge_expr|rank|rankgpt|0.3307
trec-covid|bm25+judge_expr|rank|setmaxheaptopk|0.341
trec-covid|bm25+judge_expr|thresholding|judge|0.7479
trec-covid|bm25+judge_expr|thresholding|judge_expr|0.7392
trec-covid|bm25+judge_expr|thresholding|rankgpt|0.0
trec-covid|bm25+judge_expr|thresholding|setmaxheaptopk|0.0
trec-covid|bm25+point|direct|judge|0.5197
trec-covid|bm25+point|direct|judge_expr|0.4776
trec-covid|bm25+point|direct|rankgpt|0.1962
trec-covid|bm25+point|direct|setmaxheaptopk|0.1886
trec-covid|bm25+point|largest_gap|judge|0.3514
trec-covid|bm25+point|largest_gap|judge_expr|0.5158
trec-covid|bm25+point|largest_gap|rankgpt|0.1962
trec-covid|bm25+point|largest_gap|setmaxheaptopk|0.1886
trec-covid|bm25+point|optimal_global|judge|0.6331
trec-covid|bm25+point|optimal_global|judge_expr|0.6331
trec-covid|bm25+point|optimal_global|rankgpt|0.6331
trec-covid|bm25+point|optimal_global|setmaxheaptopk|0.6331
trec-covid|bm25+point|optimal_per_topic|judge|0.6317
trec-covid|bm25+point|optimal_per_topic|judge_expr|0.6261
trec-covid|bm25+point|optimal_per_topic|rankgpt|0.6223
trec-covid|bm25+point|optimal_per_topic|setmaxheaptopk|0.6255
trec-covid|bm25+point|quantile|judge|0.4334
trec-covid|bm25+point|quantile|judge_expr|0.2773
trec-covid|bm25+point|quantile|rankgpt|0.333
trec-covid|bm25+point|quantile|setmaxheaptopk|0.3334
trec-covid|bm25+point|rank|judge|0.1839
trec-covid|bm25+point|rank|judge_expr|0.1396
trec-covid|bm25+point|rank|rankgpt|0.1653
trec-covid|bm25+point|rank|setmaxheaptopk|0.1864
trec-covid|bm25+point|thresholding|judge|0.5157
trec-covid|bm25+point|thresholding|judge_expr|0.4978
trec-covid|bm25+point|thresholding|rankgpt|0.0
trec-covid|bm25+point|thresholding|setmaxheaptopk|0.0
trec-covid|bm25+rankfirst|direct|judge|0.7601
trec-covid|bm25+rankfirst|direct|judge_expr|0.7165
trec-covid|bm25+rankfirst|direct|rankgpt|0.3901
trec-covid|bm25+rankfirst|direct|setmaxheaptopk|0.3857
trec-covid|bm25+rankfirst|largest_gap|judge|0.5964
trec-covid|bm25+rankfirst|largest_gap|judge_expr|0.7474
trec-covid|bm25+rankfirst|largest_gap|rankgpt|0.3901
trec-covid|bm25+rankfirst|largest_gap|setmaxheaptopk|0.3857
trec-covid|bm25+rankfirst|optimal_global|judge|0.8701
trec-covid|bm25+rankfirst|optimal_global|judge_expr|0.8701
trec-covid|bm25+rankfirst|optimal_global|rankgpt|0.8701
trec-covid|bm25+rankfirst|optimal_global|setmaxheaptopk|0.8701
trec-covid|bm25+rankfirst|optimal_per_topic|judge|0.8624
trec-covid|bm25+rankfirst|optimal_per_topic|judge_expr|0.8549
trec-covid|bm25+rankfirst|optimal_per_topic|rankgpt|0.859
trec-covid|bm25+rankfirst|optimal_per_topic|setmaxheaptopk|0.861
trec-covid|bm25+rankfirst|quantile|judge|0.6996
trec-covid|bm25+rankfirst|quantile|judge_expr|0.5095
trec-covid|bm25+rankfirst|quantile|rankgpt|0.6586
trec-covid|bm25+rankfirst|quantile|setmaxheaptopk|0.6069
trec-covid|bm25+rankfirst|rank|judge|0.4238
trec-covid|bm25+rankfirst|rank|judge_expr|0.3201
trec-covid|bm25+rankfirst|rank|rankgpt|0.4363
trec-covid|bm25+rankfirst|rank|setmaxheaptopk|0.3977
trec-covid|bm25+rankfirst|thresholding|judge|0.7471
trec-covid|bm25+rankfirst|thresholding|judge_expr|0.7206
trec-covid|bm25+rankfirst|thresholding|rankgpt|0.0
trec-covid|bm25+rankfirst|thresholding|setmaxheaptopk|0.0
trec-covid|bm25+rankgpt|direct|judge|0.6607
trec-covid|bm25+rankgpt|direct|judge_expr|0.6279
trec-covid|bm25+rankgpt|direct|rankgpt|0.3875
trec-covid|bm25+rankgpt|direct|setmaxheaptopk|0.355
trec-covid|bm25+rankgpt|largest_gap|judge|0.5058
trec-covid|bm25+rankgpt|largest_gap|judge_expr|0.6593
trec-covid|bm25+rankgpt|largest_gap|rankgpt|0.3875
trec-covid|bm25+rankgpt|largest_gap|setmaxheaptopk|0.355
trec-covid|bm25+rankgpt|optimal_global|judge|0.7606
trec-covid|bm25+rankgpt|optimal_global|judge_expr|0.7606
trec-covid|bm25+rankgpt|optimal_global|rankgpt|0.7606
trec-covid|bm25+rankgpt|optimal_global|setmaxheaptopk|0.7606
trec-covid|bm25+rankgpt|optimal_per_topic|judge|0.75
trec-covid|bm25+rankgpt|optimal_per_topic|judge_expr|0.7463
trec-covid|bm25+rankgpt|optimal_per_topic|rankgpt|0.7501
trec-covid|bm25+rankgpt|optimal_per_topic|setmaxheaptopk|0.7512
trec-covid|bm25+rankgpt|quantile|judge|0.6008
trec-covid|bm25+rankgpt|quantile|judge_expr|0.4572
trec-covid|bm25+rankgpt|quantile|rankgpt|0.5543
trec-covid|bm25+rankgpt|quantile|setmaxheaptopk|0.507
trec-covid|bm25+rankgpt|rank|judge|0.3389
trec-covid|bm25+rankgpt|rank|judge_expr|0.286
trec-covid|bm25+rankgpt|rank|rankgpt|0.3734
trec-covid|bm25+rankgpt|rank|setmaxheaptopk|0.3224
trec-covid|bm25+rankgpt|thresholding|judge|0.6596
trec-covid|bm25+rankgpt|thresholding|judge_expr|0.6301
trec-covid|bm25+rankgpt|thresholding|rankgpt|0.0
trec-covid|bm25+rankgpt|thresholding|setmaxheaptopk|0.0
trec-covid|bm25+rankzephyr|direct|judge|0.4312
trec-covid|bm25+rankzephyr|direct|judge_expr|0.3825
trec-covid|bm25+rankzephyr|direct|rankgpt|0.1365
trec-covid|bm25+rankzephyr|largest_gap|judge|0.3118
trec-covid|bm25+rankzephyr|largest_gap|judge_expr|0.4039
trec-covid|bm25+rankzephyr|largest_gap|rankgpt|0.1365
trec-covid|bm25+rankzephyr|optimal_global|judge|0.5624
trec-covid|bm25+rankzephyr|optimal_global|judge_expr|0.5624
trec-covid|bm25+rankzephyr|optimal_global|rankgpt|0.5624
trec-covid|bm25+rankzephyr|optimal_per_topic|judge|0.5471
trec-covid|bm25+rankzephyr|optimal_per_topic|judge_expr|0.543
trec-covid|bm25+rankzephyr|optimal_per_topic|rankgpt|0.5548
trec-covid|bm25+rankzephyr|quantile|judge|0.3613
trec-covid|bm25+rankzephyr|quantile|judge_expr|0.2375
trec-covid|bm25+rankzephyr|quantile|rankgpt|0.3285
trec-covid|bm25+rankzephyr|rank|judge|0.1944
trec-covid|bm25+rankzephyr|rank|judge_expr|0.1051
trec-covid|bm25+rankzephyr|rank|rankgpt|0.1969
trec-covid|bm25+rankzephyr|thresholding|judge|0.406
trec-covid|bm25+rankzephyr|thresholding|judge_expr|0.3841
trec-covid|bm25+rankzephyr|thresholding|rankgpt|0.0
trec-covid|bm25+setmaxheaptopk|direct|judge|0.6882
trec-covid|bm25+setmaxheaptopk|direct|judge_expr|0.6578
trec-covid|bm25+setmaxheaptopk|direct|rankgpt|0.3976
trec-covid|bm25+setmaxheaptopk|direct|setmaxheaptopk|0.3885
trec-covid|bm25+setmaxheaptopk|largest_gap|judge|0.5254
trec-covid|bm25+setmaxheaptopk|largest_gap|judge_expr|0.6957
trec-covid|bm25+setmaxheaptopk|largest_gap|rankgpt|0.3976
trec-covid|bm25+setmaxheaptopk|largest_gap|setmaxheaptopk|0.3885
trec-covid|bm25+setmaxheaptopk|optimal_global|judge|0.7732
trec-covid|bm25+setmaxheaptopk|optimal_global|judge_expr|0.7732
trec-covid|bm25+setmaxheaptopk|optimal_global|rankgpt|0.7732
trec-covid|bm25+setmaxheaptopk|optimal_global|setmaxheaptopk|0.7732
trec-covid|bm25+setmaxheaptopk|optimal_per_topic|judge|0.7685
trec-covid|bm25+setmaxheaptopk|optimal_per_topic|judge_expr|0.7645
trec-covid|bm25+setmaxheaptopk|optimal_per_topic|rankgpt|0.7652
trec-covid|bm25+setmaxheaptopk|optimal_per_topic|setmaxheaptopk|0.7683
trec-covid|bm25+setmaxheaptopk|quantile|judge|0.6412
trec-covid|bm25+setmaxheaptopk|quantile|judge_expr|0.481
trec-covid|bm25+setmaxheaptopk|quantile|rankgpt|0.5625
trec-covid|bm25+setmaxheaptopk|quantile|setmaxheaptopk|0.5346
trec-covid|bm25+setmaxheaptopk|rank|judge|0.3503
trec-covid|bm25+setmaxheaptopk|rank|judge_expr|0.2882
trec-covid|bm25+setmaxheaptopk|rank|rankgpt|0.3705
trec-covid|bm25+setmaxheaptopk|rank|setmaxheaptopk|0.3611
trec-covid|bm25+setmaxheaptopk|thresholding|judge|0.6999
trec-covid|bm25+setmaxheaptopk|thresholding|judge_expr|0.6718
trec-covid|bm25+setmaxheaptopk|thresholding|rankgpt|0.0
trec-covid|bm25+setmaxheaptopk|thresholding|setmaxheaptopk|0.0
trec-covid|colbert-small|direct|judge|0.6526
trec-covid|colbert-small|direct|judge_expr|0.6083
trec-covid|colbert-small|direct|rankgpt|0.3048
trec-covid|colbert-small|direct|setmaxheaptopk|0.2468
trec-covid|colbert-small|largest_gap|judge|0.4519
trec-covid|colbert-small|largest_gap|judge_expr|0.6405
trec-covid|colbert-small|largest_gap|rankgpt|0.3048
trec-covid|colbert-small|largest_gap|setmaxheaptopk|0.2468
trec-covid|colbert-small|optimal_global|judge|0.7964
trec-covid|colbert-small|optimal_global|judge_expr|0.7964
trec-covid|colbert-small|optimal_global|rankgpt|0.7964
trec-covid|colbert-small|optimal_global|setmaxheaptopk|0.7964
trec-covid|colbert-small|optimal_per_topic|judge|0.7835
trec-covid|colbert-small|optimal_per_topic|judge_expr|0.7822
trec-covid|colbert-small|optimal_per_topic|rankgpt|0.7881
trec-covid|colbert-small|optimal_per_topic|setmaxheaptopk|0.7887
trec-covid|colbert-small|quantile|judge|0.5504
trec-covid|colbert-small|quantile|judge_expr|0.3549
trec-covid|colbert-small|quantile|rankgpt|0.5144
trec-covid|colbert-small|quantile|setmaxheaptopk|0.47
trec-covid|colbert-small|rank|judge|0.2773
trec-covid|colbert-small|rank|judge_expr|0.1738
trec-covid|colbert-small|rank|rankgpt|0.2946
trec-covid|colbert-small|rank|setmaxheaptopk|0.2808
trec-covid|colbert-small|thresholding|judge|0.655
trec-covid|colbert-small|thresholding|judge_expr|0.6307
trec-covid|colbert-small|thresholding|rankgpt|0.0
trec-covid|colbert-small|thresholding|setmaxheaptopk|0.0
trec-covid|colbert-small+judge|direct|judge|0.6952
trec-covid|colbert-small+judge|direct|judge_expr|0.6912
trec-covid|colbert-small+judge|direct|rankgpt|0.1684
trec-covid|colbert-small+judge|direct|setmaxheaptopk|0.1886
trec-covid|colbert-small+judge|largest_gap|judge|0.6817
trec-covid|colbert-small+judge|largest_gap|judge_expr|0.6956
trec-covid|colbert-small+judge|largest_gap|rankgpt|0.1684
trec-covid|colbert-small+judge|largest_gap|setmaxheaptopk|0.1886
trec-covid|colbert-small+judge|optimal_global|judge|0.7021
trec-covid|colbert-small+judge|optimal_global|judge_expr|0.7021
trec-covid|colbert-small+judge|optimal_global|rankgpt|0.7021
trec-covid|colbert-small+judge|optimal_global|setmaxheaptopk|0.7021
trec-covid|colbert-small+judge|optimal_per_topic|judge|0.7021
trec-covid|colbert-small+judge|optimal_per_topic|judge_expr|0.7021
trec-covid|colbert-small+judge|optimal_per_topic|rankgpt|0.6948
trec-covid|colbert-small+judge|optimal_per_topic|setmaxheaptopk|0.693
trec-covid|colbert-small+judge|quantile|judge|0.7008
trec-covid|colbert-small+judge|quantile|judge_expr|0.5449
trec-covid|colbert-small+judge|quantile|rankgpt|0.4081
trec-covid|colbert-small+judge|quantile|setmaxheaptopk|0.4083
trec-covid|colbert-small+judge|rank|judge|0.3943
trec-covid|colbert-small+judge|rank|judge_expr|0.3252
trec-covid|colbert-small+judge|rank|rankgpt|0.2417
trec-covid|colbert-small+judge|rank|setmaxheaptopk|0.2587
trec-covid|colbert-small+judge|thresholding|judge|0.6982
trec-covid|colbert-small+judge|thresholding|judge_expr|0.6951
trec-covid|colbert-small+judge|thresholding|rankgpt|0.0
trec-covid|colbert-small+judge|thresholding|setmaxheaptopk|0.0
trec-covid|colbert-small+judge_expr|direct|judge|0.7395
trec-covid|colbert-small+judge_expr|direct|judge_expr|0.7371
trec-covid|colbert-small+judge_expr|direct|rankgpt|0.3695
trec-covid|colbert-small+judge_expr|direct|setmaxheaptopk|0.3487
trec-covid|colbert-small+judge_expr|largest_gap|judge|0.726
trec-covid|colbert-small+judge_expr|largest_gap|judge_expr|0.7376
trec-covid|colbert-small+judge_expr|largest_gap|rankgpt|0.3695
trec-covid|colbert-small+judge_expr|largest_gap|setmaxheaptopk|0.3487
trec-covid|colbert-small+judge_expr|optimal_global|judge|0.7467
trec-covid|colbert-small+judge_expr|optimal_global|judge_expr|0.7467
trec-covid|colbert-small+judge_expr|optimal_global|rankgpt|0.7467
trec-covid|colbert-small+judge_expr|optimal_global|setmaxheaptopk|0.7467
trec-covid|colbert-small+judge_expr|optimal_per_topic|judge|0.7467
trec-covid|colbert-small+judge_expr|optimal_per_topic|judge_expr|0.7467
trec-covid|colbert-small+judge_expr|optimal_per_topic|rankgpt|0.7366
trec-covid|colbert-small+judge_expr|optimal_per_topic|setmaxheaptopk|0.7356
trec-covid|colbert-small+judge_expr|quantile|judge|0.7454
trec-covid|colbert-small+judge_expr|quantile|judge_expr|0.731
trec-covid|colbert-small+judge_expr|quantile|rankgpt|0.4669
trec-covid|colbert-small+judge_expr|quantile|setmaxheaptopk|0.5019
trec-covid|colbert-small+judge_expr|rank|judge|0.4306
trec-covid|colbert-small+judge_expr|rank|judge_expr|0.5969
trec-covid|colbert-small+judge_expr|rank|rankgpt|0.3162
trec-covid|colbert-small+judge_expr|rank|setmaxheaptopk|0.3439
trec-covid|colbert-small+judge_expr|thresholding|judge|0.7402
trec-covid|colbert-small+judge_expr|thresholding|judge_expr|0.7388
trec-covid|colbert-small+judge_expr|thresholding|rankgpt|0.0
trec-covid|colbert-small+judge_expr|thresholding|setmaxheaptopk|0.0
trec-covid|colbert-small+point|direct|judge|0.5218
trec-covid|colbert-small+point|direct|judge_expr|0.4895
trec-covid|colbert-small+point|direct|rankgpt|0.1825
trec-covid|colbert-small+point|direct|setmaxheaptopk|0.1761
trec-covid|colbert-small+point|largest_gap|judge|0.3562
trec-covid|colbert-small+point|largest_gap|judge_expr|0.5211
trec-covid|colbert-small+point|largest_gap|rankgpt|0.1825
trec-covid|colbert-small+point|largest_gap|setmaxheaptopk|0.1761
trec-covid|colbert-small+point|optimal_global|judge|0.6194
trec-covid|colbert-small+point|optimal_global|judge_expr|0.6194
trec-covid|colbert-small+point|optimal_global|rankgpt|0.6194
trec-covid|colbert-small+point|optimal_global|setmaxheaptopk|0.6194
trec-covid|colbert-small+point|optimal_per_topic|judge|0.6177
trec-covid|colbert-small+point|optimal_per_topic|judge_expr|0.618
trec-covid|colbert-small+point|optimal_per_topic|rankgpt|0.611
trec-covid|colbert-small+point|optimal_per_topic|setmaxheaptopk|0.6166
trec-covid|colbert-small+point|quantile|judge|0.4417
trec-covid|colbert-small+point|quantile|judge_expr|0.3002
trec-covid|colbert-small+point|quantile|rankgpt|0.3463
trec-covid|colbert-small+point|quantile|setmaxheaptopk|0.351
trec-covid|colbert-small+point|rank|judge|0.1896
trec-covid|colbert-small+point|rank|judge_expr|0.1351
trec-covid|colbert-small+point|rank|rankgpt|0.1994
trec-covid|colbert-small+point|rank|setmaxheaptopk|0.2106
trec-covid|colbert-small+point|thresholding|judge|0.5329
trec-covid|colbert-small+point|thresholding|judge_expr|0.5006
trec-covid|colbert-small+point|thresholding|rankgpt|0.0
trec-covid|colbert-small+point|thresholding|setmaxheaptopk|0.0
trec-covid|colbert-small+rankfirst|direct|judge|0.7726
trec-covid|colbert-small+rankfirst|direct|judge_expr|0.7446
trec-covid|colbert-small+rankfirst|direct|rankgpt|0.4122
trec-covid|colbert-small+rankfirst|direct|setmaxheaptopk|0.3626
trec-covid|colbert-small+rankfirst|largest_gap|judge|0.6204
trec-covid|colbert-small+rankfirst|largest_gap|judge_expr|0.7721
trec-covid|colbert-small+rankfirst|largest_gap|rankgpt|0.4122
trec-covid|colbert-small+rankfirst|largest_gap|setmaxheaptopk|0.3626
trec-covid|colbert-small+rankfirst|optimal_global|judge|0.8598
trec-covid|colbert-small+rankfirst|optimal_global|judge_expr|0.8598
trec-covid|colbert-small+rankfirst|optimal_global|rankgpt|0.8598
trec-covid|colbert-small+rankfirst|optimal_global|setmaxheaptopk|0.8598
trec-covid|colbert-small+rankfirst|optimal_per_topic|judge|0.8547
trec-covid|colbert-small+rankfirst|optimal_per_topic|judge_expr|0.8533
trec-covid|colbert-small+rankfirst|optimal_per_topic|rankgpt|0.8513
trec-covid|colbert-small+rankfirst|optimal_per_topic|setmaxheaptopk|0.8494
trec-covid|colbert-small+rankfirst|quantile|judge|0.7455
trec-covid|colbert-small+rankfirst|quantile|judge_expr|0.5666
trec-covid|colbert-small+rankfirst|quantile|rankgpt|0.6542
trec-covid|colbert-small+rankfirst|quantile|setmaxheaptopk|0.6301
trec-covid|colbert-small+rankfirst|rank|judge|0.4241
trec-covid|colbert-small+rankfirst|rank|judge_expr|0.3247
trec-covid|colbert-small+rankfirst|rank|rankgpt|0.4301
trec-covid|colbert-small+rankfirst|rank|setmaxheaptopk|0.4429
trec-covid|colbert-small+rankfirst|thresholding|judge|0.7803
trec-covid|colbert-small+rankfirst|thresholding|judge_expr|0.7646
trec-covid|colbert-small+rankfirst|thresholding|rankgpt|0.0
trec-covid|colbert-small+rankfirst|thresholding|setmaxheaptopk|0.0
trec-covid|colbert-small+rankgpt|direct|judge|0.7182
trec-covid|colbert-small+rankgpt|direct|judge_expr|0.684
trec-covid|colbert-small+rankgpt|direct|rankgpt|0.5424
trec-covid|colbert-small+rankgpt|direct|setmaxheaptopk|0.4543
trec-covid|colbert-small+rankgpt|largest_gap|judge|0.5528
trec-covid|colbert-small+rankgpt|largest_gap|judge_expr|0.7129
trec-covid|colbert-small+rankgpt|largest_gap|rankgpt|0.5424
trec-covid|colbert-small+rankgpt|largest_gap|setmaxheaptopk|0.4543
trec-covid|colbert-small+rankgpt|optimal_global|judge|0.8183
trec-covid|colbert-small+rankgpt|optimal_global|judge_expr|0.8183
trec-covid|colbert-small+rankgpt|optimal_global|rankgpt|0.8183
trec-covid|colbert-small+rankgpt|optimal_global|setmaxheaptopk|0.8183
trec-covid|colbert-small+rankgpt|optimal_per_topic|judge|0.8084
trec-covid|colbert-small+rankgpt|optimal_per_topic|judge_expr|0.8097
trec-covid|colbert-small+rankgpt|optimal_per_topic|rankgpt|0.8103
trec-covid|colbert-small+rankgpt|optimal_per_topic|setmaxheaptopk|0.8096
trec-covid|colbert-small+rankgpt|quantile|judge|0.6696
trec-covid|colbert-small+rankgpt|quantile|judge_expr|0.4979
trec-covid|colbert-small+rankgpt|quantile|rankgpt|0.6036
trec-covid|colbert-small+rankgpt|quantile|setmaxheaptopk|0.5721
trec-covid|colbert-small+rankgpt|rank|judge|0.3545
trec-covid|colbert-small+rankgpt|rank|judge_expr|0.2939
trec-covid|colbert-small+rankgpt|rank|rankgpt|0.4041
trec-covid|colbert-small+rankgpt|rank|setmaxheaptopk|0.3875
trec-covid|colbert-small+rankgpt|thresholding|judge|0.7246
trec-covid|colbert-small+rankgpt|thresholding|judge_expr|0.6967
trec-covid|colbert-small+rankgpt|thresholding|rankgpt|0.0
trec-covid|colbert-small+rankgpt|thresholding|setmaxheaptopk|0.0
trec-covid|colbert-small+rankzephyr|direct|judge|0.6562
trec-covid|colbert-small+rankzephyr|direct|judge_expr|0.6101
trec-covid|colbert-small+rankzephyr|direct|rankgpt|0.289
trec-covid|colbert-small+rankzephyr|largest_gap|judge|0.4523
trec-covid|colbert-small+rankzephyr|largest_gap|judge_expr|0.6456
trec-covid|colbert-small+rankzephyr|largest_gap|rankgpt|0.289
trec-covid|colbert-small+rankzephyr|optimal_global|judge|0.8043
trec-covid|colbert-small+rankzephyr|optimal_global|judge_expr|0.8043
trec-covid|colbert-small+rankzephyr|optimal_global|rankgpt|0.8043
trec-covid|colbert-small+rankzephyr|optimal_per_topic|judge|0.7901
trec-covid|colbert-small+rankzephyr|optimal_per_topic|judge_expr|0.789
trec-covid|colbert-small+rankzephyr|optimal_per_topic|rankgpt|0.7972
trec-covid|colbert-small+rankzephyr|quantile|judge|0.5503
trec-covid|colbert-small+rankzephyr|quantile|judge_expr|0.3626
trec-covid|colbert-small+rankzephyr|quantile|rankgpt|0.5179
trec-covid|colbert-small+rankzephyr|rank|judge|0.2767
trec-covid|colbert-small+rankzephyr|rank|judge_expr|0.1766
trec-covid|colbert-small+rankzephyr|rank|rankgpt|0.289
trec-covid|colbert-small+rankzephyr|thresholding|judge|0.6597
trec-covid|colbert-small+rankzephyr|thresholding|judge_expr|0.6332
trec-covid|colbert-small+rankzephyr|thresholding|rankgpt|0.0
trec-covid|colbert-small+setmaxheaptopk|direct|judge|0.7104
trec-covid|colbert-small+setmaxheaptopk|direct|judge_expr|0.6865
trec-covid|colbert-small+setmaxheaptopk|direct|rankgpt|0.3955
trec-covid|colbert-small+setmaxheaptopk|direct|setmaxheaptopk|0.4454
trec-covid|colbert-small+setmaxheaptopk|largest_gap|judge|0.5742
trec-covid|colbert-small+setmaxheaptopk|largest_gap|judge_expr|0.7108
trec-covid|colbert-small+setmaxheaptopk|largest_gap|rankgpt|0.3955
trec-covid|colbert-small+setmaxheaptopk|largest_gap|setmaxheaptopk|0.4454
trec-covid|colbert-small+setmaxheaptopk|optimal_global|judge|0.7918
trec-covid|colbert-small+setmaxheaptopk|optimal_global|judge_expr|0.7918
trec-covid|colbert-small+setmaxheaptopk|optimal_global|rankgpt|0.7918
trec-covid|colbert-small+setmaxheaptopk|optimal_global|setmaxheaptopk|0.7918
trec-covid|colbert-small+setmaxheaptopk|optimal_per_topic|judge|0.7871
trec-covid|colbert-small+setmaxheaptopk|optimal_per_topic|judge_expr|0.7877
trec-covid|colbert-small+setmaxheaptopk|optimal_per_topic|rankgpt|0.7877
trec-covid|colbert-small+setmaxheaptopk|optimal_per_topic|setmaxheaptopk|0.7891
trec-covid|colbert-small+setmaxheaptopk|quantile|judge|0.6864
trec-covid|colbert-small+setmaxheaptopk|quantile|judge_expr|0.5273
trec-covid|colbert-small+setmaxheaptopk|quantile|rankgpt|0.5502
trec-covid|colbert-small+setmaxheaptopk|quantile|setmaxheaptopk|0.5701
trec-covid|colbert-small+setmaxheaptopk|rank|judge|0.3446
trec-covid|colbert-small+setmaxheaptopk|rank|judge_expr|0.3231
trec-covid|colbert-small+setmaxheaptopk|rank|rankgpt|0.3546
trec-covid|colbert-small+setmaxheaptopk|rank|setmaxheaptopk|0.4141
trec-covid|colbert-small+setmaxheaptopk|thresholding|judge|0.7177
trec-covid|colbert-small+setmaxheaptopk|thresholding|judge_expr|0.697
trec-covid|colbert-small+setmaxheaptopk|thresholding|rankgpt|0.0
trec-covid|colbert-small+setmaxheaptopk|thresholding|setmaxheaptopk|0.0
trec-covid|nomicai-modernbert-embed|direct|judge|0.7667
trec-covid|nomicai-modernbert-embed|direct|judge_expr|0.7133
trec-covid|nomicai-modernbert-embed|direct|rankgpt|0.3811
trec-covid|nomicai-modernbert-embed|direct|setmaxheaptopk|0.3648
trec-covid|nomicai-modernbert-embed|largest_gap|judge|0.5369
trec-covid|nomicai-modernbert-embed|largest_gap|judge_expr|0.752
trec-covid|nomicai-modernbert-embed|largest_gap|rankgpt|0.3811
trec-covid|nomicai-modernbert-embed|largest_gap|setmaxheaptopk|0.3648
trec-covid|nomicai-modernbert-embed|optimal_global|judge|0.9142
trec-covid|nomicai-modernbert-embed|optimal_global|judge_expr|0.9154
trec-covid|nomicai-modernbert-embed|optimal_global|rankgpt|0.9154
trec-covid|nomicai-modernbert-embed|optimal_global|setmaxheaptopk|0.9154
trec-covid|nomicai-modernbert-embed|optimal_per_topic|judge|0.9039
trec-covid|nomicai-modernbert-embed|optimal_per_topic|judge_expr|0.8985
trec-covid|nomicai-modernbert-embed|optimal_per_topic|rankgpt|0.9041
trec-covid|nomicai-modernbert-embed|optimal_per_topic|setmaxheaptopk|0.9016
trec-covid|nomicai-modernbert-embed|quantile|judge|0.6817
trec-covid|nomicai-modernbert-embed|quantile|judge_expr|0.4555
trec-covid|nomicai-modernbert-embed|quantile|rankgpt|0.678
trec-covid|nomicai-modernbert-embed|quantile|setmaxheaptopk|0.5706
trec-covid|nomicai-modernbert-embed|rank|judge|0.3913
trec-covid|nomicai-modernbert-embed|rank|judge_expr|0.2279
trec-covid|nomicai-modernbert-embed|rank|rankgpt|0.3978
trec-covid|nomicai-modernbert-embed|rank|setmaxheaptopk|0.3384
trec-covid|nomicai-modernbert-embed|thresholding|judge|0.762
trec-covid|nomicai-modernbert-embed|thresholding|judge_expr|0.7267
trec-covid|nomicai-modernbert-embed|thresholding|rankgpt|0.0
trec-covid|nomicai-modernbert-embed|thresholding|setmaxheaptopk|0.0
trec-covid|nomicai-modernbert-embed+judge|direct|judge|0.7283
trec-covid|nomicai-modernbert-embed+judge|direct|judge_expr|0.7245
trec-covid|nomicai-modernbert-embed+judge|direct|rankgpt|0.1724
trec-covid|nomicai-modernbert-embed+judge|direct|setmaxheaptopk|0.1593
trec-covid|nomicai-modernbert-embed+judge|largest_gap|judge|0.7118
trec-covid|nomicai-modernbert-embed+judge|largest_gap|judge_expr|0.7168
trec-covid|nomicai-modernbert-embed+judge|largest_gap|rankgpt|0.1724
trec-covid|nomicai-modernbert-embed+judge|largest_gap|setmaxheaptopk|0.1593
trec-covid|nomicai-modernbert-embed+judge|optimal_global|judge|0.7327
trec-covid|nomicai-modernbert-embed+judge|optimal_global|judge_expr|0.7327
trec-covid|nomicai-modernbert-embed+judge|optimal_global|rankgpt|0.7327
trec-covid|nomicai-modernbert-embed+judge|optimal_global|setmaxheaptopk|0.7327
trec-covid|nomicai-modernbert-embed+judge|optimal_per_topic|judge|0.7327
trec-covid|nomicai-modernbert-embed+judge|optimal_per_topic|judge_expr|0.7327
trec-covid|nomicai-modernbert-embed+judge|optimal_per_topic|rankgpt|0.7263
trec-covid|nomicai-modernbert-embed+judge|optimal_per_topic|setmaxheaptopk|0.7249
trec-covid|nomicai-modernbert-embed+judge|quantile|judge|0.7225
trec-covid|nomicai-modernbert-embed+judge|quantile|judge_expr|0.5788
trec-covid|nomicai-modernbert-embed+judge|quantile|rankgpt|0.4232
trec-covid|nomicai-modernbert-embed+judge|quantile|setmaxheaptopk|0.4298
trec-covid|nomicai-modernbert-embed+judge|rank|judge|0.4144
trec-covid|nomicai-modernbert-embed+judge|rank|judge_expr|0.3796
trec-covid|nomicai-modernbert-embed+judge|rank|rankgpt|0.2435
trec-covid|nomicai-modernbert-embed+judge|rank|setmaxheaptopk|0.2606
trec-covid|nomicai-modernbert-embed+judge|thresholding|judge|0.7346
trec-covid|nomicai-modernbert-embed+judge|thresholding|judge_expr|0.7197
trec-covid|nomicai-modernbert-embed+judge|thresholding|rankgpt|0.0
trec-covid|nomicai-modernbert-embed+judge|thresholding|setmaxheaptopk|0.0
trec-covid|nomicai-modernbert-embed+judge_expr|direct|judge|0.7953
trec-covid|nomicai-modernbert-embed+judge_expr|direct|judge_expr|0.7935
trec-covid|nomicai-modernbert-embed+judge_expr|direct|rankgpt|0.3802
trec-covid|nomicai-modernbert-embed+judge_expr|direct|setmaxheaptopk|0.3668
trec-covid|nomicai-modernbert-embed+judge_expr|largest_gap|judge|0.7789
trec-covid|nomicai-modernbert-embed+judge_expr|largest_gap|judge_expr|0.7849
trec-covid|nomicai-modernbert-embed+judge_expr|largest_gap|rankgpt|0.3802
trec-covid|nomicai-modernbert-embed+judge_expr|largest_gap|setmaxheaptopk|0.3668
trec-covid|nomicai-modernbert-embed+judge_expr|optimal_global|judge|0.7991
trec-covid|nomicai-modernbert-embed+judge_expr|optimal_global|judge_expr|0.7991
trec-covid|nomicai-modernbert-embed+judge_expr|optimal_global|rankgpt|0.7991
trec-covid|nomicai-modernbert-embed+judge_expr|optimal_global|setmaxheaptopk|0.7991
trec-covid|nomicai-modernbert-embed+judge_expr|optimal_per_topic|judge|0.7991
trec-covid|nomicai-modernbert-embed+judge_expr|optimal_per_topic|judge_expr|0.7991
trec-covid|nomicai-modernbert-embed+judge_expr|optimal_per_topic|rankgpt|0.7906
trec-covid|nomicai-modernbert-embed+judge_expr|optimal_per_topic|setmaxheaptopk|0.787
trec-covid|nomicai-modernbert-embed+judge_expr|quantile|judge|0.7938
trec-covid|nomicai-modernbert-embed+judge_expr|quantile|judge_expr|0.7822
trec-covid|nomicai-modernbert-embed+judge_expr|quantile|rankgpt|0.5004
trec-covid|nomicai-modernbert-embed+judge_expr|quantile|setmaxheaptopk|0.5274
trec-covid|nomicai-modernbert-embed+judge_expr|rank|judge|0.4722
trec-covid|nomicai-modernbert-embed+judge_expr|rank|judge_expr|0.6985
trec-covid|nomicai-modernbert-embed+judge_expr|rank|rankgpt|0.3371
trec-covid|nomicai-modernbert-embed+judge_expr|rank|setmaxheaptopk|0.364
trec-covid|nomicai-modernbert-embed+judge_expr|thresholding|judge|0.7967
trec-covid|nomicai-modernbert-embed+judge_expr|thresholding|judge_expr|0.7889
trec-covid|nomicai-modernbert-embed+judge_expr|thresholding|rankgpt|0.0
trec-covid|nomicai-modernbert-embed+judge_expr|thresholding|setmaxheaptopk|0.0
trec-covid|nomicai-modernbert-embed+point|direct|judge|0.5923
trec-covid|nomicai-modernbert-embed+point|direct|judge_expr|0.5521
trec-covid|nomicai-modernbert-embed+point|direct|rankgpt|0.1652
trec-covid|nomicai-modernbert-embed+point|direct|setmaxheaptopk|0.1428
trec-covid|nomicai-modernbert-embed+point|largest_gap|judge|0.4147
trec-covid|nomicai-modernbert-embed+point|largest_gap|judge_expr|0.5822
trec-covid|nomicai-modernbert-embed+point|largest_gap|rankgpt|0.1652
trec-covid|nomicai-modernbert-embed+point|largest_gap|setmaxheaptopk|0.1428
trec-covid|nomicai-modernbert-embed+point|optimal_global|judge|0.7133
trec-covid|nomicai-modernbert-embed+point|optimal_global|judge_expr|0.7133
trec-covid|nomicai-modernbert-embed+point|optimal_global|rankgpt|0.7133
trec-covid|nomicai-modernbert-embed+point|optimal_global|setmaxheaptopk|0.7133
trec-covid|nomicai-modernbert-embed+point|optimal_per_topic|judge|0.7119
trec-covid|nomicai-modernbert-embed+point|optimal_per_topic|judge_expr|0.7114
trec-covid|nomicai-modernbert-embed+point|optimal_per_topic|rankgpt|0.707
trec-covid|nomicai-modernbert-embed+point|optimal_per_topic|setmaxheaptopk|0.7084
trec-covid|nomicai-modernbert-embed+point|quantile|judge|0.4793
trec-covid|nomicai-modernbert-embed+point|quantile|judge_expr|0.3253
trec-covid|nomicai-modernbert-embed+point|quantile|rankgpt|0.3929
trec-covid|nomicai-modernbert-embed+point|quantile|setmaxheaptopk|0.3838
trec-covid|nomicai-modernbert-embed+point|rank|judge|0.2024
trec-covid|nomicai-modernbert-embed+point|rank|judge_expr|0.172
trec-covid|nomicai-modernbert-embed+point|rank|rankgpt|0.2069
trec-covid|nomicai-modernbert-embed+point|rank|setmaxheaptopk|0.2189
trec-covid|nomicai-modernbert-embed+point|thresholding|judge|0.5911
trec-covid|nomicai-modernbert-embed+point|thresholding|judge_expr|0.5547
trec-covid|nomicai-modernbert-embed+point|thresholding|rankgpt|0.0
trec-covid|nomicai-modernbert-embed+point|thresholding|setmaxheaptopk|0.0
trec-covid|nomicai-modernbert-embed+rankfirst|direct|judge|0.7974
trec-covid|nomicai-modernbert-embed+rankfirst|direct|judge_expr|0.7707
trec-covid|nomicai-modernbert-embed+rankfirst|direct|rankgpt|0.423
trec-covid|nomicai-modernbert-embed+rankfirst|direct|setmaxheaptopk|0.4329
trec-covid|nomicai-modernbert-embed+rankfirst|largest_gap|judge|0.6462
trec-covid|nomicai-modernbert-embed+rankfirst|largest_gap|judge_expr|0.8032
trec-covid|nomicai-modernbert-embed+rankfirst|largest_gap|rankgpt|0.423
trec-covid|nomicai-modernbert-embed+rankfirst|largest_gap|setmaxheaptopk|0.4329
trec-covid|nomicai-modernbert-embed+rankfirst|optimal_global|judge|0.8769
trec-covid|nomicai-modernbert-embed+rankfirst|optimal_global|judge_expr|0.8769
trec-covid|nomicai-modernbert-embed+rankfirst|optimal_global|rankgpt|0.8769
trec-covid|nomicai-modernbert-embed+rankfirst|optimal_global|setmaxheaptopk|0.8769
trec-covid|nomicai-modernbert-embed+rankfirst|optimal_per_topic|judge|0.8742
trec-covid|nomicai-modernbert-embed+rankfirst|optimal_per_topic|judge_expr|0.8726
trec-covid|nomicai-modernbert-embed+rankfirst|optimal_per_topic|rankgpt|0.8741
trec-covid|nomicai-modernbert-embed+rankfirst|optimal_per_topic|setmaxheaptopk|0.8712
trec-covid|nomicai-modernbert-embed+rankfirst|quantile|judge|0.7725
trec-covid|nomicai-modernbert-embed+rankfirst|quantile|judge_expr|0.592
trec-covid|nomicai-modernbert-embed+rankfirst|quantile|rankgpt|0.6862
trec-covid|nomicai-modernbert-embed+rankfirst|quantile|setmaxheaptopk|0.6574
trec-covid|nomicai-modernbert-embed+rankfirst|rank|judge|0.4593
trec-covid|nomicai-modernbert-embed+rankfirst|rank|judge_expr|0.3642
trec-covid|nomicai-modernbert-embed+rankfirst|rank|rankgpt|0.4449
trec-covid|nomicai-modernbert-embed+rankfirst|rank|setmaxheaptopk|0.4675
trec-covid|nomicai-modernbert-embed+rankfirst|thresholding|judge|0.811
trec-covid|nomicai-modernbert-embed+rankfirst|thresholding|judge_expr|0.7903
trec-covid|nomicai-modernbert-embed+rankfirst|thresholding|rankgpt|0.0
trec-covid|nomicai-modernbert-embed+rankfirst|thresholding|setmaxheaptopk|0.0
trec-covid|nomicai-modernbert-embed+rankgpt|direct|judge|0.7645
trec-covid|nomicai-modernbert-embed+rankgpt|direct|judge_expr|0.7303
trec-covid|nomicai-modernbert-embed+rankgpt|direct|rankgpt|0.5522
trec-covid|nomicai-modernbert-embed+rankgpt|direct|setmaxheaptopk|0.458
trec-covid|nomicai-modernbert-embed+rankgpt|largest_gap|judge|0.5907
trec-covid|nomicai-modernbert-embed+rankgpt|largest_gap|judge_expr|0.7528
trec-covid|nomicai-modernbert-embed+rankgpt|largest_gap|rankgpt|0.5522
trec-covid|nomicai-modernbert-embed+rankgpt|largest_gap|setmaxheaptopk|0.458
trec-covid|nomicai-modernbert-embed+rankgpt|optimal_global|judge|0.8711
trec-covid|nomicai-modernbert-embed+rankgpt|optimal_global|judge_expr|0.8727
trec-covid|nomicai-modernbert-embed+rankgpt|optimal_global|rankgpt|0.8727
trec-covid|nomicai-modernbert-embed+rankgpt|optimal_global|setmaxheaptopk|0.8727
trec-covid|nomicai-modernbert-embed+rankgpt|optimal_per_topic|judge|0.8658
trec-covid|nomicai-modernbert-embed+rankgpt|optimal_per_topic|judge_expr|0.8629
trec-covid|nomicai-modernbert-embed+rankgpt|optimal_per_topic|rankgpt|0.8699
trec-covid|nomicai-modernbert-embed+rankgpt|optimal_per_topic|setmaxheaptopk|0.8667
trec-covid|nomicai-modernbert-embed+rankgpt|quantile|judge|0.7185
trec-covid|nomicai-modernbert-embed+rankgpt|quantile|judge_expr|0.5374
trec-covid|nomicai-modernbert-embed+rankgpt|quantile|rankgpt|0.6598
trec-covid|nomicai-modernbert-embed+rankgpt|quantile|setmaxheaptopk|0.6108
trec-covid|nomicai-modernbert-embed+rankgpt|rank|judge|0.3729
trec-covid|nomicai-modernbert-embed+rankgpt|rank|judge_expr|0.314
trec-covid|nomicai-modernbert-embed+rankgpt|rank|rankgpt|0.4406
trec-covid|nomicai-modernbert-embed+rankgpt|rank|setmaxheaptopk|0.4042
trec-covid|nomicai-modernbert-embed+rankgpt|thresholding|judge|0.7586
trec-covid|nomicai-modernbert-embed+rankgpt|thresholding|judge_expr|0.7352
trec-covid|nomicai-modernbert-embed+rankgpt|thresholding|rankgpt|0.0
trec-covid|nomicai-modernbert-embed+rankgpt|thresholding|setmaxheaptopk|0.0
trec-covid|nomicai-modernbert-embed+rankzephyr|direct|judge|0.7641
trec-covid|nomicai-modernbert-embed+rankzephyr|direct|judge_expr|0.7094
trec-covid|nomicai-modernbert-embed+rankzephyr|direct|rankgpt|0.3691
trec-covid|nomicai-modernbert-embed+rankzephyr|largest_gap|judge|0.5307
trec-covid|nomicai-modernbert-embed+rankzephyr|largest_gap|judge_expr|0.7493
trec-covid|nomicai-modernbert-embed+rankzephyr|largest_gap|rankgpt|0.3691
trec-covid|nomicai-modernbert-embed+rankzephyr|optimal_global|judge|0.9148
trec-covid|nomicai-modernbert-embed+rankzephyr|optimal_global|judge_expr|0.9161
trec-covid|nomicai-modernbert-embed+rankzephyr|optimal_global|rankgpt|0.9161
trec-covid|nomicai-modernbert-embed+rankzephyr|optimal_per_topic|judge|0.9045
trec-covid|nomicai-modernbert-embed+rankzephyr|optimal_per_topic|judge_expr|0.8992
trec-covid|nomicai-modernbert-embed+rankzephyr|optimal_per_topic|rankgpt|0.9049
trec-covid|nomicai-modernbert-embed+rankzephyr|quantile|judge|0.6741
trec-covid|nomicai-modernbert-embed+rankzephyr|quantile|judge_expr|0.448
trec-covid|nomicai-modernbert-embed+rankzephyr|quantile|rankgpt|0.6744
trec-covid|nomicai-modernbert-embed+rankzephyr|rank|judge|0.3851
trec-covid|nomicai-modernbert-embed+rankzephyr|rank|judge_expr|0.2217
trec-covid|nomicai-modernbert-embed+rankzephyr|rank|rankgpt|0.3969
trec-covid|nomicai-modernbert-embed+rankzephyr|thresholding|judge|0.7593
trec-covid|nomicai-modernbert-embed+rankzephyr|thresholding|judge_expr|0.7241
trec-covid|nomicai-modernbert-embed+rankzephyr|thresholding|rankgpt|0.0
trec-covid|nomicai-modernbert-embed+setmaxheaptopk|direct|judge|0.7679
trec-covid|nomicai-modernbert-embed+setmaxheaptopk|direct|judge_expr|0.7474
trec-covid|nomicai-modernbert-embed+setmaxheaptopk|direct|rankgpt|0.4456
trec-covid|nomicai-modernbert-embed+setmaxheaptopk|direct|setmaxheaptopk|0.4882
trec-covid|nomicai-modernbert-embed+setmaxheaptopk|largest_gap|judge|0.6153
trec-covid|nomicai-modernbert-embed+setmaxheaptopk|largest_gap|judge_expr|0.769
trec-covid|nomicai-modernbert-embed+setmaxheaptopk|largest_gap|rankgpt|0.4456
trec-covid|nomicai-modernbert-embed+setmaxheaptopk|largest_gap|setmaxheaptopk|0.4882
trec-covid|nomicai-modernbert-embed+setmaxheaptopk|optimal_global|judge|0.8431
trec-covid|nomicai-modernbert-embed+setmaxheaptopk|optimal_global|judge_expr|0.8431
trec-covid|nomicai-modernbert-embed+setmaxheaptopk|optimal_global|rankgpt|0.8431
trec-covid|nomicai-modernbert-embed+setmaxheaptopk|optimal_global|setmaxheaptopk|0.8431
trec-covid|nomicai-modernbert-embed+setmaxheaptopk|optimal_per_topic|judge|0.8418
trec-covid|nomicai-modernbert-embed+setmaxheaptopk|optimal_per_topic|judge_expr|0.8418
trec-covid|nomicai-modernbert-embed+setmaxheaptopk|optimal_per_topic|rankgpt|0.8402
trec-covid|nomicai-modernbert-embed+setmaxheaptopk|optimal_per_topic|setmaxheaptopk|0.8388
trec-covid|nomicai-modernbert-embed+setmaxheaptopk|quantile|judge|0.733
trec-covid|nomicai-modernbert-embed+setmaxheaptopk|quantile|judge_expr|0.5518
trec-covid|nomicai-modernbert-embed+setmaxheaptopk|quantile|rankgpt|0.6253
trec-covid|nomicai-modernbert-embed+setmaxheaptopk|quantile|setmaxheaptopk|0.6582
trec-covid|nomicai-modernbert-embed+setmaxheaptopk|rank|judge|0.4201
trec-covid|nomicai-modernbert-embed+setmaxheaptopk|rank|judge_expr|0.3488
trec-covid|nomicai-modernbert-embed+setmaxheaptopk|rank|rankgpt|0.4086
trec-covid|nomicai-modernbert-embed+setmaxheaptopk|rank|setmaxheaptopk|0.4574
trec-covid|nomicai-modernbert-embed+setmaxheaptopk|thresholding|judge|0.7884
trec-covid|nomicai-modernbert-embed+setmaxheaptopk|thresholding|judge_expr|0.7541
trec-covid|nomicai-modernbert-embed+setmaxheaptopk|thresholding|rankgpt|0.0
trec-covid|nomicai-modernbert-embed+setmaxheaptopk|thresholding|setmaxheaptopk|0.0
trec-covid|qwen3-embed-600m|direct|judge|0.8203
trec-covid|qwen3-embed-600m|direct|judge_expr|0.75
trec-covid|qwen3-embed-600m|direct|rankgpt|0.4959
trec-covid|qwen3-embed-600m|direct|setmaxheaptopk|0.504
trec-covid|qwen3-embed-600m|largest_gap|judge|0.5793
trec-covid|qwen3-embed-600m|largest_gap|judge_expr|0.7827
trec-covid|qwen3-embed-600m|largest_gap|rankgpt|0.4959
trec-covid|qwen3-embed-600m|largest_gap|setmaxheaptopk|0.504
trec-covid|qwen3-embed-600m|optimal_global|judge|1.0
trec-covid|qwen3-embed-600m|optimal_global|judge_expr|1.0
trec-covid|qwen3-embed-600m|optimal_global|rankgpt|1.0
trec-covid|qwen3-embed-600m|optimal_global|setmaxheaptopk|1.0
trec-covid|qwen3-embed-600m|optimal_per_topic|judge|0.9957
trec-covid|qwen3-embed-600m|optimal_per_topic|judge_expr|0.9885
trec-covid|qwen3-embed-600m|optimal_per_topic|rankgpt|1.0
trec-covid|qwen3-embed-600m|optimal_per_topic|setmaxheaptopk|0.992
trec-covid|qwen3-embed-600m|quantile|judge|0.7403
trec-covid|qwen3-embed-600m|quantile|judge_expr|0.4717
trec-covid|qwen3-embed-600m|quantile|rankgpt|1.0
trec-covid|qwen3-embed-600m|quantile|setmaxheaptopk|0.6581
trec-covid|qwen3-embed-600m|rank|judge|0.5766
trec-covid|qwen3-embed-600m|rank|judge_expr|0.245
trec-covid|qwen3-embed-600m|rank|rankgpt|0.528
trec-covid|qwen3-embed-600m|rank|setmaxheaptopk|0.4077
trec-covid|qwen3-embed-600m|thresholding|judge|0.7952
trec-covid|qwen3-embed-600m|thresholding|judge_expr|0.7554
trec-covid|qwen3-embed-600m|thresholding|rankgpt|0.0
trec-covid|qwen3-embed-600m|thresholding|setmaxheaptopk|0.0
trec-covid|qwen3-embed-600m+judge|direct|judge|1.0
trec-covid|qwen3-embed-600m+judge|direct|judge_expr|0.9958
trec-covid|qwen3-embed-600m+judge|direct|rankgpt|0.1503
trec-covid|qwen3-embed-600m+judge|direct|setmaxheaptopk|0.1079
trec-covid|qwen3-embed-600m+judge|largest_gap|judge|1.0
trec-covid|qwen3-embed-600m+judge|largest_gap|judge_expr|0.9987
trec-covid|qwen3-embed-600m+judge|largest_gap|rankgpt|0.1503
trec-covid|qwen3-embed-600m+judge|largest_gap|setmaxheaptopk|0.1079
trec-covid|qwen3-embed-600m+judge|optimal_global|judge|1.0
trec-covid|qwen3-embed-600m+judge|optimal_global|judge_expr|1.0
trec-covid|qwen3-embed-600m+judge|optimal_global|rankgpt|1.0
trec-covid|qwen3-embed-600m+judge|optimal_global|setmaxheaptopk|1.0
trec-covid|qwen3-embed-600m+judge|optimal_per_topic|judge|1.0
trec-covid|qwen3-embed-600m+judge|optimal_per_topic|judge_expr|1.0
trec-covid|qwen3-embed-600m+judge|optimal_per_topic|rankgpt|0.9557
trec-covid|qwen3-embed-600m+judge|optimal_per_topic|setmaxheaptopk|0.9746
trec-covid|qwen3-embed-600m+judge|quantile|judge|1.0
trec-covid|qwen3-embed-600m+judge|quantile|judge_expr|0.7745
trec-covid|qwen3-embed-600m+judge|quantile|rankgpt|0.416
trec-covid|qwen3-embed-600m+judge|quantile|setmaxheaptopk|0.4753
trec-covid|qwen3-embed-600m+judge|rank|judge|0.4549
trec-covid|qwen3-embed-600m+judge|rank|judge_expr|0.4808
trec-covid|qwen3-embed-600m+judge|rank|rankgpt|0.2433
trec-covid|qwen3-embed-600m+judge|rank|setmaxheaptopk|0.2838
trec-covid|qwen3-embed-600m+judge|thresholding|judge|1.0
trec-covid|qwen3-embed-600m+judge|thresholding|judge_expr|0.9958
trec-covid|qwen3-embed-600m+judge|thresholding|rankgpt|0.0
trec-covid|qwen3-embed-600m+judge|thresholding|setmaxheaptopk|0.0
trec-covid|qwen3-embed-600m+judge_expr|direct|judge|1.0
trec-covid|qwen3-embed-600m+judge_expr|direct|judge_expr|1.0
trec-covid|qwen3-embed-600m+judge_expr|direct|rankgpt|0.3929
trec-covid|qwen3-embed-600m+judge_expr|direct|setmaxheaptopk|0.3615
trec-covid|qwen3-embed-600m+judge_expr|largest_gap|judge|1.0
trec-covid|qwen3-embed-600m+judge_expr|largest_gap|judge_expr|1.0
trec-covid|qwen3-embed-600m+judge_expr|largest_gap|rankgpt|0.3929
trec-covid|qwen3-embed-600m+judge_expr|largest_gap|setmaxheaptopk|0.3615
trec-covid|qwen3-embed-600m+judge_expr|optimal_global|judge|1.0
trec-covid|qwen3-embed-600m+judge_expr|optimal_global|judge_expr|1.0
trec-covid|qwen3-embed-600m+judge_expr|optimal_global|rankgpt|1.0
trec-covid|qwen3-embed-600m+judge_expr|optimal_global|setmaxheaptopk|1.0
trec-covid|qwen3-embed-600m+judge_expr|optimal_per_topic|judge|1.0
trec-covid|qwen3-embed-600m+judge_expr|optimal_per_topic|judge_expr|1.0
trec-covid|qwen3-embed-600m+judge_expr|optimal_per_topic|rankgpt|0.9701
trec-covid|qwen3-embed-600m+judge_expr|optimal_per_topic|setmaxheaptopk|0.9747
trec-covid|qwen3-embed-600m+judge_expr|quantile|judge|1.0
trec-covid|qwen3-embed-600m+judge_expr|quantile|judge_expr|1.0
trec-covid|qwen3-embed-600m+judge_expr|quantile|rankgpt|0.561
trec-covid|qwen3-embed-600m+judge_expr|quantile|setmaxheaptopk|0.5965
trec-covid|qwen3-embed-600m+judge_expr|rank|judge|0.5363
trec-covid|qwen3-embed-600m+judge_expr|rank|judge_expr|0.9607
trec-covid|qwen3-embed-600m+judge_expr|rank|rankgpt|0.3583
trec-covid|qwen3-embed-600m+judge_expr|rank|setmaxheaptopk|0.4066
trec-covid|qwen3-embed-600m+judge_expr|thresholding|judge|1.0
trec-covid|qwen3-embed-600m+judge_expr|thresholding|judge_expr|1.0
trec-covid|qwen3-embed-600m+judge_expr|thresholding|rankgpt|0.0
trec-covid|qwen3-embed-600m+judge_expr|thresholding|setmaxheaptopk|0.0
trec-covid|qwen3-embed-600m+point|direct|judge|0.8243
trec-covid|qwen3-embed-600m+point|direct|judge_expr|0.7636
trec-covid|qwen3-embed-600m+point|direct|rankgpt|0.1811
trec-covid|qwen3-embed-600m+point|direct|setmaxheaptopk|0.1742
trec-covid|qwen3-embed-600m+point|largest_gap|judge|0.5636
trec-covid|qwen3-embed-600m+point|largest_gap|judge_expr|0.8225
trec-covid|qwen3-embed-600m+point|largest_gap|rankgpt|0.1811
trec-covid|qwen3-embed-600m+point|largest_gap|setmaxheaptopk|0.1742
trec-covid|qwen3-embed-600m+point|optimal_global|judge|1.0
trec-covid|qwen3-embed-600m+point|optimal_global|judge_expr|1.0
trec-covid|qwen3-embed-600m+point|optimal_global|rankgpt|1.0
trec-covid|qwen3-embed-600m+point|optimal_global|setmaxheaptopk|1.0
trec-covid|qwen3-embed-600m+point|optimal_per_topic|judge|0.9987
trec-covid|qwen3-embed-600m+point|optimal_per_topic|judge_expr|0.9955
trec-covid|qwen3-embed-600m+point|optimal_per_topic|rankgpt|0.9787
trec-covid|qwen3-embed-600m+point|optimal_per_topic|setmaxheaptopk|0.99
trec-covid|qwen3-embed-600m+point|quantile|judge|0.6623
trec-covid|qwen3-embed-600m+point|quantile|judge_expr|0.424
trec-covid|qwen3-embed-600m+point|quantile|rankgpt|0.4438
trec-covid|qwen3-embed-600m+point|quantile|setmaxheaptopk|0.4843
trec-covid|qwen3-embed-600m+point|rank|judge|0.2155
trec-covid|qwen3-embed-600m+point|rank|judge_expr|0.212
trec-covid|qwen3-embed-600m+point|rank|rankgpt|0.2381
trec-covid|qwen3-embed-600m+point|rank|setmaxheaptopk|0.2664
trec-covid|qwen3-embed-600m+point|thresholding|judge|0.8247
trec-covid|qwen3-embed-600m+point|thresholding|judge_expr|0.7769
trec-covid|qwen3-embed-600m+point|thresholding|rankgpt|0.0
trec-covid|qwen3-embed-600m+point|thresholding|setmaxheaptopk|0.0
trec-covid|qwen3-embed-600m+rankfirst|direct|judge|0.8937
trec-covid|qwen3-embed-600m+rankfirst|direct|judge_expr|0.8519
trec-covid|qwen3-embed-600m+rankfirst|direct|rankgpt|0.4907
trec-covid|qwen3-embed-600m+rankfirst|direct|setmaxheaptopk|0.466
trec-covid|qwen3-embed-600m+rankfirst|largest_gap|judge|0.7046
trec-covid|qwen3-embed-600m+rankfirst|largest_gap|judge_expr|0.8826
trec-covid|qwen3-embed-600m+rankfirst|largest_gap|rankgpt|0.4907
trec-covid|qwen3-embed-600m+rankfirst|largest_gap|setmaxheaptopk|0.466
trec-covid|qwen3-embed-600m+rankfirst|optimal_global|judge|1.0
trec-covid|qwen3-embed-600m+rankfirst|optimal_global|judge_expr|1.0
trec-covid|qwen3-embed-600m+rankfirst|optimal_global|rankgpt|1.0
trec-covid|qwen3-embed-600m+rankfirst|optimal_global|setmaxheaptopk|1.0
trec-covid|qwen3-embed-600m+rankfirst|optimal_per_topic|judge|1.0
trec-covid|qwen3-embed-600m+rankfirst|optimal_per_topic|judge_expr|1.0
trec-covid|qwen3-embed-600m+rankfirst|optimal_per_topic|rankgpt|0.9986
trec-covid|qwen3-embed-600m+rankfirst|optimal_per_topic|setmaxheaptopk|0.9944
trec-covid|qwen3-embed-600m+rankfirst|quantile|judge|0.8547
trec-covid|qwen3-embed-600m+rankfirst|quantile|judge_expr|0.6603
trec-covid|qwen3-embed-600m+rankfirst|quantile|rankgpt|0.7951
trec-covid|qwen3-embed-600m+rankfirst|quantile|setmaxheaptopk|0.7492
trec-covid|qwen3-embed-600m+rankfirst|rank|judge|0.5269
trec-covid|qwen3-embed-600m+rankfirst|rank|judge_expr|0.4036
trec-covid|qwen3-embed-600m+rankfirst|rank|rankgpt|0.5469
trec-covid|qwen3-embed-600m+rankfirst|rank|setmaxheaptopk|0.5175
trec-covid|qwen3-embed-600m+rankfirst|thresholding|judge|0.8959
trec-covid|qwen3-embed-600m+rankfirst|thresholding|judge_expr|0.8657
trec-covid|qwen3-embed-600m+rankfirst|thresholding|rankgpt|0.0
trec-covid|qwen3-embed-600m+rankfirst|thresholding|setmaxheaptopk|0.0
trec-covid|qwen3-embed-600m+rankgpt|direct|judge|0.8802
trec-covid|qwen3-embed-600m+rankgpt|direct|judge_expr|0.8377
trec-covid|qwen3-embed-600m+rankgpt|direct|rankgpt|1.0
trec-covid|qwen3-embed-600m+rankgpt|direct|setmaxheaptopk|0.5494
trec-covid|qwen3-embed-600m+rankgpt|largest_gap|judge|0.6904
trec-covid|qwen3-embed-600m+rankgpt|largest_gap|judge_expr|0.8739
trec-covid|qwen3-embed-600m+rankgpt|largest_gap|rankgpt|1.0
trec-covid|qwen3-embed-600m+rankgpt|largest_gap|setmaxheaptopk|0.5494
trec-covid|qwen3-embed-600m+rankgpt|optimal_global|judge|1.0
trec-covid|qwen3-embed-600m+rankgpt|optimal_global|judge_expr|1.0
trec-covid|qwen3-embed-600m+rankgpt|optimal_global|rankgpt|1.0
trec-covid|qwen3-embed-600m+rankgpt|optimal_global|setmaxheaptopk|1.0
trec-covid|qwen3-embed-600m+rankgpt|optimal_per_topic|judge|0.9973
trec-covid|qwen3-embed-600m+rankgpt|optimal_per_topic|judge_expr|0.9987
trec-covid|qwen3-embed-600m+rankgpt|optimal_per_topic|rankgpt|1.0
trec-covid|qwen3-embed-600m+rankgpt|optimal_per_topic|setmaxheaptopk|0.9951
trec-covid|qwen3-embed-600m+rankgpt|quantile|judge|0.821
trec-covid|qwen3-embed-600m+rankgpt|quantile|judge_expr|0.6177
trec-covid|qwen3-embed-600m+rankgpt|quantile|rankgpt|1.0
trec-covid|qwen3-embed-600m+rankgpt|quantile|setmaxheaptopk|0.7732
trec-covid|qwen3-embed-600m+rankgpt|rank|judge|0.5287
trec-covid|qwen3-embed-600m+rankgpt|rank|judge_expr|0.3691
trec-covid|qwen3-embed-600m+rankgpt|rank|rankgpt|1.0
trec-covid|qwen3-embed-600m+rankgpt|rank|setmaxheaptopk|0.5144
trec-covid|qwen3-embed-600m+rankgpt|thresholding|judge|0.8826
trec-covid|qwen3-embed-600m+rankgpt|thresholding|judge_expr|0.846
trec-covid|qwen3-embed-600m+rankgpt|thresholding|rankgpt|0.0
trec-covid|qwen3-embed-600m+rankgpt|thresholding|setmaxheaptopk|0.0
trec-covid|qwen3-embed-600m+rankzephyr|direct|judge|0.8224
trec-covid|qwen3-embed-600m+rankzephyr|direct|judge_expr|0.7502
trec-covid|qwen3-embed-600m+rankzephyr|direct|rankgpt|0.516
trec-covid|qwen3-embed-600m+rankzephyr|largest_gap|judge|0.5873
trec-covid|qwen3-embed-600m+rankzephyr|largest_gap|judge_expr|0.7786
trec-covid|qwen3-embed-600m+rankzephyr|largest_gap|rankgpt|0.516
trec-covid|qwen3-embed-600m+rankzephyr|optimal_global|judge|1.0
trec-covid|qwen3-embed-600m+rankzephyr|optimal_global|judge_expr|1.0
trec-covid|qwen3-embed-600m+rankzephyr|optimal_global|rankgpt|1.0
trec-covid|qwen3-embed-600m+rankzephyr|optimal_per_topic|judge|0.9957
trec-covid|qwen3-embed-600m+rankzephyr|optimal_per_topic|judge_expr|0.9885
trec-covid|qwen3-embed-600m+rankzephyr|optimal_per_topic|rankgpt|0.9984
trec-covid|qwen3-embed-600m+rankzephyr|quantile|judge|0.7459
trec-covid|qwen3-embed-600m+rankzephyr|quantile|judge_expr|0.475
trec-covid|qwen3-embed-600m+rankzephyr|quantile|rankgpt|0.9899
trec-covid|qwen3-embed-600m+rankzephyr|rank|judge|0.5698
trec-covid|qwen3-embed-600m+rankzephyr|rank|judge_expr|0.2404
trec-covid|qwen3-embed-600m+rankzephyr|rank|rankgpt|0.546
trec-covid|qwen3-embed-600m+rankzephyr|thresholding|judge|0.7936
trec-covid|qwen3-embed-600m+rankzephyr|thresholding|judge_expr|0.7508
trec-covid|qwen3-embed-600m+rankzephyr|thresholding|rankgpt|0.0
trec-covid|qwen3-embed-600m+setmaxheaptopk|direct|judge|0.9105
trec-covid|qwen3-embed-600m+setmaxheaptopk|direct|judge_expr|0.8867
trec-covid|qwen3-embed-600m+setmaxheaptopk|direct|rankgpt|0.581
trec-covid|qwen3-embed-600m+setmaxheaptopk|direct|setmaxheaptopk|1.0
trec-covid|qwen3-embed-600m+setmaxheaptopk|largest_gap|judge|0.7331
trec-covid|qwen3-embed-600m+setmaxheaptopk|largest_gap|judge_expr|0.9237
trec-covid|qwen3-embed-600m+setmaxheaptopk|largest_gap|rankgpt|0.581
trec-covid|qwen3-embed-600m+setmaxheaptopk|largest_gap|setmaxheaptopk|1.0
trec-covid|qwen3-embed-600m+setmaxheaptopk|optimal_global|judge|1.0
trec-covid|qwen3-embed-600m+setmaxheaptopk|optimal_global|judge_expr|1.0
trec-covid|qwen3-embed-600m+setmaxheaptopk|optimal_global|rankgpt|1.0
trec-covid|qwen3-embed-600m+setmaxheaptopk|optimal_global|setmaxheaptopk|1.0
trec-covid|qwen3-embed-600m+setmaxheaptopk|optimal_per_topic|judge|0.9983
trec-covid|qwen3-embed-600m+setmaxheaptopk|optimal_per_topic|judge_expr|1.0
trec-covid|qwen3-embed-600m+setmaxheaptopk|optimal_per_topic|rankgpt|0.9959
trec-covid|qwen3-embed-600m+setmaxheaptopk|optimal_per_topic|setmaxheaptopk|1.0
trec-covid|qwen3-embed-600m+setmaxheaptopk|quantile|judge|0.8692
trec-covid|qwen3-embed-600m+setmaxheaptopk|quantile|judge_expr|0.6593
trec-covid|qwen3-embed-600m+setmaxheaptopk|quantile|rankgpt|0.7398
trec-covid|qwen3-embed-600m+setmaxheaptopk|quantile|setmaxheaptopk|1.0
trec-covid|qwen3-embed-600m+setmaxheaptopk|rank|judge|0.4836
trec-covid|qwen3-embed-600m+setmaxheaptopk|rank|judge_expr|0.3803
trec-covid|qwen3-embed-600m+setmaxheaptopk|rank|rankgpt|0.5047
trec-covid|qwen3-embed-600m+setmaxheaptopk|rank|setmaxheaptopk|1.0
trec-covid|qwen3-embed-600m+setmaxheaptopk|thresholding|judge|0.9302
trec-covid|qwen3-embed-600m+setmaxheaptopk|thresholding|judge_expr|0.9051
trec-covid|qwen3-embed-600m+setmaxheaptopk|thresholding|rankgpt|0.0
trec-covid|qwen3-embed-600m+setmaxheaptopk|thresholding|setmaxheaptopk|0.0
trec-covid|splade-v3|direct|judge|0.5414
trec-covid|splade-v3|direct|judge_expr|0.4905
trec-covid|splade-v3|direct|rankgpt|0.2452
trec-covid|splade-v3|direct|setmaxheaptopk|0.2195
trec-covid|splade-v3|largest_gap|judge|0.386
trec-covid|splade-v3|largest_gap|judge_expr|0.5125
trec-covid|splade-v3|largest_gap|rankgpt|0.2452
trec-covid|splade-v3|largest_gap|setmaxheaptopk|0.2195
trec-covid|splade-v3|optimal_global|judge|0.6655
trec-covid|splade-v3|optimal_global|judge_expr|0.669
trec-covid|splade-v3|optimal_global|rankgpt|0.669
trec-covid|splade-v3|optimal_global|setmaxheaptopk|0.669
trec-covid|splade-v3|optimal_per_topic|judge|0.6466
trec-covid|splade-v3|optimal_per_topic|judge_expr|0.6439
trec-covid|splade-v3|optimal_per_topic|rankgpt|0.6554
trec-covid|splade-v3|optimal_per_topic|setmaxheaptopk|0.6527
trec-covid|splade-v3|quantile|judge|0.4729
trec-covid|splade-v3|quantile|judge_expr|0.3049
trec-covid|splade-v3|quantile|rankgpt|0.4061
trec-covid|splade-v3|quantile|setmaxheaptopk|0.3795
trec-covid|splade-v3|rank|judge|0.2339
trec-covid|splade-v3|rank|judge_expr|0.1508
trec-covid|splade-v3|rank|rankgpt|0.2171
trec-covid|splade-v3|rank|setmaxheaptopk|0.2248
trec-covid|splade-v3|thresholding|judge|0.5252
trec-covid|splade-v3|thresholding|judge_expr|0.5042
trec-covid|splade-v3|thresholding|rankgpt|0.0
trec-covid|splade-v3|thresholding|setmaxheaptopk|0.0
trec-covid|splade-v3+judge|direct|judge|0.632
trec-covid|splade-v3+judge|direct|judge_expr|0.6296
trec-covid|splade-v3+judge|direct|rankgpt|0.215
trec-covid|splade-v3+judge|direct|setmaxheaptopk|0.1799
trec-covid|splade-v3+judge|largest_gap|judge|0.6094
trec-covid|splade-v3+judge|largest_gap|judge_expr|0.6321
trec-covid|splade-v3+judge|largest_gap|rankgpt|0.215
trec-covid|splade-v3+judge|largest_gap|setmaxheaptopk|0.1799
trec-covid|splade-v3+judge|optimal_global|judge|0.6442
trec-covid|splade-v3+judge|optimal_global|judge_expr|0.6442
trec-covid|splade-v3+judge|optimal_global|rankgpt|0.6442
trec-covid|splade-v3+judge|optimal_global|setmaxheaptopk|0.6442
trec-covid|splade-v3+judge|optimal_per_topic|judge|0.6442
trec-covid|splade-v3+judge|optimal_per_topic|judge_expr|0.6442
trec-covid|splade-v3+judge|optimal_per_topic|rankgpt|0.6377
trec-covid|splade-v3+judge|optimal_per_topic|setmaxheaptopk|0.6372
trec-covid|splade-v3+judge|quantile|judge|0.6245
trec-covid|splade-v3+judge|quantile|judge_expr|0.476
trec-covid|splade-v3+judge|quantile|rankgpt|0.3783
trec-covid|splade-v3+judge|quantile|setmaxheaptopk|0.4145
trec-covid|splade-v3+judge|rank|judge|0.3485
trec-covid|splade-v3+judge|rank|judge_expr|0.3087
trec-covid|splade-v3+judge|rank|rankgpt|0.239
trec-covid|splade-v3+judge|rank|setmaxheaptopk|0.2646
trec-covid|splade-v3+judge|thresholding|judge|0.6414
trec-covid|splade-v3+judge|thresholding|judge_expr|0.6387
trec-covid|splade-v3+judge|thresholding|rankgpt|0.0
trec-covid|splade-v3+judge|thresholding|setmaxheaptopk|0.0
trec-covid|splade-v3+judge_expr|direct|judge|0.724
trec-covid|splade-v3+judge_expr|direct|judge_expr|0.7229
trec-covid|splade-v3+judge_expr|direct|rankgpt|0.3905
trec-covid|splade-v3+judge_expr|direct|setmaxheaptopk|0.356
trec-covid|splade-v3+judge_expr|largest_gap|judge|0.6927
trec-covid|splade-v3+judge_expr|largest_gap|judge_expr|0.7208
trec-covid|splade-v3+judge_expr|largest_gap|rankgpt|0.3905
trec-covid|splade-v3+judge_expr|largest_gap|setmaxheaptopk|0.356
trec-covid|splade-v3+judge_expr|optimal_global|judge|0.7373
trec-covid|splade-v3+judge_expr|optimal_global|judge_expr|0.7373
trec-covid|splade-v3+judge_expr|optimal_global|rankgpt|0.7373
trec-covid|splade-v3+judge_expr|optimal_global|setmaxheaptopk|0.7373
trec-covid|splade-v3+judge_expr|optimal_per_topic|judge|0.7373
trec-covid|splade-v3+judge_expr|optimal_per_topic|judge_expr|0.7373
trec-covid|splade-v3+judge_expr|optimal_per_topic|rankgpt|0.7279
trec-covid|splade-v3+judge_expr|optimal_per_topic|setmaxheaptopk|0.7304
trec-covid|splade-v3+judge_expr|quantile|judge|0.7239
trec-covid|splade-v3+judge_expr|quantile|judge_expr|0.6753
trec-covid|splade-v3+judge_expr|quantile|rankgpt|0.4864
trec-covid|splade-v3+judge_expr|quantile|setmaxheaptopk|0.5192
trec-covid|splade-v3+judge_expr|rank|judge|0.3994
trec-covid|splade-v3+judge_expr|rank|judge_expr|0.5662
trec-covid|splade-v3+judge_expr|rank|rankgpt|0.3218
trec-covid|splade-v3+judge_expr|rank|setmaxheaptopk|0.3753
trec-covid|splade-v3+judge_expr|thresholding|judge|0.7301
trec-covid|splade-v3+judge_expr|thresholding|judge_expr|0.7288
trec-covid|splade-v3+judge_expr|thresholding|rankgpt|0.0
trec-covid|splade-v3+judge_expr|thresholding|setmaxheaptopk|0.0
trec-covid|splade-v3+point|direct|judge|0.4978
trec-covid|splade-v3+point|direct|judge_expr|0.4721
trec-covid|splade-v3+point|direct|rankgpt|0.1698
trec-covid|splade-v3+point|direct|setmaxheaptopk|0.1399
trec-covid|splade-v3+point|largest_gap|judge|0.3634
trec-covid|splade-v3+point|largest_gap|judge_expr|0.4964
trec-covid|splade-v3+point|largest_gap|rankgpt|0.1698
trec-covid|splade-v3+point|largest_gap|setmaxheaptopk|0.1399
trec-covid|splade-v3+point|optimal_global|judge|0.5858
trec-covid|splade-v3+point|optimal_global|judge_expr|0.5858
trec-covid|splade-v3+point|optimal_global|rankgpt|0.5858
trec-covid|splade-v3+point|optimal_global|setmaxheaptopk|0.5858
trec-covid|splade-v3+point|optimal_per_topic|judge|0.5841
trec-covid|splade-v3+point|optimal_per_topic|judge_expr|0.581
trec-covid|splade-v3+point|optimal_per_topic|rankgpt|0.5751
trec-covid|splade-v3+point|optimal_per_topic|setmaxheaptopk|0.5828
trec-covid|splade-v3+point|quantile|judge|0.4205
trec-covid|splade-v3+point|quantile|judge_expr|0.2857
trec-covid|splade-v3+point|quantile|rankgpt|0.3319
trec-covid|splade-v3+point|quantile|setmaxheaptopk|0.3577
trec-covid|splade-v3+point|rank|judge|0.1904
trec-covid|splade-v3+point|rank|judge_expr|0.1481
trec-covid|splade-v3+point|rank|rankgpt|0.1908
trec-covid|splade-v3+point|rank|setmaxheaptopk|0.2068
trec-covid|splade-v3+point|thresholding|judge|0.5073
trec-covid|splade-v3+point|thresholding|judge_expr|0.4767
trec-covid|splade-v3+point|thresholding|rankgpt|0.0
trec-covid|splade-v3+point|thresholding|setmaxheaptopk|0.0
trec-covid|splade-v3+rankfirst|direct|judge|0.7504
trec-covid|splade-v3+rankfirst|direct|judge_expr|0.7212
trec-covid|splade-v3+rankfirst|direct|rankgpt|0.4144
trec-covid|splade-v3+rankfirst|direct|setmaxheaptopk|0.4049
trec-covid|splade-v3+rankfirst|largest_gap|judge|0.6208
trec-covid|splade-v3+rankfirst|largest_gap|judge_expr|0.7401
trec-covid|splade-v3+rankfirst|largest_gap|rankgpt|0.4144
trec-covid|splade-v3+rankfirst|largest_gap|setmaxheaptopk|0.4049
trec-covid|splade-v3+rankfirst|optimal_global|judge|0.8363
trec-covid|splade-v3+rankfirst|optimal_global|judge_expr|0.8363
trec-covid|splade-v3+rankfirst|optimal_global|rankgpt|0.8363
trec-covid|splade-v3+rankfirst|optimal_global|setmaxheaptopk|0.8363
trec-covid|splade-v3+rankfirst|optimal_per_topic|judge|0.8331
trec-covid|splade-v3+rankfirst|optimal_per_topic|judge_expr|0.8309
trec-covid|splade-v3+rankfirst|optimal_per_topic|rankgpt|0.83
trec-covid|splade-v3+rankfirst|optimal_per_topic|setmaxheaptopk|0.8319
trec-covid|splade-v3+rankfirst|quantile|judge|0.715
trec-covid|splade-v3+rankfirst|quantile|judge_expr|0.5376
trec-covid|splade-v3+rankfirst|quantile|rankgpt|0.6346
trec-covid|splade-v3+rankfirst|quantile|setmaxheaptopk|0.6164
trec-covid|splade-v3+rankfirst|rank|judge|0.4152
trec-covid|splade-v3+rankfirst|rank|judge_expr|0.3333
trec-covid|splade-v3+rankfirst|rank|rankgpt|0.4094
trec-covid|splade-v3+rankfirst|rank|setmaxheaptopk|0.4471
trec-covid|splade-v3+rankfirst|thresholding|judge|0.7577
trec-covid|splade-v3+rankfirst|thresholding|judge_expr|0.734
trec-covid|splade-v3+rankfirst|thresholding|rankgpt|0.0
trec-covid|splade-v3+rankfirst|thresholding|setmaxheaptopk|0.0
trec-covid|splade-v3+rankgpt|direct|judge|0.7157
trec-covid|splade-v3+rankgpt|direct|judge_expr|0.6899
trec-covid|splade-v3+rankgpt|direct|rankgpt|0.4851
trec-covid|splade-v3+rankgpt|direct|setmaxheaptopk|0.4164
trec-covid|splade-v3+rankgpt|largest_gap|judge|0.567
trec-covid|splade-v3+rankgpt|largest_gap|judge_expr|0.7168
trec-covid|splade-v3+rankgpt|largest_gap|rankgpt|0.4851
trec-covid|splade-v3+rankgpt|largest_gap|setmaxheaptopk|0.4164
trec-covid|splade-v3+rankgpt|optimal_global|judge|0.8096
trec-covid|splade-v3+rankgpt|optimal_global|judge_expr|0.8096
trec-covid|splade-v3+rankgpt|optimal_global|rankgpt|0.8096
trec-covid|splade-v3+rankgpt|optimal_global|setmaxheaptopk|0.8096
trec-covid|splade-v3+rankgpt|optimal_per_topic|judge|0.8035
trec-covid|splade-v3+rankgpt|optimal_per_topic|judge_expr|0.8038
trec-covid|splade-v3+rankgpt|optimal_per_topic|rankgpt|0.803
trec-covid|splade-v3+rankgpt|optimal_per_topic|setmaxheaptopk|0.8025
trec-covid|splade-v3+rankgpt|quantile|judge|0.6556
trec-covid|splade-v3+rankgpt|quantile|judge_expr|0.5089
trec-covid|splade-v3+rankgpt|quantile|rankgpt|0.5729
trec-covid|splade-v3+rankgpt|quantile|setmaxheaptopk|0.5663
trec-covid|splade-v3+rankgpt|rank|judge|0.3454
trec-covid|splade-v3+rankgpt|rank|judge_expr|0.2998
trec-covid|splade-v3+rankgpt|rank|rankgpt|0.3735
trec-covid|splade-v3+rankgpt|rank|setmaxheaptopk|0.4065
trec-covid|splade-v3+rankgpt|thresholding|judge|0.7313
trec-covid|splade-v3+rankgpt|thresholding|judge_expr|0.7033
trec-covid|splade-v3+rankgpt|thresholding|rankgpt|0.0
trec-covid|splade-v3+rankgpt|thresholding|setmaxheaptopk|0.0
trec-covid|splade-v3+rankzephyr|direct|judge|0.5412
trec-covid|splade-v3+rankzephyr|direct|judge_expr|0.49
trec-covid|splade-v3+rankzephyr|direct|rankgpt|0.2447
trec-covid|splade-v3+rankzephyr|largest_gap|judge|0.3858
trec-covid|splade-v3+rankzephyr|largest_gap|judge_expr|0.5123
trec-covid|splade-v3+rankzephyr|largest_gap|rankgpt|0.2447
trec-covid|splade-v3+rankzephyr|optimal_global|judge|0.6654
trec-covid|splade-v3+rankzephyr|optimal_global|judge_expr|0.6688
trec-covid|splade-v3+rankzephyr|optimal_global|rankgpt|0.6688
trec-covid|splade-v3+rankzephyr|optimal_per_topic|judge|0.6464
trec-covid|splade-v3+rankzephyr|optimal_per_topic|judge_expr|0.6437
trec-covid|splade-v3+rankzephyr|optimal_per_topic|rankgpt|0.6552
trec-covid|splade-v3+rankzephyr|quantile|judge|0.4727
trec-covid|splade-v3+rankzephyr|quantile|judge_expr|0.3049
trec-covid|splade-v3+rankzephyr|quantile|rankgpt|0.4061
trec-covid|splade-v3+rankzephyr|rank|judge|0.2333
trec-covid|splade-v3+rankzephyr|rank|judge_expr|0.1508
trec-covid|splade-v3+rankzephyr|rank|rankgpt|0.217
trec-covid|splade-v3+rankzephyr|thresholding|judge|0.5251
trec-covid|splade-v3+rankzephyr|thresholding|judge_expr|0.504
trec-covid|splade-v3+rankzephyr|thresholding|rankgpt|0.0
trec-covid|splade-v3+setmaxheaptopk|direct|judge|0.7229
trec-covid|splade-v3+setmaxheaptopk|direct|judge_expr|0.7029
trec-covid|splade-v3+setmaxheaptopk|direct|rankgpt|0.4554
trec-covid|splade-v3+setmaxheaptopk|direct|setmaxheaptopk|0.4451
trec-covid|splade-v3+setmaxheaptopk|largest_gap|judge|0.6189
trec-covid|splade-v3+setmaxheaptopk|largest_gap|judge_expr|0.7169
trec-covid|splade-v3+setmaxheaptopk|largest_gap|rankgpt|0.4554
trec-covid|splade-v3+setmaxheaptopk|largest_gap|setmaxheaptopk|0.4451
trec-covid|splade-v3+setmaxheaptopk|optimal_global|judge|0.7854
trec-covid|splade-v3+setmaxheaptopk|optimal_global|judge_expr|0.7854
trec-covid|splade-v3+setmaxheaptopk|optimal_global|rankgpt|0.7854
trec-covid|splade-v3+setmaxheaptopk|optimal_global|setmaxheaptopk|0.7854
trec-covid|splade-v3+setmaxheaptopk|optimal_per_topic|judge|0.7814
trec-covid|splade-v3+setmaxheaptopk|optimal_per_topic|judge_expr|0.7814
trec-covid|splade-v3+setmaxheaptopk|optimal_per_topic|rankgpt|0.7812
trec-covid|splade-v3+setmaxheaptopk|optimal_per_topic|setmaxheaptopk|0.7814
trec-covid|splade-v3+setmaxheaptopk|quantile|judge|0.6937
trec-covid|splade-v3+setmaxheaptopk|quantile|judge_expr|0.5464
trec-covid|splade-v3+setmaxheaptopk|quantile|rankgpt|0.5714
trec-covid|splade-v3+setmaxheaptopk|quantile|setmaxheaptopk|0.5894
trec-covid|splade-v3+setmaxheaptopk|rank|judge|0.3959
trec-covid|splade-v3+setmaxheaptopk|rank|judge_expr|0.371
trec-covid|splade-v3+setmaxheaptopk|rank|rankgpt|0.3747
trec-covid|splade-v3+setmaxheaptopk|rank|setmaxheaptopk|0.432
trec-covid|splade-v3+setmaxheaptopk|thresholding|judge|0.7295
trec-covid|splade-v3+setmaxheaptopk|thresholding|judge_expr|0.7162
trec-covid|splade-v3+setmaxheaptopk|thresholding|rankgpt|0.0
trec-covid|splade-v3+setmaxheaptopk|thresholding|setmaxheaptopk|0.0
trec-dl-2019|bm25|direct|judge|0.4855
trec-dl-2019|bm25|direct|judge_expr|0.4184
trec-dl-2019|bm25|direct|rankgpt|0.229
trec-dl-2019|bm25|direct|setmaxheaptopk|0.1828
trec-dl-2019|bm25|largest_gap|judge|0.3627
trec-dl-2019|bm25|largest_gap|judge_expr|0.3932
trec-dl-2019|bm25|largest_gap|rankgpt|0.229
trec-dl-2019|bm25|largest_gap|setmaxheaptopk|0.1828
trec-dl-2019|bm25|optimal_global|judge|0.5129
trec-dl-2019|bm25|optimal_global|judge_expr|0.509
trec-dl-2019|bm25|optimal_global|rankgpt|0.4707
trec-dl-2019|bm25|optimal_global|setmaxheaptopk|0.448
trec-dl-2019|bm25|optimal_per_topic|judge|0.5387
trec-dl-2019|bm25|optimal_per_topic|judge_expr|0.5062
trec-dl-2019|bm25|optimal_per_topic|rankgpt|0.531
trec-dl-2019|bm25|optimal_per_topic|setmaxheaptopk|0.4634
trec-dl-2019|bm25|quantile|judge|0.5078
trec-dl-2019|bm25|quantile|judge_expr|0.3994
trec-dl-2019|bm25|quantile|rankgpt|0.4617
trec-dl-2019|bm25|quantile|setmaxheaptopk|0.4044
trec-dl-2019|bm25|rank|judge|0.2894
trec-dl-2019|bm25|rank|judge_expr|0.219
trec-dl-2019|bm25|rank|rankgpt|0.2583
trec-dl-2019|bm25|rank|setmaxheaptopk|0.2637
trec-dl-2019|bm25|thresholding|judge|0.4312
trec-dl-2019|bm25|thresholding|judge_expr|0.4007
trec-dl-2019|bm25|thresholding|rankgpt|0.0
trec-dl-2019|bm25|thresholding|setmaxheaptopk|0.0
trec-dl-2019|bm25+judge|direct|judge|0.7111
trec-dl-2019|bm25+judge|direct|judge_expr|0.6959
trec-dl-2019|bm25+judge|direct|rankgpt|0.2269
trec-dl-2019|bm25+judge|direct|setmaxheaptopk|0.2151
trec-dl-2019|bm25+judge|largest_gap|judge|0.7076
trec-dl-2019|bm25+judge|largest_gap|judge_expr|0.6959
trec-dl-2019|bm25+judge|largest_gap|rankgpt|0.2269
trec-dl-2019|bm25+judge|largest_gap|setmaxheaptopk|0.2151
trec-dl-2019|bm25+judge|optimal_global|judge|0.7221
trec-dl-2019|bm25+judge|optimal_global|judge_expr|0.7061
trec-dl-2019|bm25+judge|optimal_global|rankgpt|0.5687
trec-dl-2019|bm25+judge|optimal_global|setmaxheaptopk|0.5555
trec-dl-2019|bm25+judge|optimal_per_topic|judge|0.7081
trec-dl-2019|bm25+judge|optimal_per_topic|judge_expr|0.6645
trec-dl-2019|bm25+judge|optimal_per_topic|rankgpt|0.6334
trec-dl-2019|bm25+judge|optimal_per_topic|setmaxheaptopk|0.6051
trec-dl-2019|bm25+judge|quantile|judge|0.7338
trec-dl-2019|bm25+judge|quantile|judge_expr|0.6368
trec-dl-2019|bm25+judge|quantile|rankgpt|0.5538
trec-dl-2019|bm25+judge|quantile|setmaxheaptopk|0.5155
trec-dl-2019|bm25+judge|rank|judge|0.464
trec-dl-2019|bm25+judge|rank|judge_expr|0.4005
trec-dl-2019|bm25+judge|rank|rankgpt|0.3602
trec-dl-2019|bm25+judge|rank|setmaxheaptopk|0.3756
trec-dl-2019|bm25+judge|thresholding|judge|0.7268
trec-dl-2019|bm25+judge|thresholding|judge_expr|0.6616
trec-dl-2019|bm25+judge|thresholding|rankgpt|0.0
trec-dl-2019|bm25+judge|thresholding|setmaxheaptopk|0.0
trec-dl-2019|bm25+judge_expr|direct|judge|0.7569
trec-dl-2019|bm25+judge_expr|direct|judge_expr|0.7517
trec-dl-2019|bm25+judge_expr|direct|rankgpt|0.2938
trec-dl-2019|bm25+judge_expr|direct|setmaxheaptopk|0.3423
trec-dl-2019|bm25+judge_expr|largest_gap|judge|0.7502
trec-dl-2019|bm25+judge_expr|largest_gap|judge_expr|0.7525
trec-dl-2019|bm25+judge_expr|largest_gap|rankgpt|0.2938
trec-dl-2019|bm25+judge_expr|largest_gap|setmaxheaptopk|0.3423
trec-dl-2019|bm25+judge_expr|optimal_global|judge|0.7645
trec-dl-2019|bm25+judge_expr|optimal_global|judge_expr|0.7685
trec-dl-2019|bm25+judge_expr|optimal_global|rankgpt|0.6294
trec-dl-2019|bm25+judge_expr|optimal_global|setmaxheaptopk|0.6426
trec-dl-2019|bm25+judge_expr|optimal_per_topic|judge|0.7527
trec-dl-2019|bm25+judge_expr|optimal_per_topic|judge_expr|0.7564
trec-dl-2019|bm25+judge_expr|optimal_per_topic|rankgpt|0.7083
trec-dl-2019|bm25+judge_expr|optimal_per_topic|setmaxheaptopk|0.6812
trec-dl-2019|bm25+judge_expr|quantile|judge|0.7763
trec-dl-2019|bm25+judge_expr|quantile|judge_expr|0.7696
trec-dl-2019|bm25+judge_expr|quantile|rankgpt|0.6129
trec-dl-2019|bm25+judge_expr|quantile|setmaxheaptopk|0.6
trec-dl-2019|bm25+judge_expr|rank|judge|0.5356
trec-dl-2019|bm25+judge_expr|rank|judge_expr|0.6231
trec-dl-2019|bm25+judge_expr|rank|rankgpt|0.4277
trec-dl-2019|bm25+judge_expr|rank|setmaxheaptopk|0.4463
trec-dl-2019|bm25+judge_expr|thresholding|judge|0.7687
trec-dl-2019|bm25+judge_expr|thresholding|judge_expr|0.7126
trec-dl-2019|bm25+judge_expr|thresholding|rankgpt|0.0
trec-dl-2019|bm25+judge_expr|thresholding|setmaxheaptopk|0.0
trec-dl-2019|bm25+point|direct|judge|0.6347
trec-dl-2019|bm25+point|direct|judge_expr|0.5633
trec-dl-2019|bm25+point|direct|rankgpt|0.2129
trec-dl-2019|bm25+point|direct|setmaxheaptopk|0.2235
trec-dl-2019|bm25+point|largest_gap|judge|0.5036
trec-dl-2019|bm25+point|largest_gap|judge_expr|0.5641
trec-dl-2019|bm25+point|largest_gap|rankgpt|0.2129
trec-dl-2019|bm25+point|largest_gap|setmaxheaptopk|0.2235
trec-dl-2019|bm25+point|optimal_global|judge|0.6589
trec-dl-2019|bm25+point|optimal_global|judge_expr|0.6672
trec-dl-2019|bm25+point|optimal_global|rankgpt|0.5983
trec-dl-2019|bm25+point|optimal_global|setmaxheaptopk|0.5543
trec-dl-2019|bm25+point|optimal_per_topic|judge|0.6729
trec-dl-2019|bm25+point|optimal_per_topic|judge_expr|0.652
trec-dl-2019|bm25+point|optimal_per_topic|rankgpt|0.6823
trec-dl-2019|bm25+point|optimal_per_topic|setmaxheaptopk|0.5962
trec-dl-2019|bm25+point|quantile|judge|0.6782
trec-dl-2019|bm25+point|quantile|judge_expr|0.5713
trec-dl-2019|bm25+point|quantile|rankgpt|0.5841
trec-dl-2019|bm25+point|quantile|setmaxheaptopk|0.512
trec-dl-2019|bm25+point|rank|judge|0.3904
trec-dl-2019|bm25+point|rank|judge_expr|0.3227
trec-dl-2019|bm25+point|rank|rankgpt|0.3746
trec-dl-2019|bm25+point|rank|setmaxheaptopk|0.3729
trec-dl-2019|bm25+point|thresholding|judge|0.593
trec-dl-2019|bm25+point|thresholding|judge_expr|0.5418
trec-dl-2019|bm25+point|thresholding|rankgpt|0.0
trec-dl-2019|bm25+point|thresholding|setmaxheaptopk|0.0
trec-dl-2019|bm25+rankfirst|direct|judge|0.7228
trec-dl-2019|bm25+rankfirst|direct|judge_expr|0.6598
trec-dl-2019|bm25+rankfirst|direct|rankgpt|0.4531
trec-dl-2019|bm25+rankfirst|direct|setmaxheaptopk|0.4726
trec-dl-2019|bm25+rankfirst|largest_gap|judge|0.6062
trec-dl-2019|bm25+rankfirst|largest_gap|judge_expr|0.6549
trec-dl-2019|bm25+rankfirst|largest_gap|rankgpt|0.4531
trec-dl-2019|bm25+rankfirst|largest_gap|setmaxheaptopk|0.4726
trec-dl-2019|bm25+rankfirst|optimal_global|judge|0.7289
trec-dl-2019|bm25+rankfirst|optimal_global|judge_expr|0.7302
trec-dl-2019|bm25+rankfirst|optimal_global|rankgpt|0.7585
trec-dl-2019|bm25+rankfirst|optimal_global|setmaxheaptopk|0.7382
trec-dl-2019|bm25+rankfirst|optimal_per_topic|judge|0.7831
trec-dl-2019|bm25+rankfirst|optimal_per_topic|judge_expr|0.7449
trec-dl-2019|bm25+rankfirst|optimal_per_topic|rankgpt|0.8186
trec-dl-2019|bm25+rankfirst|optimal_per_topic|setmaxheaptopk|0.7454
trec-dl-2019|bm25+rankfirst|quantile|judge|0.7843
trec-dl-2019|bm25+rankfirst|quantile|judge_expr|0.6584
trec-dl-2019|bm25+rankfirst|quantile|rankgpt|0.7434
trec-dl-2019|bm25+rankfirst|quantile|setmaxheaptopk|0.7083
trec-dl-2019|bm25+rankfirst|rank|judge|0.5456
trec-dl-2019|bm25+rankfirst|rank|judge_expr|0.4273
trec-dl-2019|bm25+rankfirst|rank|rankgpt|0.5398
trec-dl-2019|bm25+rankfirst|rank|setmaxheaptopk|0.5298
trec-dl-2019|bm25+rankfirst|thresholding|judge|0.6659
trec-dl-2019|bm25+rankfirst|thresholding|judge_expr|0.6458
trec-dl-2019|bm25+rankfirst|thresholding|rankgpt|0.0
trec-dl-2019|bm25+rankfirst|thresholding|setmaxheaptopk|0.0
trec-dl-2019|bm25+rankgpt|direct|judge|0.675
trec-dl-2019|bm25+rankgpt|direct|judge_expr|0.6189
trec-dl-2019|bm25+rankgpt|direct|rankgpt|0.4036
trec-dl-2019|bm25+rankgpt|direct|setmaxheaptopk|0.3977
trec-dl-2019|bm25+rankgpt|largest_gap|judge|0.5671
trec-dl-2019|bm25+rankgpt|largest_gap|judge_expr|0.6086
trec-dl-2019|bm25+rankgpt|largest_gap|rankgpt|0.4036
trec-dl-2019|bm25+rankgpt|largest_gap|setmaxheaptopk|0.3977
trec-dl-2019|bm25+rankgpt|optimal_global|judge|0.6955
trec-dl-2019|bm25+rankgpt|optimal_global|judge_expr|0.6947
trec-dl-2019|bm25+rankgpt|optimal_global|rankgpt|0.6631
trec-dl-2019|bm25+rankgpt|optimal_global|setmaxheaptopk|0.6388
trec-dl-2019|bm25+rankgpt|optimal_per_topic|judge|0.718
trec-dl-2019|bm25+rankgpt|optimal_per_topic|judge_expr|0.7023
trec-dl-2019|bm25+rankgpt|optimal_per_topic|rankgpt|0.7638
trec-dl-2019|bm25+rankgpt|optimal_per_topic|setmaxheaptopk|0.6834
trec-dl-2019|bm25+rankgpt|quantile|judge|0.7149
trec-dl-2019|bm25+rankgpt|quantile|judge_expr|0.6075
trec-dl-2019|bm25+rankgpt|quantile|rankgpt|0.6525
trec-dl-2019|bm25+rankgpt|quantile|setmaxheaptopk|0.6102
trec-dl-2019|bm25+rankgpt|rank|judge|0.4621
trec-dl-2019|bm25+rankgpt|rank|judge_expr|0.3879
trec-dl-2019|bm25+rankgpt|rank|rankgpt|0.4801
trec-dl-2019|bm25+rankgpt|rank|setmaxheaptopk|0.4482
trec-dl-2019|bm25+rankgpt|thresholding|judge|0.6211
trec-dl-2019|bm25+rankgpt|thresholding|judge_expr|0.5941
trec-dl-2019|bm25+rankgpt|thresholding|rankgpt|0.0
trec-dl-2019|bm25+rankgpt|thresholding|setmaxheaptopk|0.0
trec-dl-2019|bm25+rankzephyr|direct|judge|0.7301
trec-dl-2019|bm25+rankzephyr|direct|judge_expr|0.6684
trec-dl-2019|bm25+rankzephyr|direct|rankgpt|0.4203
trec-dl-2019|bm25+rankzephyr|direct|setmaxheaptopk|0.4316
trec-dl-2019|bm25+rankzephyr|largest_gap|judge|0.6167
trec-dl-2019|bm25+rankzephyr|largest_gap|judge_expr|0.661
trec-dl-2019|bm25+rankzephyr|largest_gap|rankgpt|0.4203
trec-dl-2019|bm25+rankzephyr|largest_gap|setmaxheaptopk|0.4316
trec-dl-2019|bm25+rankzephyr|optimal_global|judge|0.7495
trec-dl-2019|bm25+rankzephyr|optimal_global|judge_expr|0.7562
trec-dl-2019|bm25+rankzephyr|optimal_global|rankgpt|0.7272
trec-dl-2019|bm25+rankzephyr|optimal_global|setmaxheaptopk|0.734
trec-dl-2019|bm25+rankzephyr|optimal_per_topic|judge|0.7729
trec-dl-2019|bm25+rankzephyr|optimal_per_topic|judge_expr|0.7502
trec-dl-2019|bm25+rankzephyr|optimal_per_topic|rankgpt|0.8063
trec-dl-2019|bm25+rankzephyr|optimal_per_topic|setmaxheaptopk|0.7312
trec-dl-2019|bm25+rankzephyr|quantile|judge|0.789
trec-dl-2019|bm25+rankzephyr|quantile|judge_expr|0.6575
trec-dl-2019|bm25+rankzephyr|quantile|rankgpt|0.7167
trec-dl-2019|bm25+rankzephyr|quantile|setmaxheaptopk|0.7051
trec-dl-2019|bm25+rankzephyr|rank|judge|0.5259
trec-dl-2019|bm25+rankzephyr|rank|judge_expr|0.4182
trec-dl-2019|bm25+rankzephyr|rank|rankgpt|0.498
trec-dl-2019|bm25+rankzephyr|rank|setmaxheaptopk|0.5122
trec-dl-2019|bm25+rankzephyr|thresholding|judge|0.6809
trec-dl-2019|bm25+rankzephyr|thresholding|judge_expr|0.6526
trec-dl-2019|bm25+rankzephyr|thresholding|rankgpt|0.0
trec-dl-2019|bm25+rankzephyr|thresholding|setmaxheaptopk|0.0
trec-dl-2019|bm25+setmaxheaptopk|direct|judge|0.6951
trec-dl-2019|bm25+setmaxheaptopk|direct|judge_expr|0.6369
trec-dl-2019|bm25+setmaxheaptopk|direct|rankgpt|0.4251
trec-dl-2019|bm25+setmaxheaptopk|direct|setmaxheaptopk|0.4266
trec-dl-2019|bm25+setmaxheaptopk|largest_gap|judge|0.5923
trec-dl-2019|bm25+setmaxheaptopk|largest_gap|judge_expr|0.6258
trec-dl-2019|bm25+setmaxheaptopk|largest_gap|rankgpt|0.4251
trec-dl-2019|bm25+setmaxheaptopk|largest_gap|setmaxheaptopk|0.4266
trec-dl-2019|bm25+setmaxheaptopk|optimal_global|judge|0.7025
trec-dl-2019|bm25+setmaxheaptopk|optimal_global|judge_expr|0.7169
trec-dl-2019|bm25+setmaxheaptopk|optimal_global|rankgpt|0.6884
trec-dl-2019|bm25+setmaxheaptopk|optimal_global|setmaxheaptopk|0.7057
trec-dl-2019|bm25+setmaxheaptopk|optimal_per_topic|judge|0.7369
trec-dl-2019|bm25+setmaxheaptopk|optimal_per_topic|judge_expr|0.7138
trec-dl-2019|bm25+setmaxheaptopk|optimal_per_topic|rankgpt|0.7483
trec-dl-2019|bm25+setmaxheaptopk|optimal_per_topic|setmaxheaptopk|0.7036
trec-dl-2019|bm25+setmaxheaptopk|quantile|judge|0.7603
trec-dl-2019|bm25+setmaxheaptopk|quantile|judge_expr|0.6718
trec-dl-2019|bm25+setmaxheaptopk|quantile|rankgpt|0.6749
trec-dl-2019|bm25+setmaxheaptopk|quantile|setmaxheaptopk|0.6513
trec-dl-2019|bm25+setmaxheaptopk|rank|judge|0.4766
trec-dl-2019|bm25+setmaxheaptopk|rank|judge_expr|0.3981
trec-dl-2019|bm25+setmaxheaptopk|rank|rankgpt|0.4694
trec-dl-2019|bm25+setmaxheaptopk|rank|setmaxheaptopk|0.5102
trec-dl-2019|bm25+setmaxheaptopk|thresholding|judge|0.6444
trec-dl-2019|bm25+setmaxheaptopk|thresholding|judge_expr|0.6142
trec-dl-2019|bm25+setmaxheaptopk|thresholding|rankgpt|0.0
trec-dl-2019|bm25+setmaxheaptopk|thresholding|setmaxheaptopk|0.0
trec-dl-2019|colbert-small|direct|judge|0.717
trec-dl-2019|colbert-small|direct|judge_expr|0.6371
trec-dl-2019|colbert-small|direct|rankgpt|0.4622
trec-dl-2019|colbert-small|direct|setmaxheaptopk|0.4063
trec-dl-2019|colbert-small|largest_gap|judge|0.5988
trec-dl-2019|colbert-small|largest_gap|judge_expr|0.6249
trec-dl-2019|colbert-small|largest_gap|rankgpt|0.4622
trec-dl-2019|colbert-small|largest_gap|setmaxheaptopk|0.4063
trec-dl-2019|colbert-small|optimal_global|judge|0.7234
trec-dl-2019|colbert-small|optimal_global|judge_expr|0.7454
trec-dl-2019|colbert-small|optimal_global|rankgpt|0.8292
trec-dl-2019|colbert-small|optimal_global|setmaxheaptopk|0.742
trec-dl-2019|colbert-small|optimal_per_topic|judge|0.7906
trec-dl-2019|colbert-small|optimal_per_topic|judge_expr|0.7608
trec-dl-2019|colbert-small|optimal_per_topic|rankgpt|0.8534
trec-dl-2019|colbert-small|optimal_per_topic|setmaxheaptopk|0.7604
trec-dl-2019|colbert-small|quantile|judge|0.8009
trec-dl-2019|colbert-small|quantile|judge_expr|0.6556
trec-dl-2019|colbert-small|quantile|rankgpt|0.8171
trec-dl-2019|colbert-small|quantile|setmaxheaptopk|0.6884
trec-dl-2019|colbert-small|rank|judge|0.5164
trec-dl-2019|colbert-small|rank|judge_expr|0.4059
trec-dl-2019|colbert-small|rank|rankgpt|0.5165
trec-dl-2019|colbert-small|rank|setmaxheaptopk|0.5116
trec-dl-2019|colbert-small|thresholding|judge|0.6391
trec-dl-2019|colbert-small|thresholding|judge_expr|0.6057
trec-dl-2019|colbert-small|thresholding|rankgpt|0.0
trec-dl-2019|colbert-small|thresholding|setmaxheaptopk|0.0
trec-dl-2019|colbert-small+judge|direct|judge|0.8301
trec-dl-2019|colbert-small+judge|direct|judge_expr|0.8185
trec-dl-2019|colbert-small+judge|direct|rankgpt|0.2882
trec-dl-2019|colbert-small+judge|direct|setmaxheaptopk|0.2997
trec-dl-2019|colbert-small+judge|largest_gap|judge|0.8445
trec-dl-2019|colbert-small+judge|largest_gap|judge_expr|0.8337
trec-dl-2019|colbert-small+judge|largest_gap|rankgpt|0.2882
trec-dl-2019|colbert-small+judge|largest_gap|setmaxheaptopk|0.2997
trec-dl-2019|colbert-small+judge|optimal_global|judge|0.8198
trec-dl-2019|colbert-small+judge|optimal_global|judge_expr|0.807
trec-dl-2019|colbert-small+judge|optimal_global|rankgpt|0.625
trec-dl-2019|colbert-small+judge|optimal_global|setmaxheaptopk|0.6102
trec-dl-2019|colbert-small+judge|optimal_per_topic|judge|0.8269
trec-dl-2019|colbert-small+judge|optimal_per_topic|judge_expr|0.7711
trec-dl-2019|colbert-small+judge|optimal_per_topic|rankgpt|0.7295
trec-dl-2019|colbert-small+judge|optimal_per_topic|setmaxheaptopk|0.7004
trec-dl-2019|colbert-small+judge|quantile|judge|0.8266
trec-dl-2019|colbert-small+judge|quantile|judge_expr|0.7312
trec-dl-2019|colbert-small+judge|quantile|rankgpt|0.6052
trec-dl-2019|colbert-small+judge|quantile|setmaxheaptopk|0.58
trec-dl-2019|colbert-small+judge|rank|judge|0.563
trec-dl-2019|colbert-small+judge|rank|judge_expr|0.5167
trec-dl-2019|colbert-small+judge|rank|rankgpt|0.4027
trec-dl-2019|colbert-small+judge|rank|setmaxheaptopk|0.415
trec-dl-2019|colbert-small+judge|thresholding|judge|0.8157
trec-dl-2019|colbert-small+judge|thresholding|judge_expr|0.8003
trec-dl-2019|colbert-small+judge|thresholding|rankgpt|0.0
trec-dl-2019|colbert-small+judge|thresholding|setmaxheaptopk|0.0
trec-dl-2019|colbert-small+judge_expr|direct|judge|0.8546
trec-dl-2019|colbert-small+judge_expr|direct|judge_expr|0.8654
trec-dl-2019|colbert-small+judge_expr|direct|rankgpt|0.3934
trec-dl-2019|colbert-small+judge_expr|direct|setmaxheaptopk|0.392
trec-dl-2019|colbert-small+judge_expr|largest_gap|judge|0.8676
trec-dl-2019|colbert-small+judge_expr|largest_gap|judge_expr|0.8754
trec-dl-2019|colbert-small+judge_expr|largest_gap|rankgpt|0.3934
trec-dl-2019|colbert-small+judge_expr|largest_gap|setmaxheaptopk|0.392
trec-dl-2019|colbert-small+judge_expr|optimal_global|judge|0.8429
trec-dl-2019|colbert-small+judge_expr|optimal_global|judge_expr|0.8565
trec-dl-2019|colbert-small+judge_expr|optimal_global|rankgpt|0.7084
trec-dl-2019|colbert-small+judge_expr|optimal_global|setmaxheaptopk|0.6887
trec-dl-2019|colbert-small+judge_expr|optimal_per_topic|judge|0.851
trec-dl-2019|colbert-small+judge_expr|optimal_per_topic|judge_expr|0.8469
trec-dl-2019|colbert-small+judge_expr|optimal_per_topic|rankgpt|0.7927
trec-dl-2019|colbert-small+judge_expr|optimal_per_topic|setmaxheaptopk|0.771
trec-dl-2019|colbert-small+judge_expr|quantile|judge|0.8481
trec-dl-2019|colbert-small+judge_expr|quantile|judge_expr|0.8481
trec-dl-2019|colbert-small+judge_expr|quantile|rankgpt|0.6971
trec-dl-2019|colbert-small+judge_expr|quantile|setmaxheaptopk|0.6498
trec-dl-2019|colbert-small+judge_expr|rank|judge|0.6076
trec-dl-2019|colbert-small+judge_expr|rank|judge_expr|0.8073
trec-dl-2019|colbert-small+judge_expr|rank|rankgpt|0.4896
trec-dl-2019|colbert-small+judge_expr|rank|setmaxheaptopk|0.4924
trec-dl-2019|colbert-small+judge_expr|thresholding|judge|0.8458
trec-dl-2019|colbert-small+judge_expr|thresholding|judge_expr|0.8521
trec-dl-2019|colbert-small+judge_expr|thresholding|rankgpt|0.0
trec-dl-2019|colbert-small+judge_expr|thresholding|setmaxheaptopk|0.0
trec-dl-2019|colbert-small+point|direct|judge|0.6669
trec-dl-2019|colbert-small+point|direct|judge_expr|0.6087
trec-dl-2019|colbert-small+point|direct|rankgpt|0.303
trec-dl-2019|colbert-small+point|direct|setmaxheaptopk|0.2432
trec-dl-2019|colbert-small+point|largest_gap|judge|0.5431
trec-dl-2019|colbert-small+point|largest_gap|judge_expr|0.5852
trec-dl-2019|colbert-small+point|largest_gap|rankgpt|0.303
trec-dl-2019|colbert-small+point|largest_gap|setmaxheaptopk|0.2432
trec-dl-2019|colbert-small+point|optimal_global|judge|0.6996
trec-dl-2019|colbert-small+point|optimal_global|judge_expr|0.6976
trec-dl-2019|colbert-small+point|optimal_global|rankgpt|0.6063
trec-dl-2019|colbert-small+point|optimal_global|setmaxheaptopk|0.5701
trec-dl-2019|colbert-small+point|optimal_per_topic|judge|0.711
trec-dl-2019|colbert-small+point|optimal_per_topic|judge_expr|0.69
trec-dl-2019|colbert-small+point|optimal_per_topic|rankgpt|0.7092
trec-dl-2019|colbert-small+point|optimal_per_topic|setmaxheaptopk|0.649
trec-dl-2019|colbert-small+point|quantile|judge|0.6869
trec-dl-2019|colbert-small+point|quantile|judge_expr|0.5835
trec-dl-2019|colbert-small+point|quantile|rankgpt|0.5896
trec-dl-2019|colbert-small+point|quantile|setmaxheaptopk|0.5365
trec-dl-2019|colbert-small+point|rank|judge|0.3907
trec-dl-2019|colbert-small+point|rank|judge_expr|0.353
trec-dl-2019|colbert-small+point|rank|rankgpt|0.3976
trec-dl-2019|colbert-small+point|rank|setmaxheaptopk|0.3844
trec-dl-2019|colbert-small+point|thresholding|judge|0.6252
trec-dl-2019|colbert-small+point|thresholding|judge_expr|0.5921
trec-dl-2019|colbert-small+point|thresholding|rankgpt|0.0
trec-dl-2019|colbert-small+point|thresholding|setmaxheaptopk|0.0
trec-dl-2019|colbert-small+rankfirst|direct|judge|0.7874
trec-dl-2019|colbert-small+rankfirst|direct|judge_expr|0.7226
trec-dl-2019|colbert-small+rankfirst|direct|rankgpt|0.6269
trec-dl-2019|colbert-small+rankfirst|direct|setmaxheaptopk|0.5848
trec-dl-2019|colbert-small+rankfirst|largest_gap|judge|0.6937
trec-dl-2019|colbert-small+rankfirst|largest_gap|judge_expr|0.7203
trec-dl-2019|colbert-small+rankfirst|largest_gap|rankgpt|0.6269
trec-dl-2019|colbert-small+rankfirst|largest_gap|setmaxheaptopk|0.5848
trec-dl-2019|colbert-small+rankfirst|optimal_global|judge|0.7777
trec-dl-2019|colbert-small+rankfirst|optimal_global|judge_expr|0.7878
trec-dl-2019|colbert-small+rankfirst|optimal_global|rankgpt|0.8504
trec-dl-2019|colbert-small+rankfirst|optimal_global|setmaxheaptopk|0.8312
trec-dl-2019|colbert-small+rankfirst|optimal_per_topic|judge|0.8625
trec-dl-2019|colbert-small+rankfirst|optimal_per_topic|judge_expr|0.8218
trec-dl-2019|colbert-small+rankfirst|optimal_per_topic|rankgpt|0.9077
trec-dl-2019|colbert-small+rankfirst|optimal_per_topic|setmaxheaptopk|0.85
trec-dl-2019|colbert-small+rankfirst|quantile|judge|0.8712
trec-dl-2019|colbert-small+rankfirst|quantile|judge_expr|0.7343
trec-dl-2019|colbert-small+rankfirst|quantile|rankgpt|0.8433
trec-dl-2019|colbert-small+rankfirst|quantile|setmaxheaptopk|0.803
trec-dl-2019|colbert-small+rankfirst|rank|judge|0.6003
trec-dl-2019|colbert-small+rankfirst|rank|judge_expr|0.5022
trec-dl-2019|colbert-small+rankfirst|rank|rankgpt|0.6236
trec-dl-2019|colbert-small+rankfirst|rank|setmaxheaptopk|0.6104
trec-dl-2019|colbert-small+rankfirst|thresholding|judge|0.7173
trec-dl-2019|colbert-small+rankfirst|thresholding|judge_expr|0.6952
trec-dl-2019|colbert-small+rankfirst|thresholding|rankgpt|0.0
trec-dl-2019|colbert-small+rankfirst|thresholding|setmaxheaptopk|0.0
trec-dl-2019|colbert-small+rankgpt|direct|judge|0.7694
trec-dl-2019|colbert-small+rankgpt|direct|judge_expr|0.7115
trec-dl-2019|colbert-small+rankgpt|direct|rankgpt|0.6123
trec-dl-2019|colbert-small+rankgpt|direct|setmaxheaptopk|0.5321
trec-dl-2019|colbert-small+rankgpt|largest_gap|judge|0.6755
trec-dl-2019|colbert-small+rankgpt|largest_gap|judge_expr|0.7041
trec-dl-2019|colbert-small+rankgpt|largest_gap|rankgpt|0.6123
trec-dl-2019|colbert-small+rankgpt|largest_gap|setmaxheaptopk|0.5321
trec-dl-2019|colbert-small+rankgpt|optimal_global|judge|0.7786
trec-dl-2019|colbert-small+rankgpt|optimal_global|judge_expr|0.7964
trec-dl-2019|colbert-small+rankgpt|optimal_global|rankgpt|0.8149
trec-dl-2019|colbert-small+rankgpt|optimal_global|setmaxheaptopk|0.7674
trec-dl-2019|colbert-small+rankgpt|optimal_per_topic|judge|0.837
trec-dl-2019|colbert-small+rankgpt|optimal_per_topic|judge_expr|0.804
trec-dl-2019|colbert-small+rankgpt|optimal_per_topic|rankgpt|0.8859
trec-dl-2019|colbert-small+rankgpt|optimal_per_topic|setmaxheaptopk|0.8103
trec-dl-2019|colbert-small+rankgpt|quantile|judge|0.8456
trec-dl-2019|colbert-small+rankgpt|quantile|judge_expr|0.7243
trec-dl-2019|colbert-small+rankgpt|quantile|rankgpt|0.805
trec-dl-2019|colbert-small+rankgpt|quantile|setmaxheaptopk|0.7317
trec-dl-2019|colbert-small+rankgpt|rank|judge|0.5468
trec-dl-2019|colbert-small+rankgpt|rank|judge_expr|0.4616
trec-dl-2019|colbert-small+rankgpt|rank|rankgpt|0.6135
trec-dl-2019|colbert-small+rankgpt|rank|setmaxheaptopk|0.5663
trec-dl-2019|colbert-small+rankgpt|thresholding|judge|0.7013
trec-dl-2019|colbert-small+rankgpt|thresholding|judge_expr|0.6827
trec-dl-2019|colbert-small+rankgpt|thresholding|rankgpt|0.0
trec-dl-2019|colbert-small+rankgpt|thresholding|setmaxheaptopk|0.0
trec-dl-2019|colbert-small+rankzephyr|direct|judge|0.7726
trec-dl-2019|colbert-small+rankzephyr|direct|judge_expr|0.7113
trec-dl-2019|colbert-small+rankzephyr|direct|rankgpt|0.5503
trec-dl-2019|colbert-small+rankzephyr|direct|setmaxheaptopk|0.5322
trec-dl-2019|colbert-small+rankzephyr|largest_gap|judge|0.6703
trec-dl-2019|colbert-small+rankzephyr|largest_gap|judge_expr|0.6992
trec-dl-2019|colbert-small+rankzephyr|largest_gap|rankgpt|0.5503
trec-dl-2019|colbert-small+rankzephyr|largest_gap|setmaxheaptopk|0.5322
trec-dl-2019|colbert-small+rankzephyr|optimal_global|judge|0.7835
trec-dl-2019|colbert-small+rankzephyr|optimal_global|judge_expr|0.8016
trec-dl-2019|colbert-small+rankzephyr|optimal_global|rankgpt|0.7959
trec-dl-2019|colbert-small+rankzephyr|optimal_global|setmaxheaptopk|0.8039
trec-dl-2019|colbert-small+rankzephyr|optimal_per_topic|judge|0.8488
trec-dl-2019|colbert-small+rankzephyr|optimal_per_topic|judge_expr|0.8137
trec-dl-2019|colbert-small+rankzephyr|optimal_per_topic|rankgpt|0.8826
trec-dl-2019|colbert-small+rankzephyr|optimal_per_topic|setmaxheaptopk|0.8338
trec-dl-2019|colbert-small+rankzephyr|quantile|judge|0.8409
trec-dl-2019|colbert-small+rankzephyr|quantile|judge_expr|0.7134
trec-dl-2019|colbert-small+rankzephyr|quantile|rankgpt|0.7856
trec-dl-2019|colbert-small+rankzephyr|quantile|setmaxheaptopk|0.7525
trec-dl-2019|colbert-small+rankzephyr|rank|judge|0.5639
trec-dl-2019|colbert-small+rankzephyr|rank|judge_expr|0.4701
trec-dl-2019|colbert-small+rankzephyr|rank|rankgpt|0.56
trec-dl-2019|colbert-small+rankzephyr|rank|setmaxheaptopk|0.5644
trec-dl-2019|colbert-small+rankzephyr|thresholding|judge|0.7118
trec-dl-2019|colbert-small+rankzephyr|thresholding|judge_expr|0.6901
trec-dl-2019|colbert-small+rankzephyr|thresholding|rankgpt|0.0
trec-dl-2019|colbert-small+rankzephyr|thresholding|setmaxheaptopk|0.0
trec-dl-2019|colbert-small+setmaxheaptopk|direct|judge|0.7886
trec-dl-2019|colbert-small+setmaxheaptopk|direct|judge_expr|0.7445
trec-dl-2019|colbert-small+setmaxheaptopk|direct|rankgpt|0.5394
trec-dl-2019|colbert-small+setmaxheaptopk|direct|setmaxheaptopk|0.618
trec-dl-2019|colbert-small+setmaxheaptopk|largest_gap|judge|0.7088
trec-dl-2019|colbert-small+setmaxheaptopk|largest_gap|judge_expr|0.7221
trec-dl-2019|colbert-small+setmaxheaptopk|largest_gap|rankgpt|0.5394
trec-dl-2019|colbert-small+setmaxheaptopk|largest_gap|setmaxheaptopk|0.618
trec-dl-2019|colbert-small+setmaxheaptopk|optimal_global|judge|0.7869
trec-dl-2019|colbert-small+setmaxheaptopk|optimal_global|judge_expr|0.799
trec-dl-2019|colbert-small+setmaxheaptopk|optimal_global|rankgpt|0.7879
trec-dl-2019|colbert-small+setmaxheaptopk|optimal_global|setmaxheaptopk|0.7688
trec-dl-2019|colbert-small+setmaxheaptopk|optimal_per_topic|judge|0.8379
trec-dl-2019|colbert-small+setmaxheaptopk|optimal_per_topic|judge_expr|0.8072
trec-dl-2019|colbert-small+setmaxheaptopk|optimal_per_topic|rankgpt|0.8446
trec-dl-2019|colbert-small+setmaxheaptopk|optimal_per_topic|setmaxheaptopk|0.8163
trec-dl-2019|colbert-small+setmaxheaptopk|quantile|judge|0.8451
trec-dl-2019|colbert-small+setmaxheaptopk|quantile|judge_expr|0.7453
trec-dl-2019|colbert-small+setmaxheaptopk|quantile|rankgpt|0.7835
trec-dl-2019|colbert-small+setmaxheaptopk|quantile|setmaxheaptopk|0.7342
trec-dl-2019|colbert-small+setmaxheaptopk|rank|judge|0.5581
trec-dl-2019|colbert-small+setmaxheaptopk|rank|judge_expr|0.4972
trec-dl-2019|colbert-small+setmaxheaptopk|rank|rankgpt|0.5858
trec-dl-2019|colbert-small+setmaxheaptopk|rank|setmaxheaptopk|0.6008
trec-dl-2019|colbert-small+setmaxheaptopk|thresholding|judge|0.7423
trec-dl-2019|colbert-small+setmaxheaptopk|thresholding|judge_expr|0.7169
trec-dl-2019|colbert-small+setmaxheaptopk|thresholding|rankgpt|0.0
trec-dl-2019|colbert-small+setmaxheaptopk|thresholding|setmaxheaptopk|0.0
trec-dl-2019|nomicai-modernbert-embed|direct|judge|0.7375
trec-dl-2019|nomicai-modernbert-embed|direct|judge_expr|0.6677
trec-dl-2019|nomicai-modernbert-embed|direct|rankgpt|0.5666
trec-dl-2019|nomicai-modernbert-embed|direct|setmaxheaptopk|0.4708
trec-dl-2019|nomicai-modernbert-embed|largest_gap|judge|0.6177
trec-dl-2019|nomicai-modernbert-embed|largest_gap|judge_expr|0.6641
trec-dl-2019|nomicai-modernbert-embed|largest_gap|rankgpt|0.5666
trec-dl-2019|nomicai-modernbert-embed|largest_gap|setmaxheaptopk|0.4708
trec-dl-2019|nomicai-modernbert-embed|optimal_global|judge|0.7314
trec-dl-2019|nomicai-modernbert-embed|optimal_global|judge_expr|0.7456
trec-dl-2019|nomicai-modernbert-embed|optimal_global|rankgpt|0.8359
trec-dl-2019|nomicai-modernbert-embed|optimal_global|setmaxheaptopk|0.7375
trec-dl-2019|nomicai-modernbert-embed|optimal_per_topic|judge|0.8081
trec-dl-2019|nomicai-modernbert-embed|optimal_per_topic|judge_expr|0.7779
trec-dl-2019|nomicai-modernbert-embed|optimal_per_topic|rankgpt|0.8705
trec-dl-2019|nomicai-modernbert-embed|optimal_per_topic|setmaxheaptopk|0.7837
trec-dl-2019|nomicai-modernbert-embed|quantile|judge|0.8064
trec-dl-2019|nomicai-modernbert-embed|quantile|judge_expr|0.6631
trec-dl-2019|nomicai-modernbert-embed|quantile|rankgpt|0.8293
trec-dl-2019|nomicai-modernbert-embed|quantile|setmaxheaptopk|0.687
trec-dl-2019|nomicai-modernbert-embed|rank|judge|0.5448
trec-dl-2019|nomicai-modernbert-embed|rank|judge_expr|0.4198
trec-dl-2019|nomicai-modernbert-embed|rank|rankgpt|0.5715
trec-dl-2019|nomicai-modernbert-embed|rank|setmaxheaptopk|0.5105
trec-dl-2019|nomicai-modernbert-embed|thresholding|judge|0.6694
trec-dl-2019|nomicai-modernbert-embed|thresholding|judge_expr|0.6473
trec-dl-2019|nomicai-modernbert-embed|thresholding|rankgpt|0.0
trec-dl-2019|nomicai-modernbert-embed|thresholding|setmaxheaptopk|0.0
trec-dl-2019|nomicai-modernbert-embed+judge|direct|judge|0.8678
trec-dl-2019|nomicai-modernbert-embed+judge|direct|judge_expr|0.8627
trec-dl-2019|nomicai-modernbert-embed+judge|direct|rankgpt|0.3011
trec-dl-2019|nomicai-modernbert-embed+judge|direct|setmaxheaptopk|0.3086
trec-dl-2019|nomicai-modernbert-embed+judge|largest_gap|judge|0.88
trec-dl-2019|nomicai-modernbert-embed+judge|largest_gap|judge_expr|0.8593
trec-dl-2019|nomicai-modernbert-embed+judge|largest_gap|rankgpt|0.3011
trec-dl-2019|nomicai-modernbert-embed+judge|largest_gap|setmaxheaptopk|0.3086
trec-dl-2019|nomicai-modernbert-embed+judge|optimal_global|judge|0.8657
trec-dl-2019|nomicai-modernbert-embed+judge|optimal_global|judge_expr|0.8437
trec-dl-2019|nomicai-modernbert-embed+judge|optimal_global|rankgpt|0.6435
trec-dl-2019|nomicai-modernbert-embed+judge|optimal_global|setmaxheaptopk|0.6281
trec-dl-2019|nomicai-modernbert-embed+judge|optimal_per_topic|judge|0.8708
trec-dl-2019|nomicai-modernbert-embed+judge|optimal_per_topic|judge_expr|0.8079
trec-dl-2019|nomicai-modernbert-embed+judge|optimal_per_topic|rankgpt|0.7487
trec-dl-2019|nomicai-modernbert-embed+judge|optimal_per_topic|setmaxheaptopk|0.7358
trec-dl-2019|nomicai-modernbert-embed+judge|quantile|judge|0.8606
trec-dl-2019|nomicai-modernbert-embed+judge|quantile|judge_expr|0.7542
trec-dl-2019|nomicai-modernbert-embed+judge|quantile|rankgpt|0.6255
trec-dl-2019|nomicai-modernbert-embed+judge|quantile|setmaxheaptopk|0.5963
trec-dl-2019|nomicai-modernbert-embed+judge|rank|judge|0.5802
trec-dl-2019|nomicai-modernbert-embed+judge|rank|judge_expr|0.5324
trec-dl-2019|nomicai-modernbert-embed+judge|rank|rankgpt|0.4112
trec-dl-2019|nomicai-modernbert-embed+judge|rank|setmaxheaptopk|0.4264
trec-dl-2019|nomicai-modernbert-embed+judge|thresholding|judge|0.8722
trec-dl-2019|nomicai-modernbert-embed+judge|thresholding|judge_expr|0.8389
trec-dl-2019|nomicai-modernbert-embed+judge|thresholding|rankgpt|0.0
trec-dl-2019|nomicai-modernbert-embed+judge|thresholding|setmaxheaptopk|0.0
trec-dl-2019|nomicai-modernbert-embed+judge_expr|direct|judge|0.8909
trec-dl-2019|nomicai-modernbert-embed+judge_expr|direct|judge_expr|0.9058
trec-dl-2019|nomicai-modernbert-embed+judge_expr|direct|rankgpt|0.4134
trec-dl-2019|nomicai-modernbert-embed+judge_expr|direct|setmaxheaptopk|0.3973
trec-dl-2019|nomicai-modernbert-embed+judge_expr|largest_gap|judge|0.9063
trec-dl-2019|nomicai-modernbert-embed+judge_expr|largest_gap|judge_expr|0.8949
trec-dl-2019|nomicai-modernbert-embed+judge_expr|largest_gap|rankgpt|0.4134
trec-dl-2019|nomicai-modernbert-embed+judge_expr|largest_gap|setmaxheaptopk|0.3973
trec-dl-2019|nomicai-modernbert-embed+judge_expr|optimal_global|judge|0.8839
trec-dl-2019|nomicai-modernbert-embed+judge_expr|optimal_global|judge_expr|0.8936
trec-dl-2019|nomicai-modernbert-embed+judge_expr|optimal_global|rankgpt|0.723
trec-dl-2019|nomicai-modernbert-embed+judge_expr|optimal_global|setmaxheaptopk|0.6971
trec-dl-2019|nomicai-modernbert-embed+judge_expr|optimal_per_topic|judge|0.8942
trec-dl-2019|nomicai-modernbert-embed+judge_expr|optimal_per_topic|judge_expr|0.8857
trec-dl-2019|nomicai-modernbert-embed+judge_expr|optimal_per_topic|rankgpt|0.8
trec-dl-2019|nomicai-modernbert-embed+judge_expr|optimal_per_topic|setmaxheaptopk|0.7779
trec-dl-2019|nomicai-modernbert-embed+judge_expr|quantile|judge|0.8818
trec-dl-2019|nomicai-modernbert-embed+judge_expr|quantile|judge_expr|0.8818
trec-dl-2019|nomicai-modernbert-embed+judge_expr|quantile|rankgpt|0.708
trec-dl-2019|nomicai-modernbert-embed+judge_expr|quantile|setmaxheaptopk|0.6565
trec-dl-2019|nomicai-modernbert-embed+judge_expr|rank|judge|0.6312
trec-dl-2019|nomicai-modernbert-embed+judge_expr|rank|judge_expr|0.8532
trec-dl-2019|nomicai-modernbert-embed+judge_expr|rank|rankgpt|0.4909
trec-dl-2019|nomicai-modernbert-embed+judge_expr|rank|setmaxheaptopk|0.4974
trec-dl-2019|nomicai-modernbert-embed+judge_expr|thresholding|judge|0.8979
trec-dl-2019|nomicai-modernbert-embed+judge_expr|thresholding|judge_expr|0.8863
trec-dl-2019|nomicai-modernbert-embed+judge_expr|thresholding|rankgpt|0.0
trec-dl-2019|nomicai-modernbert-embed+judge_expr|thresholding|setmaxheaptopk|0.0
trec-dl-2019|nomicai-modernbert-embed+point|direct|judge|0.7268
trec-dl-2019|nomicai-modernbert-embed+point|direct|judge_expr|0.6619
trec-dl-2019|nomicai-modernbert-embed+point|direct|rankgpt|0.3056
trec-dl-2019|nomicai-modernbert-embed+point|direct|setmaxheaptopk|0.2497
trec-dl-2019|nomicai-modernbert-embed+point|largest_gap|judge|0.5937
trec-dl-2019|nomicai-modernbert-embed+point|largest_gap|judge_expr|0.6375
trec-dl-2019|nomicai-modernbert-embed+point|largest_gap|rankgpt|0.3056
trec-dl-2019|nomicai-modernbert-embed+point|largest_gap|setmaxheaptopk|0.2497
trec-dl-2019|nomicai-modernbert-embed+point|optimal_global|judge|0.7539
trec-dl-2019|nomicai-modernbert-embed+point|optimal_global|judge_expr|0.75
trec-dl-2019|nomicai-modernbert-embed+point|optimal_global|rankgpt|0.6474
trec-dl-2019|nomicai-modernbert-embed+point|optimal_global|setmaxheaptopk|0.6143
trec-dl-2019|nomicai-modernbert-embed+point|optimal_per_topic|judge|0.7875
trec-dl-2019|nomicai-modernbert-embed+point|optimal_per_topic|judge_expr|0.7439
trec-dl-2019|nomicai-modernbert-embed+point|optimal_per_topic|rankgpt|0.7483
trec-dl-2019|nomicai-modernbert-embed+point|optimal_per_topic|setmaxheaptopk|0.6912
trec-dl-2019|nomicai-modernbert-embed+point|quantile|judge|0.7522
trec-dl-2019|nomicai-modernbert-embed+point|quantile|judge_expr|0.6305
trec-dl-2019|nomicai-modernbert-embed+point|quantile|rankgpt|0.6221
trec-dl-2019|nomicai-modernbert-embed+point|quantile|setmaxheaptopk|0.5729
trec-dl-2019|nomicai-modernbert-embed+point|rank|judge|0.43
trec-dl-2019|nomicai-modernbert-embed+point|rank|judge_expr|0.3916
trec-dl-2019|nomicai-modernbert-embed+point|rank|rankgpt|0.4106
trec-dl-2019|nomicai-modernbert-embed+point|rank|setmaxheaptopk|0.4167
trec-dl-2019|nomicai-modernbert-embed+point|thresholding|judge|0.6911
trec-dl-2019|nomicai-modernbert-embed+point|thresholding|judge_expr|0.6402
trec-dl-2019|nomicai-modernbert-embed+point|thresholding|rankgpt|0.0
trec-dl-2019|nomicai-modernbert-embed+point|thresholding|setmaxheaptopk|0.0
trec-dl-2019|nomicai-modernbert-embed+rankfirst|direct|judge|0.7932
trec-dl-2019|nomicai-modernbert-embed+rankfirst|direct|judge_expr|0.737
trec-dl-2019|nomicai-modernbert-embed+rankfirst|direct|rankgpt|0.623
trec-dl-2019|nomicai-modernbert-embed+rankfirst|direct|setmaxheaptopk|0.5435
trec-dl-2019|nomicai-modernbert-embed+rankfirst|largest_gap|judge|0.7028
trec-dl-2019|nomicai-modernbert-embed+rankfirst|largest_gap|judge_expr|0.732
trec-dl-2019|nomicai-modernbert-embed+rankfirst|largest_gap|rankgpt|0.623
trec-dl-2019|nomicai-modernbert-embed+rankfirst|largest_gap|setmaxheaptopk|0.5435
trec-dl-2019|nomicai-modernbert-embed+rankfirst|optimal_global|judge|0.7894
trec-dl-2019|nomicai-modernbert-embed+rankfirst|optimal_global|judge_expr|0.8009
trec-dl-2019|nomicai-modernbert-embed+rankfirst|optimal_global|rankgpt|0.862
trec-dl-2019|nomicai-modernbert-embed+rankfirst|optimal_global|setmaxheaptopk|0.822
trec-dl-2019|nomicai-modernbert-embed+rankfirst|optimal_per_topic|judge|0.881
trec-dl-2019|nomicai-modernbert-embed+rankfirst|optimal_per_topic|judge_expr|0.8389
trec-dl-2019|nomicai-modernbert-embed+rankfirst|optimal_per_topic|rankgpt|0.9098
trec-dl-2019|nomicai-modernbert-embed+rankfirst|optimal_per_topic|setmaxheaptopk|0.85
trec-dl-2019|nomicai-modernbert-embed+rankfirst|quantile|judge|0.8741
trec-dl-2019|nomicai-modernbert-embed+rankfirst|quantile|judge_expr|0.7425
trec-dl-2019|nomicai-modernbert-embed+rankfirst|quantile|rankgpt|0.8533
trec-dl-2019|nomicai-modernbert-embed+rankfirst|quantile|setmaxheaptopk|0.7813
trec-dl-2019|nomicai-modernbert-embed+rankfirst|rank|judge|0.6087
trec-dl-2019|nomicai-modernbert-embed+rankfirst|rank|judge_expr|0.4998
trec-dl-2019|nomicai-modernbert-embed+rankfirst|rank|rankgpt|0.6435
trec-dl-2019|nomicai-modernbert-embed+rankfirst|rank|setmaxheaptopk|0.6015
trec-dl-2019|nomicai-modernbert-embed+rankfirst|thresholding|judge|0.7323
trec-dl-2019|nomicai-modernbert-embed+rankfirst|thresholding|judge_expr|0.7172
trec-dl-2019|nomicai-modernbert-embed+rankfirst|thresholding|rankgpt|0.0
trec-dl-2019|nomicai-modernbert-embed+rankfirst|thresholding|setmaxheaptopk|0.0
trec-dl-2019|nomicai-modernbert-embed+rankgpt|direct|judge|0.7953
trec-dl-2019|nomicai-modernbert-embed+rankgpt|direct|judge_expr|0.7296
trec-dl-2019|nomicai-modernbert-embed+rankgpt|direct|rankgpt|0.587
trec-dl-2019|nomicai-modernbert-embed+rankgpt|direct|setmaxheaptopk|0.5737
trec-dl-2019|nomicai-modernbert-embed+rankgpt|largest_gap|judge|0.6923
trec-dl-2019|nomicai-modernbert-embed+rankgpt|largest_gap|judge_expr|0.7226
trec-dl-2019|nomicai-modernbert-embed+rankgpt|largest_gap|rankgpt|0.587
trec-dl-2019|nomicai-modernbert-embed+rankgpt|largest_gap|setmaxheaptopk|0.5737
trec-dl-2019|nomicai-modernbert-embed+rankgpt|optimal_global|judge|0.8013
trec-dl-2019|nomicai-modernbert-embed+rankgpt|optimal_global|judge_expr|0.8071
trec-dl-2019|nomicai-modernbert-embed+rankgpt|optimal_global|rankgpt|0.8691
trec-dl-2019|nomicai-modernbert-embed+rankgpt|optimal_global|setmaxheaptopk|0.7839
trec-dl-2019|nomicai-modernbert-embed+rankgpt|optimal_per_topic|judge|0.8604
trec-dl-2019|nomicai-modernbert-embed+rankgpt|optimal_per_topic|judge_expr|0.8324
trec-dl-2019|nomicai-modernbert-embed+rankgpt|optimal_per_topic|rankgpt|0.8796
trec-dl-2019|nomicai-modernbert-embed+rankgpt|optimal_per_topic|setmaxheaptopk|0.8237
trec-dl-2019|nomicai-modernbert-embed+rankgpt|quantile|judge|0.8598
trec-dl-2019|nomicai-modernbert-embed+rankgpt|quantile|judge_expr|0.7469
trec-dl-2019|nomicai-modernbert-embed+rankgpt|quantile|rankgpt|0.8657
trec-dl-2019|nomicai-modernbert-embed+rankgpt|quantile|setmaxheaptopk|0.7566
trec-dl-2019|nomicai-modernbert-embed+rankgpt|rank|judge|0.5835
trec-dl-2019|nomicai-modernbert-embed+rankgpt|rank|judge_expr|0.4764
trec-dl-2019|nomicai-modernbert-embed+rankgpt|rank|rankgpt|0.657
trec-dl-2019|nomicai-modernbert-embed+rankgpt|rank|setmaxheaptopk|0.5871
trec-dl-2019|nomicai-modernbert-embed+rankgpt|thresholding|judge|0.7268
trec-dl-2019|nomicai-modernbert-embed+rankgpt|thresholding|judge_expr|0.7067
trec-dl-2019|nomicai-modernbert-embed+rankgpt|thresholding|rankgpt|0.0
trec-dl-2019|nomicai-modernbert-embed+rankgpt|thresholding|setmaxheaptopk|0.0
trec-dl-2019|nomicai-modernbert-embed+rankzephyr|direct|judge|0.8025
trec-dl-2019|nomicai-modernbert-embed+rankzephyr|direct|judge_expr|0.7561
trec-dl-2019|nomicai-modernbert-embed+rankzephyr|direct|rankgpt|0.5794
trec-dl-2019|nomicai-modernbert-embed+rankzephyr|direct|setmaxheaptopk|0.5278
trec-dl-2019|nomicai-modernbert-embed+rankzephyr|largest_gap|judge|0.7152
trec-dl-2019|nomicai-modernbert-embed+rankzephyr|largest_gap|judge_expr|0.7447
trec-dl-2019|nomicai-modernbert-embed+rankzephyr|largest_gap|rankgpt|0.5794
trec-dl-2019|nomicai-modernbert-embed+rankzephyr|largest_gap|setmaxheaptopk|0.5278
trec-dl-2019|nomicai-modernbert-embed+rankzephyr|optimal_global|judge|0.8056
trec-dl-2019|nomicai-modernbert-embed+rankzephyr|optimal_global|judge_expr|0.8118
trec-dl-2019|nomicai-modernbert-embed+rankzephyr|optimal_global|rankgpt|0.8318
trec-dl-2019|nomicai-modernbert-embed+rankzephyr|optimal_global|setmaxheaptopk|0.8089
trec-dl-2019|nomicai-modernbert-embed+rankzephyr|optimal_per_topic|judge|0.8836
trec-dl-2019|nomicai-modernbert-embed+rankzephyr|optimal_per_topic|judge_expr|0.8433
trec-dl-2019|nomicai-modernbert-embed+rankzephyr|optimal_per_topic|rankgpt|0.9039
trec-dl-2019|nomicai-modernbert-embed+rankzephyr|optimal_per_topic|setmaxheaptopk|0.8345
trec-dl-2019|nomicai-modernbert-embed+rankzephyr|quantile|judge|0.8705
trec-dl-2019|nomicai-modernbert-embed+rankzephyr|quantile|judge_expr|0.7409
trec-dl-2019|nomicai-modernbert-embed+rankzephyr|quantile|rankgpt|0.8267
trec-dl-2019|nomicai-modernbert-embed+rankzephyr|quantile|setmaxheaptopk|0.7657
trec-dl-2019|nomicai-modernbert-embed+rankzephyr|rank|judge|0.5931
trec-dl-2019|nomicai-modernbert-embed+rankzephyr|rank|judge_expr|0.4884
trec-dl-2019|nomicai-modernbert-embed+rankzephyr|rank|rankgpt|0.6224
trec-dl-2019|nomicai-modernbert-embed+rankzephyr|rank|setmaxheaptopk|0.6004
trec-dl-2019|nomicai-modernbert-embed+rankzephyr|thresholding|judge|0.7491
trec-dl-2019|nomicai-modernbert-embed+rankzephyr|thresholding|judge_expr|0.7442
trec-dl-2019|nomicai-modernbert-embed+rankzephyr|thresholding|rankgpt|0.0
trec-dl-2019|nomicai-modernbert-embed+rankzephyr|thresholding|setmaxheaptopk|0.0
trec-dl-2019|nomicai-modernbert-embed+setmaxheaptopk|direct|judge|0.8156
trec-dl-2019|nomicai-modernbert-embed+setmaxheaptopk|direct|judge_expr|0.7733
trec-dl-2019|nomicai-modernbert-embed+setmaxheaptopk|direct|rankgpt|0.6173
trec-dl-2019|nomicai-modernbert-embed+setmaxheaptopk|direct|setmaxheaptopk|0.6489
trec-dl-2019|nomicai-modernbert-embed+setmaxheaptopk|largest_gap|judge|0.7299
trec-dl-2019|nomicai-modernbert-embed+setmaxheaptopk|largest_gap|judge_expr|0.7603
trec-dl-2019|nomicai-modernbert-embed+setmaxheaptopk|largest_gap|rankgpt|0.6173
trec-dl-2019|nomicai-modernbert-embed+setmaxheaptopk|largest_gap|setmaxheaptopk|0.6489
trec-dl-2019|nomicai-modernbert-embed+setmaxheaptopk|optimal_global|judge|0.8258
trec-dl-2019|nomicai-modernbert-embed+setmaxheaptopk|optimal_global|judge_expr|0.8362
trec-dl-2019|nomicai-modernbert-embed+setmaxheaptopk|optimal_global|rankgpt|0.8341
trec-dl-2019|nomicai-modernbert-embed+setmaxheaptopk|optimal_global|setmaxheaptopk|0.8086
trec-dl-2019|nomicai-modernbert-embed+setmaxheaptopk|optimal_per_topic|judge|0.872
trec-dl-2019|nomicai-modernbert-embed+setmaxheaptopk|optimal_per_topic|judge_expr|0.8567
trec-dl-2019|nomicai-modernbert-embed+setmaxheaptopk|optimal_per_topic|rankgpt|0.8892
trec-dl-2019|nomicai-modernbert-embed+setmaxheaptopk|optimal_per_topic|setmaxheaptopk|0.8618
trec-dl-2019|nomicai-modernbert-embed+setmaxheaptopk|quantile|judge|0.8673
trec-dl-2019|nomicai-modernbert-embed+setmaxheaptopk|quantile|judge_expr|0.7621
trec-dl-2019|nomicai-modernbert-embed+setmaxheaptopk|quantile|rankgpt|0.8256
trec-dl-2019|nomicai-modernbert-embed+setmaxheaptopk|quantile|setmaxheaptopk|0.7807
trec-dl-2019|nomicai-modernbert-embed+setmaxheaptopk|rank|judge|0.5768
trec-dl-2019|nomicai-modernbert-embed+setmaxheaptopk|rank|judge_expr|0.5168
trec-dl-2019|nomicai-modernbert-embed+setmaxheaptopk|rank|rankgpt|0.6027
trec-dl-2019|nomicai-modernbert-embed+setmaxheaptopk|rank|setmaxheaptopk|0.6651
trec-dl-2019|nomicai-modernbert-embed+setmaxheaptopk|thresholding|judge|0.7746
trec-dl-2019|nomicai-modernbert-embed+setmaxheaptopk|thresholding|judge_expr|0.749
trec-dl-2019|nomicai-modernbert-embed+setmaxheaptopk|thresholding|rankgpt|0.0
trec-dl-2019|nomicai-modernbert-embed+setmaxheaptopk|thresholding|setmaxheaptopk|0.0
trec-dl-2019|qwen3-embed-600m|direct|judge|0.7248
trec-dl-2019|qwen3-embed-600m|direct|judge_expr|0.6341
trec-dl-2019|qwen3-embed-600m|direct|rankgpt|0.6516
trec-dl-2019|qwen3-embed-600m|direct|setmaxheaptopk|0.5698
trec-dl-2019|qwen3-embed-600m|largest_gap|judge|0.5832
trec-dl-2019|qwen3-embed-600m|largest_gap|judge_expr|0.6226
trec-dl-2019|qwen3-embed-600m|largest_gap|rankgpt|0.6516
trec-dl-2019|qwen3-embed-600m|largest_gap|setmaxheaptopk|0.5698
trec-dl-2019|qwen3-embed-600m|optimal_global|judge|0.7311
trec-dl-2019|qwen3-embed-600m|optimal_global|judge_expr|0.7454
trec-dl-2019|qwen3-embed-600m|optimal_global|rankgpt|1.0
trec-dl-2019|qwen3-embed-600m|optimal_global|setmaxheaptopk|0.7869
trec-dl-2019|qwen3-embed-600m|optimal_per_topic|judge|0.8051
trec-dl-2019|qwen3-embed-600m|optimal_per_topic|judge_expr|0.7529
trec-dl-2019|qwen3-embed-600m|optimal_per_topic|rankgpt|0.9077
trec-dl-2019|qwen3-embed-600m|optimal_per_topic|setmaxheaptopk|0.7867
trec-dl-2019|qwen3-embed-600m|quantile|judge|0.8368
trec-dl-2019|qwen3-embed-600m|quantile|judge_expr|0.6814
trec-dl-2019|qwen3-embed-600m|quantile|rankgpt|1.0
trec-dl-2019|qwen3-embed-600m|quantile|setmaxheaptopk|0.7517
trec-dl-2019|qwen3-embed-600m|rank|judge|0.6346
trec-dl-2019|qwen3-embed-600m|rank|judge_expr|0.4129
trec-dl-2019|qwen3-embed-600m|rank|rankgpt|0.6929
trec-dl-2019|qwen3-embed-600m|rank|setmaxheaptopk|0.5263
trec-dl-2019|qwen3-embed-600m|thresholding|judge|0.6326
trec-dl-2019|qwen3-embed-600m|thresholding|judge_expr|0.6114
trec-dl-2019|qwen3-embed-600m|thresholding|rankgpt|0.0
trec-dl-2019|qwen3-embed-600m|thresholding|setmaxheaptopk|0.0
trec-dl-2019|qwen3-embed-600m+judge|direct|judge|1.0
trec-dl-2019|qwen3-embed-600m+judge|direct|judge_expr|0.9781
trec-dl-2019|qwen3-embed-600m+judge|direct|rankgpt|0.2829
trec-dl-2019|qwen3-embed-600m+judge|direct|setmaxheaptopk|0.313
trec-dl-2019|qwen3-embed-600m+judge|largest_gap|judge|1.0
trec-dl-2019|qwen3-embed-600m+judge|largest_gap|judge_expr|0.9906
trec-dl-2019|qwen3-embed-600m+judge|largest_gap|rankgpt|0.2829
trec-dl-2019|qwen3-embed-600m+judge|largest_gap|setmaxheaptopk|0.313
trec-dl-2019|qwen3-embed-600m+judge|optimal_global|judge|1.0
trec-dl-2019|qwen3-embed-600m+judge|optimal_global|judge_expr|0.9673
trec-dl-2019|qwen3-embed-600m+judge|optimal_global|rankgpt|0.6769
trec-dl-2019|qwen3-embed-600m+judge|optimal_global|setmaxheaptopk|0.6747
trec-dl-2019|qwen3-embed-600m+judge|optimal_per_topic|judge|1.0
trec-dl-2019|qwen3-embed-600m+judge|optimal_per_topic|judge_expr|0.9234
trec-dl-2019|qwen3-embed-600m+judge|optimal_per_topic|rankgpt|0.8012
trec-dl-2019|qwen3-embed-600m+judge|optimal_per_topic|setmaxheaptopk|0.7872
trec-dl-2019|qwen3-embed-600m+judge|quantile|judge|1.0
trec-dl-2019|qwen3-embed-600m+judge|quantile|judge_expr|0.8666
trec-dl-2019|qwen3-embed-600m+judge|quantile|rankgpt|0.6489
trec-dl-2019|qwen3-embed-600m+judge|quantile|setmaxheaptopk|0.6279
trec-dl-2019|qwen3-embed-600m+judge|rank|judge|0.6368
trec-dl-2019|qwen3-embed-600m+judge|rank|judge_expr|0.5937
trec-dl-2019|qwen3-embed-600m+judge|rank|rankgpt|0.4055
trec-dl-2019|qwen3-embed-600m+judge|rank|setmaxheaptopk|0.4487
trec-dl-2019|qwen3-embed-600m+judge|thresholding|judge|1.0
trec-dl-2019|qwen3-embed-600m+judge|thresholding|judge_expr|0.9283
trec-dl-2019|qwen3-embed-600m+judge|thresholding|rankgpt|0.0
trec-dl-2019|qwen3-embed-600m+judge|thresholding|setmaxheaptopk|0.0
trec-dl-2019|qwen3-embed-600m+judge_expr|direct|judge|0.9957
trec-dl-2019|qwen3-embed-600m+judge_expr|direct|judge_expr|1.0
trec-dl-2019|qwen3-embed-600m+judge_expr|direct|rankgpt|0.4062
trec-dl-2019|qwen3-embed-600m+judge_expr|direct|setmaxheaptopk|0.4169
trec-dl-2019|qwen3-embed-600m+judge_expr|largest_gap|judge|0.9992
trec-dl-2019|qwen3-embed-600m+judge_expr|largest_gap|judge_expr|1.0
trec-dl-2019|qwen3-embed-600m+judge_expr|largest_gap|rankgpt|0.4062
trec-dl-2019|qwen3-embed-600m+judge_expr|largest_gap|setmaxheaptopk|0.4169
trec-dl-2019|qwen3-embed-600m+judge_expr|optimal_global|judge|0.9887
trec-dl-2019|qwen3-embed-600m+judge_expr|optimal_global|judge_expr|1.0
trec-dl-2019|qwen3-embed-600m+judge_expr|optimal_global|rankgpt|0.7677
trec-dl-2019|qwen3-embed-600m+judge_expr|optimal_global|setmaxheaptopk|0.7754
trec-dl-2019|qwen3-embed-600m+judge_expr|optimal_per_topic|judge|0.9985
trec-dl-2019|qwen3-embed-600m+judge_expr|optimal_per_topic|judge_expr|1.0
trec-dl-2019|qwen3-embed-600m+judge_expr|optimal_per_topic|rankgpt|0.855
trec-dl-2019|qwen3-embed-600m+judge_expr|optimal_per_topic|setmaxheaptopk|0.8433
trec-dl-2019|qwen3-embed-600m+judge_expr|quantile|judge|0.9985
trec-dl-2019|qwen3-embed-600m+judge_expr|quantile|judge_expr|1.0
trec-dl-2019|qwen3-embed-600m+judge_expr|quantile|rankgpt|0.7496
trec-dl-2019|qwen3-embed-600m+judge_expr|quantile|setmaxheaptopk|0.7188
trec-dl-2019|qwen3-embed-600m+judge_expr|rank|judge|0.6923
trec-dl-2019|qwen3-embed-600m+judge_expr|rank|judge_expr|1.0
trec-dl-2019|qwen3-embed-600m+judge_expr|rank|rankgpt|0.5111
trec-dl-2019|qwen3-embed-600m+judge_expr|rank|setmaxheaptopk|0.5283
trec-dl-2019|qwen3-embed-600m+judge_expr|thresholding|judge|1.0
trec-dl-2019|qwen3-embed-600m+judge_expr|thresholding|judge_expr|0.9535
trec-dl-2019|qwen3-embed-600m+judge_expr|thresholding|rankgpt|0.0
trec-dl-2019|qwen3-embed-600m+judge_expr|thresholding|setmaxheaptopk|0.0
trec-dl-2019|qwen3-embed-600m+point|direct|judge|0.7889
trec-dl-2019|qwen3-embed-600m+point|direct|judge_expr|0.7022
trec-dl-2019|qwen3-embed-600m+point|direct|rankgpt|0.3006
trec-dl-2019|qwen3-embed-600m+point|direct|setmaxheaptopk|0.2474
trec-dl-2019|qwen3-embed-600m+point|largest_gap|judge|0.6141
trec-dl-2019|qwen3-embed-600m+point|largest_gap|judge_expr|0.6771
trec-dl-2019|qwen3-embed-600m+point|largest_gap|rankgpt|0.3006
trec-dl-2019|qwen3-embed-600m+point|largest_gap|setmaxheaptopk|0.2474
trec-dl-2019|qwen3-embed-600m+point|optimal_global|judge|0.8202
trec-dl-2019|qwen3-embed-600m+point|optimal_global|judge_expr|0.8143
trec-dl-2019|qwen3-embed-600m+point|optimal_global|rankgpt|0.6607
trec-dl-2019|qwen3-embed-600m+point|optimal_global|setmaxheaptopk|0.6593
trec-dl-2019|qwen3-embed-600m+point|optimal_per_topic|judge|0.8742
trec-dl-2019|qwen3-embed-600m+point|optimal_per_topic|judge_expr|0.8235
trec-dl-2019|qwen3-embed-600m+point|optimal_per_topic|rankgpt|0.8173
trec-dl-2019|qwen3-embed-600m+point|optimal_per_topic|setmaxheaptopk|0.7515
trec-dl-2019|qwen3-embed-600m+point|quantile|judge|0.839
trec-dl-2019|qwen3-embed-600m+point|quantile|judge_expr|0.6908
trec-dl-2019|qwen3-embed-600m+point|quantile|rankgpt|0.6333
trec-dl-2019|qwen3-embed-600m+point|quantile|setmaxheaptopk|0.6081
trec-dl-2019|qwen3-embed-600m+point|rank|judge|0.4083
trec-dl-2019|qwen3-embed-600m+point|rank|judge_expr|0.395
trec-dl-2019|qwen3-embed-600m+point|rank|rankgpt|0.4066
trec-dl-2019|qwen3-embed-600m+point|rank|setmaxheaptopk|0.4338
trec-dl-2019|qwen3-embed-600m+point|thresholding|judge|0.7284
trec-dl-2019|qwen3-embed-600m+point|thresholding|judge_expr|0.6798
trec-dl-2019|qwen3-embed-600m+point|thresholding|rankgpt|0.0
trec-dl-2019|qwen3-embed-600m+point|thresholding|setmaxheaptopk|0.0
trec-dl-2019|qwen3-embed-600m+rankfirst|direct|judge|0.8205
trec-dl-2019|qwen3-embed-600m+rankfirst|direct|judge_expr|0.7549
trec-dl-2019|qwen3-embed-600m+rankfirst|direct|rankgpt|0.7547
trec-dl-2019|qwen3-embed-600m+rankfirst|direct|setmaxheaptopk|0.621
trec-dl-2019|qwen3-embed-600m+rankfirst|largest_gap|judge|0.7131
trec-dl-2019|qwen3-embed-600m+rankfirst|largest_gap|judge_expr|0.7438
trec-dl-2019|qwen3-embed-600m+rankfirst|largest_gap|rankgpt|0.7547
trec-dl-2019|qwen3-embed-600m+rankfirst|largest_gap|setmaxheaptopk|0.621
trec-dl-2019|qwen3-embed-600m+rankfirst|optimal_global|judge|0.8181
trec-dl-2019|qwen3-embed-600m+rankfirst|optimal_global|judge_expr|0.8438
trec-dl-2019|qwen3-embed-600m+rankfirst|optimal_global|rankgpt|0.9126
trec-dl-2019|qwen3-embed-600m+rankfirst|optimal_global|setmaxheaptopk|0.8609
trec-dl-2019|qwen3-embed-600m+rankfirst|optimal_per_topic|judge|0.9145
trec-dl-2019|qwen3-embed-600m+rankfirst|optimal_per_topic|judge_expr|0.8731
trec-dl-2019|qwen3-embed-600m+rankfirst|optimal_per_topic|rankgpt|0.9524
trec-dl-2019|qwen3-embed-600m+rankfirst|optimal_per_topic|setmaxheaptopk|0.8828
trec-dl-2019|qwen3-embed-600m+rankfirst|quantile|judge|0.92
trec-dl-2019|qwen3-embed-600m+rankfirst|quantile|judge_expr|0.7947
trec-dl-2019|qwen3-embed-600m+rankfirst|quantile|rankgpt|0.8986
trec-dl-2019|qwen3-embed-600m+rankfirst|quantile|setmaxheaptopk|0.8291
trec-dl-2019|qwen3-embed-600m+rankfirst|rank|judge|0.6128
trec-dl-2019|qwen3-embed-600m+rankfirst|rank|judge_expr|0.5143
trec-dl-2019|qwen3-embed-600m+rankfirst|rank|rankgpt|0.6649
trec-dl-2019|qwen3-embed-600m+rankfirst|rank|setmaxheaptopk|0.6365
trec-dl-2019|qwen3-embed-600m+rankfirst|thresholding|judge|0.7474
trec-dl-2019|qwen3-embed-600m+rankfirst|thresholding|judge_expr|0.7292
trec-dl-2019|qwen3-embed-600m+rankfirst|thresholding|rankgpt|0.0
trec-dl-2019|qwen3-embed-600m+rankfirst|thresholding|setmaxheaptopk|0.0
trec-dl-2019|qwen3-embed-600m+rankgpt|direct|judge|0.8199
trec-dl-2019|qwen3-embed-600m+rankgpt|direct|judge_expr|0.7479
trec-dl-2019|qwen3-embed-600m+rankgpt|direct|rankgpt|1.0
trec-dl-2019|qwen3-embed-600m+rankgpt|direct|setmaxheaptopk|0.6678
trec-dl-2019|qwen3-embed-600m+rankgpt|largest_gap|judge|0.7125
trec-dl-2019|qwen3-embed-600m+rankgpt|largest_gap|judge_expr|0.7526
trec-dl-2019|qwen3-embed-600m+rankgpt|largest_gap|rankgpt|1.0
trec-dl-2019|qwen3-embed-600m+rankgpt|largest_gap|setmaxheaptopk|0.6678
trec-dl-2019|qwen3-embed-600m+rankgpt|optimal_global|judge|0.8185
trec-dl-2019|qwen3-embed-600m+rankgpt|optimal_global|judge_expr|0.8343
trec-dl-2019|qwen3-embed-600m+rankgpt|optimal_global|rankgpt|1.0
trec-dl-2019|qwen3-embed-600m+rankgpt|optimal_global|setmaxheaptopk|0.8559
trec-dl-2019|qwen3-embed-600m+rankgpt|optimal_per_topic|judge|0.8908
trec-dl-2019|qwen3-embed-600m+rankgpt|optimal_per_topic|judge_expr|0.8557
trec-dl-2019|qwen3-embed-600m+rankgpt|optimal_per_topic|rankgpt|1.0
trec-dl-2019|qwen3-embed-600m+rankgpt|optimal_per_topic|setmaxheaptopk|0.8681
trec-dl-2019|qwen3-embed-600m+rankgpt|quantile|judge|0.8936
trec-dl-2019|qwen3-embed-600m+rankgpt|quantile|judge_expr|0.762
trec-dl-2019|qwen3-embed-600m+rankgpt|quantile|rankgpt|1.0
trec-dl-2019|qwen3-embed-600m+rankgpt|quantile|setmaxheaptopk|0.8247
trec-dl-2019|qwen3-embed-600m+rankgpt|rank|judge|0.6538
trec-dl-2019|qwen3-embed-600m+rankgpt|rank|judge_expr|0.5026
trec-dl-2019|qwen3-embed-600m+rankgpt|rank|rankgpt|1.0
trec-dl-2019|qwen3-embed-600m+rankgpt|rank|setmaxheaptopk|0.6188
trec-dl-2019|qwen3-embed-600m+rankgpt|thresholding|judge|0.7523
trec-dl-2019|qwen3-embed-600m+rankgpt|thresholding|judge_expr|0.7195
trec-dl-2019|qwen3-embed-600m+rankgpt|thresholding|rankgpt|0.0
trec-dl-2019|qwen3-embed-600m+rankgpt|thresholding|setmaxheaptopk|0.0
trec-dl-2019|qwen3-embed-600m+rankzephyr|direct|judge|0.8401
trec-dl-2019|qwen3-embed-600m+rankzephyr|direct|judge_expr|0.778
trec-dl-2019|qwen3-embed-600m+rankzephyr|direct|rankgpt|0.6966
trec-dl-2019|qwen3-embed-600m+rankzephyr|direct|setmaxheaptopk|0.6278
trec-dl-2019|qwen3-embed-600m+rankzephyr|largest_gap|judge|0.7323
trec-dl-2019|qwen3-embed-600m+rankzephyr|largest_gap|judge_expr|0.7767
trec-dl-2019|qwen3-embed-600m+rankzephyr|largest_gap|rankgpt|0.6966
trec-dl-2019|qwen3-embed-600m+rankzephyr|largest_gap|setmaxheaptopk|0.6278
trec-dl-2019|qwen3-embed-600m+rankzephyr|optimal_global|judge|0.8201
trec-dl-2019|qwen3-embed-600m+rankzephyr|optimal_global|judge_expr|0.8512
trec-dl-2019|qwen3-embed-600m+rankzephyr|optimal_global|rankgpt|0.8832
trec-dl-2019|qwen3-embed-600m+rankzephyr|optimal_global|setmaxheaptopk|0.863
trec-dl-2019|qwen3-embed-600m+rankzephyr|optimal_per_topic|judge|0.9303
trec-dl-2019|qwen3-embed-600m+rankzephyr|optimal_per_topic|judge_expr|0.8703
trec-dl-2019|qwen3-embed-600m+rankzephyr|optimal_per_topic|rankgpt|0.9529
trec-dl-2019|qwen3-embed-600m+rankzephyr|optimal_per_topic|setmaxheaptopk|0.876
trec-dl-2019|qwen3-embed-600m+rankzephyr|quantile|judge|0.9223
trec-dl-2019|qwen3-embed-600m+rankzephyr|quantile|judge_expr|0.8162
trec-dl-2019|qwen3-embed-600m+rankzephyr|quantile|rankgpt|0.8751
trec-dl-2019|qwen3-embed-600m+rankzephyr|quantile|setmaxheaptopk|0.8131
trec-dl-2019|qwen3-embed-600m+rankzephyr|rank|judge|0.6337
trec-dl-2019|qwen3-embed-600m+rankzephyr|rank|judge_expr|0.5295
trec-dl-2019|qwen3-embed-600m+rankzephyr|rank|rankgpt|0.6624
trec-dl-2019|qwen3-embed-600m+rankzephyr|rank|setmaxheaptopk|0.6246
trec-dl-2019|qwen3-embed-600m+rankzephyr|thresholding|judge|0.7827
trec-dl-2019|qwen3-embed-600m+rankzephyr|thresholding|judge_expr|0.7646
trec-dl-2019|qwen3-embed-600m+rankzephyr|thresholding|rankgpt|0.0
trec-dl-2019|qwen3-embed-600m+rankzephyr|thresholding|setmaxheaptopk|0.0
trec-dl-2019|qwen3-embed-600m+setmaxheaptopk|direct|judge|0.8594
trec-dl-2019|qwen3-embed-600m+setmaxheaptopk|direct|judge_expr|0.7975
trec-dl-2019|qwen3-embed-600m+setmaxheaptopk|direct|rankgpt|0.6552
trec-dl-2019|qwen3-embed-600m+setmaxheaptopk|direct|setmaxheaptopk|1.0
trec-dl-2019|qwen3-embed-600m+setmaxheaptopk|largest_gap|judge|0.7488
trec-dl-2019|qwen3-embed-600m+setmaxheaptopk|largest_gap|judge_expr|0.8001
trec-dl-2019|qwen3-embed-600m+setmaxheaptopk|largest_gap|rankgpt|0.6552
trec-dl-2019|qwen3-embed-600m+setmaxheaptopk|largest_gap|setmaxheaptopk|1.0
trec-dl-2019|qwen3-embed-600m+setmaxheaptopk|optimal_global|judge|0.8527
trec-dl-2019|qwen3-embed-600m+setmaxheaptopk|optimal_global|judge_expr|0.8575
trec-dl-2019|qwen3-embed-600m+setmaxheaptopk|optimal_global|rankgpt|0.8351
trec-dl-2019|qwen3-embed-600m+setmaxheaptopk|optimal_global|setmaxheaptopk|1.0
trec-dl-2019|qwen3-embed-600m+setmaxheaptopk|optimal_per_topic|judge|0.9427
trec-dl-2019|qwen3-embed-600m+setmaxheaptopk|optimal_per_topic|judge_expr|0.8998
trec-dl-2019|qwen3-embed-600m+setmaxheaptopk|optimal_per_topic|rankgpt|0.9135
trec-dl-2019|qwen3-embed-600m+setmaxheaptopk|optimal_per_topic|setmaxheaptopk|1.0
trec-dl-2019|qwen3-embed-600m+setmaxheaptopk|quantile|judge|0.9255
trec-dl-2019|qwen3-embed-600m+setmaxheaptopk|quantile|judge_expr|0.7922
trec-dl-2019|qwen3-embed-600m+setmaxheaptopk|quantile|rankgpt|0.8285
trec-dl-2019|qwen3-embed-600m+setmaxheaptopk|quantile|setmaxheaptopk|1.0
trec-dl-2019|qwen3-embed-600m+setmaxheaptopk|rank|judge|0.5933
trec-dl-2019|qwen3-embed-600m+setmaxheaptopk|rank|judge_expr|0.5364
trec-dl-2019|qwen3-embed-600m+setmaxheaptopk|rank|rankgpt|0.6269
trec-dl-2019|qwen3-embed-600m+setmaxheaptopk|rank|setmaxheaptopk|1.0
trec-dl-2019|qwen3-embed-600m+setmaxheaptopk|thresholding|judge|0.802
trec-dl-2019|qwen3-embed-600m+setmaxheaptopk|thresholding|judge_expr|0.7891
trec-dl-2019|qwen3-embed-600m+setmaxheaptopk|thresholding|rankgpt|0.0
trec-dl-2019|qwen3-embed-600m+setmaxheaptopk|thresholding|setmaxheaptopk|0.0
trec-dl-2019|splade-v3|direct|judge|0.7419
trec-dl-2019|splade-v3|direct|judge_expr|0.6779
trec-dl-2019|splade-v3|direct|rankgpt|0.5391
trec-dl-2019|splade-v3|direct|setmaxheaptopk|0.5022
trec-dl-2019|splade-v3|largest_gap|judge|0.6244
trec-dl-2019|splade-v3|largest_gap|judge_expr|0.6671
trec-dl-2019|splade-v3|largest_gap|rankgpt|0.5391
trec-dl-2019|splade-v3|largest_gap|setmaxheaptopk|0.5022
trec-dl-2019|splade-v3|optimal_global|judge|0.7486
trec-dl-2019|splade-v3|optimal_global|judge_expr|0.7583
trec-dl-2019|splade-v3|optimal_global|rankgpt|0.8268
trec-dl-2019|splade-v3|optimal_global|setmaxheaptopk|0.7482
trec-dl-2019|splade-v3|optimal_per_topic|judge|0.8184
trec-dl-2019|splade-v3|optimal_per_topic|judge_expr|0.7902
trec-dl-2019|splade-v3|optimal_per_topic|rankgpt|0.8714
trec-dl-2019|splade-v3|optimal_per_topic|setmaxheaptopk|0.7844
trec-dl-2019|splade-v3|quantile|judge|0.8153
trec-dl-2019|splade-v3|quantile|judge_expr|0.6847
trec-dl-2019|splade-v3|quantile|rankgpt|0.8154
trec-dl-2019|splade-v3|quantile|setmaxheaptopk|0.7038
trec-dl-2019|splade-v3|rank|judge|0.5495
trec-dl-2019|splade-v3|rank|judge_expr|0.439
trec-dl-2019|splade-v3|rank|rankgpt|0.5307
trec-dl-2019|splade-v3|rank|setmaxheaptopk|0.5268
trec-dl-2019|splade-v3|thresholding|judge|0.6714
trec-dl-2019|splade-v3|thresholding|judge_expr|0.6519
trec-dl-2019|splade-v3|thresholding|rankgpt|0.0
trec-dl-2019|splade-v3|thresholding|setmaxheaptopk|0.0
trec-dl-2019|splade-v3+judge|direct|judge|0.8384
trec-dl-2019|splade-v3+judge|direct|judge_expr|0.8342
trec-dl-2019|splade-v3+judge|direct|rankgpt|0.2908
trec-dl-2019|splade-v3+judge|direct|setmaxheaptopk|0.2932
trec-dl-2019|splade-v3+judge|largest_gap|judge|0.8628
trec-dl-2019|splade-v3+judge|largest_gap|judge_expr|0.8474
trec-dl-2019|splade-v3+judge|largest_gap|rankgpt|0.2908
trec-dl-2019|splade-v3+judge|largest_gap|setmaxheaptopk|0.2932
trec-dl-2019|splade-v3+judge|optimal_global|judge|0.8332
trec-dl-2019|splade-v3+judge|optimal_global|judge_expr|0.8171
trec-dl-2019|splade-v3+judge|optimal_global|rankgpt|0.6373
trec-dl-2019|splade-v3+judge|optimal_global|setmaxheaptopk|0.6101
trec-dl-2019|splade-v3+judge|optimal_per_topic|judge|0.8435
trec-dl-2019|splade-v3+judge|optimal_per_topic|judge_expr|0.7922
trec-dl-2019|splade-v3+judge|optimal_per_topic|rankgpt|0.7428
trec-dl-2019|splade-v3+judge|optimal_per_topic|setmaxheaptopk|0.7089
trec-dl-2019|splade-v3+judge|quantile|judge|0.83
trec-dl-2019|splade-v3+judge|quantile|judge_expr|0.7309
trec-dl-2019|splade-v3+judge|quantile|rankgpt|0.6163
trec-dl-2019|splade-v3+judge|quantile|setmaxheaptopk|0.572
trec-dl-2019|splade-v3+judge|rank|judge|0.5503
trec-dl-2019|splade-v3+judge|rank|judge_expr|0.501
trec-dl-2019|splade-v3+judge|rank|rankgpt|0.396
trec-dl-2019|splade-v3+judge|rank|setmaxheaptopk|0.4214
trec-dl-2019|splade-v3+judge|thresholding|judge|0.8335
trec-dl-2019|splade-v3+judge|thresholding|judge_expr|0.8147
trec-dl-2019|splade-v3+judge|thresholding|rankgpt|0.0
trec-dl-2019|splade-v3+judge|thresholding|setmaxheaptopk|0.0
trec-dl-2019|splade-v3+judge_expr|direct|judge|0.849
trec-dl-2019|splade-v3+judge_expr|direct|judge_expr|0.8598
trec-dl-2019|splade-v3+judge_expr|direct|rankgpt|0.3876
trec-dl-2019|splade-v3+judge_expr|direct|setmaxheaptopk|0.3927
trec-dl-2019|splade-v3+judge_expr|largest_gap|judge|0.8559
trec-dl-2019|splade-v3+judge_expr|largest_gap|judge_expr|0.8571
trec-dl-2019|splade-v3+judge_expr|largest_gap|rankgpt|0.3876
trec-dl-2019|splade-v3+judge_expr|largest_gap|setmaxheaptopk|0.3927
trec-dl-2019|splade-v3+judge_expr|optimal_global|judge|0.8384
trec-dl-2019|splade-v3+judge_expr|optimal_global|judge_expr|0.8539
trec-dl-2019|splade-v3+judge_expr|optimal_global|rankgpt|0.715
trec-dl-2019|splade-v3+judge_expr|optimal_global|setmaxheaptopk|0.6809
trec-dl-2019|splade-v3+judge_expr|optimal_per_topic|judge|0.8507
trec-dl-2019|splade-v3+judge_expr|optimal_per_topic|judge_expr|0.8486
trec-dl-2019|splade-v3+judge_expr|optimal_per_topic|rankgpt|0.7841
trec-dl-2019|splade-v3+judge_expr|optimal_per_topic|setmaxheaptopk|0.7566
trec-dl-2019|splade-v3+judge_expr|quantile|judge|0.8474
trec-dl-2019|splade-v3+judge_expr|quantile|judge_expr|0.849
trec-dl-2019|splade-v3+judge_expr|quantile|rankgpt|0.7019
trec-dl-2019|splade-v3+judge_expr|quantile|setmaxheaptopk|0.6389
trec-dl-2019|splade-v3+judge_expr|rank|judge|0.5943
trec-dl-2019|splade-v3+judge_expr|rank|judge_expr|0.8024
trec-dl-2019|splade-v3+judge_expr|rank|rankgpt|0.4796
trec-dl-2019|splade-v3+judge_expr|rank|setmaxheaptopk|0.4945
trec-dl-2019|splade-v3+judge_expr|thresholding|judge|0.8399
trec-dl-2019|splade-v3+judge_expr|thresholding|judge_expr|0.8422
trec-dl-2019|splade-v3+judge_expr|thresholding|rankgpt|0.0
trec-dl-2019|splade-v3+judge_expr|thresholding|setmaxheaptopk|0.0
trec-dl-2019|splade-v3+point|direct|judge|0.6874
trec-dl-2019|splade-v3+point|direct|judge_expr|0.6264
trec-dl-2019|splade-v3+point|direct|rankgpt|0.2994
trec-dl-2019|splade-v3+point|direct|setmaxheaptopk|0.2424
trec-dl-2019|splade-v3+point|largest_gap|judge|0.5546
trec-dl-2019|splade-v3+point|largest_gap|judge_expr|0.6048
trec-dl-2019|splade-v3+point|largest_gap|rankgpt|0.2994
trec-dl-2019|splade-v3+point|largest_gap|setmaxheaptopk|0.2424
trec-dl-2019|splade-v3+point|optimal_global|judge|0.714
trec-dl-2019|splade-v3+point|optimal_global|judge_expr|0.7142
trec-dl-2019|splade-v3+point|optimal_global|rankgpt|0.6136
trec-dl-2019|splade-v3+point|optimal_global|setmaxheaptopk|0.5886
trec-dl-2019|splade-v3+point|optimal_per_topic|judge|0.7438
trec-dl-2019|splade-v3+point|optimal_per_topic|judge_expr|0.7085
trec-dl-2019|splade-v3+point|optimal_per_topic|rankgpt|0.7347
trec-dl-2019|splade-v3+point|optimal_per_topic|setmaxheaptopk|0.6628
trec-dl-2019|splade-v3+point|quantile|judge|0.7131
trec-dl-2019|splade-v3+point|quantile|judge_expr|0.5887
trec-dl-2019|splade-v3+point|quantile|rankgpt|0.5948
trec-dl-2019|splade-v3+point|quantile|setmaxheaptopk|0.5505
trec-dl-2019|splade-v3+point|rank|judge|0.3901
trec-dl-2019|splade-v3+point|rank|judge_expr|0.3653
trec-dl-2019|splade-v3+point|rank|rankgpt|0.3935
trec-dl-2019|splade-v3+point|rank|setmaxheaptopk|0.3946
trec-dl-2019|splade-v3+point|thresholding|judge|0.6449
trec-dl-2019|splade-v3+point|thresholding|judge_expr|0.6123
trec-dl-2019|splade-v3+point|thresholding|rankgpt|0.0
trec-dl-2019|splade-v3+point|thresholding|setmaxheaptopk|0.0
trec-dl-2019|splade-v3+rankfirst|direct|judge|0.795
trec-dl-2019|splade-v3+rankfirst|direct|judge_expr|0.7387
trec-dl-2019|splade-v3+rankfirst|direct|rankgpt|0.6111
trec-dl-2019|splade-v3+rankfirst|direct|setmaxheaptopk|0.5587
trec-dl-2019|splade-v3+rankfirst|largest_gap|judge|0.6997
trec-dl-2019|splade-v3+rankfirst|largest_gap|judge_expr|0.7383
trec-dl-2019|splade-v3+rankfirst|largest_gap|rankgpt|0.6111
trec-dl-2019|splade-v3+rankfirst|largest_gap|setmaxheaptopk|0.5587
trec-dl-2019|splade-v3+rankfirst|optimal_global|judge|0.7933
trec-dl-2019|splade-v3+rankfirst|optimal_global|judge_expr|0.805
trec-dl-2019|splade-v3+rankfirst|optimal_global|rankgpt|0.8568
trec-dl-2019|splade-v3+rankfirst|optimal_global|setmaxheaptopk|0.8253
trec-dl-2019|splade-v3+rankfirst|optimal_per_topic|judge|0.8821
trec-dl-2019|splade-v3+rankfirst|optimal_per_topic|judge_expr|0.8363
trec-dl-2019|splade-v3+rankfirst|optimal_per_topic|rankgpt|0.9135
trec-dl-2019|splade-v3+rankfirst|optimal_per_topic|setmaxheaptopk|0.8601
trec-dl-2019|splade-v3+rankfirst|quantile|judge|0.8712
trec-dl-2019|splade-v3+rankfirst|quantile|judge_expr|0.7432
trec-dl-2019|splade-v3+rankfirst|quantile|rankgpt|0.8463
trec-dl-2019|splade-v3+rankfirst|quantile|setmaxheaptopk|0.7947
trec-dl-2019|splade-v3+rankfirst|rank|judge|0.5938
trec-dl-2019|splade-v3+rankfirst|rank|judge_expr|0.488
trec-dl-2019|splade-v3+rankfirst|rank|rankgpt|0.6215
trec-dl-2019|splade-v3+rankfirst|rank|setmaxheaptopk|0.5984
trec-dl-2019|splade-v3+rankfirst|thresholding|judge|0.7277
trec-dl-2019|splade-v3+rankfirst|thresholding|judge_expr|0.7159
trec-dl-2019|splade-v3+rankfirst|thresholding|rankgpt|0.0
trec-dl-2019|splade-v3+rankfirst|thresholding|setmaxheaptopk|0.0
trec-dl-2019|splade-v3+rankgpt|direct|judge|0.7875
trec-dl-2019|splade-v3+rankgpt|direct|judge_expr|0.7261
trec-dl-2019|splade-v3+rankgpt|direct|rankgpt|0.5758
trec-dl-2019|splade-v3+rankgpt|direct|setmaxheaptopk|0.574
trec-dl-2019|splade-v3+rankgpt|largest_gap|judge|0.6846
trec-dl-2019|splade-v3+rankgpt|largest_gap|judge_expr|0.7171
trec-dl-2019|splade-v3+rankgpt|largest_gap|rankgpt|0.5758
trec-dl-2019|splade-v3+rankgpt|largest_gap|setmaxheaptopk|0.574
trec-dl-2019|splade-v3+rankgpt|optimal_global|judge|0.796
trec-dl-2019|splade-v3+rankgpt|optimal_global|judge_expr|0.8107
trec-dl-2019|splade-v3+rankgpt|optimal_global|rankgpt|0.8254
trec-dl-2019|splade-v3+rankgpt|optimal_global|setmaxheaptopk|0.7845
trec-dl-2019|splade-v3+rankgpt|optimal_per_topic|judge|0.8565
trec-dl-2019|splade-v3+rankgpt|optimal_per_topic|judge_expr|0.823
trec-dl-2019|splade-v3+rankgpt|optimal_per_topic|rankgpt|0.8843
trec-dl-2019|splade-v3+rankgpt|optimal_per_topic|setmaxheaptopk|0.8284
trec-dl-2019|splade-v3+rankgpt|quantile|judge|0.8575
trec-dl-2019|splade-v3+rankgpt|quantile|judge_expr|0.7464
trec-dl-2019|splade-v3+rankgpt|quantile|rankgpt|0.8143
trec-dl-2019|splade-v3+rankgpt|quantile|setmaxheaptopk|0.7417
trec-dl-2019|splade-v3+rankgpt|rank|judge|0.5568
trec-dl-2019|splade-v3+rankgpt|rank|judge_expr|0.4778
trec-dl-2019|splade-v3+rankgpt|rank|rankgpt|0.5931
trec-dl-2019|splade-v3+rankgpt|rank|setmaxheaptopk|0.5789
trec-dl-2019|splade-v3+rankgpt|thresholding|judge|0.7225
trec-dl-2019|splade-v3+rankgpt|thresholding|judge_expr|0.6847
trec-dl-2019|splade-v3+rankgpt|thresholding|rankgpt|0.0
trec-dl-2019|splade-v3+rankgpt|thresholding|setmaxheaptopk|0.0
trec-dl-2019|splade-v3+rankzephyr|direct|judge|0.7973
trec-dl-2019|splade-v3+rankzephyr|direct|judge_expr|0.7455
trec-dl-2019|splade-v3+rankzephyr|direct|rankgpt|0.5559
trec-dl-2019|splade-v3+rankzephyr|direct|setmaxheaptopk|0.5391
trec-dl-2019|splade-v3+rankzephyr|largest_gap|judge|0.7041
trec-dl-2019|splade-v3+rankzephyr|largest_gap|judge_expr|0.7404
trec-dl-2019|splade-v3+rankzephyr|largest_gap|rankgpt|0.5559
trec-dl-2019|splade-v3+rankzephyr|largest_gap|setmaxheaptopk|0.5391
trec-dl-2019|splade-v3+rankzephyr|optimal_global|judge|0.7893
trec-dl-2019|splade-v3+rankzephyr|optimal_global|judge_expr|0.805
trec-dl-2019|splade-v3+rankzephyr|optimal_global|rankgpt|0.8099
trec-dl-2019|splade-v3+rankzephyr|optimal_global|setmaxheaptopk|0.819
trec-dl-2019|splade-v3+rankzephyr|optimal_per_topic|judge|0.8792
trec-dl-2019|splade-v3+rankzephyr|optimal_per_topic|judge_expr|0.8409
trec-dl-2019|splade-v3+rankzephyr|optimal_per_topic|rankgpt|0.8973
trec-dl-2019|splade-v3+rankzephyr|optimal_per_topic|setmaxheaptopk|0.8365
trec-dl-2019|splade-v3+rankzephyr|quantile|judge|0.8718
trec-dl-2019|splade-v3+rankzephyr|quantile|judge_expr|0.7483
trec-dl-2019|splade-v3+rankzephyr|quantile|rankgpt|0.804
trec-dl-2019|splade-v3+rankzephyr|quantile|setmaxheaptopk|0.7728
trec-dl-2019|splade-v3+rankzephyr|rank|judge|0.5887
trec-dl-2019|splade-v3+rankzephyr|rank|judge_expr|0.4857
trec-dl-2019|splade-v3+rankzephyr|rank|rankgpt|0.5677
trec-dl-2019|splade-v3+rankzephyr|rank|setmaxheaptopk|0.596
trec-dl-2019|splade-v3+rankzephyr|thresholding|judge|0.7335
trec-dl-2019|splade-v3+rankzephyr|thresholding|judge_expr|0.7197
trec-dl-2019|splade-v3+rankzephyr|thresholding|rankgpt|0.0
trec-dl-2019|splade-v3+rankzephyr|thresholding|setmaxheaptopk|0.0
trec-dl-2019|splade-v3+setmaxheaptopk|direct|judge|0.7941
trec-dl-2019|splade-v3+setmaxheaptopk|direct|judge_expr|0.7503
trec-dl-2019|splade-v3+setmaxheaptopk|direct|rankgpt|0.5796
trec-dl-2019|splade-v3+setmaxheaptopk|direct|setmaxheaptopk|0.622
trec-dl-2019|splade-v3+setmaxheaptopk|largest_gap|judge|0.7191
trec-dl-2019|splade-v3+setmaxheaptopk|largest_gap|judge_expr|0.7547
trec-dl-2019|splade-v3+setmaxheaptopk|largest_gap|rankgpt|0.5796
trec-dl-2019|splade-v3+setmaxheaptopk|largest_gap|setmaxheaptopk|0.622
trec-dl-2019|splade-v3+setmaxheaptopk|optimal_global|judge|0.8056
trec-dl-2019|splade-v3+setmaxheaptopk|optimal_global|judge_expr|0.8112
trec-dl-2019|splade-v3+setmaxheaptopk|optimal_global|rankgpt|0.7752
trec-dl-2019|splade-v3+setmaxheaptopk|optimal_global|setmaxheaptopk|0.7992
trec-dl-2019|splade-v3+setmaxheaptopk|optimal_per_topic|judge|0.8381
trec-dl-2019|splade-v3+setmaxheaptopk|optimal_per_topic|judge_expr|0.8054
trec-dl-2019|splade-v3+setmaxheaptopk|optimal_per_topic|rankgpt|0.8625
trec-dl-2019|splade-v3+setmaxheaptopk|optimal_per_topic|setmaxheaptopk|0.8254
trec-dl-2019|splade-v3+setmaxheaptopk|quantile|judge|0.8331
trec-dl-2019|splade-v3+setmaxheaptopk|quantile|judge_expr|0.7435
trec-dl-2019|splade-v3+setmaxheaptopk|quantile|rankgpt|0.772
trec-dl-2019|splade-v3+setmaxheaptopk|quantile|setmaxheaptopk|0.7601
trec-dl-2019|splade-v3+setmaxheaptopk|rank|judge|0.5652
trec-dl-2019|splade-v3+setmaxheaptopk|rank|judge_expr|0.5013
trec-dl-2019|splade-v3+setmaxheaptopk|rank|rankgpt|0.5823
trec-dl-2019|splade-v3+setmaxheaptopk|rank|setmaxheaptopk|0.6195
trec-dl-2019|splade-v3+setmaxheaptopk|thresholding|judge|0.7472
trec-dl-2019|splade-v3+setmaxheaptopk|thresholding|judge_expr|0.7225
trec-dl-2019|splade-v3+setmaxheaptopk|thresholding|rankgpt|0.0
trec-dl-2019|splade-v3+setmaxheaptopk|thresholding|setmaxheaptopk|0.0
trec-dl-2020|bm25|direct|judge|0.4788
trec-dl-2020|bm25|direct|judge_expr|0.4115
trec-dl-2020|bm25|direct|rankgpt|0.3131
trec-dl-2020|bm25|direct|setmaxheaptopk|0.2993
trec-dl-2020|bm25|largest_gap|judge|0.372
trec-dl-2020|bm25|largest_gap|judge_expr|0.4197
trec-dl-2020|bm25|largest_gap|rankgpt|0.3131
trec-dl-2020|bm25|largest_gap|setmaxheaptopk|0.2993
trec-dl-2020|bm25|optimal_global|judge|0.4173
trec-dl-2020|bm25|optimal_global|judge_expr|0.427
trec-dl-2020|bm25|optimal_global|rankgpt|0.4739
trec-dl-2020|bm25|optimal_global|setmaxheaptopk|0.4119
trec-dl-2020|bm25|optimal_per_topic|judge|0.4678
trec-dl-2020|bm25|optimal_per_topic|judge_expr|0.494
trec-dl-2020|bm25|optimal_per_topic|rankgpt|0.5004
trec-dl-2020|bm25|optimal_per_topic|setmaxheaptopk|0.4989
trec-dl-2020|bm25|quantile|judge|0.5554
trec-dl-2020|bm25|quantile|judge_expr|0.4576
trec-dl-2020|bm25|quantile|rankgpt|0.5388
trec-dl-2020|bm25|quantile|setmaxheaptopk|0.4772
trec-dl-2020|bm25|rank|judge|0.3216
trec-dl-2020|bm25|rank|judge_expr|0.302
trec-dl-2020|bm25|rank|rankgpt|0.3682
trec-dl-2020|bm25|rank|setmaxheaptopk|0.3455
trec-dl-2020|bm25|thresholding|judge|0.4221
trec-dl-2020|bm25|thresholding|judge_expr|0.412
trec-dl-2020|bm25|thresholding|rankgpt|0.0
trec-dl-2020|bm25|thresholding|setmaxheaptopk|0.0
trec-dl-2020|bm25+judge|direct|judge|0.7329
trec-dl-2020|bm25+judge|direct|judge_expr|0.7179
trec-dl-2020|bm25+judge|direct|rankgpt|0.5033
trec-dl-2020|bm25+judge|direct|setmaxheaptopk|0.4224
trec-dl-2020|bm25+judge|largest_gap|judge|0.71
trec-dl-2020|bm25+judge|largest_gap|judge_expr|0.7276
trec-dl-2020|bm25+judge|largest_gap|rankgpt|0.5033
trec-dl-2020|bm25+judge|largest_gap|setmaxheaptopk|0.4224
trec-dl-2020|bm25+judge|optimal_global|judge|0.7312
trec-dl-2020|bm25+judge|optimal_global|judge_expr|0.733
trec-dl-2020|bm25+judge|optimal_global|rankgpt|0.5478
trec-dl-2020|bm25+judge|optimal_global|setmaxheaptopk|0.5477
trec-dl-2020|bm25+judge|optimal_per_topic|judge|0.7344
trec-dl-2020|bm25+judge|optimal_per_topic|judge_expr|0.7401
trec-dl-2020|bm25+judge|optimal_per_topic|rankgpt|0.6539
trec-dl-2020|bm25+judge|optimal_per_topic|setmaxheaptopk|0.658
trec-dl-2020|bm25+judge|quantile|judge|0.7429
trec-dl-2020|bm25+judge|quantile|judge_expr|0.6981
trec-dl-2020|bm25+judge|quantile|rankgpt|0.6018
trec-dl-2020|bm25+judge|quantile|setmaxheaptopk|0.6069
trec-dl-2020|bm25+judge|rank|judge|0.5762
trec-dl-2020|bm25+judge|rank|judge_expr|0.5369
trec-dl-2020|bm25+judge|rank|rankgpt|0.4338
trec-dl-2020|bm25+judge|rank|setmaxheaptopk|0.4682
trec-dl-2020|bm25+judge|thresholding|judge|0.7301
trec-dl-2020|bm25+judge|thresholding|judge_expr|0.7194
trec-dl-2020|bm25+judge|thresholding|rankgpt|0.0
trec-dl-2020|bm25+judge|thresholding|setmaxheaptopk|0.0
trec-dl-2020|bm25+judge_expr|direct|judge|0.7493
trec-dl-2020|bm25+judge_expr|direct|judge_expr|0.7436
trec-dl-2020|bm25+judge_expr|direct|rankgpt|0.5187
trec-dl-2020|bm25+judge_expr|direct|setmaxheaptopk|0.4683
trec-dl-2020|bm25+judge_expr|largest_gap|judge|0.732
trec-dl-2020|bm25+judge_expr|largest_gap|judge_expr|0.7488
trec-dl-2020|bm25+judge_expr|largest_gap|rankgpt|0.5187
trec-dl-2020|bm25+judge_expr|largest_gap|setmaxheaptopk|0.4683
trec-dl-2020|bm25+judge_expr|optimal_global|judge|0.7485
trec-dl-2020|bm25+judge_expr|optimal_global|judge_expr|0.7484
trec-dl-2020|bm25+judge_expr|optimal_global|rankgpt|0.5768
trec-dl-2020|bm25+judge_expr|optimal_global|setmaxheaptopk|0.5941
trec-dl-2020|bm25+judge_expr|optimal_per_topic|judge|0.7513
trec-dl-2020|bm25+judge_expr|optimal_per_topic|judge_expr|0.7671
trec-dl-2020|bm25+judge_expr|optimal_per_topic|rankgpt|0.6861
trec-dl-2020|bm25+judge_expr|optimal_per_topic|setmaxheaptopk|0.6965
trec-dl-2020|bm25+judge_expr|quantile|judge|0.7657
trec-dl-2020|bm25+judge_expr|quantile|judge_expr|0.7522
trec-dl-2020|bm25+judge_expr|quantile|rankgpt|0.6353
trec-dl-2020|bm25+judge_expr|quantile|setmaxheaptopk|0.6487
trec-dl-2020|bm25+judge_expr|rank|judge|0.5831
trec-dl-2020|bm25+judge_expr|rank|judge_expr|0.6312
trec-dl-2020|bm25+judge_expr|rank|rankgpt|0.4577
trec-dl-2020|bm25+judge_expr|rank|setmaxheaptopk|0.5079
trec-dl-2020|bm25+judge_expr|thresholding|judge|0.75
trec-dl-2020|bm25+judge_expr|thresholding|judge_expr|0.7408
trec-dl-2020|bm25+judge_expr|thresholding|rankgpt|0.0
trec-dl-2020|bm25+judge_expr|thresholding|setmaxheaptopk|0.0
trec-dl-2020|bm25+point|direct|judge|0.6149
trec-dl-2020|bm25+point|direct|judge_expr|0.5503
trec-dl-2020|bm25+point|direct|rankgpt|0.3926
trec-dl-2020|bm25+point|direct|setmaxheaptopk|0.365
trec-dl-2020|bm25+point|largest_gap|judge|0.497
trec-dl-2020|bm25+point|largest_gap|judge_expr|0.572
trec-dl-2020|bm25+point|largest_gap|rankgpt|0.3926
trec-dl-2020|bm25+point|largest_gap|setmaxheaptopk|0.365
trec-dl-2020|bm25+point|optimal_global|judge|0.5638
trec-dl-2020|bm25+point|optimal_global|judge_expr|0.5761
trec-dl-2020|bm25+point|optimal_global|rankgpt|0.539
trec-dl-2020|bm25+point|optimal_global|setmaxheaptopk|0.5335
trec-dl-2020|bm25+point|optimal_per_topic|judge|0.6256
trec-dl-2020|bm25+point|optimal_per_topic|judge_expr|0.6486
trec-dl-2020|bm25+point|optimal_per_topic|rankgpt|0.6635
trec-dl-2020|bm25+point|optimal_per_topic|setmaxheaptopk|0.6503
trec-dl-2020|bm25+point|quantile|judge|0.6883
trec-dl-2020|bm25+point|quantile|judge_expr|0.5782
trec-dl-2020|bm25+point|quantile|rankgpt|0.6024
trec-dl-2020|bm25+point|quantile|setmaxheaptopk|0.5949
trec-dl-2020|bm25+point|rank|judge|0.425
trec-dl-2020|bm25+point|rank|judge_expr|0.4024
trec-dl-2020|bm25+point|rank|rankgpt|0.4214
trec-dl-2020|bm25+point|rank|setmaxheaptopk|0.4468
trec-dl-2020|bm25+point|thresholding|judge|0.5774
trec-dl-2020|bm25+point|thresholding|judge_expr|0.5506
trec-dl-2020|bm25+point|thresholding|rankgpt|0.0
trec-dl-2020|bm25+point|thresholding|setmaxheaptopk|0.0
trec-dl-2020|bm25+rankfirst|direct|judge|0.6942
trec-dl-2020|bm25+rankfirst|direct|judge_expr|0.6351
trec-dl-2020|bm25+rankfirst|direct|rankgpt|0.58
trec-dl-2020|bm25+rankfirst|direct|setmaxheaptopk|0.5511
trec-dl-2020|bm25+rankfirst|largest_gap|judge|0.6005
trec-dl-2020|bm25+rankfirst|largest_gap|judge_expr|0.6521
trec-dl-2020|bm25+rankfirst|largest_gap|rankgpt|0.58
trec-dl-2020|bm25+rankfirst|largest_gap|setmaxheaptopk|0.5511
trec-dl-2020|bm25+rankfirst|optimal_global|judge|0.6467
trec-dl-2020|bm25+rankfirst|optimal_global|judge_expr|0.6528
trec-dl-2020|bm25+rankfirst|optimal_global|rankgpt|0.69
trec-dl-2020|bm25+rankfirst|optimal_global|setmaxheaptopk|0.6407
trec-dl-2020|bm25+rankfirst|optimal_per_topic|judge|0.7122
trec-dl-2020|bm25+rankfirst|optimal_per_topic|judge_expr|0.7391
trec-dl-2020|bm25+rankfirst|optimal_per_topic|rankgpt|0.794
trec-dl-2020|bm25+rankfirst|optimal_per_topic|setmaxheaptopk|0.7692
trec-dl-2020|bm25+rankfirst|quantile|judge|0.7861
trec-dl-2020|bm25+rankfirst|quantile|judge_expr|0.6845
trec-dl-2020|bm25+rankfirst|quantile|rankgpt|0.7543
trec-dl-2020|bm25+rankfirst|quantile|setmaxheaptopk|0.7018
trec-dl-2020|bm25+rankfirst|rank|judge|0.5197
trec-dl-2020|bm25+rankfirst|rank|judge_expr|0.4785
trec-dl-2020|bm25+rankfirst|rank|rankgpt|0.5612
trec-dl-2020|bm25+rankfirst|rank|setmaxheaptopk|0.5569
trec-dl-2020|bm25+rankfirst|thresholding|judge|0.648
trec-dl-2020|bm25+rankfirst|thresholding|judge_expr|0.6309
trec-dl-2020|bm25+rankfirst|thresholding|rankgpt|0.0
trec-dl-2020|bm25+rankfirst|thresholding|setmaxheaptopk|0.0
trec-dl-2020|bm25+rankgpt|direct|judge|0.6552
trec-dl-2020|bm25+rankgpt|direct|judge_expr|0.5992
trec-dl-2020|bm25+rankgpt|direct|rankgpt|0.5305
trec-dl-2020|bm25+rankgpt|direct|setmaxheaptopk|0.5498
trec-dl-2020|bm25+rankgpt|largest_gap|judge|0.5707
trec-dl-2020|bm25+rankgpt|largest_gap|judge_expr|0.6112
trec-dl-2020|bm25+rankgpt|largest_gap|rankgpt|0.5305
trec-dl-2020|bm25+rankgpt|largest_gap|setmaxheaptopk|0.5498
trec-dl-2020|bm25+rankgpt|optimal_global|judge|0.6154
trec-dl-2020|bm25+rankgpt|optimal_global|judge_expr|0.6225
trec-dl-2020|bm25+rankgpt|optimal_global|rankgpt|0.6383
trec-dl-2020|bm25+rankgpt|optimal_global|setmaxheaptopk|0.609
trec-dl-2020|bm25+rankgpt|optimal_per_topic|judge|0.6784
trec-dl-2020|bm25+rankgpt|optimal_per_topic|judge_expr|0.7018
trec-dl-2020|bm25+rankgpt|optimal_per_topic|rankgpt|0.7389
trec-dl-2020|bm25+rankgpt|optimal_per_topic|setmaxheaptopk|0.726
trec-dl-2020|bm25+rankgpt|quantile|judge|0.7156
trec-dl-2020|bm25+rankgpt|quantile|judge_expr|0.6486
trec-dl-2020|bm25+rankgpt|quantile|rankgpt|0.6897
trec-dl-2020|bm25+rankgpt|quantile|setmaxheaptopk|0.6591
trec-dl-2020|bm25+rankgpt|rank|judge|0.4836
trec-dl-2020|bm25+rankgpt|rank|judge_expr|0.4657
trec-dl-2020|bm25+rankgpt|rank|rankgpt|0.5336
trec-dl-2020|bm25+rankgpt|rank|setmaxheaptopk|0.5426
trec-dl-2020|bm25+rankgpt|thresholding|judge|0.6126
trec-dl-2020|bm25+rankgpt|thresholding|judge_expr|0.5993
trec-dl-2020|bm25+rankgpt|thresholding|rankgpt|0.0
trec-dl-2020|bm25+rankgpt|thresholding|setmaxheaptopk|0.0
trec-dl-2020|bm25+rankzephyr|direct|judge|0.6856
trec-dl-2020|bm25+rankzephyr|direct|judge_expr|0.6315
trec-dl-2020|bm25+rankzephyr|direct|rankgpt|0.536
trec-dl-2020|bm25+rankzephyr|direct|setmaxheaptopk|0.51
trec-dl-2020|bm25+rankzephyr|largest_gap|judge|0.6008
trec-dl-2020|bm25+rankzephyr|largest_gap|judge_expr|0.6444
trec-dl-2020|bm25+rankzephyr|largest_gap|rankgpt|0.536
trec-dl-2020|bm25+rankzephyr|largest_gap|setmaxheaptopk|0.51
trec-dl-2020|bm25+rankzephyr|optimal_global|judge|0.6411
trec-dl-2020|bm25+rankzephyr|optimal_global|judge_expr|0.6472
trec-dl-2020|bm25+rankzephyr|optimal_global|rankgpt|0.6816
trec-dl-2020|bm25+rankzephyr|optimal_global|setmaxheaptopk|0.6448
trec-dl-2020|bm25+rankzephyr|optimal_per_topic|judge|0.7022
trec-dl-2020|bm25+rankzephyr|optimal_per_topic|judge_expr|0.7305
trec-dl-2020|bm25+rankzephyr|optimal_per_topic|rankgpt|0.7821
trec-dl-2020|bm25+rankzephyr|optimal_per_topic|setmaxheaptopk|0.7604
trec-dl-2020|bm25+rankzephyr|quantile|judge|0.7625
trec-dl-2020|bm25+rankzephyr|quantile|judge_expr|0.6786
trec-dl-2020|bm25+rankzephyr|quantile|rankgpt|0.7274
trec-dl-2020|bm25+rankzephyr|quantile|setmaxheaptopk|0.7034
trec-dl-2020|bm25+rankzephyr|rank|judge|0.5133
trec-dl-2020|bm25+rankzephyr|rank|judge_expr|0.478
trec-dl-2020|bm25+rankzephyr|rank|rankgpt|0.5505
trec-dl-2020|bm25+rankzephyr|rank|setmaxheaptopk|0.5486
trec-dl-2020|bm25+rankzephyr|thresholding|judge|0.6428
trec-dl-2020|bm25+rankzephyr|thresholding|judge_expr|0.6264
trec-dl-2020|bm25+rankzephyr|thresholding|rankgpt|0.0
trec-dl-2020|bm25+rankzephyr|thresholding|setmaxheaptopk|0.0
trec-dl-2020|bm25+setmaxheaptopk|direct|judge|0.6938
trec-dl-2020|bm25+setmaxheaptopk|direct|judge_expr|0.647
trec-dl-2020|bm25+setmaxheaptopk|direct|rankgpt|0.552
trec-dl-2020|bm25+setmaxheaptopk|direct|setmaxheaptopk|0.6347
trec-dl-2020|bm25+setmaxheaptopk|largest_gap|judge|0.6152
trec-dl-2020|bm25+setmaxheaptopk|largest_gap|judge_expr|0.6662
trec-dl-2020|bm25+setmaxheaptopk|largest_gap|rankgpt|0.552
trec-dl-2020|bm25+setmaxheaptopk|largest_gap|setmaxheaptopk|0.6347
trec-dl-2020|bm25+setmaxheaptopk|optimal_global|judge|0.6643
trec-dl-2020|bm25+setmaxheaptopk|optimal_global|judge_expr|0.6649
trec-dl-2020|bm25+setmaxheaptopk|optimal_global|rankgpt|0.6486
trec-dl-2020|bm25+setmaxheaptopk|optimal_global|setmaxheaptopk|0.6559
trec-dl-2020|bm25+setmaxheaptopk|optimal_per_topic|judge|0.7088
trec-dl-2020|bm25+setmaxheaptopk|optimal_per_topic|judge_expr|0.728
trec-dl-2020|bm25+setmaxheaptopk|optimal_per_topic|rankgpt|0.7492
trec-dl-2020|bm25+setmaxheaptopk|optimal_per_topic|setmaxheaptopk|0.7698
trec-dl-2020|bm25+setmaxheaptopk|quantile|judge|0.7522
trec-dl-2020|bm25+setmaxheaptopk|quantile|judge_expr|0.6747
trec-dl-2020|bm25+setmaxheaptopk|quantile|rankgpt|0.708
trec-dl-2020|bm25+setmaxheaptopk|quantile|setmaxheaptopk|0.7046
trec-dl-2020|bm25+setmaxheaptopk|rank|judge|0.5007
trec-dl-2020|bm25+setmaxheaptopk|rank|judge_expr|0.4815
trec-dl-2020|bm25+setmaxheaptopk|rank|rankgpt|0.5237
trec-dl-2020|bm25+setmaxheaptopk|rank|setmaxheaptopk|0.5869
trec-dl-2020|bm25+setmaxheaptopk|thresholding|judge|0.6645
trec-dl-2020|bm25+setmaxheaptopk|thresholding|judge_expr|0.6504
trec-dl-2020|bm25+setmaxheaptopk|thresholding|rankgpt|0.0
trec-dl-2020|bm25+setmaxheaptopk|thresholding|setmaxheaptopk|0.0
trec-dl-2020|colbert-small|direct|judge|0.7047
trec-dl-2020|colbert-small|direct|judge_expr|0.6283
trec-dl-2020|colbert-small|direct|rankgpt|0.5477
trec-dl-2020|colbert-small|direct|setmaxheaptopk|0.5797
trec-dl-2020|colbert-small|largest_gap|judge|0.5991
trec-dl-2020|colbert-small|largest_gap|judge_expr|0.6524
trec-dl-2020|colbert-small|largest_gap|rankgpt|0.5477
trec-dl-2020|colbert-small|largest_gap|setmaxheaptopk|0.5797
trec-dl-2020|colbert-small|optimal_global|judge|0.6441
trec-dl-2020|colbert-small|optimal_global|judge_expr|0.6469
trec-dl-2020|colbert-small|optimal_global|rankgpt|0.7047
trec-dl-2020|colbert-small|optimal_global|setmaxheaptopk|0.6346
trec-dl-2020|colbert-small|optimal_per_topic|judge|0.7389
trec-dl-2020|colbert-small|optimal_per_topic|judge_expr|0.7654
trec-dl-2020|colbert-small|optimal_per_topic|rankgpt|0.8435
trec-dl-2020|colbert-small|optimal_per_topic|setmaxheaptopk|0.7924
trec-dl-2020|colbert-small|quantile|judge|0.7982
trec-dl-2020|colbert-small|quantile|judge_expr|0.6723
trec-dl-2020|colbert-small|quantile|rankgpt|0.7891
trec-dl-2020|colbert-small|quantile|setmaxheaptopk|0.7264
trec-dl-2020|colbert-small|rank|judge|0.5289
trec-dl-2020|colbert-small|rank|judge_expr|0.4686
trec-dl-2020|colbert-small|rank|rankgpt|0.5542
trec-dl-2020|colbert-small|rank|setmaxheaptopk|0.5418
trec-dl-2020|colbert-small|thresholding|judge|0.6453
trec-dl-2020|colbert-small|thresholding|judge_expr|0.6329
trec-dl-2020|colbert-small|thresholding|rankgpt|0.0
trec-dl-2020|colbert-small|thresholding|setmaxheaptopk|0.0
trec-dl-2020|colbert-small+judge|direct|judge|0.7829
trec-dl-2020|colbert-small+judge|direct|judge_expr|0.7819
trec-dl-2020|colbert-small+judge|direct|rankgpt|0.4706
trec-dl-2020|colbert-small+judge|direct|setmaxheaptopk|0.4023
trec-dl-2020|colbert-small+judge|largest_gap|judge|0.8084
trec-dl-2020|colbert-small+judge|largest_gap|judge_expr|0.7882
trec-dl-2020|colbert-small+judge|largest_gap|rankgpt|0.4706
trec-dl-2020|colbert-small+judge|largest_gap|setmaxheaptopk|0.4023
trec-dl-2020|colbert-small+judge|optimal_global|judge|0.794
trec-dl-2020|colbert-small+judge|optimal_global|judge_expr|0.7862
trec-dl-2020|colbert-small+judge|optimal_global|rankgpt|0.5684
trec-dl-2020|colbert-small+judge|optimal_global|setmaxheaptopk|0.546
trec-dl-2020|colbert-small+judge|optimal_per_topic|judge|0.7841
trec-dl-2020|colbert-small+judge|optimal_per_topic|judge_expr|0.78
trec-dl-2020|colbert-small+judge|optimal_per_topic|rankgpt|0.6818
trec-dl-2020|colbert-small+judge|optimal_per_topic|setmaxheaptopk|0.6848
trec-dl-2020|colbert-small+judge|quantile|judge|0.7639
trec-dl-2020|colbert-small+judge|quantile|judge_expr|0.7302
trec-dl-2020|colbert-small+judge|quantile|rankgpt|0.6205
trec-dl-2020|colbert-small+judge|quantile|setmaxheaptopk|0.6222
trec-dl-2020|colbert-small+judge|rank|judge|0.648
trec-dl-2020|colbert-small+judge|rank|judge_expr|0.6199
trec-dl-2020|colbert-small+judge|rank|rankgpt|0.4394
trec-dl-2020|colbert-small+judge|rank|setmaxheaptopk|0.4588
trec-dl-2020|colbert-small+judge|thresholding|judge|0.7855
trec-dl-2020|colbert-small+judge|thresholding|judge_expr|0.7783
trec-dl-2020|colbert-small+judge|thresholding|rankgpt|0.0
trec-dl-2020|colbert-small+judge|thresholding|setmaxheaptopk|0.0
trec-dl-2020|colbert-small+judge_expr|direct|judge|0.8053
trec-dl-2020|colbert-small+judge_expr|direct|judge_expr|0.8192
trec-dl-2020|colbert-small+judge_expr|direct|rankgpt|0.4993
trec-dl-2020|colbert-small+judge_expr|direct|setmaxheaptopk|0.5056
trec-dl-2020|colbert-small+judge_expr|largest_gap|judge|0.833
trec-dl-2020|colbert-small+judge_expr|largest_gap|judge_expr|0.8259
trec-dl-2020|colbert-small+judge_expr|largest_gap|rankgpt|0.4993
trec-dl-2020|colbert-small+judge_expr|largest_gap|setmaxheaptopk|0.5056
trec-dl-2020|colbert-small+judge_expr|optimal_global|judge|0.8171
trec-dl-2020|colbert-small+judge_expr|optimal_global|judge_expr|0.8109
trec-dl-2020|colbert-small+judge_expr|optimal_global|rankgpt|0.6031
trec-dl-2020|colbert-small+judge_expr|optimal_global|setmaxheaptopk|0.5942
trec-dl-2020|colbert-small+judge_expr|optimal_per_topic|judge|0.8027
trec-dl-2020|colbert-small+judge_expr|optimal_per_topic|judge_expr|0.8166
trec-dl-2020|colbert-small+judge_expr|optimal_per_topic|rankgpt|0.7104
trec-dl-2020|colbert-small+judge_expr|optimal_per_topic|setmaxheaptopk|0.7075
trec-dl-2020|colbert-small+judge_expr|quantile|judge|0.7844
trec-dl-2020|colbert-small+judge_expr|quantile|judge_expr|0.7844
trec-dl-2020|colbert-small+judge_expr|quantile|rankgpt|0.6445
trec-dl-2020|colbert-small+judge_expr|quantile|setmaxheaptopk|0.6586
trec-dl-2020|colbert-small+judge_expr|rank|judge|0.6598
trec-dl-2020|colbert-small+judge_expr|rank|judge_expr|0.7649
trec-dl-2020|colbert-small+judge_expr|rank|rankgpt|0.4777
trec-dl-2020|colbert-small+judge_expr|rank|setmaxheaptopk|0.5032
trec-dl-2020|colbert-small+judge_expr|thresholding|judge|0.8096
trec-dl-2020|colbert-small+judge_expr|thresholding|judge_expr|0.8218
trec-dl-2020|colbert-small+judge_expr|thresholding|rankgpt|0.0
trec-dl-2020|colbert-small+judge_expr|thresholding|setmaxheaptopk|0.0
trec-dl-2020|colbert-small+point|direct|judge|0.6501
trec-dl-2020|colbert-small+point|direct|judge_expr|0.6009
trec-dl-2020|colbert-small+point|direct|rankgpt|0.3787
trec-dl-2020|colbert-small+point|direct|setmaxheaptopk|0.3648
trec-dl-2020|colbert-small+point|largest_gap|judge|0.5347
trec-dl-2020|colbert-small+point|largest_gap|judge_expr|0.6378
trec-dl-2020|colbert-small+point|largest_gap|rankgpt|0.3787
trec-dl-2020|colbert-small+point|largest_gap|setmaxheaptopk|0.3648
trec-dl-2020|colbert-small+point|optimal_global|judge|0.6128
trec-dl-2020|colbert-small+point|optimal_global|judge_expr|0.633
trec-dl-2020|colbert-small+point|optimal_global|rankgpt|0.5477
trec-dl-2020|colbert-small+point|optimal_global|setmaxheaptopk|0.5509
trec-dl-2020|colbert-small+point|optimal_per_topic|judge|0.6592
trec-dl-2020|colbert-small+point|optimal_per_topic|judge_expr|0.6866
trec-dl-2020|colbert-small+point|optimal_per_topic|rankgpt|0.6693
trec-dl-2020|colbert-small+point|optimal_per_topic|setmaxheaptopk|0.6996
trec-dl-2020|colbert-small+point|quantile|judge|0.7065
trec-dl-2020|colbert-small+point|quantile|judge_expr|0.6135
trec-dl-2020|colbert-small+point|quantile|rankgpt|0.6121
trec-dl-2020|colbert-small+point|quantile|setmaxheaptopk|0.6349
trec-dl-2020|colbert-small+point|rank|judge|0.4575
trec-dl-2020|colbert-small+point|rank|judge_expr|0.4298
trec-dl-2020|colbert-small+point|rank|rankgpt|0.4359
trec-dl-2020|colbert-small+point|rank|setmaxheaptopk|0.4599
trec-dl-2020|colbert-small+point|thresholding|judge|0.6288
trec-dl-2020|colbert-small+point|thresholding|judge_expr|0.6028
trec-dl-2020|colbert-small+point|thresholding|rankgpt|0.0
trec-dl-2020|colbert-small+point|thresholding|setmaxheaptopk|0.0
trec-dl-2020|colbert-small+rankfirst|direct|judge|0.7726
trec-dl-2020|colbert-small+rankfirst|direct|judge_expr|0.7263
trec-dl-2020|colbert-small+rankfirst|direct|rankgpt|0.6849
trec-dl-2020|colbert-small+rankfirst|direct|setmaxheaptopk|0.6834
trec-dl-2020|colbert-small+rankfirst|largest_gap|judge|0.7177
trec-dl-2020|colbert-small+rankfirst|largest_gap|judge_expr|0.746
trec-dl-2020|colbert-small+rankfirst|largest_gap|rankgpt|0.6849
trec-dl-2020|colbert-small+rankfirst|largest_gap|setmaxheaptopk|0.6834
trec-dl-2020|colbert-small+rankfirst|optimal_global|judge|0.7437
trec-dl-2020|colbert-small+rankfirst|optimal_global|judge_expr|0.7422
trec-dl-2020|colbert-small+rankfirst|optimal_global|rankgpt|0.7781
trec-dl-2020|colbert-small+rankfirst|optimal_global|setmaxheaptopk|0.7287
trec-dl-2020|colbert-small+rankfirst|optimal_per_topic|judge|0.8127
trec-dl-2020|colbert-small+rankfirst|optimal_per_topic|judge_expr|0.8394
trec-dl-2020|colbert-small+rankfirst|optimal_per_topic|rankgpt|0.8882
trec-dl-2020|colbert-small+rankfirst|optimal_per_topic|setmaxheaptopk|0.8702
trec-dl-2020|colbert-small+rankfirst|quantile|judge|0.857
trec-dl-2020|colbert-small+rankfirst|quantile|judge_expr|0.7595
trec-dl-2020|colbert-small+rankfirst|quantile|rankgpt|0.8351
trec-dl-2020|colbert-small+rankfirst|quantile|setmaxheaptopk|0.7925
trec-dl-2020|colbert-small+rankfirst|rank|judge|0.6056
trec-dl-2020|colbert-small+rankfirst|rank|judge_expr|0.5655
trec-dl-2020|colbert-small+rankfirst|rank|rankgpt|0.6428
trec-dl-2020|colbert-small+rankfirst|rank|setmaxheaptopk|0.6352
trec-dl-2020|colbert-small+rankfirst|thresholding|judge|0.74
trec-dl-2020|colbert-small+rankfirst|thresholding|judge_expr|0.7286
trec-dl-2020|colbert-small+rankfirst|thresholding|rankgpt|0.0
trec-dl-2020|colbert-small+rankfirst|thresholding|setmaxheaptopk|0.0
trec-dl-2020|colbert-small+rankgpt|direct|judge|0.754
trec-dl-2020|colbert-small+rankgpt|direct|judge_expr|0.7178
trec-dl-2020|colbert-small+rankgpt|direct|rankgpt|0.6572
trec-dl-2020|colbert-small+rankgpt|direct|setmaxheaptopk|0.6728
trec-dl-2020|colbert-small+rankgpt|largest_gap|judge|0.7103
trec-dl-2020|colbert-small+rankgpt|largest_gap|judge_expr|0.7478
trec-dl-2020|colbert-small+rankgpt|largest_gap|rankgpt|0.6572
trec-dl-2020|colbert-small+rankgpt|largest_gap|setmaxheaptopk|0.6728
trec-dl-2020|colbert-small+rankgpt|optimal_global|judge|0.7422
trec-dl-2020|colbert-small+rankgpt|optimal_global|judge_expr|0.7424
trec-dl-2020|colbert-small+rankgpt|optimal_global|rankgpt|0.7314
trec-dl-2020|colbert-small+rankgpt|optimal_global|setmaxheaptopk|0.6737
trec-dl-2020|colbert-small+rankgpt|optimal_per_topic|judge|0.7925
trec-dl-2020|colbert-small+rankgpt|optimal_per_topic|judge_expr|0.8174
trec-dl-2020|colbert-small+rankgpt|optimal_per_topic|rankgpt|0.8476
trec-dl-2020|colbert-small+rankgpt|optimal_per_topic|setmaxheaptopk|0.812
trec-dl-2020|colbert-small+rankgpt|quantile|judge|0.8167
trec-dl-2020|colbert-small+rankgpt|quantile|judge_expr|0.7395
trec-dl-2020|colbert-small+rankgpt|quantile|rankgpt|0.7839
trec-dl-2020|colbert-small+rankgpt|quantile|setmaxheaptopk|0.7392
trec-dl-2020|colbert-small+rankgpt|rank|judge|0.5832
trec-dl-2020|colbert-small+rankgpt|rank|judge_expr|0.553
trec-dl-2020|colbert-small+rankgpt|rank|rankgpt|0.6181
trec-dl-2020|colbert-small+rankgpt|rank|setmaxheaptopk|0.6068
trec-dl-2020|colbert-small+rankgpt|thresholding|judge|0.7408
trec-dl-2020|colbert-small+rankgpt|thresholding|judge_expr|0.7326
trec-dl-2020|colbert-small+rankgpt|thresholding|rankgpt|0.0
trec-dl-2020|colbert-small+rankgpt|thresholding|setmaxheaptopk|0.0
trec-dl-2020|colbert-small+rankzephyr|direct|judge|0.7675
trec-dl-2020|colbert-small+rankzephyr|direct|judge_expr|0.7261
trec-dl-2020|colbert-small+rankzephyr|direct|rankgpt|0.6022
trec-dl-2020|colbert-small+rankzephyr|direct|setmaxheaptopk|0.6102
trec-dl-2020|colbert-small+rankzephyr|largest_gap|judge|0.7073
trec-dl-2020|colbert-small+rankzephyr|largest_gap|judge_expr|0.745
trec-dl-2020|colbert-small+rankzephyr|largest_gap|rankgpt|0.6022
trec-dl-2020|colbert-small+rankzephyr|largest_gap|setmaxheaptopk|0.6102
trec-dl-2020|colbert-small+rankzephyr|optimal_global|judge|0.7423
trec-dl-2020|colbert-small+rankzephyr|optimal_global|judge_expr|0.7439
trec-dl-2020|colbert-small+rankzephyr|optimal_global|rankgpt|0.7471
trec-dl-2020|colbert-small+rankzephyr|optimal_global|setmaxheaptopk|0.7068
trec-dl-2020|colbert-small+rankzephyr|optimal_per_topic|judge|0.8144
trec-dl-2020|colbert-small+rankzephyr|optimal_per_topic|judge_expr|0.8364
trec-dl-2020|colbert-small+rankzephyr|optimal_per_topic|rankgpt|0.8699
trec-dl-2020|colbert-small+rankzephyr|optimal_per_topic|setmaxheaptopk|0.8508
trec-dl-2020|colbert-small+rankzephyr|quantile|judge|0.8489
trec-dl-2020|colbert-small+rankzephyr|quantile|judge_expr|0.7461
trec-dl-2020|colbert-small+rankzephyr|quantile|rankgpt|0.8054
trec-dl-2020|colbert-small+rankzephyr|quantile|setmaxheaptopk|0.7751
trec-dl-2020|colbert-small+rankzephyr|rank|judge|0.5799
trec-dl-2020|colbert-small+rankzephyr|rank|judge_expr|0.5365
trec-dl-2020|colbert-small+rankzephyr|rank|rankgpt|0.6276
trec-dl-2020|colbert-small+rankzephyr|rank|setmaxheaptopk|0.6219
trec-dl-2020|colbert-small+rankzephyr|thresholding|judge|0.7465
trec-dl-2020|colbert-small+rankzephyr|thresholding|judge_expr|0.7305
trec-dl-2020|colbert-small+rankzephyr|thresholding|rankgpt|0.0
trec-dl-2020|colbert-small+rankzephyr|thresholding|setmaxheaptopk|0.0
trec-dl-2020|colbert-small+setmaxheaptopk|direct|judge|0.7559
trec-dl-2020|colbert-small+setmaxheaptopk|direct|judge_expr|0.7201
trec-dl-2020|colbert-small+setmaxheaptopk|direct|rankgpt|0.62
trec-dl-2020|colbert-small+setmaxheaptopk|direct|setmaxheaptopk|0.7353
trec-dl-2020|colbert-small+setmaxheaptopk|largest_gap|judge|0.7148
trec-dl-2020|colbert-small+setmaxheaptopk|largest_gap|judge_expr|0.7399
trec-dl-2020|colbert-small+setmaxheaptopk|largest_gap|rankgpt|0.62
trec-dl-2020|colbert-small+setmaxheaptopk|largest_gap|setmaxheaptopk|0.7353
trec-dl-2020|colbert-small+setmaxheaptopk|optimal_global|judge|0.7386
trec-dl-2020|colbert-small+setmaxheaptopk|optimal_global|judge_expr|0.7359
trec-dl-2020|colbert-small+setmaxheaptopk|optimal_global|rankgpt|0.7106
trec-dl-2020|colbert-small+setmaxheaptopk|optimal_global|setmaxheaptopk|0.7378
trec-dl-2020|colbert-small+setmaxheaptopk|optimal_per_topic|judge|0.7795
trec-dl-2020|colbert-small+setmaxheaptopk|optimal_per_topic|judge_expr|0.8019
trec-dl-2020|colbert-small+setmaxheaptopk|optimal_per_topic|rankgpt|0.8163
trec-dl-2020|colbert-small+setmaxheaptopk|optimal_per_topic|setmaxheaptopk|0.8331
trec-dl-2020|colbert-small+setmaxheaptopk|quantile|judge|0.8057
trec-dl-2020|colbert-small+setmaxheaptopk|quantile|judge_expr|0.7325
trec-dl-2020|colbert-small+setmaxheaptopk|quantile|rankgpt|0.7703
trec-dl-2020|colbert-small+setmaxheaptopk|quantile|setmaxheaptopk|0.7835
trec-dl-2020|colbert-small+setmaxheaptopk|rank|judge|0.5644
trec-dl-2020|colbert-small+setmaxheaptopk|rank|judge_expr|0.5656
trec-dl-2020|colbert-small+setmaxheaptopk|rank|rankgpt|0.5785
trec-dl-2020|colbert-small+setmaxheaptopk|rank|setmaxheaptopk|0.6752
trec-dl-2020|colbert-small+setmaxheaptopk|thresholding|judge|0.7307
trec-dl-2020|colbert-small+setmaxheaptopk|thresholding|judge_expr|0.7286
trec-dl-2020|colbert-small+setmaxheaptopk|thresholding|rankgpt|0.0
trec-dl-2020|colbert-small+setmaxheaptopk|thresholding|setmaxheaptopk|0.0
trec-dl-2020|nomicai-modernbert-embed|direct|judge|0.7057
trec-dl-2020|nomicai-modernbert-embed|direct|judge_expr|0.6432
trec-dl-2020|nomicai-modernbert-embed|direct|rankgpt|0.5833
trec-dl-2020|nomicai-modernbert-embed|direct|setmaxheaptopk|0.569
trec-dl-2020|nomicai-modernbert-embed|largest_gap|judge|0.5987
trec-dl-2020|nomicai-modernbert-embed|largest_gap|judge_expr|0.6568
trec-dl-2020|nomicai-modernbert-embed|largest_gap|rankgpt|0.5833
trec-dl-2020|nomicai-modernbert-embed|largest_gap|setmaxheaptopk|0.569
trec-dl-2020|nomicai-modernbert-embed|optimal_global|judge|0.6552
trec-dl-2020|nomicai-modernbert-embed|optimal_global|judge_expr|0.6647
trec-dl-2020|nomicai-modernbert-embed|optimal_global|rankgpt|0.7612
trec-dl-2020|nomicai-modernbert-embed|optimal_global|setmaxheaptopk|0.645
trec-dl-2020|nomicai-modernbert-embed|optimal_per_topic|judge|0.7518
trec-dl-2020|nomicai-modernbert-embed|optimal_per_topic|judge_expr|0.7753
trec-dl-2020|nomicai-modernbert-embed|optimal_per_topic|rankgpt|0.862
trec-dl-2020|nomicai-modernbert-embed|optimal_per_topic|setmaxheaptopk|0.7922
trec-dl-2020|nomicai-modernbert-embed|quantile|judge|0.7993
trec-dl-2020|nomicai-modernbert-embed|quantile|judge_expr|0.681
trec-dl-2020|nomicai-modernbert-embed|quantile|rankgpt|0.8403
trec-dl-2020|nomicai-modernbert-embed|quantile|setmaxheaptopk|0.7169
trec-dl-2020|nomicai-modernbert-embed|rank|judge|0.5452
trec-dl-2020|nomicai-modernbert-embed|rank|judge_expr|0.476
trec-dl-2020|nomicai-modernbert-embed|rank|rankgpt|0.595
trec-dl-2020|nomicai-modernbert-embed|rank|setmaxheaptopk|0.5453
trec-dl-2020|nomicai-modernbert-embed|thresholding|judge|0.6653
trec-dl-2020|nomicai-modernbert-embed|thresholding|judge_expr|0.644
trec-dl-2020|nomicai-modernbert-embed|thresholding|rankgpt|0.0
trec-dl-2020|nomicai-modernbert-embed|thresholding|setmaxheaptopk|0.0
trec-dl-2020|nomicai-modernbert-embed+judge|direct|judge|0.8444
trec-dl-2020|nomicai-modernbert-embed+judge|direct|judge_expr|0.8315
trec-dl-2020|nomicai-modernbert-embed+judge|direct|rankgpt|0.4457
trec-dl-2020|nomicai-modernbert-embed+judge|direct|setmaxheaptopk|0.3745
trec-dl-2020|nomicai-modernbert-embed+judge|largest_gap|judge|0.8445
trec-dl-2020|nomicai-modernbert-embed+judge|largest_gap|judge_expr|0.8423
trec-dl-2020|nomicai-modernbert-embed+judge|largest_gap|rankgpt|0.4457
trec-dl-2020|nomicai-modernbert-embed+judge|largest_gap|setmaxheaptopk|0.3745
trec-dl-2020|nomicai-modernbert-embed+judge|optimal_global|judge|0.8484
trec-dl-2020|nomicai-modernbert-embed+judge|optimal_global|judge_expr|0.8459
trec-dl-2020|nomicai-modernbert-embed+judge|optimal_global|rankgpt|0.6128
trec-dl-2020|nomicai-modernbert-embed+judge|optimal_global|setmaxheaptopk|0.5874
trec-dl-2020|nomicai-modernbert-embed+judge|optimal_per_topic|judge|0.8441
trec-dl-2020|nomicai-modernbert-embed+judge|optimal_per_topic|judge_expr|0.8372
trec-dl-2020|nomicai-modernbert-embed+judge|optimal_per_topic|rankgpt|0.7362
trec-dl-2020|nomicai-modernbert-embed+judge|optimal_per_topic|setmaxheaptopk|0.7337
trec-dl-2020|nomicai-modernbert-embed+judge|quantile|judge|0.8421
trec-dl-2020|nomicai-modernbert-embed+judge|quantile|judge_expr|0.8026
trec-dl-2020|nomicai-modernbert-embed+judge|quantile|rankgpt|0.6761
trec-dl-2020|nomicai-modernbert-embed+judge|quantile|setmaxheaptopk|0.6686
trec-dl-2020|nomicai-modernbert-embed+judge|rank|judge|0.7046
trec-dl-2020|nomicai-modernbert-embed+judge|rank|judge_expr|0.6654
trec-dl-2020|nomicai-modernbert-embed+judge|rank|rankgpt|0.4682
trec-dl-2020|nomicai-modernbert-embed+judge|rank|setmaxheaptopk|0.4942
trec-dl-2020|nomicai-modernbert-embed+judge|thresholding|judge|0.8472
trec-dl-2020|nomicai-modernbert-embed+judge|thresholding|judge_expr|0.8321
trec-dl-2020|nomicai-modernbert-embed+judge|thresholding|rankgpt|0.0
trec-dl-2020|nomicai-modernbert-embed+judge|thresholding|setmaxheaptopk|0.0
trec-dl-2020|nomicai-modernbert-embed+judge_expr|direct|judge|0.8415
trec-dl-2020|nomicai-modernbert-embed+judge_expr|direct|judge_expr|0.8467
trec-dl-2020|nomicai-modernbert-embed+judge_expr|direct|rankgpt|0.4861
trec-dl-2020|nomicai-modernbert-embed+judge_expr|direct|setmaxheaptopk|0.4593
trec-dl-2020|nomicai-modernbert-embed+judge_expr|largest_gap|judge|0.8484
trec-dl-2020|nomicai-modernbert-embed+judge_expr|largest_gap|judge_expr|0.8509
trec-dl-2020|nomicai-modernbert-embed+judge_expr|largest_gap|rankgpt|0.4861
trec-dl-2020|nomicai-modernbert-embed+judge_expr|largest_gap|setmaxheaptopk|0.4593
trec-dl-2020|nomicai-modernbert-embed+judge_expr|optimal_global|judge|0.8481
trec-dl-2020|nomicai-modernbert-embed+judge_expr|optimal_global|judge_expr|0.8476
trec-dl-2020|nomicai-modernbert-embed+judge_expr|optimal_global|rankgpt|0.6318
trec-dl-2020|nomicai-modernbert-embed+judge_expr|optimal_global|setmaxheaptopk|0.6298
trec-dl-2020|nomicai-modernbert-embed+judge_expr|optimal_per_topic|judge|0.8355
trec-dl-2020|nomicai-modernbert-embed+judge_expr|optimal_per_topic|judge_expr|0.8529
trec-dl-2020|nomicai-modernbert-embed+judge_expr|optimal_per_topic|rankgpt|0.7487
trec-dl-2020|nomicai-modernbert-embed+judge_expr|optimal_per_topic|setmaxheaptopk|0.7417
trec-dl-2020|nomicai-modernbert-embed+judge_expr|quantile|judge|0.8422
trec-dl-2020|nomicai-modernbert-embed+judge_expr|quantile|judge_expr|0.8423
trec-dl-2020|nomicai-modernbert-embed+judge_expr|quantile|rankgpt|0.6843
trec-dl-2020|nomicai-modernbert-embed+judge_expr|quantile|setmaxheaptopk|0.6982
trec-dl-2020|nomicai-modernbert-embed+judge_expr|rank|judge|0.6966
trec-dl-2020|nomicai-modernbert-embed+judge_expr|rank|judge_expr|0.7992
trec-dl-2020|nomicai-modernbert-embed+judge_expr|rank|rankgpt|0.5041
trec-dl-2020|nomicai-modernbert-embed+judge_expr|rank|setmaxheaptopk|0.5326
trec-dl-2020|nomicai-modernbert-embed+judge_expr|thresholding|judge|0.8478
trec-dl-2020|nomicai-modernbert-embed+judge_expr|thresholding|judge_expr|0.8482
trec-dl-2020|nomicai-modernbert-embed+judge_expr|thresholding|rankgpt|0.0
trec-dl-2020|nomicai-modernbert-embed+judge_expr|thresholding|setmaxheaptopk|0.0
trec-dl-2020|nomicai-modernbert-embed+point|direct|judge|0.6984
trec-dl-2020|nomicai-modernbert-embed+point|direct|judge_expr|0.639
trec-dl-2020|nomicai-modernbert-embed+point|direct|rankgpt|0.3749
trec-dl-2020|nomicai-modernbert-embed+point|direct|setmaxheaptopk|0.3606
trec-dl-2020|nomicai-modernbert-embed+point|largest_gap|judge|0.5777
trec-dl-2020|nomicai-modernbert-embed+point|largest_gap|judge_expr|0.6657
trec-dl-2020|nomicai-modernbert-embed+point|largest_gap|rankgpt|0.3749
trec-dl-2020|nomicai-modernbert-embed+point|largest_gap|setmaxheaptopk|0.3606
trec-dl-2020|nomicai-modernbert-embed+point|optimal_global|judge|0.6503
trec-dl-2020|nomicai-modernbert-embed+point|optimal_global|judge_expr|0.6753
trec-dl-2020|nomicai-modernbert-embed+point|optimal_global|rankgpt|0.5948
trec-dl-2020|nomicai-modernbert-embed+point|optimal_global|setmaxheaptopk|0.6131
trec-dl-2020|nomicai-modernbert-embed+point|optimal_per_topic|judge|0.6986
trec-dl-2020|nomicai-modernbert-embed+point|optimal_per_topic|judge_expr|0.7193
trec-dl-2020|nomicai-modernbert-embed+point|optimal_per_topic|rankgpt|0.7202
trec-dl-2020|nomicai-modernbert-embed+point|optimal_per_topic|setmaxheaptopk|0.7564
trec-dl-2020|nomicai-modernbert-embed+point|quantile|judge|0.781
trec-dl-2020|nomicai-modernbert-embed+point|quantile|judge_expr|0.6776
trec-dl-2020|nomicai-modernbert-embed+point|quantile|rankgpt|0.6706
trec-dl-2020|nomicai-modernbert-embed+point|quantile|setmaxheaptopk|0.6883
trec-dl-2020|nomicai-modernbert-embed+point|rank|judge|0.5009
trec-dl-2020|nomicai-modernbert-embed+point|rank|judge_expr|0.4652
trec-dl-2020|nomicai-modernbert-embed+point|rank|rankgpt|0.4822
trec-dl-2020|nomicai-modernbert-embed+point|rank|setmaxheaptopk|0.5037
trec-dl-2020|nomicai-modernbert-embed+point|thresholding|judge|0.6698
trec-dl-2020|nomicai-modernbert-embed+point|thresholding|judge_expr|0.6373
trec-dl-2020|nomicai-modernbert-embed+point|thresholding|rankgpt|0.0
trec-dl-2020|nomicai-modernbert-embed+point|thresholding|setmaxheaptopk|0.0
trec-dl-2020|nomicai-modernbert-embed+rankfirst|direct|judge|0.7675
trec-dl-2020|nomicai-modernbert-embed+rankfirst|direct|judge_expr|0.7101
trec-dl-2020|nomicai-modernbert-embed+rankfirst|direct|rankgpt|0.6704
trec-dl-2020|nomicai-modernbert-embed+rankfirst|direct|setmaxheaptopk|0.6304
trec-dl-2020|nomicai-modernbert-embed+rankfirst|largest_gap|judge|0.6943
trec-dl-2020|nomicai-modernbert-embed+rankfirst|largest_gap|judge_expr|0.7293
trec-dl-2020|nomicai-modernbert-embed+rankfirst|largest_gap|rankgpt|0.6704
trec-dl-2020|nomicai-modernbert-embed+rankfirst|largest_gap|setmaxheaptopk|0.6304
trec-dl-2020|nomicai-modernbert-embed+rankfirst|optimal_global|judge|0.7258
trec-dl-2020|nomicai-modernbert-embed+rankfirst|optimal_global|judge_expr|0.7307
trec-dl-2020|nomicai-modernbert-embed+rankfirst|optimal_global|rankgpt|0.8084
trec-dl-2020|nomicai-modernbert-embed+rankfirst|optimal_global|setmaxheaptopk|0.7284
trec-dl-2020|nomicai-modernbert-embed+rankfirst|optimal_per_topic|judge|0.8085
trec-dl-2020|nomicai-modernbert-embed+rankfirst|optimal_per_topic|judge_expr|0.8338
trec-dl-2020|nomicai-modernbert-embed+rankfirst|optimal_per_topic|rankgpt|0.8952
trec-dl-2020|nomicai-modernbert-embed+rankfirst|optimal_per_topic|setmaxheaptopk|0.8622
trec-dl-2020|nomicai-modernbert-embed+rankfirst|quantile|judge|0.8651
trec-dl-2020|nomicai-modernbert-embed+rankfirst|quantile|judge_expr|0.7634
trec-dl-2020|nomicai-modernbert-embed+rankfirst|quantile|rankgpt|0.8622
trec-dl-2020|nomicai-modernbert-embed+rankfirst|quantile|setmaxheaptopk|0.7982
trec-dl-2020|nomicai-modernbert-embed+rankfirst|rank|judge|0.5989
trec-dl-2020|nomicai-modernbert-embed+rankfirst|rank|judge_expr|0.5472
trec-dl-2020|nomicai-modernbert-embed+rankfirst|rank|rankgpt|0.6588
trec-dl-2020|nomicai-modernbert-embed+rankfirst|rank|setmaxheaptopk|0.6301
trec-dl-2020|nomicai-modernbert-embed+rankfirst|thresholding|judge|0.7297
trec-dl-2020|nomicai-modernbert-embed+rankfirst|thresholding|judge_expr|0.7017
trec-dl-2020|nomicai-modernbert-embed+rankfirst|thresholding|rankgpt|0.0
trec-dl-2020|nomicai-modernbert-embed+rankfirst|thresholding|setmaxheaptopk|0.0
trec-dl-2020|nomicai-modernbert-embed+rankgpt|direct|judge|0.7619
trec-dl-2020|nomicai-modernbert-embed+rankgpt|direct|judge_expr|0.7164
trec-dl-2020|nomicai-modernbert-embed+rankgpt|direct|rankgpt|0.6567
trec-dl-2020|nomicai-modernbert-embed+rankgpt|direct|setmaxheaptopk|0.6604
trec-dl-2020|nomicai-modernbert-embed+rankgpt|largest_gap|judge|0.7018
trec-dl-2020|nomicai-modernbert-embed+rankgpt|largest_gap|judge_expr|0.7335
trec-dl-2020|nomicai-modernbert-embed+rankgpt|largest_gap|rankgpt|0.6567
trec-dl-2020|nomicai-modernbert-embed+rankgpt|largest_gap|setmaxheaptopk|0.6604
trec-dl-2020|nomicai-modernbert-embed+rankgpt|optimal_global|judge|0.7281
trec-dl-2020|nomicai-modernbert-embed+rankgpt|optimal_global|judge_expr|0.7354
trec-dl-2020|nomicai-modernbert-embed+rankgpt|optimal_global|rankgpt|0.7745
trec-dl-2020|nomicai-modernbert-embed+rankgpt|optimal_global|setmaxheaptopk|0.707
trec-dl-2020|nomicai-modernbert-embed+rankgpt|optimal_per_topic|judge|0.7832
trec-dl-2020|nomicai-modernbert-embed+rankgpt|optimal_per_topic|judge_expr|0.8023
trec-dl-2020|nomicai-modernbert-embed+rankgpt|optimal_per_topic|rankgpt|0.8808
trec-dl-2020|nomicai-modernbert-embed+rankgpt|optimal_per_topic|setmaxheaptopk|0.8309
trec-dl-2020|nomicai-modernbert-embed+rankgpt|quantile|judge|0.8467
trec-dl-2020|nomicai-modernbert-embed+rankgpt|quantile|judge_expr|0.7607
trec-dl-2020|nomicai-modernbert-embed+rankgpt|quantile|rankgpt|0.8382
trec-dl-2020|nomicai-modernbert-embed+rankgpt|quantile|setmaxheaptopk|0.7688
trec-dl-2020|nomicai-modernbert-embed+rankgpt|rank|judge|0.5841
trec-dl-2020|nomicai-modernbert-embed+rankgpt|rank|judge_expr|0.5374
trec-dl-2020|nomicai-modernbert-embed+rankgpt|rank|rankgpt|0.6378
trec-dl-2020|nomicai-modernbert-embed+rankgpt|rank|setmaxheaptopk|0.6037
trec-dl-2020|nomicai-modernbert-embed+rankgpt|thresholding|judge|0.7338
trec-dl-2020|nomicai-modernbert-embed+rankgpt|thresholding|judge_expr|0.7151
trec-dl-2020|nomicai-modernbert-embed+rankgpt|thresholding|rankgpt|0.0
trec-dl-2020|nomicai-modernbert-embed+rankgpt|thresholding|setmaxheaptopk|0.0
trec-dl-2020|nomicai-modernbert-embed+rankzephyr|direct|judge|0.7623
trec-dl-2020|nomicai-modernbert-embed+rankzephyr|direct|judge_expr|0.7136
trec-dl-2020|nomicai-modernbert-embed+rankzephyr|direct|rankgpt|0.6175
trec-dl-2020|nomicai-modernbert-embed+rankzephyr|direct|setmaxheaptopk|0.606
trec-dl-2020|nomicai-modernbert-embed+rankzephyr|largest_gap|judge|0.6926
trec-dl-2020|nomicai-modernbert-embed+rankzephyr|largest_gap|judge_expr|0.7285
trec-dl-2020|nomicai-modernbert-embed+rankzephyr|largest_gap|rankgpt|0.6175
trec-dl-2020|nomicai-modernbert-embed+rankzephyr|largest_gap|setmaxheaptopk|0.606
trec-dl-2020|nomicai-modernbert-embed+rankzephyr|optimal_global|judge|0.7238
trec-dl-2020|nomicai-modernbert-embed+rankzephyr|optimal_global|judge_expr|0.7372
trec-dl-2020|nomicai-modernbert-embed+rankzephyr|optimal_global|rankgpt|0.7632
trec-dl-2020|nomicai-modernbert-embed+rankzephyr|optimal_global|setmaxheaptopk|0.7154
trec-dl-2020|nomicai-modernbert-embed+rankzephyr|optimal_per_topic|judge|0.8
trec-dl-2020|nomicai-modernbert-embed+rankzephyr|optimal_per_topic|judge_expr|0.8297
trec-dl-2020|nomicai-modernbert-embed+rankzephyr|optimal_per_topic|rankgpt|0.8631
trec-dl-2020|nomicai-modernbert-embed+rankzephyr|optimal_per_topic|setmaxheaptopk|0.8442
trec-dl-2020|nomicai-modernbert-embed+rankzephyr|quantile|judge|0.8582
trec-dl-2020|nomicai-modernbert-embed+rankzephyr|quantile|judge_expr|0.761
trec-dl-2020|nomicai-modernbert-embed+rankzephyr|quantile|rankgpt|0.8279
trec-dl-2020|nomicai-modernbert-embed+rankzephyr|quantile|setmaxheaptopk|0.7778
trec-dl-2020|nomicai-modernbert-embed+rankzephyr|rank|judge|0.592
trec-dl-2020|nomicai-modernbert-embed+rankzephyr|rank|judge_expr|0.5308
trec-dl-2020|nomicai-modernbert-embed+rankzephyr|rank|rankgpt|0.6326
trec-dl-2020|nomicai-modernbert-embed+rankzephyr|rank|setmaxheaptopk|0.6063
trec-dl-2020|nomicai-modernbert-embed+rankzephyr|thresholding|judge|0.7374
trec-dl-2020|nomicai-modernbert-embed+rankzephyr|thresholding|judge_expr|0.7037
trec-dl-2020|nomicai-modernbert-embed+rankzephyr|thresholding|rankgpt|0.0
trec-dl-2020|nomicai-modernbert-embed+rankzephyr|thresholding|setmaxheaptopk|0.0
trec-dl-2020|nomicai-modernbert-embed+setmaxheaptopk|direct|judge|0.7862
trec-dl-2020|nomicai-modernbert-embed+setmaxheaptopk|direct|judge_expr|0.7437
trec-dl-2020|nomicai-modernbert-embed+setmaxheaptopk|direct|rankgpt|0.6185
trec-dl-2020|nomicai-modernbert-embed+setmaxheaptopk|direct|setmaxheaptopk|0.6486
trec-dl-2020|nomicai-modernbert-embed+setmaxheaptopk|largest_gap|judge|0.719
trec-dl-2020|nomicai-modernbert-embed+setmaxheaptopk|largest_gap|judge_expr|0.7673
trec-dl-2020|nomicai-modernbert-embed+setmaxheaptopk|largest_gap|rankgpt|0.6185
trec-dl-2020|nomicai-modernbert-embed+setmaxheaptopk|largest_gap|setmaxheaptopk|0.6486
trec-dl-2020|nomicai-modernbert-embed+setmaxheaptopk|optimal_global|judge|0.7692
trec-dl-2020|nomicai-modernbert-embed+setmaxheaptopk|optimal_global|judge_expr|0.7718
trec-dl-2020|nomicai-modernbert-embed+setmaxheaptopk|optimal_global|rankgpt|0.7535
trec-dl-2020|nomicai-modernbert-embed+setmaxheaptopk|optimal_global|setmaxheaptopk|0.7699
trec-dl-2020|nomicai-modernbert-embed+setmaxheaptopk|optimal_per_topic|judge|0.8034
trec-dl-2020|nomicai-modernbert-embed+setmaxheaptopk|optimal_per_topic|judge_expr|0.8442
trec-dl-2020|nomicai-modernbert-embed+setmaxheaptopk|optimal_per_topic|rankgpt|0.8502
trec-dl-2020|nomicai-modernbert-embed+setmaxheaptopk|optimal_per_topic|setmaxheaptopk|0.8713
trec-dl-2020|nomicai-modernbert-embed+setmaxheaptopk|quantile|judge|0.8737
trec-dl-2020|nomicai-modernbert-embed+setmaxheaptopk|quantile|judge_expr|0.804
trec-dl-2020|nomicai-modernbert-embed+setmaxheaptopk|quantile|rankgpt|0.8064
trec-dl-2020|nomicai-modernbert-embed+setmaxheaptopk|quantile|setmaxheaptopk|0.8192
trec-dl-2020|nomicai-modernbert-embed+setmaxheaptopk|rank|judge|0.5946
trec-dl-2020|nomicai-modernbert-embed+setmaxheaptopk|rank|judge_expr|0.5765
trec-dl-2020|nomicai-modernbert-embed+setmaxheaptopk|rank|rankgpt|0.6236
trec-dl-2020|nomicai-modernbert-embed+setmaxheaptopk|rank|setmaxheaptopk|0.6903
trec-dl-2020|nomicai-modernbert-embed+setmaxheaptopk|thresholding|judge|0.7693
trec-dl-2020|nomicai-modernbert-embed+setmaxheaptopk|thresholding|judge_expr|0.742
trec-dl-2020|nomicai-modernbert-embed+setmaxheaptopk|thresholding|rankgpt|0.0
trec-dl-2020|nomicai-modernbert-embed+setmaxheaptopk|thresholding|setmaxheaptopk|0.0
trec-dl-2020|qwen3-embed-600m|direct|judge|0.7312
trec-dl-2020|qwen3-embed-600m|direct|judge_expr|0.6658
trec-dl-2020|qwen3-embed-600m|direct|rankgpt|0.7702
trec-dl-2020|qwen3-embed-600m|direct|setmaxheaptopk|0.683
trec-dl-2020|qwen3-embed-600m|largest_gap|judge|0.6222
trec-dl-2020|qwen3-embed-600m|largest_gap|judge_expr|0.6882
trec-dl-2020|qwen3-embed-600m|largest_gap|rankgpt|0.7702
trec-dl-2020|qwen3-embed-600m|largest_gap|setmaxheaptopk|0.683
trec-dl-2020|qwen3-embed-600m|optimal_global|judge|0.6735
trec-dl-2020|qwen3-embed-600m|optimal_global|judge_expr|0.6854
trec-dl-2020|qwen3-embed-600m|optimal_global|rankgpt|0.9206
trec-dl-2020|qwen3-embed-600m|optimal_global|setmaxheaptopk|0.6856
trec-dl-2020|qwen3-embed-600m|optimal_per_topic|judge|0.765
trec-dl-2020|qwen3-embed-600m|optimal_per_topic|judge_expr|0.7896
trec-dl-2020|qwen3-embed-600m|optimal_per_topic|rankgpt|0.9301
trec-dl-2020|qwen3-embed-600m|optimal_per_topic|setmaxheaptopk|0.8288
trec-dl-2020|qwen3-embed-600m|quantile|judge|0.843
trec-dl-2020|qwen3-embed-600m|quantile|judge_expr|0.704
trec-dl-2020|qwen3-embed-600m|quantile|rankgpt|1.0
trec-dl-2020|qwen3-embed-600m|quantile|setmaxheaptopk|0.761
trec-dl-2020|qwen3-embed-600m|rank|judge|0.6082
trec-dl-2020|qwen3-embed-600m|rank|judge_expr|0.4972
trec-dl-2020|qwen3-embed-600m|rank|rankgpt|0.7252
trec-dl-2020|qwen3-embed-600m|rank|setmaxheaptopk|0.5967
trec-dl-2020|qwen3-embed-600m|thresholding|judge|0.6808
trec-dl-2020|qwen3-embed-600m|thresholding|judge_expr|0.6649
trec-dl-2020|qwen3-embed-600m|thresholding|rankgpt|0.0
trec-dl-2020|qwen3-embed-600m|thresholding|setmaxheaptopk|0.0
trec-dl-2020|qwen3-embed-600m+judge|direct|judge|1.0
trec-dl-2020|qwen3-embed-600m+judge|direct|judge_expr|0.9808
trec-dl-2020|qwen3-embed-600m+judge|direct|rankgpt|0.4929
trec-dl-2020|qwen3-embed-600m+judge|direct|setmaxheaptopk|0.439
trec-dl-2020|qwen3-embed-600m+judge|largest_gap|judge|1.0
trec-dl-2020|qwen3-embed-600m+judge|largest_gap|judge_expr|0.991
trec-dl-2020|qwen3-embed-600m+judge|largest_gap|rankgpt|0.4929
trec-dl-2020|qwen3-embed-600m+judge|largest_gap|setmaxheaptopk|0.439
trec-dl-2020|qwen3-embed-600m+judge|optimal_global|judge|1.0
trec-dl-2020|qwen3-embed-600m+judge|optimal_global|judge_expr|0.9983
trec-dl-2020|qwen3-embed-600m+judge|optimal_global|rankgpt|0.6619
trec-dl-2020|qwen3-embed-600m+judge|optimal_global|setmaxheaptopk|0.6599
trec-dl-2020|qwen3-embed-600m+judge|optimal_per_topic|judge|1.0
trec-dl-2020|qwen3-embed-600m+judge|optimal_per_topic|judge_expr|0.9733
trec-dl-2020|qwen3-embed-600m+judge|optimal_per_topic|rankgpt|0.7993
trec-dl-2020|qwen3-embed-600m+judge|optimal_per_topic|setmaxheaptopk|0.8151
trec-dl-2020|qwen3-embed-600m+judge|quantile|judge|1.0
trec-dl-2020|qwen3-embed-600m+judge|quantile|judge_expr|0.9423
trec-dl-2020|qwen3-embed-600m+judge|quantile|rankgpt|0.7453
trec-dl-2020|qwen3-embed-600m+judge|quantile|setmaxheaptopk|0.7523
trec-dl-2020|qwen3-embed-600m+judge|rank|judge|0.8176
trec-dl-2020|qwen3-embed-600m+judge|rank|judge_expr|0.7736
trec-dl-2020|qwen3-embed-600m+judge|rank|rankgpt|0.5094
trec-dl-2020|qwen3-embed-600m+judge|rank|setmaxheaptopk|0.5561
trec-dl-2020|qwen3-embed-600m+judge|thresholding|judge|1.0
trec-dl-2020|qwen3-embed-600m+judge|thresholding|judge_expr|0.9777
trec-dl-2020|qwen3-embed-600m+judge|thresholding|rankgpt|0.0
trec-dl-2020|qwen3-embed-600m+judge|thresholding|setmaxheaptopk|0.0
trec-dl-2020|qwen3-embed-600m+judge_expr|direct|judge|0.9968
trec-dl-2020|qwen3-embed-600m+judge_expr|direct|judge_expr|1.0
trec-dl-2020|qwen3-embed-600m+judge_expr|direct|rankgpt|0.5196
trec-dl-2020|qwen3-embed-600m+judge_expr|direct|setmaxheaptopk|0.5329
trec-dl-2020|qwen3-embed-600m+judge_expr|largest_gap|judge|0.9983
trec-dl-2020|qwen3-embed-600m+judge_expr|largest_gap|judge_expr|1.0
trec-dl-2020|qwen3-embed-600m+judge_expr|largest_gap|rankgpt|0.5196
trec-dl-2020|qwen3-embed-600m+judge_expr|largest_gap|setmaxheaptopk|0.5329
trec-dl-2020|qwen3-embed-600m+judge_expr|optimal_global|judge|0.9977
trec-dl-2020|qwen3-embed-600m+judge_expr|optimal_global|judge_expr|1.0
trec-dl-2020|qwen3-embed-600m+judge_expr|optimal_global|rankgpt|0.6918
trec-dl-2020|qwen3-embed-600m+judge_expr|optimal_global|setmaxheaptopk|0.7124
trec-dl-2020|qwen3-embed-600m+judge_expr|optimal_per_topic|judge|0.9972
trec-dl-2020|qwen3-embed-600m+judge_expr|optimal_per_topic|judge_expr|1.0
trec-dl-2020|qwen3-embed-600m+judge_expr|optimal_per_topic|rankgpt|0.8031
trec-dl-2020|qwen3-embed-600m+judge_expr|optimal_per_topic|setmaxheaptopk|0.8208
trec-dl-2020|qwen3-embed-600m+judge_expr|quantile|judge|0.9962
trec-dl-2020|qwen3-embed-600m+judge_expr|quantile|judge_expr|1.0
trec-dl-2020|qwen3-embed-600m+judge_expr|quantile|rankgpt|0.7612
trec-dl-2020|qwen3-embed-600m+judge_expr|quantile|setmaxheaptopk|0.7895
trec-dl-2020|qwen3-embed-600m+judge_expr|rank|judge|0.8094
trec-dl-2020|qwen3-embed-600m+judge_expr|rank|judge_expr|1.0
trec-dl-2020|qwen3-embed-600m+judge_expr|rank|rankgpt|0.5304
trec-dl-2020|qwen3-embed-600m+judge_expr|rank|setmaxheaptopk|0.6002
trec-dl-2020|qwen3-embed-600m+judge_expr|thresholding|judge|0.9999
trec-dl-2020|qwen3-embed-600m+judge_expr|thresholding|judge_expr|1.0
trec-dl-2020|qwen3-embed-600m+judge_expr|thresholding|rankgpt|0.0
trec-dl-2020|qwen3-embed-600m+judge_expr|thresholding|setmaxheaptopk|0.0
trec-dl-2020|qwen3-embed-600m+point|direct|judge|0.763
trec-dl-2020|qwen3-embed-600m+point|direct|judge_expr|0.6894
trec-dl-2020|qwen3-embed-600m+point|direct|rankgpt|0.3855
trec-dl-2020|qwen3-embed-600m+point|direct|setmaxheaptopk|0.3821
trec-dl-2020|qwen3-embed-600m+point|largest_gap|judge|0.6136
trec-dl-2020|qwen3-embed-600m+point|largest_gap|judge_expr|0.7212
trec-dl-2020|qwen3-embed-600m+point|largest_gap|rankgpt|0.3855
trec-dl-2020|qwen3-embed-600m+point|largest_gap|setmaxheaptopk|0.3821
trec-dl-2020|qwen3-embed-600m+point|optimal_global|judge|0.706
trec-dl-2020|qwen3-embed-600m+point|optimal_global|judge_expr|0.7281
trec-dl-2020|qwen3-embed-600m+point|optimal_global|rankgpt|0.6188
trec-dl-2020|qwen3-embed-600m+point|optimal_global|setmaxheaptopk|0.6295
trec-dl-2020|qwen3-embed-600m+point|optimal_per_topic|judge|0.7695
trec-dl-2020|qwen3-embed-600m+point|optimal_per_topic|judge_expr|0.7814
trec-dl-2020|qwen3-embed-600m+point|optimal_per_topic|rankgpt|0.7567
trec-dl-2020|qwen3-embed-600m+point|optimal_per_topic|setmaxheaptopk|0.7964
trec-dl-2020|qwen3-embed-600m+point|quantile|judge|0.8582
trec-dl-2020|qwen3-embed-600m+point|quantile|judge_expr|0.7236
trec-dl-2020|qwen3-embed-600m+point|quantile|rankgpt|0.7039
trec-dl-2020|qwen3-embed-600m+point|quantile|setmaxheaptopk|0.735
trec-dl-2020|qwen3-embed-600m+point|rank|judge|0.5151
trec-dl-2020|qwen3-embed-600m+point|rank|judge_expr|0.4914
trec-dl-2020|qwen3-embed-600m+point|rank|rankgpt|0.4968
trec-dl-2020|qwen3-embed-600m+point|rank|setmaxheaptopk|0.5226
trec-dl-2020|qwen3-embed-600m+point|thresholding|judge|0.7239
trec-dl-2020|qwen3-embed-600m+point|thresholding|judge_expr|0.6878
trec-dl-2020|qwen3-embed-600m+point|thresholding|rankgpt|0.0
trec-dl-2020|qwen3-embed-600m+point|thresholding|setmaxheaptopk|0.0
trec-dl-2020|qwen3-embed-600m+rankfirst|direct|judge|0.809
trec-dl-2020|qwen3-embed-600m+rankfirst|direct|judge_expr|0.7548
trec-dl-2020|qwen3-embed-600m+rankfirst|direct|rankgpt|0.7812
trec-dl-2020|qwen3-embed-600m+rankfirst|direct|setmaxheaptopk|0.7041
trec-dl-2020|qwen3-embed-600m+rankfirst|largest_gap|judge|0.7244
trec-dl-2020|qwen3-embed-600m+rankfirst|largest_gap|judge_expr|0.7772
trec-dl-2020|qwen3-embed-600m+rankfirst|largest_gap|rankgpt|0.7812
trec-dl-2020|qwen3-embed-600m+rankfirst|largest_gap|setmaxheaptopk|0.7041
trec-dl-2020|qwen3-embed-600m+rankfirst|optimal_global|judge|0.7703
trec-dl-2020|qwen3-embed-600m+rankfirst|optimal_global|judge_expr|0.7795
trec-dl-2020|qwen3-embed-600m+rankfirst|optimal_global|rankgpt|0.8622
trec-dl-2020|qwen3-embed-600m+rankfirst|optimal_global|setmaxheaptopk|0.7896
trec-dl-2020|qwen3-embed-600m+rankfirst|optimal_per_topic|judge|0.8497
trec-dl-2020|qwen3-embed-600m+rankfirst|optimal_per_topic|judge_expr|0.8771
trec-dl-2020|qwen3-embed-600m+rankfirst|optimal_per_topic|rankgpt|0.9396
trec-dl-2020|qwen3-embed-600m+rankfirst|optimal_per_topic|setmaxheaptopk|0.9055
trec-dl-2020|qwen3-embed-600m+rankfirst|quantile|judge|0.9094
trec-dl-2020|qwen3-embed-600m+rankfirst|quantile|judge_expr|0.8096
trec-dl-2020|qwen3-embed-600m+rankfirst|quantile|rankgpt|0.9118
trec-dl-2020|qwen3-embed-600m+rankfirst|quantile|setmaxheaptopk|0.8451
trec-dl-2020|qwen3-embed-600m+rankfirst|rank|judge|0.6449
trec-dl-2020|qwen3-embed-600m+rankfirst|rank|judge_expr|0.5808
trec-dl-2020|qwen3-embed-600m+rankfirst|rank|rankgpt|0.722
trec-dl-2020|qwen3-embed-600m+rankfirst|rank|setmaxheaptopk|0.6911
trec-dl-2020|qwen3-embed-600m+rankfirst|thresholding|judge|0.775
trec-dl-2020|qwen3-embed-600m+rankfirst|thresholding|judge_expr|0.7504
trec-dl-2020|qwen3-embed-600m+rankfirst|thresholding|rankgpt|0.0
trec-dl-2020|qwen3-embed-600m+rankfirst|thresholding|setmaxheaptopk|0.0
trec-dl-2020|qwen3-embed-600m+rankgpt|direct|judge|0.8038
trec-dl-2020|qwen3-embed-600m+rankgpt|direct|judge_expr|0.749
trec-dl-2020|qwen3-embed-600m+rankgpt|direct|rankgpt|1.0
trec-dl-2020|qwen3-embed-600m+rankgpt|direct|setmaxheaptopk|0.7466
trec-dl-2020|qwen3-embed-600m+rankgpt|largest_gap|judge|0.7063
trec-dl-2020|qwen3-embed-600m+rankgpt|largest_gap|judge_expr|0.7676
trec-dl-2020|qwen3-embed-600m+rankgpt|largest_gap|rankgpt|1.0
trec-dl-2020|qwen3-embed-600m+rankgpt|largest_gap|setmaxheaptopk|0.7466
trec-dl-2020|qwen3-embed-600m+rankgpt|optimal_global|judge|0.7621
trec-dl-2020|qwen3-embed-600m+rankgpt|optimal_global|judge_expr|0.7746
trec-dl-2020|qwen3-embed-600m+rankgpt|optimal_global|rankgpt|1.0
trec-dl-2020|qwen3-embed-600m+rankgpt|optimal_global|setmaxheaptopk|0.7603
trec-dl-2020|qwen3-embed-600m+rankgpt|optimal_per_topic|judge|0.8392
trec-dl-2020|qwen3-embed-600m+rankgpt|optimal_per_topic|judge_expr|0.8689
trec-dl-2020|qwen3-embed-600m+rankgpt|optimal_per_topic|rankgpt|1.0
trec-dl-2020|qwen3-embed-600m+rankgpt|optimal_per_topic|setmaxheaptopk|0.8839
trec-dl-2020|qwen3-embed-600m+rankgpt|quantile|judge|0.9031
trec-dl-2020|qwen3-embed-600m+rankgpt|quantile|judge_expr|0.8103
trec-dl-2020|qwen3-embed-600m+rankgpt|quantile|rankgpt|1.0
trec-dl-2020|qwen3-embed-600m+rankgpt|quantile|setmaxheaptopk|0.834
trec-dl-2020|qwen3-embed-600m+rankgpt|rank|judge|0.6204
trec-dl-2020|qwen3-embed-600m+rankgpt|rank|judge_expr|0.5597
trec-dl-2020|qwen3-embed-600m+rankgpt|rank|rankgpt|1.0
trec-dl-2020|qwen3-embed-600m+rankgpt|rank|setmaxheaptopk|0.68
trec-dl-2020|qwen3-embed-600m+rankgpt|thresholding|judge|0.7674
trec-dl-2020|qwen3-embed-600m+rankgpt|thresholding|judge_expr|0.7423
trec-dl-2020|qwen3-embed-600m+rankgpt|thresholding|rankgpt|0.0
trec-dl-2020|qwen3-embed-600m+rankgpt|thresholding|setmaxheaptopk|0.0
trec-dl-2020|qwen3-embed-600m+rankzephyr|direct|judge|0.8044
trec-dl-2020|qwen3-embed-600m+rankzephyr|direct|judge_expr|0.7472
trec-dl-2020|qwen3-embed-600m+rankzephyr|direct|rankgpt|0.736
trec-dl-2020|qwen3-embed-600m+rankzephyr|direct|setmaxheaptopk|0.6475
trec-dl-2020|qwen3-embed-600m+rankzephyr|largest_gap|judge|0.7057
trec-dl-2020|qwen3-embed-600m+rankzephyr|largest_gap|judge_expr|0.766
trec-dl-2020|qwen3-embed-600m+rankzephyr|largest_gap|rankgpt|0.736
trec-dl-2020|qwen3-embed-600m+rankzephyr|largest_gap|setmaxheaptopk|0.6475
trec-dl-2020|qwen3-embed-600m+rankzephyr|optimal_global|judge|0.7607
trec-dl-2020|qwen3-embed-600m+rankzephyr|optimal_global|judge_expr|0.7643
trec-dl-2020|qwen3-embed-600m+rankzephyr|optimal_global|rankgpt|0.8154
trec-dl-2020|qwen3-embed-600m+rankzephyr|optimal_global|setmaxheaptopk|0.7638
trec-dl-2020|qwen3-embed-600m+rankzephyr|optimal_per_topic|judge|0.8513
trec-dl-2020|qwen3-embed-600m+rankzephyr|optimal_per_topic|judge_expr|0.8802
trec-dl-2020|qwen3-embed-600m+rankzephyr|optimal_per_topic|rankgpt|0.9251
trec-dl-2020|qwen3-embed-600m+rankzephyr|optimal_per_topic|setmaxheaptopk|0.8856
trec-dl-2020|qwen3-embed-600m+rankzephyr|quantile|judge|0.9094
trec-dl-2020|qwen3-embed-600m+rankzephyr|quantile|judge_expr|0.8095
trec-dl-2020|qwen3-embed-600m+rankzephyr|quantile|rankgpt|0.8681
trec-dl-2020|qwen3-embed-600m+rankzephyr|quantile|setmaxheaptopk|0.841
trec-dl-2020|qwen3-embed-600m+rankzephyr|rank|judge|0.6052
trec-dl-2020|qwen3-embed-600m+rankzephyr|rank|judge_expr|0.5565
trec-dl-2020|qwen3-embed-600m+rankzephyr|rank|rankgpt|0.7038
trec-dl-2020|qwen3-embed-600m+rankzephyr|rank|setmaxheaptopk|0.655
trec-dl-2020|qwen3-embed-600m+rankzephyr|thresholding|judge|0.7609
trec-dl-2020|qwen3-embed-600m+rankzephyr|thresholding|judge_expr|0.7414
trec-dl-2020|qwen3-embed-600m+rankzephyr|thresholding|rankgpt|0.0
trec-dl-2020|qwen3-embed-600m+rankzephyr|thresholding|setmaxheaptopk|0.0
trec-dl-2020|qwen3-embed-600m+setmaxheaptopk|direct|judge|0.8476
trec-dl-2020|qwen3-embed-600m+setmaxheaptopk|direct|judge_expr|0.796
trec-dl-2020|qwen3-embed-600m+setmaxheaptopk|direct|rankgpt|0.7614
trec-dl-2020|qwen3-embed-600m+setmaxheaptopk|direct|setmaxheaptopk|1.0
trec-dl-2020|qwen3-embed-600m+setmaxheaptopk|largest_gap|judge|0.7564
trec-dl-2020|qwen3-embed-600m+setmaxheaptopk|largest_gap|judge_expr|0.8154
trec-dl-2020|qwen3-embed-600m+setmaxheaptopk|largest_gap|rankgpt|0.7614
trec-dl-2020|qwen3-embed-600m+setmaxheaptopk|largest_gap|setmaxheaptopk|1.0
trec-dl-2020|qwen3-embed-600m+setmaxheaptopk|optimal_global|judge|0.8109
trec-dl-2020|qwen3-embed-600m+setmaxheaptopk|optimal_global|judge_expr|0.8224
trec-dl-2020|qwen3-embed-600m+setmaxheaptopk|optimal_global|rankgpt|0.7911
trec-dl-2020|qwen3-embed-600m+setmaxheaptopk|optimal_global|setmaxheaptopk|1.0
trec-dl-2020|qwen3-embed-600m+setmaxheaptopk|optimal_per_topic|judge|0.8747
trec-dl-2020|qwen3-embed-600m+setmaxheaptopk|optimal_per_topic|judge_expr|0.8878
trec-dl-2020|qwen3-embed-600m+setmaxheaptopk|optimal_per_topic|rankgpt|0.8829
trec-dl-2020|qwen3-embed-600m+setmaxheaptopk|optimal_per_topic|setmaxheaptopk|1.0
trec-dl-2020|qwen3-embed-600m+setmaxheaptopk|quantile|judge|0.9371
trec-dl-2020|qwen3-embed-600m+setmaxheaptopk|quantile|judge_expr|0.8585
trec-dl-2020|qwen3-embed-600m+setmaxheaptopk|quantile|rankgpt|0.851
trec-dl-2020|qwen3-embed-600m+setmaxheaptopk|quantile|setmaxheaptopk|1.0
trec-dl-2020|qwen3-embed-600m+setmaxheaptopk|rank|judge|0.6324
trec-dl-2020|qwen3-embed-600m+setmaxheaptopk|rank|judge_expr|0.6295
trec-dl-2020|qwen3-embed-600m+setmaxheaptopk|rank|rankgpt|0.6668
trec-dl-2020|qwen3-embed-600m+setmaxheaptopk|rank|setmaxheaptopk|1.0
trec-dl-2020|qwen3-embed-600m+setmaxheaptopk|thresholding|judge|0.8155
trec-dl-2020|qwen3-embed-600m+setmaxheaptopk|thresholding|judge_expr|0.7962
trec-dl-2020|qwen3-embed-600m+setmaxheaptopk|thresholding|rankgpt|0.0
trec-dl-2020|qwen3-embed-600m+setmaxheaptopk|thresholding|setmaxheaptopk|0.0
trec-dl-2020|splade-v3|direct|judge|0.7152
trec-dl-2020|splade-v3|direct|judge_expr|0.647
trec-dl-2020|splade-v3|direct|rankgpt|0.6731
trec-dl-2020|splade-v3|direct|setmaxheaptopk|0.6103
trec-dl-2020|splade-v3|largest_gap|judge|0.6141
trec-dl-2020|splade-v3|largest_gap|judge_expr|0.6719
trec-dl-2020|splade-v3|largest_gap|rankgpt|0.6731
trec-dl-2020|splade-v3|largest_gap|setmaxheaptopk|0.6103
trec-dl-2020|splade-v3|optimal_global|judge|0.6683
trec-dl-2020|splade-v3|optimal_global|judge_expr|0.6737
trec-dl-2020|splade-v3|optimal_global|rankgpt|0.7415
trec-dl-2020|splade-v3|optimal_global|setmaxheaptopk|0.6676
trec-dl-2020|splade-v3|optimal_per_topic|judge|0.7388
trec-dl-2020|splade-v3|optimal_per_topic|judge_expr|0.7619
trec-dl-2020|splade-v3|optimal_per_topic|rankgpt|0.874
trec-dl-2020|splade-v3|optimal_per_topic|setmaxheaptopk|0.8071
trec-dl-2020|splade-v3|quantile|judge|0.8093
trec-dl-2020|splade-v3|quantile|judge_expr|0.6997
trec-dl-2020|splade-v3|quantile|rankgpt|0.8188
trec-dl-2020|splade-v3|quantile|setmaxheaptopk|0.7371
trec-dl-2020|splade-v3|rank|judge|0.556
trec-dl-2020|splade-v3|rank|judge_expr|0.4841
trec-dl-2020|splade-v3|rank|rankgpt|0.5869
trec-dl-2020|splade-v3|rank|setmaxheaptopk|0.5798
trec-dl-2020|splade-v3|thresholding|judge|0.6723
trec-dl-2020|splade-v3|thresholding|judge_expr|0.6528
trec-dl-2020|splade-v3|thresholding|rankgpt|0.0
trec-dl-2020|splade-v3|thresholding|setmaxheaptopk|0.0
trec-dl-2020|splade-v3+judge|direct|judge|0.8086
trec-dl-2020|splade-v3+judge|direct|judge_expr|0.8115
trec-dl-2020|splade-v3+judge|direct|rankgpt|0.4557
trec-dl-2020|splade-v3+judge|direct|setmaxheaptopk|0.3934
trec-dl-2020|splade-v3+judge|largest_gap|judge|0.8378
trec-dl-2020|splade-v3+judge|largest_gap|judge_expr|0.8177
trec-dl-2020|splade-v3+judge|largest_gap|rankgpt|0.4557
trec-dl-2020|splade-v3+judge|largest_gap|setmaxheaptopk|0.3934
trec-dl-2020|splade-v3+judge|optimal_global|judge|0.8254
trec-dl-2020|splade-v3+judge|optimal_global|judge_expr|0.8223
trec-dl-2020|splade-v3+judge|optimal_global|rankgpt|0.5759
trec-dl-2020|splade-v3+judge|optimal_global|setmaxheaptopk|0.5551
trec-dl-2020|splade-v3+judge|optimal_per_topic|judge|0.8127
trec-dl-2020|splade-v3+judge|optimal_per_topic|judge_expr|0.8148
trec-dl-2020|splade-v3+judge|optimal_per_topic|rankgpt|0.697
trec-dl-2020|splade-v3+judge|optimal_per_topic|setmaxheaptopk|0.7017
trec-dl-2020|splade-v3+judge|quantile|judge|0.7808
trec-dl-2020|splade-v3+judge|quantile|judge_expr|0.7541
trec-dl-2020|splade-v3+judge|quantile|rankgpt|0.628
trec-dl-2020|splade-v3+judge|quantile|setmaxheaptopk|0.6284
trec-dl-2020|splade-v3+judge|rank|judge|0.6644
trec-dl-2020|splade-v3+judge|rank|judge_expr|0.6356
trec-dl-2020|splade-v3+judge|rank|rankgpt|0.4461
trec-dl-2020|splade-v3+judge|rank|setmaxheaptopk|0.4772
trec-dl-2020|splade-v3+judge|thresholding|judge|0.8202
trec-dl-2020|splade-v3+judge|thresholding|judge_expr|0.8119
trec-dl-2020|splade-v3+judge|thresholding|rankgpt|0.0
trec-dl-2020|splade-v3+judge|thresholding|setmaxheaptopk|0.0
trec-dl-2020|splade-v3+judge_expr|direct|judge|0.8144
trec-dl-2020|splade-v3+judge_expr|direct|judge_expr|0.835
trec-dl-2020|splade-v3+judge_expr|direct|rankgpt|0.4995
trec-dl-2020|splade-v3+judge_expr|direct|setmaxheaptopk|0.4983
trec-dl-2020|splade-v3+judge_expr|largest_gap|judge|0.8498
trec-dl-2020|splade-v3+judge_expr|largest_gap|judge_expr|0.8372
trec-dl-2020|splade-v3+judge_expr|largest_gap|rankgpt|0.4995
trec-dl-2020|splade-v3+judge_expr|largest_gap|setmaxheaptopk|0.4983
trec-dl-2020|splade-v3+judge_expr|optimal_global|judge|0.8317
trec-dl-2020|splade-v3+judge_expr|optimal_global|judge_expr|0.8306
trec-dl-2020|splade-v3+judge_expr|optimal_global|rankgpt|0.5969
trec-dl-2020|splade-v3+judge_expr|optimal_global|setmaxheaptopk|0.5965
trec-dl-2020|splade-v3+judge_expr|optimal_per_topic|judge|0.8147
trec-dl-2020|splade-v3+judge_expr|optimal_per_topic|judge_expr|0.8315
trec-dl-2020|splade-v3+judge_expr|optimal_per_topic|rankgpt|0.7059
trec-dl-2020|splade-v3+judge_expr|optimal_per_topic|setmaxheaptopk|0.7078
trec-dl-2020|splade-v3+judge_expr|quantile|judge|0.7863
trec-dl-2020|splade-v3+judge_expr|quantile|judge_expr|0.7878
trec-dl-2020|splade-v3+judge_expr|quantile|rankgpt|0.6404
trec-dl-2020|splade-v3+judge_expr|quantile|setmaxheaptopk|0.6569
trec-dl-2020|splade-v3+judge_expr|rank|judge|0.6698
trec-dl-2020|splade-v3+judge_expr|rank|judge_expr|0.7795
trec-dl-2020|splade-v3+judge_expr|rank|rankgpt|0.4777
trec-dl-2020|splade-v3+judge_expr|rank|setmaxheaptopk|0.5109
trec-dl-2020|splade-v3+judge_expr|thresholding|judge|0.8289
trec-dl-2020|splade-v3+judge_expr|thresholding|judge_expr|0.8376
trec-dl-2020|splade-v3+judge_expr|thresholding|rankgpt|0.0
trec-dl-2020|splade-v3+judge_expr|thresholding|setmaxheaptopk|0.0
trec-dl-2020|splade-v3+point|direct|judge|0.6651
trec-dl-2020|splade-v3+point|direct|judge_expr|0.6138
trec-dl-2020|splade-v3+point|direct|rankgpt|0.377
trec-dl-2020|splade-v3+point|direct|setmaxheaptopk|0.3685
trec-dl-2020|splade-v3+point|largest_gap|judge|0.5546
trec-dl-2020|splade-v3+point|largest_gap|judge_expr|0.6463
trec-dl-2020|splade-v3+point|largest_gap|rankgpt|0.377
trec-dl-2020|splade-v3+point|largest_gap|setmaxheaptopk|0.3685
trec-dl-2020|splade-v3+point|optimal_global|judge|0.6277
trec-dl-2020|splade-v3+point|optimal_global|judge_expr|0.6498
trec-dl-2020|splade-v3+point|optimal_global|rankgpt|0.5674
trec-dl-2020|splade-v3+point|optimal_global|setmaxheaptopk|0.5694
trec-dl-2020|splade-v3+point|optimal_per_topic|judge|0.6797
trec-dl-2020|splade-v3+point|optimal_per_topic|judge_expr|0.6975
trec-dl-2020|splade-v3+point|optimal_per_topic|rankgpt|0.6766
trec-dl-2020|splade-v3+point|optimal_per_topic|setmaxheaptopk|0.7053
trec-dl-2020|splade-v3+point|quantile|judge|0.7304
trec-dl-2020|splade-v3+point|quantile|judge_expr|0.6291
trec-dl-2020|splade-v3+point|quantile|rankgpt|0.6286
trec-dl-2020|splade-v3+point|quantile|setmaxheaptopk|0.6565
trec-dl-2020|splade-v3+point|rank|judge|0.4716
trec-dl-2020|splade-v3+point|rank|judge_expr|0.4458
trec-dl-2020|splade-v3+point|rank|rankgpt|0.4571
trec-dl-2020|splade-v3+point|rank|setmaxheaptopk|0.4844
trec-dl-2020|splade-v3+point|thresholding|judge|0.6456
trec-dl-2020|splade-v3+point|thresholding|judge_expr|0.6136
trec-dl-2020|splade-v3+point|thresholding|rankgpt|0.0
trec-dl-2020|splade-v3+point|thresholding|setmaxheaptopk|0.0
trec-dl-2020|splade-v3+rankfirst|direct|judge|0.7719
trec-dl-2020|splade-v3+rankfirst|direct|judge_expr|0.7264
trec-dl-2020|splade-v3+rankfirst|direct|rankgpt|0.7353
trec-dl-2020|splade-v3+rankfirst|direct|setmaxheaptopk|0.6531
trec-dl-2020|splade-v3+rankfirst|largest_gap|judge|0.7021
trec-dl-2020|splade-v3+rankfirst|largest_gap|judge_expr|0.7442
trec-dl-2020|splade-v3+rankfirst|largest_gap|rankgpt|0.7353
trec-dl-2020|splade-v3+rankfirst|largest_gap|setmaxheaptopk|0.6531
trec-dl-2020|splade-v3+rankfirst|optimal_global|judge|0.7426
trec-dl-2020|splade-v3+rankfirst|optimal_global|judge_expr|0.7533
trec-dl-2020|splade-v3+rankfirst|optimal_global|rankgpt|0.7823
trec-dl-2020|splade-v3+rankfirst|optimal_global|setmaxheaptopk|0.7301
trec-dl-2020|splade-v3+rankfirst|optimal_per_topic|judge|0.8053
trec-dl-2020|splade-v3+rankfirst|optimal_per_topic|judge_expr|0.8266
trec-dl-2020|splade-v3+rankfirst|optimal_per_topic|rankgpt|0.8846
trec-dl-2020|splade-v3+rankfirst|optimal_per_topic|setmaxheaptopk|0.863
trec-dl-2020|splade-v3+rankfirst|quantile|judge|0.8512
trec-dl-2020|splade-v3+rankfirst|quantile|judge_expr|0.7629
trec-dl-2020|splade-v3+rankfirst|quantile|rankgpt|0.8384
trec-dl-2020|splade-v3+rankfirst|quantile|setmaxheaptopk|0.7916
trec-dl-2020|splade-v3+rankfirst|rank|judge|0.6019
trec-dl-2020|splade-v3+rankfirst|rank|judge_expr|0.5699
trec-dl-2020|splade-v3+rankfirst|rank|rankgpt|0.6548
trec-dl-2020|splade-v3+rankfirst|rank|setmaxheaptopk|0.6401
trec-dl-2020|splade-v3+rankfirst|thresholding|judge|0.7487
trec-dl-2020|splade-v3+rankfirst|thresholding|judge_expr|0.721
trec-dl-2020|splade-v3+rankfirst|thresholding|rankgpt|0.0
trec-dl-2020|splade-v3+rankfirst|thresholding|setmaxheaptopk|0.0
trec-dl-2020|splade-v3+rankgpt|direct|judge|0.7541
trec-dl-2020|splade-v3+rankgpt|direct|judge_expr|0.7086
trec-dl-2020|splade-v3+rankgpt|direct|rankgpt|0.7307
trec-dl-2020|splade-v3+rankgpt|direct|setmaxheaptopk|0.7341
trec-dl-2020|splade-v3+rankgpt|largest_gap|judge|0.6907
trec-dl-2020|splade-v3+rankgpt|largest_gap|judge_expr|0.7209
trec-dl-2020|splade-v3+rankgpt|largest_gap|rankgpt|0.7307
trec-dl-2020|splade-v3+rankgpt|largest_gap|setmaxheaptopk|0.7341
trec-dl-2020|splade-v3+rankgpt|optimal_global|judge|0.7226
trec-dl-2020|splade-v3+rankgpt|optimal_global|judge_expr|0.7293
trec-dl-2020|splade-v3+rankgpt|optimal_global|rankgpt|0.7396
trec-dl-2020|splade-v3+rankgpt|optimal_global|setmaxheaptopk|0.6746
trec-dl-2020|splade-v3+rankgpt|optimal_per_topic|judge|0.7685
trec-dl-2020|splade-v3+rankgpt|optimal_per_topic|judge_expr|0.8053
trec-dl-2020|splade-v3+rankgpt|optimal_per_topic|rankgpt|0.8507
trec-dl-2020|splade-v3+rankgpt|optimal_per_topic|setmaxheaptopk|0.8119
trec-dl-2020|splade-v3+rankgpt|quantile|judge|0.8333
trec-dl-2020|splade-v3+rankgpt|quantile|judge_expr|0.7526
trec-dl-2020|splade-v3+rankgpt|quantile|rankgpt|0.7965
trec-dl-2020|splade-v3+rankgpt|quantile|setmaxheaptopk|0.7239
trec-dl-2020|splade-v3+rankgpt|rank|judge|0.5799
trec-dl-2020|splade-v3+rankgpt|rank|judge_expr|0.5583
trec-dl-2020|splade-v3+rankgpt|rank|rankgpt|0.6228
trec-dl-2020|splade-v3+rankgpt|rank|setmaxheaptopk|0.6058
trec-dl-2020|splade-v3+rankgpt|thresholding|judge|0.7295
trec-dl-2020|splade-v3+rankgpt|thresholding|judge_expr|0.7103
trec-dl-2020|splade-v3+rankgpt|thresholding|rankgpt|0.0
trec-dl-2020|splade-v3+rankgpt|thresholding|setmaxheaptopk|0.0
trec-dl-2020|splade-v3+rankzephyr|direct|judge|0.7709
trec-dl-2020|splade-v3+rankzephyr|direct|judge_expr|0.7306
trec-dl-2020|splade-v3+rankzephyr|direct|rankgpt|0.6759
trec-dl-2020|splade-v3+rankzephyr|direct|setmaxheaptopk|0.6179
trec-dl-2020|splade-v3+rankzephyr|largest_gap|judge|0.6952
trec-dl-2020|splade-v3+rankzephyr|largest_gap|judge_expr|0.7408
trec-dl-2020|splade-v3+rankzephyr|largest_gap|rankgpt|0.6759
trec-dl-2020|splade-v3+rankzephyr|largest_gap|setmaxheaptopk|0.6179
trec-dl-2020|splade-v3+rankzephyr|optimal_global|judge|0.7432
trec-dl-2020|splade-v3+rankzephyr|optimal_global|judge_expr|0.7513
trec-dl-2020|splade-v3+rankzephyr|optimal_global|rankgpt|0.7859
trec-dl-2020|splade-v3+rankzephyr|optimal_global|setmaxheaptopk|0.726
trec-dl-2020|splade-v3+rankzephyr|optimal_per_topic|judge|0.8209
trec-dl-2020|splade-v3+rankzephyr|optimal_per_topic|judge_expr|0.8513
trec-dl-2020|splade-v3+rankzephyr|optimal_per_topic|rankgpt|0.9008
trec-dl-2020|splade-v3+rankzephyr|optimal_per_topic|setmaxheaptopk|0.8649
trec-dl-2020|splade-v3+rankzephyr|quantile|judge|0.8572
trec-dl-2020|splade-v3+rankzephyr|quantile|judge_expr|0.7743
trec-dl-2020|splade-v3+rankzephyr|quantile|rankgpt|0.8427
trec-dl-2020|splade-v3+rankzephyr|quantile|setmaxheaptopk|0.794
trec-dl-2020|splade-v3+rankzephyr|rank|judge|0.5921
trec-dl-2020|splade-v3+rankzephyr|rank|judge_expr|0.5455
trec-dl-2020|splade-v3+rankzephyr|rank|rankgpt|0.6566
trec-dl-2020|splade-v3+rankzephyr|rank|setmaxheaptopk|0.6285
trec-dl-2020|splade-v3+rankzephyr|thresholding|judge|0.7491
trec-dl-2020|splade-v3+rankzephyr|thresholding|judge_expr|0.7255
trec-dl-2020|splade-v3+rankzephyr|thresholding|rankgpt|0.0
trec-dl-2020|splade-v3+rankzephyr|thresholding|setmaxheaptopk|0.0
trec-dl-2020|splade-v3+setmaxheaptopk|direct|judge|0.7751
trec-dl-2020|splade-v3+setmaxheaptopk|direct|judge_expr|0.7447
trec-dl-2020|splade-v3+setmaxheaptopk|direct|rankgpt|0.654
trec-dl-2020|splade-v3+setmaxheaptopk|direct|setmaxheaptopk|0.7273
trec-dl-2020|splade-v3+setmaxheaptopk|largest_gap|judge|0.7212
trec-dl-2020|splade-v3+setmaxheaptopk|largest_gap|judge_expr|0.764
trec-dl-2020|splade-v3+setmaxheaptopk|largest_gap|rankgpt|0.654
trec-dl-2020|splade-v3+setmaxheaptopk|largest_gap|setmaxheaptopk|0.7273
trec-dl-2020|splade-v3+setmaxheaptopk|optimal_global|judge|0.7667
trec-dl-2020|splade-v3+setmaxheaptopk|optimal_global|judge_expr|0.7743
trec-dl-2020|splade-v3+setmaxheaptopk|optimal_global|rankgpt|0.7021
trec-dl-2020|splade-v3+setmaxheaptopk|optimal_global|setmaxheaptopk|0.7558
trec-dl-2020|splade-v3+setmaxheaptopk|optimal_per_topic|judge|0.7976
trec-dl-2020|splade-v3+setmaxheaptopk|optimal_per_topic|judge_expr|0.8211
trec-dl-2020|splade-v3+setmaxheaptopk|optimal_per_topic|rankgpt|0.838
trec-dl-2020|splade-v3+setmaxheaptopk|optimal_per_topic|setmaxheaptopk|0.857
trec-dl-2020|splade-v3+setmaxheaptopk|quantile|judge|0.8205
trec-dl-2020|splade-v3+setmaxheaptopk|quantile|judge_expr|0.7671
trec-dl-2020|splade-v3+setmaxheaptopk|quantile|rankgpt|0.7511
trec-dl-2020|splade-v3+setmaxheaptopk|quantile|setmaxheaptopk|0.7971
trec-dl-2020|splade-v3+setmaxheaptopk|rank|judge|0.5849
trec-dl-2020|splade-v3+setmaxheaptopk|rank|judge_expr|0.5775
trec-dl-2020|splade-v3+setmaxheaptopk|rank|rankgpt|0.5968
trec-dl-2020|splade-v3+setmaxheaptopk|rank|setmaxheaptopk|0.7044
trec-dl-2020|splade-v3+setmaxheaptopk|thresholding|judge|0.7691
trec-dl-2020|splade-v3+setmaxheaptopk|thresholding|judge_expr|0.7489
trec-dl-2020|splade-v3+setmaxheaptopk|thresholding|rankgpt|0.0
trec-dl-2020|splade-v3+setmaxheaptopk|thresholding|setmaxheaptopk|0.0
webis-touche2020|bm25|direct|judge|0.5158
webis-touche2020|bm25|direct|judge_expr|0.4285
webis-touche2020|bm25|direct|rankgpt|0.21
webis-touche2020|bm25|direct|setmaxheaptopk|0.1772
webis-touche2020|bm25|largest_gap|judge|0.3276
webis-touche2020|bm25|largest_gap|judge_expr|0.4467
webis-touche2020|bm25|largest_gap|rankgpt|0.21
webis-touche2020|bm25|largest_gap|setmaxheaptopk|0.1772
webis-touche2020|bm25|optimal_global|judge|0.3218
webis-touche2020|bm25|optimal_global|judge_expr|0.3421
webis-touche2020|bm25|optimal_global|rankgpt|0.4312
webis-touche2020|bm25|optimal_global|setmaxheaptopk|0.2542
webis-touche2020|bm25|optimal_per_topic|judge|0.4776
webis-touche2020|bm25|optimal_per_topic|judge_expr|0.3709
webis-touche2020|bm25|optimal_per_topic|rankgpt|0.4526
webis-touche2020|bm25|optimal_per_topic|setmaxheaptopk|0.3661
webis-touche2020|bm25|quantile|judge|0.4911
webis-touche2020|bm25|quantile|judge_expr|0.4063
webis-touche2020|bm25|quantile|rankgpt|0.4895
webis-touche2020|bm25|quantile|setmaxheaptopk|0.409
webis-touche2020|bm25|rank|judge|0.2653
webis-touche2020|bm25|rank|judge_expr|0.2156
webis-touche2020|bm25|rank|rankgpt|0.2031
webis-touche2020|bm25|rank|setmaxheaptopk|0.2542
webis-touche2020|bm25|thresholding|judge|0.4415
webis-touche2020|bm25|thresholding|judge_expr|0.4156
webis-touche2020|bm25|thresholding|rankgpt|0.0
webis-touche2020|bm25|thresholding|setmaxheaptopk|0.0
webis-touche2020|bm25+judge|direct|judge|0.6116
webis-touche2020|bm25+judge|direct|judge_expr|0.6043
webis-touche2020|bm25+judge|direct|rankgpt|0.253
webis-touche2020|bm25+judge|direct|setmaxheaptopk|0.2483
webis-touche2020|bm25+judge|largest_gap|judge|0.6026
webis-touche2020|bm25+judge|largest_gap|judge_expr|0.6098
webis-touche2020|bm25+judge|largest_gap|rankgpt|0.253
webis-touche2020|bm25+judge|largest_gap|setmaxheaptopk|0.2483
webis-touche2020|bm25+judge|optimal_global|judge|0.5862
webis-touche2020|bm25+judge|optimal_global|judge_expr|0.5831
webis-touche2020|bm25+judge|optimal_global|rankgpt|0.3446
webis-touche2020|bm25+judge|optimal_global|setmaxheaptopk|0.2977
webis-touche2020|bm25+judge|optimal_per_topic|judge|0.5886
webis-touche2020|bm25+judge|optimal_per_topic|judge_expr|0.4703
webis-touche2020|bm25+judge|optimal_per_topic|rankgpt|0.3459
webis-touche2020|bm25+judge|optimal_per_topic|setmaxheaptopk|0.3699
webis-touche2020|bm25+judge|quantile|judge|0.6159
webis-touche2020|bm25+judge|quantile|judge_expr|0.6019
webis-touche2020|bm25+judge|quantile|rankgpt|0.3924
webis-touche2020|bm25+judge|quantile|setmaxheaptopk|0.4289
webis-touche2020|bm25+judge|rank|judge|0.418
webis-touche2020|bm25+judge|rank|judge_expr|0.4226
webis-touche2020|bm25+judge|rank|rankgpt|0.2392
webis-touche2020|bm25+judge|rank|setmaxheaptopk|0.2977
webis-touche2020|bm25+judge|thresholding|judge|0.6106
webis-touche2020|bm25+judge|thresholding|judge_expr|0.6019
webis-touche2020|bm25+judge|thresholding|rankgpt|0.0
webis-touche2020|bm25+judge|thresholding|setmaxheaptopk|0.0
webis-touche2020|bm25+judge_expr|direct|judge|0.6158
webis-touche2020|bm25+judge_expr|direct|judge_expr|0.6131
webis-touche2020|bm25+judge_expr|direct|rankgpt|0.2669
webis-touche2020|bm25+judge_expr|direct|setmaxheaptopk|0.3283
webis-touche2020|bm25+judge_expr|largest_gap|judge|0.6034
webis-touche2020|bm25+judge_expr|largest_gap|judge_expr|0.6161
webis-touche2020|bm25+judge_expr|largest_gap|rankgpt|0.2669
webis-touche2020|bm25+judge_expr|largest_gap|setmaxheaptopk|0.3283
webis-touche2020|bm25+judge_expr|optimal_global|judge|0.5856
webis-touche2020|bm25+judge_expr|optimal_global|judge_expr|0.6106
webis-touche2020|bm25+judge_expr|optimal_global|rankgpt|0.3938
webis-touche2020|bm25+judge_expr|optimal_global|setmaxheaptopk|0.3755
webis-touche2020|bm25+judge_expr|optimal_per_topic|judge|0.5948
webis-touche2020|bm25+judge_expr|optimal_per_topic|judge_expr|0.6192
webis-touche2020|bm25+judge_expr|optimal_per_topic|rankgpt|0.4094
webis-touche2020|bm25+judge_expr|optimal_per_topic|setmaxheaptopk|0.4348
webis-touche2020|bm25+judge_expr|quantile|judge|0.6194
webis-touche2020|bm25+judge_expr|quantile|judge_expr|0.6194
webis-touche2020|bm25+judge_expr|quantile|rankgpt|0.4335
webis-touche2020|bm25+judge_expr|quantile|setmaxheaptopk|0.4876
webis-touche2020|bm25+judge_expr|rank|judge|0.4411
webis-touche2020|bm25+judge_expr|rank|judge_expr|0.5805
webis-touche2020|bm25+judge_expr|rank|rankgpt|0.2757
webis-touche2020|bm25+judge_expr|rank|setmaxheaptopk|0.3755
webis-touche2020|bm25+judge_expr|thresholding|judge|0.6124
webis-touche2020|bm25+judge_expr|thresholding|judge_expr|0.6128
webis-touche2020|bm25+judge_expr|thresholding|rankgpt|0.0
webis-touche2020|bm25+judge_expr|thresholding|setmaxheaptopk|0.0
webis-touche2020|bm25+point|direct|judge|0.4912
webis-touche2020|bm25+point|direct|judge_expr|0.4421
webis-touche2020|bm25+point|direct|rankgpt|0.2042
webis-touche2020|bm25+point|direct|setmaxheaptopk|0.2007
webis-touche2020|bm25+point|largest_gap|judge|0.3444
webis-touche2020|bm25+point|largest_gap|judge_expr|0.4462
webis-touche2020|bm25+point|largest_gap|rankgpt|0.2042
webis-touche2020|bm25+point|largest_gap|setmaxheaptopk|0.2007
webis-touche2020|bm25+point|optimal_global|judge|0.3215
webis-touche2020|bm25+point|optimal_global|judge_expr|0.3664
webis-touche2020|bm25+point|optimal_global|rankgpt|0.3333
webis-touche2020|bm25+point|optimal_global|setmaxheaptopk|0.2509
webis-touche2020|bm25+point|optimal_per_topic|judge|0.4228
webis-touche2020|bm25+point|optimal_per_topic|judge_expr|0.3178
webis-touche2020|bm25+point|optimal_per_topic|rankgpt|0.3271
webis-touche2020|bm25+point|optimal_per_topic|setmaxheaptopk|0.3321
webis-touche2020|bm25+point|quantile|judge|0.49
webis-touche2020|bm25+point|quantile|judge_expr|0.421
webis-touche2020|bm25+point|quantile|rankgpt|0.3691
webis-touche2020|bm25+point|quantile|setmaxheaptopk|0.375
webis-touche2020|bm25+point|rank|judge|0.2633
webis-touche2020|bm25+point|rank|judge_expr|0.2554
webis-touche2020|bm25+point|rank|rankgpt|0.1952
webis-touche2020|bm25+point|rank|setmaxheaptopk|0.2509
webis-touche2020|bm25+point|thresholding|judge|0.4578
webis-touche2020|bm25+point|thresholding|judge_expr|0.4441
webis-touche2020|bm25+point|thresholding|rankgpt|0.0
webis-touche2020|bm25+point|thresholding|setmaxheaptopk|0.0
webis-touche2020|bm25+rankfirst|direct|judge|0.6364
webis-touche2020|bm25+rankfirst|direct|judge_expr|0.5689
webis-touche2020|bm25+rankfirst|direct|rankgpt|0.3272
webis-touche2020|bm25+rankfirst|direct|setmaxheaptopk|0.391
webis-touche2020|bm25+rankfirst|largest_gap|judge|0.4946
webis-touche2020|bm25+rankfirst|largest_gap|judge_expr|0.583
webis-touche2020|bm25+rankfirst|largest_gap|rankgpt|0.3272
webis-touche2020|bm25+rankfirst|largest_gap|setmaxheaptopk|0.391
webis-touche2020|bm25+rankfirst|optimal_global|judge|0.4819
webis-touche2020|bm25+rankfirst|optimal_global|judge_expr|0.5029
webis-touche2020|bm25+rankfirst|optimal_global|rankgpt|0.5802
webis-touche2020|bm25+rankfirst|optimal_global|setmaxheaptopk|0.4162
webis-touche2020|bm25+rankfirst|optimal_per_topic|judge|0.5826
webis-touche2020|bm25+rankfirst|optimal_per_topic|judge_expr|0.4694
webis-touche2020|bm25+rankfirst|optimal_per_topic|rankgpt|0.5789
webis-touche2020|bm25+rankfirst|optimal_per_topic|setmaxheaptopk|0.5247
webis-touche2020|bm25+rankfirst|quantile|judge|0.6235
webis-touche2020|bm25+rankfirst|quantile|judge_expr|0.5361
webis-touche2020|bm25+rankfirst|quantile|rankgpt|0.6537
webis-touche2020|bm25+rankfirst|quantile|setmaxheaptopk|0.575
webis-touche2020|bm25+rankfirst|rank|judge|0.3995
webis-touche2020|bm25+rankfirst|rank|judge_expr|0.3262
webis-touche2020|bm25+rankfirst|rank|rankgpt|0.3474
webis-touche2020|bm25+rankfirst|rank|setmaxheaptopk|0.4162
webis-touche2020|bm25+rankfirst|thresholding|judge|0.5796
webis-touche2020|bm25+rankfirst|thresholding|judge_expr|0.5524
webis-touche2020|bm25+rankfirst|thresholding|rankgpt|0.0
webis-touche2020|bm25+rankfirst|thresholding|setmaxheaptopk|0.0
webis-touche2020|bm25+rankgpt|direct|judge|0.5522
webis-touche2020|bm25+rankgpt|direct|judge_expr|0.511
webis-touche2020|bm25+rankgpt|direct|rankgpt|0.3227
webis-touche2020|bm25+rankgpt|direct|setmaxheaptopk|0.321
webis-touche2020|bm25+rankgpt|largest_gap|judge|0.4278
webis-touche2020|bm25+rankgpt|largest_gap|judge_expr|0.5153
webis-touche2020|bm25+rankgpt|largest_gap|rankgpt|0.3227
webis-touche2020|bm25+rankgpt|largest_gap|setmaxheaptopk|0.321
webis-touche2020|bm25+rankgpt|optimal_global|judge|0.429
webis-touche2020|bm25+rankgpt|optimal_global|judge_expr|0.4536
webis-touche2020|bm25+rankgpt|optimal_global|rankgpt|0.4475
webis-touche2020|bm25+rankgpt|optimal_global|setmaxheaptopk|0.3278
webis-touche2020|bm25+rankgpt|optimal_per_topic|judge|0.5023
webis-touche2020|bm25+rankgpt|optimal_per_topic|judge_expr|0.4561
webis-touche2020|bm25+rankgpt|optimal_per_topic|rankgpt|0.463
webis-touche2020|bm25+rankgpt|optimal_per_topic|setmaxheaptopk|0.4205
webis-touche2020|bm25+rankgpt|quantile|judge|0.5542
webis-touche2020|bm25+rankgpt|quantile|judge_expr|0.4979
webis-touche2020|bm25+rankgpt|quantile|rankgpt|0.488
webis-touche2020|bm25+rankgpt|quantile|setmaxheaptopk|0.4712
webis-touche2020|bm25+rankgpt|rank|judge|0.2861
webis-touche2020|bm25+rankgpt|rank|judge_expr|0.3158
webis-touche2020|bm25+rankgpt|rank|rankgpt|0.3346
webis-touche2020|bm25+rankgpt|rank|setmaxheaptopk|0.3278
webis-touche2020|bm25+rankgpt|thresholding|judge|0.5116
webis-touche2020|bm25+rankgpt|thresholding|judge_expr|0.492
webis-touche2020|bm25+rankgpt|thresholding|rankgpt|0.0
webis-touche2020|bm25+rankgpt|thresholding|setmaxheaptopk|0.0
webis-touche2020|bm25+rankzephyr|direct|judge|0.5024
webis-touche2020|bm25+rankzephyr|direct|judge_expr|0.415
webis-touche2020|bm25+rankzephyr|direct|rankgpt|0.219
webis-touche2020|bm25+rankzephyr|largest_gap|judge|0.3163
webis-touche2020|bm25+rankzephyr|largest_gap|judge_expr|0.4274
webis-touche2020|bm25+rankzephyr|largest_gap|rankgpt|0.219
webis-touche2020|bm25+rankzephyr|optimal_global|judge|0.3102
webis-touche2020|bm25+rankzephyr|optimal_global|judge_expr|0.3349
webis-touche2020|bm25+rankzephyr|optimal_global|rankgpt|0.4132
webis-touche2020|bm25+rankzephyr|optimal_per_topic|judge|0.4641
webis-touche2020|bm25+rankzephyr|optimal_per_topic|judge_expr|0.3658
webis-touche2020|bm25+rankzephyr|optimal_per_topic|rankgpt|0.459
webis-touche2020|bm25+rankzephyr|quantile|judge|0.4749
webis-touche2020|bm25+rankzephyr|quantile|judge_expr|0.3918
webis-touche2020|bm25+rankzephyr|quantile|rankgpt|0.4807
webis-touche2020|bm25+rankzephyr|rank|judge|0.2517
webis-touche2020|bm25+rankzephyr|rank|judge_expr|0.2091
webis-touche2020|bm25+rankzephyr|rank|rankgpt|0.202
webis-touche2020|bm25+rankzephyr|thresholding|judge|0.4238
webis-touche2020|bm25+rankzephyr|thresholding|judge_expr|0.4038
webis-touche2020|bm25+rankzephyr|thresholding|rankgpt|0.0
webis-touche2020|bm25+setmaxheaptopk|direct|judge|0.5403
webis-touche2020|bm25+setmaxheaptopk|direct|judge_expr|0.5021
webis-touche2020|bm25+setmaxheaptopk|direct|rankgpt|0.3252
webis-touche2020|bm25+setmaxheaptopk|direct|setmaxheaptopk|0.4069
webis-touche2020|bm25+setmaxheaptopk|largest_gap|judge|0.4413
webis-touche2020|bm25+setmaxheaptopk|largest_gap|judge_expr|0.51
webis-touche2020|bm25+setmaxheaptopk|largest_gap|rankgpt|0.3252
webis-touche2020|bm25+setmaxheaptopk|largest_gap|setmaxheaptopk|0.4069
webis-touche2020|bm25+setmaxheaptopk|optimal_global|judge|0.4378
webis-touche2020|bm25+setmaxheaptopk|optimal_global|judge_expr|0.4686
webis-touche2020|bm25+setmaxheaptopk|optimal_global|rankgpt|0.4315
webis-touche2020|bm25+setmaxheaptopk|optimal_global|setmaxheaptopk|0.3959
webis-touche2020|bm25+setmaxheaptopk|optimal_per_topic|judge|0.4975
webis-touche2020|bm25+setmaxheaptopk|optimal_per_topic|judge_expr|0.4321
webis-touche2020|bm25+setmaxheaptopk|optimal_per_topic|rankgpt|0.4293
webis-touche2020|bm25+setmaxheaptopk|optimal_per_topic|setmaxheaptopk|0.4736
webis-touche2020|bm25+setmaxheaptopk|quantile|judge|0.5563
webis-touche2020|bm25+setmaxheaptopk|quantile|judge_expr|0.52
webis-touche2020|bm25+setmaxheaptopk|quantile|rankgpt|0.464
webis-touche2020|bm25+setmaxheaptopk|quantile|setmaxheaptopk|0.4976
webis-touche2020|bm25+setmaxheaptopk|rank|judge|0.341
webis-touche2020|bm25+setmaxheaptopk|rank|judge_expr|0.3416
webis-touche2020|bm25+setmaxheaptopk|rank|rankgpt|0.2983
webis-touche2020|bm25+setmaxheaptopk|rank|setmaxheaptopk|0.3959
webis-touche2020|bm25+setmaxheaptopk|thresholding|judge|0.5056
webis-touche2020|bm25+setmaxheaptopk|thresholding|judge_expr|0.4959
webis-touche2020|bm25+setmaxheaptopk|thresholding|rankgpt|0.0
webis-touche2020|bm25+setmaxheaptopk|thresholding|setmaxheaptopk|0.0
webis-touche2020|colbert-small|direct|judge|0.3958
webis-touche2020|colbert-small|direct|judge_expr|0.3101
webis-touche2020|colbert-small|direct|rankgpt|0.1552
webis-touche2020|colbert-small|direct|setmaxheaptopk|0.1111
webis-touche2020|colbert-small|largest_gap|judge|0.2138
webis-touche2020|colbert-small|largest_gap|judge_expr|0.3127
webis-touche2020|colbert-small|largest_gap|rankgpt|0.1552
webis-touche2020|colbert-small|largest_gap|setmaxheaptopk|0.1111
webis-touche2020|colbert-small|optimal_global|judge|0.203
webis-touche2020|colbert-small|optimal_global|judge_expr|0.2377
webis-touche2020|colbert-small|optimal_global|rankgpt|0.3936
webis-touche2020|colbert-small|optimal_global|setmaxheaptopk|0.1954
webis-touche2020|colbert-small|optimal_per_topic|judge|0.3235
webis-touche2020|colbert-small|optimal_per_topic|judge_expr|0.2297
webis-touche2020|colbert-small|optimal_per_topic|rankgpt|0.3762
webis-touche2020|colbert-small|optimal_per_topic|setmaxheaptopk|0.2766
webis-touche2020|colbert-small|quantile|judge|0.3694
webis-touche2020|colbert-small|quantile|judge_expr|0.2662
webis-touche2020|colbert-small|quantile|rankgpt|0.4345
webis-touche2020|colbert-small|quantile|setmaxheaptopk|0.3143
webis-touche2020|colbert-small|rank|judge|0.1978
webis-touche2020|colbert-small|rank|judge_expr|0.1388
webis-touche2020|colbert-small|rank|rankgpt|0.1639
webis-touche2020|colbert-small|rank|setmaxheaptopk|0.1954
webis-touche2020|colbert-small|thresholding|judge|0.3231
webis-touche2020|colbert-small|thresholding|judge_expr|0.297
webis-touche2020|colbert-small|thresholding|rankgpt|0.0
webis-touche2020|colbert-small|thresholding|setmaxheaptopk|0.0
webis-touche2020|colbert-small+judge|direct|judge|0.6881
webis-touche2020|colbert-small+judge|direct|judge_expr|0.6854
webis-touche2020|colbert-small+judge|direct|rankgpt|0.3258
webis-touche2020|colbert-small+judge|direct|setmaxheaptopk|0.3082
webis-touche2020|colbert-small+judge|largest_gap|judge|0.7022
webis-touche2020|colbert-small+judge|largest_gap|judge_expr|0.6957
webis-touche2020|colbert-small+judge|largest_gap|rankgpt|0.3258
webis-touche2020|colbert-small+judge|largest_gap|setmaxheaptopk|0.3082
webis-touche2020|colbert-small+judge|optimal_global|judge|0.6845
webis-touche2020|colbert-small+judge|optimal_global|judge_expr|0.6694
webis-touche2020|colbert-small+judge|optimal_global|rankgpt|0.3915
webis-touche2020|colbert-small+judge|optimal_global|setmaxheaptopk|0.3151
webis-touche2020|colbert-small+judge|optimal_per_topic|judge|0.6865
webis-touche2020|colbert-small+judge|optimal_per_topic|judge_expr|0.5055
webis-touche2020|colbert-small+judge|optimal_per_topic|rankgpt|0.4011
webis-touche2020|colbert-small+judge|optimal_per_topic|setmaxheaptopk|0.4044
webis-touche2020|colbert-small+judge|quantile|judge|0.6867
webis-touche2020|colbert-small+judge|quantile|judge_expr|0.6691
webis-touche2020|colbert-small+judge|quantile|rankgpt|0.4422
webis-touche2020|colbert-small+judge|quantile|setmaxheaptopk|0.4521
webis-touche2020|colbert-small+judge|rank|judge|0.4802
webis-touche2020|colbert-small+judge|rank|judge_expr|0.4501
webis-touche2020|colbert-small+judge|rank|rankgpt|0.2775
webis-touche2020|colbert-small+judge|rank|setmaxheaptopk|0.3151
webis-touche2020|colbert-small+judge|thresholding|judge|0.6998
webis-touche2020|colbert-small+judge|thresholding|judge_expr|0.686
webis-touche2020|colbert-small+judge|thresholding|rankgpt|0.0
webis-touche2020|colbert-small+judge|thresholding|setmaxheaptopk|0.0
webis-touche2020|colbert-small+judge_expr|direct|judge|0.6786
webis-touche2020|colbert-small+judge_expr|direct|judge_expr|0.6824
webis-touche2020|colbert-small+judge_expr|direct|rankgpt|0.3509
webis-touche2020|colbert-small+judge_expr|direct|setmaxheaptopk|0.3906
webis-touche2020|colbert-small+judge_expr|largest_gap|judge|0.7007
webis-touche2020|colbert-small+judge_expr|largest_gap|judge_expr|0.6907
webis-touche2020|colbert-small+judge_expr|largest_gap|rankgpt|0.3509
webis-touche2020|colbert-small+judge_expr|largest_gap|setmaxheaptopk|0.3906
webis-touche2020|colbert-small+judge_expr|optimal_global|judge|0.6816
webis-touche2020|colbert-small+judge_expr|optimal_global|judge_expr|0.6929
webis-touche2020|colbert-small+judge_expr|optimal_global|rankgpt|0.4338
webis-touche2020|colbert-small+judge_expr|optimal_global|setmaxheaptopk|0.3885
webis-touche2020|colbert-small+judge_expr|optimal_per_topic|judge|0.6773
webis-touche2020|colbert-small+judge_expr|optimal_per_topic|judge_expr|0.6266
webis-touche2020|colbert-small+judge_expr|optimal_per_topic|rankgpt|0.4621
webis-touche2020|colbert-small+judge_expr|optimal_per_topic|setmaxheaptopk|0.4614
webis-touche2020|colbert-small+judge_expr|quantile|judge|0.6736
webis-touche2020|colbert-small+judge_expr|quantile|judge_expr|0.6723
webis-touche2020|colbert-small+judge_expr|quantile|rankgpt|0.4757
webis-touche2020|colbert-small+judge_expr|quantile|setmaxheaptopk|0.502
webis-touche2020|colbert-small+judge_expr|rank|judge|0.5113
webis-touche2020|colbert-small+judge_expr|rank|judge_expr|0.6158
webis-touche2020|colbert-small+judge_expr|rank|rankgpt|0.3065
webis-touche2020|colbert-small+judge_expr|rank|setmaxheaptopk|0.3885
webis-touche2020|colbert-small+judge_expr|thresholding|judge|0.6877
webis-touche2020|colbert-small+judge_expr|thresholding|judge_expr|0.6861
webis-touche2020|colbert-small+judge_expr|thresholding|rankgpt|0.0
webis-touche2020|colbert-small+judge_expr|thresholding|setmaxheaptopk|0.0
webis-touche2020|colbert-small+point|direct|judge|0.4798
webis-touche2020|colbert-small+point|direct|judge_expr|0.4318
webis-touche2020|colbert-small+point|direct|rankgpt|0.2296
webis-touche2020|colbert-small+point|direct|setmaxheaptopk|0.226
webis-touche2020|colbert-small+point|largest_gap|judge|0.3292
webis-touche2020|colbert-small+point|largest_gap|judge_expr|0.4411
webis-touche2020|colbert-small+point|largest_gap|rankgpt|0.2296
webis-touche2020|colbert-small+point|largest_gap|setmaxheaptopk|0.226
webis-touche2020|colbert-small+point|optimal_global|judge|0.3027
webis-touche2020|colbert-small+point|optimal_global|judge_expr|0.3553
webis-touche2020|colbert-small+point|optimal_global|rankgpt|0.3229
webis-touche2020|colbert-small+point|optimal_global|setmaxheaptopk|0.2443
webis-touche2020|colbert-small+point|optimal_per_topic|judge|0.4251
webis-touche2020|colbert-small+point|optimal_per_topic|judge_expr|0.3211
webis-touche2020|colbert-small+point|optimal_per_topic|rankgpt|0.3217
webis-touche2020|colbert-small+point|optimal_per_topic|setmaxheaptopk|0.3371
webis-touche2020|colbert-small+point|quantile|judge|0.4607
webis-touche2020|colbert-small+point|quantile|judge_expr|0.4056
webis-touche2020|colbert-small+point|quantile|rankgpt|0.3654
webis-touche2020|colbert-small+point|quantile|setmaxheaptopk|0.3765
webis-touche2020|colbert-small+point|rank|judge|0.2502
webis-touche2020|colbert-small+point|rank|judge_expr|0.2356
webis-touche2020|colbert-small+point|rank|rankgpt|0.199
webis-touche2020|colbert-small+point|rank|setmaxheaptopk|0.2443
webis-touche2020|colbert-small+point|thresholding|judge|0.4591
webis-touche2020|colbert-small+point|thresholding|judge_expr|0.4385
webis-touche2020|colbert-small+point|thresholding|rankgpt|0.0
webis-touche2020|colbert-small+point|thresholding|setmaxheaptopk|0.0
webis-touche2020|colbert-small+rankfirst|direct|judge|0.5889
webis-touche2020|colbert-small+rankfirst|direct|judge_expr|0.5218
webis-touche2020|colbert-small+rankfirst|direct|rankgpt|0.3794
webis-touche2020|colbert-small+rankfirst|direct|setmaxheaptopk|0.3706
webis-touche2020|colbert-small+rankfirst|largest_gap|judge|0.4641
webis-touche2020|colbert-small+rankfirst|largest_gap|judge_expr|0.5455
webis-touche2020|colbert-small+rankfirst|largest_gap|rankgpt|0.3794
webis-touche2020|colbert-small+rankfirst|largest_gap|setmaxheaptopk|0.3706
webis-touche2020|colbert-small+rankfirst|optimal_global|judge|0.4293
webis-touche2020|colbert-small+rankfirst|optimal_global|judge_expr|0.468
webis-touche2020|colbert-small+rankfirst|optimal_global|rankgpt|0.5512
webis-touche2020|colbert-small+rankfirst|optimal_global|setmaxheaptopk|0.381
webis-touche2020|colbert-small+rankfirst|optimal_per_topic|judge|0.52
webis-touche2020|colbert-small+rankfirst|optimal_per_topic|judge_expr|0.4276
webis-touche2020|colbert-small+rankfirst|optimal_per_topic|rankgpt|0.5624
webis-touche2020|colbert-small+rankfirst|optimal_per_topic|setmaxheaptopk|0.4732
webis-touche2020|colbert-small+rankfirst|quantile|judge|0.5567
webis-touche2020|colbert-small+rankfirst|quantile|judge_expr|0.4841
webis-touche2020|colbert-small+rankfirst|quantile|rankgpt|0.6104
webis-touche2020|colbert-small+rankfirst|quantile|setmaxheaptopk|0.519
webis-touche2020|colbert-small+rankfirst|rank|judge|0.3653
webis-touche2020|colbert-small+rankfirst|rank|judge_expr|0.2868
webis-touche2020|colbert-small+rankfirst|rank|rankgpt|0.3379
webis-touche2020|colbert-small+rankfirst|rank|setmaxheaptopk|0.381
webis-touche2020|colbert-small+rankfirst|thresholding|judge|0.5398
webis-touche2020|colbert-small+rankfirst|thresholding|judge_expr|0.5179
webis-touche2020|colbert-small+rankfirst|thresholding|rankgpt|0.0
webis-touche2020|colbert-small+rankfirst|thresholding|setmaxheaptopk|0.0
webis-touche2020|colbert-small+rankgpt|direct|judge|0.5614
webis-touche2020|colbert-small+rankgpt|direct|judge_expr|0.5208
webis-touche2020|colbert-small+rankgpt|direct|rankgpt|0.3144
webis-touche2020|colbert-small+rankgpt|direct|setmaxheaptopk|0.315
webis-touche2020|colbert-small+rankgpt|largest_gap|judge|0.4513
webis-touche2020|colbert-small+rankgpt|largest_gap|judge_expr|0.5277
webis-touche2020|colbert-small+rankgpt|largest_gap|rankgpt|0.3144
webis-touche2020|colbert-small+rankgpt|largest_gap|setmaxheaptopk|0.315
webis-touche2020|colbert-small+rankgpt|optimal_global|judge|0.4333
webis-touche2020|colbert-small+rankgpt|optimal_global|judge_expr|0.4722
webis-touche2020|colbert-small+rankgpt|optimal_global|rankgpt|0.4552
webis-touche2020|colbert-small+rankgpt|optimal_global|setmaxheaptopk|0.3305
webis-touche2020|colbert-small+rankgpt|optimal_per_topic|judge|0.5202
webis-touche2020|colbert-small+rankgpt|optimal_per_topic|judge_expr|0.4063
webis-touche2020|colbert-small+rankgpt|optimal_per_topic|rankgpt|0.4509
webis-touche2020|colbert-small+rankgpt|optimal_per_topic|setmaxheaptopk|0.4298
webis-touche2020|colbert-small+rankgpt|quantile|judge|0.5476
webis-touche2020|colbert-small+rankgpt|quantile|judge_expr|0.492
webis-touche2020|colbert-small+rankgpt|quantile|rankgpt|0.5043
webis-touche2020|colbert-small+rankgpt|quantile|setmaxheaptopk|0.4579
webis-touche2020|colbert-small+rankgpt|rank|judge|0.3009
webis-touche2020|colbert-small+rankgpt|rank|judge_expr|0.2892
webis-touche2020|colbert-small+rankgpt|rank|rankgpt|0.3337
webis-touche2020|colbert-small+rankgpt|rank|setmaxheaptopk|0.3305
webis-touche2020|colbert-small+rankgpt|thresholding|judge|0.5339
webis-touche2020|colbert-small+rankgpt|thresholding|judge_expr|0.5098
webis-touche2020|colbert-small+rankgpt|thresholding|rankgpt|0.0
webis-touche2020|colbert-small+rankgpt|thresholding|setmaxheaptopk|0.0
webis-touche2020|colbert-small+rankzephyr|direct|judge|0.4015
webis-touche2020|colbert-small+rankzephyr|direct|judge_expr|0.3156
webis-touche2020|colbert-small+rankzephyr|direct|rankgpt|0.1467
webis-touche2020|colbert-small+rankzephyr|largest_gap|judge|0.2112
webis-touche2020|colbert-small+rankzephyr|largest_gap|judge_expr|0.3168
webis-touche2020|colbert-small+rankzephyr|largest_gap|rankgpt|0.1467
webis-touche2020|colbert-small+rankzephyr|optimal_global|judge|0.1988
webis-touche2020|colbert-small+rankzephyr|optimal_global|judge_expr|0.2406
webis-touche2020|colbert-small+rankzephyr|optimal_global|rankgpt|0.3801
webis-touche2020|colbert-small+rankzephyr|optimal_per_topic|judge|0.3296
webis-touche2020|colbert-small+rankzephyr|optimal_per_topic|judge_expr|0.2356
webis-touche2020|colbert-small+rankzephyr|optimal_per_topic|rankgpt|0.3669
webis-touche2020|colbert-small+rankzephyr|quantile|judge|0.3783
webis-touche2020|colbert-small+rankzephyr|quantile|judge_expr|0.2881
webis-touche2020|colbert-small+rankzephyr|quantile|rankgpt|0.4282
webis-touche2020|colbert-small+rankzephyr|rank|judge|0.1935
webis-touche2020|colbert-small+rankzephyr|rank|judge_expr|0.1332
webis-touche2020|colbert-small+rankzephyr|rank|rankgpt|0.1648
webis-touche2020|colbert-small+rankzephyr|thresholding|judge|0.331
webis-touche2020|colbert-small+rankzephyr|thresholding|judge_expr|0.3011
webis-touche2020|colbert-small+rankzephyr|thresholding|rankgpt|0.0
webis-touche2020|colbert-small+setmaxheaptopk|direct|judge|0.582
webis-touche2020|colbert-small+setmaxheaptopk|direct|judge_expr|0.5424
webis-touche2020|colbert-small+setmaxheaptopk|direct|rankgpt|0.3982
webis-touche2020|colbert-small+setmaxheaptopk|direct|setmaxheaptopk|0.4366
webis-touche2020|colbert-small+setmaxheaptopk|largest_gap|judge|0.457
webis-touche2020|colbert-small+setmaxheaptopk|largest_gap|judge_expr|0.5612
webis-touche2020|colbert-small+setmaxheaptopk|largest_gap|rankgpt|0.3982
webis-touche2020|colbert-small+setmaxheaptopk|largest_gap|setmaxheaptopk|0.4366
webis-touche2020|colbert-small+setmaxheaptopk|optimal_global|judge|0.4518
webis-touche2020|colbert-small+setmaxheaptopk|optimal_global|judge_expr|0.4969
webis-touche2020|colbert-small+setmaxheaptopk|optimal_global|rankgpt|0.4567
webis-touche2020|colbert-small+setmaxheaptopk|optimal_global|setmaxheaptopk|0.4156
webis-touche2020|colbert-small+setmaxheaptopk|optimal_per_topic|judge|0.5295
webis-touche2020|colbert-small+setmaxheaptopk|optimal_per_topic|judge_expr|0.4504
webis-touche2020|colbert-small+setmaxheaptopk|optimal_per_topic|rankgpt|0.4628
webis-touche2020|colbert-small+setmaxheaptopk|optimal_per_topic|setmaxheaptopk|0.4849
webis-touche2020|colbert-small+setmaxheaptopk|quantile|judge|0.5825
webis-touche2020|colbert-small+setmaxheaptopk|quantile|judge_expr|0.5247
webis-touche2020|colbert-small+setmaxheaptopk|quantile|rankgpt|0.4921
webis-touche2020|colbert-small+setmaxheaptopk|quantile|setmaxheaptopk|0.5339
webis-touche2020|colbert-small+setmaxheaptopk|rank|judge|0.3634
webis-touche2020|colbert-small+setmaxheaptopk|rank|judge_expr|0.3401
webis-touche2020|colbert-small+setmaxheaptopk|rank|rankgpt|0.3301
webis-touche2020|colbert-small+setmaxheaptopk|rank|setmaxheaptopk|0.4156
webis-touche2020|colbert-small+setmaxheaptopk|thresholding|judge|0.5582
webis-touche2020|colbert-small+setmaxheaptopk|thresholding|judge_expr|0.5462
webis-touche2020|colbert-small+setmaxheaptopk|thresholding|rankgpt|0.0
webis-touche2020|colbert-small+setmaxheaptopk|thresholding|setmaxheaptopk|0.0
webis-touche2020|nomicai-modernbert-embed|direct|judge|0.6768
webis-touche2020|nomicai-modernbert-embed|direct|judge_expr|0.5914
webis-touche2020|nomicai-modernbert-embed|direct|rankgpt|0.3861
webis-touche2020|nomicai-modernbert-embed|direct|setmaxheaptopk|0.3495
webis-touche2020|nomicai-modernbert-embed|largest_gap|judge|0.466
webis-touche2020|nomicai-modernbert-embed|largest_gap|judge_expr|0.6047
webis-touche2020|nomicai-modernbert-embed|largest_gap|rankgpt|0.3861
webis-touche2020|nomicai-modernbert-embed|largest_gap|setmaxheaptopk|0.3495
webis-touche2020|nomicai-modernbert-embed|optimal_global|judge|0.4402
webis-touche2020|nomicai-modernbert-embed|optimal_global|judge_expr|0.5103
webis-touche2020|nomicai-modernbert-embed|optimal_global|rankgpt|0.7268
webis-touche2020|nomicai-modernbert-embed|optimal_global|setmaxheaptopk|0.4089
webis-touche2020|nomicai-modernbert-embed|optimal_per_topic|judge|0.6197
webis-touche2020|nomicai-modernbert-embed|optimal_per_topic|judge_expr|0.4814
webis-touche2020|nomicai-modernbert-embed|optimal_per_topic|rankgpt|0.68
webis-touche2020|nomicai-modernbert-embed|optimal_per_topic|setmaxheaptopk|0.5379
webis-touche2020|nomicai-modernbert-embed|quantile|judge|0.6653
webis-touche2020|nomicai-modernbert-embed|quantile|judge_expr|0.5537
webis-touche2020|nomicai-modernbert-embed|quantile|rankgpt|0.7765
webis-touche2020|nomicai-modernbert-embed|quantile|setmaxheaptopk|0.5656
webis-touche2020|nomicai-modernbert-embed|rank|judge|0.4238
webis-touche2020|nomicai-modernbert-embed|rank|judge_expr|0.3239
webis-touche2020|nomicai-modernbert-embed|rank|rankgpt|0.3822
webis-touche2020|nomicai-modernbert-embed|rank|setmaxheaptopk|0.4089
webis-touche2020|nomicai-modernbert-embed|thresholding|judge|0.6127
webis-touche2020|nomicai-modernbert-embed|thresholding|judge_expr|0.5861
webis-touche2020|nomicai-modernbert-embed|thresholding|rankgpt|0.0
webis-touche2020|nomicai-modernbert-embed|thresholding|setmaxheaptopk|0.0
webis-touche2020|nomicai-modernbert-embed+judge|direct|judge|0.7162
webis-touche2020|nomicai-modernbert-embed+judge|direct|judge_expr|0.717
webis-touche2020|nomicai-modernbert-embed+judge|direct|rankgpt|0.3079
webis-touche2020|nomicai-modernbert-embed+judge|direct|setmaxheaptopk|0.2955
webis-touche2020|nomicai-modernbert-embed+judge|largest_gap|judge|0.7406
webis-touche2020|nomicai-modernbert-embed+judge|largest_gap|judge_expr|0.727
webis-touche2020|nomicai-modernbert-embed+judge|largest_gap|rankgpt|0.3079
webis-touche2020|nomicai-modernbert-embed+judge|largest_gap|setmaxheaptopk|0.2955
webis-touche2020|nomicai-modernbert-embed+judge|optimal_global|judge|0.7063
webis-touche2020|nomicai-modernbert-embed+judge|optimal_global|judge_expr|0.7055
webis-touche2020|nomicai-modernbert-embed+judge|optimal_global|rankgpt|0.3717
webis-touche2020|nomicai-modernbert-embed+judge|optimal_global|setmaxheaptopk|0.3297
webis-touche2020|nomicai-modernbert-embed+judge|optimal_per_topic|judge|0.7042
webis-touche2020|nomicai-modernbert-embed+judge|optimal_per_topic|judge_expr|0.5262
webis-touche2020|nomicai-modernbert-embed+judge|optimal_per_topic|rankgpt|0.4088
webis-touche2020|nomicai-modernbert-embed+judge|optimal_per_topic|setmaxheaptopk|0.424
webis-touche2020|nomicai-modernbert-embed+judge|quantile|judge|0.7079
webis-touche2020|nomicai-modernbert-embed+judge|quantile|judge_expr|0.681
webis-touche2020|nomicai-modernbert-embed+judge|quantile|rankgpt|0.4281
webis-touche2020|nomicai-modernbert-embed+judge|quantile|setmaxheaptopk|0.4705
webis-touche2020|nomicai-modernbert-embed+judge|rank|judge|0.4911
webis-touche2020|nomicai-modernbert-embed+judge|rank|judge_expr|0.4937
webis-touche2020|nomicai-modernbert-embed+judge|rank|rankgpt|0.2788
webis-touche2020|nomicai-modernbert-embed+judge|rank|setmaxheaptopk|0.3297
webis-touche2020|nomicai-modernbert-embed+judge|thresholding|judge|0.7256
webis-touche2020|nomicai-modernbert-embed+judge|thresholding|judge_expr|0.7235
webis-touche2020|nomicai-modernbert-embed+judge|thresholding|rankgpt|0.0
webis-touche2020|nomicai-modernbert-embed+judge|thresholding|setmaxheaptopk|0.0
webis-touche2020|nomicai-modernbert-embed+judge_expr|direct|judge|0.6673
webis-touche2020|nomicai-modernbert-embed+judge_expr|direct|judge_expr|0.6722
webis-touche2020|nomicai-modernbert-embed+judge_expr|direct|rankgpt|0.3488
webis-touche2020|nomicai-modernbert-embed+judge_expr|direct|setmaxheaptopk|0.3626
webis-touche2020|nomicai-modernbert-embed+judge_expr|largest_gap|judge|0.6857
webis-touche2020|nomicai-modernbert-embed+judge_expr|largest_gap|judge_expr|0.6772
webis-touche2020|nomicai-modernbert-embed+judge_expr|largest_gap|rankgpt|0.3488
webis-touche2020|nomicai-modernbert-embed+judge_expr|largest_gap|setmaxheaptopk|0.3626
webis-touche2020|nomicai-modernbert-embed+judge_expr|optimal_global|judge|0.6494
webis-touche2020|nomicai-modernbert-embed+judge_expr|optimal_global|judge_expr|0.687
webis-touche2020|nomicai-modernbert-embed+judge_expr|optimal_global|rankgpt|0.4185
webis-touche2020|nomicai-modernbert-embed+judge_expr|optimal_global|setmaxheaptopk|0.3943
webis-touche2020|nomicai-modernbert-embed+judge_expr|optimal_per_topic|judge|0.6541
webis-touche2020|nomicai-modernbert-embed+judge_expr|optimal_per_topic|judge_expr|0.6796
webis-touche2020|nomicai-modernbert-embed+judge_expr|optimal_per_topic|rankgpt|0.4425
webis-touche2020|nomicai-modernbert-embed+judge_expr|optimal_per_topic|setmaxheaptopk|0.452
webis-touche2020|nomicai-modernbert-embed+judge_expr|quantile|judge|0.6595
webis-touche2020|nomicai-modernbert-embed+judge_expr|quantile|judge_expr|0.6595
webis-touche2020|nomicai-modernbert-embed+judge_expr|quantile|rankgpt|0.4671
webis-touche2020|nomicai-modernbert-embed+judge_expr|quantile|setmaxheaptopk|0.5068
webis-touche2020|nomicai-modernbert-embed+judge_expr|rank|judge|0.4902
webis-touche2020|nomicai-modernbert-embed+judge_expr|rank|judge_expr|0.6543
webis-touche2020|nomicai-modernbert-embed+judge_expr|rank|rankgpt|0.3079
webis-touche2020|nomicai-modernbert-embed+judge_expr|rank|setmaxheaptopk|0.3943
webis-touche2020|nomicai-modernbert-embed+judge_expr|thresholding|judge|0.6745
webis-touche2020|nomicai-modernbert-embed+judge_expr|thresholding|judge_expr|0.681
webis-touche2020|nomicai-modernbert-embed+judge_expr|thresholding|rankgpt|0.0
webis-touche2020|nomicai-modernbert-embed+judge_expr|thresholding|setmaxheaptopk|0.0
webis-touche2020|nomicai-modernbert-embed+point|direct|judge|0.5845
webis-touche2020|nomicai-modernbert-embed+point|direct|judge_expr|0.5257
webis-touche2020|nomicai-modernbert-embed+point|direct|rankgpt|0.2291
webis-touche2020|nomicai-modernbert-embed+point|direct|setmaxheaptopk|0.2363
webis-touche2020|nomicai-modernbert-embed+point|largest_gap|judge|0.4105
webis-touche2020|nomicai-modernbert-embed+point|largest_gap|judge_expr|0.5352
webis-touche2020|nomicai-modernbert-embed+point|largest_gap|rankgpt|0.2291
webis-touche2020|nomicai-modernbert-embed+point|largest_gap|setmaxheaptopk|0.2363
webis-touche2020|nomicai-modernbert-embed+point|optimal_global|judge|0.3779
webis-touche2020|nomicai-modernbert-embed+point|optimal_global|judge_expr|0.4411
webis-touche2020|nomicai-modernbert-embed+point|optimal_global|rankgpt|0.3627
webis-touche2020|nomicai-modernbert-embed+point|optimal_global|setmaxheaptopk|0.2784
webis-touche2020|nomicai-modernbert-embed+point|optimal_per_topic|judge|0.5193
webis-touche2020|nomicai-modernbert-embed+point|optimal_per_topic|judge_expr|0.3754
webis-touche2020|nomicai-modernbert-embed+point|optimal_per_topic|rankgpt|0.3912
webis-touche2020|nomicai-modernbert-embed+point|optimal_per_topic|setmaxheaptopk|0.3702
webis-touche2020|nomicai-modernbert-embed+point|quantile|judge|0.5548
webis-touche2020|nomicai-modernbert-embed+point|quantile|judge_expr|0.4946
webis-touche2020|nomicai-modernbert-embed+point|quantile|rankgpt|0.4126
webis-touche2020|nomicai-modernbert-embed+point|quantile|setmaxheaptopk|0.4216
webis-touche2020|nomicai-modernbert-embed+point|rank|judge|0.3032
webis-touche2020|nomicai-modernbert-embed+point|rank|judge_expr|0.3006
webis-touche2020|nomicai-modernbert-embed+point|rank|rankgpt|0.2228
webis-touche2020|nomicai-modernbert-embed+point|rank|setmaxheaptopk|0.2784
webis-touche2020|nomicai-modernbert-embed+point|thresholding|judge|0.5461
webis-touche2020|nomicai-modernbert-embed+point|thresholding|judge_expr|0.5256
webis-touche2020|nomicai-modernbert-embed+point|thresholding|rankgpt|0.0
webis-touche2020|nomicai-modernbert-embed+point|thresholding|setmaxheaptopk|0.0
webis-touche2020|nomicai-modernbert-embed+rankfirst|direct|judge|0.7168
webis-touche2020|nomicai-modernbert-embed+rankfirst|direct|judge_expr|0.6469
webis-touche2020|nomicai-modernbert-embed+rankfirst|direct|rankgpt|0.4219
webis-touche2020|nomicai-modernbert-embed+rankfirst|direct|setmaxheaptopk|0.4517
webis-touche2020|nomicai-modernbert-embed+rankfirst|largest_gap|judge|0.5809
webis-touche2020|nomicai-modernbert-embed+rankfirst|largest_gap|judge_expr|0.6635
webis-touche2020|nomicai-modernbert-embed+rankfirst|largest_gap|rankgpt|0.4219
webis-touche2020|nomicai-modernbert-embed+rankfirst|largest_gap|setmaxheaptopk|0.4517
webis-touche2020|nomicai-modernbert-embed+rankfirst|optimal_global|judge|0.5419
webis-touche2020|nomicai-modernbert-embed+rankfirst|optimal_global|judge_expr|0.5852
webis-touche2020|nomicai-modernbert-embed+rankfirst|optimal_global|rankgpt|0.6767
webis-touche2020|nomicai-modernbert-embed+rankfirst|optimal_global|setmaxheaptopk|0.4652
webis-touche2020|nomicai-modernbert-embed+rankfirst|optimal_per_topic|judge|0.6492
webis-touche2020|nomicai-modernbert-embed+rankfirst|optimal_per_topic|judge_expr|0.504
webis-touche2020|nomicai-modernbert-embed+rankfirst|optimal_per_topic|rankgpt|0.6501
webis-touche2020|nomicai-modernbert-embed+rankfirst|optimal_per_topic|setmaxheaptopk|0.571
webis-touche2020|nomicai-modernbert-embed+rankfirst|quantile|judge|0.7105
webis-touche2020|nomicai-modernbert-embed+rankfirst|quantile|judge_expr|0.6177
webis-touche2020|nomicai-modernbert-embed+rankfirst|quantile|rankgpt|0.7411
webis-touche2020|nomicai-modernbert-embed+rankfirst|quantile|setmaxheaptopk|0.6351
webis-touche2020|nomicai-modernbert-embed+rankfirst|rank|judge|0.4642
webis-touche2020|nomicai-modernbert-embed+rankfirst|rank|judge_expr|0.3667
webis-touche2020|nomicai-modernbert-embed+rankfirst|rank|rankgpt|0.4242
webis-touche2020|nomicai-modernbert-embed+rankfirst|rank|setmaxheaptopk|0.4652
webis-touche2020|nomicai-modernbert-embed+rankfirst|thresholding|judge|0.6658
webis-touche2020|nomicai-modernbert-embed+rankfirst|thresholding|judge_expr|0.6376
webis-touche2020|nomicai-modernbert-embed+rankfirst|thresholding|rankgpt|0.0
webis-touche2020|nomicai-modernbert-embed+rankfirst|thresholding|setmaxheaptopk|0.0
webis-touche2020|nomicai-modernbert-embed+rankgpt|direct|judge|0.6792
webis-touche2020|nomicai-modernbert-embed+rankgpt|direct|judge_expr|0.6386
webis-touche2020|nomicai-modernbert-embed+rankgpt|direct|rankgpt|0.3903
webis-touche2020|nomicai-modernbert-embed+rankgpt|direct|setmaxheaptopk|0.4632
webis-touche2020|nomicai-modernbert-embed+rankgpt|largest_gap|judge|0.5514
webis-touche2020|nomicai-modernbert-embed+rankgpt|largest_gap|judge_expr|0.6518
webis-touche2020|nomicai-modernbert-embed+rankgpt|largest_gap|rankgpt|0.3903
webis-touche2020|nomicai-modernbert-embed+rankgpt|largest_gap|setmaxheaptopk|0.4632
webis-touche2020|nomicai-modernbert-embed+rankgpt|optimal_global|judge|0.5253
webis-touche2020|nomicai-modernbert-embed+rankgpt|optimal_global|judge_expr|0.5824
webis-touche2020|nomicai-modernbert-embed+rankgpt|optimal_global|rankgpt|0.5526
webis-touche2020|nomicai-modernbert-embed+rankgpt|optimal_global|setmaxheaptopk|0.4067
webis-touche2020|nomicai-modernbert-embed+rankgpt|optimal_per_topic|judge|0.6333
webis-touche2020|nomicai-modernbert-embed+rankgpt|optimal_per_topic|judge_expr|0.5164
webis-touche2020|nomicai-modernbert-embed+rankgpt|optimal_per_topic|rankgpt|0.5569
webis-touche2020|nomicai-modernbert-embed+rankgpt|optimal_per_topic|setmaxheaptopk|0.5118
webis-touche2020|nomicai-modernbert-embed+rankgpt|quantile|judge|0.6784
webis-touche2020|nomicai-modernbert-embed+rankgpt|quantile|judge_expr|0.6229
webis-touche2020|nomicai-modernbert-embed+rankgpt|quantile|rankgpt|0.6013
webis-touche2020|nomicai-modernbert-embed+rankgpt|quantile|setmaxheaptopk|0.5633
webis-touche2020|nomicai-modernbert-embed+rankgpt|rank|judge|0.4028
webis-touche2020|nomicai-modernbert-embed+rankgpt|rank|judge_expr|0.4031
webis-touche2020|nomicai-modernbert-embed+rankgpt|rank|rankgpt|0.4284
webis-touche2020|nomicai-modernbert-embed+rankgpt|rank|setmaxheaptopk|0.4067
webis-touche2020|nomicai-modernbert-embed+rankgpt|thresholding|judge|0.6533
webis-touche2020|nomicai-modernbert-embed+rankgpt|thresholding|judge_expr|0.646
webis-touche2020|nomicai-modernbert-embed+rankgpt|thresholding|rankgpt|0.0
webis-touche2020|nomicai-modernbert-embed+rankgpt|thresholding|setmaxheaptopk|0.0
webis-touche2020|nomicai-modernbert-embed+rankzephyr|direct|judge|0.6562
webis-touche2020|nomicai-modernbert-embed+rankzephyr|direct|judge_expr|0.5717
webis-touche2020|nomicai-modernbert-embed+rankzephyr|direct|rankgpt|0.3433
webis-touche2020|nomicai-modernbert-embed+rankzephyr|largest_gap|judge|0.4655
webis-touche2020|nomicai-modernbert-embed+rankzephyr|largest_gap|judge_expr|0.5832
webis-touche2020|nomicai-modernbert-embed+rankzephyr|largest_gap|rankgpt|0.3433
webis-touche2020|nomicai-modernbert-embed+rankzephyr|optimal_global|judge|0.4423
webis-touche2020|nomicai-modernbert-embed+rankzephyr|optimal_global|judge_expr|0.5064
webis-touche2020|nomicai-modernbert-embed+rankzephyr|optimal_global|rankgpt|0.6783
webis-touche2020|nomicai-modernbert-embed+rankzephyr|optimal_per_topic|judge|0.6048
webis-touche2020|nomicai-modernbert-embed+rankzephyr|optimal_per_topic|judge_expr|0.4579
webis-touche2020|nomicai-modernbert-embed+rankzephyr|optimal_per_topic|rankgpt|0.632
webis-touche2020|nomicai-modernbert-embed+rankzephyr|quantile|judge|0.6394
webis-touche2020|nomicai-modernbert-embed+rankzephyr|quantile|judge_expr|0.5329
webis-touche2020|nomicai-modernbert-embed+rankzephyr|quantile|rankgpt|0.7319
webis-touche2020|nomicai-modernbert-embed+rankzephyr|rank|judge|0.395
webis-touche2020|nomicai-modernbert-embed+rankzephyr|rank|judge_expr|0.2963
webis-touche2020|nomicai-modernbert-embed+rankzephyr|rank|rankgpt|0.3824
webis-touche2020|nomicai-modernbert-embed+rankzephyr|thresholding|judge|0.5899
webis-touche2020|nomicai-modernbert-embed+rankzephyr|thresholding|judge_expr|0.5633
webis-touche2020|nomicai-modernbert-embed+rankzephyr|thresholding|rankgpt|0.0
webis-touche2020|nomicai-modernbert-embed+setmaxheaptopk|direct|judge|0.6625
webis-touche2020|nomicai-modernbert-embed+setmaxheaptopk|direct|judge_expr|0.6279
webis-touche2020|nomicai-modernbert-embed+setmaxheaptopk|direct|rankgpt|0.3913
webis-touche2020|nomicai-modernbert-embed+setmaxheaptopk|direct|setmaxheaptopk|0.5047
webis-touche2020|nomicai-modernbert-embed+setmaxheaptopk|largest_gap|judge|0.5532
webis-touche2020|nomicai-modernbert-embed+setmaxheaptopk|largest_gap|judge_expr|0.6428
webis-touche2020|nomicai-modernbert-embed+setmaxheaptopk|largest_gap|rankgpt|0.3913
webis-touche2020|nomicai-modernbert-embed+setmaxheaptopk|largest_gap|setmaxheaptopk|0.5047
webis-touche2020|nomicai-modernbert-embed+setmaxheaptopk|optimal_global|judge|0.5283
webis-touche2020|nomicai-modernbert-embed+setmaxheaptopk|optimal_global|judge_expr|0.5843
webis-touche2020|nomicai-modernbert-embed+setmaxheaptopk|optimal_global|rankgpt|0.5084
webis-touche2020|nomicai-modernbert-embed+setmaxheaptopk|optimal_global|setmaxheaptopk|0.4564
webis-touche2020|nomicai-modernbert-embed+setmaxheaptopk|optimal_per_topic|judge|0.6193
webis-touche2020|nomicai-modernbert-embed+setmaxheaptopk|optimal_per_topic|judge_expr|0.5352
webis-touche2020|nomicai-modernbert-embed+setmaxheaptopk|optimal_per_topic|rankgpt|0.5047
webis-touche2020|nomicai-modernbert-embed+setmaxheaptopk|optimal_per_topic|setmaxheaptopk|0.5221
webis-touche2020|nomicai-modernbert-embed+setmaxheaptopk|quantile|judge|0.6668
webis-touche2020|nomicai-modernbert-embed+setmaxheaptopk|quantile|judge_expr|0.6107
webis-touche2020|nomicai-modernbert-embed+setmaxheaptopk|quantile|rankgpt|0.5487
webis-touche2020|nomicai-modernbert-embed+setmaxheaptopk|quantile|setmaxheaptopk|0.5866
webis-touche2020|nomicai-modernbert-embed+setmaxheaptopk|rank|judge|0.4203
webis-touche2020|nomicai-modernbert-embed+setmaxheaptopk|rank|judge_expr|0.4376
webis-touche2020|nomicai-modernbert-embed+setmaxheaptopk|rank|rankgpt|0.3801
webis-touche2020|nomicai-modernbert-embed+setmaxheaptopk|rank|setmaxheaptopk|0.4564
webis-touche2020|nomicai-modernbert-embed+setmaxheaptopk|thresholding|judge|0.6499
webis-touche2020|nomicai-modernbert-embed+setmaxheaptopk|thresholding|judge_expr|0.6309
webis-touche2020|nomicai-modernbert-embed+setmaxheaptopk|thresholding|rankgpt|0.0
webis-touche2020|nomicai-modernbert-embed+setmaxheaptopk|thresholding|setmaxheaptopk|0.0
webis-touche2020|qwen3-embed-600m|direct|judge|0.5594
webis-touche2020|qwen3-embed-600m|direct|judge_expr|0.4568
webis-touche2020|qwen3-embed-600m|direct|rankgpt|0.3414
webis-touche2020|qwen3-embed-600m|direct|setmaxheaptopk|0.3782
webis-touche2020|qwen3-embed-600m|largest_gap|judge|0.3442
webis-touche2020|qwen3-embed-600m|largest_gap|judge_expr|0.4738
webis-touche2020|qwen3-embed-600m|largest_gap|rankgpt|0.3414
webis-touche2020|qwen3-embed-600m|largest_gap|setmaxheaptopk|0.3782
webis-touche2020|qwen3-embed-600m|optimal_global|judge|0.326
webis-touche2020|qwen3-embed-600m|optimal_global|judge_expr|0.3794
webis-touche2020|qwen3-embed-600m|optimal_global|rankgpt|1.0
webis-touche2020|qwen3-embed-600m|optimal_global|setmaxheaptopk|0.312
webis-touche2020|qwen3-embed-600m|optimal_per_topic|judge|0.4614
webis-touche2020|qwen3-embed-600m|optimal_per_topic|judge_expr|0.3583
webis-touche2020|qwen3-embed-600m|optimal_per_topic|rankgpt|0.7681
webis-touche2020|qwen3-embed-600m|optimal_per_topic|setmaxheaptopk|0.45
webis-touche2020|qwen3-embed-600m|quantile|judge|0.5231
webis-touche2020|qwen3-embed-600m|quantile|judge_expr|0.3955
webis-touche2020|qwen3-embed-600m|quantile|rankgpt|1.0
webis-touche2020|qwen3-embed-600m|quantile|setmaxheaptopk|0.4732
webis-touche2020|qwen3-embed-600m|rank|judge|0.3648
webis-touche2020|qwen3-embed-600m|rank|judge_expr|0.2168
webis-touche2020|qwen3-embed-600m|rank|rankgpt|0.4028
webis-touche2020|qwen3-embed-600m|rank|setmaxheaptopk|0.312
webis-touche2020|qwen3-embed-600m|thresholding|judge|0.484
webis-touche2020|qwen3-embed-600m|thresholding|judge_expr|0.4456
webis-touche2020|qwen3-embed-600m|thresholding|rankgpt|0.0
webis-touche2020|qwen3-embed-600m|thresholding|setmaxheaptopk|0.0
webis-touche2020|qwen3-embed-600m+judge|direct|judge|1.0
webis-touche2020|qwen3-embed-600m+judge|direct|judge_expr|0.9886
webis-touche2020|qwen3-embed-600m+judge|direct|rankgpt|0.3544
webis-touche2020|qwen3-embed-600m+judge|direct|setmaxheaptopk|0.366
webis-touche2020|qwen3-embed-600m+judge|largest_gap|judge|1.0
webis-touche2020|qwen3-embed-600m+judge|largest_gap|judge_expr|0.9988
webis-touche2020|qwen3-embed-600m+judge|largest_gap|rankgpt|0.3544
webis-touche2020|qwen3-embed-600m+judge|largest_gap|setmaxheaptopk|0.366
webis-touche2020|qwen3-embed-600m+judge|optimal_global|judge|0.9592
webis-touche2020|qwen3-embed-600m+judge|optimal_global|judge_expr|0.9512
webis-touche2020|qwen3-embed-600m+judge|optimal_global|rankgpt|0.4885
webis-touche2020|qwen3-embed-600m+judge|optimal_global|setmaxheaptopk|0.4212
webis-touche2020|qwen3-embed-600m+judge|optimal_per_topic|judge|0.9796
webis-touche2020|qwen3-embed-600m+judge|optimal_per_topic|judge_expr|0.71
webis-touche2020|qwen3-embed-600m+judge|optimal_per_topic|rankgpt|0.5487
webis-touche2020|qwen3-embed-600m+judge|optimal_per_topic|setmaxheaptopk|0.5415
webis-touche2020|qwen3-embed-600m+judge|quantile|judge|1.0
webis-touche2020|qwen3-embed-600m+judge|quantile|judge_expr|0.9588
webis-touche2020|qwen3-embed-600m+judge|quantile|rankgpt|0.5636
webis-touche2020|qwen3-embed-600m+judge|quantile|setmaxheaptopk|0.6496
webis-touche2020|qwen3-embed-600m+judge|rank|judge|0.6536
webis-touche2020|qwen3-embed-600m+judge|rank|judge_expr|0.6578
webis-touche2020|qwen3-embed-600m+judge|rank|rankgpt|0.3574
webis-touche2020|qwen3-embed-600m+judge|rank|setmaxheaptopk|0.4212
webis-touche2020|qwen3-embed-600m+judge|thresholding|judge|1.0
webis-touche2020|qwen3-embed-600m+judge|thresholding|judge_expr|0.9889
webis-touche2020|qwen3-embed-600m+judge|thresholding|rankgpt|0.0
webis-touche2020|qwen3-embed-600m+judge|thresholding|setmaxheaptopk|0.0
webis-touche2020|qwen3-embed-600m+judge_expr|direct|judge|0.9977
webis-touche2020|qwen3-embed-600m+judge_expr|direct|judge_expr|1.0
webis-touche2020|qwen3-embed-600m+judge_expr|direct|rankgpt|0.3944
webis-touche2020|qwen3-embed-600m+judge_expr|direct|setmaxheaptopk|0.456
webis-touche2020|qwen3-embed-600m+judge_expr|largest_gap|judge|1.0
webis-touche2020|qwen3-embed-600m+judge_expr|largest_gap|judge_expr|1.0
webis-touche2020|qwen3-embed-600m+judge_expr|largest_gap|rankgpt|0.3944
webis-touche2020|qwen3-embed-600m+judge_expr|largest_gap|setmaxheaptopk|0.456
webis-touche2020|qwen3-embed-600m+judge_expr|optimal_global|judge|0.9592
webis-touche2020|qwen3-embed-600m+judge_expr|optimal_global|judge_expr|1.0
webis-touche2020|qwen3-embed-600m+judge_expr|optimal_global|rankgpt|0.5431
webis-touche2020|qwen3-embed-600m+judge_expr|optimal_global|setmaxheaptopk|0.5412
webis-touche2020|qwen3-embed-600m+judge_expr|optimal_per_topic|judge|0.9795
webis-touche2020|qwen3-embed-600m+judge_expr|optimal_per_topic|judge_expr|0.9794
webis-touche2020|qwen3-embed-600m+judge_expr|optimal_per_topic|rankgpt|0.6235
webis-touche2020|qwen3-embed-600m+judge_expr|optimal_per_topic|setmaxheaptopk|0.6318
webis-touche2020|qwen3-embed-600m+judge_expr|quantile|judge|1.0
webis-touche2020|qwen3-embed-600m+judge_expr|quantile|judge_expr|1.0
webis-touche2020|qwen3-embed-600m+judge_expr|quantile|rankgpt|0.6174
webis-touche2020|qwen3-embed-600m+judge_expr|quantile|setmaxheaptopk|0.7253
webis-touche2020|qwen3-embed-600m+judge_expr|rank|judge|0.6699
webis-touche2020|qwen3-embed-600m+judge_expr|rank|judge_expr|1.0
webis-touche2020|qwen3-embed-600m+judge_expr|rank|rankgpt|0.4
webis-touche2020|qwen3-embed-600m+judge_expr|rank|setmaxheaptopk|0.5412
webis-touche2020|qwen3-embed-600m+judge_expr|thresholding|judge|1.0
webis-touche2020|qwen3-embed-600m+judge_expr|thresholding|judge_expr|1.0
webis-touche2020|qwen3-embed-600m+judge_expr|thresholding|rankgpt|0.0
webis-touche2020|qwen3-embed-600m+judge_expr|thresholding|setmaxheaptopk|0.0
webis-touche2020|qwen3-embed-600m+point|direct|judge|0.7553
webis-touche2020|qwen3-embed-600m+point|direct|judge_expr|0.6676
webis-touche2020|qwen3-embed-600m+point|direct|rankgpt|0.2598
webis-touche2020|qwen3-embed-600m+point|direct|setmaxheaptopk|0.2433
webis-touche2020|qwen3-embed-600m+point|largest_gap|judge|0.4651
webis-touche2020|qwen3-embed-600m+point|largest_gap|judge_expr|0.6953
webis-touche2020|qwen3-embed-600m+point|largest_gap|rankgpt|0.2598
webis-touche2020|qwen3-embed-600m+point|largest_gap|setmaxheaptopk|0.2433
webis-touche2020|qwen3-embed-600m+point|optimal_global|judge|0.4266
webis-touche2020|qwen3-embed-600m+point|optimal_global|judge_expr|0.5255
webis-touche2020|qwen3-embed-600m+point|optimal_global|rankgpt|0.4044
webis-touche2020|qwen3-embed-600m+point|optimal_global|setmaxheaptopk|0.3139
webis-touche2020|qwen3-embed-600m+point|optimal_per_topic|judge|0.6443
webis-touche2020|qwen3-embed-600m+point|optimal_per_topic|judge_expr|0.4435
webis-touche2020|qwen3-embed-600m+point|optimal_per_topic|rankgpt|0.4467
webis-touche2020|qwen3-embed-600m+point|optimal_per_topic|setmaxheaptopk|0.4262
webis-touche2020|qwen3-embed-600m+point|quantile|judge|0.6932
webis-touche2020|qwen3-embed-600m+point|quantile|judge_expr|0.5779
webis-touche2020|qwen3-embed-600m+point|quantile|rankgpt|0.464
webis-touche2020|qwen3-embed-600m+point|quantile|setmaxheaptopk|0.5168
webis-touche2020|qwen3-embed-600m+point|rank|judge|0.3201
webis-touche2020|qwen3-embed-600m+point|rank|judge_expr|0.3334
webis-touche2020|qwen3-embed-600m+point|rank|rankgpt|0.244
webis-touche2020|qwen3-embed-600m+point|rank|setmaxheaptopk|0.3139
webis-touche2020|qwen3-embed-600m+point|thresholding|judge|0.7089
webis-touche2020|qwen3-embed-600m+point|thresholding|judge_expr|0.6773
webis-touche2020|qwen3-embed-600m+point|thresholding|rankgpt|0.0
webis-touche2020|qwen3-embed-600m+point|thresholding|setmaxheaptopk|0.0
webis-touche2020|qwen3-embed-600m+rankfirst|direct|judge|0.7325
webis-touche2020|qwen3-embed-600m+rankfirst|direct|judge_expr|0.6512
webis-touche2020|qwen3-embed-600m+rankfirst|direct|rankgpt|0.4365
webis-touche2020|qwen3-embed-600m+rankfirst|direct|setmaxheaptopk|0.5012
webis-touche2020|qwen3-embed-600m+rankfirst|largest_gap|judge|0.578
webis-touche2020|qwen3-embed-600m+rankfirst|largest_gap|judge_expr|0.6703
webis-touche2020|qwen3-embed-600m+rankfirst|largest_gap|rankgpt|0.4365
webis-touche2020|qwen3-embed-600m+rankfirst|largest_gap|setmaxheaptopk|0.5012
webis-touche2020|qwen3-embed-600m+rankfirst|optimal_global|judge|0.5405
webis-touche2020|qwen3-embed-600m+rankfirst|optimal_global|judge_expr|0.5986
webis-touche2020|qwen3-embed-600m+rankfirst|optimal_global|rankgpt|0.7685
webis-touche2020|qwen3-embed-600m+rankfirst|optimal_global|setmaxheaptopk|0.4595
webis-touche2020|qwen3-embed-600m+rankfirst|optimal_per_topic|judge|0.6666
webis-touche2020|qwen3-embed-600m+rankfirst|optimal_per_topic|judge_expr|0.5161
webis-touche2020|qwen3-embed-600m+rankfirst|optimal_per_topic|rankgpt|0.718
webis-touche2020|qwen3-embed-600m+rankfirst|optimal_per_topic|setmaxheaptopk|0.5656
webis-touche2020|qwen3-embed-600m+rankfirst|quantile|judge|0.7048
webis-touche2020|qwen3-embed-600m+rankfirst|quantile|judge_expr|0.6118
webis-touche2020|qwen3-embed-600m+rankfirst|quantile|rankgpt|0.8257
webis-touche2020|qwen3-embed-600m+rankfirst|quantile|setmaxheaptopk|0.6335
webis-touche2020|qwen3-embed-600m+rankfirst|rank|judge|0.4599
webis-touche2020|qwen3-embed-600m+rankfirst|rank|judge_expr|0.355
webis-touche2020|qwen3-embed-600m+rankfirst|rank|rankgpt|0.4786
webis-touche2020|qwen3-embed-600m+rankfirst|rank|setmaxheaptopk|0.4595
webis-touche2020|qwen3-embed-600m+rankfirst|thresholding|judge|0.6716
webis-touche2020|qwen3-embed-600m+rankfirst|thresholding|judge_expr|0.6399
webis-touche2020|qwen3-embed-600m+rankfirst|thresholding|rankgpt|0.0
webis-touche2020|qwen3-embed-600m+rankfirst|thresholding|setmaxheaptopk|0.0
webis-touche2020|qwen3-embed-600m+rankgpt|direct|judge|0.7852
webis-touche2020|qwen3-embed-600m+rankgpt|direct|judge_expr|0.7265
webis-touche2020|qwen3-embed-600m+rankgpt|direct|rankgpt|1.0
webis-touche2020|qwen3-embed-600m+rankgpt|direct|setmaxheaptopk|0.4892
webis-touche2020|qwen3-embed-600m+rankgpt|largest_gap|judge|0.6252
webis-touche2020|qwen3-embed-600m+rankgpt|largest_gap|judge_expr|0.7387
webis-touche2020|qwen3-embed-600m+rankgpt|largest_gap|rankgpt|1.0
webis-touche2020|qwen3-embed-600m+rankgpt|largest_gap|setmaxheaptopk|0.4892
webis-touche2020|qwen3-embed-600m+rankgpt|optimal_global|judge|0.5999
webis-touche2020|qwen3-embed-600m+rankgpt|optimal_global|judge_expr|0.6459
webis-touche2020|qwen3-embed-600m+rankgpt|optimal_global|rankgpt|1.0
webis-touche2020|qwen3-embed-600m+rankgpt|optimal_global|setmaxheaptopk|0.4648
webis-touche2020|qwen3-embed-600m+rankgpt|optimal_per_topic|judge|0.7252
webis-touche2020|qwen3-embed-600m+rankgpt|optimal_per_topic|judge_expr|0.5537
webis-touche2020|qwen3-embed-600m+rankgpt|optimal_per_topic|rankgpt|0.9796
webis-touche2020|qwen3-embed-600m+rankgpt|optimal_per_topic|setmaxheaptopk|0.5925
webis-touche2020|qwen3-embed-600m+rankgpt|quantile|judge|0.7726
webis-touche2020|qwen3-embed-600m+rankgpt|quantile|judge_expr|0.6729
webis-touche2020|qwen3-embed-600m+rankgpt|quantile|rankgpt|1.0
webis-touche2020|qwen3-embed-600m+rankgpt|quantile|setmaxheaptopk|0.662
webis-touche2020|qwen3-embed-600m+rankgpt|rank|judge|0.47
webis-touche2020|qwen3-embed-600m+rankgpt|rank|judge_expr|0.4047
webis-touche2020|qwen3-embed-600m+rankgpt|rank|rankgpt|1.0
webis-touche2020|qwen3-embed-600m+rankgpt|rank|setmaxheaptopk|0.4648
webis-touche2020|qwen3-embed-600m+rankgpt|thresholding|judge|0.7451
webis-touche2020|qwen3-embed-600m+rankgpt|thresholding|judge_expr|0.7131
webis-touche2020|qwen3-embed-600m+rankgpt|thresholding|rankgpt|0.0
webis-touche2020|qwen3-embed-600m+rankgpt|thresholding|setmaxheaptopk|0.0
webis-touche2020|qwen3-embed-600m+rankzephyr|direct|judge|0.6784
webis-touche2020|qwen3-embed-600m+rankzephyr|direct|judge_expr|0.5867
webis-touche2020|qwen3-embed-600m+rankzephyr|direct|rankgpt|0.39
webis-touche2020|qwen3-embed-600m+rankzephyr|largest_gap|judge|0.4225
webis-touche2020|qwen3-embed-600m+rankzephyr|largest_gap|judge_expr|0.618
webis-touche2020|qwen3-embed-600m+rankzephyr|largest_gap|rankgpt|0.39
webis-touche2020|qwen3-embed-600m+rankzephyr|optimal_global|judge|0.403
webis-touche2020|qwen3-embed-600m+rankzephyr|optimal_global|judge_expr|0.5005
webis-touche2020|qwen3-embed-600m+rankzephyr|optimal_global|rankgpt|0.8358
webis-touche2020|qwen3-embed-600m+rankzephyr|optimal_per_topic|judge|0.5828
webis-touche2020|qwen3-embed-600m+rankzephyr|optimal_per_topic|judge_expr|0.4464
webis-touche2020|qwen3-embed-600m+rankzephyr|optimal_per_topic|rankgpt|0.73
webis-touche2020|qwen3-embed-600m+rankzephyr|quantile|judge|0.6458
webis-touche2020|qwen3-embed-600m+rankzephyr|quantile|judge_expr|0.503
webis-touche2020|qwen3-embed-600m+rankzephyr|quantile|rankgpt|0.8701
webis-touche2020|qwen3-embed-600m+rankzephyr|rank|judge|0.4221
webis-touche2020|qwen3-embed-600m+rankzephyr|rank|judge_expr|0.2838
webis-touche2020|qwen3-embed-600m+rankzephyr|rank|rankgpt|0.4128
webis-touche2020|qwen3-embed-600m+rankzephyr|thresholding|judge|0.6276
webis-touche2020|qwen3-embed-600m+rankzephyr|thresholding|judge_expr|0.5855
webis-touche2020|qwen3-embed-600m+rankzephyr|thresholding|rankgpt|0.0
webis-touche2020|qwen3-embed-600m+setmaxheaptopk|direct|judge|0.8611
webis-touche2020|qwen3-embed-600m+setmaxheaptopk|direct|judge_expr|0.8172
webis-touche2020|qwen3-embed-600m+setmaxheaptopk|direct|rankgpt|0.507
webis-touche2020|qwen3-embed-600m+setmaxheaptopk|direct|setmaxheaptopk|1.0
webis-touche2020|qwen3-embed-600m+setmaxheaptopk|largest_gap|judge|0.7344
webis-touche2020|qwen3-embed-600m+setmaxheaptopk|largest_gap|judge_expr|0.8354
webis-touche2020|qwen3-embed-600m+setmaxheaptopk|largest_gap|rankgpt|0.507
webis-touche2020|qwen3-embed-600m+setmaxheaptopk|largest_gap|setmaxheaptopk|1.0
webis-touche2020|qwen3-embed-600m+setmaxheaptopk|optimal_global|judge|0.7015
webis-touche2020|qwen3-embed-600m+setmaxheaptopk|optimal_global|judge_expr|0.7524
webis-touche2020|qwen3-embed-600m+setmaxheaptopk|optimal_global|rankgpt|0.6433
webis-touche2020|qwen3-embed-600m+setmaxheaptopk|optimal_global|setmaxheaptopk|1.0
webis-touche2020|qwen3-embed-600m+setmaxheaptopk|optimal_per_topic|judge|0.8002
webis-touche2020|qwen3-embed-600m+setmaxheaptopk|optimal_per_topic|judge_expr|0.6638
webis-touche2020|qwen3-embed-600m+setmaxheaptopk|optimal_per_topic|rankgpt|0.6718
webis-touche2020|qwen3-embed-600m+setmaxheaptopk|optimal_per_topic|setmaxheaptopk|0.9796
webis-touche2020|qwen3-embed-600m+setmaxheaptopk|quantile|judge|0.8629
webis-touche2020|qwen3-embed-600m+setmaxheaptopk|quantile|judge_expr|0.803
webis-touche2020|qwen3-embed-600m+setmaxheaptopk|quantile|rankgpt|0.7003
webis-touche2020|qwen3-embed-600m+setmaxheaptopk|quantile|setmaxheaptopk|1.0
webis-touche2020|qwen3-embed-600m+setmaxheaptopk|rank|judge|0.5105
webis-touche2020|qwen3-embed-600m+setmaxheaptopk|rank|judge_expr|0.5286
webis-touche2020|qwen3-embed-600m+setmaxheaptopk|rank|rankgpt|0.4697
webis-touche2020|qwen3-embed-600m+setmaxheaptopk|rank|setmaxheaptopk|1.0
webis-touche2020|qwen3-embed-600m+setmaxheaptopk|thresholding|judge|0.8411
webis-touche2020|qwen3-embed-600m+setmaxheaptopk|thresholding|judge_expr|0.8167
webis-touche2020|qwen3-embed-600m+setmaxheaptopk|thresholding|rankgpt|0.0
webis-touche2020|qwen3-embed-600m+setmaxheaptopk|thresholding|setmaxheaptopk|0.0
webis-touche2020|splade-v3|direct|judge|0.6533
webis-touche2020|splade-v3|direct|judge_expr|0.5749
webis-touche2020|splade-v3|direct|rankgpt|0.3655
webis-touche2020|splade-v3|direct|setmaxheaptopk|0.3153
webis-touche2020|splade-v3|largest_gap|judge|0.4564
webis-touche2020|splade-v3|largest_gap|judge_expr|0.5855
webis-touche2020|splade-v3|largest_gap|rankgpt|0.3655
webis-touche2020|splade-v3|largest_gap|setmaxheaptopk|0.3153
webis-touche2020|splade-v3|optimal_global|judge|0.4466
webis-touche2020|splade-v3|optimal_global|judge_expr|0.5144
webis-touche2020|splade-v3|optimal_global|rankgpt|0.6031
webis-touche2020|splade-v3|optimal_global|setmaxheaptopk|0.3443
webis-touche2020|splade-v3|optimal_per_topic|judge|0.609
webis-touche2020|splade-v3|optimal_per_topic|judge_expr|0.4545
webis-touche2020|splade-v3|optimal_per_topic|rankgpt|0.6218
webis-touche2020|splade-v3|optimal_per_topic|setmaxheaptopk|0.4778
webis-touche2020|splade-v3|quantile|judge|0.6352
webis-touche2020|splade-v3|quantile|judge_expr|0.5109
webis-touche2020|splade-v3|quantile|rankgpt|0.6504
webis-touche2020|splade-v3|quantile|setmaxheaptopk|0.5204
webis-touche2020|splade-v3|rank|judge|0.3971
webis-touche2020|splade-v3|rank|judge_expr|0.2973
webis-touche2020|splade-v3|rank|rankgpt|0.3384
webis-touche2020|splade-v3|rank|setmaxheaptopk|0.3443
webis-touche2020|splade-v3|thresholding|judge|0.5928
webis-touche2020|splade-v3|thresholding|judge_expr|0.5642
webis-touche2020|splade-v3|thresholding|rankgpt|0.0
webis-touche2020|splade-v3|thresholding|setmaxheaptopk|0.0
webis-touche2020|splade-v3+judge|direct|judge|0.6572
webis-touche2020|splade-v3+judge|direct|judge_expr|0.6544
webis-touche2020|splade-v3+judge|direct|rankgpt|0.2895
webis-touche2020|splade-v3+judge|direct|setmaxheaptopk|0.2901
webis-touche2020|splade-v3+judge|largest_gap|judge|0.6764
webis-touche2020|splade-v3+judge|largest_gap|judge_expr|0.668
webis-touche2020|splade-v3+judge|largest_gap|rankgpt|0.2895
webis-touche2020|splade-v3+judge|largest_gap|setmaxheaptopk|0.2901
webis-touche2020|splade-v3+judge|optimal_global|judge|0.6392
webis-touche2020|splade-v3+judge|optimal_global|judge_expr|0.6377
webis-touche2020|splade-v3+judge|optimal_global|rankgpt|0.3574
webis-touche2020|splade-v3+judge|optimal_global|setmaxheaptopk|0.3104
webis-touche2020|splade-v3+judge|optimal_per_topic|judge|0.6424
webis-touche2020|splade-v3+judge|optimal_per_topic|judge_expr|0.4874
webis-touche2020|splade-v3+judge|optimal_per_topic|rankgpt|0.3779
webis-touche2020|splade-v3+judge|optimal_per_topic|setmaxheaptopk|0.391
webis-touche2020|splade-v3+judge|quantile|judge|0.651
webis-touche2020|splade-v3+judge|quantile|judge_expr|0.6199
webis-touche2020|splade-v3+judge|quantile|rankgpt|0.4107
webis-touche2020|splade-v3+judge|quantile|setmaxheaptopk|0.4481
webis-touche2020|splade-v3+judge|rank|judge|0.4584
webis-touche2020|splade-v3+judge|rank|judge_expr|0.4529
webis-touche2020|splade-v3+judge|rank|rankgpt|0.2601
webis-touche2020|splade-v3+judge|rank|setmaxheaptopk|0.3104
webis-touche2020|splade-v3+judge|thresholding|judge|0.6649
webis-touche2020|splade-v3+judge|thresholding|judge_expr|0.6646
webis-touche2020|splade-v3+judge|thresholding|rankgpt|0.0
webis-touche2020|splade-v3+judge|thresholding|setmaxheaptopk|0.0
webis-touche2020|splade-v3+judge_expr|direct|judge|0.6382
webis-touche2020|splade-v3+judge_expr|direct|judge_expr|0.641
webis-touche2020|splade-v3+judge_expr|direct|rankgpt|0.3168
webis-touche2020|splade-v3+judge_expr|direct|setmaxheaptopk|0.3735
webis-touche2020|splade-v3+judge_expr|largest_gap|judge|0.6584
webis-touche2020|splade-v3+judge_expr|largest_gap|judge_expr|0.6512
webis-touche2020|splade-v3+judge_expr|largest_gap|rankgpt|0.3168
webis-touche2020|splade-v3+judge_expr|largest_gap|setmaxheaptopk|0.3735
webis-touche2020|splade-v3+judge_expr|optimal_global|judge|0.6186
webis-touche2020|splade-v3+judge_expr|optimal_global|judge_expr|0.6493
webis-touche2020|splade-v3+judge_expr|optimal_global|rankgpt|0.4135
webis-touche2020|splade-v3+judge_expr|optimal_global|setmaxheaptopk|0.3939
webis-touche2020|splade-v3+judge_expr|optimal_per_topic|judge|0.6218
webis-touche2020|splade-v3+judge_expr|optimal_per_topic|judge_expr|0.6665
webis-touche2020|splade-v3+judge_expr|optimal_per_topic|rankgpt|0.4262
webis-touche2020|splade-v3+judge_expr|optimal_per_topic|setmaxheaptopk|0.4446
webis-touche2020|splade-v3+judge_expr|quantile|judge|0.6322
webis-touche2020|splade-v3+judge_expr|quantile|judge_expr|0.6322
webis-touche2020|splade-v3+judge_expr|quantile|rankgpt|0.4633
webis-touche2020|splade-v3+judge_expr|quantile|setmaxheaptopk|0.4971
webis-touche2020|splade-v3+judge_expr|rank|judge|0.4649
webis-touche2020|splade-v3+judge_expr|rank|judge_expr|0.6229
webis-touche2020|splade-v3+judge_expr|rank|rankgpt|0.2992
webis-touche2020|splade-v3+judge_expr|rank|setmaxheaptopk|0.3939
webis-touche2020|splade-v3+judge_expr|thresholding|judge|0.6467
webis-touche2020|splade-v3+judge_expr|thresholding|judge_expr|0.6528
webis-touche2020|splade-v3+judge_expr|thresholding|rankgpt|0.0
webis-touche2020|splade-v3+judge_expr|thresholding|setmaxheaptopk|0.0
webis-touche2020|splade-v3+point|direct|judge|0.5268
webis-touche2020|splade-v3+point|direct|judge_expr|0.4772
webis-touche2020|splade-v3+point|direct|rankgpt|0.222
webis-touche2020|splade-v3+point|direct|setmaxheaptopk|0.219
webis-touche2020|splade-v3+point|largest_gap|judge|0.3846
webis-touche2020|splade-v3+point|largest_gap|judge_expr|0.4879
webis-touche2020|splade-v3+point|largest_gap|rankgpt|0.222
webis-touche2020|splade-v3+point|largest_gap|setmaxheaptopk|0.219
webis-touche2020|splade-v3+point|optimal_global|judge|0.3458
webis-touche2020|splade-v3+point|optimal_global|judge_expr|0.3993
webis-touche2020|splade-v3+point|optimal_global|rankgpt|0.3195
webis-touche2020|splade-v3+point|optimal_global|setmaxheaptopk|0.2586
webis-touche2020|splade-v3+point|optimal_per_topic|judge|0.4587
webis-touche2020|splade-v3+point|optimal_per_topic|judge_expr|0.3428
webis-touche2020|splade-v3+point|optimal_per_topic|rankgpt|0.3504
webis-touche2020|splade-v3+point|optimal_per_topic|setmaxheaptopk|0.3389
webis-touche2020|splade-v3+point|quantile|judge|0.5088
webis-touche2020|splade-v3+point|quantile|judge_expr|0.4397
webis-touche2020|splade-v3+point|quantile|rankgpt|0.3667
webis-touche2020|splade-v3+point|quantile|setmaxheaptopk|0.3859
webis-touche2020|splade-v3+point|rank|judge|0.2764
webis-touche2020|splade-v3+point|rank|judge_expr|0.2694
webis-touche2020|splade-v3+point|rank|rankgpt|0.2001
webis-touche2020|splade-v3+point|rank|setmaxheaptopk|0.2586
webis-touche2020|splade-v3+point|thresholding|judge|0.4945
webis-touche2020|splade-v3+point|thresholding|judge_expr|0.4824
webis-touche2020|splade-v3+point|thresholding|rankgpt|0.0
webis-touche2020|splade-v3+point|thresholding|setmaxheaptopk|0.0
webis-touche2020|splade-v3+rankfirst|direct|judge|0.6884
webis-touche2020|splade-v3+rankfirst|direct|judge_expr|0.6254
webis-touche2020|splade-v3+rankfirst|direct|rankgpt|0.3926
webis-touche2020|splade-v3+rankfirst|direct|setmaxheaptopk|0.4922
webis-touche2020|splade-v3+rankfirst|largest_gap|judge|0.5664
webis-touche2020|splade-v3+rankfirst|largest_gap|judge_expr|0.6432
webis-touche2020|splade-v3+rankfirst|largest_gap|rankgpt|0.3926
webis-touche2020|splade-v3+rankfirst|largest_gap|setmaxheaptopk|0.4922
webis-touche2020|splade-v3+rankfirst|optimal_global|judge|0.5325
webis-touche2020|splade-v3+rankfirst|optimal_global|judge_expr|0.5812
webis-touche2020|splade-v3+rankfirst|optimal_global|rankgpt|0.6482
webis-touche2020|splade-v3+rankfirst|optimal_global|setmaxheaptopk|0.4426
webis-touche2020|splade-v3+rankfirst|optimal_per_topic|judge|0.6364
webis-touche2020|splade-v3+rankfirst|optimal_per_topic|judge_expr|0.5233
webis-touche2020|splade-v3+rankfirst|optimal_per_topic|rankgpt|0.6299
webis-touche2020|splade-v3+rankfirst|optimal_per_topic|setmaxheaptopk|0.5462
webis-touche2020|splade-v3+rankfirst|quantile|judge|0.6667
webis-touche2020|splade-v3+rankfirst|quantile|judge_expr|0.5921
webis-touche2020|splade-v3+rankfirst|quantile|rankgpt|0.7043
webis-touche2020|splade-v3+rankfirst|quantile|setmaxheaptopk|0.5991
webis-touche2020|splade-v3+rankfirst|rank|judge|0.4514
webis-touche2020|splade-v3+rankfirst|rank|judge_expr|0.3752
webis-touche2020|splade-v3+rankfirst|rank|rankgpt|0.4121
webis-touche2020|splade-v3+rankfirst|rank|setmaxheaptopk|0.4426
webis-touche2020|splade-v3+rankfirst|thresholding|judge|0.6377
webis-touche2020|splade-v3+rankfirst|thresholding|judge_expr|0.6184
webis-touche2020|splade-v3+rankfirst|thresholding|rankgpt|0.0
webis-touche2020|splade-v3+rankfirst|thresholding|setmaxheaptopk|0.0
webis-touche2020|splade-v3+rankgpt|direct|judge|0.6388
webis-touche2020|splade-v3+rankgpt|direct|judge_expr|0.6035
webis-touche2020|splade-v3+rankgpt|direct|rankgpt|0.4897
webis-touche2020|splade-v3+rankgpt|direct|setmaxheaptopk|0.4431
webis-touche2020|splade-v3+rankgpt|largest_gap|judge|0.5329
webis-touche2020|splade-v3+rankgpt|largest_gap|judge_expr|0.6041
webis-touche2020|splade-v3+rankgpt|largest_gap|rankgpt|0.4897
webis-touche2020|splade-v3+rankgpt|largest_gap|setmaxheaptopk|0.4431
webis-touche2020|splade-v3+rankgpt|optimal_global|judge|0.5078
webis-touche2020|splade-v3+rankgpt|optimal_global|judge_expr|0.555
webis-touche2020|splade-v3+rankgpt|optimal_global|rankgpt|0.5438
webis-touche2020|splade-v3+rankgpt|optimal_global|setmaxheaptopk|0.4163
webis-touche2020|splade-v3+rankgpt|optimal_per_topic|judge|0.6139
webis-touche2020|splade-v3+rankgpt|optimal_per_topic|judge_expr|0.5
webis-touche2020|splade-v3+rankgpt|optimal_per_topic|rankgpt|0.5602
webis-touche2020|splade-v3+rankgpt|optimal_per_topic|setmaxheaptopk|0.4973
webis-touche2020|splade-v3+rankgpt|quantile|judge|0.625
webis-touche2020|splade-v3+rankgpt|quantile|judge_expr|0.5652
webis-touche2020|splade-v3+rankgpt|quantile|rankgpt|0.578
webis-touche2020|splade-v3+rankgpt|quantile|setmaxheaptopk|0.5511
webis-touche2020|splade-v3+rankgpt|rank|judge|0.3933
webis-touche2020|splade-v3+rankgpt|rank|judge_expr|0.3913
webis-touche2020|splade-v3+rankgpt|rank|rankgpt|0.4426
webis-touche2020|splade-v3+rankgpt|rank|setmaxheaptopk|0.4163
webis-touche2020|splade-v3+rankgpt|thresholding|judge|0.6167
webis-touche2020|splade-v3+rankgpt|thresholding|judge_expr|0.5981
webis-touche2020|splade-v3+rankgpt|thresholding|rankgpt|0.0
webis-touche2020|splade-v3+rankgpt|thresholding|setmaxheaptopk|0.0
webis-touche2020|splade-v3+rankzephyr|direct|judge|0.6352
webis-touche2020|splade-v3+rankzephyr|direct|judge_expr|0.5612
webis-touche2020|splade-v3+rankzephyr|direct|rankgpt|0.33
webis-touche2020|splade-v3+rankzephyr|largest_gap|judge|0.4407
webis-touche2020|splade-v3+rankzephyr|largest_gap|judge_expr|0.57
webis-touche2020|splade-v3+rankzephyr|largest_gap|rankgpt|0.33
webis-touche2020|splade-v3+rankzephyr|optimal_global|judge|0.4291
webis-touche2020|splade-v3+rankzephyr|optimal_global|judge_expr|0.4933
webis-touche2020|splade-v3+rankzephyr|optimal_global|rankgpt|0.57
webis-touche2020|splade-v3+rankzephyr|optimal_per_topic|judge|0.5957
webis-touche2020|splade-v3+rankzephyr|optimal_per_topic|judge_expr|0.4274
webis-touche2020|splade-v3+rankzephyr|optimal_per_topic|rankgpt|0.5763
webis-touche2020|splade-v3+rankzephyr|quantile|judge|0.6241
webis-touche2020|splade-v3+rankzephyr|quantile|judge_expr|0.5023
webis-touche2020|splade-v3+rankzephyr|quantile|rankgpt|0.6185
webis-touche2020|splade-v3+rankzephyr|rank|judge|0.3677
webis-touche2020|splade-v3+rankzephyr|rank|judge_expr|0.2903
webis-touche2020|splade-v3+rankzephyr|rank|rankgpt|0.3369
webis-touche2020|splade-v3+rankzephyr|thresholding|judge|0.5784
webis-touche2020|splade-v3+rankzephyr|thresholding|judge_expr|0.5534
webis-touche2020|splade-v3+rankzephyr|thresholding|rankgpt|0.0
webis-touche2020|splade-v3+setmaxheaptopk|direct|judge|0.6453
webis-touche2020|splade-v3+setmaxheaptopk|direct|judge_expr|0.6127
webis-touche2020|splade-v3+setmaxheaptopk|direct|rankgpt|0.4244
webis-touche2020|splade-v3+setmaxheaptopk|direct|setmaxheaptopk|0.5508
webis-touche2020|splade-v3+setmaxheaptopk|largest_gap|judge|0.5835
webis-touche2020|splade-v3+setmaxheaptopk|largest_gap|judge_expr|0.624
webis-touche2020|splade-v3+setmaxheaptopk|largest_gap|rankgpt|0.4244
webis-touche2020|splade-v3+setmaxheaptopk|largest_gap|setmaxheaptopk|0.5508
webis-touche2020|splade-v3+setmaxheaptopk|optimal_global|judge|0.5524
webis-touche2020|splade-v3+setmaxheaptopk|optimal_global|judge_expr|0.5757
webis-touche2020|splade-v3+setmaxheaptopk|optimal_global|rankgpt|0.5088
webis-touche2020|splade-v3+setmaxheaptopk|optimal_global|setmaxheaptopk|0.4662
webis-touche2020|splade-v3+setmaxheaptopk|optimal_per_topic|judge|0.6153
webis-touche2020|splade-v3+setmaxheaptopk|optimal_per_topic|judge_expr|0.5329
webis-touche2020|splade-v3+setmaxheaptopk|optimal_per_topic|rankgpt|0.5128
webis-touche2020|splade-v3+setmaxheaptopk|optimal_per_topic|setmaxheaptopk|0.5213
webis-touche2020|splade-v3+setmaxheaptopk|quantile|judge|0.6576
webis-touche2020|splade-v3+setmaxheaptopk|quantile|judge_expr|0.6167
webis-touche2020|splade-v3+setmaxheaptopk|quantile|rankgpt|0.5374
webis-touche2020|splade-v3+setmaxheaptopk|quantile|setmaxheaptopk|0.5882
webis-touche2020|splade-v3+setmaxheaptopk|rank|judge|0.4281
webis-touche2020|splade-v3+setmaxheaptopk|rank|judge_expr|0.4249
webis-touche2020|splade-v3+setmaxheaptopk|rank|rankgpt|0.3794
webis-touche2020|splade-v3+setmaxheaptopk|rank|setmaxheaptopk|0.4662
webis-touche2020|splade-v3+setmaxheaptopk|thresholding|judge|0.6284
webis-touche2020|splade-v3+setmaxheaptopk|thresholding|judge_expr|0.6137
webis-touche2020|splade-v3+setmaxheaptopk|thresholding|rankgpt|0.0
webis-touche2020|splade-v3+setmaxheaptopk|thresholding|setmaxheaptopk|0.0
