1030303	0	1269099	3
1030303	0	1305520	5
1030303	0	1451846	4
1030303	0	1451848	5
1030303	0	1681852	2
1030303	0	1905988	5
1030303	0	226464	4
1030303	0	2392584	0
1030303	0	252916	1
1030303	0	2567926	1
1030303	0	2578776	2
1030303	0	2673281	2
1030303	0	2699093	5
1030303	0	2902049	3
1030303	0	3049626	1
1030303	0	3143401	1
1030303	0	3236560	4
1030303	0	3302250	4
1030303	0	3302252	5
1030303	0	3302253	4
1030303	0	3302256	4
1030303	0	3302258	5
1030303	0	3327029	5
1030303	0	3478393	0
1030303	0	3522013	0
1030303	0	3590167	2
1030303	0	3590168	2
1030303	0	3601008	2
1030303	0	3719869	2
1030303	0	3768401	2
1030303	0	3828084	1
1030303	0	4208199	0
1030303	0	4245507	5
1030303	0	4338713	0
1030303	0	4681347	2
1030303	0	4691526	5
1030303	0	4749794	2
1030303	0	4749977	0
1030303	0	4828844	2
1030303	0	4874999	3
1030303	0	5096839	0
1030303	0	5161996	4
1030303	0	5260337	4
1030303	0	5277233	1
1030303	0	5432102	2
1030303	0	5517587	2
1030303	0	5533597	2
1030303	0	5681381	3
1030303	0	5681385	3
1030303	0	5972645	2
1030303	0	5974622	2
1030303	0	6037278	2
1030303	0	6054029	4
1030303	0	6054030	4
1030303	0	6054032	4
1030303	0	6054033	5
1030303	0	6143722	3
1030303	0	6271629	5
1030303	0	6500252	1
1030303	0	6575755	2
1030303	0	6575758	1
1030303	0	6939422	4
1030303	0	6939423	5
1030303	0	6939426	5
1030303	0	6939430	5
1030303	0	6939431	5
1030303	0	6974892	0
1030303	0	700079	2
1030303	0	700080	2
1030303	0	7156982	5
1030303	0	7168317	5
1030303	0	7168324	5
1030303	0	7284047	5
1030303	0	7284052	4
1030303	0	7559918	5
1030303	0	7661516	2
1030303	0	7663896	1
1030303	0	7809993	1
1030303	0	7961142	3
1030303	0	7972299	3
1030303	0	8006084	0
1030303	0	8006086	1
1030303	0	8022032	1
1030303	0	8150794	1
1030303	0	8150798	3
1030303	0	8166567	1
1030303	0	8220777	0
1030303	0	8221001	4
1030303	0	8424555	2
1030303	0	8510798	2
1030303	0	8510803	2
1030303	0	8510805	3
1030303	0	8697790	2
1030303	0	8726430	5
1030303	0	8726432	4
1030303	0	8726433	5
1030303	0	8726435	5
1030303	0	8726436	5
1030303	0	8726437	5
1030303	0	892792	1
1037496	0	1284232	0
1037496	0	1320570	2
1037496	0	1326843	3
1037496	0	1326844	2
1037496	0	1326846	2
1037496	0	1326969	3
1037496	0	1326971	3
1037496	0	1329191	2
1037496	0	1367493	2
1037496	0	1367494	1
1037496	0	1399394	3
1037496	0	1503490	0
1037496	0	1503495	0
1037496	0	1687753	2
1037496	0	1780266	1
1037496	0	2401853	0
1037496	0	2540327	3
1037496	0	2546934	1
1037496	0	2672141	5
1037496	0	2700224	2
1037496	0	2700338	1
1037496	0	2723093	1
1037496	0	2725825	5
1037496	0	2725829	5
1037496	0	2725834	5
1037496	0	3017710	2
1037496	0	3046755	3
1037496	0	3062304	2
1037496	0	3242276	1
1037496	0	3454777	2
1037496	0	3586709	1
1037496	0	3725931	4
1037496	0	3725932	4
1037496	0	3725933	4
1037496	0	3725934	5
1037496	0	3725936	4
1037496	0	3725937	5
1037496	0	3766140	1
1037496	0	3839428	0
1037496	0	3946879	0
1037496	0	4029123	2
1037496	0	4029124	2
1037496	0	4029128	1
1037496	0	4174374	4
1037496	0	4174376	4
1037496	0	4174377	5
1037496	0	4174378	4
1037496	0	4174380	4
1037496	0	4187303	4
1037496	0	4187304	5
1037496	0	4187305	5
1037496	0	4187307	5
1037496	0	4187309	5
1037496	0	4229832	1
1037496	0	4284602	1
1037496	0	4442038	1
1037496	0	4456584	2
1037496	0	4760906	5
1037496	0	4760907	5
1037496	0	4760908	4
1037496	0	4760909	4
1037496	0	4760912	5
1037496	0	4760914	5
1037496	0	4760915	5
1037496	0	4767626	3
1037496	0	4905509	5
1037496	0	4905511	4
1037496	0	4912160	5
1037496	0	4912162	5
1037496	0	4912163	3
1037496	0	4912166	4
1037496	0	4912167	5
1037496	0	5289376	0
1037496	0	5310677	2
1037496	0	5927420	5
1037496	0	6245203	2
1037496	0	6303138	2
1037496	0	6303139	2
1037496	0	6855154	0
1037496	0	6855156	0
1037496	0	6866284	5
1037496	0	6971300	1
1037496	0	7318757	2
1037496	0	7412640	3
1037496	0	7465901	0
1037496	0	7655685	1
1037496	0	7761610	1
1037496	0	7766583	5
1037496	0	7766584	4
1037496	0	7766585	5
1037496	0	7766587	5
1037496	0	8131543	2
1037496	0	8131544	2
1037496	0	8243145	3
1037496	0	8413924	4
1037496	0	8594835	2
1037496	0	8600792	2
1037496	0	861130	2
1037496	0	933791	2
1037496	0	939741	2
1043135	0	1536025	2
1043135	0	1536028	4
1043135	0	1637694	5
1043135	0	1637695	5
1043135	0	1637701	4
1043135	0	1727793	5
1043135	0	1845636	5
1043135	0	1845637	2
1043135	0	1845638	1
1043135	0	1845639	2
1043135	0	1845640	2
1043135	0	1845641	2
1043135	0	1845642	1
1043135	0	1845643	2
1043135	0	1845644	1
1043135	0	1845645	1
1043135	0	2435231	0
1043135	0	2443319	5
1043135	0	2498318	0
1043135	0	2514949	2
1043135	0	2514951	2
1043135	0	2664986	5
1043135	0	2664987	2
1043135	0	2664988	3
1043135	0	2664989	5
1043135	0	2664990	4
1043135	0	2664991	2
1043135	0	2664992	4
1043135	0	2664993	4
1043135	0	2664994	2
1043135	0	2664995	5
1043135	0	2790617	1
1043135	0	297037	0
1043135	0	3043608	0
1043135	0	3374866	4
1043135	0	3378237	1
1043135	0	3378238	1
1043135	0	3378240	5
1043135	0	3475316	1
1043135	0	3878603	5
1043135	0	3878608	5
1043135	0	4195618	0
1043135	0	4355523	5
1043135	0	4541687	2
1043135	0	4541688	5
1043135	0	4541691	2
1043135	0	4541692	3
1043135	0	4541694	2
1043135	0	4721484	1
1043135	0	4794227	3
1043135	0	4881715	4
1043135	0	4994428	5
1043135	0	4994429	3
1043135	0	5119430	3
1043135	0	5119432	4
1043135	0	5152125	1
1043135	0	5223175	1
1043135	0	5223177	0
1043135	0	5223178	0
1043135	0	5262282	2
1043135	0	5262285	4
1043135	0	5262289	4
1043135	0	5262290	1
1043135	0	6044059	3
1043135	0	6044061	3
1043135	0	6044064	2
1043135	0	6097574	4
1043135	0	6152453	0
1043135	0	650641	5
1043135	0	650642	5
1043135	0	650644	2
1043135	0	7022075	2
1043135	0	7022077	2
1043135	0	7022079	5
1043135	0	7137848	5
1043135	0	7137849	5
1043135	0	7137851	5
1043135	0	7945768	2
1043135	0	8049995	2
1043135	0	8224813	3
1043135	0	8632895	3
1043135	0	8632897	4
1043135	0	8696952	5
1043135	0	8696953	5
1043135	0	8696954	5
1043135	0	8696955	3
1043135	0	8696956	5
1043135	0	8696957	4
1043135	0	8696958	4
1043135	0	8696959	2
1043135	0	8696960	5
1043135	0	8696961	4
1043135	0	8733886	2
1043135	0	8733891	0
1043135	0	8787047	1
1043135	0	8787048	1
1043135	0	8787049	1
1043135	0	8787052	2
1043135	0	8812239	0
1043135	0	8831379	2
1051399	0	160027	1
1051399	0	2274111	5
1051399	0	2274112	3
1051399	0	2302505	1
1051399	0	2315732	4
1051399	0	2411864	2
1051399	0	2674668	4
1051399	0	2768271	5
1051399	0	2899499	0
1051399	0	2953742	0
1051399	0	2978630	1
1051399	0	3071159	2
1051399	0	3127933	2
1051399	0	3198223	1
1051399	0	3223239	1
1051399	0	3285876	0
1051399	0	3305062	2
1051399	0	3376619	4
1051399	0	3383391	2
1051399	0	3446936	0
1051399	0	3556858	2
1051399	0	3581850	1
1051399	0	3607052	3
1051399	0	3681694	5
1051399	0	3694752	2
1051399	0	3694758	2
1051399	0	3763498	2
1051399	0	3773243	0
1051399	0	3809638	2
1051399	0	3826735	4
1051399	0	3826738	5
1051399	0	3826741	4
1051399	0	3943224	5
1051399	0	3943228	5
1051399	0	3943229	5
1051399	0	3969385	5
1051399	0	3969388	5
1051399	0	4171289	4
1051399	0	4206814	2
1051399	0	4213895	3
1051399	0	4213898	4
1051399	0	4331016	1
1051399	0	4331020	2
1051399	0	4380507	5
1051399	0	4384327	2
1051399	0	4422069	1
1051399	0	4426182	5
1051399	0	4426187	5
1051399	0	4426188	5
1051399	0	4513307	1
1051399	0	4544832	4
1051399	0	4568620	0
1051399	0	4729565	5
1051399	0	4736961	4
1051399	0	4763402	5
1051399	0	4772458	2
1051399	0	4810073	0
1051399	0	4840772	1
1051399	0	4840777	2
1051399	0	4878559	0
1051399	0	4916845	1
1051399	0	5195183	4
1051399	0	5217689	0
1051399	0	5308718	5
1051399	0	5348043	5
1051399	0	5598220	2
1051399	0	5598223	3
1051399	0	5725262	2
1051399	0	5956641	5
1051399	0	6353890	3
1051399	0	6503955	2
1051399	0	69812	3
1051399	0	69813	5
1051399	0	69818	5
1051399	0	6991992	4
1051399	0	7098275	3
1051399	0	7098280	2
1051399	0	7099525	4
1051399	0	71750	5
1051399	0	7290974	5
1051399	0	745839	5
1051399	0	7709923	2
1051399	0	7811491	1
1051399	0	7815594	2
1051399	0	7816049	3
1051399	0	7816050	4
1051399	0	7816053	5
1051399	0	7848669	2
1051399	0	7848670	4
1051399	0	7848674	2
1051399	0	7904179	3
1051399	0	7923108	5
1051399	0	8172956	1
1051399	0	8328703	1
1051399	0	8328712	0
1051399	0	857555	4
1051399	0	8812860	2
1051399	0	8815205	1
1051399	0	8815213	2
1051399	0	962431	3
1064670	0	100815	5
1064670	0	1100241	0
1064670	0	11242	0
1064670	0	1156065	3
1064670	0	129462	5
1064670	0	1686718	2
1064670	0	1686724	0
1064670	0	1760662	1
1064670	0	1979447	1
1064670	0	2017045	1
1064670	0	2316072	1
1064670	0	2761008	1
1064670	0	2839843	5
1064670	0	2870082	0
1064670	0	2895116	0
1064670	0	293152	3
1064670	0	2977159	5
1064670	0	2977160	5
1064670	0	3328188	2
1064670	0	3328191	2
1064670	0	3477583	4
1064670	0	3561216	1
1064670	0	3659747	1
1064670	0	3729576	1
1064670	0	3741160	3
1064670	0	3741166	2
1064670	0	3807086	4
1064670	0	3826026	5
1064670	0	3930	4
1064670	0	4181123	1
1064670	0	4181130	2
1064670	0	4216066	2
1064670	0	4216073	2
1064670	0	4217682	5
1064670	0	4260391	0
1064670	0	4260400	1
1064670	0	4845639	2
1064670	0	4855039	4
1064670	0	4859892	0
1064670	0	5138668	2
1064670	0	5191553	3
1064670	0	5265410	1
1064670	0	5265412	3
1064670	0	5333756	0
1064670	0	5888403	5
1064670	0	5888407	4
1064670	0	6098427	1
1064670	0	6127869	2
1064670	0	6171059	2
1064670	0	6175221	4
1064670	0	6619634	1
1064670	0	6728472	2
1064670	0	6762663	3
1064670	0	6770496	3
1064670	0	681599	2
1064670	0	6824284	5
1064670	0	6824285	5
1064670	0	6878678	4
1064670	0	6878684	4
1064670	0	6878685	4
1064670	0	7012470	2
1064670	0	7055907	2
1064670	0	7180532	4
1064670	0	7244108	2
1064670	0	7244113	1
1064670	0	7244114	2
1064670	0	736681	5
1064670	0	7403029	2
1064670	0	7556558	4
1064670	0	7556559	3
1064670	0	7556560	5
1064670	0	7836243	3
1064670	0	7836249	0
1064670	0	7928010	4
1064670	0	7928012	4
1064670	0	7928015	2
1064670	0	7968225	5
1064670	0	8100018	5
1064670	0	8100020	5
1064670	0	8186407	2
1064670	0	832044	1
1064670	0	8337453	5
1064670	0	8337454	4
1064670	0	8337455	5
1064670	0	846500	2
1064670	0	846501	2
1064670	0	8545962	2
1064670	0	8667817	0
1064670	0	8680897	5
1064670	0	8680901	5
1064670	0	8680902	5
1064670	0	8680903	5
1064670	0	8680904	5
1064670	0	8680905	5
1064670	0	8680906	5
1064670	0	8734273	5
1064670	0	8734274	3
1064670	0	8748215	2
1064670	0	8816317	2
1064670	0	8841814	4
1071750	0	1351108	1
1071750	0	1390642	0
1071750	0	1609185	1
1071750	0	1609186	0
1071750	0	1655593	0
1071750	0	1655597	2
1071750	0	1954588	0
1071750	0	2055648	2
1071750	0	2186844	1
1071750	0	2562017	3
1071750	0	2608165	0
1071750	0	27185	3
1071750	0	2719271	4
1071750	0	3016476	2
1071750	0	3016477	2
1071750	0	3016481	4
1071750	0	3016482	4
1071750	0	3016483	3
1071750	0	3477867	1
1071750	0	3477868	2
1071750	0	3477869	2
1071750	0	3477870	2
1071750	0	3477871	2
1071750	0	3477875	1
1071750	0	3575934	5
1071750	0	3599755	0
1071750	0	3719923	1
1071750	0	3719925	3
1071750	0	3719926	5
1071750	0	3719929	3
1071750	0	3850956	3
1071750	0	3928913	5
1071750	0	3928914	5
1071750	0	3928915	5
1071750	0	3928916	5
1071750	0	3928917	5
1071750	0	3928918	5
1071750	0	4043736	0
1071750	0	4094983	2
1071750	0	4094986	2
1071750	0	4094988	2
1071750	0	4094989	2
1071750	0	4094991	2
1071750	0	4133638	1
1071750	0	4133640	4
1071750	0	4133641	1
1071750	0	4133644	5
1071750	0	4360119	2
1071750	0	4360121	2
1071750	0	4360125	2
1071750	0	4422895	0
1071750	0	4600110	1
1071750	0	4620630	2
1071750	0	4717395	4
1071750	0	4717397	1
1071750	0	4717399	4
1071750	0	4717400	2
1071750	0	4717401	5
1071750	0	4717402	2
1071750	0	4717403	3
1071750	0	4794978	5
1071750	0	4853911	2
1071750	0	5334445	1
1071750	0	5510448	2
1071750	0	5510450	2
1071750	0	5510451	3
1071750	0	6508491	5
1071750	0	6508493	5
1071750	0	6508494	5
1071750	0	6508496	5
1071750	0	6508498	5
1071750	0	6508499	2
1071750	0	6869822	2
1071750	0	717792	1
1071750	0	7778577	5
1071750	0	8219038	1
1071750	0	8378382	4
1071750	0	8378383	5
1071750	0	8378384	4
1071750	0	8378385	4
1071750	0	8378386	2
1071750	0	8378387	3
1071750	0	8378388	3
1071750	0	8378389	4
1071750	0	8378390	5
1071750	0	8378391	5
1071750	0	8580823	0
1071750	0	8698267	4
1071750	0	8698268	4
1071750	0	8698269	5
1071750	0	8698270	4
1071750	0	8698271	4
1071750	0	8698272	5
1071750	0	8698273	5
1071750	0	8698274	4
1071750	0	8698275	5
1071750	0	8698276	5
1071750	0	8777658	1
1071750	0	8795926	1
1071750	0	959132	0
1105792	0	1192888	2
1105792	0	1381135	2
1105792	0	1382758	1
1105792	0	1382761	2
1105792	0	1382762	1
1105792	0	1411853	4
1105792	0	144228	3
1105792	0	1626214	5
1105792	0	1626215	5
1105792	0	1626217	4
1105792	0	1663957	2
1105792	0	1663958	0
1105792	0	1672440	0
1105792	0	1691189	1
1105792	0	1849779	1
1105792	0	2069615	1
1105792	0	2069617	1
1105792	0	2095132	3
1105792	0	2437804	3
1105792	0	2668971	5
1105792	0	2668972	5
1105792	0	277184	1
1105792	0	2785328	1
1105792	0	3233601	2
1105792	0	3330323	2
1105792	0	3330327	1
1105792	0	3429480	2
1105792	0	3791046	1
1105792	0	4193894	4
1105792	0	4350293	5
1105792	0	4350295	4
1105792	0	4350296	5
1105792	0	4350297	5
1105792	0	4350298	2
1105792	0	4451396	3
1105792	0	4451397	4
1105792	0	4451399	4
1105792	0	4451401	2
1105792	0	4451402	3
1105792	0	4451403	4
1105792	0	4550946	4
1105792	0	4550951	3
1105792	0	4550952	3
1105792	0	4550953	2
1105792	0	4760126	2
1105792	0	4874724	2
1105792	0	5063482	2
1105792	0	5063488	5
1105792	0	5063489	2
1105792	0	5524984	0
1105792	0	5841671	1
1105792	0	6412590	2
1105792	0	6412594	5
1105792	0	6412597	0
1105792	0	6422117	0
1105792	0	6422118	0
1105792	0	6422122	2
1105792	0	6601000	3
1105792	0	6625428	1
1105792	0	6625430	4
1105792	0	6625433	2
1105792	0	6625434	4
1105792	0	6667382	4
1105792	0	6800826	2
1105792	0	6800827	2
1105792	0	6898588	4
1105792	0	6898594	2
1105792	0	6937644	0
1105792	0	7144173	5
1105792	0	7144174	5
1105792	0	7349274	2
1105792	0	7349276	4
1105792	0	7425527	1
1105792	0	7425528	1
1105792	0	7425529	4
1105792	0	7425535	1
1105792	0	788924	0
1105792	0	8097960	2
1105792	0	8097963	2
1105792	0	8201610	5
1105792	0	8201611	5
1105792	0	8201612	5
1105792	0	8201613	5
1105792	0	8201614	5
1105792	0	8201615	5
1105792	0	8201616	5
1105792	0	8201617	5
1105792	0	8201618	5
1105792	0	8201619	5
1105792	0	8412254	2
1105792	0	8464757	2
1105792	0	8711174	5
1105792	0	8711177	5
1105792	0	8711180	5
1105792	0	8795366	4
1105792	0	8795367	5
1105792	0	8795370	3
1105792	0	8795374	3
1105792	0	890402	0
1105792	0	899553	0
1106979	0	1207096	4
1106979	0	139740	1
1106979	0	1589841	4
1106979	0	1951287	2
1106979	0	2050617	1
1106979	0	210628	2
1106979	0	210632	2
1106979	0	2258092	3
1106979	0	2306620	5
1106979	0	2375311	3
1106979	0	2375313	4
1106979	0	2375317	2
1106979	0	2496608	5
1106979	0	2789921	4
1106979	0	2884219	5
1106979	0	2884220	5
1106979	0	2884226	4
1106979	0	2910472	1
1106979	0	2910477	0
1106979	0	3010524	1
1106979	0	3018740	2
1106979	0	3018741	2
1106979	0	3290646	5
1106979	0	3290649	5
1106979	0	3290651	5
1106979	0	3294974	0
1106979	0	3322163	1
1106979	0	3417281	4
1106979	0	348054	5
1106979	0	348055	5
1106979	0	348057	5
1106979	0	3644124	2
1106979	0	391272	2
1106979	0	4019426	1
1106979	0	4085368	3
1106979	0	4259138	1
1106979	0	4585827	2
1106979	0	529550	2
1106979	0	5383176	5
1106979	0	5427873	1
1106979	0	5427878	2
1106979	0	5594302	0
1106979	0	6221485	5
1106979	0	6221486	5
1106979	0	6221487	5
1106979	0	6221488	4
1106979	0	6221489	4
1106979	0	6221490	4
1106979	0	6221491	4
1106979	0	6221492	4
1106979	0	6221494	5
1106979	0	646120	0
1106979	0	6654373	2
1106979	0	6678438	2
1106979	0	6678439	1
1106979	0	6678441	2
1106979	0	6678444	0
1106979	0	6739455	1
1106979	0	6739457	2
1106979	0	6802957	0
1106979	0	6965537	0
1106979	0	6994875	2
1106979	0	7007161	1
1106979	0	7033760	0
1106979	0	7033762	1
1106979	0	7033763	1
1106979	0	7033764	1
1106979	0	7033765	2
1106979	0	7033766	2
1106979	0	7033767	2
1106979	0	7033768	0
1106979	0	7033769	2
1106979	0	7499364	3
1106979	0	7557632	4
1106979	0	7674415	3
1106979	0	7674419	4
1106979	0	7674423	3
1106979	0	7832129	2
1106979	0	7920803	4
1106979	0	799359	5
1106979	0	799360	5
1106979	0	8177315	3
1106979	0	8177319	2
1106979	0	8190132	5
1106979	0	8190133	5
1106979	0	8190134	5
1106979	0	8190136	5
1106979	0	8190137	5
1106979	0	8190138	5
1106979	0	8190139	5
1106979	0	8190140	5
1106979	0	826857	2
1106979	0	8623006	3
1106979	0	8722231	1
1106979	0	8722234	0
1106979	0	8722235	2
1106979	0	8820391	3
1106979	0	885818	3
1106979	0	947605	4
1106979	0	970167	2
1108651	0	1421349	5
1108651	0	1421350	5
1108651	0	1421352	5
1108651	0	1421353	5
1108651	0	1421354	4
1108651	0	1421355	5
1108651	0	1457501	4
1108651	0	1457502	2
1108651	0	1482137	2
1108651	0	158235	1
1108651	0	1621557	2
1108651	0	1643324	4
1108651	0	1643325	3
1108651	0	1700134	2
1108651	0	1714260	4
1108651	0	1817809	1
1108651	0	1917539	0
1108651	0	2022311	1
1108651	0	2044065	2
1108651	0	2141336	5
1108651	0	2289181	2
1108651	0	2497201	3
1108651	0	2564930	3
1108651	0	2745683	5
1108651	0	2745687	4
1108651	0	2745688	2
1108651	0	2849393	0
1108651	0	3102788	4
1108651	0	3102792	5
1108651	0	3102793	2
1108651	0	3102796	2
1108651	0	3313493	1
1108651	0	3561553	0
1108651	0	3561558	0
1108651	0	3561559	0
1108651	0	3641700	2
1108651	0	378711	1
1108651	0	3907630	0
1108651	0	3923075	3
1108651	0	4351519	2
1108651	0	479166	2
1108651	0	4851163	1
1108651	0	4911228	2
1108651	0	5066712	4
1108651	0	5330509	5
1108651	0	5330510	5
1108651	0	5494401	3
1108651	0	5830553	4
1108651	0	5962815	2
1108651	0	5975247	1
1108651	0	6058576	5
1108651	0	6254871	2
1108651	0	6254872	2
1108651	0	6461621	2
1108651	0	6474920	1
1108651	0	6499055	0
1108651	0	6500754	0
1108651	0	6517917	3
1108651	0	6522183	4
1108651	0	6623205	2
1108651	0	6635998	5
1108651	0	6636001	5
1108651	0	6747079	4
1108651	0	6917944	2
1108651	0	6917946	1
1108651	0	7111296	2
1108651	0	7115328	1
1108651	0	7341143	1
1108651	0	7341144	1
1108651	0	7442987	3
1108651	0	7501823	0
1108651	0	7562550	1
1108651	0	7653928	4
1108651	0	7654965	3
1108651	0	7879808	2
1108651	0	815596	3
1108651	0	815597	2
1108651	0	815600	3
1108651	0	8175406	5
1108651	0	8175407	5
1108651	0	8175408	4
1108651	0	8175409	5
1108651	0	8175410	4
1108651	0	8175411	5
1108651	0	8175412	5
1108651	0	8175414	5
1108651	0	8175415	2
1108651	0	8256437	2
1108651	0	8258085	5
1108651	0	8289553	4
1108651	0	8289555	5
1108651	0	8289556	5
1108651	0	8289560	5
1108651	0	8289561	5
1108651	0	8381718	0
1108651	0	847721	4
1108651	0	8519010	1
1108651	0	8523642	2
1108651	0	8591633	5
1108651	0	8643791	1
1109707	0	1011113	5
1109707	0	1058288	3
1109707	0	107894	2
1109707	0	1143386	5
1109707	0	1207303	2
1109707	0	1235933	1
1109707	0	1444599	2
1109707	0	1667039	0
1109707	0	1671350	3
1109707	0	1712222	2
1109707	0	1719371	5
1109707	0	1719372	5
1109707	0	1719373	2
1109707	0	1719374	5
1109707	0	1823563	2
1109707	0	1911564	5
1109707	0	1911568	1
1109707	0	1922349	1
1109707	0	1950475	0
1109707	0	1969321	4
1109707	0	1980270	2
1109707	0	2068094	0
1109707	0	2068096	0
1109707	0	2068101	0
1109707	0	2245437	5
1109707	0	2456877	3
1109707	0	2522774	1
1109707	0	2581464	0
1109707	0	2608505	2
1109707	0	2646535	2
1109707	0	2879391	3
1109707	0	2879398	2
1109707	0	2946793	0
1109707	0	3039465	5
1109707	0	3039466	4
1109707	0	3497360	4
1109707	0	353771	5
1109707	0	353772	3
1109707	0	3609754	1
1109707	0	3943399	4
1109707	0	3982977	5
1109707	0	4053838	1
1109707	0	4122618	5
1109707	0	4237064	2
1109707	0	4294915	5
1109707	0	4332695	5
1109707	0	4370752	5
1109707	0	4370753	5
1109707	0	4370755	2
1109707	0	4370756	4
1109707	0	4377704	1
1109707	0	4419505	0
1109707	0	459375	3
1109707	0	4788762	4
1109707	0	4821697	1
1109707	0	4867369	2
1109707	0	4869410	2
1109707	0	4933633	1
1109707	0	5061689	3
1109707	0	517840	2
1109707	0	5340022	2
1109707	0	5415865	4
1109707	0	5418070	2
1109707	0	5446117	5
1109707	0	5639029	0
1109707	0	5740302	4
1109707	0	5826551	2
1109707	0	5942603	4
1109707	0	5947139	5
1109707	0	603152	5
1109707	0	6412669	1
1109707	0	6872195	5
1109707	0	7101696	1
1109707	0	7241557	5
1109707	0	7566097	4
1109707	0	7566102	2
1109707	0	7566104	2
1109707	0	7566105	2
1109707	0	7671117	4
1109707	0	771002	5
1109707	0	785762	4
1109707	0	7979663	5
1109707	0	8027667	1
1109707	0	8027668	2
1109707	0	8165491	2
1109707	0	8165492	5
1109707	0	8165497	4
1109707	0	8179673	2
1109707	0	8363276	4
1109707	0	8363279	5
1109707	0	8363280	4
1109707	0	8363281	3
1109707	0	8411158	3
1109707	0	8411159	2
1109707	0	8441435	1
1109707	0	8552235	3
1109707	0	8564590	1
1109707	0	8564591	5
1109707	0	8679294	1
1109707	0	8691951	0
1110678	0	1110866	2
1110678	0	1125988	3
1110678	0	1174910	5
1110678	0	1191773	5
1110678	0	120074	3
1110678	0	1263295	5
1110678	0	128765	0
1110678	0	1386361	1
1110678	0	1386387	0
1110678	0	1514972	2
1110678	0	1538553	0
1110678	0	162358	2
1110678	0	1902637	2
1110678	0	1902638	2
1110678	0	1902639	1
1110678	0	1902640	2
1110678	0	1911648	3
1110678	0	2073669	3
1110678	0	2216906	2
1110678	0	2284094	4
1110678	0	2310808	4
1110678	0	2310814	4
1110678	0	2310815	5
1110678	0	2334662	5
1110678	0	2355229	4
1110678	0	2379087	3
1110678	0	2713705	5
1110678	0	2713708	5
1110678	0	2713709	5
1110678	0	2748417	2
1110678	0	2789478	0
1110678	0	2789486	1
1110678	0	2887708	2
1110678	0	3077415	4
1110678	0	3267836	0
1110678	0	3267839	1
1110678	0	347013	2
1110678	0	3485848	1
1110678	0	3489883	2
1110678	0	3497180	3
1110678	0	3559144	5
1110678	0	3719134	5
1110678	0	3813276	2
1110678	0	3854403	0
1110678	0	3933533	5
1110678	0	4018378	2
1110678	0	4018386	2
1110678	0	4125350	2
1110678	0	4125354	2
1110678	0	4211036	2
1110678	0	4421881	2
1110678	0	4439793	1
1110678	0	4615527	1
1110678	0	4706126	5
1110678	0	4717472	2
1110678	0	4717478	2
1110678	0	4717479	1
1110678	0	4717481	2
1110678	0	4720791	4
1110678	0	4738965	4
1110678	0	4739193	4
1110678	0	4938479	4
1110678	0	4972936	0
1110678	0	5253767	3
1110678	0	5326292	4
1110678	0	5336226	2
1110678	0	5543701	3
1110678	0	5684994	0
1110678	0	593570	1
1110678	0	6129206	4
1110678	0	6129211	3
1110678	0	614074	4
1110678	0	6315301	5
1110678	0	6512116	5
1110678	0	6512117	5
1110678	0	6604336	0
1110678	0	6648528	5
1110678	0	6945221	4
1110678	0	6945223	3
1110678	0	7139329	5
1110678	0	714348	4
1110678	0	714351	5
1110678	0	7165294	1
1110678	0	7254274	4
1110678	0	741943	5
1110678	0	7504075	0
1110678	0	7712706	2
1110678	0	7822744	5
1110678	0	7894573	2
1110678	0	7925699	1
1110678	0	8155912	5
1110678	0	8155913	5
1110678	0	8155914	5
1110678	0	8159105	5
1110678	0	8212941	1
1110678	0	8427753	2
1110678	0	8594295	1
1110678	0	8594298	1
1110678	0	925075	1
1110678	0	925405	5
1113256	0	1037242	0
1113256	0	1037243	1
1113256	0	1037245	0
1113256	0	1037246	1
1113256	0	1037247	0
1113256	0	1257882	4
1113256	0	1407862	4
1113256	0	1407863	4
1113256	0	1407864	3
1113256	0	1407867	5
1113256	0	1407871	3
1113256	0	1814337	2
1113256	0	1814343	2
1113256	0	2285444	2
1113256	0	2285445	2
1113256	0	2285447	2
1113256	0	2321033	4
1113256	0	2321035	4
1113256	0	2337082	1
1113256	0	2530542	1
1113256	0	2671273	2
1113256	0	2680775	4
1113256	0	2713310	4
1113256	0	2713311	5
1113256	0	2713313	3
1113256	0	2762960	2
1113256	0	2762962	2
1113256	0	2762963	1
1113256	0	3003351	0
1113256	0	3123993	1
1113256	0	3263258	5
1113256	0	3263263	5
1113256	0	3357313	1
1113256	0	3357314	0
1113256	0	3357319	0
1113256	0	3357321	2
1113256	0	3427295	2
1113256	0	3479165	2
1113256	0	3479466	4
1113256	0	3491140	0
1113256	0	3539363	3
1113256	0	363560	2
1113256	0	3654118	2
1113256	0	3680842	1
1113256	0	3828438	4
1113256	0	3976057	5
1113256	0	3976059	5
1113256	0	3976060	4
1113256	0	3976064	5
1113256	0	4006284	1
1113256	0	4064120	4
1113256	0	4111648	2
1113256	0	45782	2
1113256	0	4689495	5
1113256	0	4689499	5
1113256	0	4751806	2
1113256	0	4888393	3
1113256	0	5096692	1
1113256	0	5365817	3
1113256	0	5365819	2
1113256	0	5723305	3
1113256	0	6106132	2
1113256	0	637677	2
1113256	0	6707845	2
1113256	0	6782246	5
1113256	0	6915168	5
1113256	0	6915169	4
1113256	0	6915170	5
1113256	0	6937739	1
1113256	0	6937740	0
1113256	0	7168614	2
1113256	0	7190242	1
1113256	0	7561111	5
1113256	0	7561113	5
1113256	0	7561114	5
1113256	0	7561115	5
1113256	0	7561116	5
1113256	0	7561117	5
1113256	0	7561118	5
1113256	0	7561120	5
1113256	0	7594310	4
1113256	0	7638467	1
1113256	0	7843131	3
1113256	0	7843132	2
1113256	0	7959534	2
1113256	0	8130528	5
1113256	0	8130529	5
1113256	0	8130530	5
1113256	0	8130535	5
1113256	0	8224542	4
1113256	0	8380140	3
1113256	0	844373	5
1113256	0	8505961	1
1113256	0	8506244	4
1113256	0	8506247	1
1113256	0	8518449	2
1113256	0	8519597	2
1113256	0	8810981	0
1113256	0	8810982	0
1113256	0	948219	3
1115210	0	1170874	2
1115210	0	1195486	1
1115210	0	1252811	1
1115210	0	1419213	4
1115210	0	1508534	0
1115210	0	1625019	2
1115210	0	1640066	0
1115210	0	1930304	4
1115210	0	1932298	4
1115210	0	1940868	2
1115210	0	2037465	2
1115210	0	2037471	2
1115210	0	2168224	5
1115210	0	2253563	2
1115210	0	2278519	1
1115210	0	2493291	2
1115210	0	2539934	4
1115210	0	2771711	1
1115210	0	2771712	0
1115210	0	280723	5
1115210	0	2959115	0
1115210	0	3031187	4
1115210	0	3031188	5
1115210	0	3031193	5
1115210	0	3101518	1
1115210	0	3262905	1
1115210	0	3406549	2
1115210	0	3556637	1
1115210	0	3769947	3
1115210	0	382378	3
1115210	0	3870942	2
1115210	0	4049735	0
1115210	0	4063001	2
1115210	0	4189777	4
1115210	0	4450403	5
1115210	0	4450404	5
1115210	0	4450406	4
1115210	0	4450407	4
1115210	0	4493933	0
1115210	0	4493934	2
1115210	0	4610462	2
1115210	0	4722362	1
1115210	0	4765342	1
1115210	0	4781712	5
1115210	0	4791665	4
1115210	0	5229938	0
1115210	0	5360047	2
1115210	0	5547291	5
1115210	0	5547293	4
1115210	0	5547295	5
1115210	0	5547297	5
1115210	0	5547298	5
1115210	0	5547299	5
1115210	0	5594603	0
1115210	0	5652519	2
1115210	0	5903116	4
1115210	0	5922492	1
1115210	0	5923473	2
1115210	0	6188884	1
1115210	0	6528039	1
1115210	0	6528043	2
1115210	0	6753265	3
1115210	0	6786951	2
1115210	0	6937377	3
1115210	0	6981449	2
1115210	0	7140183	2
1115210	0	7146818	1
1115210	0	7153218	1
1115210	0	7188543	2
1115210	0	7188546	3
1115210	0	7440360	3
1115210	0	7440364	3
1115210	0	7463700	5
1115210	0	7487597	5
1115210	0	7487600	4
1115210	0	7666784	0
1115210	0	7685077	3
1115210	0	7709255	2
1115210	0	7739731	2
1115210	0	7867204	0
1115210	0	8111878	5
1115210	0	8111879	5
1115210	0	8111883	5
1115210	0	8111885	5
1115210	0	8111886	5
1115210	0	8111887	5
1115210	0	8112005	2
1115210	0	8112010	3
1115210	0	8119266	2
1115210	0	8390252	5
1115210	0	8390254	5
1115210	0	840010	5
1115210	0	840012	5
1115210	0	8450250	1
1115210	0	845820	4
1115210	0	845823	4
1115210	0	845827	4
1115210	0	845828	5
1115210	0	8563265	2
1115210	0	8787715	3
1116380	0	1242071	2
1116380	0	1242073	2
1116380	0	1291048	3
1116380	0	1291051	4
1116380	0	1291052	1
1116380	0	1291053	4
1116380	0	1422754	2
1116380	0	1422755	1
1116380	0	1422756	1
1116380	0	1422757	4
1116380	0	1422758	2
1116380	0	1422760	5
1116380	0	1422761	3
1116380	0	1537442	4
1116380	0	1537447	5
1116380	0	1537448	3
1116380	0	1537450	4
1116380	0	1635678	1
1116380	0	1645711	0
1116380	0	1645713	2
1116380	0	1682893	2
1116380	0	218593	2
1116380	0	2302565	1
1116380	0	2302566	5
1116380	0	2302568	2
1116380	0	2302569	5
1116380	0	2302570	5
1116380	0	2302571	3
1116380	0	2626979	2
1116380	0	2626982	2
1116380	0	2626983	0
1116380	0	2626986	2
1116380	0	2626987	2
1116380	0	2626988	1
1116380	0	283258	5
1116380	0	283259	4
1116380	0	283261	3
1116380	0	283262	5
1116380	0	283263	0
1116380	0	283264	4
1116380	0	283265	0
1116380	0	283266	4
1116380	0	283267	5
1116380	0	2960673	2
1116380	0	2960678	5
1116380	0	3588231	2
1116380	0	3588232	5
1116380	0	3588233	2
1116380	0	3588234	5
1116380	0	3588236	4
1116380	0	3588237	5
1116380	0	3588238	3
1116380	0	3588239	0
1116380	0	4118339	5
1116380	0	444974	2
1116380	0	5104779	3
1116380	0	521336	2
1116380	0	521337	1
1116380	0	521338	1
1116380	0	521339	0
1116380	0	521340	1
1116380	0	521341	4
1116380	0	521342	1
1116380	0	521344	1
1116380	0	521345	4
1116380	0	5406796	4
1116380	0	568198	1
1116380	0	572184	1
1116380	0	5752652	5
1116380	0	5752654	5
1116380	0	5752657	2
1116380	0	5993459	0
1116380	0	631532	2
1116380	0	684558	5
1116380	0	684559	2
1116380	0	684560	1
1116380	0	684563	2
1116380	0	684564	5
1116380	0	6993305	5
1116380	0	6993311	0
1116380	0	6993312	4
1116380	0	6993313	4
1116380	0	765639	2
1116380	0	765640	5
1116380	0	765642	2
1116380	0	765643	1
1116380	0	765644	2
1116380	0	765645	2
1116380	0	765646	4
1116380	0	7667831	0
1116380	0	8100542	5
1116380	0	8100543	5
1116380	0	8100545	5
1116380	0	8100546	5
1116380	0	8100548	5
1116380	0	8113949	5
1116380	0	8119446	3
1116380	0	8430548	0
1116380	0	8784326	3
1116380	0	8784328	3
1121353	0	1287149	1
1121353	0	1452054	1
1121353	0	1454102	2
1121353	0	1598758	5
1121353	0	1643468	2
1121353	0	1718235	0
1121353	0	1718237	0
1121353	0	1727596	5
1121353	0	1737022	2
1121353	0	1815071	1
1121353	0	1854970	5
1121353	0	1886363	2
1121353	0	195104	2
1121353	0	2014565	3
1121353	0	2043986	2
1121353	0	2174360	2
1121353	0	2213820	2
1121353	0	2474382	5
1121353	0	2477448	5
1121353	0	2500055	1
1121353	0	2513113	4
1121353	0	2777411	5
1121353	0	3393185	5
1121353	0	3516886	2
1121353	0	3527301	4
1121353	0	3541848	2
1121353	0	3556930	4
1121353	0	356953	2
1121353	0	3641804	5
1121353	0	3658923	5
1121353	0	3994685	0
1121353	0	4255177	5
1121353	0	4259960	5
1121353	0	4260993	4
1121353	0	4440318	5
1121353	0	470459	3
1121353	0	4828747	5
1121353	0	4872673	5
1121353	0	4969906	2
1121353	0	5065103	1
1121353	0	5112603	1
1121353	0	5112604	1
1121353	0	5214698	2
1121353	0	5277905	4
1121353	0	5540041	5
1121353	0	5572762	1
1121353	0	5572764	2
1121353	0	5572767	4
1121353	0	5584830	4
1121353	0	5614483	2
1121353	0	5642760	2
1121353	0	5642762	2
1121353	0	5788920	1
1121353	0	5884499	5
1121353	0	6000311	3
1121353	0	623603	1
1121353	0	623606	1
1121353	0	6379159	3
1121353	0	643770	4
1121353	0	643771	5
1121353	0	643773	2
1121353	0	643774	3
1121353	0	643775	4
1121353	0	6505405	1
1121353	0	6599525	4
1121353	0	6606564	2
1121353	0	6649435	0
1121353	0	6756660	0
1121353	0	6792535	0
1121353	0	7069371	2
1121353	0	710825	5
1121353	0	7344839	5
1121353	0	7344843	4
1121353	0	735856	0
1121353	0	735859	0
1121353	0	7363356	4
1121353	0	7384403	0
1121353	0	750872	3
1121353	0	769699	2
1121353	0	8041299	3
1121353	0	8053108	5
1121353	0	8053109	5
1121353	0	8053112	5
1121353	0	8053113	5
1121353	0	8053117	5
1121353	0	8081420	2
1121353	0	8105896	1
1121353	0	8215940	2
1121353	0	8459219	5
1121353	0	8459222	3
1121353	0	8506588	0
1121353	0	8684415	2
1121353	0	8708805	1
1121353	0	8805323	3
1121353	0	925386	2
1121353	0	935133	3
1121353	0	935134	4
1121353	0	937045	1
1121353	0	946643	4
1121353	0	976602	4
1122767	0	1082414	4
1122767	0	1141681	1
1122767	0	1414708	0
1122767	0	1414715	1
1122767	0	1456251	1
1122767	0	1475981	0
1122767	0	1475984	1
1122767	0	1548669	2
1122767	0	1585469	2
1122767	0	1585470	0
1122767	0	1620454	3
1122767	0	1901639	5
1122767	0	1951801	4
1122767	0	2019367	5
1122767	0	2019371	5
1122767	0	2033018	1
1122767	0	2229592	2
1122767	0	2367096	2
1122767	0	240310	0
1122767	0	2580010	1
1122767	0	2580012	0
1122767	0	2859900	2
1122767	0	2859903	4
1122767	0	2859904	4
1122767	0	2859907	5
1122767	0	2859908	4
1122767	0	2869515	4
1122767	0	2869516	2
1122767	0	2869517	2
1122767	0	2869519	5
1122767	0	2869520	2
1122767	0	2912048	5
1122767	0	318761	2
1122767	0	3192617	5
1122767	0	3320214	1
1122767	0	3320215	1
1122767	0	3320217	0
1122767	0	3320220	2
1122767	0	3368028	4
1122767	0	3402788	2
1122767	0	3402792	1
1122767	0	3407781	4
1122767	0	3467786	4
1122767	0	3467790	2
1122767	0	3467791	3
1122767	0	3702365	0
1122767	0	3850578	3
1122767	0	4102083	5
1122767	0	4122508	3
1122767	0	4191681	5
1122767	0	4259801	5
1122767	0	438879	1
1122767	0	4550504	5
1122767	0	461302	2
1122767	0	461308	2
1122767	0	4621010	4
1122767	0	4784605	5
1122767	0	4824674	1
1122767	0	4824677	5
1122767	0	4824679	5
1122767	0	4934340	2
1122767	0	4973919	5
1122767	0	506025	3
1122767	0	5145967	1
1122767	0	5145968	2
1122767	0	5285491	5
1122767	0	5796709	5
1122767	0	585508	4
1122767	0	5877496	5
1122767	0	5877500	5
1122767	0	6063622	2
1122767	0	6179207	4
1122767	0	6179209	4
1122767	0	6179210	5
1122767	0	6179211	2
1122767	0	6179212	0
1122767	0	6179213	5
1122767	0	6310719	2
1122767	0	654516	2
1122767	0	6758959	3
1122767	0	6762755	0
1122767	0	6851716	2
1122767	0	6851717	5
1122767	0	6851720	4
1122767	0	6901879	2
1122767	0	6946769	2
1122767	0	7461553	3
1122767	0	7544609	5
1122767	0	774161	0
1122767	0	8039583	5
1122767	0	8039587	2
1122767	0	8039590	5
1122767	0	8061228	3
1122767	0	8061234	2
1122767	0	8326513	4
1122767	0	8512347	1
1122767	0	8603216	1
1122767	0	916149	3
1122767	0	992687	3
1122767	0	995429	1
1127540	0	1143371	0
1127540	0	1201693	2
1127540	0	1259593	2
1127540	0	1259595	2
1127540	0	1259596	5
1127540	0	1259597	1
1127540	0	1259598	4
1127540	0	1259600	4
1127540	0	1259602	3
1127540	0	1289306	0
1127540	0	1375138	0
1127540	0	1520681	2
1127540	0	1521795	4
1127540	0	1521797	5
1127540	0	1521798	3
1127540	0	1577336	0
1127540	0	1703679	2
1127540	0	1830090	2
1127540	0	2044364	5
1127540	0	2044366	5
1127540	0	2044368	5
1127540	0	2044369	5
1127540	0	2044372	5
1127540	0	2058016	3
1127540	0	2058017	2
1127540	0	2058018	2
1127540	0	2058019	4
1127540	0	2058020	3
1127540	0	2058021	3
1127540	0	2058022	2
1127540	0	2058023	2
1127540	0	2058024	4
1127540	0	2058025	3
1127540	0	2072211	3
1127540	0	2072213	5
1127540	0	2072214	4
1127540	0	2072217	5
1127540	0	2519159	4
1127540	0	2519164	2
1127540	0	2574460	5
1127540	0	2596634	2
1127540	0	2602372	0
1127540	0	2674651	4
1127540	0	2809002	1
1127540	0	2923948	4
1127540	0	3076215	2
1127540	0	3088163	1
1127540	0	3134960	5
1127540	0	3229659	2
1127540	0	3236901	1
1127540	0	3236906	2
1127540	0	3752351	2
1127540	0	3787184	2
1127540	0	411182	3
1127540	0	4239792	1
1127540	0	4243534	3
1127540	0	4277433	0
1127540	0	4368068	2
1127540	0	4470040	4
1127540	0	4547217	4
1127540	0	4852620	1
1127540	0	4968765	2
1127540	0	5215467	0
1127540	0	5215474	1
1127540	0	5533406	2
1127540	0	5638575	1
1127540	0	5695961	4
1127540	0	5728324	5
1127540	0	5753339	5
1127540	0	6236872	0
1127540	0	6730053	2
1127540	0	7000971	1
1127540	0	7000973	1
1127540	0	700771	0
1127540	0	7127253	4
1127540	0	729879	1
1127540	0	7439668	1
1127540	0	7674072	2
1127540	0	7947397	4
1127540	0	7952444	1
1127540	0	7994747	2
1127540	0	8051801	0
1127540	0	8462437	3
1127540	0	8565523	5
1127540	0	8565525	5
1127540	0	8565526	5
1127540	0	861274	2
1127540	0	8691997	4
1127540	0	8692000	2
1127540	0	8726954	5
1127540	0	8726955	5
1127540	0	8726956	5
1127540	0	8726957	5
1127540	0	8726958	5
1127540	0	8726960	5
1127540	0	8726961	5
1127540	0	8726962	5
1127540	0	8726963	5
1127540	0	898317	1
1127540	0	937913	1
1131069	0	1038403	0
1131069	0	1043100	4
1131069	0	1195966	1
1131069	0	1768592	4
1131069	0	1780963	5
1131069	0	1780965	2
1131069	0	1780966	1
1131069	0	1780967	3
1131069	0	1780968	5
1131069	0	1780969	2
1131069	0	1780970	4
1131069	0	1780971	5
1131069	0	1950963	2
1131069	0	226992	4
1131069	0	2275210	5
1131069	0	2275212	1
1131069	0	2529339	2
1131069	0	2578817	1
1131069	0	2578822	2
1131069	0	2614315	5
1131069	0	2614316	5
1131069	0	2614322	2
1131069	0	2713202	2
1131069	0	2783520	3
1131069	0	2805723	5
1131069	0	2805726	5
1131069	0	2930342	4
1131069	0	2930344	2
1131069	0	2930347	4
1131069	0	2996190	3
1131069	0	3050455	3
1131069	0	3139579	1
1131069	0	3226670	1
1131069	0	3341289	3
1131069	0	3671672	2
1131069	0	3713247	3
1131069	0	4027733	4
1131069	0	4758555	1
1131069	0	5413864	2
1131069	0	5455638	0
1131069	0	5455642	4
1131069	0	5459465	2
1131069	0	5488948	4
1131069	0	5582397	3
1131069	0	5667711	0
1131069	0	5668186	2
1131069	0	5832667	0
1131069	0	5843920	0
1131069	0	593127	2
1131069	0	593131	1
1131069	0	6197030	2
1131069	0	6240969	3
1131069	0	6447001	2
1131069	0	6710829	0
1131069	0	671982	3
1131069	0	6763441	4
1131069	0	6803916	5
1131069	0	6809696	2
1131069	0	6809697	1
1131069	0	6809698	2
1131069	0	6809699	1
1131069	0	6809701	2
1131069	0	6809702	4
1131069	0	6809703	2
1131069	0	6868967	5
1131069	0	6907802	1
1131069	0	6907806	4
1131069	0	6907807	5
1131069	0	6907808	5
1131069	0	6907809	5
1131069	0	7275756	2
1131069	0	7275758	2
1131069	0	7275761	4
1131069	0	7419370	5
1131069	0	7425837	3
1131069	0	7479529	0
1131069	0	7524505	0
1131069	0	7524511	1
1131069	0	7605112	1
1131069	0	7610004	2
1131069	0	7610005	4
1131069	0	7610007	2
1131069	0	7756362	0
1131069	0	7770231	4
1131069	0	7840168	5
1131069	0	7920653	5
1131069	0	7962538	5
1131069	0	810830	1
1131069	0	8191742	2
1131069	0	8191743	5
1131069	0	8191744	2
1131069	0	8432048	5
1131069	0	8432049	5
1131069	0	8432050	5
1131069	0	8432053	5
1131069	0	8432055	5
1131069	0	8669561	5
1131069	0	8772621	0
1131069	0	8772624	5
1131069	0	8772625	1
1132532	0	1012083	0
1132532	0	1149459	2
1132532	0	1245510	5
1132532	0	1245511	3
1132532	0	1528845	2
1132532	0	1573544	2
1132532	0	1976993	1
1132532	0	1976995	0
1132532	0	23960	2
1132532	0	23966	2
1132532	0	2864107	2
1132532	0	331542	3
1132532	0	331543	4
1132532	0	331545	3
1132532	0	3406612	2
1132532	0	3469358	1
1132532	0	3483362	1
1132532	0	3643206	2
1132532	0	3797904	3
1132532	0	40091	3
1132532	0	4110870	4
1132532	0	4139703	2
1132532	0	4140566	4
1132532	0	4178255	2
1132532	0	4456054	1
1132532	0	4591601	5
1132532	0	4851673	5
1132532	0	4851677	4
1132532	0	5041349	3
1132532	0	5053525	4
1132532	0	5130842	4
1132532	0	5222260	1
1132532	0	5257696	2
1132532	0	5382161	2
1132532	0	5479424	2
1132532	0	5510988	1
1132532	0	554587	0
1132532	0	5610402	2
1132532	0	5651674	0
1132532	0	569543	0
1132532	0	5721704	1
1132532	0	5839862	0
1132532	0	5839863	0
1132532	0	5910809	5
1132532	0	5989422	2
1132532	0	5994763	1
1132532	0	6000894	2
1132532	0	6000895	2
1132532	0	6036022	5
1132532	0	6117740	5
1132532	0	6117745	5
1132532	0	6150717	1
1132532	0	6176603	4
1132532	0	6176605	4
1132532	0	6176606	4
1132532	0	6189364	5
1132532	0	6189365	5
1132532	0	6189366	5
1132532	0	6189367	4
1132532	0	6189369	4
1132532	0	6191514	2
1132532	0	6191515	3
1132532	0	6191516	3
1132532	0	6191517	3
1132532	0	6208534	4
1132532	0	6286696	2
1132532	0	661412	1
1132532	0	6725484	1
1132532	0	6725486	1
1132532	0	677956	2
1132532	0	6832788	4
1132532	0	6832789	5
1132532	0	6832790	5
1132532	0	6832794	5
1132532	0	6950258	2
1132532	0	6950262	5
1132532	0	7061215	1
1132532	0	7074308	1
1132532	0	718132	5
1132532	0	7197210	0
1132532	0	7291116	0
1132532	0	7508490	5
1132532	0	7508491	5
1132532	0	7508493	5
1132532	0	7543160	5
1132532	0	7543163	4
1132532	0	7543164	5
1132532	0	7740550	2
1132532	0	7740552	2
1132532	0	7941105	5
1132532	0	8111309	2
1132532	0	8136006	2
1132532	0	8243454	1
1132532	0	8307656	5
1132532	0	8307661	5
1132532	0	8307662	4
1132532	0	8310437	5
1132532	0	8318621	5
1132532	0	8318622	3
1132532	0	8524072	0
1133579	0	1200778	5
1133579	0	1200780	4
1133579	0	1318188	3
1133579	0	1318191	2
1133579	0	1318192	4
1133579	0	1318194	4
1133579	0	1659302	0
1133579	0	1659305	5
1133579	0	1659308	5
1133579	0	1659309	2
1133579	0	1694484	1
1133579	0	1817052	5
1133579	0	1817053	1
1133579	0	1817054	3
1133579	0	1817055	5
1133579	0	1817056	2
1133579	0	1817059	1
1133579	0	1986978	0
1133579	0	2067537	3
1133579	0	2067540	2
1133579	0	2067542	1
1133579	0	2067543	3
1133579	0	2067544	5
1133579	0	2067545	2
1133579	0	2130044	5
1133579	0	2130045	4
1133579	0	2130049	2
1133579	0	2247542	0
1133579	0	2384306	1
1133579	0	2577274	2
1133579	0	2623943	4
1133579	0	2675311	0
1133579	0	2829602	4
1133579	0	2874281	0
1133579	0	3334477	2
1133579	0	3560534	2
1133579	0	3586124	3
1133579	0	3642357	2
1133579	0	3691482	3
1133579	0	3691484	3
1133579	0	3755196	0
1133579	0	3755199	0
1133579	0	3841452	1
1133579	0	4057642	5
1133579	0	4274862	5
1133579	0	4274863	5
1133579	0	4274865	2
1133579	0	4506270	5
1133579	0	4700652	0
1133579	0	4868943	1
1133579	0	4931640	2
1133579	0	4931641	5
1133579	0	4931642	5
1133579	0	4931643	4
1133579	0	4931644	4
1133579	0	4931645	5
1133579	0	4931647	1
1133579	0	5277542	3
1133579	0	5277543	5
1133579	0	5277546	4
1133579	0	555630	0
1133579	0	5573005	2
1133579	0	5719607	1
1133579	0	5719608	2
1133579	0	5719611	1
1133579	0	5719612	1
1133579	0	5801087	1
1133579	0	6252755	3
1133579	0	6252756	4
1133579	0	6252757	5
1133579	0	6252760	2
1133579	0	6252761	2
1133579	0	6252762	5
1133579	0	6600375	5
1133579	0	7011718	4
1133579	0	733202	4
1133579	0	733203	5
1133579	0	733204	2
1133579	0	733205	1
1133579	0	733206	2
1133579	0	733207	2
1133579	0	733208	5
1133579	0	733209	2
1133579	0	733210	2
1133579	0	733211	5
1133579	0	8102278	5
1133579	0	8220872	5
1133579	0	8220876	2
1133579	0	8220877	5
1133579	0	8220878	4
1133579	0	8220879	2
1133579	0	8379130	1
1133579	0	8379131	2
1133579	0	8379132	3
1133579	0	8379133	5
1133579	0	8379135	4
1133579	0	8379136	1
1133579	0	8526635	2
1133579	0	8561613	0
1133579	0	8587177	4
1136043	0	1017259	2
1136043	0	1056534	5
1136043	0	1056535	1
1136043	0	1056537	3
1136043	0	1056540	5
1136043	0	1056541	4
1136043	0	1056542	1
1136043	0	1118562	4
1136043	0	1287594	1
1136043	0	1371507	3
1136043	0	1416809	2
1136043	0	160039	5
1136043	0	160044	2
1136043	0	1634128	5
1136043	0	1634130	5
1136043	0	1634131	5
1136043	0	1634132	5
1136043	0	1634133	4
1136043	0	1634134	5
1136043	0	1634137	4
1136043	0	1642217	2
1136043	0	18741	3
1136043	0	18745	4
1136043	0	2236291	4
1136043	0	2319724	2
1136043	0	2428271	2
1136043	0	2682608	2
1136043	0	2682609	3
1136043	0	2701068	5
1136043	0	3028339	3
1136043	0	3148206	0
1136043	0	3148214	0
1136043	0	3551098	2
1136043	0	3551100	5
1136043	0	3720755	5
1136043	0	3729116	2
1136043	0	3994005	1
1136043	0	418173	5
1136043	0	4309231	0
1136043	0	4385314	4
1136043	0	4535724	4
1136043	0	4545954	1
1136043	0	4687582	3
1136043	0	4706433	0
1136043	0	4732287	1
1136043	0	4882508	5
1136043	0	493123	2
1136043	0	493126	2
1136043	0	4997423	0
1136043	0	5015361	4
1136043	0	5015363	2
1136043	0	5168333	2
1136043	0	5369632	2
1136043	0	5369633	1
1136043	0	5369635	1
1136043	0	5369640	1
1136043	0	5477706	4
1136043	0	5511269	2
1136043	0	6043127	2
1136043	0	6203425	1
1136043	0	6245908	3
1136043	0	6420305	4
1136043	0	6420308	5
1136043	0	6464514	0
1136043	0	6464517	0
1136043	0	6464521	4
1136043	0	6511396	2
1136043	0	6702368	2
1136043	0	6788428	5
1136043	0	6844638	3
1136043	0	6844639	2
1136043	0	6844644	5
1136043	0	6893735	4
1136043	0	6893736	1
1136043	0	6893739	0
1136043	0	6893740	1
1136043	0	6893741	3
1136043	0	6913306	2
1136043	0	6978604	0
1136043	0	7355225	4
1136043	0	744907	3
1136043	0	744908	4
1136043	0	752550	1
1136043	0	7800508	2
1136043	0	7857306	1
1136043	0	8310899	0
1136043	0	8421869	2
1136043	0	852195	5
1136043	0	852196	2
1136043	0	852197	5
1136043	0	8728069	5
1136043	0	8728070	5
1136043	0	8728071	5
1136043	0	8728072	5
1136043	0	8728073	2
1136043	0	8728074	5
1136043	0	8728076	5
1136043	0	8728077	5
1136043	0	8728078	2
1136043	0	8814463	1
1136047	0	1200691	2
1136047	0	1200693	2
1136047	0	1200694	2
1136047	0	1240507	3
1136047	0	1254129	1
1136047	0	1716876	5
1136047	0	1716878	5
1136047	0	1716882	5
1136047	0	1716883	5
1136047	0	180409	4
1136047	0	1817206	5
1136047	0	1817211	2
1136047	0	2165349	2
1136047	0	2165358	4
1136047	0	2186578	5
1136047	0	2330116	1
1136047	0	2330118	2
1136047	0	2330119	2
1136047	0	2361379	0
1136047	0	2432010	2
1136047	0	2576474	0
1136047	0	2576476	0
1136047	0	272464	4
1136047	0	2815435	4
1136047	0	2815436	4
1136047	0	2815440	3
1136047	0	2815441	1
1136047	0	2815444	2
1136047	0	2995917	1
1136047	0	2995922	3
1136047	0	3009415	1
1136047	0	3122319	2
1136047	0	3178979	3
1136047	0	3178983	0
1136047	0	3303637	3
1136047	0	3357564	5
1136047	0	3400271	5
1136047	0	3447381	2
1136047	0	3447383	5
1136047	0	3447385	3
1136047	0	3447386	2
1136047	0	3447389	2
1136047	0	3551290	2
1136047	0	360410	1
1136047	0	360414	0
1136047	0	360415	2
1136047	0	360416	1
1136047	0	3775372	4
1136047	0	3775376	4
1136047	0	3823103	4
1136047	0	388995	2
1136047	0	3960077	1
1136047	0	3960078	2
1136047	0	3988779	3
1136047	0	4152503	4
1136047	0	4210771	1
1136047	0	4210774	1
1136047	0	4803702	4
1136047	0	4867539	3
1136047	0	4991906	2
1136047	0	512481	4
1136047	0	512482	5
1136047	0	512483	5
1136047	0	512487	5
1136047	0	512489	5
1136047	0	5440530	5
1136047	0	5440534	2
1136047	0	5864630	4
1136047	0	5953375	5
1136047	0	6070513	0
1136047	0	6093342	2
1136047	0	6093343	0
1136047	0	6093345	1
1136047	0	6421213	0
1136047	0	6499345	0
1136047	0	6499347	1
1136047	0	6604409	1
1136047	0	7009393	5
1136047	0	7141883	5
1136047	0	7170088	2
1136047	0	7501471	1
1136047	0	7509635	2
1136047	0	7509643	2
1136047	0	7540967	3
1136047	0	7540969	4
1136047	0	7571090	5
1136047	0	7830195	1
1136047	0	8328670	5
1136047	0	8508524	2
1136047	0	871544	0
1136047	0	8724031	5
1136047	0	8724032	5
1136047	0	8724033	5
1136047	0	8724035	5
1136047	0	8724036	5
1136047	0	8724037	4
1136047	0	8724038	5
1136047	0	8724039	4
1136047	0	8724040	2
1136047	0	894316	3
1136962	0	1858852	0
1136962	0	188458	1
1136962	0	188463	5
1136962	0	2098286	1
1136962	0	2098288	0
1136962	0	2293833	0
1136962	0	2504416	2
1136962	0	2504417	3
1136962	0	2662146	2
1136962	0	2668190	5
1136962	0	2736920	4
1136962	0	277849	5
1136962	0	2839204	1
1136962	0	2883074	1
1136962	0	2883076	1
1136962	0	3049177	3
1136962	0	3049180	3
1136962	0	3080322	2
1136962	0	3293337	5
1136962	0	3348372	5
1136962	0	3415740	0
1136962	0	3586539	5
1136962	0	3646982	1
1136962	0	3646987	2
1136962	0	3796591	4
1136962	0	3863653	5
1136962	0	4024823	5
1136962	0	4088981	5
1136962	0	4170447	5
1136962	0	4276733	0
1136962	0	4373085	2
1136962	0	4373090	2
1136962	0	4387884	1
1136962	0	4405500	4
1136962	0	4405503	4
1136962	0	4405507	4
1136962	0	4405509	3
1136962	0	4471029	1
1136962	0	4548553	5
1136962	0	4589723	5
1136962	0	4589724	5
1136962	0	4589725	4
1136962	0	4589728	5
1136962	0	4589729	2
1136962	0	4589730	5
1136962	0	4601613	2
1136962	0	4934921	2
1136962	0	5414508	5
1136962	0	5420816	2
1136962	0	5420819	2
1136962	0	5420820	2
1136962	0	5471438	5
1136962	0	596001	5
1136962	0	6185710	4
1136962	0	6185711	4
1136962	0	6185712	5
1136962	0	6185713	2
1136962	0	6185714	5
1136962	0	6185715	3
1136962	0	6185716	2
1136962	0	6185717	4
1136962	0	6185718	2
1136962	0	6185719	3
1136962	0	6211004	5
1136962	0	638900	4
1136962	0	6442773	3
1136962	0	6442776	3
1136962	0	657447	1
1136962	0	6684779	5
1136962	0	6724342	0
1136962	0	6842810	5
1136962	0	7609052	2
1136962	0	7621135	4
1136962	0	7631079	5
1136962	0	7631080	2
1136962	0	7631081	1
1136962	0	7631082	4
1136962	0	7631083	4
1136962	0	7631084	2
1136962	0	7896140	3
1136962	0	7926872	1
1136962	0	8049615	0
1136962	0	811626	1
1136962	0	8336573	1
1136962	0	8336574	5
1136962	0	8336575	2
1136962	0	8336578	2
1136962	0	8336581	2
1136962	0	8380913	2
1136962	0	861631	0
1136962	0	861635	0
1136962	0	8637479	2
1136962	0	8667206	1
1136962	0	8667210	2
1136962	0	8708235	2
1136962	0	8813190	4
1136962	0	937256	4
1136962	0	937257	0
1136962	0	937258	3
1136962	0	980632	1
118440	0	1007939	1
118440	0	1007941	2
118440	0	1040275	1
118440	0	1072189	4
118440	0	1205157	0
118440	0	1233740	2
118440	0	1323064	5
118440	0	1323107	3
118440	0	1445681	5
118440	0	1445685	5
118440	0	1446461	2
118440	0	1461181	2
118440	0	1569786	5
118440	0	1569787	5
118440	0	158198	1
118440	0	158199	0
118440	0	158205	1
118440	0	1606054	3
118440	0	1714371	2
118440	0	2158753	4
118440	0	2177266	5
118440	0	232470	4
118440	0	232472	5
118440	0	242478	3
118440	0	2455045	2
118440	0	2504007	5
118440	0	2605332	4
118440	0	2605341	4
118440	0	2696734	5
118440	0	2699180	5
118440	0	2699188	5
118440	0	2843799	5
118440	0	2853780	2
118440	0	285716	3
118440	0	2957959	1
118440	0	3033116	5
118440	0	3051166	1
118440	0	3104951	4
118440	0	3592811	2
118440	0	3592818	2
118440	0	3647356	5
118440	0	366327	0
118440	0	4011244	2
118440	0	4025848	0
118440	0	4100266	2
118440	0	4236463	5
118440	0	4252531	1
118440	0	4252532	1
118440	0	4303771	2
118440	0	4403471	5
118440	0	4594215	2
118440	0	4699628	2
118440	0	4852117	0
118440	0	5043465	2
118440	0	5149038	3
118440	0	5149039	4
118440	0	5149044	3
118440	0	5229209	2
118440	0	5365149	3
118440	0	5365150	2
118440	0	5424704	1
118440	0	5472863	3
118440	0	5780839	4
118440	0	6047221	2
118440	0	6170014	1
118440	0	6382751	5
118440	0	6382753	5
118440	0	6382755	5
118440	0	6387629	5
118440	0	6655848	0
118440	0	6687966	5
118440	0	6744365	5
118440	0	6744366	4
118440	0	6744368	4
118440	0	6744991	3
118440	0	6750547	5
118440	0	6750548	4
118440	0	6750550	4
118440	0	6750552	4
118440	0	6750554	2
118440	0	6802137	5
118440	0	730845	4
118440	0	7400215	4
118440	0	7657154	1
118440	0	7703789	1
118440	0	7829497	0
118440	0	7829499	0
118440	0	7829500	0
118440	0	8127230	0
118440	0	8412702	5
118440	0	8550781	2
118440	0	8550785	2
118440	0	8602418	1
118440	0	8724459	2
118440	0	8725736	1
118440	0	8737577	3
118440	0	8737579	2
118440	0	875525	2
118440	0	877260	1
118440	0	996866	2
121171	0	1069156	2
121171	0	1069158	2
121171	0	1069161	2
121171	0	1158257	2
121171	0	1192402	2
121171	0	1278921	4
121171	0	1278926	5
121171	0	1278928	5
121171	0	1278929	4
121171	0	1353129	1
121171	0	1499882	0
121171	0	1499887	0
121171	0	1609089	1
121171	0	1636240	3
121171	0	1933650	2
121171	0	2008288	0
121171	0	2008291	1
121171	0	2029435	2
121171	0	2293465	4
121171	0	2444997	2
121171	0	2550806	5
121171	0	2550810	5
121171	0	2550811	5
121171	0	2550813	5
121171	0	2550814	5
121171	0	259430	5
121171	0	259431	5
121171	0	259433	5
121171	0	259435	4
121171	0	259436	5
121171	0	259437	4
121171	0	2626100	4
121171	0	2626101	5
121171	0	2670069	2
121171	0	2848374	2
121171	0	2848378	2
121171	0	2946564	3
121171	0	3247113	1
121171	0	3809978	0
121171	0	3811295	2
121171	0	3812022	5
121171	0	4254755	2
121171	0	4254759	0
121171	0	4254763	1
121171	0	449231	4
121171	0	451170	5
121171	0	451171	5
121171	0	451172	5
121171	0	451174	5
121171	0	451175	5
121171	0	451176	5
121171	0	4726782	1
121171	0	4726786	2
121171	0	4785924	3
121171	0	4969027	1
121171	0	4985003	1
121171	0	4985005	1
121171	0	4985008	1
121171	0	4990808	2
121171	0	5193237	3
121171	0	5237905	4
121171	0	5335825	2
121171	0	5335826	1
121171	0	5809826	4
121171	0	5809831	5
121171	0	5930988	4
121171	0	5944614	2
121171	0	6190165	0
121171	0	629628	0
121171	0	629634	0
121171	0	6315677	1
121171	0	6315679	2
121171	0	6461186	4
121171	0	6580476	5
121171	0	6631626	2
121171	0	6663740	3
121171	0	6906230	2
121171	0	699282	3
121171	0	7027300	2
121171	0	7123961	3
121171	0	7165405	1
121171	0	735708	1
121171	0	7395067	2
121171	0	7428543	3
121171	0	7716968	0
121171	0	7798953	2
121171	0	8260188	4
121171	0	8260191	5
121171	0	8260192	5
121171	0	8260193	4
121171	0	8260194	5
121171	0	8260195	5
121171	0	8318774	2
121171	0	8318779	1
121171	0	8585642	3
121171	0	8654481	2
121171	0	8729004	4
121171	0	8729006	3
121171	0	884016	4
121171	0	921890	0
135802	0	1060724	3
135802	0	1103938	5
135802	0	1189352	4
135802	0	1191122	5
135802	0	1386451	3
135802	0	1751076	5
135802	0	1751079	4
135802	0	1881726	4
135802	0	1892905	1
135802	0	2108937	0
135802	0	2108939	0
135802	0	2539732	5
135802	0	258382	2
135802	0	2668116	4
135802	0	2739063	5
135802	0	2739065	5
135802	0	2739069	5
135802	0	2932466	2
135802	0	2942880	3
135802	0	3053964	2
135802	0	3226034	2
135802	0	3508281	4
135802	0	3508283	2
135802	0	3521088	1
135802	0	3521090	1
135802	0	3521091	1
135802	0	3532236	2
135802	0	3532240	1
135802	0	3577851	3
135802	0	3624450	5
135802	0	366625	4
135802	0	366633	4
135802	0	368476	3
135802	0	3703013	2
135802	0	3707271	3
135802	0	3775933	0
135802	0	4007443	4
135802	0	4007447	5
135802	0	4228436	1
135802	0	4228437	1
135802	0	4228440	2
135802	0	4228442	1
135802	0	4228443	1
135802	0	4331542	3
135802	0	4347259	5
135802	0	4382396	5
135802	0	444178	2
135802	0	4605086	5
135802	0	4688641	4
135802	0	490759	0
135802	0	4907600	4
135802	0	5258141	0
135802	0	5461742	2
135802	0	5461751	1
135802	0	546872	4
135802	0	546876	4
135802	0	5613419	2
135802	0	5710719	2
135802	0	6129482	2
135802	0	6177821	3
135802	0	6208977	1
135802	0	6208980	1
135802	0	6631559	0
135802	0	663703	5
135802	0	663707	5
135802	0	6687193	2
135802	0	6713729	3
135802	0	6805170	0
135802	0	6855270	2
135802	0	6855271	2
135802	0	6855273	3
135802	0	6874876	1
135802	0	6874879	2
135802	0	7020894	4
135802	0	7020899	5
135802	0	7144823	1
135802	0	7144826	1
135802	0	7144829	2
135802	0	7308025	4
135802	0	7315667	2
135802	0	7315669	2
135802	0	7348836	4
135802	0	7708076	2
135802	0	802446	5
135802	0	8081412	5
135802	0	8099733	2
135802	0	8256607	2
135802	0	8264847	5
135802	0	8595731	0
135802	0	8595734	0
135802	0	8595735	2
135802	0	8692619	5
135802	0	8692621	5
135802	0	8692623	5
135802	0	8692624	5
135802	0	8692626	5
135802	0	8692627	5
135802	0	8692628	5
135802	0	8743179	0
135802	0	8743182	2
141630	0	1157247	1
141630	0	1157248	4
141630	0	1157249	3
141630	0	1157251	5
141630	0	1175842	2
141630	0	1314689	4
141630	0	1611308	0
141630	0	1611313	4
141630	0	1889340	4
141630	0	2173072	5
141630	0	2366121	2
141630	0	2752564	3
141630	0	2768009	2
141630	0	2822434	1
141630	0	2851002	3
141630	0	2892893	1
141630	0	340875	4
141630	0	3461358	2
141630	0	3500851	4
141630	0	3500852	2
141630	0	3500854	5
141630	0	3500855	5
141630	0	3500856	5
141630	0	3500858	1
141630	0	3500860	2
141630	0	3604692	0
141630	0	3665879	5
141630	0	3672654	4
141630	0	3672655	5
141630	0	3752117	1
141630	0	4098919	2
141630	0	4098924	2
141630	0	4101945	2
141630	0	4101946	5
141630	0	4101949	5
141630	0	4101951	4
141630	0	4101952	1
141630	0	4101953	3
141630	0	4422338	3
141630	0	4422339	5
141630	0	4422340	0
141630	0	4422342	3
141630	0	4422343	0
141630	0	4757802	1
141630	0	5098398	5
141630	0	5098400	2
141630	0	5126206	4
141630	0	5337305	5
141630	0	5389973	5
141630	0	554695	1
141630	0	554699	2
141630	0	554702	0
141630	0	5921140	5
141630	0	6007465	0
141630	0	6007469	1
141630	0	6064897	5
141630	0	6064898	4
141630	0	6319711	2
141630	0	6319713	1
141630	0	6486090	2
141630	0	6496220	2
141630	0	6496226	3
141630	0	6496229	5
141630	0	6530476	1
141630	0	6580043	4
141630	0	6638749	5
141630	0	7004631	2
141630	0	7107466	1
141630	0	7228533	4
141630	0	7309677	5
141630	0	7705603	4
141630	0	7743596	1
141630	0	7985117	2
141630	0	7985118	2
141630	0	8048021	0
141630	0	8068281	3
141630	0	806878	5
141630	0	8217013	2
141630	0	8225216	0
141630	0	8225222	2
141630	0	8319987	4
141630	0	8319989	5
141630	0	8319990	5
141630	0	8319991	2
141630	0	8319992	3
141630	0	8319993	5
141630	0	8549945	0
141630	0	861355	3
141630	0	8653584	2
141630	0	8653585	5
141630	0	8653589	5
141630	0	8685361	2
141630	0	8768725	5
141630	0	8808343	0
141630	0	885780	2
141630	0	885781	1
141630	0	885782	2
141630	0	885784	4
141630	0	885785	1
141630	0	885786	2
156498	0	104798	3
156498	0	104800	5
156498	0	104801	5
156498	0	104802	2
156498	0	104803	5
156498	0	1066785	5
156498	0	1066789	5
156498	0	1118223	4
156498	0	1176897	1
156498	0	1430192	1
156498	0	1430195	1
156498	0	1434098	3
156498	0	1439275	3
156498	0	1439277	3
156498	0	1575717	4
156498	0	1663164	5
156498	0	1663169	5
156498	0	172091	2
156498	0	172093	2
156498	0	172094	1
156498	0	1840047	1
156498	0	1840051	0
156498	0	2167316	3
156498	0	2167317	0
156498	0	2455301	0
156498	0	2455302	0
156498	0	2455307	4
156498	0	2537585	3
156498	0	2673135	1
156498	0	3109234	2
156498	0	3114158	2
156498	0	3287997	4
156498	0	3288004	2
156498	0	3301559	5
156498	0	3301562	5
156498	0	3301563	5
156498	0	3443399	1
156498	0	3484650	2
156498	0	3529363	0
156498	0	3529367	1
156498	0	3669926	5
156498	0	3669928	5
156498	0	3852379	2
156498	0	3853777	0
156498	0	3929551	1
156498	0	4026114	4
156498	0	4273410	5
156498	0	4273411	5
156498	0	4273412	5
156498	0	4273413	5
156498	0	4273415	5
156498	0	4273418	5
156498	0	4273419	5
156498	0	4325225	4
156498	0	4349518	1
156498	0	463358	2
156498	0	4886858	4
156498	0	4908499	3
156498	0	4950763	2
156498	0	4950764	2
156498	0	4950765	2
156498	0	4950770	4
156498	0	4960216	5
156498	0	4996221	2
156498	0	5051133	0
156498	0	5230806	4
156498	0	5230812	5
156498	0	5456027	1
156498	0	5496865	5
156498	0	5514886	0
156498	0	5554129	5
156498	0	5569660	4
156498	0	5606985	5
156498	0	6350447	2
156498	0	6350450	2
156498	0	6574893	1
156498	0	6602231	0
156498	0	6648982	2
156498	0	7393852	3
156498	0	7393854	1
156498	0	7393858	4
156498	0	752504	2
156498	0	7789969	3
156498	0	7820338	2
156498	0	8146073	2
156498	0	824324	4
156498	0	824332	2
156498	0	8305049	1
156498	0	8615226	2
156498	0	8615228	4
156498	0	8615229	2
156498	0	8615231	3
156498	0	8615232	1
156498	0	8615233	2
156498	0	8648969	5
156498	0	8648972	4
156498	0	8821152	2
156498	0	968558	2
156498	0	968559	0
156498	0	973039	4
169208	0	1395410	5
169208	0	1395412	5
169208	0	1395413	5
169208	0	1395414	4
169208	0	1395417	5
169208	0	1395418	4
169208	0	160090	1
169208	0	1694742	1
169208	0	2075152	2
169208	0	2594160	4
169208	0	2594161	4
169208	0	2594164	5
169208	0	2653222	0
169208	0	2653225	0
169208	0	2653226	0
169208	0	2653229	1
169208	0	2747227	2
169208	0	2888360	2
169208	0	2888361	3
169208	0	2888362	3
169208	0	2888363	5
169208	0	2888364	1
169208	0	2888366	2
169208	0	2888367	5
169208	0	2888368	4
169208	0	3398277	3
169208	0	344711	2
169208	0	3555910	1
169208	0	3555912	3
169208	0	3555913	2
169208	0	3561304	2
169208	0	3561306	2
169208	0	3616027	3
169208	0	4011279	0
169208	0	4085645	3
169208	0	4202275	5
169208	0	4202276	2
169208	0	4202278	5
169208	0	4202280	2
169208	0	4321618	1
169208	0	4460809	0
169208	0	4580131	5
169208	0	4580132	4
169208	0	4580133	5
169208	0	4580137	2
169208	0	4580139	5
169208	0	4694322	0
169208	0	4694325	2
169208	0	4694326	2
169208	0	4694327	2
169208	0	4694328	1
169208	0	4694329	1
169208	0	4728189	1
169208	0	4762134	4
169208	0	4762135	4
169208	0	4762137	4
169208	0	4762140	5
169208	0	4762141	5
169208	0	4762142	5
169208	0	4771735	2
169208	0	4771736	0
169208	0	4771743	2
169208	0	4859431	0
169208	0	4859432	5
169208	0	4859433	5
169208	0	4859434	1
169208	0	4859436	1
169208	0	4859437	5
169208	0	4859438	5
169208	0	5006400	1
169208	0	5006401	0
169208	0	5268915	5
169208	0	5326938	2
169208	0	5541538	1
169208	0	5541539	2
169208	0	5573046	4
169208	0	5725532	1
169208	0	5872890	2
169208	0	5893619	0
169208	0	6413011	4
169208	0	6628987	4
169208	0	6808744	5
169208	0	6808748	5
169208	0	7169062	2
169208	0	7169064	2
169208	0	7169065	2
169208	0	7169066	1
169208	0	7169068	3
169208	0	7251632	4
169208	0	7251637	3
169208	0	7251639	5
169208	0	7461953	2
169208	0	7461959	2
169208	0	7484151	2
169208	0	8426363	3
169208	0	8426366	3
169208	0	85985	5
169208	0	85987	4
169208	0	85989	5
169208	0	85992	4
174463	0	1013078	4
174463	0	1024759	2
174463	0	1024764	5
174463	0	1432591	3
174463	0	1479952	5
174463	0	1567952	2
174463	0	1567955	4
174463	0	1567956	4
174463	0	1567958	2
174463	0	1711073	1
174463	0	1788354	4
174463	0	1788355	5
174463	0	1835369	5
174463	0	1835370	5
174463	0	1835371	4
174463	0	1835375	5
174463	0	1835377	3
174463	0	1854163	5
174463	0	1854164	1
174463	0	1854167	3
174463	0	1854168	4
174463	0	1854170	3
174463	0	1970971	1
174463	0	1973697	3
174463	0	2247005	1
174463	0	2247008	1
174463	0	2247009	1
174463	0	2533619	3
174463	0	2533622	4
174463	0	2533624	4
174463	0	2533625	2
174463	0	2533626	5
174463	0	3057395	3
174463	0	3499999	0
174463	0	3501229	4
174463	0	3716939	2
174463	0	3716941	1
174463	0	3716946	2
174463	0	3716947	2
174463	0	3829743	2
174463	0	3829744	0
174463	0	3994184	0
174463	0	4043870	2
174463	0	4275746	2
174463	0	4275747	2
174463	0	4275749	2
174463	0	4275752	2
174463	0	4452292	5
174463	0	4662168	2
174463	0	4662169	2
174463	0	4665966	1
174463	0	4665969	1
174463	0	4665970	2
174463	0	4665971	0
174463	0	467393	0
174463	0	470707	3
174463	0	470708	5
174463	0	470711	5
174463	0	470712	5
174463	0	470713	4
174463	0	4710618	5
174463	0	5084514	0
174463	0	5084515	2
174463	0	5264564	3
174463	0	5264565	2
174463	0	5264567	5
174463	0	5303493	4
174463	0	5303495	5
174463	0	5303496	5
174463	0	5538543	1
174463	0	5538544	2
174463	0	5538545	3
174463	0	5538546	2
174463	0	5688363	4
174463	0	5688367	5
174463	0	6083371	5
174463	0	6094016	5
174463	0	6094017	5
174463	0	6094019	2
174463	0	6443245	0
174463	0	6443247	1
174463	0	6443248	0
174463	0	6623959	2
174463	0	6718987	5
174463	0	6825750	1
174463	0	688428	2
174463	0	688429	1
174463	0	7089624	4
174463	0	7089625	2
174463	0	7662634	0
174463	0	7812730	1
174463	0	8072866	0
174463	0	8304451	2
174463	0	8304456	5
174463	0	8304457	4
174463	0	8304458	5
174463	0	8645017	1
174463	0	8770949	5
174463	0	8770952	5
174463	0	8770953	4
23849	0	100741	1
23849	0	1037854	2
23849	0	1139571	1
23849	0	1158886	5
23849	0	1215556	5
23849	0	1280939	0
23849	0	1302048	0
23849	0	1330561	2
23849	0	1333480	5
23849	0	1449780	2
23849	0	1449785	2
23849	0	1460057	5
23849	0	1594083	5
23849	0	1622747	2
23849	0	1622748	2
23849	0	1825393	1
23849	0	1825400	3
23849	0	1827512	1
23849	0	188190	5
23849	0	188246	1
23849	0	2132735	5
23849	0	240525	1
23849	0	2445679	4
23849	0	2466882	0
23849	0	2607127	2
23849	0	2607129	1
23849	0	2607130	1
23849	0	2647769	5
23849	0	2766280	2
23849	0	2838462	2
23849	0	3468397	4
23849	0	3643765	3
23849	0	3796914	5
23849	0	3796917	5
23849	0	3878669	3
23849	0	39516	0
23849	0	4016317	2
23849	0	4188880	5
23849	0	4482145	0
23849	0	4556932	5
23849	0	4556933	5
23849	0	4556938	3
23849	0	4556939	1
23849	0	4577479	2
23849	0	4806514	4
23849	0	542366	0
23849	0	5455962	0
23849	0	5554704	0
23849	0	5554705	0
23849	0	5885925	1
23849	0	590926	2
23849	0	590929	2
23849	0	5913890	5
23849	0	5925321	2
23849	0	6194473	2
23849	0	640767	2
23849	0	6440050	1
23849	0	6455259	1
23849	0	653142	4
23849	0	6667419	4
23849	0	6688736	2
23849	0	6688737	2
23849	0	6688741	4
23849	0	6688742	4
23849	0	6688743	3
23849	0	6688744	2
23849	0	6769988	1
23849	0	7014217	5
23849	0	7046579	2
23849	0	7060905	1
23849	0	7119957	5
23849	0	7160298	5
23849	0	7186713	3
23849	0	7431268	4
23849	0	7519911	2
23849	0	7593919	2
23849	0	7624168	2
23849	0	7845081	4
23849	0	799642	4
23849	0	8010558	3
23849	0	8010560	5
23849	0	8010561	5
23849	0	8010562	4
23849	0	8010564	4
23849	0	8010566	5
23849	0	8017141	5
23849	0	8059826	5
23849	0	8126279	3
23849	0	8264389	5
23849	0	8350307	5
23849	0	8361018	1
23849	0	8466742	3
23849	0	8466743	4
23849	0	8466744	5
23849	0	8466750	4
23849	0	8534143	3
23849	0	8597831	2
23849	0	8769995	4
23849	0	886103	2
23849	0	892160	0
258062	0	1311741	5
258062	0	1348968	5
258062	0	1805967	5
258062	0	18103	4
258062	0	1914282	4
258062	0	2009228	5
258062	0	2009233	0
258062	0	2178431	0
258062	0	2198616	4
258062	0	2463315	2
258062	0	2463319	2
258062	0	2510542	2
258062	0	2707009	4
258062	0	2707010	2
258062	0	2707014	2
258062	0	2707015	3
258062	0	2707016	3
258062	0	2898169	5
258062	0	2909753	1
258062	0	2940180	4
258062	0	2940183	1
258062	0	2940184	1
258062	0	3012167	4
258062	0	3016095	2
258062	0	3189004	2
258062	0	3195763	2
258062	0	3195767	2
258062	0	3325413	2
258062	0	3392238	5
258062	0	3404351	2
258062	0	3404354	2
258062	0	36703	3
258062	0	36707	4
258062	0	3683407	1
258062	0	3822856	2
258062	0	3947005	4
258062	0	3947010	3
258062	0	412375	2
258062	0	4155912	5
258062	0	4159140	1
258062	0	4159142	2
258062	0	4159145	4
258062	0	4159344	4
258062	0	4159345	3
258062	0	4174308	5
258062	0	4174310	5
258062	0	4174313	5
258062	0	4211513	1
258062	0	4595794	5
258062	0	4595795	5
258062	0	5035481	1
258062	0	5134732	0
258062	0	5254426	1
258062	0	5275169	2
258062	0	5326260	1
258062	0	5385089	2
258062	0	5396981	0
258062	0	5456423	2
258062	0	5456424	4
258062	0	5456425	1
258062	0	5456429	2
258062	0	5463138	1
258062	0	5557545	0
258062	0	5564370	1
258062	0	5617294	3
258062	0	5617297	3
258062	0	5627691	4
258062	0	5810936	3
258062	0	598842	1
258062	0	5993823	5
258062	0	6006234	4
258062	0	6006238	4
258062	0	60521	2
258062	0	6084336	5
258062	0	6084339	5
258062	0	63214	3
258062	0	63215	2
258062	0	639086	0
258062	0	644982	1
258062	0	6498440	5
258062	0	6990374	5
258062	0	7068639	5
258062	0	7335250	0
258062	0	7344525	2
258062	0	7716250	2
258062	0	772841	0
258062	0	777716	1
258062	0	8242299	0
258062	0	8311086	5
258062	0	8421207	3
258062	0	8421209	2
258062	0	8464763	4
258062	0	8694158	5
258062	0	8694161	5
258062	0	8694163	5
258062	0	8820986	2
258062	0	91493	5
258062	0	932664	0
258062	0	955811	5
258062	0	955813	5
324585	0	1261383	3
324585	0	1261384	2
324585	0	1261387	2
324585	0	1460492	3
324585	0	1536988	5
324585	0	1536989	3
324585	0	1536990	5
324585	0	1536993	5
324585	0	1536995	5
324585	0	1536997	5
324585	0	1863698	2
324585	0	1867740	1
324585	0	1908321	4
324585	0	1908323	4
324585	0	1908326	2
324585	0	1908328	4
324585	0	1908329	4
324585	0	2259938	3
324585	0	2427508	0
324585	0	2479624	1
324585	0	2727720	0
324585	0	2802641	2
324585	0	2979683	0
324585	0	3860753	3
324585	0	3929681	2
324585	0	3929683	0
324585	0	3957438	2
324585	0	405277	5
324585	0	405281	5
324585	0	405282	2
324585	0	4089462	1
324585	0	4722016	4
324585	0	4722017	2
324585	0	4765768	3
324585	0	4765769	4
324585	0	4792267	1
324585	0	4792268	2
324585	0	509044	5
324585	0	5488901	2
324585	0	5488905	2
324585	0	5525879	5
324585	0	5641531	1
324585	0	5651605	1
324585	0	5817034	0
324585	0	5817037	1
324585	0	612031	0
324585	0	6126015	4
324585	0	6126016	5
324585	0	6126018	5
324585	0	6126019	4
324585	0	6196947	4
324585	0	6196949	5
324585	0	6202042	1
324585	0	6202046	2
324585	0	6312152	0
324585	0	6480420	2
324585	0	6480421	2
324585	0	6480422	4
324585	0	6480424	1
324585	0	6490818	4
324585	0	6639139	2
324585	0	6639142	0
324585	0	6639598	1
324585	0	6712393	0
324585	0	6836748	3
324585	0	6836749	5
324585	0	6836750	3
324585	0	6900492	5
324585	0	6961642	4
324585	0	6961643	3
324585	0	6961644	4
324585	0	6961645	4
324585	0	7363141	5
324585	0	7363143	2
324585	0	7386634	4
324585	0	7392860	1
324585	0	7477826	0
324585	0	7884824	1
324585	0	7884826	1
324585	0	7884832	2
324585	0	7941125	2
324585	0	7941129	2
324585	0	8290306	2
324585	0	8290309	5
324585	0	8290314	5
324585	0	8310496	3
324585	0	8310498	5
324585	0	8310499	5
324585	0	8310502	5
324585	0	8310503	5
324585	0	8469038	1
324585	0	8469039	2
324585	0	8469040	2
324585	0	8480207	2
324585	0	8500120	5
324585	0	8500121	5
324585	0	8500123	5
324585	0	8500124	5
324585	0	8540006	1
324585	0	8540011	2
330975	0	1097857	5
330975	0	1097858	4
330975	0	1097861	3
330975	0	1488083	2
330975	0	1598185	5
330975	0	1598186	1
330975	0	1637261	5
330975	0	2299992	2
330975	0	2299997	1
330975	0	233944	4
330975	0	233945	2
330975	0	233946	5
330975	0	233947	3
330975	0	233948	2
330975	0	233949	1
330975	0	233950	1
330975	0	233951	5
330975	0	233952	5
330975	0	3018015	1
330975	0	3240106	0
330975	0	3240112	4
330975	0	3256083	2
330975	0	3256084	5
330975	0	3256085	0
330975	0	3297853	2
330975	0	3297854	2
330975	0	3297855	5
330975	0	3297856	5
330975	0	3297857	5
330975	0	3297858	5
330975	0	3297859	4
330975	0	3297860	4
330975	0	3297862	4
330975	0	3390385	1
330975	0	3857964	2
330975	0	3857965	3
330975	0	4108178	4
330975	0	4108179	1
330975	0	4392140	4
330975	0	4392141	0
330975	0	4392142	1
330975	0	4392144	5
330975	0	4392147	5
330975	0	4408865	3
330975	0	4408867	2
330975	0	4620919	5
330975	0	4620920	5
330975	0	4620924	5
330975	0	4695290	3
330975	0	4695291	5
330975	0	4695297	2
330975	0	482130	5
330975	0	482131	0
330975	0	4896436	1
330975	0	5190215	5
330975	0	5196922	0
330975	0	5393803	5
330975	0	5393804	3
330975	0	5393805	4
330975	0	5393808	3
330975	0	5427107	1
330975	0	5427108	5
330975	0	5427109	2
330975	0	5427113	0
330975	0	5427114	2
330975	0	5557976	4
330975	0	5558821	0
330975	0	5558822	1
330975	0	5750875	3
330975	0	5750880	5
330975	0	5803903	4
330975	0	6009915	1
330975	0	6009916	1
330975	0	6127421	2
330975	0	6310757	2
330975	0	6310762	2
330975	0	6559225	4
330975	0	6625463	5
330975	0	6625466	4
330975	0	6625469	5
330975	0	6625786	3
330975	0	6625791	2
330975	0	6693239	3
330975	0	702096	2
330975	0	702098	2
330975	0	702099	4
330975	0	702102	1
330975	0	702103	1
330975	0	7074783	2
330975	0	7074784	2
330975	0	7074787	2
330975	0	7624935	0
330975	0	7871128	0
330975	0	803899	0
330975	0	8327008	2
330975	0	8327010	4
330975	0	8327011	2
330975	0	8327012	5
330975	0	8541458	2
330975	0	8541461	2
332593	0	1167184	5
332593	0	1443723	5
332593	0	1443728	2
332593	0	1443730	4
332593	0	1650687	4
332593	0	1831357	2
332593	0	1905432	2
332593	0	1905434	4
332593	0	249851	2
332593	0	2841163	1
332593	0	3065254	1
332593	0	3156813	1
332593	0	329112	5
332593	0	329114	1
332593	0	3336841	1
332593	0	3336842	2
332593	0	3336844	1
332593	0	3662446	0
332593	0	3731313	5
332593	0	3731319	3
332593	0	4023722	3
332593	0	4377342	1
332593	0	4427368	0
332593	0	4431498	5
332593	0	4431499	4
332593	0	4431500	0
332593	0	4431502	5
332593	0	4431504	1
332593	0	45431	2
332593	0	4614346	5
332593	0	4701751	4
332593	0	4701752	2
332593	0	4701755	0
332593	0	4701756	5
332593	0	4866228	2
332593	0	4866231	2
332593	0	4866235	4
332593	0	4952089	4
332593	0	4952093	2
332593	0	4952095	2
332593	0	5014866	3
332593	0	5045873	0
332593	0	5156754	0
332593	0	5241321	5
332593	0	5241322	5
332593	0	5241323	5
332593	0	5241326	5
332593	0	5241328	5
332593	0	5707518	2
332593	0	5707520	0
332593	0	5707521	2
332593	0	5707522	1
332593	0	5750018	4
332593	0	5750020	3
332593	0	5750021	2
332593	0	5750023	5
332593	0	5750025	2
332593	0	5750026	3
332593	0	5754534	5
332593	0	6007038	5
332593	0	6007045	1
332593	0	6016981	2
332593	0	6016986	1
332593	0	6189462	2
332593	0	6189463	2
332593	0	6189466	0
332593	0	6514779	1
332593	0	6514781	0
332593	0	6514784	1
332593	0	6528407	2
332593	0	6528408	2
332593	0	6528411	2
332593	0	6534081	4
332593	0	6616552	4
332593	0	6616553	4
332593	0	6616554	4
332593	0	6765225	3
332593	0	6765227	3
332593	0	7073993	2
332593	0	7073995	5
332593	0	7073996	5
332593	0	7073998	2
332593	0	713460	1
332593	0	7331778	4
332593	0	7331782	4
332593	0	8021425	1
332593	0	8091677	4
332593	0	8091681	5
332593	0	8434869	5
332593	0	8434871	5
332593	0	8434872	2
332593	0	8434873	5
332593	0	8434874	5
332593	0	8688114	3
332593	0	8749229	3
332593	0	8749230	5
332593	0	8749231	5
332593	0	931411	0
332593	0	931415	2
332593	0	931417	3
336901	0	1115929	2
336901	0	1115932	0
336901	0	1137553	1
336901	0	122860	2
336901	0	1268979	1
336901	0	1860005	5
336901	0	2091048	4
336901	0	2159094	2
336901	0	2291382	1
336901	0	2291851	2
336901	0	2291853	2
336901	0	2687612	2
336901	0	2755190	5
336901	0	2774228	5
336901	0	2970836	1
336901	0	302494	4
336901	0	3040569	2
336901	0	3217707	5
336901	0	3330854	5
336901	0	3479163	2
336901	0	3557826	5
336901	0	3587995	4
336901	0	3587996	3
336901	0	3646550	5
336901	0	390393	0
336901	0	4064047	3
336901	0	4462287	2
336901	0	4473040	3
336901	0	4512169	1
336901	0	4563740	2
336901	0	4645983	1
336901	0	4762606	4
336901	0	4765969	1
336901	0	4765975	1
336901	0	5039998	2
336901	0	5052269	2
336901	0	5100469	2
336901	0	5231813	3
336901	0	5522053	1
336901	0	5726288	2
336901	0	5837829	1
336901	0	5843066	0
336901	0	5895950	2
336901	0	5919092	1
336901	0	5936404	4
336901	0	6017280	5
336901	0	6017284	5
336901	0	6017286	5
336901	0	6017287	5
336901	0	6054128	5
336901	0	6096613	5
336901	0	6318625	2
336901	0	6321983	0
336901	0	6478277	0
336901	0	6546326	1
336901	0	6546419	1
336901	0	6736932	5
336901	0	6789401	3
336901	0	6836389	0
336901	0	6908040	2
336901	0	6908041	3
336901	0	6908045	3
336901	0	6908046	2
336901	0	6922814	4
336901	0	6923772	2
336901	0	69551	4
336901	0	7022092	2
336901	0	7400803	4
336901	0	7459686	5
336901	0	7789643	1
336901	0	7789645	0
336901	0	7819234	3
336901	0	7836256	5
336901	0	7836258	5
336901	0	7836261	5
336901	0	7971504	4
336901	0	8101399	2
336901	0	8130980	4
336901	0	8197776	3
336901	0	8221387	2
336901	0	8221391	2
336901	0	8224946	2
336901	0	8277774	1
336901	0	8376511	0
336901	0	8376513	0
336901	0	8436731	3
336901	0	8481183	4
336901	0	8528674	5
336901	0	8528675	5
336901	0	8528677	5
336901	0	8528678	5
336901	0	8528679	5
336901	0	8528680	4
336901	0	8528681	5
336901	0	8528682	4
336901	0	8683495	2
336901	0	8712881	4
336901	0	8712882	4
336901	0	8740069	5
336901	0	895967	0
390360	0	105717	4
390360	0	1093726	5
390360	0	1093729	5
390360	0	1139943	2
390360	0	1139949	3
390360	0	1184642	0
390360	0	1230048	4
390360	0	1378332	2
390360	0	1378333	5
390360	0	1378337	5
390360	0	1702414	1
390360	0	1740251	2
390360	0	1740253	1
390360	0	1740255	2
390360	0	1927068	3
390360	0	1927069	1
390360	0	206444	1
390360	0	216659	2
390360	0	217537	3
390360	0	217538	4
390360	0	217540	4
390360	0	217541	2
390360	0	2203875	5
390360	0	2203877	4
390360	0	234438	4
390360	0	2419904	5
390360	0	2489684	2
390360	0	2606030	2
390360	0	2784297	5
390360	0	3005221	2
390360	0	3123443	1
390360	0	3518917	2
390360	0	3518921	3
390360	0	3518924	2
390360	0	3636597	2
390360	0	3636603	2
390360	0	3719970	4
390360	0	3812754	3
390360	0	3891634	2
390360	0	3891637	2
390360	0	3988320	2
390360	0	3988321	2
390360	0	4169527	1
390360	0	4169528	1
390360	0	4169535	1
390360	0	4196140	1
390360	0	425020	5
390360	0	4396904	5
390360	0	4503297	0
390360	0	4546335	2
390360	0	4619216	5
390360	0	4619218	5
390360	0	5397483	2
390360	0	5401485	1
390360	0	5423359	5
390360	0	5583318	2
390360	0	5778001	2
390360	0	5778004	1
390360	0	5845782	0
390360	0	5900938	4
390360	0	604111	5
390360	0	6128206	3
390360	0	613207	2
390360	0	6179316	3
390360	0	6179317	5
390360	0	6179318	5
390360	0	6828148	1
390360	0	6867639	2
390360	0	6999350	4
390360	0	7166011	1
390360	0	740214	0
390360	0	7477381	3
390360	0	7632427	3
390360	0	7679050	5
390360	0	7732914	5
390360	0	7805187	0
390360	0	7807146	5
390360	0	7974265	1
390360	0	8009002	5
390360	0	804811	0
390360	0	804813	0
390360	0	804816	0
390360	0	804818	0
390360	0	8071362	0
390360	0	8087153	1
390360	0	8318052	4
390360	0	860971	2
390360	0	8617793	4
390360	0	8630609	5
390360	0	8630611	5
390360	0	8630612	5
390360	0	8630614	5
390360	0	8630616	4
390360	0	8630617	4
390360	0	8630618	5
390360	0	8644779	5
390360	0	935746	2
390360	0	963941	4
390360	0	963943	3
390360	0	963947	4
405163	0	1041995	2
405163	0	1041997	5
405163	0	1108748	1
405163	0	1161576	1
405163	0	1212298	5
405163	0	1234964	2
405163	0	1330010	5
405163	0	1429845	4
405163	0	1506457	2
405163	0	1655999	4
405163	0	1667024	3
405163	0	1844775	4
405163	0	1902847	2
405163	0	1902866	5
405163	0	1911363	0
405163	0	2016024	2
405163	0	2016025	5
405163	0	2055217	5
405163	0	2055218	5
405163	0	2055219	1
405163	0	2139588	2
405163	0	2407799	4
405163	0	251303	2
405163	0	251309	3
405163	0	268001	2
405163	0	2744674	0
405163	0	289329	5
405163	0	2902930	2
405163	0	2936336	5
405163	0	2936337	1
405163	0	306992	4
405163	0	3216136	5
405163	0	3850032	4
405163	0	3918981	5
405163	0	3918983	4
405163	0	3988974	2
405163	0	421595	0
405163	0	4232058	4
405163	0	4245635	1
405163	0	4346504	5
405163	0	4409822	1
405163	0	4463167	2
405163	0	4642574	1
405163	0	4761345	5
405163	0	4876796	3
405163	0	4905497	2
405163	0	4924540	2
405163	0	4945432	0
405163	0	5095855	5
405163	0	5201973	1
405163	0	5214456	4
405163	0	5298304	1
405163	0	5514160	1
405163	0	5523884	0
405163	0	5699852	2
405163	0	5710977	4
405163	0	5710979	0
405163	0	5743527	2
405163	0	5746714	5
405163	0	5746717	5
405163	0	5768619	0
405163	0	5768621	0
405163	0	5897402	1
405163	0	5909571	5
405163	0	6250234	3
405163	0	6250235	4
405163	0	6270437	5
405163	0	6334781	2
405163	0	647592	4
405163	0	647594	5
405163	0	6584197	2
405163	0	6689923	2
405163	0	6689926	2
405163	0	6689927	3
405163	0	6689928	5
405163	0	6707943	2
405163	0	6715714	0
405163	0	6770821	1
405163	0	6919909	0
405163	0	6945012	1
405163	0	7044507	3
405163	0	7044508	3
405163	0	7113740	5
405163	0	7392422	2
405163	0	7394587	4
405163	0	7396553	1
405163	0	7454159	2
405163	0	7454160	2
405163	0	7754279	5
405163	0	7969801	3
405163	0	8282533	3
405163	0	834747	4
405163	0	8445972	2
405163	0	8445973	5
405163	0	8445975	1
405163	0	849402	4
405163	0	8608598	3
405163	0	8682163	2
405163	0	8682164	5
405163	0	8707747	5
42255	0	1470399	0
42255	0	1470405	1
42255	0	1601662	1
42255	0	1601663	5
42255	0	1601664	5
42255	0	179531	1
42255	0	179532	4
42255	0	179533	2
42255	0	179534	1
42255	0	179535	3
42255	0	179536	2
42255	0	182411	4
42255	0	182412	5
42255	0	1896377	5
42255	0	2067180	5
42255	0	2229964	4
42255	0	2673761	5
42255	0	2673765	1
42255	0	2799681	1
42255	0	2799683	1
42255	0	2799685	1
42255	0	2799686	2
42255	0	2799687	1
42255	0	2882385	0
42255	0	2882387	0
42255	0	2882394	2
42255	0	3063191	4
42255	0	3077463	3
42255	0	3349781	2
42255	0	3349782	3
42255	0	3349784	3
42255	0	363750	4
42255	0	363751	2
42255	0	363752	4
42255	0	3716279	5
42255	0	3817242	2
42255	0	3817246	4
42255	0	461282	0
42255	0	461285	0
42255	0	471838	5
42255	0	5076181	5
42255	0	5326929	0
42255	0	5326930	0
42255	0	5538135	3
42255	0	5656056	1
42255	0	5656058	0
42255	0	5656060	2
42255	0	5778518	5
42255	0	5783297	4
42255	0	5783299	5
42255	0	5783300	3
42255	0	5823922	1
42255	0	5823924	2
42255	0	5823927	2
42255	0	5921270	4
42255	0	5921271	2
42255	0	5921276	2
42255	0	5996539	1
42255	0	5996540	2
42255	0	5997799	4
42255	0	6098597	3
42255	0	6098599	5
42255	0	6098601	0
42255	0	6120375	4
42255	0	6120376	2
42255	0	6174625	5
42255	0	6314164	4
42255	0	6784917	5
42255	0	6784922	2
42255	0	6784924	2
42255	0	6971736	5
42255	0	6971740	5
42255	0	6971741	0
42255	0	7123386	2
42255	0	732000	2
42255	0	7545797	3
42255	0	7944021	1
42255	0	7944027	1
42255	0	7944028	1
42255	0	8012291	5
42255	0	8012296	4
42255	0	8286390	2
42255	0	8286391	4
42255	0	8328839	2
42255	0	8372968	5
42255	0	857475	2
42255	0	857478	4
42255	0	857479	3
42255	0	857481	2
42255	0	8586794	2
42255	0	8720118	2
42255	0	8720119	3
42255	0	8746188	5
42255	0	8746189	5
42255	0	8746191	5
42255	0	8746192	2
42255	0	8746194	5
42255	0	8746195	5
42255	0	8746196	5
42255	0	8746197	5
47210	0	1156867	1
47210	0	1560500	5
47210	0	1560501	2
47210	0	1560504	2
47210	0	1764823	0
47210	0	1839668	1
47210	0	1839669	4
47210	0	1839675	4
47210	0	1880177	5
47210	0	1880178	0
47210	0	1880179	0
47210	0	2042918	5
47210	0	2042919	0
47210	0	2042920	3
47210	0	2042921	0
47210	0	2042922	2
47210	0	2042923	2
47210	0	2338382	2
47210	0	2338383	3
47210	0	2338385	5
47210	0	2545998	5
47210	0	2545999	2
47210	0	2546000	3
47210	0	2546001	4
47210	0	2546002	5
47210	0	2546004	2
47210	0	2546005	5
47210	0	2546007	5
47210	0	2566998	4
47210	0	2769575	0
47210	0	3107294	5
47210	0	3304358	5
47210	0	3304359	5
47210	0	3304361	2
47210	0	3304362	2
47210	0	3757931	5
47210	0	3757932	5
47210	0	4007103	2
47210	0	4007104	5
47210	0	4007105	2
47210	0	4007106	2
47210	0	4007107	2
47210	0	4007108	3
47210	0	4007109	2
47210	0	4748993	0
47210	0	5207323	1
47210	0	5207325	2
47210	0	5207326	1
47210	0	5207327	2
47210	0	5207328	5
47210	0	5207329	5
47210	0	5207330	2
47210	0	5301399	0
47210	0	5301400	0
47210	0	5301402	3
47210	0	5301403	2
47210	0	5301404	4
47210	0	5301406	5
47210	0	5497272	4
47210	0	5497274	1
47210	0	5497278	1
47210	0	5550873	4
47210	0	5642104	5
47210	0	5642107	5
47210	0	5691600	4
47210	0	5736873	4
47210	0	5787609	2
47210	0	6168273	3
47210	0	6168275	4
47210	0	6168276	3
47210	0	6168277	3
47210	0	6168280	1
47210	0	6168517	2
47210	0	6168520	3
47210	0	6180503	1
47210	0	6180504	5
47210	0	6180505	2
47210	0	6180506	2
47210	0	6180507	1
47210	0	6502207	5
47210	0	6502208	5
47210	0	6886411	0
47210	0	6990782	2
47210	0	7067451	2
47210	0	7067452	1
47210	0	7067453	4
47210	0	7367872	5
47210	0	7367873	1
47210	0	7367874	1
47210	0	7509248	4
47210	0	7509249	5
47210	0	7509251	4
47210	0	7509252	4
47210	0	7562284	2
47210	0	8261977	1
47210	0	8261978	5
47210	0	8609955	1
47210	0	8646329	3
47210	0	8646330	4
47210	0	8646331	1
555530	0	1114218	5
555530	0	1217051	0
555530	0	1409667	5
555530	0	1447386	2
555530	0	1536620	5
555530	0	1618154	2
555530	0	1754579	4
555530	0	1807675	1
555530	0	1807676	3
555530	0	1897713	2
555530	0	1897716	4
555530	0	1897718	5
555530	0	2217431	5
555530	0	2354213	2
555530	0	2617021	4
555530	0	275794	0
555530	0	2906190	5
555530	0	2978164	1
555530	0	2978168	1
555530	0	2978171	1
555530	0	3143528	2
555530	0	338636	4
555530	0	3473131	2
555530	0	3519408	3
555530	0	3559167	1
555530	0	3562205	2
555530	0	3593335	1
555530	0	3593336	2
555530	0	3703992	0
555530	0	3831201	1
555530	0	4071544	2
555530	0	4071550	5
555530	0	4071881	4
555530	0	4137960	3
555530	0	4137961	1
555530	0	4137963	4
555530	0	4137964	3
555530	0	4137965	3
555530	0	416659	3
555530	0	4238674	5
555530	0	4240158	4
555530	0	424021	2
555530	0	448525	3
555530	0	4668014	1
555530	0	474541	2
555530	0	474544	2
555530	0	480988	5
555530	0	5090891	5
555530	0	5106749	2
555530	0	5481824	2
555530	0	561169	0
555530	0	5641154	1
555530	0	5641158	2
555530	0	5753585	5
555530	0	5801323	1
555530	0	5801325	2
555530	0	5819259	0
555530	0	5846396	3
555530	0	5846397	5
555530	0	5959543	1
555530	0	6078221	5
555530	0	6078228	5
555530	0	6221470	5
555530	0	6225332	4
555530	0	6225334	2
555530	0	6309262	5
555530	0	6449364	5
555530	0	6450951	5
555530	0	6450953	4
555530	0	6450955	1
555530	0	6477893	0
555530	0	6485976	2
555530	0	668364	0
555530	0	668366	0
555530	0	668368	4
555530	0	6869537	2
555530	0	6913116	4
555530	0	6936082	5
555530	0	6938328	2
555530	0	6966035	0
555530	0	6990474	4
555530	0	7154973	1
555530	0	7179784	5
555530	0	7179789	5
555530	0	7179791	5
555530	0	7223207	2
555530	0	7232504	4
555530	0	7339147	4
555530	0	7349580	5
555530	0	7419503	3
555530	0	7475084	5
555530	0	7606337	5
555530	0	7606341	3
555530	0	7766457	2
555530	0	7766465	2
555530	0	8461277	2
555530	0	8637526	2
555530	0	8801020	4
555530	0	910809	1
555530	0	976267	0
583468	0	1115141	0
583468	0	119352	5
583468	0	119354	5
583468	0	119355	4
583468	0	119358	4
583468	0	119359	2
583468	0	1367744	0
583468	0	1546126	3
583468	0	1546128	5
583468	0	1546131	4
583468	0	1546134	2
583468	0	1675561	2
583468	0	1675562	5
583468	0	1675563	1
583468	0	1675564	5
583468	0	1675566	5
583468	0	2080306	2
583468	0	2080312	4
583468	0	2267047	1
583468	0	2267048	5
583468	0	2267049	4
583468	0	2267050	1
583468	0	2267051	4
583468	0	2267052	4
583468	0	2267054	5
583468	0	2267055	2
583468	0	2568295	0
583468	0	282109	0
583468	0	2884627	2
583468	0	3466605	2
583468	0	3466606	5
583468	0	3466607	4
583468	0	3466610	2
583468	0	355920	0
583468	0	4109451	0
583468	0	424310	2
583468	0	4477269	0
583468	0	4477270	0
583468	0	4930967	1
583468	0	4930973	0
583468	0	5581453	1
583468	0	5623829	1
583468	0	5747984	2
583468	0	5847040	0
583468	0	6171513	2
583468	0	6286920	3
583468	0	6286922	3
583468	0	6286923	3
583468	0	6286925	5
583468	0	6286927	2
583468	0	6578660	2
583468	0	6654304	2
583468	0	6654310	2
583468	0	7450717	5
583468	0	7450718	5
583468	0	7450719	2
583468	0	7450722	1
583468	0	7450725	4
583468	0	7465955	5
583468	0	7465956	1
583468	0	7465960	1
583468	0	7491697	5
583468	0	7491698	5
583468	0	7491699	2
583468	0	7491700	5
583468	0	7491701	5
583468	0	7491702	2
583468	0	7491704	5
583468	0	7491705	5
583468	0	7706119	4
583468	0	7706120	3
583468	0	7706122	5
583468	0	7706123	1
583468	0	7744346	4
583468	0	7744347	4
583468	0	7744348	4
583468	0	7744349	4
583468	0	7744350	5
583468	0	7744351	5
583468	0	8144444	2
583468	0	8144445	3
583468	0	8144447	2
583468	0	8144448	2
583468	0	8144451	3
583468	0	8326076	1
583468	0	8326077	3
583468	0	8326078	2
583468	0	8326080	5
583468	0	8395838	1
583468	0	8395839	2
583468	0	8395840	5
583468	0	8395842	1
583468	0	8395843	2
583468	0	8395845	2
583468	0	914662	3
583468	0	914663	1
583468	0	914665	3
583468	0	914666	4
583468	0	914667	1
583468	0	914668	5
640502	0	1034851	5
640502	0	1091795	5
640502	0	1170184	1
640502	0	1226398	2
640502	0	1226400	3
640502	0	1226405	5
640502	0	1227303	2
640502	0	1593642	1
640502	0	172502	5
640502	0	1754997	5
640502	0	1775681	2
640502	0	1775697	5
640502	0	1854588	5
640502	0	1861075	2
640502	0	1861076	2
640502	0	1957246	0
640502	0	1957247	5
640502	0	2042857	1
640502	0	2096762	4
640502	0	2096764	2
640502	0	2177955	3
640502	0	218503	1
640502	0	2445381	5
640502	0	2526910	2
640502	0	2701130	4
640502	0	2808569	4
640502	0	2808576	2
640502	0	3242633	2
640502	0	3242634	2
640502	0	3263512	2
640502	0	3263515	3
640502	0	3263516	3
640502	0	3282189	1
640502	0	3282190	1
640502	0	3282192	2
640502	0	3432047	2
640502	0	3511308	2
640502	0	3511310	2
640502	0	3551380	2
640502	0	3554994	4
640502	0	3580218	1
640502	0	3580219	1
640502	0	3992429	0
640502	0	3992434	5
640502	0	4084015	1
640502	0	4088602	0
640502	0	4088606	5
640502	0	409318	4
640502	0	409319	2
640502	0	418508	5
640502	0	418511	3
640502	0	4212893	0
640502	0	4261742	5
640502	0	4359297	4
640502	0	4359298	2
640502	0	4359302	4
640502	0	5073872	3
640502	0	5099601	1
640502	0	5150990	5
640502	0	5464492	0
640502	0	5468145	1
640502	0	5504419	0
640502	0	5539487	5
640502	0	5641149	5
640502	0	5924242	4
640502	0	598202	5
640502	0	598204	4
640502	0	598205	3
640502	0	6497379	2
640502	0	6497380	3
640502	0	6497381	2
640502	0	6497388	2
640502	0	6625299	1
640502	0	6679958	5
640502	0	6702284	2
640502	0	6702288	3
640502	0	6722459	0
640502	0	6730883	4
640502	0	6730884	4
640502	0	6730885	1
640502	0	6730886	2
640502	0	6730887	5
640502	0	6959430	4
640502	0	6985038	4
640502	0	7000432	3
640502	0	7109037	5
640502	0	7527423	2
640502	0	7540167	5
640502	0	77134	4
640502	0	7849742	0
640502	0	8003525	0
640502	0	8003526	5
640502	0	8178630	4
640502	0	8405069	1
640502	0	8405337	0
640502	0	8412227	5
640502	0	8451475	5
640502	0	8451478	2
640502	0	8462353	5
640502	0	8748665	1
67316	0	1134524	1
67316	0	1233288	5
67316	0	1277368	4
67316	0	1320687	1
67316	0	1325090	0
67316	0	1325091	2
67316	0	1325092	2
67316	0	1325095	2
67316	0	1405135	5
67316	0	1408563	1
67316	0	1920786	5
67316	0	1920788	3
67316	0	1920789	4
67316	0	1974375	5
67316	0	2277823	2
67316	0	2347766	5
67316	0	2365990	3
67316	0	2365991	2
67316	0	2365996	4
67316	0	2365997	1
67316	0	2712513	0
67316	0	2784534	4
67316	0	2930660	5
67316	0	2981364	2
67316	0	3078422	2
67316	0	308680	3
67316	0	308681	1
67316	0	3481250	0
67316	0	3679357	3
67316	0	3679358	4
67316	0	3761777	5
67316	0	3848804	5
67316	0	3848809	1
67316	0	3857558	5
67316	0	4141330	5
67316	0	4163705	2
67316	0	4180165	2
67316	0	4180169	3
67316	0	4189178	2
67316	0	44015	4
67316	0	4482564	4
67316	0	4490466	5
67316	0	450305	2
67316	0	450306	3
67316	0	450309	2
67316	0	473020	3
67316	0	4863059	5
67316	0	4922569	1
67316	0	4922570	1
67316	0	4953216	0
67316	0	5029988	4
67316	0	5084265	5
67316	0	5084267	2
67316	0	5181841	1
67316	0	5230287	1
67316	0	529228	4
67316	0	529231	2
67316	0	5477615	5
67316	0	5539961	4
67316	0	5539966	3
67316	0	5644606	2
67316	0	5695907	1
67316	0	5695908	0
67316	0	5746885	2
67316	0	5824138	2
67316	0	6091258	2
67316	0	6179111	0
67316	0	6290072	2
67316	0	6290074	1
67316	0	6290075	3
67316	0	6290078	0
67316	0	6290080	1
67316	0	6387611	5
67316	0	6507744	4
67316	0	6607541	5
67316	0	6680964	5
67316	0	6680965	4
67316	0	6764671	2
67316	0	6764675	2
67316	0	6905735	2
67316	0	6905739	0
67316	0	697258	5
67316	0	7019081	5
67316	0	7111671	4
67316	0	7111673	1
67316	0	7111675	2
67316	0	7348851	5
67316	0	7559752	0
67316	0	7563007	0
67316	0	7574360	3
67316	0	8003840	5
67316	0	8200130	5
67316	0	8261798	5
67316	0	8285742	4
67316	0	8312260	2
67316	0	8312265	5
67316	0	8431632	4
67316	0	8431634	5
67316	0	865909	1
67316	0	965892	2
673670	0	1118759	4
673670	0	1178245	5
673670	0	1237187	1
673670	0	1241736	0
673670	0	1282792	5
673670	0	1282794	5
673670	0	1347447	0
673670	0	1454201	4
673670	0	1531310	2
673670	0	1633028	0
673670	0	1662581	1
673670	0	1705886	3
673670	0	1802550	2
673670	0	1879652	1
673670	0	1879653	0
673670	0	1905362	2
673670	0	1905364	1
673670	0	1954736	3
673670	0	1954745	4
673670	0	2018332	1
673670	0	2240350	2
673670	0	2240351	5
673670	0	2240354	5
673670	0	2240356	5
673670	0	2240358	1
673670	0	2240359	2
673670	0	2514462	5
673670	0	2588633	1
673670	0	2896684	5
673670	0	3253291	4
673670	0	3253299	4
673670	0	348274	2
673670	0	3592286	5
673670	0	3607495	4
673670	0	3607497	2
673670	0	3607500	5
673670	0	3770262	2
673670	0	3916293	4
673670	0	4013566	5
673670	0	4013568	2
673670	0	4013569	3
673670	0	4013572	5
673670	0	4131485	4
673670	0	4178727	0
673670	0	4561019	4
673670	0	4639088	1
673670	0	4644079	2
673670	0	4806071	3
673670	0	577820	1
673670	0	5877501	1
673670	0	5900580	3
673670	0	5913718	0
673670	0	6084744	5
673670	0	6084745	4
673670	0	6342703	2
673670	0	6342705	2
673670	0	6342707	2
673670	0	6395146	2
673670	0	6521135	2
673670	0	6848672	1
673670	0	6904347	1
673670	0	6952165	0
673670	0	7105057	2
673670	0	7257304	5
673670	0	7257305	2
673670	0	7257306	4
673670	0	7587952	3
673670	0	7587958	3
673670	0	761712	5
673670	0	7729118	2
673670	0	8149172	0
673670	0	8481801	0
673670	0	8495250	5
673670	0	8524262	3
673670	0	8524263	5
673670	0	8524264	2
673670	0	8524265	2
673670	0	8524267	2
673670	0	8524268	3
673670	0	8524269	2
673670	0	8524270	1
673670	0	8554511	5
673670	0	8610765	0
673670	0	8632357	4
673670	0	8632358	4
673670	0	8632359	5
673670	0	8632360	5
673670	0	8632361	5
673670	0	8632362	5
673670	0	8632363	2
673670	0	8632364	5
673670	0	8632365	2
673670	0	867190	4
673670	0	8735640	5
673670	0	8735643	5
673670	0	8752617	1
673670	0	8773078	4
673670	0	8837074	3
673670	0	907457	2
673670	0	909035	1
701453	0	100336	0
701453	0	100342	1
701453	0	1014565	1
701453	0	1125916	4
701453	0	1188484	1
701453	0	1349417	3
701453	0	1389025	4
701453	0	1503748	1
701453	0	1667622	2
701453	0	1667623	2
701453	0	1699264	2
701453	0	1798887	2
701453	0	1841918	5
701453	0	2030306	3
701453	0	2163064	1
701453	0	2223009	2
701453	0	2607389	2
701453	0	2610149	4
701453	0	2811467	5
701453	0	296557	2
701453	0	296562	2
701453	0	299818	3
701453	0	3097694	3
701453	0	3223224	2
701453	0	3464260	4
701453	0	3703938	5
701453	0	3759038	0
701453	0	4001193	2
701453	0	4003023	0
701453	0	410016	2
701453	0	4103863	2
701453	0	4268909	2
701453	0	4330672	4
701453	0	4330673	5
701453	0	4330675	5
701453	0	4330676	5
701453	0	4330677	5
701453	0	4330679	5
701453	0	4330680	5
701453	0	4355643	5
701453	0	4355647	5
701453	0	4355649	5
701453	0	4355652	5
701453	0	4647297	0
701453	0	4832975	4
701453	0	5008056	5
701453	0	5574752	1
701453	0	5574758	4
701453	0	5732822	1
701453	0	5732823	4
701453	0	5798490	4
701453	0	5923932	2
701453	0	5923938	2
701453	0	5923939	3
701453	0	5999763	2
701453	0	6019214	0
701453	0	606127	0
701453	0	6191001	0
701453	0	6289231	3
701453	0	6353547	1
701453	0	688613	2
701453	0	688614	5
701453	0	688615	5
701453	0	688618	5
701453	0	6927982	1
701453	0	6927983	1
701453	0	6927984	3
701453	0	6968740	2
701453	0	6999084	1
701453	0	6999085	1
701453	0	6999086	0
701453	0	6999087	1
701453	0	6999088	2
701453	0	6999089	4
701453	0	6999090	0
701453	0	6999092	1
701453	0	6999093	2
701453	0	7155133	1
701453	0	7192986	2
701453	0	7259848	5
701453	0	7494104	4
701453	0	7586972	3
701453	0	7779211	2
701453	0	7806569	5
701453	0	781518	5
701453	0	8402345	4
701453	0	8402346	5
701453	0	8402350	5
701453	0	8443782	3
701453	0	8517849	3
701453	0	8576206	2
701453	0	8626140	5
701453	0	8626143	4
701453	0	8626145	4
701453	0	8626148	5
701453	0	8626149	5
701453	0	8694414	4
701453	0	871170	0
701453	0	8816183	2
701453	0	928339	2
730539	0	1112813	0
730539	0	1149318	1
730539	0	1149322	4
730539	0	1149324	4
730539	0	1214104	4
730539	0	1394997	1
730539	0	1520034	3
730539	0	1520035	2
730539	0	1520037	2
730539	0	1520038	2
730539	0	1625665	5
730539	0	1625670	5
730539	0	1625674	4
730539	0	1635378	1
730539	0	1965747	4
730539	0	2299740	2
730539	0	2299741	2
730539	0	2299747	2
730539	0	2299748	2
730539	0	2313633	3
730539	0	2348471	1
730539	0	2348473	3
730539	0	2348474	2
730539	0	2348476	2
730539	0	2348479	3
730539	0	2351414	4
730539	0	239231	5
730539	0	2619709	0
730539	0	2629412	0
730539	0	2629416	2
730539	0	2666436	5
730539	0	2666443	5
730539	0	2666444	5
730539	0	2924824	1
730539	0	2924828	3
730539	0	3161106	1
730539	0	3279002	3
730539	0	3383668	5
730539	0	3476824	5
730539	0	3944257	5
730539	0	4325051	2
730539	0	437275	5
730539	0	4380635	2
730539	0	4397647	2
730539	0	4509821	1
730539	0	4539974	5
730539	0	4605022	5
730539	0	4821894	3
730539	0	4821895	4
730539	0	4821900	4
730539	0	4821901	4
730539	0	4885112	3
730539	0	4885113	2
730539	0	4885114	1
730539	0	4885115	2
730539	0	4885121	2
730539	0	4920719	1
730539	0	4920722	1
730539	0	5015482	5
730539	0	5057950	2
730539	0	5057951	2
730539	0	5057955	1
730539	0	5301041	0
730539	0	5327724	0
730539	0	5327726	0
730539	0	5347630	4
730539	0	5379139	2
730539	0	5428552	5
730539	0	5445668	0
730539	0	5973897	0
730539	0	6076466	3
730539	0	6105418	1
730539	0	6436619	0
730539	0	7122719	2
730539	0	7122720	2
730539	0	7122722	2
730539	0	7122723	2
730539	0	7122724	4
730539	0	7250139	1
730539	0	7764443	0
730539	0	7764445	1
730539	0	7832360	4
730539	0	7869619	2
730539	0	7916064	5
730539	0	794126	2
730539	0	8045257	4
730539	0	8220533	3
730539	0	8276217	5
730539	0	8276218	5
730539	0	8276221	5
730539	0	8276222	5
730539	0	8276223	4
730539	0	8327957	5
730539	0	8327959	5
730539	0	8438051	1
730539	0	8577877	5
730539	0	8577878	5
730539	0	8577879	5
730539	0	8577882	5
730539	0	8808558	4
768208	0	1009766	3
768208	0	1022765	3
768208	0	1022766	2
768208	0	1099096	2
768208	0	1148229	0
768208	0	1153904	3
768208	0	1206601	2
768208	0	1212211	4
768208	0	1270364	1
768208	0	1382634	4
768208	0	1497994	2
768208	0	1575078	2
768208	0	1635077	2
768208	0	1635079	1
768208	0	1754830	3
768208	0	1792499	1
768208	0	1792504	1
768208	0	1792506	5
768208	0	2274398	4
768208	0	2360258	2
768208	0	2360259	2
768208	0	2360263	2
768208	0	240141	4
768208	0	240435	5
768208	0	2453462	2
768208	0	2479356	1
768208	0	2479357	0
768208	0	250886	2
768208	0	2832647	4
768208	0	2883952	4
768208	0	2968691	5
768208	0	3143790	3
768208	0	3171396	5
768208	0	355111	2
768208	0	3564075	4
768208	0	3564078	2
768208	0	3564080	5
768208	0	3691763	1
768208	0	3691770	0
768208	0	3695043	4
768208	0	3695050	5
768208	0	3710762	5
768208	0	4015047	5
768208	0	4030476	0
768208	0	4091117	2
768208	0	4526332	1
768208	0	4906613	2
768208	0	4954758	2
768208	0	5025772	0
768208	0	5025777	1
768208	0	5039567	4
768208	0	5177591	2
768208	0	52155	5
768208	0	52157	5
768208	0	52158	5
768208	0	52159	5
768208	0	52161	5
768208	0	52162	5
768208	0	52163	5
768208	0	5222129	5
768208	0	5222132	5
768208	0	5222133	5
768208	0	5222138	5
768208	0	550035	2
768208	0	5800655	2
768208	0	593882	1
768208	0	6062639	1
768208	0	6106276	4
768208	0	6187147	1
768208	0	6304781	1
768208	0	6707107	2
768208	0	6707108	3
768208	0	6834373	3
768208	0	6834380	2
768208	0	6846418	3
768208	0	6889568	3
768208	0	6944794	4
768208	0	7024403	2
768208	0	7140893	5
768208	0	7166560	0
768208	0	7166562	0
768208	0	7272036	4
768208	0	7272040	5
768208	0	7272041	4
768208	0	7272045	4
768208	0	7696555	2
768208	0	7762993	4
768208	0	7805714	2
768208	0	8078265	3
768208	0	8177423	1
768208	0	8199924	5
768208	0	8337209	0
768208	0	8337212	0
768208	0	8525681	5
768208	0	8538964	5
768208	0	8615154	5
768208	0	8663601	2
768208	0	8666556	0
768208	0	8805943	1
768208	0	903599	1
877809	0	1030813	4
877809	0	1030818	1
877809	0	1050327	5
877809	0	1208595	2
877809	0	1208598	2
877809	0	1314509	2
877809	0	1314514	3
877809	0	1335170	5
877809	0	1335886	0
877809	0	1420115	3
877809	0	1550610	5
877809	0	1550611	3
877809	0	1550612	4
877809	0	1550613	5
877809	0	1550619	2
877809	0	1821652	2
877809	0	1821653	2
877809	0	1830189	3
877809	0	1939815	2
877809	0	1939816	0
877809	0	2213762	0
877809	0	2213765	5
877809	0	2213767	5
877809	0	2515032	5
877809	0	2515036	5
877809	0	2781468	4
877809	0	2811886	0
877809	0	3328098	4
877809	0	3328100	5
877809	0	3328103	1
877809	0	35106	5
877809	0	35107	5
877809	0	35108	2
877809	0	35109	2
877809	0	35110	4
877809	0	35111	5
877809	0	35112	2
877809	0	35113	5
877809	0	35114	4
877809	0	35115	4
877809	0	3747467	3
877809	0	379134	2
877809	0	3879160	3
877809	0	3879167	4
877809	0	3914626	1
877809	0	3982282	0
877809	0	4336905	0
877809	0	4336906	0
877809	0	4336908	0
877809	0	4479524	0
877809	0	4534156	5
877809	0	4534157	1
877809	0	4534161	1
877809	0	4635482	4
877809	0	4879503	2
877809	0	4888926	5
877809	0	4888929	5
877809	0	4888932	5
877809	0	5037393	1
877809	0	5092506	1
877809	0	5092510	1
877809	0	5411990	0
877809	0	5695320	3
877809	0	5697589	2
877809	0	5697591	1
877809	0	5758393	2
877809	0	5758394	2
877809	0	5758395	2
877809	0	5758396	2
877809	0	5850349	5
877809	0	5940393	4
877809	0	6306989	1
877809	0	6306991	3
877809	0	658471	2
877809	0	6680909	4
877809	0	6704838	4
877809	0	6704845	1
877809	0	6942008	1
877809	0	7040017	4
877809	0	7040022	5
877809	0	7050366	5
877809	0	7070855	2
877809	0	7346771	4
877809	0	7380092	2
877809	0	7380100	3
877809	0	7714171	2
877809	0	7714177	2
877809	0	7832039	1
877809	0	788181	5
877809	0	7906970	5
877809	0	7952694	5
877809	0	8165590	2
877809	0	8248046	1
877809	0	8484191	4
877809	0	8484200	2
877809	0	8511146	3
877809	0	8592500	2
877809	0	8659718	5
877809	0	8703650	1
877809	0	955828	5
911232	0	1331446	4
911232	0	1334926	2
911232	0	1431887	1
911232	0	1431896	2
911232	0	1451467	0
911232	0	1847341	4
911232	0	1879470	5
911232	0	1879471	5
911232	0	1879472	5
911232	0	1879474	5
911232	0	1879475	5
911232	0	2019288	3
911232	0	2019293	2
911232	0	2019295	2
911232	0	2098856	3
911232	0	2100444	3
911232	0	2108915	1
911232	0	2298894	0
911232	0	2428677	0
911232	0	2428679	4
911232	0	2492968	3
911232	0	2499838	3
911232	0	2558190	2
911232	0	2609560	1
911232	0	2812379	2
911232	0	2861554	2
911232	0	2861555	4
911232	0	2878331	5
911232	0	2921796	2
911232	0	2921801	1
911232	0	2921803	1
911232	0	2999924	5
911232	0	2999925	5
911232	0	2999926	4
911232	0	2999927	5
911232	0	2999928	5
911232	0	2999929	5
911232	0	2999930	5
911232	0	2999931	5
911232	0	2999932	5
911232	0	2999933	5
911232	0	3053492	0
911232	0	3054179	0
911232	0	3424673	4
911232	0	3502927	1
911232	0	3539194	2
911232	0	3587998	2
911232	0	3872053	3
911232	0	3976212	4
911232	0	4100709	4
911232	0	4100712	1
911232	0	4224849	2
911232	0	4238479	5
911232	0	4291941	1
911232	0	4312004	3
911232	0	4636014	2
911232	0	480901	2
911232	0	4967296	4
911232	0	4967298	5
911232	0	4967299	5
911232	0	5009330	1
911232	0	5013053	1
911232	0	5013056	4
911232	0	5020590	0
911232	0	5020593	3
911232	0	5023472	0
911232	0	5040651	2
911232	0	5101920	2
911232	0	547709	2
911232	0	5682945	3
911232	0	5766126	2
911232	0	5970696	1
911232	0	6231482	4
911232	0	6339812	3
911232	0	6452690	4
911232	0	6928655	5
911232	0	7206444	2
911232	0	7206445	2
911232	0	7216296	0
911232	0	7279109	0
911232	0	7519035	2
911232	0	7896932	1
911232	0	8095847	5
911232	0	8095851	4
911232	0	8484178	1
911232	0	8591989	0
911232	0	8605562	2
911232	0	8605563	4
911232	0	8605567	2
911232	0	8692187	1
911232	0	8712510	1
911232	0	8712513	2
911232	0	8757788	2
911232	0	8801744	4
911232	0	8801746	2
911232	0	8816618	5
911232	0	8816620	5
911232	0	8816621	5
911232	0	8816622	5
911232	0	8816626	5
914916	0	1027218	3
914916	0	1183902	2
914916	0	1183903	5
914916	0	1183904	5
914916	0	1183905	3
914916	0	1194685	5
914916	0	1444921	2
914916	0	1545735	3
914916	0	1545738	2
914916	0	1545740	5
914916	0	1545741	3
914916	0	1545742	4
914916	0	1545743	1
914916	0	1593795	2
914916	0	2020130	1
914916	0	2020131	1
914916	0	2020133	5
914916	0	2020137	4
914916	0	2200004	5
914916	0	2295412	0
914916	0	2338697	2
914916	0	2338701	1
914916	0	2693900	1
914916	0	2754113	4
914916	0	2989234	5
914916	0	2989235	3
914916	0	2989236	2
914916	0	2989239	4
914916	0	3057739	4
914916	0	306319	2
914916	0	3152176	4
914916	0	3170834	2
914916	0	3170836	2
914916	0	3170837	2
914916	0	3170839	2
914916	0	3170840	1
914916	0	3375842	2
914916	0	3535610	2
914916	0	3573852	5
914916	0	3763839	2
914916	0	3763841	5
914916	0	3949623	0
914916	0	3975869	3
914916	0	4023897	0
914916	0	4032061	3
914916	0	4425458	0
914916	0	4425460	5
914916	0	4482574	1
914916	0	4482575	1
914916	0	4482576	1
914916	0	4482577	2
914916	0	4840522	4
914916	0	4854250	0
914916	0	4923662	0
914916	0	5039693	5
914916	0	5039696	1
914916	0	5150282	2
914916	0	5325750	1
914916	0	5363820	3
914916	0	5380650	5
914916	0	5681257	4
914916	0	5681258	5
914916	0	5681262	4
914916	0	5730351	2
914916	0	5730352	4
914916	0	5730355	5
914916	0	5730356	5
914916	0	5730357	5
914916	0	5730358	0
914916	0	5784911	2
914916	0	5784912	2
914916	0	593526	2
914916	0	593527	2
914916	0	593531	1
914916	0	6181163	3
914916	0	6181169	1
914916	0	6182367	2
914916	0	6613409	4
914916	0	6613410	2
914916	0	6818272	5
914916	0	6896369	4
914916	0	6947198	2
914916	0	7081901	4
914916	0	7081903	2
914916	0	7150649	0
914916	0	76878	0
914916	0	7738980	1
914916	0	7747319	0
914916	0	7798477	5
914916	0	7798478	5
914916	0	7798479	5
914916	0	7798480	5
914916	0	8226706	1
914916	0	8772516	5
914916	0	8772517	5
914916	0	8772518	5
914916	0	8772519	4
914916	0	8772520	5
914916	0	8772521	3
914916	0	8772525	4
938400	0	1246779	2
938400	0	2009152	0
938400	0	2009157	2
938400	0	2071052	3
938400	0	2071055	4
938400	0	2354124	0
938400	0	2484350	2
938400	0	2532047	3
938400	0	2532049	5
938400	0	2532053	1
938400	0	2870509	2
938400	0	2870513	1
938400	0	2870514	5
938400	0	2887524	0
938400	0	2958099	2
938400	0	2958100	3
938400	0	2958103	2
938400	0	2958104	1
938400	0	2958107	5
938400	0	2962205	4
938400	0	2962208	5
938400	0	2962212	5
938400	0	3088746	5
938400	0	3088747	5
938400	0	3088748	5
938400	0	3088750	1
938400	0	3088751	2
938400	0	3088752	2
938400	0	3088753	3
938400	0	3088754	2
938400	0	3088755	2
938400	0	334433	0
938400	0	3353755	5
938400	0	3353757	3
938400	0	3353758	4
938400	0	3353759	2
938400	0	3353760	4
938400	0	3353761	4
938400	0	3353762	5
938400	0	3353763	4
938400	0	3353764	5
938400	0	3385149	0
938400	0	3486898	2
938400	0	3590672	1
938400	0	3660994	0
938400	0	3820289	4
938400	0	3820292	5
938400	0	3820293	2
938400	0	3820294	5
938400	0	3914686	5
938400	0	3914690	1
938400	0	4207807	4
938400	0	4282900	1
938400	0	47281	4
938400	0	47282	2
938400	0	47286	1
938400	0	47287	2
938400	0	47289	3
938400	0	47290	4
938400	0	492658	2
938400	0	4956057	5
938400	0	4956059	5
938400	0	4956060	2
938400	0	4956063	3
938400	0	4956064	5
938400	0	5061328	2
938400	0	5569	1
938400	0	5833738	2
938400	0	5833739	1
938400	0	6501473	5
938400	0	6769073	1
938400	0	7004405	4
938400	0	7004406	5
938400	0	7004408	4
938400	0	7004409	2
938400	0	7239128	0
938400	0	7313619	2
938400	0	7313620	5
938400	0	7313621	4
938400	0	7313622	2
938400	0	7313624	3
938400	0	7313626	5
938400	0	7396871	1
938400	0	7396872	0
938400	0	7624443	4
938400	0	790222	3
938400	0	790223	2
938400	0	8178702	0
938400	0	8219953	2
938400	0	8219955	0
938400	0	8309427	5
938400	0	8309428	5
938400	0	8309430	3
938400	0	8309433	5
938400	0	8309435	1
938400	0	8309436	4
938400	0	8678066	5
938400	0	8678070	1
938400	0	8678071	2
938400	0	8835301	1
940547	0	1335718	2
940547	0	2613393	4
940547	0	2667345	3
940547	0	2667347	2
940547	0	2667350	2
940547	0	2667353	3
940547	0	2729630	4
940547	0	3167333	1
940547	0	3443058	0
940547	0	3558980	0
940547	0	3624263	5
940547	0	3706454	2
940547	0	3706456	5
940547	0	3706457	2
940547	0	3706458	2
940547	0	3822467	0
940547	0	4489262	2
940547	0	4489266	2
940547	0	4505955	1
940547	0	4566517	5
940547	0	4664997	5
940547	0	4664999	1
940547	0	4665000	3
940547	0	4665002	0
940547	0	4696636	4
940547	0	4696637	1
940547	0	4696640	2
940547	0	4696641	1
940547	0	4696642	2
940547	0	4787647	0
940547	0	4800886	2
940547	0	4800890	5
940547	0	4800891	0
940547	0	506000	4
940547	0	506003	4
940547	0	5118372	0
940547	0	5118373	5
940547	0	5118376	5
940547	0	5118378	5
940547	0	5270010	1
940547	0	5270011	1
940547	0	5270014	5
940547	0	5270019	2
940547	0	5300651	5
940547	0	5300654	5
940547	0	5368337	3
940547	0	5429311	4
940547	0	5578993	3
940547	0	5831702	2
940547	0	5831703	3
940547	0	5831704	2
940547	0	5831706	1
940547	0	5831707	5
940547	0	5831708	5
940547	0	5831709	1
940547	0	5831711	4
940547	0	5951249	5
940547	0	61062	4
940547	0	61068	5
940547	0	61069	0
940547	0	61070	2
940547	0	61071	5
940547	0	6285918	4
940547	0	6298951	2
940547	0	6782541	3
940547	0	6782542	2
940547	0	6782543	4
940547	0	6948118	3
940547	0	7259157	5
940547	0	7280582	2
940547	0	7280584	2
940547	0	7280588	1
940547	0	7282174	5
940547	0	7282176	3
940547	0	7282177	1
940547	0	7282182	1
940547	0	76567	0
940547	0	7678629	2
940547	0	7855425	2
940547	0	7951561	5
940547	0	8219040	5
940547	0	8219044	2
940547	0	8219049	1
940547	0	8219050	2
940547	0	8219052	2
940547	0	8219054	0
940547	0	8219244	4
940547	0	8219246	4
940547	0	8219248	5
940547	0	8219249	2
940547	0	837714	5
940547	0	8667178	1
940547	0	870275	1
940547	0	870279	4
940547	0	8772071	5
940547	0	8772073	4
940547	0	8772074	4
940547	0	8772075	3
940547	0	964766	5
940547	0	964772	5
997622	0	1664196	2
997622	0	1664199	2
997622	0	1664204	0
997622	0	18621	4
997622	0	18624	2
997622	0	2182282	3
997622	0	2388752	2
997622	0	2388756	0
997622	0	2399775	5
997622	0	2399776	5
997622	0	2684410	1
997622	0	2684411	1
997622	0	2684414	5
997622	0	2691445	2
997622	0	2691447	2
997622	0	2699957	0
997622	0	3142955	4
997622	0	3369596	2
997622	0	3369599	1
997622	0	3409799	1
997622	0	3409801	1
997622	0	3604705	2
997622	0	3604710	4
997622	0	3604711	5
997622	0	3767361	1
997622	0	406412	4
997622	0	406414	2
997622	0	406418	4
997622	0	406419	2
997622	0	406420	4
997622	0	4185211	2
997622	0	4287941	4
997622	0	4317196	0
997622	0	4317197	1
997622	0	4317198	2
997622	0	4317202	2
997622	0	4317203	3
997622	0	4421158	2
997622	0	4421160	4
997622	0	4518220	4
997622	0	4518221	0
997622	0	4518222	5
997622	0	4543861	5
997622	0	4543864	5
997622	0	4543865	5
997622	0	4543867	5
997622	0	4543869	5
997622	0	4596839	5
997622	0	4643388	5
997622	0	4643389	5
997622	0	4643392	5
997622	0	4643394	5
997622	0	4643397	5
997622	0	4700298	4
997622	0	4700299	3
997622	0	4723212	2
997622	0	4723214	1
997622	0	4734743	4
997622	0	4734747	1
997622	0	4810065	0
997622	0	4871997	1
997622	0	4871999	2
997622	0	5084953	0
997622	0	5084956	1
997622	0	5111440	2
997622	0	5111444	0
997622	0	5172000	4
997622	0	5389321	2
997622	0	5389322	2
997622	0	5430569	3
997622	0	5618213	2
997622	0	5618217	2
997622	0	5694846	3
997622	0	5719836	2
997622	0	59869	2
997622	0	59871	3
997622	0	59874	0
997622	0	6501163	1
997622	0	650167	1
997622	0	72291	5
997622	0	72292	2
997622	0	72293	3
997622	0	73460	5
997622	0	73462	5
997622	0	73464	1
997622	0	73465	5
997622	0	7824655	2
997622	0	7834077	5
997622	0	8208582	0
997622	0	8533344	4
997622	0	8533348	5
997622	0	8658514	3
997622	0	8684993	3
997622	0	8684996	5
997622	0	8782273	4
997622	0	8813537	5
997622	0	941632	5
997622	0	941634	3
997622	0	941636	1
997622	0	972448	4
