1030303	0	1269099	2
1030303	0	1269101	0
1030303	0	1269102	0
1030303	0	1305519	5
1030303	0	1305520	5
1030303	0	1305521	5
1030303	0	1305528	3
1030303	0	1440058	0
1030303	0	1440061	0
1030303	0	1451848	5
1030303	0	1475508	2
1030303	0	1615360	3
1030303	0	1905988	5
1030303	0	1930723	4
1030303	0	226464	4
1030303	0	228357	2
1030303	0	228358	2
1030303	0	228360	2
1030303	0	228362	1
1030303	0	228365	2
1030303	0	228366	1
1030303	0	2567926	1
1030303	0	2627384	2
1030303	0	2805193	2
1030303	0	2902049	3
1030303	0	3143401	2
1030303	0	3166329	1
1030303	0	3166332	2
1030303	0	3166337	1
1030303	0	3190643	3
1030303	0	319192	3
1030303	0	3218147	2
1030303	0	3302252	5
1030303	0	3302254	4
1030303	0	3318757	1
1030303	0	3327029	5
1030303	0	3402910	3
1030303	0	3606266	2
1030303	0	3620981	2
1030303	0	4087754	2
1030303	0	4087756	2
1030303	0	4226538	2
1030303	0	4236749	5
1030303	0	5103906	4
1030303	0	5130399	4
1030303	0	5421615	1
1030303	0	5421619	2
1030303	0	5421620	2
1030303	0	5696806	1
1030303	0	6054030	4
1030303	0	6054032	4
1030303	0	6101361	2
1030303	0	6222298	4
1030303	0	6271629	5
1030303	0	6277500	2
1030303	0	6616751	1
1030303	0	6616753	1
1030303	0	6616754	0
1030303	0	6696171	2
1030303	0	6696174	2
1030303	0	6696177	5
1030303	0	6858638	5
1030303	0	6895305	3
1030303	0	6939423	5
1030303	0	6939428	4
1030303	0	6939429	3
1030303	0	6939430	5
1030303	0	6939431	5
1030303	0	6974892	1
1030303	0	7063043	0
1030303	0	7063044	1
1030303	0	7063046	0
1030303	0	7156982	5
1030303	0	7168323	5
1030303	0	7183993	2
1030303	0	7265273	4
1030303	0	7284047	5
1030303	0	7284052	5
1030303	0	7508058	4
1030303	0	7508059	5
1030303	0	7562251	2
1030303	0	7722248	0
1030303	0	7722250	3
1030303	0	7731261	0
1030303	0	7823704	0
1030303	0	7938932	3
1030303	0	7961145	4
1030303	0	7972299	4
1030303	0	8006084	1
1030303	0	8006086	1
1030303	0	8124160	1
1030303	0	8408728	2
1030303	0	8619289	4
1030303	0	8726430	5
1030303	0	8726432	4
1030303	0	8726433	5
1030303	0	8726435	5
1030303	0	8726436	5
1030303	0	8726437	5
1030303	0	979606	5
1037496	0	1101288	2
1037496	0	1101293	2
1037496	0	1326843	1
1037496	0	1326844	1
1037496	0	1326846	0
1037496	0	1326848	0
1037496	0	1648957	2
1037496	0	1992565	2
1037496	0	2017822	2
1037496	0	2017825	3
1037496	0	2017829	2
1037496	0	216951	2
1037496	0	218298	0
1037496	0	2672141	5
1037496	0	2725825	5
1037496	0	2725834	5
1037496	0	2829448	0
1037496	0	3074871	2
1037496	0	3099174	1
1037496	0	3155314	1
1037496	0	3155316	1
1037496	0	3155318	1
1037496	0	346606	1
1037496	0	3494125	0
1037496	0	3536982	2
1037496	0	3725931	3
1037496	0	3725932	4
1037496	0	3725933	3
1037496	0	3725934	5
1037496	0	3725935	4
1037496	0	3725936	3
1037496	0	3725937	5
1037496	0	3725938	3
1037496	0	3725939	5
1037496	0	3725940	4
1037496	0	387537	2
1037496	0	387540	2
1037496	0	4174374	4
1037496	0	4174376	4
1037496	0	4174377	5
1037496	0	4174378	4
1037496	0	4174380	4
1037496	0	4187303	4
1037496	0	4187304	5
1037496	0	4187305	5
1037496	0	4187307	5
1037496	0	4187309	5
1037496	0	4386023	1
1037496	0	4568145	1
1037496	0	4760906	5
1037496	0	4760907	5
1037496	0	4760908	4
1037496	0	4760909	4
1037496	0	4760910	3
1037496	0	4760912	5
1037496	0	4760914	5
1037496	0	4760915	5
1037496	0	4905509	4
1037496	0	4905511	4
1037496	0	4912160	5
1037496	0	4912162	5
1037496	0	4912163	3
1037496	0	4912166	4
1037496	0	4912167	5
1037496	0	5019969	2
1037496	0	5420837	0
1037496	0	5781886	1
1037496	0	5781887	1
1037496	0	5868502	2
1037496	0	5927420	5
1037496	0	6105867	0
1037496	0	6105868	1
1037496	0	6105869	1
1037496	0	6866284	5
1037496	0	7090171	0
1037496	0	7123621	2
1037496	0	7123622	3
1037496	0	7198871	2
1037496	0	7198877	2
1037496	0	7225145	2
1037496	0	7287404	5
1037496	0	7575933	2
1037496	0	7575937	2
1037496	0	7689329	0
1037496	0	7766583	5
1037496	0	7766584	4
1037496	0	7766585	5
1037496	0	7766587	5
1037496	0	7963311	2
1037496	0	8116412	0
1037496	0	8159564	3
1037496	0	8301812	1
1037496	0	8301814	2
1037496	0	8301816	2
1037496	0	8301821	2
1037496	0	8413924	4
1037496	0	8729385	2
1037496	0	8771395	3
1037496	0	8771398	2
1037496	0	890787	1
1043135	0	1536025	2
1043135	0	1536028	3
1043135	0	1637694	5
1043135	0	1637695	5
1043135	0	1637701	4
1043135	0	1727793	5
1043135	0	1845636	5
1043135	0	1845637	2
1043135	0	1845638	0
1043135	0	1845639	1
1043135	0	1845640	1
1043135	0	1845641	1
1043135	0	1845642	0
1043135	0	1845643	1
1043135	0	1845644	0
1043135	0	1845645	0
1043135	0	2443319	5
1043135	0	2514945	2
1043135	0	2514949	1
1043135	0	2514951	2
1043135	0	2514953	3
1043135	0	2664986	5
1043135	0	2664987	2
1043135	0	2664989	5
1043135	0	2664990	4
1043135	0	2664991	1
1043135	0	2664992	4
1043135	0	2664993	4
1043135	0	2664994	1
1043135	0	2664995	5
1043135	0	2790617	0
1043135	0	2790624	3
1043135	0	2996214	2
1043135	0	2996217	2
1043135	0	2996221	2
1043135	0	3209006	4
1043135	0	3378240	5
1043135	0	3878603	5
1043135	0	3878608	5
1043135	0	4355525	4
1043135	0	4541687	2
1043135	0	4541688	5
1043135	0	4541689	2
1043135	0	4541691	1
1043135	0	4541692	2
1043135	0	4541694	2
1043135	0	4541695	2
1043135	0	4721484	0
1043135	0	4881715	4
1043135	0	4994428	5
1043135	0	4994429	2
1043135	0	5119428	4
1043135	0	5119432	3
1043135	0	5262282	2
1043135	0	5262284	3
1043135	0	5262285	3
1043135	0	5262288	5
1043135	0	5262289	4
1043135	0	5262290	0
1043135	0	6044059	3
1043135	0	6097574	4
1043135	0	650641	5
1043135	0	650642	5
1043135	0	650643	2
1043135	0	650644	2
1043135	0	7022075	2
1043135	0	7022077	1
1043135	0	7022079	5
1043135	0	7137848	5
1043135	0	7137849	5
1043135	0	7137851	5
1043135	0	7137852	4
1043135	0	7137853	4
1043135	0	7751287	2
1043135	0	7770352	1
1043135	0	7770353	2
1043135	0	7770354	2
1043135	0	7945768	1
1043135	0	7945772	1
1043135	0	8049995	1
1043135	0	8224813	2
1043135	0	8632895	3
1043135	0	8632897	3
1043135	0	8696952	5
1043135	0	8696953	5
1043135	0	8696954	5
1043135	0	8696955	3
1043135	0	8696956	5
1043135	0	8696957	4
1043135	0	8696958	4
1043135	0	8696959	1
1043135	0	8696960	5
1043135	0	8696961	4
1043135	0	8787046	1
1043135	0	8787047	0
1043135	0	8787048	0
1043135	0	8787049	0
1043135	0	8787050	2
1043135	0	8787051	2
1043135	0	8787053	2
1051399	0	2180779	5
1051399	0	2258302	0
1051399	0	2258966	0
1051399	0	2258970	0
1051399	0	2674668	3
1051399	0	2674671	2
1051399	0	2814611	5
1051399	0	28364	2
1051399	0	2852880	0
1051399	0	2866975	5
1051399	0	2955059	0
1051399	0	2978630	1
1051399	0	2978631	2
1051399	0	2978632	2
1051399	0	2978635	0
1051399	0	2994450	1
1051399	0	330558	4
1051399	0	330559	3
1051399	0	330560	4
1051399	0	330562	4
1051399	0	330563	5
1051399	0	330564	4
1051399	0	330565	4
1051399	0	3376623	5
1051399	0	3376628	2
1051399	0	3554029	2
1051399	0	3681698	2
1051399	0	3681701	2
1051399	0	3694752	1
1051399	0	3694758	1
1051399	0	3782482	1
1051399	0	3826735	3
1051399	0	3826736	5
1051399	0	3826738	4
1051399	0	3826741	3
1051399	0	3943226	2
1051399	0	3943227	5
1051399	0	3943228	5
1051399	0	3943229	5
1051399	0	3969385	5
1051399	0	3969388	5
1051399	0	4117100	1
1051399	0	4213890	4
1051399	0	4213892	2
1051399	0	4213895	2
1051399	0	4213896	4
1051399	0	4213898	4
1051399	0	4245382	2
1051399	0	4380507	5
1051399	0	4384327	2
1051399	0	4422069	1
1051399	0	4426182	5
1051399	0	4426187	5
1051399	0	4426188	5
1051399	0	4469293	5
1051399	0	4513307	1
1051399	0	4736961	3
1051399	0	4772455	2
1051399	0	4916845	0
1051399	0	4963405	2
1051399	0	5146834	2
1051399	0	5146836	2
1051399	0	5150671	2
1051399	0	5195183	2
1051399	0	5231234	0
1051399	0	5348043	5
1051399	0	5956634	4
1051399	0	5956641	5
1051399	0	5969318	3
1051399	0	6385405	5
1051399	0	6791680	2
1051399	0	69812	2
1051399	0	69813	5
1051399	0	69818	5
1051399	0	69819	5
1051399	0	71750	4
1051399	0	7302023	4
1051399	0	7302024	1
1051399	0	745838	4
1051399	0	745839	5
1051399	0	7592732	2
1051399	0	7592733	3
1051399	0	7592735	3
1051399	0	7664150	4
1051399	0	7816049	2
1051399	0	7816050	4
1051399	0	7816052	3
1051399	0	7816053	5
1051399	0	7899640	2
1051399	0	8100075	2
1051399	0	8100091	0
1051399	0	8100099	0
1051399	0	8671315	5
1051399	0	8679462	1
1051399	0	8679463	1
1051399	0	8752995	1
1051399	0	904302	3
1051399	0	909463	1
1051399	0	909464	1
1051399	0	909467	1
1064670	0	1156065	2
1064670	0	1223737	5
1064670	0	1237071	2
1064670	0	129468	5
1064670	0	1567824	5
1064670	0	1733189	3
1064670	0	1760662	1
1064670	0	192188	2
1064670	0	192189	2
1064670	0	2219488	0
1064670	0	2512823	0
1064670	0	2691156	1
1064670	0	2692462	3
1064670	0	2839843	5
1064670	0	2839848	5
1064670	0	2988848	0
1064670	0	2988849	1
1064670	0	2988854	0
1064670	0	3111455	1
1064670	0	3215240	2
1064670	0	3328188	2
1064670	0	3328191	1
1064670	0	3476082	3
1064670	0	3476088	2
1064670	0	3490014	2
1064670	0	3659747	0
1064670	0	3807086	3
1064670	0	3826022	4
1064670	0	3826025	3
1064670	0	3826026	5
1064670	0	3930	4
1064670	0	3950917	1
1064670	0	402493	5
1064670	0	4684866	2
1064670	0	4757827	2
1064670	0	4780210	3
1064670	0	4855039	4
1064670	0	4878373	2
1064670	0	5232952	5
1064670	0	5265412	2
1064670	0	5293525	1
1064670	0	536251	4
1064670	0	5530581	1
1064670	0	5681345	3
1064670	0	5960794	4
1064670	0	6098427	0
1064670	0	6106336	3
1064670	0	6106337	4
1064670	0	6106338	4
1064670	0	6106339	2
1064670	0	6106340	4
1064670	0	6106342	4
1064670	0	6127865	1
1064670	0	6171059	2
1064670	0	6175221	4
1064670	0	6175225	4
1064670	0	6493041	1
1064670	0	6824284	5
1064670	0	6824287	5
1064670	0	6824288	5
1064670	0	6824289	5
1064670	0	6867208	2
1064670	0	6878678	4
1064670	0	6894130	0
1064670	0	7012470	2
1064670	0	7181810	3
1064670	0	7359467	2
1064670	0	736681	5
1064670	0	7470966	2
1064670	0	7471765	4
1064670	0	7556560	5
1064670	0	7928012	4
1064670	0	8018735	2
1064670	0	8100015	5
1064670	0	8100020	5
1064670	0	8109571	0
1064670	0	816346	4
1064670	0	8250162	0
1064670	0	8337453	5
1064670	0	8337454	3
1064670	0	8337455	5
1064670	0	8385050	1
1064670	0	8385052	1
1064670	0	8385053	1
1064670	0	8385054	1
1064670	0	8385055	2
1064670	0	8385058	1
1064670	0	8415424	2
1064670	0	8543529	0
1064670	0	8680897	5
1064670	0	8680898	2
1064670	0	8680900	2
1064670	0	8680901	5
1064670	0	8680902	5
1064670	0	8680903	5
1064670	0	8680904	5
1064670	0	8680905	5
1064670	0	8680906	5
1064670	0	8748215	2
1064670	0	8791586	2
1071750	0	1110355	0
1071750	0	2562017	3
1071750	0	27185	2
1071750	0	3016474	5
1071750	0	3016475	1
1071750	0	3016476	2
1071750	0	3016477	1
1071750	0	3016478	2
1071750	0	3016481	4
1071750	0	3016482	4
1071750	0	3016483	3
1071750	0	3477868	2
1071750	0	3477869	2
1071750	0	3477870	2
1071750	0	3477871	2
1071750	0	3477873	2
1071750	0	3477875	1
1071750	0	3575934	5
1071750	0	3719923	0
1071750	0	3719925	3
1071750	0	3719926	5
1071750	0	3719929	2
1071750	0	3928913	5
1071750	0	3928914	5
1071750	0	3928915	5
1071750	0	3928916	5
1071750	0	3928917	5
1071750	0	3928918	5
1071750	0	3972898	2
1071750	0	4094983	1
1071750	0	4094984	2
1071750	0	4094986	2
1071750	0	4094987	4
1071750	0	4094988	1
1071750	0	4094989	2
1071750	0	4094990	1
1071750	0	4094991	2
1071750	0	4133638	1
1071750	0	4133640	4
1071750	0	4133641	0
1071750	0	4133644	5
1071750	0	4360119	2
1071750	0	4360121	2
1071750	0	4360123	3
1071750	0	4360124	0
1071750	0	4360125	2
1071750	0	4360127	0
1071750	0	4360128	0
1071750	0	4717395	3
1071750	0	4717396	2
1071750	0	4717397	0
1071750	0	4717398	1
1071750	0	4717399	4
1071750	0	4717400	2
1071750	0	4717401	5
1071750	0	4717402	2
1071750	0	4717403	3
1071750	0	4794978	5
1071750	0	4853905	1
1071750	0	4853911	1
1071750	0	5047600	1
1071750	0	5510448	2
1071750	0	5510450	2
1071750	0	5510451	2
1071750	0	6508491	5
1071750	0	6508493	5
1071750	0	6508494	5
1071750	0	6508496	4
1071750	0	6508497	3
1071750	0	6508498	5
1071750	0	6508499	2
1071750	0	717792	0
1071750	0	7234874	1
1071750	0	7323628	1
1071750	0	7323633	1
1071750	0	7697597	3
1071750	0	7778577	5
1071750	0	8017971	0
1071750	0	8017973	1
1071750	0	8378382	4
1071750	0	8378383	5
1071750	0	8378384	4
1071750	0	8378385	4
1071750	0	8378386	2
1071750	0	8378387	3
1071750	0	8378388	3
1071750	0	8378389	4
1071750	0	8378390	5
1071750	0	8378391	5
1071750	0	8698267	4
1071750	0	8698268	4
1071750	0	8698269	5
1071750	0	8698270	4
1071750	0	8698271	4
1071750	0	8698272	5
1071750	0	8698273	5
1071750	0	8698274	4
1071750	0	8698275	5
1071750	0	8698276	5
1071750	0	8736874	0
1105792	0	1088726	2
1105792	0	1149495	1
1105792	0	1149498	0
1105792	0	1217266	4
1105792	0	1251388	2
1105792	0	1251392	1
1105792	0	1577037	1
1105792	0	1577038	1
1105792	0	1577040	0
1105792	0	1577041	0
1105792	0	1617737	2
1105792	0	1620087	0
1105792	0	1620089	2
1105792	0	1779642	0
1105792	0	1814605	4
1105792	0	1814612	4
1105792	0	1828155	1
1105792	0	1828159	0
1105792	0	186244	2
1105792	0	186247	2
1105792	0	186250	1
1105792	0	186251	2
1105792	0	2158684	1
1105792	0	2363456	3
1105792	0	2394668	3
1105792	0	2449495	4
1105792	0	2496026	4
1105792	0	2668970	4
1105792	0	2668971	5
1105792	0	2668972	5
1105792	0	2712387	1
1105792	0	2773545	2
1105792	0	2773546	3
1105792	0	2773547	2
1105792	0	2773548	3
1105792	0	3073329	2
1105792	0	3222863	2
1105792	0	3284366	5
1105792	0	3352151	1
1105792	0	3352156	2
1105792	0	3464600	1
1105792	0	3858643	4
1105792	0	4043059	3
1105792	0	4394494	3
1105792	0	4407177	1
1105792	0	4624333	5
1105792	0	4624341	5
1105792	0	4908893	2
1105792	0	5509824	1
1105792	0	5556617	2
1105792	0	5556621	3
1105792	0	569458	5
1105792	0	5703088	4
1105792	0	5857329	4
1105792	0	6182935	0
1105792	0	6182936	0
1105792	0	6198191	4
1105792	0	6238006	2
1105792	0	6252170	4
1105792	0	6412594	5
1105792	0	6438275	4
1105792	0	674175	2
1105792	0	6961094	3
1105792	0	6961099	4
1105792	0	6972261	0
1105792	0	6977017	5
1105792	0	707280	2
1105792	0	7102720	5
1105792	0	7144173	5
1105792	0	7144174	5
1105792	0	7144175	5
1105792	0	7284742	2
1105792	0	7414717	3
1105792	0	7448031	1
1105792	0	7448032	0
1105792	0	7505452	2
1105792	0	7567236	4
1105792	0	7606222	2
1105792	0	7609976	2
1105792	0	765641	2
1105792	0	7787325	2
1105792	0	7901002	2
1105792	0	8076352	2
1105792	0	8119890	1
1105792	0	8201610	5
1105792	0	8201611	5
1105792	0	8201612	5
1105792	0	8201613	5
1105792	0	8201614	5
1105792	0	8201615	5
1105792	0	8201616	5
1105792	0	8201617	5
1105792	0	8201618	5
1105792	0	8201619	5
1105792	0	8387587	1
1105792	0	8549871	3
1105792	0	8556473	4
1105792	0	8711177	5
1105792	0	8711180	5
1105792	0	8788188	5
1106979	0	1142258	4
1106979	0	1382074	5
1106979	0	1391380	2
1106979	0	1391383	0
1106979	0	139740	1
1106979	0	1951287	2
1106979	0	210632	2
1106979	0	2133100	2
1106979	0	2258092	4
1106979	0	2306620	5
1106979	0	2420229	3
1106979	0	2452474	4
1106979	0	2452477	2
1106979	0	2496608	5
1106979	0	2645853	1
1106979	0	2819574	2
1106979	0	2884219	5
1106979	0	2884227	5
1106979	0	2910472	1
1106979	0	2910477	0
1106979	0	297173	2
1106979	0	297176	1
1106979	0	3290646	5
1106979	0	3290649	5
1106979	0	3290651	5
1106979	0	3294974	0
1106979	0	3294977	2
1106979	0	3322163	1
1106979	0	348054	5
1106979	0	348055	5
1106979	0	348057	5
1106979	0	3644124	2
1106979	0	3851857	1
1106979	0	3851860	2
1106979	0	391272	2
1106979	0	4019426	1
1106979	0	4102607	0
1106979	0	4259138	1
1106979	0	431034	4
1106979	0	5070543	3
1106979	0	5383176	5
1106979	0	5427878	2
1106979	0	5432472	0
1106979	0	563070	2
1106979	0	563072	2
1106979	0	6075765	1
1106979	0	6221485	5
1106979	0	6221486	5
1106979	0	6221487	5
1106979	0	6221488	4
1106979	0	6221489	4
1106979	0	6221492	4
1106979	0	6221494	5
1106979	0	6373567	3
1106979	0	6450592	1
1106979	0	6654373	2
1106979	0	6678438	2
1106979	0	6678441	2
1106979	0	6678444	0
1106979	0	6739455	1
1106979	0	6739457	2
1106979	0	6802961	0
1106979	0	7007161	1
1106979	0	7033760	0
1106979	0	7033761	2
1106979	0	7033762	1
1106979	0	7033763	1
1106979	0	7033764	0
1106979	0	7033765	2
1106979	0	7033766	1
1106979	0	7033767	2
1106979	0	7033768	0
1106979	0	7059720	3
1106979	0	7499364	4
1106979	0	7557632	4
1106979	0	7674415	3
1106979	0	7674419	4
1106979	0	7674423	4
1106979	0	7832129	2
1106979	0	7961270	2
1106979	0	799359	5
1106979	0	799360	5
1106979	0	8121033	2
1106979	0	8177315	3
1106979	0	8190132	5
1106979	0	8190133	5
1106979	0	8190134	5
1106979	0	8190135	4
1106979	0	8190137	5
1106979	0	8190138	5
1106979	0	8190139	5
1106979	0	8190140	5
1106979	0	826857	2
1106979	0	8820391	3
1106979	0	8820395	4
1106979	0	8820396	3
1106979	0	885811	4
1106979	0	885815	3
1106979	0	885818	3
1106979	0	947605	4
1108651	0	1179691	2
1108651	0	1421350	5
1108651	0	1421353	5
1108651	0	1421355	5
1108651	0	1421356	5
1108651	0	1457502	2
1108651	0	1621557	2
1108651	0	1643325	4
1108651	0	1714260	4
1108651	0	1817809	1
1108651	0	2022311	2
1108651	0	2024963	5
1108651	0	2141336	5
1108651	0	2497201	4
1108651	0	2564923	2
1108651	0	2564930	4
1108651	0	258192	0
1108651	0	2745683	5
1108651	0	2745687	4
1108651	0	2745688	2
1108651	0	2761077	0
1108651	0	2903084	4
1108651	0	2920137	4
1108651	0	2920142	4
1108651	0	3102791	2
1108651	0	3102792	5
1108651	0	3102793	2
1108651	0	3313491	2
1108651	0	3313493	1
1108651	0	3508038	0
1108651	0	3544869	4
1108651	0	3561552	1
1108651	0	3561553	0
1108651	0	3561554	1
1108651	0	3561556	1
1108651	0	3561558	0
1108651	0	3561559	0
1108651	0	3561560	1
1108651	0	3632746	1
1108651	0	3641700	2
1108651	0	3832773	0
1108651	0	389096	2
1108651	0	3909388	3
1108651	0	3917887	2
1108651	0	406698	0
1108651	0	4482349	1
1108651	0	4517715	1
1108651	0	460414	4
1108651	0	4791426	1
1108651	0	4911228	3
1108651	0	4991456	2
1108651	0	5330509	5
1108651	0	5330510	5
1108651	0	5830553	4
1108651	0	6048405	3
1108651	0	6058576	5
1108651	0	6254872	2
1108651	0	6522183	4
1108651	0	6522184	2
1108651	0	6623205	3
1108651	0	6635998	5
1108651	0	6636001	5
1108651	0	6663873	1
1108651	0	6728084	3
1108651	0	6728087	3
1108651	0	6731792	4
1108651	0	6917944	2
1108651	0	6952860	0
1108651	0	7111296	2
1108651	0	7299329	2
1108651	0	7341143	2
1108651	0	7353934	2
1108651	0	7501823	0
1108651	0	7818065	1
1108651	0	815596	3
1108651	0	815597	3
1108651	0	815598	2
1108651	0	815600	3
1108651	0	8175406	5
1108651	0	8175407	5
1108651	0	8175408	5
1108651	0	8175409	5
1108651	0	8175410	4
1108651	0	8175412	5
1108651	0	8175414	5
1108651	0	8175415	2
1108651	0	8258084	2
1108651	0	8289552	5
1108651	0	8289554	5
1108651	0	8289555	5
1108651	0	8289556	5
1108651	0	8289560	5
1108651	0	8289561	5
1108651	0	847721	4
1108651	0	8519010	1
1108651	0	8523642	2
1108651	0	8643791	1
1108651	0	8677669	2
1108651	0	8677670	1
1108651	0	93020	3
1109707	0	1058288	1
1109707	0	107894	0
1109707	0	1143386	5
1109707	0	1143389	5
1109707	0	1190624	2
1109707	0	1230608	5
1109707	0	1235933	0
1109707	0	1255271	4
1109707	0	1444599	1
1109707	0	1608569	3
1109707	0	1719371	5
1109707	0	1719372	5
1109707	0	1719374	5
1109707	0	185685	4
1109707	0	1911564	5
1109707	0	1969321	2
1109707	0	2031419	2
1109707	0	2241069	3
1109707	0	2245437	5
1109707	0	2456877	1
1109707	0	2510185	5
1109707	0	2510193	3
1109707	0	2581464	0
1109707	0	2646535	1
1109707	0	2646538	2
1109707	0	2879391	1
1109707	0	3037793	4
1109707	0	3039465	4
1109707	0	3039466	2
1109707	0	3101500	5
1109707	0	3398421	2
1109707	0	353771	4
1109707	0	353772	1
1109707	0	353773	1
1109707	0	3943399	2
1109707	0	3982977	5
1109707	0	4122615	4
1109707	0	4122618	4
1109707	0	4236630	2
1109707	0	4237064	1
1109707	0	4285843	2
1109707	0	4294915	5
1109707	0	4332695	4
1109707	0	4370751	3
1109707	0	4370752	4
1109707	0	4370753	4
1109707	0	4370754	2
1109707	0	4370755	0
1109707	0	4370756	2
1109707	0	4542193	4
1109707	0	458599	5
1109707	0	4788762	2
1109707	0	4867369	0
1109707	0	4869410	0
1109707	0	5061689	2
1109707	0	5121347	5
1109707	0	517849	5
1109707	0	5415865	2
1109707	0	5740302	2
1109707	0	5740304	2
1109707	0	5826551	1
1109707	0	5942603	3
1109707	0	5947139	5
1109707	0	5947140	5
1109707	0	603152	4
1109707	0	6189800	2
1109707	0	6238285	5
1109707	0	6594554	0
1109707	0	6872195	5
1109707	0	7091469	1
1109707	0	7126490	2
1109707	0	7126495	2
1109707	0	7233616	2
1109707	0	7241557	3
1109707	0	7299963	4
1109707	0	7566099	1
1109707	0	7566104	0
1109707	0	7566105	1
1109707	0	7671117	3
1109707	0	7671118	3
1109707	0	7671120	4
1109707	0	771002	5
1109707	0	771745	5
1109707	0	771747	2
1109707	0	785762	3
1109707	0	7979662	2
1109707	0	7979663	5
1109707	0	7979664	5
1109707	0	8008033	3
1109707	0	8165491	1
1109707	0	8165492	4
1109707	0	8165497	2
1109707	0	8239871	2
1109707	0	8363279	5
1109707	0	8411158	1
1109707	0	8411159	1
1109707	0	8441435	0
1109707	0	8552236	2
1109707	0	8564591	5
1109707	0	8679294	0
1110678	0	1174910	3
1110678	0	1191773	5
1110678	0	1263295	3
1110678	0	1327784	4
1110678	0	1710934	3
1110678	0	178476	1
1110678	0	1785383	2
1110678	0	1902637	0
1110678	0	1902639	0
1110678	0	1912261	1
1110678	0	2096160	2
1110678	0	2138649	2
1110678	0	2387980	4
1110678	0	2713703	5
1110678	0	2713704	4
1110678	0	2713705	5
1110678	0	2713707	3
1110678	0	2713708	4
1110678	0	2713709	5
1110678	0	2713710	4
1110678	0	2713711	5
1110678	0	2721386	2
1110678	0	2822946	2
1110678	0	2943505	0
1110678	0	3116196	5
1110678	0	3170708	2
1110678	0	3514958	0
1110678	0	3559143	2
1110678	0	3559144	4
1110678	0	358450	5
1110678	0	3719134	4
1110678	0	3816545	1
1110678	0	3898227	4
1110678	0	3898234	3
1110678	0	39100	2
1110678	0	3933533	3
1110678	0	4007919	2
1110678	0	4018386	1
1110678	0	4058683	0
1110678	0	4058685	0
1110678	0	4224836	3
1110678	0	4402636	2
1110678	0	4636596	1
1110678	0	4671167	5
1110678	0	4706125	2
1110678	0	4706126	4
1110678	0	4714724	2
1110678	0	4717474	1
1110678	0	4738965	2
1110678	0	4741237	1
1110678	0	4932632	2
1110678	0	4938479	2
1110678	0	4938482	2
1110678	0	539177	5
1110678	0	5510586	5
1110678	0	5605209	2
1110678	0	6087414	3
1110678	0	614076	2
1110678	0	614766	1
1110678	0	6395875	1
1110678	0	6512110	3
1110678	0	6512111	5
1110678	0	6512114	2
1110678	0	6512116	5
1110678	0	6512117	5
1110678	0	6604336	0
1110678	0	6632692	5
1110678	0	6704694	4
1110678	0	673555	2
1110678	0	6852020	4
1110678	0	6886850	5
1110678	0	6975878	4
1110678	0	7139329	2
1110678	0	7182988	5
1110678	0	7238156	5
1110678	0	7273115	1
1110678	0	7381470	0
1110678	0	7410020	1
1110678	0	7415114	5
1110678	0	741943	5
1110678	0	7487380	2
1110678	0	7671274	4
1110678	0	7822742	5
1110678	0	7822744	5
1110678	0	7961176	2
1110678	0	8082645	1
1110678	0	8097978	0
1110678	0	8117105	1
1110678	0	8155905	2
1110678	0	8155906	4
1110678	0	8155909	3
1110678	0	8155910	5
1110678	0	8155912	5
1110678	0	8155913	5
1110678	0	8155914	5
1110678	0	8319126	4
1110678	0	834157	1
1110678	0	8540942	2
1110678	0	8576096	0
1110678	0	8774212	1
1113256	0	1037242	0
1113256	0	1053108	0
1113256	0	1053113	2
1113256	0	1394758	0
1113256	0	1394759	1
1113256	0	1394760	1
1113256	0	1394765	1
1113256	0	1394766	1
1113256	0	1407862	2
1113256	0	1407867	5
1113256	0	1669121	3
1113256	0	1684435	2
1113256	0	1850742	0
1113256	0	1869268	2
1113256	0	1907401	2
1113256	0	1983388	2
1113256	0	2067386	4
1113256	0	2321033	3
1113256	0	2321035	3
1113256	0	2321037	5
1113256	0	2337082	0
1113256	0	2680775	4
1113256	0	2713310	3
1113256	0	2713311	4
1113256	0	2713313	2
1113256	0	2713314	4
1113256	0	2762962	1
1113256	0	2971360	5
1113256	0	3059689	2
1113256	0	3263257	3
1113256	0	3263258	5
1113256	0	3263263	5
1113256	0	3427295	1
1113256	0	3427300	1
1113256	0	3479466	4
1113256	0	3539363	2
1113256	0	3539364	2
1113256	0	3539366	3
1113256	0	3539368	2
1113256	0	3539369	2
1113256	0	3828437	4
1113256	0	3828438	4
1113256	0	3828444	4
1113256	0	3976056	5
1113256	0	3976057	5
1113256	0	3976060	3
1113256	0	3976061	3
1113256	0	3976064	5
1113256	0	4111648	2
1113256	0	4355161	3
1113256	0	4373687	1
1113256	0	4373690	1
1113256	0	4689495	5
1113256	0	4689499	4
1113256	0	4888393	2
1113256	0	5295502	2
1113256	0	5334106	0
1113256	0	5365817	2
1113256	0	5365819	1
1113256	0	5365821	2
1113256	0	5393118	4
1113256	0	5723305	2
1113256	0	5820962	1
1113256	0	6412273	0
1113256	0	6426659	2
1113256	0	6782246	5
1113256	0	678873	0
1113256	0	678876	1
1113256	0	6789756	1
1113256	0	6915166	4
1113256	0	6915168	5
1113256	0	6915169	4
1113256	0	6915170	5
1113256	0	6915171	4
1113256	0	7168617	2
1113256	0	7561111	5
1113256	0	7561113	5
1113256	0	7561114	5
1113256	0	7561115	5
1113256	0	7561116	5
1113256	0	7561117	5
1113256	0	7561118	5
1113256	0	7561120	5
1113256	0	7572361	2
1113256	0	7594310	4
1113256	0	7679035	2
1113256	0	7843131	2
1113256	0	8130528	5
1113256	0	8130529	5
1113256	0	8130530	5
1113256	0	8130534	3
1113256	0	8130535	5
1113256	0	8135390	1
1113256	0	8215990	0
1113256	0	8224539	4
1113256	0	8224542	2
1113256	0	8380139	1
1113256	0	844373	5
1113256	0	8447987	2
1113256	0	8505961	0
1115210	0	1194735	0
1115210	0	1194736	2
1115210	0	1194737	1
1115210	0	1209793	2
1115210	0	1209794	1
1115210	0	145068	0
1115210	0	1537119	2
1115210	0	1592599	5
1115210	0	1622035	2
1115210	0	1622040	2
1115210	0	1899987	2
1115210	0	1930303	4
1115210	0	1930304	2
1115210	0	2048455	0
1115210	0	2168219	4
1115210	0	2168224	5
1115210	0	2214776	1
1115210	0	2329744	1
1115210	0	3031185	5
1115210	0	3031187	3
1115210	0	3031188	4
1115210	0	3031191	5
1115210	0	3101518	0
1115210	0	3793701	4
1115210	0	382378	2
1115210	0	3857888	4
1115210	0	4126346	3
1115210	0	4189777	3
1115210	0	4285364	1
1115210	0	4450403	5
1115210	0	4450404	5
1115210	0	4450405	3
1115210	0	4450406	2
1115210	0	4450407	3
1115210	0	4456807	1
1115210	0	4717646	1
1115210	0	4781704	4
1115210	0	4781712	5
1115210	0	4791665	2
1115210	0	4902828	4
1115210	0	4902836	2
1115210	0	5000065	2
1115210	0	5042789	0
1115210	0	5242501	0
1115210	0	5337250	2
1115210	0	5547291	5
1115210	0	5547292	5
1115210	0	5547293	4
1115210	0	5547295	5
1115210	0	5547297	5
1115210	0	5547298	4
1115210	0	5547299	5
1115210	0	5865972	2
1115210	0	5903116	3
1115210	0	5903118	2
1115210	0	5903119	2
1115210	0	6188880	1
1115210	0	6188884	0
1115210	0	6486934	1
1115210	0	6486935	1
1115210	0	6486936	1
1115210	0	6486938	1
1115210	0	6577861	3
1115210	0	6684506	1
1115210	0	7011981	0
1115210	0	7011982	1
1115210	0	7011986	0
1115210	0	7011990	0
1115210	0	7082205	2
1115210	0	7188543	1
1115210	0	7440357	2
1115210	0	7440360	2
1115210	0	7440361	3
1115210	0	7440364	2
1115210	0	7440365	2
1115210	0	7440366	4
1115210	0	7463699	2
1115210	0	7463700	4
1115210	0	7487597	5
1115210	0	7487600	4
1115210	0	7919714	2
1115210	0	7941238	4
1115210	0	8111878	5
1115210	0	8111879	5
1115210	0	8111881	5
1115210	0	8111883	5
1115210	0	8111885	5
1115210	0	8111886	5
1115210	0	8111887	5
1115210	0	8119264	5
1115210	0	833299	2
1115210	0	8390254	4
1115210	0	840010	5
1115210	0	840012	5
1115210	0	845819	5
1115210	0	845820	3
1115210	0	845823	4
1115210	0	845827	3
1115210	0	845828	5
1115210	0	8787715	2
1116380	0	1012460	0
1116380	0	1242071	2
1116380	0	1242073	2
1116380	0	1291048	3
1116380	0	1291051	5
1116380	0	1291052	1
1116380	0	1291053	4
1116380	0	1422754	2
1116380	0	1422755	1
1116380	0	1422756	1
1116380	0	1422757	5
1116380	0	1422758	2
1116380	0	1422760	5
1116380	0	1422761	3
1116380	0	1537442	4
1116380	0	1537444	2
1116380	0	1537446	4
1116380	0	1537447	5
1116380	0	1537448	4
1116380	0	1537449	0
1116380	0	1537450	4
1116380	0	1635678	1
1116380	0	1645707	2
1116380	0	1645711	0
1116380	0	1645713	3
1116380	0	1682893	2
1116380	0	2302565	1
1116380	0	2302566	5
1116380	0	2302568	2
1116380	0	2302570	5
1116380	0	2302571	4
1116380	0	2557536	2
1116380	0	2626979	3
1116380	0	2626982	2
1116380	0	2626983	0
1116380	0	2626986	1
1116380	0	2626987	2
1116380	0	2626988	1
1116380	0	283258	5
1116380	0	283259	4
1116380	0	283260	2
1116380	0	283261	4
1116380	0	283262	5
1116380	0	283263	0
1116380	0	283265	0
1116380	0	283266	4
1116380	0	283267	5
1116380	0	2960673	2
1116380	0	2960678	5
1116380	0	3588232	5
1116380	0	3588234	5
1116380	0	3588236	4
1116380	0	3588238	4
1116380	0	3680690	4
1116380	0	4118333	3
1116380	0	4118334	2
1116380	0	4118339	5
1116380	0	444974	2
1116380	0	4844490	0
1116380	0	4954565	0
1116380	0	5104774	2
1116380	0	5104775	3
1116380	0	5104779	3
1116380	0	521336	2
1116380	0	521337	1
1116380	0	521338	1
1116380	0	521341	4
1116380	0	521342	1
1116380	0	521344	1
1116380	0	5395322	4
1116380	0	5406796	4
1116380	0	568198	1
1116380	0	572184	1
1116380	0	5752652	5
1116380	0	5752653	5
1116380	0	5752657	2
1116380	0	5993459	0
1116380	0	631532	1
1116380	0	6615241	0
1116380	0	684558	5
1116380	0	684559	2
1116380	0	684563	2
1116380	0	684564	5
1116380	0	765639	3
1116380	0	765640	5
1116380	0	765642	2
1116380	0	765643	1
1116380	0	765644	2
1116380	0	765645	2
1116380	0	771103	2
1116380	0	771105	2
1116380	0	8100541	5
1116380	0	8100542	5
1116380	0	8100543	5
1116380	0	8100545	5
1116380	0	8100546	5
1116380	0	8100548	5
1116380	0	8113949	5
1116380	0	8784326	3
1116380	0	8784328	3
1121353	0	1287147	4
1121353	0	1287149	1
1121353	0	1470180	4
1121353	0	1598758	5
1121353	0	1643468	2
1121353	0	1713980	5
1121353	0	1854962	1
1121353	0	1886363	2
1121353	0	1929867	2
1121353	0	195104	2
1121353	0	195110	3
1121353	0	1976011	5
1121353	0	2043904	5
1121353	0	208502	3
1121353	0	2120814	2
1121353	0	2174358	5
1121353	0	2174360	2
1121353	0	2429916	2
1121353	0	2454252	1
1121353	0	2474382	5
1121353	0	2500055	0
1121353	0	2517743	1
1121353	0	2846270	2
1121353	0	3218890	1
1121353	0	3450547	0
1121353	0	3568849	5
1121353	0	3763465	3
1121353	0	3763468	5
1121353	0	3764771	2
1121353	0	3856519	2
1121353	0	4259960	5
1121353	0	4391580	4
1121353	0	4440318	5
1121353	0	4513266	2
1121353	0	4595103	5
1121353	0	4828747	5
1121353	0	4936081	3
1121353	0	4969906	2
1121353	0	4969908	2
1121353	0	5065103	0
1121353	0	5112603	1
1121353	0	5112604	1
1121353	0	5214698	1
1121353	0	524082	2
1121353	0	5407059	5
1121353	0	5517895	0
1121353	0	5539213	2
1121353	0	5540041	5
1121353	0	5572765	0
1121353	0	5642760	2
1121353	0	5642762	1
1121353	0	6000311	4
1121353	0	6207768	5
1121353	0	623601	0
1121353	0	623603	1
1121353	0	623604	1
1121353	0	623606	0
1121353	0	623607	1
1121353	0	6352617	5
1121353	0	6381281	2
1121353	0	6381283	2
1121353	0	6434036	2
1121353	0	6434042	3
1121353	0	643770	4
1121353	0	643774	4
1121353	0	6505405	1
1121353	0	6599525	5
1121353	0	6606564	3
1121353	0	6649435	0
1121353	0	6682307	2
1121353	0	6792535	0
1121353	0	6796077	1
1121353	0	7069371	2
1121353	0	7070396	3
1121353	0	710825	4
1121353	0	7109837	2
1121353	0	7225092	5
1121353	0	7344843	4
1121353	0	7363356	4
1121353	0	7488346	4
1121353	0	750872	4
1121353	0	7628716	3
1121353	0	7628719	4
1121353	0	7698997	1
1121353	0	7767775	2
1121353	0	7767776	2
1121353	0	8026861	3
1121353	0	8041299	3
1121353	0	8053108	5
1121353	0	8053109	5
1121353	0	8053112	5
1121353	0	8053113	5
1121353	0	8053117	5
1121353	0	8081420	2
1121353	0	867954	4
1121353	0	8708805	0
1121353	0	8728948	5
1121353	0	935133	4
1121353	0	946643	4
1121353	0	946647	5
1122767	0	1456251	0
1122767	0	1475981	0
1122767	0	1901639	5
1122767	0	1951801	3
1122767	0	2019367	5
1122767	0	2019371	5
1122767	0	2109135	2
1122767	0	240313	0
1122767	0	2411997	1
1122767	0	2412002	0
1122767	0	2859900	2
1122767	0	2859902	3
1122767	0	2859903	4
1122767	0	2859904	3
1122767	0	2859905	4
1122767	0	2859907	5
1122767	0	2859908	4
1122767	0	2869516	2
1122767	0	2869517	2
1122767	0	2869520	1
1122767	0	2869521	2
1122767	0	2912048	4
1122767	0	3192617	5
1122767	0	3320214	1
1122767	0	3320215	0
1122767	0	3320220	2
1122767	0	3368027	3
1122767	0	3407781	3
1122767	0	3467786	4
1122767	0	3467791	2
1122767	0	3601979	4
1122767	0	3773405	0
1122767	0	4102083	5
1122767	0	4161419	5
1122767	0	4191681	4
1122767	0	4259801	4
1122767	0	4461313	5
1122767	0	4550503	2
1122767	0	4550504	5
1122767	0	458261	5
1122767	0	461302	2
1122767	0	461308	1
1122767	0	468959	5
1122767	0	4784605	5
1122767	0	4824672	3
1122767	0	4824674	1
1122767	0	4824677	5
1122767	0	4824679	5
1122767	0	4824681	4
1122767	0	4973919	4
1122767	0	506025	2
1122767	0	5145967	1
1122767	0	5285491	5
1122767	0	5468401	2
1122767	0	5468407	2
1122767	0	585508	3
1122767	0	585509	3
1122767	0	5877496	5
1122767	0	5877499	3
1122767	0	5877500	5
1122767	0	6063622	2
1122767	0	6179207	3
1122767	0	6179209	4
1122767	0	6179210	5
1122767	0	6179211	2
1122767	0	6179212	0
1122767	0	6179213	5
1122767	0	6179214	0
1122767	0	6310719	1
1122767	0	668427	5
1122767	0	675885	1
1122767	0	6769861	1
1122767	0	6851716	1
1122767	0	6851717	5
1122767	0	6851718	2
1122767	0	6851720	4
1122767	0	6901879	2
1122767	0	6901884	2
1122767	0	6946767	2
1122767	0	6946769	2
1122767	0	6946770	4
1122767	0	6946772	1
1122767	0	6946774	2
1122767	0	7040330	1
1122767	0	75236	4
1122767	0	7544609	4
1122767	0	8039583	5
1122767	0	8039587	1
1122767	0	8039589	5
1122767	0	8039590	5
1122767	0	8061226	2
1122767	0	8061228	2
1122767	0	8061234	1
1122767	0	8326513	2
1122767	0	8512347	0
1122767	0	8642985	2
1122767	0	8642986	2
1122767	0	884952	5
1122767	0	940618	0
1122767	0	992694	1
1127540	0	1067934	3
1127540	0	1074250	3
1127540	0	1222365	4
1127540	0	1251267	2
1127540	0	1259593	2
1127540	0	1259595	2
1127540	0	1259597	0
1127540	0	1569259	1
1127540	0	1720170	4
1127540	0	1737767	2
1127540	0	1830086	4
1127540	0	1830380	2
1127540	0	1897898	0
1127540	0	1897899	2
1127540	0	2044364	5
1127540	0	2044366	5
1127540	0	2044368	5
1127540	0	2044369	5
1127540	0	2044370	5
1127540	0	2044372	5
1127540	0	2058018	2
1127540	0	2058020	3
1127540	0	2058022	2
1127540	0	2058024	4
1127540	0	2316314	2
1127540	0	2316316	2
1127540	0	2556549	2
1127540	0	2574460	5
1127540	0	267133	4
1127540	0	2698248	1
1127540	0	2809002	0
1127540	0	330049	5
1127540	0	3336192	1
1127540	0	3336198	4
1127540	0	3496912	3
1127540	0	3496914	3
1127540	0	3601165	2
1127540	0	3601166	1
1127540	0	3601168	1
1127540	0	3649463	3
1127540	0	3651963	3
1127540	0	3689987	2
1127540	0	369817	2
1127540	0	3723499	1
1127540	0	3787182	4
1127540	0	3787184	2
1127540	0	421169	4
1127540	0	4368062	1
1127540	0	4368068	3
1127540	0	4507239	2
1127540	0	4573418	2
1127540	0	463869	2
1127540	0	5458614	1
1127540	0	5533406	2
1127540	0	5638575	0
1127540	0	5715075	4
1127540	0	5728324	5
1127540	0	5753339	5
1127540	0	630076	5
1127540	0	630078	1
1127540	0	630082	3
1127540	0	6421961	1
1127540	0	6421969	0
1127540	0	6498571	4
1127540	0	6706583	1
1127540	0	6990140	3
1127540	0	7443616	4
1127540	0	7782109	4
1127540	0	7971392	0
1127540	0	7994046	4
1127540	0	7994048	4
1127540	0	7994051	2
1127540	0	8069412	2
1127540	0	8102569	0
1127540	0	8102577	1
1127540	0	8102759	2
1127540	0	8253108	2
1127540	0	8288867	4
1127540	0	8288868	1
1127540	0	8342394	1
1127540	0	8403939	5
1127540	0	8425619	0
1127540	0	8425620	0
1127540	0	8519988	1
1127540	0	8548969	5
1127540	0	8612540	5
1127540	0	8698688	5
1127540	0	8726954	5
1127540	0	8726955	5
1127540	0	8726956	5
1127540	0	8726957	5
1127540	0	8726958	5
1127540	0	8726959	5
1127540	0	8726960	5
1127540	0	8726961	5
1127540	0	8726962	5
1127540	0	8726963	5
1127540	0	897698	0
1127540	0	944828	2
1127540	0	956534	2
1131069	0	1780963	5
1131069	0	1780965	1
1131069	0	1780966	0
1131069	0	1780968	5
1131069	0	1780969	2
1131069	0	1780970	4
1131069	0	1780971	5
1131069	0	2499281	4
1131069	0	2519968	2
1131069	0	2614322	2
1131069	0	2662474	2
1131069	0	2662476	3
1131069	0	2680782	1
1131069	0	2721755	2
1131069	0	2783520	3
1131069	0	2805723	5
1131069	0	2805726	5
1131069	0	2930344	2
1131069	0	2930347	4
1131069	0	3058806	2
1131069	0	315348	1
1131069	0	3166508	3
1131069	0	3174310	2
1131069	0	3324165	5
1131069	0	3388332	2
1131069	0	3671672	2
1131069	0	3872373	5
1131069	0	4090555	0
1131069	0	4167954	1
1131069	0	4237857	0
1131069	0	4267382	4
1131069	0	4334851	2
1131069	0	4340237	2
1131069	0	4542385	0
1131069	0	4648857	0
1131069	0	4788859	5
1131069	0	4788864	4
1131069	0	5247865	1
1131069	0	5247866	1
1131069	0	5455642	4
1131069	0	5488948	3
1131069	0	5531387	5
1131069	0	5832672	0
1131069	0	5943518	5
1131069	0	6000239	3
1131069	0	6154671	2
1131069	0	6159839	1
1131069	0	6159842	4
1131069	0	6240966	2
1131069	0	6240969	3
1131069	0	6447001	2
1131069	0	6488758	2
1131069	0	6488759	0
1131069	0	6488766	2
1131069	0	6661240	4
1131069	0	6661241	3
1131069	0	6661246	4
1131069	0	6661248	4
1131069	0	671985	1
1131069	0	6809696	1
1131069	0	6809697	1
1131069	0	6809698	2
1131069	0	6809699	0
1131069	0	6809701	2
1131069	0	6809702	3
1131069	0	6809703	2
1131069	0	6864912	2
1131069	0	6907802	0
1131069	0	6907803	0
1131069	0	6907806	4
1131069	0	6907807	5
1131069	0	6907808	5
1131069	0	6907809	5
1131069	0	7242655	2
1131069	0	7275756	1
1131069	0	7275757	5
1131069	0	7275758	1
1131069	0	7275761	4
1131069	0	7358208	4
1131069	0	7610004	2
1131069	0	7610005	5
1131069	0	7610007	2
1131069	0	7610010	4
1131069	0	7618868	5
1131069	0	7770231	5
1131069	0	7962538	5
1131069	0	8002900	4
1131069	0	8191742	3
1131069	0	8191743	5
1131069	0	8191744	1
1131069	0	8192253	5
1131069	0	8432048	5
1131069	0	8432049	5
1131069	0	8432050	5
1131069	0	8432053	5
1131069	0	8432054	3
1131069	0	8432055	5
1131069	0	8541468	1
1131069	0	8780999	2
1131069	0	8841676	1
1132532	0	1012083	1
1132532	0	1133607	1
1132532	0	1245510	5
1132532	0	1245511	3
1132532	0	1976992	1
1132532	0	1976993	1
1132532	0	1976995	1
1132532	0	23959	2
1132532	0	23960	2
1132532	0	23966	2
1132532	0	2449556	1
1132532	0	2451606	1
1132532	0	2649448	0
1132532	0	2918611	2
1132532	0	3173190	2
1132532	0	331542	3
1132532	0	331543	4
1132532	0	331545	3
1132532	0	3469358	1
1132532	0	3648080	1
1132532	0	3797904	3
1132532	0	3873087	0
1132532	0	3894151	0
1132532	0	3962	2
1132532	0	40091	3
1132532	0	4104574	0
1132532	0	4110870	4
1132532	0	4139703	1
1132532	0	4244998	2
1132532	0	4437763	0
1132532	0	4675181	3
1132532	0	4675183	2
1132532	0	4753032	2
1132532	0	4851669	2
1132532	0	4851673	5
1132532	0	4851677	4
1132532	0	4893092	2
1132532	0	5041349	3
1132532	0	5053525	4
1132532	0	5446722	2
1132532	0	5479424	2
1132532	0	5636112	0
1132532	0	5636512	0
1132532	0	5651674	0
1132532	0	569543	0
1132532	0	5906395	2
1132532	0	5910809	5
1132532	0	5989422	2
1132532	0	6036022	5
1132532	0	6117740	5
1132532	0	6117745	5
1132532	0	6172567	2
1132532	0	6176605	4
1132532	0	6176606	3
1132532	0	6189364	5
1132532	0	6189365	5
1132532	0	6189366	5
1132532	0	6189367	4
1132532	0	6189369	4
1132532	0	6189370	5
1132532	0	6191514	2
1132532	0	6191515	2
1132532	0	6191516	2
1132532	0	6191517	2
1132532	0	6208534	4
1132532	0	6566738	1
1132532	0	661413	1
1132532	0	6832788	4
1132532	0	6832789	5
1132532	0	6832790	5
1132532	0	6832794	5
1132532	0	6950262	4
1132532	0	7061215	1
1132532	0	7070826	4
1132532	0	718132	5
1132532	0	7504790	3
1132532	0	7508490	5
1132532	0	7508491	5
1132532	0	7508493	5
1132532	0	7543160	5
1132532	0	7543163	4
1132532	0	7543164	5
1132532	0	7740552	2
1132532	0	7941105	5
1132532	0	8243454	1
1132532	0	8307656	5
1132532	0	8307659	5
1132532	0	8307660	2
1132532	0	8307661	5
1132532	0	8307662	4
1132532	0	8310437	4
1132532	0	8318621	5
1132532	0	8318622	3
1132532	0	8327843	2
1132532	0	845904	2
1132532	0	845908	4
1132532	0	8524072	0
1132532	0	8602382	1
1132532	0	8827215	2
1132532	0	986668	5
1133579	0	1200778	5
1133579	0	1200780	3
1133579	0	1318188	2
1133579	0	1318191	1
1133579	0	1318194	4
1133579	0	1318196	2
1133579	0	1659302	0
1133579	0	1659305	5
1133579	0	1659306	5
1133579	0	1659308	5
1133579	0	1659309	2
1133579	0	1694484	1
1133579	0	1694485	5
1133579	0	1817052	4
1133579	0	1817053	1
1133579	0	1817054	2
1133579	0	1817055	5
1133579	0	1817056	1
1133579	0	1817057	5
1133579	0	1817058	2
1133579	0	1817059	0
1133579	0	2067537	2
1133579	0	2067540	1
1133579	0	2067542	1
1133579	0	2067543	2
1133579	0	2067544	5
1133579	0	2067545	2
1133579	0	2067546	0
1133579	0	2130044	5
1133579	0	2130045	4
1133579	0	2130046	5
1133579	0	2130047	2
1133579	0	2130048	2
1133579	0	2130049	1
1133579	0	2257983	2
1133579	0	2577274	2
1133579	0	2623943	3
1133579	0	2829602	3
1133579	0	3314130	2
1133579	0	3586124	3
1133579	0	3691482	3
1133579	0	3691484	2
1133579	0	3691486	5
1133579	0	3691487	4
1133579	0	3841449	5
1133579	0	3841451	0
1133579	0	3841452	1
1133579	0	3841454	5
1133579	0	3841456	0
1133579	0	4057642	5
1133579	0	4274863	5
1133579	0	4274865	1
1133579	0	4506269	0
1133579	0	4506270	4
1133579	0	4868943	0
1133579	0	4931640	2
1133579	0	4931641	5
1133579	0	4931642	5
1133579	0	4931643	4
1133579	0	4931644	4
1133579	0	4931645	5
1133579	0	4931646	0
1133579	0	4931647	1
1133579	0	5277542	2
1133579	0	5277546	3
1133579	0	5719608	1
1133579	0	5719612	0
1133579	0	5801087	1
1133579	0	6252755	3
1133579	0	6252756	3
1133579	0	6252757	5
1133579	0	6252760	2
1133579	0	6252761	2
1133579	0	6252762	5
1133579	0	6436962	1
1133579	0	6600375	5
1133579	0	7011718	4
1133579	0	733202	4
1133579	0	733203	5
1133579	0	733204	2
1133579	0	733205	0
1133579	0	733206	2
1133579	0	733207	2
1133579	0	733208	5
1133579	0	733209	2
1133579	0	733210	2
1133579	0	733211	4
1133579	0	7722922	3
1133579	0	8102278	4
1133579	0	8220872	4
1133579	0	8220877	5
1133579	0	8220878	4
1133579	0	8220879	2
1133579	0	8379130	1
1133579	0	8379131	2
1133579	0	8379132	3
1133579	0	8379133	5
1133579	0	8379135	4
1133579	0	8379136	1
1133579	0	8741939	4
1136043	0	1056534	5
1136043	0	1056535	1
1136043	0	1056536	2
1136043	0	1056537	4
1136043	0	1056539	0
1136043	0	1056540	5
1136043	0	1056541	4
1136043	0	1056542	2
1136043	0	1057769	1
1136043	0	1329685	1
1136043	0	1421570	3
1136043	0	1557106	0
1136043	0	160039	5
1136043	0	160042	2
1136043	0	160044	3
1136043	0	1634128	5
1136043	0	1634131	5
1136043	0	1634132	5
1136043	0	1634133	4
1136043	0	1634134	5
1136043	0	1776591	1
1136043	0	2319724	2
1136043	0	2363699	4
1136043	0	2428271	3
1136043	0	2682608	2
1136043	0	2682609	3
1136043	0	2682611	4
1136043	0	2858298	1
1136043	0	2910447	1
1136043	0	291319	2
1136043	0	3028339	3
1136043	0	3148206	0
1136043	0	3223689	0
1136043	0	3228475	3
1136043	0	3538519	5
1136043	0	3551093	4
1136043	0	3551098	2
1136043	0	3551100	5
1136043	0	3722654	2
1136043	0	3729116	2
1136043	0	4078313	4
1136043	0	4545954	2
1136043	0	4687582	3
1136043	0	4794922	2
1136043	0	4882508	5
1136043	0	493123	2
1136043	0	4946558	0
1136043	0	5196420	1
1136043	0	5196423	1
1136043	0	5369633	2
1136043	0	5369635	1
1136043	0	5369640	2
1136043	0	5940540	1
1136043	0	6267202	1
1136043	0	6420305	4
1136043	0	6420308	5
1136043	0	6420309	2
1136043	0	6420313	4
1136043	0	6456014	5
1136043	0	6461937	1
1136043	0	6464514	0
1136043	0	6464517	0
1136043	0	6511396	3
1136043	0	6614531	5
1136043	0	6702368	2
1136043	0	6788428	5
1136043	0	6788429	2
1136043	0	6788430	5
1136043	0	6844640	4
1136043	0	6844641	3
1136043	0	6844643	2
1136043	0	6844644	5
1136043	0	6893735	4
1136043	0	6893736	1
1136043	0	6893739	0
1136043	0	6893740	1
1136043	0	6893741	4
1136043	0	6973492	0
1136043	0	7012123	2
1136043	0	7158603	0
1136043	0	7355225	4
1136043	0	744907	4
1136043	0	744908	4
1136043	0	7463059	2
1136043	0	7889774	1
1136043	0	7930850	2
1136043	0	837097	2
1136043	0	852195	5
1136043	0	852196	2
1136043	0	852197	5
1136043	0	858881	2
1136043	0	8728069	5
1136043	0	8728070	5
1136043	0	8728071	5
1136043	0	8728072	5
1136043	0	8728073	2
1136043	0	8728074	5
1136043	0	8728076	5
1136043	0	8728077	5
1136043	0	8728078	3
1136047	0	1200687	1
1136047	0	1240507	2
1136047	0	1240508	3
1136047	0	1240513	4
1136047	0	1254129	1
1136047	0	1500786	0
1136047	0	1500788	0
1136047	0	1601010	4
1136047	0	1716876	5
1136047	0	1716878	5
1136047	0	1716882	5
1136047	0	1716883	5
1136047	0	2165349	2
1136047	0	2165350	4
1136047	0	2165357	2
1136047	0	2165358	4
1136047	0	2186578	5
1136047	0	2330118	2
1136047	0	2330119	2
1136047	0	2432010	2
1136047	0	2584743	3
1136047	0	272459	2
1136047	0	272464	3
1136047	0	2815435	3
1136047	0	2815436	4
1136047	0	2815439	2
1136047	0	2815440	2
1136047	0	2995917	1
1136047	0	2995922	2
1136047	0	3178979	3
1136047	0	3178983	0
1136047	0	3357564	5
1136047	0	3400271	4
1136047	0	3447381	2
1136047	0	3447385	2
1136047	0	3447389	2
1136047	0	3512793	1
1136047	0	3551290	2
1136047	0	360410	1
1136047	0	360414	0
1136047	0	360415	2
1136047	0	360416	1
1136047	0	3775376	4
1136047	0	3833480	2
1136047	0	3833481	4
1136047	0	388995	2
1136047	0	3960077	1
1136047	0	3988779	2
1136047	0	4152503	3
1136047	0	434758	1
1136047	0	478073	2
1136047	0	4803702	4
1136047	0	4867539	3
1136047	0	5021130	4
1136047	0	512480	0
1136047	0	512481	4
1136047	0	512482	5
1136047	0	512483	5
1136047	0	512484	0
1136047	0	512487	5
1136047	0	512489	5
1136047	0	5440530	5
1136047	0	5440533	4
1136047	0	5715172	2
1136047	0	5715175	0
1136047	0	5822428	5
1136047	0	5822430	5
1136047	0	5864630	4
1136047	0	5953383	1
1136047	0	6168170	2
1136047	0	6499345	0
1136047	0	6499347	1
1136047	0	6604409	1
1136047	0	677662	0
1136047	0	7009393	5
1136047	0	7087318	3
1136047	0	7141883	5
1136047	0	7170088	2
1136047	0	7501471	1
1136047	0	7509635	2
1136047	0	7540966	1
1136047	0	7540967	2
1136047	0	7540969	3
1136047	0	7571090	5
1136047	0	7777166	4
1136047	0	7830195	1
1136047	0	8155686	5
1136047	0	8328670	5
1136047	0	871544	0
1136047	0	8724031	5
1136047	0	8724032	5
1136047	0	8724033	5
1136047	0	8724034	5
1136047	0	8724035	5
1136047	0	8724036	5
1136047	0	8724037	4
1136047	0	8724038	5
1136047	0	8724039	3
1136047	0	8724040	2
1136047	0	952223	1
1136962	0	1635572	0
1136962	0	1858852	0
1136962	0	188458	1
1136962	0	188463	5
1136962	0	1994003	2
1136962	0	2002694	0
1136962	0	208545	0
1136962	0	2333056	0
1136962	0	2389849	2
1136962	0	2455918	4
1136962	0	2481400	2
1136962	0	2504416	2
1136962	0	2504417	3
1136962	0	2662146	1
1136962	0	2668190	5
1136962	0	2736920	4
1136962	0	275374	2
1136962	0	275378	2
1136962	0	277849	5
1136962	0	2883074	1
1136962	0	3049177	3
1136962	0	3049180	3
1136962	0	3080322	1
1136962	0	3293337	5
1136962	0	3348372	5
1136962	0	3504821	4
1136962	0	3551394	0
1136962	0	3586539	5
1136962	0	3646987	1
1136962	0	3796591	4
1136962	0	3863653	5
1136962	0	4024823	4
1136962	0	4088981	5
1136962	0	4170447	5
1136962	0	4276733	0
1136962	0	427823	1
1136962	0	427826	1
1136962	0	4373085	2
1136962	0	4373090	2
1136962	0	4405500	4
1136962	0	4405503	4
1136962	0	4405509	3
1136962	0	4471029	1
1136962	0	4548553	5
1136962	0	4589722	1
1136962	0	4589723	5
1136962	0	4589724	5
1136962	0	4589725	4
1136962	0	4589728	5
1136962	0	4589729	2
1136962	0	4589730	5
1136962	0	4601613	1
1136962	0	4934921	2
1136962	0	5167251	2
1136962	0	5414508	5
1136962	0	5420816	2
1136962	0	5420819	2
1136962	0	5420820	2
1136962	0	5471438	5
1136962	0	596001	5
1136962	0	6185710	5
1136962	0	6185711	4
1136962	0	6185712	5
1136962	0	6185713	2
1136962	0	6185714	5
1136962	0	6185715	3
1136962	0	6185716	2
1136962	0	6185717	4
1136962	0	6185718	3
1136962	0	6185719	3
1136962	0	6211004	5
1136962	0	638900	4
1136962	0	657447	1
1136962	0	6684779	5
1136962	0	6842810	5
1136962	0	7116081	2
1136962	0	7621135	4
1136962	0	7631079	5
1136962	0	7631080	2
1136962	0	7631082	4
1136962	0	7631083	4
1136962	0	7631084	2
1136962	0	7750621	0
1136962	0	7896140	3
1136962	0	7938913	2
1136962	0	811626	1
1136962	0	8278694	3
1136962	0	8336574	5
1136962	0	8336575	2
1136962	0	8336578	2
1136962	0	8336581	2
1136962	0	8380913	2
1136962	0	8667204	1
1136962	0	8667206	1
1136962	0	8708235	1
1136962	0	937255	0
1136962	0	937256	4
1136962	0	937257	0
1136962	0	937258	3
1136962	0	980634	2
118440	0	1016473	0
118440	0	1031641	2
118440	0	1031644	4
118440	0	1312334	1
118440	0	1445679	2
118440	0	1445681	5
118440	0	1445685	5
118440	0	1569786	5
118440	0	1569787	5
118440	0	158198	1
118440	0	158199	0
118440	0	158205	1
118440	0	1606054	3
118440	0	1711898	2
118440	0	1734506	2
118440	0	1827531	4
118440	0	194614	4
118440	0	2074413	1
118440	0	230122	5
118440	0	232470	4
118440	0	232473	5
118440	0	2605332	4
118440	0	2843799	5
118440	0	285716	2
118440	0	3104947	5
118440	0	3104951	5
118440	0	3104952	4
118440	0	3104953	5
118440	0	3368681	4
118440	0	3402818	1
118440	0	3647350	4
118440	0	3647351	5
118440	0	3647356	5
118440	0	3647357	5
118440	0	391241	4
118440	0	4069689	0
118440	0	4115092	1
118440	0	4236463	5
118440	0	4290593	2
118440	0	4334263	4
118440	0	4403471	5
118440	0	5169678	1
118440	0	5229209	1
118440	0	5255427	2
118440	0	5365149	3
118440	0	5365150	3
118440	0	5365153	2
118440	0	5555683	4
118440	0	5780839	5
118440	0	6144350	2
118440	0	615975	1
118440	0	6382751	5
118440	0	6382753	5
118440	0	6382755	5
118440	0	6439078	3
118440	0	6540562	0
118440	0	6540563	0
118440	0	6540565	2
118440	0	6655848	0
118440	0	6726031	3
118440	0	6738065	3
118440	0	6744366	5
118440	0	6744368	5
118440	0	6750546	2
118440	0	6750547	5
118440	0	6750548	4
118440	0	6750549	2
118440	0	6750550	4
118440	0	6750552	4
118440	0	6750553	3
118440	0	6750554	2
118440	0	6805395	2
118440	0	6871256	2
118440	0	7109951	0
118440	0	7137471	0
118440	0	7169531	0
118440	0	730845	3
118440	0	748206	4
118440	0	7539487	5
118440	0	7703789	1
118440	0	7721624	2
118440	0	7808619	0
118440	0	7967582	2
118440	0	8072581	2
118440	0	8072588	1
118440	0	8072592	3
118440	0	8072593	2
118440	0	8072595	2
118440	0	8124427	1
118440	0	8285609	1
118440	0	8325148	2
118440	0	8412702	5
118440	0	8420653	1
118440	0	8527719	2
118440	0	8527721	1
118440	0	8724458	2
118440	0	8724459	2
118440	0	8737577	3
118440	0	8737579	2
118440	0	8785852	5
121171	0	1278921	3
121171	0	1278922	4
121171	0	1278923	5
121171	0	1278924	3
121171	0	1278926	5
121171	0	1278927	5
121171	0	1278928	4
121171	0	1278929	2
121171	0	143073	0
121171	0	1898444	1
121171	0	2122174	0
121171	0	2370501	2
121171	0	2550805	1
121171	0	2550806	5
121171	0	2550807	4
121171	0	2550808	1
121171	0	2550809	2
121171	0	2550810	5
121171	0	2550811	5
121171	0	2550813	4
121171	0	2550814	5
121171	0	2579338	3
121171	0	259430	5
121171	0	259431	5
121171	0	259432	2
121171	0	259433	4
121171	0	259434	5
121171	0	259435	2
121171	0	259436	4
121171	0	259437	2
121171	0	2626097	2
121171	0	2626098	4
121171	0	2626100	2
121171	0	2626101	5
121171	0	2626103	0
121171	0	2631821	4
121171	0	2631822	1
121171	0	2631825	1
121171	0	2631826	2
121171	0	2631827	5
121171	0	2735732	5
121171	0	2896413	2
121171	0	3029510	2
121171	0	3092263	4
121171	0	3389840	0
121171	0	3389841	0
121171	0	3812019	2
121171	0	3812022	5
121171	0	451170	5
121171	0	451171	5
121171	0	451172	4
121171	0	451173	4
121171	0	451174	5
121171	0	451175	5
121171	0	451176	5
121171	0	4609616	1
121171	0	5237901	3
121171	0	5237902	3
121171	0	5237903	1
121171	0	5237905	2
121171	0	5237907	0
121171	0	5237908	3
121171	0	5237909	1
121171	0	5713962	4
121171	0	5809826	3
121171	0	5809828	2
121171	0	5809829	2
121171	0	5809830	1
121171	0	5809831	5
121171	0	5809833	1
121171	0	5930985	1
121171	0	5930988	1
121171	0	6223547	2
121171	0	6461186	2
121171	0	6580474	0
121171	0	6580476	5
121171	0	6580478	2
121171	0	7151456	2
121171	0	7224846	1
121171	0	8018580	0
121171	0	8056821	2
121171	0	8164251	5
121171	0	8220026	0
121171	0	8260188	3
121171	0	8260190	3
121171	0	8260191	5
121171	0	8260192	5
121171	0	8260193	3
121171	0	8260194	4
121171	0	8260195	5
121171	0	8260196	2
121171	0	8301993	2
121171	0	8643272	1
121171	0	8643274	2
121171	0	8643275	4
121171	0	8643277	4
121171	0	8643278	2
121171	0	8643279	2
121171	0	8684391	0
121171	0	8735296	1
135802	0	1189352	4
135802	0	1226132	1
135802	0	1226134	1
135802	0	1226135	0
135802	0	1256034	5
135802	0	1279164	1
135802	0	1352752	2
135802	0	1352753	0
135802	0	1352755	1
135802	0	1386451	2
135802	0	1448020	2
135802	0	1711322	2
135802	0	2201180	5
135802	0	2256996	0
135802	0	2440643	1
135802	0	2511075	5
135802	0	2539731	2
135802	0	2539732	5
135802	0	2539734	2
135802	0	2539735	3
135802	0	2539740	5
135802	0	2582185	2
135802	0	2739063	5
135802	0	2739065	4
135802	0	2739068	3
135802	0	2739069	5
135802	0	2739070	2
135802	0	2739072	3
135802	0	2773337	4
135802	0	2773344	5
135802	0	2898913	2
135802	0	3017530	1
135802	0	348109	0
135802	0	3547571	4
135802	0	3624450	5
135802	0	366625	3
135802	0	366626	3
135802	0	366632	3
135802	0	3707269	2
135802	0	3707271	2
135802	0	3707272	2
135802	0	3707274	2
135802	0	3737716	4
135802	0	3737719	4
135802	0	4007442	3
135802	0	4007446	5
135802	0	4007447	5
135802	0	4146404	2
135802	0	4331542	2
135802	0	4347259	4
135802	0	4411252	5
135802	0	4419391	0
135802	0	4419396	0
135802	0	4653333	2
135802	0	4663166	0
135802	0	4688637	5
135802	0	470796	4
135802	0	4744979	1
135802	0	5424633	4
135802	0	5593350	2
135802	0	5593351	2
135802	0	5835149	1
135802	0	5973586	1
135802	0	6111235	3
135802	0	62182	5
135802	0	6302977	0
135802	0	6302978	0
135802	0	663703	4
135802	0	663707	4
135802	0	6755953	2
135802	0	6755954	2
135802	0	7003682	5
135802	0	7020899	5
135802	0	7285065	1
135802	0	7299370	2
135802	0	732284	2
135802	0	7327478	4
135802	0	7483372	3
135802	0	7483379	1
135802	0	767626	2
135802	0	7752424	1
135802	0	7752427	0
135802	0	8015460	1
135802	0	802446	5
135802	0	8081411	4
135802	0	8081412	5
135802	0	8163784	3
135802	0	8168198	4
135802	0	8168201	4
135802	0	8264847	5
135802	0	8285230	1
135802	0	8444470	2
135802	0	8493056	2
135802	0	8692619	5
135802	0	8692621	5
135802	0	8692623	5
135802	0	8692624	5
135802	0	8692626	5
135802	0	8692628	5
135802	0	946436	1
141630	0	1157247	1
141630	0	1157249	4
141630	0	1157251	5
141630	0	1314684	2
141630	0	1314689	5
141630	0	1611308	0
141630	0	1611310	1
141630	0	1611313	4
141630	0	1889340	4
141630	0	2265945	1
141630	0	2278493	1
141630	0	2366117	3
141630	0	2366121	3
141630	0	2768009	2
141630	0	2851002	3
141630	0	2892893	1
141630	0	3461358	2
141630	0	3500851	4
141630	0	3500852	3
141630	0	3500853	2
141630	0	3500854	5
141630	0	3500855	5
141630	0	3500856	5
141630	0	3500857	5
141630	0	3500858	1
141630	0	3500860	2
141630	0	3665879	5
141630	0	3672655	5
141630	0	3752117	1
141630	0	3811989	3
141630	0	4098919	2
141630	0	4098924	2
141630	0	4101944	5
141630	0	4101945	2
141630	0	4101951	4
141630	0	4101952	1
141630	0	41361	4
141630	0	41364	2
141630	0	4422338	3
141630	0	4422339	5
141630	0	4422340	1
141630	0	4422343	0
141630	0	4422344	1
141630	0	5098393	5
141630	0	5098395	5
141630	0	5098396	5
141630	0	5098397	5
141630	0	5098400	2
141630	0	5126206	4
141630	0	5126212	2
141630	0	5337305	5
141630	0	554699	2
141630	0	554701	0
141630	0	5694666	4
141630	0	5711339	0
141630	0	5711344	0
141630	0	6007465	0
141630	0	6064897	5
141630	0	6185807	0
141630	0	6319711	3
141630	0	6319713	1
141630	0	6319716	2
141630	0	6496226	4
141630	0	6496228	5
141630	0	6496229	5
141630	0	6530476	1
141630	0	6580043	4
141630	0	6580051	1
141630	0	6638749	5
141630	0	7004631	2
141630	0	7107466	1
141630	0	712617	2
141630	0	7228533	4
141630	0	7261857	2
141630	0	7309677	5
141630	0	7705603	4
141630	0	7985117	2
141630	0	7985118	2
141630	0	7985123	0
141630	0	8068281	4
141630	0	8217013	3
141630	0	8319987	5
141630	0	8319989	5
141630	0	8319990	5
141630	0	8319991	2
141630	0	8319993	5
141630	0	861355	3
141630	0	8653584	2
141630	0	8685361	2
141630	0	8768725	5
141630	0	8808343	0
141630	0	885780	2
141630	0	885781	2
141630	0	885782	2
141630	0	885784	4
141630	0	885785	2
141630	0	885786	3
141630	0	885787	0
141630	0	885788	1
141630	0	986986	4
156498	0	104800	5
156498	0	104801	5
156498	0	104803	5
156498	0	1066785	5
156498	0	1066789	5
156498	0	1118223	5
156498	0	1176897	1
156498	0	1176903	1
156498	0	1430192	1
156498	0	1430195	1
156498	0	1434101	4
156498	0	1439275	3
156498	0	1439277	4
156498	0	153722	1
156498	0	1575717	4
156498	0	1663164	5
156498	0	1663169	5
156498	0	1823189	1
156498	0	1840047	2
156498	0	2126090	4
156498	0	2167314	5
156498	0	2167315	4
156498	0	2167316	4
156498	0	2167317	1
156498	0	2167320	2
156498	0	2305389	2
156498	0	2305390	2
156498	0	2455301	0
156498	0	2455302	0
156498	0	2455307	4
156498	0	2814536	5
156498	0	2837360	2
156498	0	3068132	2
156498	0	3114158	3
156498	0	3301559	5
156498	0	3301562	5
156498	0	3301563	5
156498	0	3443396	0
156498	0	3443397	0
156498	0	3484644	2
156498	0	3484650	2
156498	0	3669926	5
156498	0	3669928	5
156498	0	3852372	2
156498	0	3853777	0
156498	0	3929551	2
156498	0	4273410	5
156498	0	4273412	5
156498	0	4273413	5
156498	0	4273414	1
156498	0	4273418	5
156498	0	4273419	5
156498	0	4325225	4
156498	0	4349518	1
156498	0	4468111	3
156498	0	4468112	5
156498	0	463350	2
156498	0	463355	1
156498	0	463358	2
156498	0	4950763	3
156498	0	4950764	3
156498	0	4950765	2
156498	0	4950770	4
156498	0	4996221	2
156498	0	5051130	3
156498	0	5051133	0
156498	0	5289945	2
156498	0	5456027	1
156498	0	5554129	5
156498	0	5596941	4
156498	0	5606985	5
156498	0	576146	1
156498	0	6024051	0
156498	0	6350447	2
156498	0	6350450	2
156498	0	6574893	2
156498	0	6602231	1
156498	0	6602232	1
156498	0	687748	4
156498	0	7051176	0
156498	0	7051181	2
156498	0	7051184	0
156498	0	7393852	4
156498	0	7393853	3
156498	0	7393854	2
156498	0	7393857	2
156498	0	7393858	4
156498	0	7456851	5
156498	0	752504	3
156498	0	7617959	4
156498	0	824326	2
156498	0	824332	2
156498	0	8305049	2
156498	0	8615226	3
156498	0	8615228	4
156498	0	8648966	3
156498	0	8648969	5
156498	0	968558	2
156498	0	968559	1
156498	0	973038	0
169208	0	1395413	5
169208	0	1395417	5
169208	0	160090	2
169208	0	1694742	1
169208	0	2099561	4
169208	0	2594164	5
169208	0	2653222	0
169208	0	2653225	1
169208	0	2653226	1
169208	0	2653229	1
169208	0	2720365	0
169208	0	2888360	2
169208	0	2888361	3
169208	0	2888362	3
169208	0	2888363	5
169208	0	2888364	1
169208	0	2888366	2
169208	0	2888367	5
169208	0	2888368	4
169208	0	3218383	0
169208	0	3408570	2
169208	0	344711	3
169208	0	344715	2
169208	0	3555910	1
169208	0	3555912	3
169208	0	3561306	3
169208	0	3569715	1
169208	0	4011279	0
169208	0	4202275	5
169208	0	4202276	3
169208	0	4202278	5
169208	0	4321613	1
169208	0	4460805	0
169208	0	4580131	5
169208	0	4580132	4
169208	0	4580133	5
169208	0	4580137	2
169208	0	4580139	5
169208	0	4694321	4
169208	0	4694322	0
169208	0	4694325	2
169208	0	4694326	2
169208	0	4694327	2
169208	0	4694328	2
169208	0	4694329	2
169208	0	4762134	5
169208	0	4762135	4
169208	0	4762137	5
169208	0	4762140	5
169208	0	4762141	5
169208	0	4762142	5
169208	0	4771735	2
169208	0	4771736	1
169208	0	4771743	2
169208	0	4859431	0
169208	0	4859432	5
169208	0	4859433	5
169208	0	4859434	1
169208	0	4859436	1
169208	0	4859437	5
169208	0	4859438	5
169208	0	5523560	2
169208	0	5541539	2
169208	0	5573046	4
169208	0	560198	4
169208	0	5624766	2
169208	0	5624767	2
169208	0	5724652	0
169208	0	5893619	1
169208	0	6153857	1
169208	0	6413011	4
169208	0	6628987	4
169208	0	6808744	5
169208	0	6900079	3
169208	0	7116790	2
169208	0	7169062	2
169208	0	7169063	4
169208	0	7169064	2
169208	0	7169065	2
169208	0	7169066	1
169208	0	7169068	3
169208	0	721607	5
169208	0	721610	5
169208	0	7251632	4
169208	0	7251637	4
169208	0	7251639	5
169208	0	7461953	2
169208	0	7461959	3
169208	0	7484151	3
169208	0	7698777	2
169208	0	7768298	2
169208	0	8155993	2
169208	0	8498445	1
169208	0	85984	4
169208	0	85987	4
169208	0	85989	5
169208	0	85992	4
169208	0	85993	5
169208	0	8656602	0
169208	0	8656607	0
174463	0	1013078	4
174463	0	1024762	5
174463	0	1024763	4
174463	0	1024764	5
174463	0	1024767	5
174463	0	129840	1
174463	0	1409812	2
174463	0	1479952	5
174463	0	1567955	4
174463	0	1567956	4
174463	0	1788354	3
174463	0	1788362	3
174463	0	1835369	5
174463	0	1835370	5
174463	0	1835375	5
174463	0	1835377	3
174463	0	1854163	5
174463	0	1924691	0
174463	0	1970967	0
174463	0	1970971	1
174463	0	1973699	2
174463	0	2247005	2
174463	0	2247008	2
174463	0	2533617	1
174463	0	2533619	3
174463	0	2533622	4
174463	0	2533623	4
174463	0	2533624	4
174463	0	2533625	2
174463	0	2533626	5
174463	0	2911252	3
174463	0	2911253	0
174463	0	3057395	3
174463	0	3277323	2
174463	0	3350452	1
174463	0	3716941	2
174463	0	3716946	2
174463	0	3716947	2
174463	0	3788058	2
174463	0	3829743	2
174463	0	3959789	0
174463	0	3959793	2
174463	0	4038738	1
174463	0	4043870	2
174463	0	4275746	2
174463	0	4275747	2
174463	0	4275750	2
174463	0	4275752	3
174463	0	4452289	5
174463	0	4662168	2
174463	0	4665966	2
174463	0	4665971	1
174463	0	467393	0
174463	0	470707	3
174463	0	470708	5
174463	0	470712	5
174463	0	4710618	5
174463	0	4725836	1
174463	0	5084509	0
174463	0	5084515	2
174463	0	5190737	1
174463	0	5264564	3
174463	0	5264565	2
174463	0	5264566	4
174463	0	5264567	5
174463	0	5303493	4
174463	0	5303496	5
174463	0	5349500	1
174463	0	5538542	2
174463	0	5538544	2
174463	0	5538545	3
174463	0	5688363	4
174463	0	5688364	4
174463	0	6083369	5
174463	0	6083371	5
174463	0	6094016	5
174463	0	6094017	5
174463	0	6094019	2
174463	0	6148993	1
174463	0	6148994	1
174463	0	6164614	0
174463	0	6342348	1
174463	0	6718987	5
174463	0	7089624	4
174463	0	7089629	4
174463	0	7089632	5
174463	0	7314482	0
174463	0	7383891	0
174463	0	7812730	1
174463	0	787927	1
174463	0	8304451	2
174463	0	8304456	5
174463	0	8304457	4
174463	0	8304458	5
174463	0	8645014	2
174463	0	8645017	1
174463	0	8770949	5
174463	0	8770952	4
174463	0	8770954	5
174463	0	934733	0
23849	0	1020327	4
23849	0	1127543	2
23849	0	1158886	5
23849	0	1215556	5
23849	0	1215557	2
23849	0	1303551	0
23849	0	1333480	5
23849	0	1414120	4
23849	0	1414122	1
23849	0	1449785	3
23849	0	1460057	5
23849	0	146754	2
23849	0	1594083	5
23849	0	1622747	2
23849	0	1827512	2
23849	0	188246	2
23849	0	1944730	5
23849	0	2055243	1
23849	0	2199043	3
23849	0	2277376	3
23849	0	2454705	2
23849	0	2607127	2
23849	0	2607129	2
23849	0	2647769	5
23849	0	2822437	1
23849	0	2822438	1
23849	0	3318475	2
23849	0	3468397	4
23849	0	3796914	5
23849	0	3796917	5
23849	0	3803316	2
23849	0	3829885	5
23849	0	3978767	5
23849	0	403811	2
23849	0	4091550	0
23849	0	4188880	5
23849	0	4366147	1
23849	0	4482145	1
23849	0	4491642	1
23849	0	4556932	5
23849	0	4556933	5
23849	0	4556938	3
23849	0	4556939	2
23849	0	4577479	2
23849	0	4806514	4
23849	0	4886625	1
23849	0	4920679	1
23849	0	4942375	5
23849	0	5053606	1
23849	0	5340997	5
23849	0	5341000	0
23849	0	5356225	2
23849	0	5455962	0
23849	0	5554704	0
23849	0	590926	2
23849	0	5913890	5
23849	0	604008	1
23849	0	6328466	0
23849	0	6328471	0
23849	0	640767	2
23849	0	6456991	0
23849	0	6498474	1
23849	0	6667419	4
23849	0	6688736	2
23849	0	6688737	3
23849	0	6688741	4
23849	0	6688742	4
23849	0	6688743	3
23849	0	6688744	2
23849	0	7039665	2
23849	0	7119957	5
23849	0	7144405	0
23849	0	7186713	3
23849	0	7395195	2
23849	0	7475860	3
23849	0	7482415	2
23849	0	7519911	2
23849	0	7593919	2
23849	0	7845073	1
23849	0	7845081	4
23849	0	8010558	3
23849	0	8010559	4
23849	0	8010560	5
23849	0	8010561	5
23849	0	8010562	4
23849	0	8010563	5
23849	0	8010564	4
23849	0	8010565	5
23849	0	8010566	5
23849	0	8017141	5
23849	0	8126279	3
23849	0	8293997	2
23849	0	8293999	1
23849	0	8466750	4
23849	0	849074	0
23849	0	8665052	4
23849	0	8668783	1
23849	0	8769995	4
23849	0	958491	5
23849	0	958495	4
258062	0	1311741	5
258062	0	1348968	5
258062	0	1360248	1
258062	0	1805967	5
258062	0	18097	0
258062	0	1914282	4
258062	0	2009228	5
258062	0	2009233	0
258062	0	2009235	0
258062	0	2463315	1
258062	0	2463319	2
258062	0	2510542	2
258062	0	2707009	4
258062	0	2707010	2
258062	0	2707014	2
258062	0	2707015	2
258062	0	2707016	3
258062	0	2875425	0
258062	0	2898169	5
258062	0	2909753	1
258062	0	2940183	1
258062	0	2940184	1
258062	0	3012167	4
258062	0	3016095	2
258062	0	3032427	4
258062	0	3189004	2
258062	0	3195767	2
258062	0	3325413	2
258062	0	3404354	2
258062	0	36703	4
258062	0	3683402	1
258062	0	3777927	5
258062	0	3777928	5
258062	0	3777930	4
258062	0	3807311	1
258062	0	3822856	2
258062	0	3947004	3
258062	0	3947005	4
258062	0	3947010	2
258062	0	412375	2
258062	0	4155912	5
258062	0	4159140	1
258062	0	4159142	1
258062	0	4159145	4
258062	0	4159344	4
258062	0	4159345	3
258062	0	4174308	5
258062	0	4174310	5
258062	0	4174311	1
258062	0	4174313	5
258062	0	4211513	1
258062	0	4595794	5
258062	0	4595795	5
258062	0	5035481	1
258062	0	5134210	3
258062	0	5134732	0
258062	0	5275169	1
258062	0	5326260	0
258062	0	5385089	2
258062	0	5456423	2
258062	0	5456424	4
258062	0	5456429	2
258062	0	5463138	1
258062	0	5617294	3
258062	0	5617297	3
258062	0	5627691	4
258062	0	5810936	2
258062	0	5810937	2
258062	0	598842	1
258062	0	5993823	5
258062	0	5993826	4
258062	0	60521	2
258062	0	60522	0
258062	0	6084336	5
258062	0	6084337	5
258062	0	6084339	5
258062	0	63214	3
258062	0	63215	2
258062	0	6347133	2
258062	0	639086	0
258062	0	6498440	4
258062	0	6655805	3
258062	0	6990374	5
258062	0	7068639	5
258062	0	7344525	2
258062	0	7645153	3
258062	0	7655251	0
258062	0	7716250	2
258062	0	8242299	0
258062	0	8311086	4
258062	0	8421207	3
258062	0	8421209	2
258062	0	8464763	4
258062	0	8694158	5
258062	0	8694161	5
258062	0	8694163	5
258062	0	8820986	2
258062	0	91493	5
258062	0	955811	5
258062	0	955813	5
324585	0	1349811	1
324585	0	1349814	0
324585	0	1349818	2
324585	0	1536988	5
324585	0	1536989	4
324585	0	1536990	5
324585	0	1536993	5
324585	0	1536995	5
324585	0	1536997	5
324585	0	1557511	2
324585	0	1579643	2
324585	0	1908329	4
324585	0	2259938	4
324585	0	2363585	2
324585	0	3860753	3
324585	0	3929680	2
324585	0	3957438	2
324585	0	405277	5
324585	0	405281	5
324585	0	405282	2
324585	0	438845	1
324585	0	4662468	1
324585	0	4662469	1
324585	0	4662472	1
324585	0	4722016	4
324585	0	4765768	4
324585	0	4765769	5
324585	0	5089018	3
324585	0	509044	5
324585	0	5131127	0
324585	0	5131128	1
324585	0	5131129	1
324585	0	5131133	1
324585	0	5131134	1
324585	0	5478143	1
324585	0	5488901	3
324585	0	5488905	3
324585	0	5525879	5
324585	0	5650548	3
324585	0	5864200	0
324585	0	5864204	1
324585	0	5934308	2
324585	0	5934309	2
324585	0	5934310	2
324585	0	6093053	0
324585	0	612031	0
324585	0	612033	1
324585	0	6126015	4
324585	0	6126016	5
324585	0	6126018	5
324585	0	6126019	4
324585	0	6170175	3
324585	0	6196947	4
324585	0	6196949	5
324585	0	620298	0
324585	0	625754	1
324585	0	625760	0
324585	0	6480417	2
324585	0	6480420	2
324585	0	6480421	2
324585	0	6480424	2
324585	0	6490813	2
324585	0	6873083	1
324585	0	6961642	4
324585	0	6961643	4
324585	0	6961645	4
324585	0	7363143	3
324585	0	7363145	0
324585	0	7386634	4
324585	0	7392860	2
324585	0	7551648	4
324585	0	7653696	5
324585	0	7728340	2
324585	0	7824745	2
324585	0	7884832	2
324585	0	7941122	2
324585	0	7941125	2
324585	0	7941127	2
324585	0	7941130	2
324585	0	8189416	0
324585	0	8189418	0
324585	0	8290306	2
324585	0	8290307	4
324585	0	8290308	5
324585	0	8290309	5
324585	0	8290310	3
324585	0	8290312	2
324585	0	8290314	5
324585	0	8310496	4
324585	0	8310498	5
324585	0	8310499	5
324585	0	8310502	5
324585	0	8310503	5
324585	0	8480207	3
324585	0	8500120	5
324585	0	8500121	5
324585	0	8500123	5
324585	0	8500124	5
324585	0	8516270	3
324585	0	8706808	1
330975	0	1097857	5
330975	0	1097858	4
330975	0	1097861	3
330975	0	1598185	5
330975	0	1598187	2
330975	0	1598188	2
330975	0	1637261	5
330975	0	2299992	2
330975	0	233944	4
330975	0	233945	2
330975	0	233946	5
330975	0	233947	3
330975	0	233948	2
330975	0	233949	1
330975	0	233950	1
330975	0	233951	5
330975	0	233952	5
330975	0	3240106	0
330975	0	3240112	4
330975	0	3256083	2
330975	0	3256084	5
330975	0	3256086	1
330975	0	3297853	2
330975	0	3297854	1
330975	0	3297855	5
330975	0	3297856	5
330975	0	3297857	5
330975	0	3297858	5
330975	0	3297859	4
330975	0	3297860	4
330975	0	3857964	2
330975	0	3857965	3
330975	0	3857968	0
330975	0	4108178	4
330975	0	4108179	1
330975	0	4108180	2
330975	0	4392140	4
330975	0	4392141	0
330975	0	4392142	1
330975	0	4392144	5
330975	0	4392147	5
330975	0	4408865	3
330975	0	4408867	2
330975	0	4408869	0
330975	0	4620919	5
330975	0	4620920	5
330975	0	4620924	5
330975	0	4695291	5
330975	0	4695292	5
330975	0	4695297	2
330975	0	482126	0
330975	0	482130	5
330975	0	482131	0
330975	0	4896437	1
330975	0	5190215	5
330975	0	5393803	5
330975	0	5393804	3
330975	0	5393805	4
330975	0	5393808	3
330975	0	5427108	5
330975	0	5427109	2
330975	0	5427114	2
330975	0	5557976	4
330975	0	5557977	1
330975	0	5558821	0
330975	0	5558822	1
330975	0	5750875	3
330975	0	5750877	1
330975	0	5750878	2
330975	0	5750880	5
330975	0	5803903	4
330975	0	6009916	1
330975	0	6127421	3
330975	0	6310757	2
330975	0	6310762	2
330975	0	6559223	2
330975	0	6559225	4
330975	0	6625463	5
330975	0	6625466	4
330975	0	6625469	5
330975	0	6625786	3
330975	0	6693239	4
330975	0	6693240	1
330975	0	702096	2
330975	0	702098	2
330975	0	702099	4
330975	0	702102	1
330975	0	702103	1
330975	0	7074783	2
330975	0	7074784	1
330975	0	7074785	2
330975	0	7074787	2
330975	0	7871128	0
330975	0	7871129	0
330975	0	8327008	2
330975	0	8327010	4
330975	0	8327011	2
330975	0	8541455	0
330975	0	8541458	2
330975	0	8541461	3
332593	0	1167184	5
332593	0	1222945	5
332593	0	1443722	4
332593	0	1443723	4
332593	0	1539776	5
332593	0	1650687	4
332593	0	1831357	2
332593	0	1905438	2
332593	0	249844	1
332593	0	3193889	1
332593	0	3193890	0
332593	0	329112	5
332593	0	3336848	2
332593	0	3475387	0
332593	0	3731313	5
332593	0	3731319	2
332593	0	3883458	1
332593	0	4023721	5
332593	0	4023722	3
332593	0	4023725	1
332593	0	4377343	0
332593	0	4431497	2
332593	0	4431498	5
332593	0	4431499	4
332593	0	4431502	5
332593	0	4431504	1
332593	0	45433	5
332593	0	4614346	5
332593	0	4701752	1
332593	0	4946080	0
332593	0	4952093	2
332593	0	4952095	2
332593	0	5014866	2
332593	0	5241320	5
332593	0	5241321	5
332593	0	5241322	5
332593	0	5241323	5
332593	0	5241326	4
332593	0	5241327	3
332593	0	5241328	5
332593	0	5241329	4
332593	0	5257858	0
332593	0	5257859	0
332593	0	5707520	0
332593	0	5750021	2
332593	0	5750023	5
332593	0	5750024	1
332593	0	5750025	2
332593	0	5750026	2
332593	0	6007038	5
332593	0	6007040	3
332593	0	6007041	2
332593	0	6007045	1
332593	0	6007046	0
332593	0	6016986	1
332593	0	6514779	1
332593	0	6514780	2
332593	0	6514781	0
332593	0	6514783	1
332593	0	6528407	2
332593	0	6528411	2
332593	0	6534081	3
332593	0	6534082	5
332593	0	6534084	3
332593	0	6534085	4
332593	0	6534089	4
332593	0	6534090	4
332593	0	6616552	4
332593	0	6765225	3
332593	0	6765227	2
332593	0	7073993	2
332593	0	7073994	3
332593	0	7073995	5
332593	0	7073996	4
332593	0	7073998	2
332593	0	713457	1
332593	0	713460	1
332593	0	7331782	3
332593	0	7331783	1
332593	0	7362660	3
332593	0	8021425	1
332593	0	8091677	4
332593	0	8091678	2
332593	0	8091681	4
332593	0	8434869	5
332593	0	8434870	4
332593	0	8434871	5
332593	0	8434872	2
332593	0	8434873	5
332593	0	8434874	5
332593	0	8688114	2
332593	0	8749227	2
332593	0	8749229	3
332593	0	8749230	5
332593	0	8749231	5
332593	0	931412	4
332593	0	931415	2
332593	0	931417	2
332593	0	948693	0
332593	0	948702	2
336901	0	122860	1
336901	0	1658821	4
336901	0	1658825	0
336901	0	1674353	5
336901	0	1768586	5
336901	0	1869827	2
336901	0	1927503	2
336901	0	1942395	3
336901	0	1942397	2
336901	0	2291851	2
336901	0	2291853	2
336901	0	2291857	4
336901	0	2291859	2
336901	0	2562739	3
336901	0	2589736	4
336901	0	2620378	1
336901	0	2620383	0
336901	0	2722274	2
336901	0	2722283	3
336901	0	2755190	5
336901	0	2853615	2
336901	0	2929232	1
336901	0	3002134	1
336901	0	3004046	1
336901	0	3187469	2
336901	0	3217707	5
336901	0	3330854	5
336901	0	3441181	0
336901	0	3550918	2
336901	0	3587994	5
336901	0	3587995	4
336901	0	3587996	2
336901	0	3624188	2
336901	0	3631609	5
336901	0	3739084	1
336901	0	3753996	2
336901	0	4268010	4
336901	0	4268015	1
336901	0	4340049	3
336901	0	4645983	0
336901	0	4763953	2
336901	0	4763954	3
336901	0	4763957	4
336901	0	4763961	1
336901	0	4789974	5
336901	0	4954233	1
336901	0	5000215	1
336901	0	5000220	1
336901	0	5100469	2
336901	0	5150928	2
336901	0	519896	5
336901	0	5354093	5
336901	0	5354099	2
336901	0	5384135	2
336901	0	5384136	1
336901	0	5384137	0
336901	0	5579766	4
336901	0	560662	5
336901	0	5700405	2
336901	0	6045774	0
336901	0	6066139	0
336901	0	6066140	0
336901	0	6066141	1
336901	0	6066143	2
336901	0	614072	1
336901	0	6174296	3
336901	0	6555430	2
336901	0	6789401	3
336901	0	6988062	2
336901	0	7459686	5
336901	0	7476974	5
336901	0	7476979	3
336901	0	7526931	1
336901	0	7526933	4
336901	0	7819232	2
336901	0	7819234	3
336901	0	7836253	2
336901	0	7836254	5
336901	0	7836255	4
336901	0	7836256	5
336901	0	7836258	5
336901	0	7836259	5
336901	0	7836261	5
336901	0	8130980	3
336901	0	8130986	5
336901	0	8130987	2
336901	0	8225020	4
336901	0	8528674	5
336901	0	8528675	5
336901	0	8528677	5
336901	0	8528678	5
336901	0	8528679	5
336901	0	8528680	4
336901	0	8528681	4
336901	0	8528682	4
336901	0	8611301	0
336901	0	8712881	4
336901	0	8712882	4
336901	0	8740069	5
336901	0	895971	0
390360	0	1024985	1
390360	0	1073855	1
390360	0	1073859	2
390360	0	1139949	2
390360	0	1144945	1
390360	0	121527	2
390360	0	121529	2
390360	0	1262104	3
390360	0	1273110	5
390360	0	1378332	2
390360	0	1378333	5
390360	0	1378337	5
390360	0	1568415	4
390360	0	1643792	5
390360	0	1643798	4
390360	0	1650809	0
390360	0	1686817	2
390360	0	1927068	2
390360	0	1927069	0
390360	0	1936946	1
390360	0	1936950	1
390360	0	1975039	4
390360	0	2044655	1
390360	0	2044656	2
390360	0	2100928	0
390360	0	2100929	0
390360	0	216659	2
390360	0	217537	3
390360	0	217538	5
390360	0	217540	4
390360	0	217541	1
390360	0	2203875	5
390360	0	2203877	5
390360	0	2265711	4
390360	0	2328883	1
390360	0	2419904	5
390360	0	2923934	3
390360	0	3489896	4
390360	0	3489901	1
390360	0	3504561	4
390360	0	3518917	2
390360	0	3518921	3
390360	0	3518924	2
390360	0	3646944	2
390360	0	3786708	4
390360	0	3812754	3
390360	0	3891634	1
390360	0	3983483	2
390360	0	3983484	3
390360	0	3983487	2
390360	0	3988320	1
390360	0	3988321	0
390360	0	4345836	4
390360	0	4506037	2
390360	0	4619216	5
390360	0	4619218	5
390360	0	4658522	2
390360	0	4843994	3
390360	0	4962302	1
390360	0	4962303	2
390360	0	5005531	2
390360	0	5005535	2
390360	0	5005536	3
390360	0	5423359	5
390360	0	5778001	2
390360	0	5778004	0
390360	0	5778006	4
390360	0	601024	5
390360	0	604110	0
390360	0	604111	5
390360	0	604118	5
390360	0	6188335	1
390360	0	6200817	2
390360	0	6359991	2
390360	0	675665	0
390360	0	7098940	3
390360	0	7166011	0
390360	0	7406840	5
390360	0	749106	2
390360	0	7632426	3
390360	0	7632429	2
390360	0	7679050	5
390360	0	7745589	5
390360	0	8009002	5
390360	0	8384881	1
390360	0	844992	4
390360	0	844995	4
390360	0	860971	1
390360	0	8630609	5
390360	0	8630611	5
390360	0	8630612	5
390360	0	8630614	5
390360	0	8630616	5
390360	0	8630617	5
390360	0	8630618	5
390360	0	913763	4
390360	0	962551	0
390360	0	963941	4
390360	0	963943	2
390360	0	963947	4
405163	0	1092361	2
405163	0	1234964	3
405163	0	1352547	5
405163	0	1422055	2
405163	0	1506457	2
405163	0	1567779	3
405163	0	1655999	4
405163	0	1667027	5
405163	0	1718782	2
405163	0	1844775	4
405163	0	1893008	0
405163	0	1893015	0
405163	0	1902861	2
405163	0	1902863	2
405163	0	1902864	1
405163	0	1902866	5
405163	0	1902868	2
405163	0	2055217	5
405163	0	2055218	5
405163	0	2077809	5
405163	0	2407799	4
405163	0	249570	0
405163	0	27987	1
405163	0	2806293	1
405163	0	2806296	5
405163	0	289329	5
405163	0	2902930	2
405163	0	2936336	5
405163	0	295189	5
405163	0	306987	4
405163	0	306992	4
405163	0	3216136	5
405163	0	3421043	1
405163	0	346285	2
405163	0	3600866	5
405163	0	3700383	0
405163	0	3850031	2
405163	0	3850032	4
405163	0	3918981	5
405163	0	3918983	4
405163	0	394399	2
405163	0	394400	2
405163	0	4058115	4
405163	0	4228172	5
405163	0	4232058	3
405163	0	429246	5
405163	0	4359636	1
405163	0	4413113	4
405163	0	451983	0
405163	0	4631848	1
405163	0	4633676	0
405163	0	4633681	2
405163	0	4761345	5
405163	0	4824126	0
405163	0	5089775	4
405163	0	5174690	1
405163	0	5174691	1
405163	0	5214452	5
405163	0	5214456	4
405163	0	5248627	3
405163	0	5514160	2
405163	0	5523884	1
405163	0	5710975	2
405163	0	5710976	1
405163	0	5710977	4
405163	0	5768621	1
405163	0	5909571	5
405163	0	6237400	1
405163	0	6334781	2
405163	0	647594	5
405163	0	6585590	4
405163	0	6613036	2
405163	0	6689927	3
405163	0	6733335	3
405163	0	6781056	3
405163	0	6796624	4
405163	0	6916264	5
405163	0	6945011	5
405163	0	6965575	5
405163	0	7031027	2
405163	0	7044508	3
405163	0	7113739	0
405163	0	72203	1
405163	0	7445944	0
405163	0	7454159	2
405163	0	7507332	2
405163	0	8282533	4
405163	0	834754	2
405163	0	8445975	2
405163	0	8482540	3
405163	0	8482542	1
405163	0	8631598	2
405163	0	8633840	5
405163	0	863570	2
405163	0	8637786	0
405163	0	8666230	3
405163	0	8682163	2
405163	0	8682164	5
405163	0	8707747	5
405163	0	8713688	1
42255	0	1470405	1
42255	0	1601662	1
42255	0	1601667	5
42255	0	1601668	2
42255	0	179531	1
42255	0	179532	3
42255	0	179534	1
42255	0	179535	3
42255	0	182410	2
42255	0	182411	4
42255	0	182412	5
42255	0	2040834	3
42255	0	2229964	4
42255	0	2584026	5
42255	0	2673761	5
42255	0	2673764	5
42255	0	2673765	1
42255	0	2799681	2
42255	0	2799685	1
42255	0	2799687	2
42255	0	2882385	0
42255	0	2882387	1
42255	0	2941420	1
42255	0	3063187	0
42255	0	3063191	4
42255	0	3077466	5
42255	0	3077467	4
42255	0	3077468	2
42255	0	3349781	2
42255	0	3349782	3
42255	0	3349784	3
42255	0	363751	2
42255	0	363752	4
42255	0	3716276	5
42255	0	3716279	5
42255	0	3817242	2
42255	0	3817246	4
42255	0	459262	0
42255	0	461282	0
42255	0	461285	1
42255	0	471838	5
42255	0	499029	2
42255	0	5076181	5
42255	0	5326925	5
42255	0	5326930	1
42255	0	5538135	3
42255	0	5538138	3
42255	0	5656056	1
42255	0	5656058	1
42255	0	5656060	2
42255	0	5783297	4
42255	0	5783300	2
42255	0	5921270	4
42255	0	5997797	2
42255	0	5997799	4
42255	0	6098597	3
42255	0	6098599	5
42255	0	6098600	5
42255	0	6098601	1
42255	0	6120375	4
42255	0	6120376	2
42255	0	6133938	4
42255	0	6157452	0
42255	0	6159641	1
42255	0	6208757	0
42255	0	6261570	5
42255	0	6784918	0
42255	0	6784920	0
42255	0	6784921	1
42255	0	6784924	2
42255	0	6971736	5
42255	0	6971740	5
42255	0	7123386	2
42255	0	732000	2
42255	0	7545797	3
42255	0	7688778	5
42255	0	7688780	0
42255	0	8012296	4
42255	0	8070166	5
42255	0	8286390	2
42255	0	8286391	4
42255	0	8286392	2
42255	0	8328839	2
42255	0	8328843	5
42255	0	8372968	5
42255	0	857475	2
42255	0	857478	4
42255	0	857479	4
42255	0	857481	2
42255	0	8586796	2
42255	0	8720118	2
42255	0	8720119	3
42255	0	8746188	5
42255	0	8746189	5
42255	0	8746190	0
42255	0	8746191	5
42255	0	8746192	2
42255	0	8746194	5
42255	0	8746197	5
42255	0	938661	2
47210	0	1156867	1
47210	0	1560501	2
47210	0	1764823	0
47210	0	2042918	5
47210	0	2042919	0
47210	0	2042920	4
47210	0	2042921	0
47210	0	2042922	3
47210	0	2042923	2
47210	0	2131773	0
47210	0	2338383	3
47210	0	2338385	5
47210	0	2338386	2
47210	0	2545998	5
47210	0	2546001	4
47210	0	2546002	5
47210	0	2546004	2
47210	0	2546005	5
47210	0	2546007	5
47210	0	2566994	2
47210	0	2566998	4
47210	0	2769575	0
47210	0	3107294	5
47210	0	3107295	1
47210	0	3304358	5
47210	0	3304359	5
47210	0	3304361	2
47210	0	3304362	2
47210	0	3757931	5
47210	0	3858013	2
47210	0	4007103	3
47210	0	4007104	5
47210	0	4007105	2
47210	0	4007106	2
47210	0	4007107	3
47210	0	4007109	2
47210	0	4748992	1
47210	0	4748993	0
47210	0	4748994	1
47210	0	4748997	2
47210	0	4766143	1
47210	0	5207323	1
47210	0	5207326	2
47210	0	5207328	5
47210	0	5207329	5
47210	0	5301399	0
47210	0	5301400	0
47210	0	5301402	4
47210	0	5301403	3
47210	0	5301404	5
47210	0	5301406	5
47210	0	5497274	1
47210	0	5497278	2
47210	0	5550873	4
47210	0	5550874	1
47210	0	5642104	5
47210	0	5642107	5
47210	0	5691600	4
47210	0	5698323	2
47210	0	5698326	1
47210	0	5698328	3
47210	0	5736870	1
47210	0	5787609	2
47210	0	5787617	4
47210	0	6168273	4
47210	0	6168275	4
47210	0	6168276	4
47210	0	6168277	3
47210	0	6168279	3
47210	0	6168516	2
47210	0	6168517	2
47210	0	6168519	1
47210	0	6180503	2
47210	0	6180504	5
47210	0	6180505	3
47210	0	6180506	3
47210	0	6180507	2
47210	0	6330615	4
47210	0	6502207	5
47210	0	6502208	5
47210	0	6879333	0
47210	0	6886411	0
47210	0	6990781	2
47210	0	7067451	2
47210	0	7067453	4
47210	0	7367872	5
47210	0	7367873	2
47210	0	7367874	1
47210	0	7509248	4
47210	0	7509249	5
47210	0	7509251	4
47210	0	7509252	5
47210	0	7562282	5
47210	0	8241222	1
47210	0	8261977	1
47210	0	8261978	5
47210	0	8261979	2
47210	0	8339175	1
47210	0	8646329	4
47210	0	8646331	2
555530	0	1114212	1
555530	0	1114213	2
555530	0	1114218	5
555530	0	1409669	0
555530	0	1416941	2
555530	0	1447386	2
555530	0	1536620	5
555530	0	1536621	2
555530	0	1754575	2
555530	0	1754577	5
555530	0	1754578	1
555530	0	1754579	3
555530	0	1754582	4
555530	0	1754584	1
555530	0	1807676	3
555530	0	1897713	2
555530	0	1897716	3
555530	0	1897718	5
555530	0	2217431	5
555530	0	2617021	3
555530	0	275794	0
555530	0	2805520	5
555530	0	2906191	2
555530	0	2906192	2
555530	0	2978164	1
555530	0	2978171	1
555530	0	3339633	3
555530	0	338636	4
555530	0	3473125	5
555530	0	3473131	2
555530	0	3559167	1
555530	0	3559168	1
555530	0	3651807	0
555530	0	3703992	0
555530	0	3717577	4
555530	0	3717578	3
555530	0	3717582	4
555530	0	4071550	4
555530	0	4071881	4
555530	0	4137963	3
555530	0	4137964	2
555530	0	4137965	2
555530	0	4238674	5
555530	0	424014	5
555530	0	4240158	4
555530	0	424021	2
555530	0	448525	2
555530	0	4668014	1
555530	0	474538	5
555530	0	474544	2
555530	0	480988	5
555530	0	5090232	2
555530	0	5090891	5
555530	0	5641154	1
555530	0	5753585	5
555530	0	5846397	5
555530	0	5846399	2
555530	0	5846405	5
555530	0	5959543	1
555530	0	5959544	4
555530	0	6017929	0
555530	0	6078221	5
555530	0	6078223	2
555530	0	6078228	5
555530	0	6168650	1
555530	0	6221470	5
555530	0	6225332	4
555530	0	6434718	4
555530	0	6434719	1
555530	0	6449364	5
555530	0	6450951	5
555530	0	6450953	3
555530	0	6485976	2
555530	0	668364	0
555530	0	668366	0
555530	0	6913116	4
555530	0	6936082	5
555530	0	6990474	4
555530	0	7154973	1
555530	0	7179784	5
555530	0	7179789	5
555530	0	7179791	5
555530	0	7232504	3
555530	0	7232505	1
555530	0	7339147	4
555530	0	7349580	4
555530	0	7419503	2
555530	0	7475084	5
555530	0	7606337	4
555530	0	7606341	2
555530	0	7675309	0
555530	0	7766457	2
555530	0	7766465	2
555530	0	8097532	0
555530	0	8398334	2
555530	0	8461277	2
555530	0	8637526	2
555530	0	8801020	3
555530	0	910809	1
555530	0	976267	0
583468	0	119352	5
583468	0	119353	1
583468	0	119354	5
583468	0	119358	4
583468	0	119359	2
583468	0	1546128	5
583468	0	1546134	3
583468	0	1675561	3
583468	0	1675562	5
583468	0	1675563	1
583468	0	1675564	5
583468	0	1675566	5
583468	0	1675568	0
583468	0	2080306	2
583468	0	2080313	2
583468	0	2267047	1
583468	0	2267048	5
583468	0	2267049	4
583468	0	2267050	2
583468	0	2267051	4
583468	0	2267052	4
583468	0	2267054	5
583468	0	2267055	2
583468	0	3466605	2
583468	0	3466607	4
583468	0	3466609	2
583468	0	3466610	2
583468	0	3929226	0
583468	0	4118564	0
583468	0	424310	2
583468	0	5581453	0
583468	0	5623829	1
583468	0	5623832	0
583468	0	5623837	0
583468	0	5623838	1
583468	0	5747978	2
583468	0	5747984	2
583468	0	6286920	4
583468	0	6286922	4
583468	0	6286923	3
583468	0	6286925	5
583468	0	6578660	2
583468	0	6654304	2
583468	0	6654305	2
583468	0	6654306	1
583468	0	6654310	2
583468	0	7203294	0
583468	0	7450717	5
583468	0	7450718	5
583468	0	7450719	3
583468	0	7450722	0
583468	0	7450725	4
583468	0	7465954	1
583468	0	7465955	5
583468	0	7465956	2
583468	0	7465957	1
583468	0	7465959	0
583468	0	7491697	5
583468	0	7491698	5
583468	0	7491699	3
583468	0	7491700	5
583468	0	7491701	5
583468	0	7491702	2
583468	0	7491704	5
583468	0	7491705	5
583468	0	7706119	5
583468	0	7706120	3
583468	0	7706121	0
583468	0	7706122	5
583468	0	7706123	1
583468	0	7744346	4
583468	0	7744347	4
583468	0	7744348	4
583468	0	7744349	4
583468	0	7744350	5
583468	0	7744351	5
583468	0	8144444	2
583468	0	8144445	3
583468	0	8144446	2
583468	0	8144447	2
583468	0	8144448	2
583468	0	8144450	1
583468	0	8144451	4
583468	0	8326076	1
583468	0	8326077	3
583468	0	8326078	2
583468	0	8326080	5
583468	0	8395838	1
583468	0	8395839	2
583468	0	8395840	5
583468	0	8395841	2
583468	0	8395842	1
583468	0	8395843	3
583468	0	8395844	1
583468	0	8395845	2
583468	0	914662	4
583468	0	914665	3
583468	0	914666	4
583468	0	914667	1
583468	0	914668	5
640502	0	1034851	4
640502	0	1091795	5
640502	0	1186738	5
640502	0	1226398	2
640502	0	1226400	3
640502	0	1226403	2
640502	0	1449254	3
640502	0	1754997	5
640502	0	1775681	2
640502	0	1775688	3
640502	0	1775690	1
640502	0	1775697	5
640502	0	1854584	1
640502	0	1854588	5
640502	0	1861071	2
640502	0	1861076	2
640502	0	1957246	0
640502	0	1957247	5
640502	0	1957252	5
640502	0	2096762	3
640502	0	2096764	2
640502	0	2146068	5
640502	0	2442847	4
640502	0	2445381	4
640502	0	2526910	2
640502	0	2701130	3
640502	0	275138	1
640502	0	2808576	2
640502	0	297619	5
640502	0	300924	2
640502	0	3242632	2
640502	0	3242633	2
640502	0	3263512	2
640502	0	3263515	2
640502	0	3263516	2
640502	0	3282190	1
640502	0	3282193	2
640502	0	3423600	4
640502	0	3432051	0
640502	0	3483496	1
640502	0	3551380	2
640502	0	3554994	4
640502	0	3580218	1
640502	0	3580219	1
640502	0	3580224	1
640502	0	3992434	5
640502	0	4088606	5
640502	0	409320	4
640502	0	4132983	5
640502	0	418507	2
640502	0	418508	5
640502	0	4261742	5
640502	0	4778464	5
640502	0	4814628	0
640502	0	4888711	2
640502	0	4888716	0
640502	0	4998514	4
640502	0	5073872	3
640502	0	5150990	5
640502	0	5468145	2
640502	0	5539487	5
640502	0	5641149	5
640502	0	5827713	0
640502	0	5903335	2
640502	0	598202	4
640502	0	598204	4
640502	0	6107937	1
640502	0	6146400	4
640502	0	6497380	3
640502	0	6497387	1
640502	0	6497388	2
640502	0	6679958	5
640502	0	6702955	4
640502	0	6730883	3
640502	0	6730884	4
640502	0	6730885	1
640502	0	6730886	2
640502	0	6730887	5
640502	0	683499	0
640502	0	6985038	4
640502	0	7000432	2
640502	0	7109037	5
640502	0	7160372	2
640502	0	7456406	5
640502	0	7527423	2
640502	0	7539728	0
640502	0	7540167	5
640502	0	7626908	1
640502	0	7849742	1
640502	0	8178630	3
640502	0	8405337	0
640502	0	8412227	5
640502	0	8412229	5
640502	0	8451474	4
640502	0	8462353	4
640502	0	8530024	0
640502	0	8612389	3
640502	0	8659176	0
640502	0	895832	1
640502	0	941128	1
67316	0	1218759	2
67316	0	1325092	2
67316	0	1401789	5
67316	0	1408563	1
67316	0	1408570	1
67316	0	1877892	0
67316	0	1887017	2
67316	0	1974375	4
67316	0	209702	5
67316	0	209704	5
67316	0	209706	5
67316	0	2254163	0
67316	0	2268657	5
67316	0	2292554	1
67316	0	2365991	2
67316	0	2365997	2
67316	0	2550864	1
67316	0	2697961	0
67316	0	2930654	4
67316	0	2930655	5
67316	0	2930660	5
67316	0	2930661	5
67316	0	3042632	0
67316	0	308680	3
67316	0	308681	2
67316	0	3224557	0
67316	0	3250707	4
67316	0	3252049	1
67316	0	3393479	5
67316	0	3481250	1
67316	0	3557361	2
67316	0	3638861	3
67316	0	3679358	3
67316	0	3942287	5
67316	0	4163705	2
67316	0	4180169	2
67316	0	4360613	2
67316	0	44013	4
67316	0	44015	4
67316	0	4437598	2
67316	0	4437599	1
67316	0	4654271	1
67316	0	4789318	5
67316	0	4789322	5
67316	0	479887	1
67316	0	479894	2
67316	0	4890192	1
67316	0	4890195	0
67316	0	5029988	3
67316	0	5230287	2
67316	0	5252008	2
67316	0	5252012	4
67316	0	529227	3
67316	0	5695909	2
67316	0	5756237	3
67316	0	6091469	2
67316	0	6221796	0
67316	0	6281477	0
67316	0	6387611	5
67316	0	6422015	1
67316	0	6507744	3
67316	0	6509337	2
67316	0	6607539	1
67316	0	6607540	4
67316	0	6607541	4
67316	0	6607542	4
67316	0	6607546	2
67316	0	6680964	5
67316	0	6680965	4
67316	0	6680966	5
67316	0	6680967	3
67316	0	6680968	2
67316	0	6764671	2
67316	0	6764674	2
67316	0	6905735	2
67316	0	6926001	3
67316	0	699797	3
67316	0	7051373	1
67316	0	708462	2
67316	0	7114279	5
67316	0	720065	2
67316	0	7348851	5
67316	0	7397551	1
67316	0	7418431	5
67316	0	7418432	5
67316	0	7418437	5
67316	0	7418438	5
67316	0	7519026	0
67316	0	7559407	4
67316	0	800359	5
67316	0	8003840	4
67316	0	8174900	0
67316	0	8200130	4
67316	0	8246599	1
67316	0	8308297	5
67316	0	8312258	5
67316	0	8312265	5
67316	0	8377582	4
67316	0	8534317	2
67316	0	8821911	4
673670	0	1282792	5
673670	0	1282794	5
673670	0	1342539	2
673670	0	1403193	5
673670	0	1454199	2
673670	0	1511459	5
673670	0	1531310	2
673670	0	1558777	1
673670	0	1705886	4
673670	0	1832686	2
673670	0	1875851	0
673670	0	1875855	0
673670	0	1875858	3
673670	0	1954736	3
673670	0	1954745	4
673670	0	2003791	2
673670	0	2240350	3
673670	0	2240354	5
673670	0	2240356	5
673670	0	2240357	2
673670	0	2269043	1
673670	0	2445197	0
673670	0	2445198	0
673670	0	2478998	3
673670	0	2479000	4
673670	0	2601904	5
673670	0	3154039	1
673670	0	3154040	1
673670	0	3253291	4
673670	0	3296853	5
673670	0	3345263	4
673670	0	3345266	4
673670	0	334627	1
673670	0	3423310	0
673670	0	3491798	0
673670	0	3550031	5
673670	0	3592286	5
673670	0	3607495	4
673670	0	3607497	3
673670	0	3607500	5
673670	0	387909	3
673670	0	4013566	5
673670	0	4013569	3
673670	0	4013572	5
673670	0	4131485	4
673670	0	4333481	2
673670	0	4867206	2
673670	0	5254909	1
673670	0	5254912	0
673670	0	5998205	2
673670	0	6011549	2
673670	0	6011551	1
673670	0	6011554	2
673670	0	6084748	1
673670	0	6616754	2
673670	0	6616755	2
673670	0	6616758	4
673670	0	6842557	2
673670	0	6842558	2
673670	0	6989198	5
673670	0	7017048	2
673670	0	7017054	2
673670	0	7182356	0
673670	0	7182359	2
673670	0	7182361	2
673670	0	7257304	5
673670	0	7257305	2
673670	0	7257306	4
673670	0	73554	1
673670	0	7412700	1
673670	0	7465166	2
673670	0	7567397	1
673670	0	7587952	4
673670	0	761712	5
673670	0	7840018	5
673670	0	7961418	1
673670	0	800861	3
673670	0	8093987	0
673670	0	8105731	1
673670	0	8105860	0
673670	0	8105864	2
673670	0	8238864	1
673670	0	824934	5
673670	0	8495250	5
673670	0	8524263	5
673670	0	8524270	2
673670	0	8632357	4
673670	0	8632359	5
673670	0	8632360	5
673670	0	8632362	5
673670	0	8632363	3
673670	0	8632364	5
673670	0	8632365	2
673670	0	867197	4
673670	0	8735643	5
673670	0	8757348	4
673670	0	8773078	4
673670	0	8773081	3
673670	0	909035	2
673670	0	909044	1
701453	0	100342	1
701453	0	1125916	3
701453	0	1389025	4
701453	0	1394243	2
701453	0	1503748	1
701453	0	1667623	2
701453	0	1699264	2
701453	0	1813606	1
701453	0	1926979	2
701453	0	1926980	2
701453	0	1926984	2
701453	0	2017215	2
701453	0	2036076	5
701453	0	2163064	2
701453	0	2163068	1
701453	0	2610149	4
701453	0	2610155	4
701453	0	265736	0
701453	0	265737	1
701453	0	265738	1
701453	0	265741	2
701453	0	265743	1
701453	0	280117	0
701453	0	280119	4
701453	0	3097694	3
701453	0	3182033	0
701453	0	3394978	2
701453	0	3783935	2
701453	0	388378	0
701453	0	388381	1
701453	0	388384	2
701453	0	4027002	3
701453	0	406423	2
701453	0	406424	0
701453	0	410016	2
701453	0	4330671	5
701453	0	4330672	5
701453	0	4330673	5
701453	0	4330675	5
701453	0	4330676	5
701453	0	4330677	5
701453	0	4330679	5
701453	0	4330680	5
701453	0	4355643	5
701453	0	4355645	5
701453	0	4355647	5
701453	0	4355649	5
701453	0	4355652	5
701453	0	4440685	3
701453	0	4748213	2
701453	0	4748219	2
701453	0	4832975	4
701453	0	5008056	5
701453	0	5521743	3
701453	0	5574758	3
701453	0	5732822	0
701453	0	5732823	4
701453	0	5923931	1
701453	0	5923935	3
701453	0	5923938	2
701453	0	5923939	3
701453	0	606130	4
701453	0	6229727	1
701453	0	6229728	1
701453	0	6289231	3
701453	0	6709811	4
701453	0	685120	0
701453	0	685121	1
701453	0	688613	2
701453	0	688614	5
701453	0	688615	5
701453	0	688618	5
701453	0	6927982	1
701453	0	6927983	0
701453	0	6927984	2
701453	0	6999084	0
701453	0	6999087	1
701453	0	6999089	4
701453	0	6999090	0
701453	0	6999093	2
701453	0	7141807	2
701453	0	7259848	5
701453	0	7333087	3
701453	0	7428827	2
701453	0	7428830	2
701453	0	7494104	4
701453	0	7806569	5
701453	0	781518	5
701453	0	8402346	5
701453	0	8402350	5
701453	0	8564501	2
701453	0	8564503	1
701453	0	8626140	5
701453	0	8626142	5
701453	0	8626143	4
701453	0	8626145	4
701453	0	8634865	4
701453	0	8694414	4
701453	0	8775158	4
701453	0	928339	2
730539	0	1105515	2
730539	0	1105520	2
730539	0	12804	2
730539	0	1625665	5
730539	0	1625667	5
730539	0	1625670	4
730539	0	1625673	2
730539	0	1625674	3
730539	0	1965747	2
730539	0	2147968	4
730539	0	239231	5
730539	0	2574019	2
730539	0	2574020	4
730539	0	2666436	5
730539	0	2666437	4
730539	0	2666438	4
730539	0	2666443	5
730539	0	2666444	5
730539	0	2925721	1
730539	0	3303728	3
730539	0	3303730	5
730539	0	3320012	5
730539	0	3383670	2
730539	0	3383673	2
730539	0	3476824	5
730539	0	3481301	0
730539	0	3699059	2
730539	0	3699066	3
730539	0	3867115	2
730539	0	3867117	1
730539	0	3867118	3
730539	0	3867121	0
730539	0	3870063	2
730539	0	402967	1
730539	0	402968	1
730539	0	402972	2
730539	0	437274	4
730539	0	437275	4
730539	0	437276	5
730539	0	437283	1
730539	0	4400410	3
730539	0	4400412	2
730539	0	4501513	3
730539	0	4539973	2
730539	0	4539974	5
730539	0	4539978	4
730539	0	4568476	3
730539	0	4605022	5
730539	0	4716876	2
730539	0	4716877	0
730539	0	4726812	2
730539	0	4870095	3
730539	0	4870096	5
730539	0	5015482	5
730539	0	5201655	2
730539	0	5201657	2
730539	0	5402962	1
730539	0	5428552	5
730539	0	5452882	5
730539	0	5452883	1
730539	0	5452884	4
730539	0	5460046	0
730539	0	6105418	0
730539	0	6211808	1
730539	0	6211809	2
730539	0	6211810	1
730539	0	6211811	0
730539	0	6211814	1
730539	0	6844905	2
730539	0	6844909	0
730539	0	6844910	2
730539	0	6844914	1
730539	0	6888514	2
730539	0	691044	0
730539	0	7129068	1
730539	0	7463749	1
730539	0	7916064	5
730539	0	7941091	3
730539	0	8045257	1
730539	0	8160473	0
730539	0	8276217	4
730539	0	8276218	5
730539	0	8276219	5
730539	0	8276221	5
730539	0	8276222	4
730539	0	8276223	3
730539	0	8276225	4
730539	0	8327957	5
730539	0	8413907	1
730539	0	8413912	2
730539	0	8413914	4
730539	0	8505684	0
730539	0	8577877	5
730539	0	8577878	5
730539	0	8577879	5
730539	0	8577880	5
730539	0	8577882	4
730539	0	8709724	2
730539	0	8794225	4
730539	0	8794229	2
768208	0	1022765	2
768208	0	1071995	1
768208	0	1129207	3
768208	0	138103	4
768208	0	1438239	1
768208	0	1458052	1
768208	0	1529971	1
768208	0	1542618	2
768208	0	1759527	3
768208	0	2149240	1
768208	0	2149245	2
768208	0	2201541	2
768208	0	240434	4
768208	0	240435	5
768208	0	240436	5
768208	0	240439	2
768208	0	240441	5
768208	0	2446637	3
768208	0	2599956	2
768208	0	2666879	3
768208	0	2741691	0
768208	0	2741692	1
768208	0	2968696	2
768208	0	2988811	2
768208	0	3171396	4
768208	0	3171399	2
768208	0	3184514	5
768208	0	3267287	1
768208	0	3413844	2
768208	0	3413846	2
768208	0	3515882	5
768208	0	3515884	5
768208	0	3549177	4
768208	0	3624631	2
768208	0	3624635	5
768208	0	3709208	4
768208	0	3710761	4
768208	0	3710762	5
768208	0	3710763	2
768208	0	3710766	2
768208	0	3763456	2
768208	0	3856825	4
768208	0	3856827	5
768208	0	3856832	3
768208	0	4047417	4
768208	0	4193544	1
768208	0	4213915	2
768208	0	4291279	1
768208	0	433614	3
768208	0	4531215	0
768208	0	4531216	0
768208	0	4531220	0
768208	0	4564553	3
768208	0	4599613	2
768208	0	4637743	2
768208	0	4637749	1
768208	0	4687976	4
768208	0	4714624	3
768208	0	4815333	2
768208	0	4833662	5
768208	0	5177591	1
768208	0	52154	5
768208	0	52155	5
768208	0	52157	5
768208	0	52158	5
768208	0	52159	5
768208	0	52160	5
768208	0	52161	5
768208	0	52162	5
768208	0	52163	5
768208	0	5228428	2
768208	0	5260117	1
768208	0	5260119	4
768208	0	5309145	3
768208	0	5353430	0
768208	0	5630685	0
768208	0	5756345	4
768208	0	5756348	2
768208	0	6060116	1
768208	0	6190433	4
768208	0	6236571	0
768208	0	6236576	1
768208	0	6288576	3
768208	0	6409417	0
768208	0	6450936	4
768208	0	6569320	5
768208	0	6569321	4
768208	0	6569322	2
768208	0	6730055	5
768208	0	6763014	2
768208	0	682714	2
768208	0	6846418	2
768208	0	6944794	4
768208	0	7942501	0
768208	0	813102	5
768208	0	8222548	1
768208	0	8525681	5
768208	0	8525683	5
768208	0	8550526	0
768208	0	8670315	5
877809	0	1030811	2
877809	0	1030813	4
877809	0	1030818	2
877809	0	1050327	5
877809	0	1208595	3
877809	0	1208598	2
877809	0	1335170	5
877809	0	1420115	3
877809	0	1550610	5
877809	0	1550611	3
877809	0	1550612	4
877809	0	1550613	5
877809	0	1550616	3
877809	0	1550619	2
877809	0	1821652	2
877809	0	1830189	3
877809	0	1856108	1
877809	0	1939815	2
877809	0	1939819	0
877809	0	2213765	5
877809	0	2515032	5
877809	0	2515036	5
877809	0	2781468	4
877809	0	3248714	2
877809	0	3248719	0
877809	0	3328098	4
877809	0	3328099	2
877809	0	3328100	5
877809	0	3328103	2
877809	0	35106	5
877809	0	35107	5
877809	0	35108	3
877809	0	35109	2
877809	0	35110	4
877809	0	35111	5
877809	0	35112	2
877809	0	35113	5
877809	0	35114	4
877809	0	35115	4
877809	0	3553710	0
877809	0	379134	2
877809	0	3879161	4
877809	0	3879167	4
877809	0	3914626	1
877809	0	3914629	0
877809	0	3982282	0
877809	0	4402455	5
877809	0	4534156	5
877809	0	4534157	1
877809	0	4534158	0
877809	0	4534161	1
877809	0	4635482	4
877809	0	4879503	2
877809	0	4888926	5
877809	0	4888929	5
877809	0	4888931	0
877809	0	4888932	5
877809	0	5037393	1
877809	0	5092506	2
877809	0	5092507	1
877809	0	51732	0
877809	0	5341527	1
877809	0	5411988	0
877809	0	5695320	3
877809	0	5697591	2
877809	0	5758391	2
877809	0	5758393	2
877809	0	5758394	2
877809	0	5758395	2
877809	0	5758396	2
877809	0	5758399	3
877809	0	5850349	5
877809	0	5940393	4
877809	0	5940394	4
877809	0	6021521	2
877809	0	6021523	1
877809	0	6021528	1
877809	0	6269999	4
877809	0	6306988	5
877809	0	658471	2
877809	0	6680909	5
877809	0	6704838	4
877809	0	6704845	1
877809	0	6942008	1
877809	0	7040017	4
877809	0	7050366	5
877809	0	7346771	3
877809	0	7380092	2
877809	0	7380100	3
877809	0	7714171	2
877809	0	788181	5
877809	0	7906970	5
877809	0	7952694	5
877809	0	8156089	1
877809	0	8165590	2
877809	0	8290072	0
877809	0	8517491	1
877809	0	8578390	1
877809	0	8659718	5
877809	0	8703650	1
911232	0	1035664	2
911232	0	1307489	3
911232	0	1331445	2
911232	0	1354932	4
911232	0	1772634	3
911232	0	1879470	5
911232	0	1879471	5
911232	0	1879472	5
911232	0	1879474	4
911232	0	1879475	5
911232	0	2072150	1
911232	0	2151657	1
911232	0	2219822	3
911232	0	2260823	0
911232	0	2296894	2
911232	0	258825	2
911232	0	258832	1
911232	0	2655221	1
911232	0	2856885	2
911232	0	2861555	2
911232	0	2878331	4
911232	0	2920891	2
911232	0	2923649	2
911232	0	2999924	5
911232	0	2999925	5
911232	0	2999927	5
911232	0	2999928	4
911232	0	2999929	5
911232	0	2999930	5
911232	0	2999932	4
911232	0	2999933	5
911232	0	3036446	1
911232	0	3143225	4
911232	0	3321151	4
911232	0	3336133	1
911232	0	3450009	0
911232	0	3450010	0
911232	0	3450011	1
911232	0	3450014	0
911232	0	3599952	1
911232	0	3646938	1
911232	0	3697394	3
911232	0	3890812	2
911232	0	4100712	1
911232	0	4163779	0
911232	0	4182458	2
911232	0	4204231	1
911232	0	4238478	2
911232	0	4238479	4
911232	0	4295271	3
911232	0	4446820	0
911232	0	4657020	3
911232	0	4967291	5
911232	0	4967294	5
911232	0	4967296	4
911232	0	4967298	4
911232	0	4967299	5
911232	0	5013056	4
911232	0	5175765	2
911232	0	6069293	1
911232	0	6069297	2
911232	0	6407778	2
911232	0	6430847	2
911232	0	6665302	2
911232	0	6732189	2
911232	0	6863348	5
911232	0	68773	3
911232	0	6928649	5
911232	0	6928653	5
911232	0	6928655	5
911232	0	7279109	0
911232	0	7288278	0
911232	0	7391487	1
911232	0	7408380	3
911232	0	7436234	3
911232	0	7504623	2
911232	0	7630990	3
911232	0	7715384	0
911232	0	7726720	2
911232	0	7783893	5
911232	0	7910530	2
911232	0	7953925	5
911232	0	7958779	2
911232	0	8027887	2
911232	0	8198321	4
911232	0	8228297	2
911232	0	8484172	2
911232	0	8484177	1
911232	0	8534943	5
911232	0	8572788	2
911232	0	8633435	0
911232	0	8668083	4
911232	0	8757785	1
911232	0	8816617	5
911232	0	8816618	5
911232	0	8816620	5
911232	0	8816621	4
911232	0	8816622	5
911232	0	8816625	4
911232	0	8816626	5
914916	0	1027218	2
914916	0	1183902	2
914916	0	1183903	5
914916	0	1183904	5
914916	0	1183905	2
914916	0	1183908	2
914916	0	1362718	1
914916	0	1444921	1
914916	0	1501494	2
914916	0	1545740	5
914916	0	1545741	2
914916	0	1545742	3
914916	0	1545743	0
914916	0	1593795	1
914916	0	1701421	1
914916	0	1918908	0
914916	0	2020133	4
914916	0	2020137	3
914916	0	2338697	0
914916	0	2463787	4
914916	0	2693900	0
914916	0	2754113	3
914916	0	2989234	5
914916	0	2989239	4
914916	0	3000228	2
914916	0	3057739	4
914916	0	3170839	2
914916	0	3170857	5
914916	0	3253278	5
914916	0	3253279	5
914916	0	3375845	3
914916	0	352992	4
914916	0	3530681	2
914916	0	3530685	2
914916	0	3535610	1
914916	0	3594677	2
914916	0	3722758	0
914916	0	3763841	5
914916	0	3949623	0
914916	0	4023897	0
914916	0	4425458	0
914916	0	4482574	0
914916	0	4482575	1
914916	0	4482576	0
914916	0	4571857	2
914916	0	4840522	4
914916	0	4840523	2
914916	0	4854255	5
914916	0	4884201	4
914916	0	4955073	5
914916	0	5039691	2
914916	0	5061651	1
914916	0	5122808	2
914916	0	5284607	2
914916	0	5363819	2
914916	0	5363820	2
914916	0	5363821	4
914916	0	5380647	4
914916	0	5380648	4
914916	0	5380650	5
914916	0	5681257	4
914916	0	5681262	4
914916	0	5730352	3
914916	0	5730355	5
914916	0	5730356	5
914916	0	5730357	5
914916	0	5784911	1
914916	0	585413	3
914916	0	5945849	3
914916	0	6282187	2
914916	0	6613406	1
914916	0	6613409	2
914916	0	6613410	1
914916	0	6818272	5
914916	0	6947198	1
914916	0	7081901	3
914916	0	7081903	1
914916	0	7240123	5
914916	0	7240126	1
914916	0	7407146	2
914916	0	7747312	1
914916	0	7747316	3
914916	0	7747317	2
914916	0	7798476	4
914916	0	7798478	5
914916	0	7798479	5
914916	0	7798480	5
914916	0	8027657	1
914916	0	8212446	4
914916	0	8404588	5
914916	0	8481900	3
914916	0	8563840	4
914916	0	8689503	5
914916	0	8772516	5
914916	0	8772517	5
914916	0	8772518	5
914916	0	8772520	5
914916	0	8772521	2
914916	0	8772525	2
914916	0	920037	2
938400	0	1246779	4
938400	0	1571994	3
938400	0	1842931	2
938400	0	1983233	0
938400	0	2009152	1
938400	0	2009157	3
938400	0	2484350	2
938400	0	2532047	4
938400	0	2532049	5
938400	0	2532053	2
938400	0	2532054	2
938400	0	2709065	1
938400	0	2709066	1
938400	0	2709068	2
938400	0	2870509	4
938400	0	2870513	1
938400	0	2870514	5
938400	0	2887524	0
938400	0	2887528	0
938400	0	294548	1
938400	0	294551	0
938400	0	2958099	2
938400	0	2958100	4
938400	0	2958103	2
938400	0	2958104	1
938400	0	2958107	5
938400	0	2958108	0
938400	0	2962204	2
938400	0	2962206	2
938400	0	2962208	5
938400	0	2962209	5
938400	0	3074065	1
938400	0	3074956	2
938400	0	3088746	5
938400	0	3088747	5
938400	0	3088748	5
938400	0	3088750	1
938400	0	3088751	3
938400	0	3088752	2
938400	0	3088753	4
938400	0	3088754	3
938400	0	3088755	4
938400	0	3353757	4
938400	0	3353758	5
938400	0	3353759	4
938400	0	3353761	5
938400	0	3353762	5
938400	0	3353763	5
938400	0	3820289	5
938400	0	3820293	4
938400	0	3872763	1
938400	0	3914689	2
938400	0	4207807	5
938400	0	4611417	1
938400	0	47281	5
938400	0	47282	4
938400	0	47283	4
938400	0	47287	3
938400	0	47289	4
938400	0	47290	5
938400	0	492658	2
938400	0	4956057	5
938400	0	4956060	2
938400	0	4956064	5
938400	0	4956065	4
938400	0	5061328	3
938400	0	5154745	2
938400	0	5154746	1
938400	0	5154750	2
938400	0	5418290	0
938400	0	5833738	3
938400	0	5833739	2
938400	0	6088913	1
938400	0	6088914	4
938400	0	6499448	2
938400	0	6769078	2
938400	0	7004406	5
938400	0	7004409	2
938400	0	7004412	0
938400	0	7239122	2
938400	0	7239123	1
938400	0	7239126	3
938400	0	7239127	3
938400	0	7239128	0
938400	0	7313619	3
938400	0	7313620	5
938400	0	7313621	5
938400	0	7313622	2
938400	0	7313624	5
938400	0	7313626	5
938400	0	7396872	0
938400	0	7528255	1
938400	0	7591482	0
938400	0	790225	4
938400	0	790226	2
938400	0	8309430	5
938400	0	8309435	1
938400	0	8309436	5
938400	0	8678068	2
938400	0	8678070	2
940547	0	1335718	3
940547	0	1383750	2
940547	0	1493024	5
940547	0	2231654	0
940547	0	2425540	0
940547	0	2613393	4
940547	0	2667345	3
940547	0	2667347	2
940547	0	2667350	2
940547	0	2667353	3
940547	0	2699754	2
940547	0	2729630	5
940547	0	2814756	5
940547	0	3167333	1
940547	0	3443058	0
940547	0	3558980	0
940547	0	3624263	5
940547	0	3663067	2
940547	0	3706454	2
940547	0	3706456	5
940547	0	3706457	2
940547	0	3899964	2
940547	0	4242488	0
940547	0	4664997	5
940547	0	4664999	1
940547	0	4665000	4
940547	0	4665002	0
940547	0	4696636	4
940547	0	4696637	1
940547	0	4696640	2
940547	0	4696641	1
940547	0	4715069	0
940547	0	4787647	1
940547	0	4800886	2
940547	0	4800890	5
940547	0	4800891	1
940547	0	506000	5
940547	0	506006	3
940547	0	5072883	0
940547	0	5096774	2
940547	0	5118370	4
940547	0	5118372	1
940547	0	5118373	5
940547	0	5118376	5
940547	0	5118377	5
940547	0	5118378	5
940547	0	5270011	1
940547	0	5270019	2
940547	0	5300651	5
940547	0	5300654	5
940547	0	5368337	3
940547	0	5578993	3
940547	0	5831702	2
940547	0	5831703	3
940547	0	5831704	2
940547	0	5831706	2
940547	0	5831707	5
940547	0	5831708	5
940547	0	5831709	1
940547	0	5831711	4
940547	0	61062	4
940547	0	61065	4
940547	0	61068	5
940547	0	61070	2
940547	0	61071	5
940547	0	6285918	4
940547	0	6782540	1
940547	0	6782541	3
940547	0	6782542	2
940547	0	6782543	3
940547	0	6948118	3
940547	0	6980862	0
940547	0	7259153	2
940547	0	7259157	5
940547	0	7280582	2
940547	0	7280584	2
940547	0	7280585	1
940547	0	7282174	5
940547	0	7282176	4
940547	0	7282177	1
940547	0	7282178	1
940547	0	7678629	2
940547	0	7951561	5
940547	0	8082227	2
940547	0	8219050	2
940547	0	8219052	2
940547	0	8219054	1
940547	0	8219244	4
940547	0	8219246	4
940547	0	8219248	5
940547	0	8219249	2
940547	0	837714	5
940547	0	870275	1
940547	0	870279	4
940547	0	8730308	0
940547	0	8772073	4
940547	0	8772074	4
940547	0	8772075	4
940547	0	964766	5
940547	0	964772	5
997622	0	1664196	2
997622	0	1664199	2
997622	0	18622	0
997622	0	18624	2
997622	0	18627	4
997622	0	2182275	4
997622	0	2388756	0
997622	0	2598764	2
997622	0	2684410	1
997622	0	2684411	1
997622	0	2684414	5
997622	0	2691445	2
997622	0	2691447	3
997622	0	2699953	1
997622	0	2699957	0
997622	0	2699958	2
997622	0	2994494	0
997622	0	3369596	3
997622	0	3369599	2
997622	0	3409798	3
997622	0	3409799	1
997622	0	3409801	1
997622	0	3604705	2
997622	0	3604710	5
997622	0	3604711	5
997622	0	3767361	1
997622	0	3767365	0
997622	0	3767367	1
997622	0	3913144	1
997622	0	406412	4
997622	0	406413	3
997622	0	406414	2
997622	0	406418	5
997622	0	406419	2
997622	0	4185211	2
997622	0	4207705	2
997622	0	4317196	1
997622	0	4317202	3
997622	0	4317203	4
997622	0	4421158	2
997622	0	4421160	4
997622	0	4518217	4
997622	0	4518222	5
997622	0	4543861	5
997622	0	4543865	5
997622	0	4543867	5
997622	0	4543869	5
997622	0	4596839	5
997622	0	4643388	5
997622	0	4643389	5
997622	0	4643391	0
997622	0	4643392	5
997622	0	4643394	5
997622	0	4643397	5
997622	0	4700298	4
997622	0	4700299	4
997622	0	4723212	3
997622	0	4723214	1
997622	0	4723215	5
997622	0	4734740	3
997622	0	4734743	5
997622	0	4734747	1
997622	0	5084953	1
997622	0	5084956	2
997622	0	5111440	2
997622	0	5111444	1
997622	0	5172000	4
997622	0	5389321	3
997622	0	5389322	3
997622	0	5430570	2
997622	0	5694846	4
997622	0	5719834	3
997622	0	59867	2
997622	0	59868	1
997622	0	59869	2
997622	0	59871	4
997622	0	59874	0
997622	0	6501162	2
997622	0	6501163	2
997622	0	650167	2
997622	0	6568903	4
997622	0	72291	5
997622	0	72292	2
997622	0	72293	4
997622	0	73460	5
997622	0	73462	5
997622	0	73463	0
997622	0	73464	2
997622	0	73465	5
997622	0	73466	0
997622	0	7965342	0
997622	0	8533348	5
997622	0	8684994	2
997622	0	8684996	5
997622	0	8782267	1
997622	0	8782272	2
997622	0	8813537	5
997622	0	941632	5
997622	0	941634	4
997622	0	972448	4
