1030303	0	1292819	0
1030303	0	1292821	1
1030303	0	1292822	0
1030303	0	1292823	1
1030303	0	1305520	1
1030303	0	1305521	1
1030303	0	1305528	0
1030303	0	1451846	0
1030303	0	1451848	1
1030303	0	1492373	1
1030303	0	176183	1
1030303	0	1815707	1
1030303	0	1905988	1
1030303	0	2001450	1
1030303	0	2444312	1
1030303	0	2488127	1
1030303	0	2563261	0
1030303	0	2563265	0
1030303	0	2563266	0
1030303	0	2563269	1
1030303	0	2597061	0
1030303	0	2615250	1
1030303	0	2620119	0
1030303	0	2699093	1
1030303	0	2699097	0
1030303	0	2782702	0
1030303	0	309441	0
1030303	0	3185530	1
1030303	0	3234728	1
1030303	0	3290826	1
1030303	0	3302249	1
1030303	0	3302251	1
1030303	0	3302252	1
1030303	0	3302254	0
1030303	0	3302255	1
1030303	0	3302257	1
1030303	0	3302258	1
1030303	0	3327029	1
1030303	0	3340457	0
1030303	0	336399	1
1030303	0	3738183	1
1030303	0	3784253	0
1030303	0	4130105	0
1030303	0	4179453	1
1030303	0	4358004	1
1030303	0	4567726	0
1030303	0	4658938	1
1030303	0	4760232	1
1030303	0	4846462	0
1030303	0	4930087	1
1030303	0	4966548	1
1030303	0	5086539	0
1030303	0	5120735	1
1030303	0	5156631	1
1030303	0	5285789	0
1030303	0	5391149	1
1030303	0	5681379	0
1030303	0	5681381	0
1030303	0	5824363	0
1030303	0	5929352	0
1030303	0	6054027	0
1030303	0	6108837	1
1030303	0	6222298	0
1030303	0	6271629	1
1030303	0	6764572	1
1030303	0	6939422	1
1030303	0	6939423	1
1030303	0	6939426	1
1030303	0	6939428	1
1030303	0	6939430	1
1030303	0	6989780	0
1030303	0	705402	0
1030303	0	7156982	1
1030303	0	7168316	1
1030303	0	7168317	1
1030303	0	7168318	0
1030303	0	7168323	0
1030303	0	7168325	0
1030303	0	7284047	0
1030303	0	7284048	0
1030303	0	7284050	0
1030303	0	7284052	1
1030303	0	7284053	0
1030303	0	7508058	1
1030303	0	7616223	0
1030303	0	7970461	0
1030303	0	8126314	0
1030303	0	8230659	0
1030303	0	8441139	1
1030303	0	848943	0
1030303	0	8683568	1
1030303	0	8726429	1
1030303	0	8726430	1
1030303	0	8726432	0
1030303	0	8726433	1
1030303	0	8726434	1
1030303	0	8726435	1
1030303	0	8726436	1
1030303	0	8726437	1
1030303	0	8777713	0
1037496	0	1214193	0
1037496	0	1297032	0
1037496	0	1481537	0
1037496	0	1812968	0
1037496	0	1896330	0
1037496	0	197695	0
1037496	0	2124626	0
1037496	0	2221971	0
1037496	0	2222120	1
1037496	0	2396654	0
1037496	0	2442404	0
1037496	0	2540328	0
1037496	0	2646095	0
1037496	0	2672141	1
1037496	0	2716720	0
1037496	0	2725825	1
1037496	0	2725828	1
1037496	0	2902707	1
1037496	0	293184	0
1037496	0	2995695	0
1037496	0	3004783	0
1037496	0	3157574	0
1037496	0	3275556	1
1037496	0	3356592	1
1037496	0	3356595	1
1037496	0	3562314	0
1037496	0	3562319	0
1037496	0	365859	0
1037496	0	365861	0
1037496	0	3725931	1
1037496	0	3725932	1
1037496	0	3725933	1
1037496	0	3725934	1
1037496	0	3725935	1
1037496	0	3725936	1
1037496	0	3725937	1
1037496	0	3725938	1
1037496	0	3725940	1
1037496	0	3852733	1
1037496	0	4150415	0
1037496	0	4174376	1
1037496	0	4174377	1
1037496	0	4174378	1
1037496	0	4174380	1
1037496	0	4187303	1
1037496	0	4187304	1
1037496	0	4187305	1
1037496	0	4187309	1
1037496	0	4625262	0
1037496	0	4760906	1
1037496	0	4760910	1
1037496	0	4760912	1
1037496	0	4760914	1
1037496	0	4760915	1
1037496	0	4881404	0
1037496	0	4905509	1
1037496	0	4905511	1
1037496	0	4912160	1
1037496	0	4912163	1
1037496	0	4912166	1
1037496	0	4912167	1
1037496	0	5033381	0
1037496	0	5035625	0
1037496	0	519751	0
1037496	0	53465	0
1037496	0	5507719	0
1037496	0	553180	0
1037496	0	5540750	0
1037496	0	5703441	0
1037496	0	57410	1
1037496	0	5786130	0
1037496	0	5788004	0
1037496	0	5927420	1
1037496	0	5937726	0
1037496	0	5937727	0
1037496	0	6101816	0
1037496	0	6292809	0
1037496	0	6354370	0
1037496	0	6499341	0
1037496	0	6595860	0
1037496	0	6914894	0
1037496	0	7021265	0
1037496	0	7286317	0
1037496	0	7287404	1
1037496	0	7346511	0
1037496	0	7392264	0
1037496	0	7407577	0
1037496	0	7766583	1
1037496	0	7766584	1
1037496	0	7766585	1
1037496	0	7766587	1
1037496	0	7779272	0
1037496	0	7948039	0
1037496	0	8131680	0
1037496	0	8196479	1
1037496	0	8717869	0
1037496	0	880484	0
1037496	0	8805888	0
1037496	0	8831603	0
1037496	0	929044	0
1043135	0	1536028	1
1043135	0	1727793	1
1043135	0	1845636	1
1043135	0	1845638	0
1043135	0	1845639	0
1043135	0	1845640	0
1043135	0	1845641	0
1043135	0	1845642	0
1043135	0	1845643	1
1043135	0	1845644	1
1043135	0	1845645	0
1043135	0	2280337	0
1043135	0	2443314	1
1043135	0	2443317	1
1043135	0	2443319	1
1043135	0	2443321	1
1043135	0	2514458	0
1043135	0	2514945	1
1043135	0	2514950	1
1043135	0	2514951	1
1043135	0	2664986	1
1043135	0	2664987	1
1043135	0	2664991	0
1043135	0	2664994	1
1043135	0	2664995	1
1043135	0	2790617	0
1043135	0	2790624	1
1043135	0	2822998	1
1043135	0	2866084	1
1043135	0	2955792	1
1043135	0	2996220	1
1043135	0	3209006	1
1043135	0	3349026	1
1043135	0	3374872	1
1043135	0	3378235	1
1043135	0	3378236	1
1043135	0	3378240	1
1043135	0	3581772	1
1043135	0	3878608	1
1043135	0	4355523	1
1043135	0	4541692	1
1043135	0	4541694	1
1043135	0	4708916	1
1043135	0	4721484	1
1043135	0	4875982	1
1043135	0	4881710	1
1043135	0	4881713	1
1043135	0	4994428	1
1043135	0	4994429	1
1043135	0	5262282	1
1043135	0	5262285	1
1043135	0	5262288	1
1043135	0	5262290	0
1043135	0	5751055	1
1043135	0	577276	1
1043135	0	6044059	1
1043135	0	6097574	1
1043135	0	650638	0
1043135	0	650639	0
1043135	0	650641	1
1043135	0	650642	1
1043135	0	650644	1
1043135	0	6781713	1
1043135	0	6781714	1
1043135	0	7022075	1
1043135	0	7022076	1
1043135	0	7022077	1
1043135	0	7022079	1
1043135	0	7137851	1
1043135	0	7770351	1
1043135	0	7770352	1
1043135	0	7770355	1
1043135	0	7799671	1
1043135	0	7799676	1
1043135	0	7945768	1
1043135	0	7945770	0
1043135	0	7945773	1
1043135	0	7977270	1
1043135	0	8049995	1
1043135	0	8224806	1
1043135	0	8224813	1
1043135	0	8632894	1
1043135	0	8632895	1
1043135	0	8632897	1
1043135	0	8694697	1
1043135	0	8694701	1
1043135	0	8694702	1
1043135	0	8694703	1
1043135	0	8696952	1
1043135	0	8696954	1
1043135	0	8696955	1
1043135	0	8696956	1
1043135	0	8696958	1
1043135	0	8696959	1
1043135	0	8696960	1
1043135	0	8696961	1
1043135	0	8787047	1
1043135	0	8787048	1
1043135	0	8787049	1
1043135	0	917852	1
1051399	0	1678171	0
1051399	0	2288256	0
1051399	0	2330719	0
1051399	0	2427011	1
1051399	0	2483093	0
1051399	0	2522098	0
1051399	0	2528523	0
1051399	0	2528525	0
1051399	0	2764967	0
1051399	0	2768271	1
1051399	0	2769054	0
1051399	0	2812921	0
1051399	0	2845499	0
1051399	0	2845500	0
1051399	0	2866972	0
1051399	0	2866978	1
1051399	0	2894408	1
1051399	0	2953736	0
1051399	0	3057965	0
1051399	0	3076345	0
1051399	0	3107917	0
1051399	0	3120981	1
1051399	0	3171080	0
1051399	0	3245659	0
1051399	0	3378142	0
1051399	0	3378143	0
1051399	0	3434788	0
1051399	0	3446936	0
1051399	0	3446937	0
1051399	0	3581849	0
1051399	0	3588283	0
1051399	0	3599718	0
1051399	0	3599720	0
1051399	0	3773237	0
1051399	0	3773239	0
1051399	0	3943228	1
1051399	0	3969383	0
1051399	0	3969388	1
1051399	0	4068418	1
1051399	0	4068420	1
1051399	0	4084314	1
1051399	0	4171290	0
1051399	0	4222649	0
1051399	0	4328927	0
1051399	0	4368654	0
1051399	0	4368659	0
1051399	0	4426187	1
1051399	0	4426188	1
1051399	0	4513307	0
1051399	0	4513312	0
1051399	0	4513313	1
1051399	0	4522483	0
1051399	0	4552288	1
1051399	0	4622054	0
1051399	0	4622485	0
1051399	0	4681235	0
1051399	0	4729556	0
1051399	0	4772458	0
1051399	0	4840762	0
1051399	0	5041683	0
1051399	0	5056645	0
1051399	0	5058868	0
1051399	0	5063127	0
1051399	0	5150674	0
1051399	0	5186386	0
1051399	0	5186392	0
1051399	0	5186393	0
1051399	0	5284193	0
1051399	0	5329142	0
1051399	0	5421901	0
1051399	0	5421904	0
1051399	0	58138	0
1051399	0	58139	0
1051399	0	58685	0
1051399	0	6837220	0
1051399	0	6837221	0
1051399	0	69813	1
1051399	0	69817	0
1051399	0	69818	1
1051399	0	7291530	0
1051399	0	7559979	0
1051399	0	7758785	0
1051399	0	7760091	0
1051399	0	7813300	0
1051399	0	7848669	0
1051399	0	7848670	1
1051399	0	7848674	0
1051399	0	8172956	0
1051399	0	8225042	0
1051399	0	8229334	0
1051399	0	8664506	1
1051399	0	8683249	0
1051399	0	8712317	0
1051399	0	8801994	0
1051399	0	8801997	0
1051399	0	8801999	0
1051399	0	8807183	0
1051399	0	8818330	0
1051399	0	893262	0
1051399	0	893263	0
1064670	0	110190	0
1064670	0	1283724	0
1064670	0	129459	1
1064670	0	129462	1
1064670	0	129465	1
1064670	0	129468	1
1064670	0	1567821	1
1064670	0	1946392	0
1064670	0	2049057	0
1064670	0	2087457	0
1064670	0	2183899	1
1064670	0	2279163	0
1064670	0	2310539	0
1064670	0	236964	0
1064670	0	2389809	0
1064670	0	2560358	0
1064670	0	2759741	0
1064670	0	2839843	1
1064670	0	2870990	0
1064670	0	2902747	0
1064670	0	2905418	0
1064670	0	293152	1
1064670	0	2977156	1
1064670	0	2977159	1
1064670	0	2977160	1
1064670	0	2998832	1
1064670	0	3073057	0
1064670	0	3077669	1
1064670	0	3121310	0
1064670	0	3277975	0
1064670	0	3328187	0
1064670	0	3328188	0
1064670	0	3328192	0
1064670	0	3413635	0
1064670	0	3555914	0
1064670	0	3644827	1
1064670	0	3644829	1
1064670	0	378330	1
1064670	0	3807086	1
1064670	0	396429	0
1064670	0	402493	1
1064670	0	4035283	0
1064670	0	4251134	0
1064670	0	429911	0
1064670	0	4516312	0
1064670	0	4516313	0
1064670	0	4660775	0
1064670	0	4845469	0
1064670	0	4853438	0
1064670	0	5036872	0
1064670	0	5089886	0
1064670	0	5159416	0
1064670	0	5360417	0
1064670	0	5536001	0
1064670	0	5536002	0
1064670	0	5536005	0
1064670	0	5536007	0
1064670	0	55935	0
1064670	0	5618788	0
1064670	0	5874333	0
1064670	0	6038320	1
1064670	0	6062642	0
1064670	0	6062644	0
1064670	0	6062648	1
1064670	0	6087393	0
1064670	0	6140058	1
1064670	0	6349303	0
1064670	0	6824284	1
1064670	0	6824287	1
1064670	0	6824288	1
1064670	0	6878684	1
1064670	0	6986294	0
1064670	0	7012470	0
1064670	0	736681	1
1064670	0	7522204	0
1064670	0	7522208	0
1064670	0	7556561	0
1064670	0	7579792	0
1064670	0	7734392	1
1064670	0	7899522	0
1064670	0	8030718	0
1064670	0	8030722	0
1064670	0	8100020	1
1064670	0	816346	1
1064670	0	8337453	1
1064670	0	8496831	0
1064670	0	8533126	0
1064670	0	860041	0
1064670	0	8680897	1
1064670	0	8680901	1
1064670	0	8680902	1
1064670	0	8680903	1
1064670	0	8680904	1
1064670	0	8680905	1
1064670	0	8680906	1
1064670	0	8719108	0
1064670	0	8734273	1
1064670	0	8748215	0
1064670	0	8750942	1
1064670	0	976867	0
1071750	0	1628597	0
1071750	0	2012614	0
1071750	0	208979	0
1071750	0	208982	0
1071750	0	2562017	1
1071750	0	27185	1
1071750	0	2840405	0
1071750	0	2850069	0
1071750	0	3014192	0
1071750	0	3016481	1
1071750	0	3016482	1
1071750	0	3016483	1
1071750	0	3042781	0
1071750	0	3086979	1
1071750	0	3136366	0
1071750	0	3214951	0
1071750	0	3306573	0
1071750	0	331170	0
1071750	0	3318540	0
1071750	0	3335529	0
1071750	0	3575934	1
1071750	0	3719923	0
1071750	0	3719926	1
1071750	0	3795928	0
1071750	0	3850956	1
1071750	0	3928913	1
1071750	0	3928914	1
1071750	0	3928915	1
1071750	0	3928916	1
1071750	0	3928917	1
1071750	0	3928921	1
1071750	0	3930532	0
1071750	0	3993789	0
1071750	0	4094989	0
1071750	0	4094990	0
1071750	0	4094991	1
1071750	0	4133640	1
1071750	0	4133644	1
1071750	0	4360127	0
1071750	0	4360128	0
1071750	0	4717401	1
1071750	0	476679	0
1071750	0	4939145	0
1071750	0	5032111	0
1071750	0	5047600	0
1071750	0	5377244	0
1071750	0	5510448	1
1071750	0	5510450	1
1071750	0	5510451	0
1071750	0	574320	0
1071750	0	6083597	0
1071750	0	6138962	0
1071750	0	6330792	0
1071750	0	6335907	0
1071750	0	6359062	0
1071750	0	6508491	1
1071750	0	6508493	1
1071750	0	6508499	1
1071750	0	6733548	0
1071750	0	6983633	0
1071750	0	7003298	0
1071750	0	7018750	1
1071750	0	7018752	1
1071750	0	7018757	0
1071750	0	7141605	0
1071750	0	7410371	0
1071750	0	7421125	0
1071750	0	7677637	0
1071750	0	7778577	1
1071750	0	7790571	0
1071750	0	7850927	0
1071750	0	8017968	0
1071750	0	8017972	0
1071750	0	8017973	0
1071750	0	8017974	0
1071750	0	8017976	0
1071750	0	8378382	1
1071750	0	8378383	1
1071750	0	8378384	1
1071750	0	8378385	1
1071750	0	8378386	1
1071750	0	8378387	1
1071750	0	8378388	1
1071750	0	8378389	1
1071750	0	8378390	1
1071750	0	8698268	1
1071750	0	8698269	1
1071750	0	8698270	1
1071750	0	8698271	1
1071750	0	8698272	1
1071750	0	8698273	1
1071750	0	8698274	1
1071750	0	8698275	1
1071750	0	8698276	1
1071750	0	8783990	0
1071750	0	8783991	0
1071750	0	8804338	0
1071750	0	8837248	0
1071750	0	90474	0
1071750	0	962661	0
1105792	0	1004084	0
1105792	0	1096440	0
1105792	0	1193877	0
1105792	0	1193879	0
1105792	0	1335682	0
1105792	0	1376022	0
1105792	0	1376023	0
1105792	0	1407489	0
1105792	0	1785018	0
1105792	0	1869239	0
1105792	0	1966229	0
1105792	0	2148708	0
1105792	0	2294057	1
1105792	0	2335836	0
1105792	0	2344062	0
1105792	0	2409768	0
1105792	0	2511437	0
1105792	0	2623408	0
1105792	0	2623416	0
1105792	0	2624570	0
1105792	0	2669218	0
1105792	0	2776428	0
1105792	0	2920212	0
1105792	0	3307879	0
1105792	0	333470	0
1105792	0	342876	1
1105792	0	3487762	0
1105792	0	3642904	0
1105792	0	3672136	0
1105792	0	4050698	0
1105792	0	4391103	0
1105792	0	4391104	0
1105792	0	4391107	0
1105792	0	4391109	0
1105792	0	4489529	0
1105792	0	4489534	0
1105792	0	4545233	1
1105792	0	457729	0
1105792	0	4651699	0
1105792	0	475751	0
1105792	0	4785106	0
1105792	0	479601	0
1105792	0	4804671	0
1105792	0	4918035	0
1105792	0	4935191	0
1105792	0	5072015	0
1105792	0	5263288	0
1105792	0	5460574	0
1105792	0	5490903	0
1105792	0	5490907	0
1105792	0	5495682	0
1105792	0	5594852	0
1105792	0	5665835	1
1105792	0	5740463	1
1105792	0	5856095	0
1105792	0	5971204	0
1105792	0	6010402	0
1105792	0	6180434	0
1105792	0	6417724	0
1105792	0	6460339	0
1105792	0	6571367	0
1105792	0	6650998	0
1105792	0	6699897	0
1105792	0	6699898	0
1105792	0	6977017	1
1105792	0	7026606	0
1105792	0	7102720	1
1105792	0	7372393	0
1105792	0	7389527	0
1105792	0	7389529	0
1105792	0	7399820	1
1105792	0	7408031	0
1105792	0	7459317	0
1105792	0	7480463	0
1105792	0	7549317	0
1105792	0	7600283	0
1105792	0	7615110	0
1105792	0	766205	0
1105792	0	771760	0
1105792	0	775468	0
1105792	0	7770851	0
1105792	0	7835708	0
1105792	0	8058698	0
1105792	0	8201610	1
1105792	0	8201611	1
1105792	0	8201612	1
1105792	0	8201613	1
1105792	0	8201614	1
1105792	0	8201615	1
1105792	0	8201616	1
1105792	0	8201617	1
1105792	0	8201618	1
1105792	0	8201619	1
1105792	0	8265458	0
1105792	0	8423372	0
1105792	0	8608603	0
1105792	0	8658090	0
1105792	0	8717896	0
1105792	0	919515	0
1105792	0	989490	0
1106979	0	1039252	1
1106979	0	1089144	1
1106979	0	1207096	1
1106979	0	1308650	1
1106979	0	1352235	0
1106979	0	1589841	1
1106979	0	1655258	0
1106979	0	2112598	1
1106979	0	2306620	1
1106979	0	2375312	1
1106979	0	2375313	1
1106979	0	2375316	1
1106979	0	2375317	0
1106979	0	2390743	0
1106979	0	2496608	1
1106979	0	2496616	1
1106979	0	2789920	1
1106979	0	2789921	1
1106979	0	2884219	1
1106979	0	3058146	0
1106979	0	3290646	1
1106979	0	3290649	1
1106979	0	3290651	1
1106979	0	3293846	1
1106979	0	3417281	1
1106979	0	348054	1
1106979	0	348055	1
1106979	0	348057	1
1106979	0	3553629	0
1106979	0	357177	1
1106979	0	3715369	0
1106979	0	3996782	1
1106979	0	3996787	1
1106979	0	4085365	0
1106979	0	4085367	1
1106979	0	4085368	1
1106979	0	4219185	1
1106979	0	4254726	0
1106979	0	4437575	0
1106979	0	4585827	0
1106979	0	4624749	0
1106979	0	4624750	0
1106979	0	4624754	1
1106979	0	4624755	0
1106979	0	4624757	1
1106979	0	4779469	1
1106979	0	4993951	1
1106979	0	5383176	1
1106979	0	5488572	0
1106979	0	5733130	0
1106979	0	5784746	1
1106979	0	5838049	0
1106979	0	5908072	0
1106979	0	5920064	0
1106979	0	5920066	0
1106979	0	6045982	0
1106979	0	6170459	0
1106979	0	6221485	1
1106979	0	6221486	1
1106979	0	6221487	1
1106979	0	6221488	1
1106979	0	6221489	1
1106979	0	6221490	1
1106979	0	6221491	1
1106979	0	6221492	1
1106979	0	6221494	1
1106979	0	6234047	0
1106979	0	6634295	0
1106979	0	6802958	0
1106979	0	6802961	0
1106979	0	7295948	1
1106979	0	7557632	1
1106979	0	7674415	1
1106979	0	7674419	1
1106979	0	7674423	1
1106979	0	7706424	0
1106979	0	7920795	1
1106979	0	7920797	1
1106979	0	7920802	1
1106979	0	7920803	1
1106979	0	799359	1
1106979	0	799360	1
1106979	0	799365	1
1106979	0	8177315	1
1106979	0	8190132	1
1106979	0	8190133	1
1106979	0	8190134	1
1106979	0	8190135	1
1106979	0	8190136	1
1106979	0	8190137	1
1106979	0	8190138	1
1106979	0	8190139	1
1106979	0	8190140	1
1106979	0	8196694	1
1106979	0	8275110	0
1106979	0	8544395	0
1106979	0	8585465	0
1106979	0	8631020	0
1106979	0	8772719	0
1106979	0	947605	1
1108651	0	1218618	0
1108651	0	1325610	1
1108651	0	1325612	1
1108651	0	1371583	1
1108651	0	1400781	0
1108651	0	140502	0
1108651	0	140506	0
1108651	0	1457501	1
1108651	0	1457798	0
1108651	0	1482137	1
1108651	0	1621557	1
1108651	0	1646383	0
1108651	0	1773494	0
1108651	0	193384	1
1108651	0	1971162	0
1108651	0	2040434	0
1108651	0	2065792	0
1108651	0	2164085	0
1108651	0	2475817	1
1108651	0	2512383	1
1108651	0	2745685	1
1108651	0	2881395	0
1108651	0	3013746	0
1108651	0	3102791	1
1108651	0	3102792	1
1108651	0	3136702	0
1108651	0	3226775	0
1108651	0	3253130	0
1108651	0	3459013	0
1108651	0	3641700	1
1108651	0	3727096	0
1108651	0	3740104	0
1108651	0	3803874	0
1108651	0	3851277	0
1108651	0	3960291	0
1108651	0	4125386	1
1108651	0	4304301	1
1108651	0	4336299	0
1108651	0	4382120	0
1108651	0	4513249	0
1108651	0	4613064	0
1108651	0	4617850	0
1108651	0	488271	1
1108651	0	4911228	1
1108651	0	4946657	0
1108651	0	5027435	0
1108651	0	5141688	0
1108651	0	5397297	0
1108651	0	5480469	0
1108651	0	5621494	0
1108651	0	5715055	0
1108651	0	5798501	0
1108651	0	5877822	0
1108651	0	5997928	0
1108651	0	6058576	1
1108651	0	6266417	0
1108651	0	6348741	1
1108651	0	6410060	1
1108651	0	6410061	1
1108651	0	6410062	1
1108651	0	6410065	1
1108651	0	6410066	1
1108651	0	6486048	0
1108651	0	6517914	1
1108651	0	6620938	0
1108651	0	6623205	1
1108651	0	6663873	0
1108651	0	6782211	0
1108651	0	6965	0
1108651	0	6985085	1
1108651	0	6985088	0
1108651	0	7038690	0
1108651	0	7243391	0
1108651	0	7321337	0
1108651	0	7563462	0
1108651	0	7729777	0
1108651	0	7754981	1
1108651	0	7904315	1
1108651	0	7910457	0
1108651	0	8006613	0
1108651	0	815597	1
1108651	0	8157105	0
1108651	0	8175407	1
1108651	0	8175408	1
1108651	0	8175412	1
1108651	0	8175415	1
1108651	0	8189032	0
1108651	0	8202831	1
1108651	0	8205807	0
1108651	0	8254975	0
1108651	0	8266789	0
1108651	0	8266790	0
1108651	0	8289561	1
1108651	0	8512412	0
1108651	0	8512413	0
1108651	0	8538781	0
1108651	0	8576877	1
1108651	0	8764446	0
1108651	0	893423	0
1108651	0	918309	0
1109707	0	1011113	1
1109707	0	1062367	1
1109707	0	1117884	1
1109707	0	1143386	1
1109707	0	1143388	1
1109707	0	1143389	1
1109707	0	1143393	1
1109707	0	1340134	1
1109707	0	1340141	1
1109707	0	1608567	1
1109707	0	1609738	1
1109707	0	1609739	1
1109707	0	1667031	0
1109707	0	1712222	1
1109707	0	1719371	1
1109707	0	1719374	1
1109707	0	1789610	0
1109707	0	1823913	1
1109707	0	1911564	1
1109707	0	1951853	1
1109707	0	1951855	1
1109707	0	2031419	1
1109707	0	2068094	0
1109707	0	2245436	1
1109707	0	2245437	1
1109707	0	2247586	1
1109707	0	2259393	0
1109707	0	228686	1
1109707	0	2510185	1
1109707	0	2534438	1
1109707	0	2646538	1
1109707	0	2819919	1
1109707	0	3037786	1
1109707	0	3037788	1
1109707	0	3037793	1
1109707	0	3037794	1
1109707	0	3325866	1
1109707	0	3340791	0
1109707	0	353771	1
1109707	0	3888607	0
1109707	0	3982977	1
1109707	0	4059624	1
1109707	0	4099609	1
1109707	0	4122615	1
1109707	0	4122618	1
1109707	0	4236627	1
1109707	0	4236630	1
1109707	0	4285843	1
1109707	0	4332695	1
1109707	0	4332698	1
1109707	0	4370753	1
1109707	0	458599	1
1109707	0	458603	1
1109707	0	459368	1
1109707	0	4661916	1
1109707	0	4788762	1
1109707	0	4851004	0
1109707	0	4862297	1
1109707	0	4867369	1
1109707	0	5121347	1
1109707	0	5270487	1
1109707	0	5340019	1
1109707	0	5740302	1
1109707	0	5740304	1
1109707	0	5826551	1
1109707	0	5882871	1
1109707	0	589762	1
1109707	0	5947139	1
1109707	0	5947140	1
1109707	0	6189800	1
1109707	0	6238285	1
1109707	0	6238290	1
1109707	0	6716569	1
1109707	0	6716572	1
1109707	0	6733197	1
1109707	0	6752975	1
1109707	0	6872195	1
1109707	0	6939056	1
1109707	0	7030351	1
1109707	0	7126494	1
1109707	0	7159597	1
1109707	0	7241556	1
1109707	0	7241557	1
1109707	0	7241559	1
1109707	0	752145	0
1109707	0	7566099	1
1109707	0	7566100	1
1109707	0	7671117	1
1109707	0	7671118	1
1109707	0	7671120	1
1109707	0	771002	1
1109707	0	771745	1
1109707	0	8008033	1
1109707	0	8163716	1
1109707	0	8165491	1
1109707	0	8165492	1
1109707	0	8165494	1
1109707	0	8441435	1
1109707	0	8746678	1
1109707	0	939951	0
1110678	0	1030221	0
1110678	0	1273674	1
1110678	0	1273677	1
1110678	0	1327784	1
1110678	0	1407079	1
1110678	0	1555304	1
1110678	0	1590930	1
1110678	0	1710934	1
1110678	0	1710937	1
1110678	0	1710938	1
1110678	0	1902017	1
1110678	0	2096160	1
1110678	0	2126363	1
1110678	0	2596263	1
1110678	0	2691763	1
1110678	0	2691766	1
1110678	0	2691767	1
1110678	0	2713703	1
1110678	0	2713704	1
1110678	0	2713705	1
1110678	0	2713708	1
1110678	0	2713709	1
1110678	0	2713710	1
1110678	0	2713711	1
1110678	0	2714688	1
1110678	0	2993217	1
1110678	0	3080792	1
1110678	0	3080793	1
1110678	0	3195542	1
1110678	0	3201281	1
1110678	0	3409858	1
1110678	0	352396	1
1110678	0	3647274	1
1110678	0	3719134	1
1110678	0	4007919	1
1110678	0	4297749	1
1110678	0	4353878	0
1110678	0	4517438	1
1110678	0	4517440	1
1110678	0	4562233	1
1110678	0	4562240	1
1110678	0	4573818	0
1110678	0	4591920	0
1110678	0	466622	1
1110678	0	4750789	1
1110678	0	4898377	1
1110678	0	5214842	0
1110678	0	5246895	1
1110678	0	5260903	1
1110678	0	5278868	1
1110678	0	5719597	1
1110678	0	5719602	1
1110678	0	5843314	1
1110678	0	5897149	0
1110678	0	6087414	1
1110678	0	6383531	1
1110678	0	6433850	1
1110678	0	6632692	1
1110678	0	6704692	1
1110678	0	6704694	1
1110678	0	6852025	1
1110678	0	6936475	1
1110678	0	6936478	1
1110678	0	7139329	1
1110678	0	7139336	1
1110678	0	7142094	1
1110678	0	7143067	1
1110678	0	7238156	1
1110678	0	7449481	1
1110678	0	7671271	1
1110678	0	7671273	1
1110678	0	7671274	1
1110678	0	7681504	1
1110678	0	7689852	1
1110678	0	7822741	1
1110678	0	7822742	1
1110678	0	7822744	1
1110678	0	7896534	1
1110678	0	7896538	1
1110678	0	7896539	1
1110678	0	7896540	0
1110678	0	7896541	0
1110678	0	7920888	1
1110678	0	7920889	1
1110678	0	8055252	1
1110678	0	8092357	1
1110678	0	8155905	1
1110678	0	8155907	1
1110678	0	8155909	1
1110678	0	8155912	1
1110678	0	8155914	1
1110678	0	8198585	1
1110678	0	8315653	1
1110678	0	8319126	1
1110678	0	8378139	1
1110678	0	8423569	1
1110678	0	8672734	1
1110678	0	8678364	1
1110678	0	8743850	0
1110678	0	928521	0
1113256	0	1407864	1
1113256	0	1407866	1
1113256	0	1407868	1
1113256	0	1407869	1
1113256	0	1512277	0
1113256	0	1512281	0
1113256	0	1512282	0
1113256	0	1669121	0
1113256	0	2067388	0
1113256	0	2067390	0
1113256	0	2321033	0
1113256	0	2321035	0
1113256	0	2321036	0
1113256	0	2321037	0
1113256	0	2321039	1
1113256	0	2550312	0
1113256	0	2550320	0
1113256	0	2615026	0
1113256	0	2615027	0
1113256	0	2615028	0
1113256	0	2615029	0
1113256	0	2615030	0
1113256	0	2667029	1
1113256	0	2680775	0
1113256	0	2713310	0
1113256	0	2713311	1
1113256	0	2713313	0
1113256	0	2713314	0
1113256	0	2713316	1
1113256	0	2757311	1
1113256	0	2757314	0
1113256	0	3059689	0
1113256	0	3059697	0
1113256	0	3263257	0
1113256	0	3539362	1
1113256	0	3539363	1
1113256	0	3539364	1
1113256	0	3539365	0
1113256	0	3539366	1
1113256	0	3539368	0
1113256	0	3828437	0
1113256	0	3828438	1
1113256	0	3828444	0
1113256	0	3976057	1
1113256	0	3976058	0
1113256	0	3976059	1
1113256	0	3976060	1
1113256	0	3976061	1
1113256	0	3976062	0
1113256	0	3976064	1
1113256	0	4355158	0
1113256	0	4355161	0
1113256	0	4566036	0
1113256	0	4689495	1
1113256	0	4689499	0
1113256	0	4867267	0
1113256	0	5153406	0
1113256	0	5236651	1
1113256	0	5295502	0
1113256	0	5365817	1
1113256	0	5365819	0
1113256	0	5365821	0
1113256	0	5382844	0
1113256	0	5396746	1
1113256	0	5723303	0
1113256	0	5723305	0
1113256	0	6915166	1
1113256	0	6915168	1
1113256	0	6915169	0
1113256	0	6915171	1
1113256	0	7250126	1
1113256	0	7386688	0
1113256	0	7561111	1
1113256	0	7561113	1
1113256	0	7561114	1
1113256	0	7561115	1
1113256	0	7561116	1
1113256	0	7561117	1
1113256	0	7561118	1
1113256	0	7561120	1
1113256	0	7594310	1
1113256	0	7780080	1
1113256	0	7843125	1
1113256	0	7843127	0
1113256	0	7843128	0
1113256	0	7843129	1
1113256	0	7843131	0
1113256	0	7843132	0
1113256	0	7843134	0
1113256	0	8130528	1
1113256	0	8130529	1
1113256	0	8130530	1
1113256	0	8130531	0
1113256	0	8130532	1
1113256	0	8130533	1
1113256	0	8130535	1
1113256	0	8224539	1
1113256	0	8224541	1
1113256	0	8224542	0
1113256	0	8224544	1
1115210	0	1137447	0
1115210	0	1139086	1
1115210	0	1139088	1
1115210	0	1139091	1
1115210	0	1245904	1
1115210	0	1316543	0
1115210	0	1316544	0
1115210	0	1592599	1
1115210	0	1603286	1
1115210	0	1603289	0
1115210	0	1642869	1
1115210	0	1932298	0
1115210	0	1946658	0
1115210	0	1969018	0
1115210	0	1985594	0
1115210	0	2168221	1
1115210	0	2216595	1
1115210	0	2458152	0
1115210	0	2705995	0
1115210	0	2759245	1
1115210	0	2759248	0
1115210	0	2765986	1
1115210	0	3141445	0
1115210	0	316227	1
1115210	0	3211903	1
1115210	0	3217566	1
1115210	0	3368560	1
1115210	0	3464701	1
1115210	0	3525807	1
1115210	0	3535956	0
1115210	0	3656482	1
1115210	0	3676753	1
1115210	0	3793694	1
1115210	0	3901001	1
1115210	0	4025631	0
1115210	0	4025633	0
1115210	0	409739	1
1115210	0	4126346	0
1115210	0	4279395	1
1115210	0	4450404	1
1115210	0	4490921	0
1115210	0	4631684	0
1115210	0	4712290	0
1115210	0	4791665	0
1115210	0	4879133	1
1115210	0	5162624	0
1115210	0	5220464	0
1115210	0	5337256	0
1115210	0	5539475	1
1115210	0	5616488	1
1115210	0	5759364	0
1115210	0	5903116	1
1115210	0	5903119	1
1115210	0	6019430	1
1115210	0	6376877	0
1115210	0	6376879	0
1115210	0	6686026	0
1115210	0	6831627	0
1115210	0	6905725	1
1115210	0	709321	0
1115210	0	716151	1
1115210	0	7440357	1
1115210	0	7440358	0
1115210	0	7440360	0
1115210	0	7440361	1
1115210	0	7440363	1
1115210	0	7440364	0
1115210	0	7440365	0
1115210	0	7440366	1
1115210	0	7474102	1
1115210	0	7487600	0
1115210	0	7487601	1
1115210	0	7523920	1
1115210	0	7628774	1
1115210	0	7681121	0
1115210	0	7706158	1
1115210	0	7707770	0
1115210	0	778989	1
1115210	0	7895360	0
1115210	0	7895362	0
1115210	0	8083116	0
1115210	0	8111878	1
1115210	0	8111881	1
1115210	0	8111882	1
1115210	0	8111883	1
1115210	0	8111884	1
1115210	0	8111885	1
1115210	0	8111887	1
1115210	0	8253252	0
1115210	0	8390254	1
1115210	0	840008	1
1115210	0	840010	1
1115210	0	840012	1
1115210	0	845827	1
1115210	0	8481483	0
1115210	0	8481485	0
1115210	0	8481486	0
1115210	0	8536385	1
1115210	0	8617009	0
1115210	0	899008	0
1116380	0	1244313	1
1116380	0	1422757	1
1116380	0	1547041	1
1116380	0	1584126	1
1116380	0	1596356	0
1116380	0	1645711	0
1116380	0	1670516	0
1116380	0	1757185	0
1116380	0	1792203	0
1116380	0	1883473	1
1116380	0	1883474	0
1116380	0	1883476	0
1116380	0	1883479	0
1116380	0	189097	1
1116380	0	1894390	0
1116380	0	2133307	0
1116380	0	235748	0
1116380	0	2379432	0
1116380	0	2532665	0
1116380	0	2557536	1
1116380	0	2598839	0
1116380	0	2765753	0
1116380	0	2768731	0
1116380	0	2808195	0
1116380	0	2918517	0
1116380	0	3063710	0
1116380	0	3069335	0
1116380	0	3104319	1
1116380	0	3104321	0
1116380	0	3104322	1
1116380	0	3126239	0
1116380	0	314549	0
1116380	0	3190733	0
1116380	0	3266158	0
1116380	0	3680690	1
1116380	0	4198667	0
1116380	0	4407172	0
1116380	0	444969	1
1116380	0	471649	0
1116380	0	471652	0
1116380	0	471653	0
1116380	0	4725114	0
1116380	0	4748531	0
1116380	0	4752907	0
1116380	0	4761504	0
1116380	0	494640	0
1116380	0	5073073	0
1116380	0	5104772	1
1116380	0	5104773	1
1116380	0	5104774	1
1116380	0	5104775	1
1116380	0	5104779	1
1116380	0	5140713	1
1116380	0	5152172	0
1116380	0	521341	1
1116380	0	5320557	0
1116380	0	5372026	0
1116380	0	5395322	1
1116380	0	5587852	0
1116380	0	5654382	0
1116380	0	6310696	0
1116380	0	6310703	0
1116380	0	6375060	0
1116380	0	6385486	0
1116380	0	6431022	0
1116380	0	6666602	0
1116380	0	684555	1
1116380	0	684561	0
1116380	0	684562	0
1116380	0	6891415	0
1116380	0	7007643	0
1116380	0	7022413	0
1116380	0	7131862	0
1116380	0	7215246	0
1116380	0	728924	0
1116380	0	7599634	0
1116380	0	7659172	1
1116380	0	7803358	0
1116380	0	7879731	0
1116380	0	7905911	1
1116380	0	8042239	1
1116380	0	8095674	0
1116380	0	8113949	1
1116380	0	8155895	0
1116380	0	8166096	1
1116380	0	8178803	0
1116380	0	8185108	0
1116380	0	8371014	0
1116380	0	8479708	0
1116380	0	8571533	0
1116380	0	8571538	1
1116380	0	8612548	0
1116380	0	8621253	1
1116380	0	8784324	0
1116380	0	8784326	1
1116380	0	8784331	0
1116380	0	8811453	0
1116380	0	8840177	0
1116380	0	953274	1
1116380	0	953277	1
1121353	0	1239577	0
1121353	0	1259245	1
1121353	0	1297038	1
1121353	0	1446561	0
1121353	0	1727596	1
1121353	0	1740960	0
1121353	0	1760291	0
1121353	0	1854970	1
1121353	0	1891190	1
1121353	0	1918131	1
1121353	0	195106	1
1121353	0	2014565	1
1121353	0	2213823	1
1121353	0	2213824	1
1121353	0	224833	0
1121353	0	2403262	1
1121353	0	250565	0
1121353	0	2519090	0
1121353	0	2592540	1
1121353	0	2676402	1
1121353	0	2829003	0
1121353	0	2846270	1
1121353	0	2846271	1
1121353	0	3097493	1
1121353	0	3224789	0
1121353	0	3405327	1
1121353	0	3405771	1
1121353	0	3405776	1
1121353	0	3527298	1
1121353	0	3541849	1
1121353	0	3541854	1
1121353	0	3641804	1
1121353	0	3763467	1
1121353	0	3844222	0
1121353	0	3948007	0
1121353	0	3998497	0
1121353	0	4210422	0
1121353	0	4277806	0
1121353	0	4478642	0
1121353	0	4593222	1
1121353	0	4779619	1
1121353	0	4830454	1
1121353	0	4856325	0
1121353	0	4872676	1
1121353	0	4881091	1
1121353	0	4881885	1
1121353	0	5197898	0
1121353	0	5277905	1
1121353	0	5300158	0
1121353	0	5300161	0
1121353	0	5300162	0
1121353	0	5352140	0
1121353	0	5357560	1
1121353	0	5387479	1
1121353	0	548630	0
1121353	0	5503435	0
1121353	0	5517896	1
1121353	0	5540041	1
1121353	0	5540042	1
1121353	0	5572761	0
1121353	0	5606060	1
1121353	0	5606063	1
1121353	0	5606064	1
1121353	0	5642761	1
1121353	0	5642762	1
1121353	0	591710	0
1121353	0	618172	1
1121353	0	6307471	1
1121353	0	6381283	1
1121353	0	6458583	0
1121353	0	6458584	0
1121353	0	6458592	0
1121353	0	6592652	0
1121353	0	6870696	1
1121353	0	6870700	1
1121353	0	7065260	0
1121353	0	7165776	1
1121353	0	7191734	1
1121353	0	7228213	0
1121353	0	770280	1
1121353	0	7949853	0
1121353	0	7971387	0
1121353	0	8009239	1
1121353	0	8053110	1
1121353	0	8053112	1
1121353	0	8053113	1
1121353	0	8053117	1
1121353	0	8083913	0
1121353	0	8087416	0
1121353	0	8093732	1
1121353	0	8261242	1
1121353	0	8339023	1
1121353	0	8436349	1
1121353	0	858644	1
1121353	0	8671649	1
1121353	0	8728943	0
1121353	0	907542	0
1121353	0	933814	1
1121353	0	937044	1
1121353	0	937046	0
1122767	0	1238934	1
1122767	0	1368154	1
1122767	0	1368155	0
1122767	0	1368156	1
1122767	0	1370608	1
1122767	0	1575377	1
1122767	0	1660145	1
1122767	0	1901639	1
1122767	0	193354	0
1122767	0	1951801	1
1122767	0	1987310	1
1122767	0	2019367	1
1122767	0	2019371	1
1122767	0	2358778	1
1122767	0	2859902	1
1122767	0	2859903	1
1122767	0	2859904	1
1122767	0	2859905	0
1122767	0	2859907	1
1122767	0	2859908	1
1122767	0	2869517	1
1122767	0	2869521	1
1122767	0	2912048	1
1122767	0	3192617	1
1122767	0	3320220	1
1122767	0	3368028	1
1122767	0	3407781	1
1122767	0	3467786	1
1122767	0	3467791	0
1122767	0	3467792	0
1122767	0	348597	1
1122767	0	3514064	1
1122767	0	3601979	1
1122767	0	3972840	1
1122767	0	4102083	1
1122767	0	4161416	1
1122767	0	4161419	1
1122767	0	4259801	1
1122767	0	4461311	1
1122767	0	4461313	1
1122767	0	4481398	1
1122767	0	4550501	1
1122767	0	4550504	1
1122767	0	4550505	1
1122767	0	458261	1
1122767	0	466849	1
1122767	0	468959	1
1122767	0	4784605	1
1122767	0	4824677	1
1122767	0	4824679	1
1122767	0	4824681	1
1122767	0	4843544	1
1122767	0	5037764	1
1122767	0	5285491	1
1122767	0	5468402	0
1122767	0	5642904	1
1122767	0	5796709	1
1122767	0	5796713	1
1122767	0	5877496	1
1122767	0	5877499	1
1122767	0	5877500	1
1122767	0	592658	1
1122767	0	6179207	1
1122767	0	6179209	1
1122767	0	6179210	1
1122767	0	6179213	1
1122767	0	6179214	1
1122767	0	6391253	1
1122767	0	6391257	1
1122767	0	668427	1
1122767	0	6727509	1
1122767	0	6739572	1
1122767	0	6764249	1
1122767	0	6849068	1
1122767	0	6851716	1
1122767	0	6851717	1
1122767	0	6851720	1
1122767	0	7177839	1
1122767	0	75236	1
1122767	0	7544609	1
1122767	0	7863109	1
1122767	0	8039582	1
1122767	0	8039583	1
1122767	0	8039587	1
1122767	0	8039588	0
1122767	0	8039589	1
1122767	0	8039590	1
1122767	0	8061226	1
1122767	0	8061233	1
1122767	0	8068669	1
1122767	0	8146817	1
1122767	0	8146818	1
1122767	0	8237590	1
1122767	0	8326512	0
1122767	0	8326513	1
1122767	0	8326514	1
1122767	0	8600801	0
1122767	0	884946	1
1122767	0	884952	1
1122767	0	916144	1
1127540	0	103554	1
1127540	0	1145263	0
1127540	0	1145264	0
1127540	0	1192890	1
1127540	0	1211118	1
1127540	0	1261897	1
1127540	0	149442	1
1127540	0	1530862	0
1127540	0	1683442	0
1127540	0	1733894	1
1127540	0	186476	1
1127540	0	187285	0
1127540	0	1891914	0
1127540	0	1906564	0
1127540	0	2044364	1
1127540	0	2044366	1
1127540	0	2044368	1
1127540	0	2044369	1
1127540	0	2044370	1
1127540	0	2044371	1
1127540	0	2044372	1
1127540	0	2110665	0
1127540	0	224309	0
1127540	0	2253050	1
1127540	0	257426	1
1127540	0	2574460	1
1127540	0	276612	0
1127540	0	3031933	0
1127540	0	3134960	1
1127540	0	3158392	1
1127540	0	3158395	1
1127540	0	3217502	1
1127540	0	3607071	1
1127540	0	3852373	1
1127540	0	3982451	1
1127540	0	3993067	1
1127540	0	4230167	0
1127540	0	4357490	1
1127540	0	4464218	0
1127540	0	4488936	1
1127540	0	4558913	1
1127540	0	4756966	0
1127540	0	5066448	1
1127540	0	555346	1
1127540	0	555347	1
1127540	0	5555468	1
1127540	0	5632990	1
1127540	0	5712334	1
1127540	0	5728324	1
1127540	0	5728333	1
1127540	0	5753339	1
1127540	0	591859	0
1127540	0	591861	0
1127540	0	6282405	1
1127540	0	6731241	1
1127540	0	6759154	0
1127540	0	6759156	0
1127540	0	6759157	0
1127540	0	6759159	0
1127540	0	690130	1
1127540	0	6932352	1
1127540	0	6958226	0
1127540	0	7051451	0
1127540	0	7075111	1
1127540	0	7176995	0
1127540	0	7184106	1
1127540	0	72395	0
1127540	0	7312888	0
1127540	0	7674599	1
1127540	0	7702580	0
1127540	0	797977	0
1127540	0	7997599	0
1127540	0	7997603	0
1127540	0	8062888	0
1127540	0	8077956	0
1127540	0	8085083	0
1127540	0	8103042	1
1127540	0	8172661	0
1127540	0	8172662	0
1127540	0	8202406	1
1127540	0	8244505	1
1127540	0	8255879	0
1127540	0	8304886	1
1127540	0	8331765	1
1127540	0	8653226	0
1127540	0	8666691	0
1127540	0	8694942	0
1127540	0	8726954	1
1127540	0	8726955	1
1127540	0	8726956	1
1127540	0	8726957	1
1127540	0	8726958	1
1127540	0	8726959	1
1127540	0	8726960	1
1127540	0	8726961	1
1127540	0	8726962	1
1127540	0	8726963	1
1127540	0	8730384	0
1127540	0	8730388	0
1127540	0	963808	0
1131069	0	1202227	0
1131069	0	1293956	0
1131069	0	1550603	0
1131069	0	1602424	0
1131069	0	1609351	0
1131069	0	1780963	1
1131069	0	1780965	0
1131069	0	1780966	0
1131069	0	1780967	0
1131069	0	1780969	0
1131069	0	1780970	0
1131069	0	1780971	1
1131069	0	1891471	0
1131069	0	1891472	0
1131069	0	1950963	0
1131069	0	2148341	0
1131069	0	2270338	0
1131069	0	2371640	0
1131069	0	2519965	0
1131069	0	2519968	0
1131069	0	2558539	1
1131069	0	2626729	0
1131069	0	2667597	1
1131069	0	2805726	1
1131069	0	2979864	0
1131069	0	3070475	0
1131069	0	3140073	0
1131069	0	3388332	0
1131069	0	3468099	0
1131069	0	3978086	0
1131069	0	3978087	0
1131069	0	4090555	0
1131069	0	4124377	0
1131069	0	4147307	0
1131069	0	4694732	0
1131069	0	4714120	0
1131069	0	4788864	0
1131069	0	480904	0
1131069	0	480905	0
1131069	0	480906	0
1131069	0	4827634	0
1131069	0	4840386	0
1131069	0	4840387	0
1131069	0	4983656	0
1131069	0	5247862	0
1131069	0	5247865	0
1131069	0	5247866	0
1131069	0	5361304	0
1131069	0	5455324	0
1131069	0	5668186	0
1131069	0	5943517	0
1131069	0	6489070	0
1131069	0	6526047	0
1131069	0	6605204	0
1131069	0	6605205	0
1131069	0	6661241	0
1131069	0	6661245	0
1131069	0	6661248	0
1131069	0	6661249	1
1131069	0	6809696	0
1131069	0	6809697	0
1131069	0	6809698	0
1131069	0	6809699	0
1131069	0	6809700	0
1131069	0	6809701	0
1131069	0	6809702	0
1131069	0	6809703	0
1131069	0	6907802	0
1131069	0	6907803	0
1131069	0	6907804	0
1131069	0	6907805	1
1131069	0	6907806	0
1131069	0	6907807	1
1131069	0	6907808	1
1131069	0	6907809	1
1131069	0	695124	0
1131069	0	7242655	0
1131069	0	7259309	0
1131069	0	7275756	0
1131069	0	7275758	0
1131069	0	7275761	1
1131069	0	7512021	0
1131069	0	7579917	0
1131069	0	7610004	0
1131069	0	7610010	1
1131069	0	7675772	0
1131069	0	7829698	0
1131069	0	7926720	0
1131069	0	8191742	0
1131069	0	8191743	1
1131069	0	8191744	0
1131069	0	8191746	1
1131069	0	825018	0
1131069	0	8432048	1
1131069	0	8432049	1
1131069	0	8432050	1
1131069	0	8432053	0
1131069	0	8432054	0
1131069	0	8449924	0
1131069	0	983919	0
1132532	0	109114	1
1132532	0	1152504	1
1132532	0	1229278	0
1132532	0	1245511	1
1132532	0	1248871	1
1132532	0	1305278	1
1132532	0	133081	0
1132532	0	1976995	1
1132532	0	2011959	0
1132532	0	2243580	1
1132532	0	2380936	1
1132532	0	23960	1
1132532	0	23966	1
1132532	0	2653715	1
1132532	0	2762578	1
1132532	0	2985332	0
1132532	0	2990698	1
1132532	0	3126731	1
1132532	0	3147601	1
1132532	0	3208537	1
1132532	0	3227497	1
1132532	0	3299150	1
1132532	0	3363586	0
1132532	0	3406612	1
1132532	0	3425496	0
1132532	0	3483362	1
1132532	0	3694494	0
1132532	0	3797904	1
1132532	0	3817926	1
1132532	0	3870279	1
1132532	0	4027068	1
1132532	0	4101859	0
1132532	0	4139703	1
1132532	0	4216584	1
1132532	0	4216585	1
1132532	0	4535907	1
1132532	0	4851673	1
1132532	0	4893092	1
1132532	0	5041349	1
1132532	0	5053525	1
1132532	0	507205	1
1132532	0	5086694	0
1132532	0	5086698	0
1132532	0	5086701	0
1132532	0	5158183	1
1132532	0	5232809	1
1132532	0	5382162	1
1132532	0	5454875	1
1132532	0	5454876	1
1132532	0	5479424	1
1132532	0	5580276	0
1132532	0	5810371	1
1132532	0	5906401	1
1132532	0	5989422	1
1132532	0	6062447	1
1132532	0	6117740	1
1132532	0	6117745	1
1132532	0	6128457	1
1132532	0	6176605	1
1132532	0	6176606	1
1132532	0	6189364	1
1132532	0	6189367	1
1132532	0	6189369	1
1132532	0	6208541	1
1132532	0	6239092	0
1132532	0	6239098	0
1132532	0	6432478	0
1132532	0	6445616	0
1132532	0	6445617	0
1132532	0	6526339	1
1132532	0	661416	1
1132532	0	6716842	1
1132532	0	673632	1
1132532	0	6832788	1
1132532	0	6832791	1
1132532	0	6832793	1
1132532	0	6832795	1
1132532	0	6897330	1
1132532	0	6950258	1
1132532	0	6994907	1
1132532	0	7470654	0
1132532	0	7496688	1
1132532	0	7543160	1
1132532	0	7561839	1
1132532	0	7561840	1
1132532	0	7564089	0
1132532	0	7605742	1
1132532	0	7740552	1
1132532	0	8153126	1
1132532	0	8307660	1
1132532	0	8318621	1
1132532	0	8318622	1
1132532	0	8318623	1
1132532	0	8318624	1
1132532	0	8318625	1
1132532	0	8318626	1
1132532	0	8374347	0
1132532	0	8447121	1
1132532	0	8585772	1
1132532	0	94140	1
1133579	0	1200778	1
1133579	0	1200780	1
1133579	0	1318188	1
1133579	0	1318193	1
1133579	0	1318194	1
1133579	0	1318196	1
1133579	0	1659308	1
1133579	0	1659309	1
1133579	0	1694484	1
1133579	0	1694489	1
1133579	0	1694490	1
1133579	0	1715623	1
1133579	0	1817052	1
1133579	0	1817053	1
1133579	0	1817054	1
1133579	0	1817055	1
1133579	0	1817057	1
1133579	0	1817058	1
1133579	0	2067537	1
1133579	0	2067538	1
1133579	0	2067540	1
1133579	0	2067542	1
1133579	0	2067543	1
1133579	0	2067544	1
1133579	0	2067546	1
1133579	0	2130044	1
1133579	0	2130046	1
1133579	0	2130048	1
1133579	0	2180172	1
1133579	0	2257983	1
1133579	0	2448461	1
1133579	0	2622214	0
1133579	0	2623943	1
1133579	0	2821155	1
1133579	0	2829602	1
1133579	0	3314130	1
1133579	0	3321778	1
1133579	0	3334477	1
1133579	0	3603873	0
1133579	0	3691483	1
1133579	0	3691484	1
1133579	0	3691486	1
1133579	0	3691487	1
1133579	0	3709169	1
1133579	0	3841449	1
1133579	0	4057642	1
1133579	0	4066126	1
1133579	0	4274862	1
1133579	0	4274863	1
1133579	0	4274864	1
1133579	0	4274865	1
1133579	0	4274867	1
1133579	0	4506270	1
1133579	0	4668677	1
1133579	0	4868943	1
1133579	0	4931640	1
1133579	0	4931641	1
1133579	0	4931642	1
1133579	0	4931643	1
1133579	0	4931644	1
1133579	0	4931645	1
1133579	0	4931646	1
1133579	0	4931647	1
1133579	0	5130163	1
1133579	0	5277542	1
1133579	0	5335041	1
1133579	0	5429508	1
1133579	0	5719612	1
1133579	0	5801082	1
1133579	0	6252755	1
1133579	0	6252757	1
1133579	0	6252758	1
1133579	0	6252759	1
1133579	0	6252760	1
1133579	0	6252762	1
1133579	0	6255967	0
1133579	0	6436962	1
1133579	0	6688772	1
1133579	0	670206	1
1133579	0	6827602	1
1133579	0	6827607	1
1133579	0	6948685	1
1133579	0	6948692	1
1133579	0	7171127	0
1133579	0	733202	1
1133579	0	733203	1
1133579	0	733204	1
1133579	0	733207	1
1133579	0	733210	1
1133579	0	8102278	1
1133579	0	8220876	1
1133579	0	8220877	1
1133579	0	8220878	1
1133579	0	8220879	1
1133579	0	8331199	1
1133579	0	8379130	1
1133579	0	8379133	1
1133579	0	8379135	1
1133579	0	8379136	1
1133579	0	852137	1
1136043	0	1017259	1
1136043	0	1056534	1
1136043	0	1056540	1
1136043	0	1282558	1
1136043	0	1287594	0
1136043	0	1287598	1
1136043	0	1300465	0
1136043	0	1414723	1
1136043	0	1414727	1
1136043	0	1705005	1
1136043	0	1782616	1
1136043	0	1870441	0
1136043	0	1870446	0
1136043	0	1882011	0
1136043	0	2012001	1
1136043	0	2031484	1
1136043	0	2054332	1
1136043	0	2362099	0
1136043	0	2428269	1
1136043	0	2428271	1
1136043	0	2428275	1
1136043	0	2428281	1
1136043	0	2606646	1
1136043	0	2701068	1
1136043	0	2829733	1
1136043	0	2842332	1
1136043	0	2894127	1
1136043	0	2899981	1
1136043	0	290723	1
1136043	0	3063969	1
1136043	0	3388679	1
1136043	0	3416166	0
1136043	0	3439931	1
1136043	0	3701410	1
1136043	0	3729116	1
1136043	0	3759620	1
1136043	0	3808639	1
1136043	0	3881116	1
1136043	0	3944364	1
1136043	0	4085339	1
1136043	0	4159264	0
1136043	0	4177279	0
1136043	0	4222842	1
1136043	0	4253647	0
1136043	0	431808	1
1136043	0	4535509	0
1136043	0	4545954	1
1136043	0	4625490	1
1136043	0	4648086	1
1136043	0	4671479	1
1136043	0	4687582	1
1136043	0	4718298	1
1136043	0	4888511	1
1136043	0	4970862	1
1136043	0	5000763	1
1136043	0	5001688	1
1136043	0	518075	0
1136043	0	5263212	0
1136043	0	5371004	1
1136043	0	5575991	0
1136043	0	5602853	0
1136043	0	5602859	1
1136043	0	5649915	1
1136043	0	5734497	1
1136043	0	5757494	0
1136043	0	5768634	1
1136043	0	6067536	1
1136043	0	6344364	0
1136043	0	6353858	1
1136043	0	6486122	1
1136043	0	6592014	1
1136043	0	6592015	1
1136043	0	6592017	1
1136043	0	663601	1
1136043	0	663603	1
1136043	0	6707428	1
1136043	0	6743039	0
1136043	0	6984531	1
1136043	0	7018326	1
1136043	0	711191	1
1136043	0	7355225	1
1136043	0	744908	1
1136043	0	7675473	1
1136043	0	7775105	1
1136043	0	7795164	1
1136043	0	7806552	0
1136043	0	7880131	1
1136043	0	7993553	1
1136043	0	8539294	1
1136043	0	8728069	1
1136043	0	8728070	1
1136043	0	8728071	1
1136043	0	8728072	1
1136043	0	8728074	1
1136043	0	8728076	1
1136043	0	8728077	1
1136043	0	8763838	1
1136043	0	879342	0
1136043	0	8814463	1
1136043	0	887	1
1136047	0	1025993	1
1136047	0	1049293	1
1136047	0	1059831	1
1136047	0	1404322	1
1136047	0	1404326	1
1136047	0	1404328	1
1136047	0	1404329	1
1136047	0	1442720	1
1136047	0	1446277	1
1136047	0	147973	0
1136047	0	1500783	1
1136047	0	1500784	1
1136047	0	1500786	1
1136047	0	1500788	1
1136047	0	1519328	1
1136047	0	1604058	1
1136047	0	1604084	1
1136047	0	1716878	1
1136047	0	1716882	1
1136047	0	180409	1
1136047	0	1850534	1
1136047	0	1889280	1
1136047	0	1889283	1
1136047	0	2165357	1
1136047	0	2227184	1
1136047	0	2330118	1
1136047	0	2330119	1
1136047	0	2707840	0
1136047	0	2707842	0
1136047	0	2746344	1
1136047	0	2815435	1
1136047	0	2815436	1
1136047	0	2815439	1
1136047	0	2815443	1
1136047	0	2857693	1
1136047	0	2943835	1
1136047	0	2975834	1
1136047	0	3006066	1
1136047	0	3509488	1
1136047	0	3551290	1
1136047	0	3597758	1
1136047	0	360418	1
1136047	0	3609677	1
1136047	0	3775376	1
1136047	0	3960077	1
1136047	0	3988779	1
1136047	0	4210777	1
1136047	0	4433897	1
1136047	0	4438276	1
1136047	0	4600128	1
1136047	0	4737919	1
1136047	0	4803702	1
1136047	0	5021131	0
1136047	0	512481	1
1136047	0	512482	1
1136047	0	5206192	1
1136047	0	5639065	1
1136047	0	5715172	1
1136047	0	5715175	1
1136047	0	5822427	1
1136047	0	5822430	1
1136047	0	5953384	1
1136047	0	6093342	1
1136047	0	6182713	0
1136047	0	6228714	1
1136047	0	646351	1
1136047	0	6499345	1
1136047	0	6499347	1
1136047	0	6675369	0
1136047	0	6702400	1
1136047	0	6823455	1
1136047	0	6823456	1
1136047	0	6974938	1
1136047	0	7009388	1
1136047	0	7009393	1
1136047	0	7009397	1
1136047	0	7087324	1
1136047	0	7185830	1
1136047	0	7255856	1
1136047	0	7255859	1
1136047	0	7522386	1
1136047	0	7540967	1
1136047	0	7540969	1
1136047	0	7571090	1
1136047	0	7766353	1
1136047	0	8046161	1
1136047	0	8104922	1
1136047	0	8141618	1
1136047	0	8328670	1
1136047	0	8617295	1
1136047	0	8633190	0
1136047	0	8680306	1
1136047	0	8724031	1
1136047	0	8724032	1
1136047	0	8724033	1
1136047	0	8724035	1
1136047	0	8724036	1
1136047	0	8724038	1
1136047	0	8724040	1
1136047	0	947389	1
1136962	0	1561631	1
1136962	0	1561634	1
1136962	0	188460	0
1136962	0	188463	1
1136962	0	2007473	0
1136962	0	2007478	0
1136962	0	2159746	0
1136962	0	2165374	0
1136962	0	2230334	0
1136962	0	2293833	0
1136962	0	2458254	1
1136962	0	2458255	1
1136962	0	2481400	1
1136962	0	2603320	0
1136962	0	2603322	0
1136962	0	2603324	0
1136962	0	265586	0
1136962	0	2668190	1
1136962	0	2734190	0
1136962	0	2736920	1
1136962	0	275377	0
1136962	0	277849	1
1136962	0	2985612	0
1136962	0	3049173	1
1136962	0	3049177	1
1136962	0	3049180	1
1136962	0	3260322	1
1136962	0	3293337	1
1136962	0	3319876	0
1136962	0	3348372	1
1136962	0	3504821	1
1136962	0	3520186	0
1136962	0	3551394	0
1136962	0	3586539	1
1136962	0	3646987	1
1136962	0	3863653	1
1136962	0	3937980	1
1136962	0	3940898	1
1136962	0	4024823	1
1136962	0	4088981	1
1136962	0	4170447	1
1136962	0	4373090	1
1136962	0	4405500	1
1136962	0	4405503	1
1136962	0	4405507	1
1136962	0	4405509	1
1136962	0	4548553	1
1136962	0	4589723	1
1136962	0	4589724	1
1136962	0	4589725	1
1136962	0	4589728	1
1136962	0	4589730	1
1136962	0	4601613	1
1136962	0	5060870	0
1136962	0	5167251	1
1136962	0	5414508	1
1136962	0	5471438	1
1136962	0	5804531	0
1136962	0	596001	1
1136962	0	6185710	1
1136962	0	6185711	1
1136962	0	6185712	1
1136962	0	6185714	1
1136962	0	6185715	1
1136962	0	6185716	1
1136962	0	6185717	1
1136962	0	6185718	1
1136962	0	6185719	1
1136962	0	6211003	0
1136962	0	6211004	1
1136962	0	638900	1
1136962	0	6442773	1
1136962	0	6442776	1
1136962	0	6684779	1
1136962	0	6842810	1
1136962	0	7023361	1
1136962	0	7023364	1
1136962	0	7296045	0
1136962	0	7609052	1
1136962	0	7621135	1
1136962	0	7631078	1
1136962	0	7631079	1
1136962	0	7631082	1
1136962	0	7631083	1
1136962	0	7631084	1
1136962	0	7721265	1
1136962	0	7745533	1
1136962	0	7896140	1
1136962	0	7909355	0
1136962	0	8064869	1
1136962	0	8278694	1
1136962	0	8336574	1
1136962	0	8336575	1
1136962	0	8336578	1
1136962	0	8336581	1
1136962	0	8380913	1
1136962	0	8614269	1
1136962	0	861633	0
1136962	0	861635	0
1136962	0	937258	1
118440	0	1013622	0
118440	0	1016470	1
118440	0	1016471	1
118440	0	1016473	0
118440	0	1016475	0
118440	0	1016476	0
118440	0	1016478	1
118440	0	1018686	0
118440	0	1072188	1
118440	0	1072191	1
118440	0	1305126	1
118440	0	1445679	0
118440	0	1445681	1
118440	0	1445685	1
118440	0	1569786	1
118440	0	1569787	1
118440	0	1711898	0
118440	0	2017777	0
118440	0	2018708	1
118440	0	2276621	0
118440	0	228375	0
118440	0	2352438	0
118440	0	2605332	1
118440	0	2674158	1
118440	0	2769940	1
118440	0	2975208	0
118440	0	2975209	0
118440	0	2975210	0
118440	0	2975214	1
118440	0	2975216	0
118440	0	3111914	0
118440	0	3272442	0
118440	0	3368681	0
118440	0	3986508	1
118440	0	4011884	0
118440	0	4073757	0
118440	0	4089571	0
118440	0	4123184	1
118440	0	4183264	1
118440	0	4195059	1
118440	0	423490	1
118440	0	4371088	0
118440	0	4403465	1
118440	0	4403471	1
118440	0	441342	0
118440	0	4430212	0
118440	0	4525890	1
118440	0	4561894	1
118440	0	4574420	1
118440	0	4635855	1
118440	0	4737856	1
118440	0	4868258	1
118440	0	5095420	0
118440	0	5229209	0
118440	0	5323383	0
118440	0	5323387	0
118440	0	5365148	0
118440	0	5365149	0
118440	0	5365150	0
118440	0	5365151	0
118440	0	5365153	0
118440	0	5365155	0
118440	0	5821384	0
118440	0	5821387	0
118440	0	5821390	0
118440	0	6291749	1
118440	0	6302294	0
118440	0	6360238	1
118440	0	6376420	0
118440	0	6523592	0
118440	0	6607056	0
118440	0	6609239	1
118440	0	6609240	1
118440	0	6632146	0
118440	0	6701791	0
118440	0	6750547	1
118440	0	6750548	0
118440	0	6750550	0
118440	0	6750551	1
118440	0	6750552	1
118440	0	6750553	0
118440	0	6753191	0
118440	0	6977842	1
118440	0	6996742	0
118440	0	7035722	1
118440	0	7303159	1
118440	0	7303164	0
118440	0	7303165	0
118440	0	7370113	0
118440	0	7703789	0
118440	0	7823062	0
118440	0	7998791	1
118440	0	821097	0
118440	0	8319567	0
118440	0	8516530	1
118440	0	8527720	0
118440	0	8714439	1
118440	0	8724457	0
118440	0	8785852	1
118440	0	998300	1
121171	0	1129307	1
121171	0	1219224	1
121171	0	1219231	1
121171	0	1278926	1
121171	0	1278930	1
121171	0	1651653	1
121171	0	2214980	1
121171	0	2337570	0
121171	0	2370501	1
121171	0	2479538	1
121171	0	2550806	1
121171	0	2550810	1
121171	0	2550811	1
121171	0	2550813	1
121171	0	2579338	1
121171	0	259430	1
121171	0	259431	1
121171	0	259432	1
121171	0	259433	1
121171	0	259434	1
121171	0	259436	1
121171	0	259437	1
121171	0	2626097	1
121171	0	2626101	1
121171	0	2631821	1
121171	0	2631822	1
121171	0	2631825	1
121171	0	2631826	1
121171	0	2631827	1
121171	0	2706826	1
121171	0	2735729	1
121171	0	2735732	1
121171	0	2949253	1
121171	0	3077043	1
121171	0	3092263	1
121171	0	3186752	1
121171	0	323246	1
121171	0	323247	1
121171	0	323249	1
121171	0	323252	1
121171	0	3240547	1
121171	0	3812019	1
121171	0	3812022	1
121171	0	3954466	1
121171	0	3954469	1
121171	0	4355386	1
121171	0	451169	1
121171	0	451170	1
121171	0	451171	1
121171	0	451172	1
121171	0	451173	1
121171	0	451176	1
121171	0	451177	1
121171	0	4609616	1
121171	0	5098604	1
121171	0	5176519	1
121171	0	5237901	1
121171	0	5237902	1
121171	0	5237903	1
121171	0	5237905	1
121171	0	5237907	1
121171	0	5237908	1
121171	0	5622467	1
121171	0	5671306	1
121171	0	5809828	1
121171	0	5809830	1
121171	0	5809832	1
121171	0	5809833	1
121171	0	5881046	1
121171	0	5930985	1
121171	0	6042757	1
121171	0	6042759	1
121171	0	6219641	1
121171	0	6461186	1
121171	0	6580474	1
121171	0	6580476	1
121171	0	6580477	1
121171	0	6724271	1
121171	0	6930941	1
121171	0	7165126	1
121171	0	7224846	1
121171	0	7242773	1
121171	0	8056821	1
121171	0	8260188	1
121171	0	8260190	1
121171	0	8260191	1
121171	0	8260192	1
121171	0	8260193	1
121171	0	8260194	1
121171	0	8260195	1
121171	0	8260196	1
121171	0	8301993	1
121171	0	8516144	1
121171	0	8643271	1
121171	0	8643272	1
121171	0	8643274	1
121171	0	8643275	1
121171	0	8643277	1
121171	0	8726232	1
121171	0	993579	1
135802	0	1103938	1
135802	0	1164779	1
135802	0	1212528	1
135802	0	1256034	1
135802	0	1267422	0
135802	0	1446987	1
135802	0	1895183	1
135802	0	1941266	0
135802	0	1968909	1
135802	0	1968913	1
135802	0	2198707	1
135802	0	2233105	1
135802	0	2319975	1
135802	0	2344998	1
135802	0	23872	1
135802	0	2571830	1
135802	0	2662718	1
135802	0	2669218	0
135802	0	2709625	1
135802	0	2720863	1
135802	0	2804118	1
135802	0	3005201	1
135802	0	3160285	1
135802	0	3299960	0
135802	0	3400902	0
135802	0	3400903	0
135802	0	342362	1
135802	0	3494470	1
135802	0	3775661	1
135802	0	3884881	0
135802	0	3930069	0
135802	0	4207077	1
135802	0	4254836	0
135802	0	438263	1
135802	0	4411252	1
135802	0	4478768	1
135802	0	4682759	0
135802	0	4865866	1
135802	0	4911365	0
135802	0	4919670	1
135802	0	5000167	0
135802	0	5038538	0
135802	0	5355557	1
135802	0	5394718	1
135802	0	5394719	1
135802	0	560808	1
135802	0	6037331	1
135802	0	6037338	1
135802	0	610872	1
135802	0	6249757	1
135802	0	6535015	1
135802	0	6604053	0
135802	0	667744	1
135802	0	6946136	1
135802	0	7003682	1
135802	0	7020899	1
135802	0	7023708	1
135802	0	7028913	1
135802	0	7066446	0
135802	0	7075501	1
135802	0	7078434	0
135802	0	7327478	1
135802	0	7451206	0
135802	0	7451207	0
135802	0	7561103	1
135802	0	7561104	1
135802	0	7561106	1
135802	0	7561108	1
135802	0	7686291	1
135802	0	788586	0
135802	0	802446	1
135802	0	8073461	1
135802	0	8085708	0
135802	0	8105236	1
135802	0	8117361	0
135802	0	8120579	1
135802	0	8146334	0
135802	0	8207185	1
135802	0	8264839	1
135802	0	8264842	1
135802	0	8264847	1
135802	0	8318153	0
135802	0	8335428	1
135802	0	8400085	1
135802	0	8400088	1
135802	0	8519713	0
135802	0	8630167	1
135802	0	8692619	1
135802	0	8692620	1
135802	0	8692621	1
135802	0	8692622	1
135802	0	8692623	1
135802	0	8692624	1
135802	0	8692625	1
135802	0	8692626	1
135802	0	8692627	1
135802	0	8692628	1
135802	0	8731214	1
135802	0	8780616	0
135802	0	97739	0
141630	0	1033241	1
141630	0	1157244	1
141630	0	1157245	1
141630	0	1157249	1
141630	0	1157251	1
141630	0	120631	1
141630	0	1296584	1
141630	0	1304706	1
141630	0	1314684	1
141630	0	1314689	1
141630	0	1333838	1
141630	0	1333841	1
141630	0	1352380	1
141630	0	153856	1
141630	0	1611308	1
141630	0	1916524	1
141630	0	1980895	1
141630	0	2173072	1
141630	0	2366117	1
141630	0	2366119	1
141630	0	2366121	1
141630	0	2398719	1
141630	0	2473236	1
141630	0	2658027	1
141630	0	2686304	1
141630	0	2831483	1
141630	0	2851002	1
141630	0	2933956	1
141630	0	3000836	1
141630	0	3096184	1
141630	0	3139270	1
141630	0	3303693	1
141630	0	3304065	1
141630	0	3304067	1
141630	0	3500851	1
141630	0	3500852	1
141630	0	3500859	1
141630	0	3500860	1
141630	0	3604692	1
141630	0	3722955	1
141630	0	4056584	1
141630	0	4098919	1
141630	0	4098924	1
141630	0	4207927	1
141630	0	430422	1
141630	0	4410585	1
141630	0	4422338	1
141630	0	4422339	1
141630	0	4422344	1
141630	0	4580952	1
141630	0	4580954	1
141630	0	4580955	1
141630	0	478867	1
141630	0	499774	1
141630	0	5126207	1
141630	0	5271691	1
141630	0	5316337	1
141630	0	5316338	1
141630	0	5337305	1
141630	0	5389973	1
141630	0	554695	1
141630	0	554696	1
141630	0	5607938	1
141630	0	5921140	1
141630	0	6007465	1
141630	0	6064896	1
141630	0	6064897	1
141630	0	6064898	1
141630	0	6290795	1
141630	0	6319711	1
141630	0	6319712	1
141630	0	6496222	1
141630	0	6496223	1
141630	0	6496225	1
141630	0	6496226	1
141630	0	6496229	1
141630	0	6530476	1
141630	0	6580043	1
141630	0	6638749	1
141630	0	6744188	1
141630	0	6865893	1
141630	0	7004631	1
141630	0	7228530	1
141630	0	7985117	1
141630	0	7985118	1
141630	0	7985119	1
141630	0	7985123	1
141630	0	8065287	1
141630	0	8068281	1
141630	0	8217013	1
141630	0	8225222	1
141630	0	8319987	1
141630	0	8319989	1
141630	0	8319990	1
141630	0	8319991	1
141630	0	8319992	1
141630	0	8319993	1
141630	0	8685361	1
141630	0	885784	1
141630	0	885787	1
156498	0	104800	1
156498	0	104801	1
156498	0	104803	1
156498	0	1066785	1
156498	0	1118223	1
156498	0	1354420	0
156498	0	1406647	0
156498	0	1434101	1
156498	0	1434103	1
156498	0	1564664	0
156498	0	1575716	0
156498	0	1575717	1
156498	0	1575718	1
156498	0	1584048	1
156498	0	1615199	1
156498	0	1663164	1
156498	0	1663169	1
156498	0	172094	0
156498	0	182690	1
156498	0	1998237	0
156498	0	2079878	1
156498	0	2126091	0
156498	0	2206872	0
156498	0	2427094	1
156498	0	2427097	1
156498	0	307019	1
156498	0	3109234	1
156498	0	3287997	1
156498	0	3288004	1
156498	0	3288005	0
156498	0	3301559	1
156498	0	3301563	1
156498	0	3397575	0
156498	0	3397576	0
156498	0	3397578	1
156498	0	3397580	1
156498	0	3397582	0
156498	0	3397583	0
156498	0	3446475	1
156498	0	3669926	1
156498	0	3669928	1
156498	0	3852372	0
156498	0	3852379	1
156498	0	4166192	0
156498	0	4273410	1
156498	0	4273412	1
156498	0	4273419	1
156498	0	4325222	1
156498	0	4325225	0
156498	0	4767873	1
156498	0	494571	1
156498	0	494572	1
156498	0	494576	1
156498	0	4960216	1
156498	0	4960218	1
156498	0	5043013	1
156498	0	5043014	1
156498	0	5230808	0
156498	0	5606983	0
156498	0	5606985	1
156498	0	5670872	0
156498	0	5820818	1
156498	0	584835	1
156498	0	603431	1
156498	0	6264236	0
156498	0	6351769	0
156498	0	6351772	1
156498	0	6351773	1
156498	0	645636	1
156498	0	6460157	1
156498	0	6555091	0
156498	0	6648981	0
156498	0	6648982	0
156498	0	6648984	0
156498	0	6648985	1
156498	0	6648986	0
156498	0	6648988	0
156498	0	6792607	0
156498	0	6819258	1
156498	0	6871676	1
156498	0	7075146	1
156498	0	7300615	1
156498	0	7456851	1
156498	0	7585248	0
156498	0	7781695	0
156498	0	7807890	0
156498	0	7807893	0
156498	0	7835392	1
156498	0	8146073	1
156498	0	8238887	1
156498	0	8314103	0
156498	0	841995	0
156498	0	8439464	0
156498	0	8606129	0
156498	0	8615224	1
156498	0	8615228	1
156498	0	8615231	1
156498	0	8648972	1
156498	0	8648975	1
156498	0	8823842	1
169208	0	1020235	0
169208	0	1020242	0
169208	0	1395413	1
169208	0	1395417	1
169208	0	1395418	1
169208	0	1479804	0
169208	0	1480206	0
169208	0	1496943	0
169208	0	1628101	0
169208	0	2178936	1
169208	0	2220780	0
169208	0	2294759	0
169208	0	2408681	1
169208	0	2594160	1
169208	0	2594161	1
169208	0	2634548	0
169208	0	2888366	1
169208	0	2888367	1
169208	0	2966461	0
169208	0	2975902	0
169208	0	307001	0
169208	0	307002	0
169208	0	3258961	0
169208	0	3344084	0
169208	0	3453848	1
169208	0	3715860	1
169208	0	3815795	0
169208	0	3815796	0
169208	0	3983295	0
169208	0	4180364	0
169208	0	4202275	1
169208	0	4202278	1
169208	0	426965	0
169208	0	426968	0
169208	0	426969	0
169208	0	4354838	0
169208	0	4389969	0
169208	0	4580131	1
169208	0	4580132	1
169208	0	4580133	1
169208	0	4580137	1
169208	0	460578	0
169208	0	4762134	1
169208	0	4762135	1
169208	0	4762137	1
169208	0	4762140	1
169208	0	4762142	1
169208	0	4859432	1
169208	0	4859433	1
169208	0	4859437	1
169208	0	4859438	1
169208	0	5143514	0
169208	0	5143517	0
169208	0	5252895	0
169208	0	5336241	0
169208	0	5336242	0
169208	0	5507046	1
169208	0	5618969	1
169208	0	5748802	0
169208	0	5748805	0
169208	0	5818047	0
169208	0	5818051	0
169208	0	5839767	0
169208	0	5839768	0
169208	0	5839776	0
169208	0	5940730	0
169208	0	6028156	0
169208	0	6029383	0
169208	0	6145945	0
169208	0	6171142	0
169208	0	6171146	0
169208	0	6252711	1
169208	0	6435804	0
169208	0	6495531	0
169208	0	6568550	0
169208	0	6643675	0
169208	0	6744353	0
169208	0	6808744	1
169208	0	6808748	1
169208	0	6819404	0
169208	0	6824000	0
169208	0	6947096	0
169208	0	7192969	1
169208	0	721607	1
169208	0	721610	1
169208	0	7251632	1
169208	0	7251639	1
169208	0	7461961	0
169208	0	7566695	0
169208	0	8303019	1
169208	0	8383467	1
169208	0	8416228	0
169208	0	8479644	1
169208	0	85985	1
169208	0	85987	1
169208	0	85989	1
169208	0	85993	1
169208	0	8824698	0
169208	0	8824703	0
169208	0	886182	0
174463	0	1024766	1
174463	0	102528	1
174463	0	1072948	0
174463	0	109163	0
174463	0	109169	0
174463	0	1185676	0
174463	0	1295675	0
174463	0	1407618	0
174463	0	1479952	1
174463	0	1537716	0
174463	0	1754433	0
174463	0	1788355	1
174463	0	1835375	1
174463	0	1854164	0
174463	0	1854166	1
174463	0	2210371	1
174463	0	237994	0
174463	0	2382185	1
174463	0	2415021	0
174463	0	2608040	0
174463	0	2823415	0
174463	0	2911251	0
174463	0	3026306	0
174463	0	3058734	0
174463	0	3213498	1
174463	0	3226905	0
174463	0	3235293	0
174463	0	3259571	1
174463	0	3462249	0
174463	0	3499033	0
174463	0	3501225	1
174463	0	3664198	0
174463	0	3780091	0
174463	0	4178446	0
174463	0	4183465	0
174463	0	4275752	0
174463	0	4311474	0
174463	0	4321177	1
174463	0	4326254	0
174463	0	4452291	0
174463	0	4452296	1
174463	0	4484479	1
174463	0	4484484	1
174463	0	4501662	0
174463	0	4501665	0
174463	0	4616593	0
174463	0	467390	1
174463	0	479318	0
174463	0	4879010	0
174463	0	488990	0
174463	0	4916403	0
174463	0	5264566	1
174463	0	5569938	0
174463	0	5688367	1
174463	0	5783037	0
174463	0	5824588	0
174463	0	6083371	1
174463	0	609384	0
174463	0	6094017	1
174463	0	6175503	0
174463	0	6257198	0
174463	0	6294949	0
174463	0	6330267	0
174463	0	6375264	0
174463	0	6440048	0
174463	0	6443245	0
174463	0	6443247	0
174463	0	6443248	0
174463	0	6471343	0
174463	0	6602504	0
174463	0	6602507	0
174463	0	671719	0
174463	0	6717195	0
174463	0	6718985	1
174463	0	6718987	1
174463	0	6774000	0
174463	0	6867423	1
174463	0	7072670	0
174463	0	7072671	0
174463	0	7089624	1
174463	0	7089625	1
174463	0	7089627	1
174463	0	7089629	1
174463	0	7089630	1
174463	0	7089632	1
174463	0	7108184	1
174463	0	7282097	0
174463	0	7376643	0
174463	0	7402420	0
174463	0	7402422	0
174463	0	7411856	0
174463	0	7446174	0
174463	0	7611683	0
174463	0	7898167	0
174463	0	8304451	1
174463	0	8304456	1
174463	0	8304457	1
174463	0	8304458	1
174463	0	8429534	0
174463	0	8797696	0
23849	0	1113803	1
23849	0	1170902	1
23849	0	1295848	1
23849	0	1333480	1
23849	0	1449785	1
23849	0	1562442	1
23849	0	1622747	1
23849	0	1680203	0
23849	0	1739455	1
23849	0	178252	1
23849	0	1825393	1
23849	0	1827512	1
23849	0	188190	1
23849	0	188246	1
23849	0	2017213	0
23849	0	2039331	1
23849	0	2063280	1
23849	0	2132534	1
23849	0	2183977	1
23849	0	2199035	1
23849	0	2204433	1
23849	0	2210428	1
23849	0	244830	1
23849	0	2466882	1
23849	0	2491823	1
23849	0	2516458	0
23849	0	2540071	1
23849	0	2647769	1
23849	0	2674124	0
23849	0	273820	1
23849	0	293608	0
23849	0	3181495	0
23849	0	3185492	0
23849	0	336778	0
23849	0	3513239	1
23849	0	3550643	1
23849	0	3643765	0
23849	0	3654335	0
23849	0	3744747	1
23849	0	4091550	0
23849	0	4141983	1
23849	0	4190254	0
23849	0	421164	1
23849	0	4348282	1
23849	0	436721	1
23849	0	4482145	1
23849	0	4688091	1
23849	0	4834498	1
23849	0	4844981	0
23849	0	490331	0
23849	0	522359	0
23849	0	5363400	1
23849	0	542113	1
23849	0	5529682	1
23849	0	5811573	1
23849	0	5885925	1
23849	0	5888570	1
23849	0	5925321	1
23849	0	6041916	0
23849	0	6054726	1
23849	0	641196	0
23849	0	6440050	0
23849	0	653142	1
23849	0	6667419	1
23849	0	6722889	1
23849	0	6722890	1
23849	0	6728787	0
23849	0	6739225	0
23849	0	6769988	1
23849	0	7060905	0
23849	0	7084426	1
23849	0	7087828	1
23849	0	7088689	1
23849	0	7119957	1
23849	0	7120002	0
23849	0	727869	0
23849	0	7311204	1
23849	0	7431268	1
23849	0	7685265	1
23849	0	7736747	0
23849	0	799642	1
23849	0	8010561	1
23849	0	8059826	1
23849	0	8062904	0
23849	0	8133127	1
23849	0	8246990	1
23849	0	8293999	0
23849	0	8466742	1
23849	0	8466748	1
23849	0	8466750	1
23849	0	8501571	0
23849	0	8549434	1
23849	0	8636113	1
23849	0	8723108	0
23849	0	8752783	1
23849	0	8769995	1
23849	0	886103	1
23849	0	891365	1
23849	0	892160	1
23849	0	964148	0
258062	0	1139497	1
258062	0	1311743	1
258062	0	18100	1
258062	0	18103	1
258062	0	1990209	1
258062	0	1990214	1
258062	0	2009233	1
258062	0	2009235	1
258062	0	2009237	1
258062	0	2087378	1
258062	0	2707010	1
258062	0	2707014	1
258062	0	2875425	1
258062	0	2898171	1
258062	0	2940182	1
258062	0	3012167	1
258062	0	3132005	1
258062	0	3159992	1
258062	0	3195767	1
258062	0	3297029	1
258062	0	3404354	1
258062	0	3404355	1
258062	0	352037	1
258062	0	3672507	1
258062	0	3683402	1
258062	0	3695217	1
258062	0	3777927	1
258062	0	3777930	1
258062	0	3777936	1
258062	0	3807311	1
258062	0	3807312	1
258062	0	387592	1
258062	0	3947004	1
258062	0	3984587	1
258062	0	4155912	1
258062	0	4159137	1
258062	0	4159140	1
258062	0	4159145	1
258062	0	4159344	1
258062	0	4159345	1
258062	0	4174306	1
258062	0	4174307	1
258062	0	4174308	1
258062	0	4174309	1
258062	0	4174313	1
258062	0	4595262	1
258062	0	4595267	1
258062	0	4595794	1
258062	0	4595795	1
258062	0	4610034	1
258062	0	4901878	1
258062	0	5060031	1
258062	0	5131173	1
258062	0	5134732	1
258062	0	5179887	1
258062	0	5326260	1
258062	0	5456429	1
258062	0	5556800	0
258062	0	5598944	1
258062	0	5598947	1
258062	0	5671977	1
258062	0	5677369	0
258062	0	5810936	1
258062	0	5810937	1
258062	0	5968758	1
258062	0	60522	1
258062	0	60526	0
258062	0	6059047	1
258062	0	63211	1
258062	0	63216	1
258062	0	6347133	1
258062	0	6382557	1
258062	0	639079	1
258062	0	639084	1
258062	0	6486786	1
258062	0	6643803	1
258062	0	6643805	1
258062	0	6643808	1
258062	0	7068638	1
258062	0	7068640	1
258062	0	7335249	1
258062	0	7335250	1
258062	0	7344533	1
258062	0	7450542	1
258062	0	7450543	1
258062	0	7450550	1
258062	0	7526527	0
258062	0	7532084	1
258062	0	756978	1
258062	0	7573918	1
258062	0	7655249	1
258062	0	7821393	1
258062	0	7918982	1
258062	0	7918984	1
258062	0	8242299	1
258062	0	8293525	0
258062	0	8694158	1
258062	0	8694161	1
258062	0	91493	1
258062	0	923624	1
324585	0	1051441	1
324585	0	123374	0
324585	0	1420284	0
324585	0	1420290	0
324585	0	1793647	0
324585	0	1934929	0
324585	0	1955672	0
324585	0	2194313	0
324585	0	2267107	0
324585	0	2305518	0
324585	0	2944861	0
324585	0	296622	1
324585	0	3141972	0
324585	0	3282546	0
324585	0	3608325	1
324585	0	3708057	0
324585	0	3951267	0
324585	0	4023087	0
324585	0	4048274	0
324585	0	405277	1
324585	0	405282	1
324585	0	4467784	0
324585	0	4467785	0
324585	0	4532866	0
324585	0	4822924	0
324585	0	5099259	0
324585	0	5290833	0
324585	0	5331545	0
324585	0	5380369	0
324585	0	5454689	0
324585	0	5454691	0
324585	0	5503610	0
324585	0	5527879	0
324585	0	5527882	0
324585	0	5618788	0
324585	0	5996798	0
324585	0	6047904	0
324585	0	6169930	0
324585	0	6190203	0
324585	0	6324031	0
324585	0	6354554	0
324585	0	6369620	0
324585	0	6393239	0
324585	0	6432486	0
324585	0	6438318	0
324585	0	6480421	1
324585	0	6537091	0
324585	0	6546370	0
324585	0	6546372	0
324585	0	6546374	0
324585	0	6565613	0
324585	0	6574430	0
324585	0	6673779	0
324585	0	667940	0
324585	0	678872	0
324585	0	6842100	1
324585	0	6871932	0
324585	0	6873587	0
324585	0	6874014	0
324585	0	6894819	0
324585	0	7006319	0
324585	0	704951	0
324585	0	7300117	1
324585	0	7370946	0
324585	0	7437105	0
324585	0	7437107	0
324585	0	7490889	0
324585	0	7509089	0
324585	0	7528145	0
324585	0	7530191	0
324585	0	7551445	0
324585	0	7568187	0
324585	0	7570887	0
324585	0	7572392	0
324585	0	7714666	0
324585	0	7941122	1
324585	0	7941125	1
324585	0	7941129	1
324585	0	7941130	1
324585	0	7956708	0
324585	0	7982362	0
324585	0	7987550	0
324585	0	8067024	0
324585	0	8222823	1
324585	0	8290310	1
324585	0	8290314	1
324585	0	8293432	0
324585	0	8293434	0
324585	0	8302614	0
324585	0	8302616	0
324585	0	8310496	1
324585	0	8321236	0
324585	0	8327285	0
324585	0	8381474	0
324585	0	8467798	0
324585	0	8470747	0
324585	0	8474261	0
324585	0	8479794	0
324585	0	8596354	0
324585	0	8762253	0
330975	0	1097857	1
330975	0	1097858	1
330975	0	1097859	1
330975	0	1097861	1
330975	0	1159947	0
330975	0	134849	1
330975	0	1547519	1
330975	0	1637261	1
330975	0	1637266	1
330975	0	2299991	1
330975	0	2299992	1
330975	0	233944	1
330975	0	233945	1
330975	0	233946	1
330975	0	233947	1
330975	0	233948	1
330975	0	233949	1
330975	0	233950	1
330975	0	233952	1
330975	0	3018015	1
330975	0	3240106	1
330975	0	3240112	1
330975	0	3256083	1
330975	0	3256084	1
330975	0	3256086	1
330975	0	3297853	1
330975	0	3297854	1
330975	0	3297855	1
330975	0	3297856	1
330975	0	3297857	1
330975	0	3297858	1
330975	0	3297859	1
330975	0	3297860	1
330975	0	3335804	1
330975	0	3390812	1
330975	0	3390814	1
330975	0	3390815	1
330975	0	3390819	1
330975	0	3633164	1
330975	0	3683062	1
330975	0	3857964	1
330975	0	3857965	1
330975	0	4108178	1
330975	0	4392141	1
330975	0	4392144	1
330975	0	4392147	1
330975	0	4620923	1
330975	0	4695297	1
330975	0	482126	1
330975	0	482130	1
330975	0	482131	1
330975	0	4896435	1
330975	0	4896436	1
330975	0	4896437	1
330975	0	5190215	1
330975	0	5393803	1
330975	0	5393804	1
330975	0	5393805	1
330975	0	5427108	1
330975	0	5427109	1
330975	0	5427116	1
330975	0	5557976	1
330975	0	5557978	1
330975	0	5558822	1
330975	0	5580302	1
330975	0	5580311	1
330975	0	5676116	0
330975	0	5700585	0
330975	0	5750875	1
330975	0	5750877	1
330975	0	5750878	1
330975	0	5750880	1
330975	0	6127421	1
330975	0	6148794	0
330975	0	6559223	1
330975	0	6649851	1
330975	0	6693239	1
330975	0	6819976	1
330975	0	6863218	1
330975	0	702103	1
330975	0	7086788	1
330975	0	7203502	1
330975	0	7518746	1
330975	0	7518750	1
330975	0	7624927	1
330975	0	7768610	1
330975	0	7871128	1
330975	0	7871129	1
330975	0	7908218	1
330975	0	7908225	1
330975	0	7998086	1
330975	0	8243793	1
330975	0	8327008	1
330975	0	8327011	1
330975	0	8327013	1
330975	0	8541454	1
330975	0	8541455	1
330975	0	8541457	1
330975	0	8541461	1
330975	0	8643307	1
332593	0	1167181	1
332593	0	1167184	1
332593	0	1222946	1
332593	0	1436314	1
332593	0	1443723	1
332593	0	1443727	1
332593	0	1443728	1
332593	0	1443729	1
332593	0	1443730	1
332593	0	1539776	1
332593	0	1650687	1
332593	0	1905434	1
332593	0	1905439	1
332593	0	2196188	0
332593	0	3127491	1
332593	0	3156804	1
332593	0	3156805	1
332593	0	3156810	1
332593	0	329112	1
332593	0	3731313	1
332593	0	4023720	1
332593	0	4023721	1
332593	0	4023722	1
332593	0	4023727	1
332593	0	4431496	1
332593	0	4431500	0
332593	0	4431502	1
332593	0	45431	1
332593	0	45438	1
332593	0	45440	1
332593	0	4614346	1
332593	0	4701751	1
332593	0	4701756	1
332593	0	4765570	0
332593	0	4866228	1
332593	0	4952089	1
332593	0	4952095	1
332593	0	5241321	1
332593	0	5241322	1
332593	0	5241323	1
332593	0	5241324	1
332593	0	5241325	1
332593	0	5241326	1
332593	0	5241327	1
332593	0	5241328	1
332593	0	5241329	1
332593	0	5257858	1
332593	0	5257865	1
332593	0	5356672	0
332593	0	5533103	0
332593	0	5619070	1
332593	0	5707518	1
332593	0	5707523	1
332593	0	5975274	1
332593	0	6007038	1
332593	0	6007041	1
332593	0	6016981	1
332593	0	6189461	1
332593	0	6382153	0
332593	0	6382156	0
332593	0	6534081	1
332593	0	6534082	1
332593	0	6534084	1
332593	0	6534085	1
332593	0	6534087	1
332593	0	6534089	1
332593	0	6581605	1
332593	0	6616552	1
332593	0	6616553	1
332593	0	6616556	1
332593	0	6616559	1
332593	0	6765225	1
332593	0	6765227	1
332593	0	7073993	1
332593	0	7073995	1
332593	0	7073996	1
332593	0	7073998	1
332593	0	7073999	1
332593	0	713457	1
332593	0	713460	1
332593	0	7331778	1
332593	0	7331782	1
332593	0	7331783	1
332593	0	7362660	1
332593	0	7362661	1
332593	0	8021425	1
332593	0	8091677	1
332593	0	8091681	1
332593	0	8362835	0
332593	0	8434869	1
332593	0	8434870	1
332593	0	8434871	1
332593	0	8434872	1
332593	0	8434873	1
332593	0	8434874	1
332593	0	8749229	1
332593	0	8749231	1
332593	0	931412	1
332593	0	931415	1
332593	0	931416	1
336901	0	1942397	0
336901	0	2116958	0
336901	0	213017	1
336901	0	2202663	1
336901	0	2229274	1
336901	0	2261716	0
336901	0	2460126	1
336901	0	2537065	1
336901	0	2547700	0
336901	0	2589736	1
336901	0	2739554	1
336901	0	2770019	0
336901	0	2909600	1
336901	0	2934191	0
336901	0	302494	1
336901	0	3033657	1
336901	0	3187470	0
336901	0	3290802	1
336901	0	3330854	1
336901	0	3330861	0
336901	0	3386083	1
336901	0	3646550	1
336901	0	3753992	0
336901	0	4028521	1
336901	0	4259466	0
336901	0	4268010	0
336901	0	4268015	0
336901	0	4377113	0
336901	0	4420994	0
336901	0	4432630	1
336901	0	4763959	0
336901	0	4786356	0
336901	0	4789969	0
336901	0	5147393	1
336901	0	5171199	0
336901	0	5241430	0
336901	0	5244487	0
336901	0	5414644	0
336901	0	5477597	0
336901	0	55618	1
336901	0	560658	0
336901	0	560659	0
336901	0	560663	0
336901	0	560665	0
336901	0	5700401	0
336901	0	5884067	0
336901	0	5901047	0
336901	0	5901048	0
336901	0	5901050	0
336901	0	5901053	0
336901	0	6017280	1
336901	0	6017284	1
336901	0	6017286	1
336901	0	6017287	1
336901	0	6091320	1
336901	0	6096613	1
336901	0	6096614	1
336901	0	614064	0
336901	0	614065	0
336901	0	614067	0
336901	0	6174291	0
336901	0	6174294	0
336901	0	6174297	0
336901	0	630109	1
336901	0	6401408	0
336901	0	6401411	0
336901	0	6555424	0
336901	0	6736418	0
336901	0	6919021	0
336901	0	6919023	0
336901	0	69544	0
336901	0	7209021	1
336901	0	7209022	1
336901	0	7209024	1
336901	0	7209028	1
336901	0	7378226	0
336901	0	7459686	1
336901	0	7675890	0
336901	0	7836253	0
336901	0	7836254	0
336901	0	7836255	1
336901	0	7836256	1
336901	0	7836258	1
336901	0	7836259	0
336901	0	7836261	1
336901	0	7971503	0
336901	0	7971504	0
336901	0	8130979	0
336901	0	8130980	1
336901	0	8528674	1
336901	0	8528675	1
336901	0	8528677	1
336901	0	8528678	1
336901	0	8528679	1
336901	0	8528680	1
336901	0	8528681	1
336901	0	8528682	1
336901	0	8643945	0
336901	0	8712881	0
336901	0	8740069	1
390360	0	1073857	1
390360	0	1073860	1
390360	0	1093722	1
390360	0	1106020	1
390360	0	1106022	1
390360	0	1106026	1
390360	0	1184646	1
390360	0	1207604	1
390360	0	1227893	1
390360	0	1227897	1
390360	0	1264600	1
390360	0	1442273	1
390360	0	1469393	1
390360	0	1499633	1
390360	0	1499639	1
390360	0	1530575	0
390360	0	1613657	1
390360	0	1689723	1
390360	0	170385	1
390360	0	1927061	1
390360	0	206444	1
390360	0	2094425	1
390360	0	2131782	1
390360	0	2168033	1
390360	0	2173448	1
390360	0	2191185	1
390360	0	2203875	1
390360	0	2203877	1
390360	0	2287703	1
390360	0	2287705	1
390360	0	2328884	0
390360	0	2557612	1
390360	0	2577767	1
390360	0	2772160	1
390360	0	2772163	1
390360	0	3074898	1
390360	0	3074899	1
390360	0	320970	1
390360	0	324991	1
390360	0	324992	1
390360	0	324994	1
390360	0	3272391	1
390360	0	3407427	0
390360	0	3487859	1
390360	0	3615382	0
390360	0	3988319	0
390360	0	3988320	0
390360	0	4246422	1
390360	0	4432750	1
390360	0	4619216	1
390360	0	4619218	1
390360	0	4683960	1
390360	0	4689262	1
390360	0	4689264	1
390360	0	4962302	1
390360	0	5005531	1
390360	0	500648	1
390360	0	5358590	1
390360	0	5423359	1
390360	0	5725004	1
390360	0	604111	1
390360	0	604116	1
390360	0	6062252	1
390360	0	6179316	1
390360	0	6200812	0
390360	0	6219373	1
390360	0	6359990	1
390360	0	6492799	1
390360	0	6492800	1
390360	0	6492801	1
390360	0	6492802	1
390360	0	675658	1
390360	0	675660	1
390360	0	675665	1
390360	0	6909501	1
390360	0	6989232	0
390360	0	6989234	1
390360	0	7003154	1
390360	0	7145036	1
390360	0	7186643	1
390360	0	7462672	1
390360	0	7477381	1
390360	0	7594169	1
390360	0	7632249	1
390360	0	7679050	1
390360	0	7805081	1
390360	0	7840164	0
390360	0	7953203	1
390360	0	8081039	1
390360	0	8085714	1
390360	0	8105013	1
390360	0	8139895	1
390360	0	8384887	1
390360	0	8542133	1
390360	0	860971	1
390360	0	8630609	1
390360	0	8630611	1
390360	0	8630614	1
390360	0	8630618	1
390360	0	8803972	1
405163	0	1352545	1
405163	0	1352548	1
405163	0	1363323	0
405163	0	1363324	0
405163	0	1363471	1
405163	0	1518539	1
405163	0	1518541	1
405163	0	155030	0
405163	0	1567780	0
405163	0	1744752	0
405163	0	1744754	0
405163	0	1851246	0
405163	0	1893014	0
405163	0	1893015	0
405163	0	1902866	1
405163	0	2023165	0
405163	0	2118590	0
405163	0	2525792	1
405163	0	2748170	1
405163	0	2806295	1
405163	0	2806296	1
405163	0	295189	1
405163	0	2956456	0
405163	0	3077968	0
405163	0	3146197	0
405163	0	3196612	0
405163	0	319949	0
405163	0	3280807	0
405163	0	3280809	0
405163	0	3280810	0
405163	0	3293026	1
405163	0	3303367	1
405163	0	3342853	0
405163	0	3377714	1
405163	0	3377720	1
405163	0	3491768	0
405163	0	35406	0
405163	0	3602402	1
405163	0	3623223	0
405163	0	3799843	0
405163	0	429245	1
405163	0	429246	1
405163	0	429247	1
405163	0	4473693	0
405163	0	451983	1
405163	0	451986	0
405163	0	4631851	0
405163	0	4642223	1
405163	0	4773286	0
405163	0	4773292	0
405163	0	4773293	0
405163	0	5174690	0
405163	0	5210319	0
405163	0	5527853	0
405163	0	558752	1
405163	0	5682701	1
405163	0	5682707	1
405163	0	5766038	1
405163	0	5888917	1
405163	0	5909571	1
405163	0	5922369	1
405163	0	5930035	0
405163	0	6047223	0
405163	0	6085617	1
405163	0	6104288	0
405163	0	6104291	0
405163	0	6104292	0
405163	0	6225930	0
405163	0	6289824	1
405163	0	6309627	0
405163	0	6407490	1
405163	0	641844	0
405163	0	641847	1
405163	0	641849	0
405163	0	6470092	1
405163	0	6715712	0
405163	0	6715713	0
405163	0	6796414	1
405163	0	6916264	1
405163	0	6945009	1
405163	0	6945011	1
405163	0	6945014	1
405163	0	7018542	0
405163	0	7059548	0
405163	0	7103107	0
405163	0	7196947	1
405163	0	7222499	1
405163	0	7507332	0
405163	0	754944	0
405163	0	7622492	1
405163	0	808640	0
405163	0	8496595	0
405163	0	8504921	0
405163	0	851536	1
405163	0	8547644	0
405163	0	8608597	1
405163	0	8608603	1
405163	0	942522	0
405163	0	942523	0
405163	0	978353	1
42255	0	1470399	0
42255	0	1470400	1
42255	0	1470405	0
42255	0	1601662	0
42255	0	1601669	0
42255	0	1601670	1
42255	0	179539	0
42255	0	182410	1
42255	0	1896381	0
42255	0	1967918	0
42255	0	2584026	1
42255	0	2673763	0
42255	0	2673765	0
42255	0	2799681	0
42255	0	2799687	0
42255	0	2882385	0
42255	0	2882387	0
42255	0	3063186	0
42255	0	3063187	0
42255	0	3077461	0
42255	0	3077462	0
42255	0	3077466	1
42255	0	3077467	1
42255	0	3716282	1
42255	0	3723425	0
42255	0	3817242	1
42255	0	3817246	1
42255	0	3817247	0
42255	0	4058733	0
42255	0	459262	0
42255	0	461282	0
42255	0	5326924	0
42255	0	5326930	0
42255	0	5488089	0
42255	0	5549175	0
42255	0	5549178	0
42255	0	5550454	0
42255	0	5550456	0
42255	0	5550457	0
42255	0	5571057	1
42255	0	5656056	0
42255	0	5656058	0
42255	0	5783300	1
42255	0	5823922	0
42255	0	5823929	0
42255	0	5921276	1
42255	0	5977536	0
42255	0	5977537	0
42255	0	5997797	1
42255	0	5997800	0
42255	0	5997801	0
42255	0	6030146	0
42255	0	6030147	0
42255	0	6030150	0
42255	0	6030151	0
42255	0	6098598	1
42255	0	6098603	1
42255	0	6159641	0
42255	0	6159642	1
42255	0	6159643	1
42255	0	6159644	1
42255	0	6159645	0
42255	0	6261568	0
42255	0	630087	1
42255	0	6307607	0
42255	0	6307608	0
42255	0	6307609	0
42255	0	6318691	0
42255	0	6487361	1
42255	0	6784918	0
42255	0	6784920	0
42255	0	6784921	0
42255	0	6784923	0
42255	0	6784924	1
42255	0	6971741	0
42255	0	6983048	0
42255	0	7123386	1
42255	0	7123387	1
42255	0	7123388	1
42255	0	7123389	0
42255	0	7123390	0
42255	0	729163	1
42255	0	729165	1
42255	0	732000	1
42255	0	7545799	0
42255	0	7545801	0
42255	0	7688776	0
42255	0	7688780	0
42255	0	7944026	1
42255	0	8286390	1
42255	0	8328839	1
42255	0	8372967	0
42255	0	857475	1
42255	0	857479	1
42255	0	8586795	0
42255	0	8746188	1
42255	0	8746189	1
42255	0	8746190	1
42255	0	8746194	1
42255	0	8746197	1
47210	0	1131414	1
47210	0	1256320	1
47210	0	1560499	1
47210	0	1560504	1
47210	0	1764823	1
47210	0	1836597	1
47210	0	1839666	0
47210	0	1839668	1
47210	0	1839669	1
47210	0	1839671	0
47210	0	1839673	1
47210	0	1839675	1
47210	0	1880184	1
47210	0	2042918	1
47210	0	2042927	1
47210	0	2059433	1
47210	0	2131771	1
47210	0	2338382	1
47210	0	2338383	1
47210	0	2338384	1
47210	0	2338385	1
47210	0	2338386	1
47210	0	2545998	1
47210	0	2546001	1
47210	0	2546002	1
47210	0	2546005	1
47210	0	2546007	1
47210	0	2566998	1
47210	0	2674624	1
47210	0	2769575	1
47210	0	2779810	1
47210	0	278662	1
47210	0	278663	1
47210	0	2902256	1
47210	0	3112626	1
47210	0	3112629	1
47210	0	3131197	1
47210	0	3136853	1
47210	0	3304361	1
47210	0	3304363	1
47210	0	3491885	1
47210	0	3858013	1
47210	0	3858014	1
47210	0	3873019	1
47210	0	4007103	1
47210	0	4007108	1
47210	0	4356665	1
47210	0	4356666	1
47210	0	4748992	1
47210	0	4748993	1
47210	0	4748994	1
47210	0	4748995	1
47210	0	4748997	1
47210	0	4766143	1
47210	0	486868	1
47210	0	5118980	1
47210	0	5207323	1
47210	0	5207326	1
47210	0	5207328	1
47210	0	5207329	1
47210	0	5219853	1
47210	0	5219856	1
47210	0	5301406	1
47210	0	5497278	1
47210	0	5514541	1
47210	0	5551882	1
47210	0	5561968	1
47210	0	5642099	1
47210	0	5642107	1
47210	0	5698323	1
47210	0	5736870	1
47210	0	5859180	1
47210	0	5947917	1
47210	0	6168516	1
47210	0	6168517	1
47210	0	6168519	1
47210	0	6168520	1
47210	0	6180503	1
47210	0	6180504	1
47210	0	6180505	1
47210	0	6180506	1
47210	0	6180507	1
47210	0	6330615	1
47210	0	6377337	1
47210	0	6395755	1
47210	0	6502207	1
47210	0	6879333	1
47210	0	7067451	1
47210	0	7367872	1
47210	0	7367873	1
47210	0	7509248	1
47210	0	7509250	1
47210	0	7509251	1
47210	0	7562282	1
47210	0	7562284	1
47210	0	8241222	1
47210	0	8261977	1
47210	0	8609955	1
47210	0	8646329	1
47210	0	8816808	1
555530	0	1057075	1
555530	0	1224784	1
555530	0	1452313	1
555530	0	1483513	1
555530	0	1526190	1
555530	0	1536622	1
555530	0	1554646	1
555530	0	1672654	1
555530	0	1754575	1
555530	0	1754577	1
555530	0	1754579	1
555530	0	1754581	1
555530	0	1807676	1
555530	0	1897716	1
555530	0	2217431	1
555530	0	2325350	1
555530	0	2496662	1
555530	0	264683	1
555530	0	2748620	1
555530	0	2805520	1
555530	0	2862301	1
555530	0	2906190	1
555530	0	2978164	1
555530	0	2978171	1
555530	0	2995376	1
555530	0	3003055	1
555530	0	3349807	1
555530	0	3366711	1
555530	0	338635	1
555530	0	338636	1
555530	0	3527047	1
555530	0	3559167	1
555530	0	3559168	1
555530	0	3559170	1
555530	0	3703992	1
555530	0	3717576	1
555530	0	3815825	1
555530	0	3815826	1
555530	0	3948935	1
555530	0	4071550	1
555530	0	4137963	1
555530	0	4137964	1
555530	0	4238674	1
555530	0	4296807	1
555530	0	4448364	1
555530	0	4567816	1
555530	0	4585316	1
555530	0	4668014	1
555530	0	474544	1
555530	0	5090893	1
555530	0	5095988	1
555530	0	5103915	1
555530	0	5103918	1
555530	0	5148307	1
555530	0	522676	1
555530	0	5383945	1
555530	0	5500485	1
555530	0	561169	1
555530	0	5756530	1
555530	0	5832513	1
555530	0	5846403	1
555530	0	5959536	1
555530	0	6017929	1
555530	0	6078228	1
555530	0	6108231	1
555530	0	6108232	1
555530	0	6108234	1
555530	0	6150835	1
555530	0	6225333	1
555530	0	6229953	1
555530	0	6417223	1
555530	0	6453628	1
555530	0	6485976	1
555530	0	6530143	1
555530	0	6579581	1
555530	0	668366	1
555530	0	6903166	1
555530	0	6913116	1
555530	0	6936081	1
555530	0	715859	1
555530	0	721199	1
555530	0	7246139	1
555530	0	7339147	1
555530	0	7416801	1
555530	0	7474908	1
555530	0	7475084	1
555530	0	7606339	1
555530	0	7606343	1
555530	0	7766459	1
555530	0	8025704	1
555530	0	803872	1
555530	0	8097532	1
555530	0	8276743	1
555530	0	8461277	1
555530	0	8593830	1
555530	0	91705	1
555530	0	971426	1
555530	0	971429	1
555530	0	971431	1
555530	0	976267	1
583468	0	119352	1
583468	0	119355	1
583468	0	119358	1
583468	0	119361	1
583468	0	1209860	1
583468	0	1546126	1
583468	0	1546127	1
583468	0	1546128	1
583468	0	1546131	1
583468	0	1546134	1
583468	0	1675561	1
583468	0	1675562	1
583468	0	1675564	1
583468	0	1675566	1
583468	0	1675568	1
583468	0	2080306	1
583468	0	2080312	1
583468	0	2080313	1
583468	0	2142129	1
583468	0	2267047	1
583468	0	2267049	1
583468	0	2267052	1
583468	0	2267054	1
583468	0	2345777	1
583468	0	2884627	1
583468	0	312143	1
583468	0	3466605	1
583468	0	3466606	1
583468	0	3466607	1
583468	0	3466610	1
583468	0	3644636	1
583468	0	5623832	1
583468	0	5623834	1
583468	0	5623837	1
583468	0	5623838	1
583468	0	6171513	1
583468	0	6286919	1
583468	0	6286922	1
583468	0	6286923	1
583468	0	6286924	1
583468	0	6286925	1
583468	0	6286927	1
583468	0	6286928	1
583468	0	6654304	1
583468	0	6654305	1
583468	0	6654307	1
583468	0	6654308	1
583468	0	6654310	1
583468	0	6654311	1
583468	0	6654312	1
583468	0	6654313	1
583468	0	7165924	1
583468	0	7267055	1
583468	0	7450717	1
583468	0	7450718	1
583468	0	7450725	1
583468	0	7465953	1
583468	0	7465954	1
583468	0	7465955	1
583468	0	7465956	1
583468	0	7465959	1
583468	0	7465960	1
583468	0	7473712	1
583468	0	7491697	1
583468	0	7491698	1
583468	0	7491700	1
583468	0	7491701	1
583468	0	7491702	1
583468	0	7491704	1
583468	0	7491705	1
583468	0	7706119	1
583468	0	7706121	1
583468	0	7706122	1
583468	0	7744346	1
583468	0	7744347	1
583468	0	7744348	1
583468	0	7744349	1
583468	0	7744350	1
583468	0	7744351	1
583468	0	7832015	1
583468	0	8144444	1
583468	0	8144446	1
583468	0	8144448	1
583468	0	8144451	1
583468	0	8158595	1
583468	0	8159201	1
583468	0	8326076	1
583468	0	8326078	1
583468	0	8326080	1
583468	0	8395840	1
583468	0	8395845	1
583468	0	8656219	1
583468	0	8658401	1
583468	0	914661	1
583468	0	914663	1
583468	0	914664	1
583468	0	914666	1
583468	0	914669	1
583468	0	932702	1
583468	0	988	1
640502	0	1034854	1
640502	0	1091791	1
640502	0	1126451	1
640502	0	1126454	1
640502	0	1226398	1
640502	0	1226405	1
640502	0	1238025	1
640502	0	1367928	1
640502	0	1367931	1
640502	0	1393126	1
640502	0	1467731	1
640502	0	1467737	1
640502	0	1593642	1
640502	0	172502	1
640502	0	1730711	1
640502	0	1854588	1
640502	0	1861075	1
640502	0	1910577	1
640502	0	1913846	1
640502	0	208375	1
640502	0	208378	1
640502	0	2177954	1
640502	0	218503	1
640502	0	2316210	1
640502	0	239682	1
640502	0	239686	1
640502	0	2808576	1
640502	0	2815944	0
640502	0	2989518	1
640502	0	300924	1
640502	0	3255505	1
640502	0	3271456	1
640502	0	328368	1
640502	0	3322772	1
640502	0	3423597	1
640502	0	3423600	1
640502	0	343072	1
640502	0	343075	1
640502	0	343077	1
640502	0	343078	1
640502	0	3551380	1
640502	0	3580219	1
640502	0	3678130	1
640502	0	3992429	1
640502	0	3992434	1
640502	0	4088602	0
640502	0	418508	1
640502	0	4422928	0
640502	0	4519536	0
640502	0	4719591	1
640502	0	4719593	1
640502	0	4778464	1
640502	0	4888715	1
640502	0	5073510	1
640502	0	5073872	1
640502	0	511928	0
640502	0	5129685	1
640502	0	5150987	1
640502	0	541157	0
640502	0	541163	0
640502	0	559691	0
640502	0	5827712	1
640502	0	5827713	1
640502	0	5835732	1
640502	0	5891337	1
640502	0	5915302	1
640502	0	598202	1
640502	0	5989160	1
640502	0	6103770	1
640502	0	6103775	1
640502	0	6107938	1
640502	0	6107942	1
640502	0	6304674	1
640502	0	6304677	1
640502	0	6414859	1
640502	0	6414861	0
640502	0	6497384	1
640502	0	6497388	1
640502	0	6514908	1
640502	0	6669057	0
640502	0	6730887	1
640502	0	6883508	1
640502	0	6959430	1
640502	0	6985038	1
640502	0	7000431	1
640502	0	7136725	0
640502	0	7153950	1
640502	0	7160372	1
640502	0	7456406	1
640502	0	7621753	1
640502	0	77134	1
640502	0	8003526	1
640502	0	807509	1
640502	0	8232968	0
640502	0	8405337	1
640502	0	8412227	1
640502	0	8412229	1
640502	0	8612390	1
640502	0	8612532	0
640502	0	895832	1
67316	0	1114355	1
67316	0	1134520	1
67316	0	1320687	1
67316	0	1325092	1
67316	0	1408563	1
67316	0	1862954	1
67316	0	1913	1
67316	0	1974374	0
67316	0	1974375	1
67316	0	2169133	0
67316	0	2173083	1
67316	0	2268657	1
67316	0	2273934	1
67316	0	2365990	1
67316	0	2365997	1
67316	0	2426305	1
67316	0	3063530	1
67316	0	308681	1
67316	0	3272839	1
67316	0	3519736	1
67316	0	3679350	1
67316	0	3679358	1
67316	0	3694448	1
67316	0	3810716	1
67316	0	3810717	1
67316	0	3810719	1
67316	0	40048	1
67316	0	4085262	0
67316	0	4163705	1
67316	0	4163707	1
67316	0	4180169	1
67316	0	4245166	1
67316	0	4252546	1
67316	0	450305	1
67316	0	450309	1
67316	0	4766330	1
67316	0	481471	1
67316	0	4915520	0
67316	0	4922572	1
67316	0	5029981	1
67316	0	5181839	1
67316	0	5181841	1
67316	0	5195161	1
67316	0	5634750	1
67316	0	5640235	0
67316	0	5644606	1
67316	0	5695908	1
67316	0	6116679	1
67316	0	6148105	0
67316	0	6179106	1
67316	0	6179107	1
67316	0	6179111	1
67316	0	6190970	1
67316	0	6190971	1
67316	0	6221796	0
67316	0	6290074	1
67316	0	6290078	1
67316	0	6290080	1
67316	0	6509337	1
67316	0	6680964	1
67316	0	6683215	1
67316	0	6698946	1
67316	0	6764668	1
67316	0	6764669	1
67316	0	6764671	1
67316	0	6764673	1
67316	0	6764674	1
67316	0	6764675	1
67316	0	6764676	1
67316	0	6813041	1
67316	0	6905735	1
67316	0	6905739	1
67316	0	7111673	1
67316	0	7112302	1
67316	0	7323071	1
67316	0	7330184	1
67316	0	7513151	1
67316	0	7563006	1
67316	0	7630885	1
67316	0	7688987	1
67316	0	7786606	1
67316	0	7993389	1
67316	0	8003840	1
67316	0	8261797	1
67316	0	8285748	1
67316	0	8285749	1
67316	0	8291314	0
67316	0	8322645	1
67316	0	8333879	1
67316	0	8423873	1
67316	0	8431632	1
67316	0	8431634	1
67316	0	8431637	1
67316	0	8498096	1
67316	0	8534315	1
67316	0	866739	1
67316	0	8773687	1
67316	0	8806125	1
67316	0	964173	1
67316	0	973226	1
673670	0	1104649	1
673670	0	1104653	1
673670	0	1104655	1
673670	0	1237187	1
673670	0	1282792	1
673670	0	1313581	1
673670	0	1343846	1
673670	0	1350386	1
673670	0	1398748	1
673670	0	1398756	1
673670	0	1511452	1
673670	0	1511457	1
673670	0	1511460	1
673670	0	1705892	1
673670	0	1858578	1
673670	0	1905068	1
673670	0	1905070	1
673670	0	1905072	1
673670	0	1905073	1
673670	0	1905074	1
673670	0	1905075	1
673670	0	1954736	1
673670	0	1954745	1
673670	0	2013193	1
673670	0	2240350	1
673670	0	2240352	1
673670	0	2240353	1
673670	0	2240354	1
673670	0	2240355	1
673670	0	2240357	1
673670	0	2240358	1
673670	0	2240359	1
673670	0	2841850	1
673670	0	3025089	1
673670	0	3169483	1
673670	0	3345262	1
673670	0	3345263	1
673670	0	3345266	1
673670	0	3345269	1
673670	0	334627	1
673670	0	3607495	1
673670	0	3607496	1
673670	0	3607497	1
673670	0	3607500	1
673670	0	3607501	1
673670	0	386848	1
673670	0	3916293	1
673670	0	3933625	1
673670	0	3961222	1
673670	0	4013566	1
673670	0	4013567	1
673670	0	4013568	1
673670	0	4013569	1
673670	0	4013570	1
673670	0	4561019	1
673670	0	4765538	1
673670	0	5261468	1
673670	0	5445569	1
673670	0	5544711	1
673670	0	5900580	1
673670	0	6068920	1
673670	0	6068921	1
673670	0	6182115	1
673670	0	6395146	1
673670	0	7257297	1
673670	0	7257298	1
673670	0	7257300	1
673670	0	7257301	1
673670	0	7257302	1
673670	0	7257303	1
673670	0	7257304	1
673670	0	7257305	1
673670	0	7257306	1
673670	0	7259576	1
673670	0	7259578	1
673670	0	7358120	1
673670	0	7729118	1
673670	0	7732030	1
673670	0	7772630	1
673670	0	7772637	1
673670	0	8008345	1
673670	0	814827	1
673670	0	824934	1
673670	0	8417472	1
673670	0	8524262	1
673670	0	8524263	1
673670	0	8524264	1
673670	0	8524266	1
673670	0	8524267	1
673670	0	8632357	1
673670	0	8632358	1
673670	0	8632361	1
673670	0	8632364	1
673670	0	8632365	1
673670	0	8735640	1
673670	0	8773078	1
673670	0	8837074	1
673670	0	8837075	1
673670	0	8837082	1
673670	0	907457	1
701453	0	1065237	1
701453	0	1117051	1
701453	0	1210199	1
701453	0	1559740	1
701453	0	1625351	1
701453	0	1682032	0
701453	0	1782018	1
701453	0	1813606	1
701453	0	1990363	1
701453	0	2017216	1
701453	0	2036076	1
701453	0	2036079	1
701453	0	2036081	1
701453	0	2052463	1
701453	0	2223012	1
701453	0	2360561	1
701453	0	237073	1
701453	0	237074	1
701453	0	270635	1
701453	0	3121997	0
701453	0	3122000	0
701453	0	3143000	1
701453	0	3212512	1
701453	0	3215645	1
701453	0	3235283	0
701453	0	416000	1
701453	0	416002	1
701453	0	4330671	1
701453	0	4330672	1
701453	0	4330673	1
701453	0	4330675	1
701453	0	4330676	1
701453	0	4330677	1
701453	0	4330678	1
701453	0	4330679	1
701453	0	4330680	1
701453	0	4355643	1
701453	0	4355644	1
701453	0	4355645	1
701453	0	4355647	1
701453	0	4355649	1
701453	0	4355652	1
701453	0	4379827	1
701453	0	4805036	1
701453	0	4828939	1
701453	0	5304249	1
701453	0	539244	0
701453	0	568223	1
701453	0	5798495	0
701453	0	5923933	1
701453	0	6049588	1
701453	0	606124	1
701453	0	606130	1
701453	0	6182993	0
701453	0	6261842	1
701453	0	6445717	1
701453	0	6445718	1
701453	0	6473569	1
701453	0	6473572	1
701453	0	6796731	1
701453	0	6805838	0
701453	0	688613	1
701453	0	688614	1
701453	0	688615	1
701453	0	688618	1
701453	0	6999087	1
701453	0	7062002	1
701453	0	7062710	1
701453	0	7062856	1
701453	0	7192992	1
701453	0	7259848	1
701453	0	7333087	1
701453	0	7486198	1
701453	0	7490757	1
701453	0	7586972	1
701453	0	7621886	1
701453	0	7806569	1
701453	0	8162001	0
701453	0	8299452	1
701453	0	8306076	1
701453	0	8337095	1
701453	0	8402344	1
701453	0	8402345	1
701453	0	8402346	1
701453	0	8402348	1
701453	0	8402349	1
701453	0	8402350	1
701453	0	8608068	1
701453	0	8616201	1
701453	0	8626140	1
701453	0	8626142	1
701453	0	8626143	1
701453	0	8626144	1
701453	0	8626145	1
701453	0	8626146	1
701453	0	8626147	1
701453	0	8626148	1
701453	0	8626149	1
701453	0	8673511	1
701453	0	871165	1
730539	0	1396228	0
730539	0	1701624	0
730539	0	1746805	0
730539	0	1782601	0
730539	0	2244098	0
730539	0	2260017	0
730539	0	2274566	0
730539	0	2355235	0
730539	0	2364403	0
730539	0	2452273	0
730539	0	2494790	0
730539	0	2508032	0
730539	0	2520695	0
730539	0	2569265	0
730539	0	2623735	0
730539	0	2647289	0
730539	0	2666436	1
730539	0	2666443	1
730539	0	2666444	1
730539	0	2807033	0
730539	0	2821845	1
730539	0	2830024	0
730539	0	2863348	0
730539	0	2925724	0
730539	0	2972740	0
730539	0	3025386	0
730539	0	3054289	0
730539	0	3125742	0
730539	0	3193525	0
730539	0	3320012	1
730539	0	3434023	0
730539	0	3436847	0
730539	0	3599627	0
730539	0	3692197	0
730539	0	3699064	0
730539	0	3847570	0
730539	0	3862318	0
730539	0	3944257	1
730539	0	3967462	0
730539	0	3967466	0
730539	0	3970461	0
730539	0	3970470	0
730539	0	3972617	0
730539	0	4202777	0
730539	0	4202779	0
730539	0	4305713	0
730539	0	4556982	0
730539	0	4605022	1
730539	0	4717277	0
730539	0	5158558	0
730539	0	5168075	0
730539	0	5324058	0
730539	0	5380325	1
730539	0	5410805	0
730539	0	5419700	0
730539	0	5428552	1
730539	0	5432022	0
730539	0	5452882	1
730539	0	5931673	0
730539	0	5956724	0
730539	0	5968366	0
730539	0	6113686	0
730539	0	6206360	1
730539	0	6315947	0
730539	0	6734967	1
730539	0	690810	1
730539	0	7097291	0
730539	0	7129068	1
730539	0	7282033	0
730539	0	7580662	0
730539	0	7772142	0
730539	0	7898265	0
730539	0	79033	0
730539	0	7916064	1
730539	0	7934155	0
730539	0	8050243	0
730539	0	8065167	0
730539	0	8199747	0
730539	0	8220409	0
730539	0	8220505	0
730539	0	8220535	0
730539	0	8276217	1
730539	0	8276218	1
730539	0	8276223	1
730539	0	8276225	1
730539	0	837984	0
730539	0	8413914	1
730539	0	8577875	1
730539	0	8577876	1
730539	0	8577877	1
730539	0	8577879	1
730539	0	8577880	1
730539	0	8577881	1
730539	0	8577882	1
730539	0	8698492	0
730539	0	8785139	0
730539	0	8785142	0
730539	0	8800723	0
730539	0	8814741	0
730539	0	958948	0
768208	0	1147809	0
768208	0	1147811	0
768208	0	1179558	0
768208	0	1338568	0
768208	0	1515651	0
768208	0	1562825	0
768208	0	1605952	0
768208	0	1606419	0
768208	0	169073	0
768208	0	1747568	1
768208	0	1889980	0
768208	0	1918513	0
768208	0	2056879	0
768208	0	2322065	0
768208	0	2379474	1
768208	0	2478311	0
768208	0	2519779	0
768208	0	2609150	0
768208	0	2733942	0
768208	0	2737045	0
768208	0	3058085	0
768208	0	3081086	0
768208	0	3187590	1
768208	0	3187597	1
768208	0	3515882	1
768208	0	3515883	1
768208	0	3515884	1
768208	0	3515887	1
768208	0	37604	0
768208	0	3878225	0
768208	0	3921082	0
768208	0	3922442	0
768208	0	4251602	1
768208	0	4587610	0
768208	0	4651212	0
768208	0	4835102	1
768208	0	4855825	0
768208	0	4880667	0
768208	0	4881503	0
768208	0	4988310	0
768208	0	5168037	0
768208	0	52154	1
768208	0	52155	1
768208	0	52156	1
768208	0	52157	1
768208	0	52158	1
768208	0	52159	1
768208	0	52160	1
768208	0	52161	1
768208	0	52162	1
768208	0	52163	1
768208	0	541397	0
768208	0	5440658	0
768208	0	547867	1
768208	0	581991	0
768208	0	5960653	0
768208	0	6053532	0
768208	0	617106	1
768208	0	6600126	0
768208	0	665982	0
768208	0	6773404	0
768208	0	6809641	0
768208	0	6958226	0
768208	0	6962074	0
768208	0	7073499	0
768208	0	7074335	0
768208	0	7075997	0
768208	0	7087722	0
768208	0	7096427	0
768208	0	7186513	0
768208	0	7186860	0
768208	0	7211423	0
768208	0	7389311	1
768208	0	7494468	0
768208	0	7967947	0
768208	0	7996343	1
768208	0	8013523	0
768208	0	8013626	0
768208	0	8014525	0
768208	0	8023290	0
768208	0	8029406	0
768208	0	8086096	0
768208	0	8086226	0
768208	0	8086443	0
768208	0	8094595	0
768208	0	8113059	0
768208	0	8114700	0
768208	0	813102	1
768208	0	8154817	0
768208	0	8170966	0
768208	0	8187702	0
768208	0	820489	0
768208	0	842934	0
768208	0	8469069	0
768208	0	8525681	1
768208	0	8525683	1
768208	0	8619622	0
768208	0	8802293	0
768208	0	8827488	0
768208	0	955479	0
877809	0	1030813	1
877809	0	1030818	1
877809	0	1050327	1
877809	0	119535	1
877809	0	1208595	1
877809	0	1550610	1
877809	0	1550611	1
877809	0	1550612	1
877809	0	1550613	1
877809	0	1592278	1
877809	0	1593415	0
877809	0	1821652	1
877809	0	1830189	1
877809	0	1856105	1
877809	0	1856108	1
877809	0	1869686	1
877809	0	1939815	1
877809	0	1939819	1
877809	0	1939820	1
877809	0	2208912	1
877809	0	2213765	1
877809	0	2213767	1
877809	0	2781468	1
877809	0	3073810	1
877809	0	3248713	1
877809	0	3248714	1
877809	0	3328098	1
877809	0	3328100	1
877809	0	35107	1
877809	0	35108	1
877809	0	35109	1
877809	0	35111	1
877809	0	35112	1
877809	0	35113	1
877809	0	35114	1
877809	0	35115	1
877809	0	3703087	0
877809	0	379134	1
877809	0	379136	1
877809	0	379138	1
877809	0	379142	1
877809	0	3879161	1
877809	0	3879167	1
877809	0	3982277	1
877809	0	416056	0
877809	0	4167126	1
877809	0	4476390	1
877809	0	4534156	1
877809	0	4619976	0
877809	0	4626619	1
877809	0	4635482	1
877809	0	4888926	1
877809	0	4888929	1
877809	0	4888932	1
877809	0	5037395	1
877809	0	5037396	1
877809	0	5229370	1
877809	0	5416048	1
877809	0	5695320	1
877809	0	5758393	1
877809	0	5758394	1
877809	0	5758396	1
877809	0	5758398	1
877809	0	5850349	1
877809	0	5940393	1
877809	0	5940394	1
877809	0	6306988	1
877809	0	6306991	1
877809	0	6458503	0
877809	0	658473	1
877809	0	6629296	1
877809	0	6629299	1
877809	0	6680909	1
877809	0	6704838	1
877809	0	6704843	1
877809	0	7040017	1
877809	0	7040022	1
877809	0	7050366	1
877809	0	7070855	1
877809	0	7346771	1
877809	0	7380092	1
877809	0	7380094	1
877809	0	7380100	1
877809	0	741714	1
877809	0	7714171	1
877809	0	7906970	1
877809	0	7906974	1
877809	0	805935	1
877809	0	8165590	1
877809	0	8240715	1
877809	0	8240722	1
877809	0	825224	1
877809	0	8290074	1
877809	0	8417500	1
877809	0	8511146	1
877809	0	8517491	1
877809	0	8781372	0
877809	0	8781373	1
877809	0	935210	1
877809	0	955828	1
911232	0	1253670	0
911232	0	1289541	0
911232	0	151022	0
911232	0	1551910	0
911232	0	1573986	0
911232	0	1674264	1
911232	0	1699559	0
911232	0	1725219	0
911232	0	1775917	0
911232	0	1879470	1
911232	0	1879471	1
911232	0	1879472	1
911232	0	1879474	1
911232	0	1879475	1
911232	0	1882236	0
911232	0	1943456	0
911232	0	2060082	0
911232	0	2098850	0
911232	0	2098854	0
911232	0	2146423	0
911232	0	230437	0
911232	0	2348225	0
911232	0	2495400	0
911232	0	2602174	0
911232	0	268075	0
911232	0	2999925	1
911232	0	2999926	1
911232	0	2999928	1
911232	0	2999930	1
911232	0	2999932	1
911232	0	2999933	1
911232	0	3089566	0
911232	0	3089568	0
911232	0	3113875	0
911232	0	3410786	0
911232	0	3526898	0
911232	0	3641147	0
911232	0	3653851	0
911232	0	3829551	0
911232	0	3891824	0
911232	0	4162798	0
911232	0	4266737	0
911232	0	4396140	0
911232	0	4423031	0
911232	0	4517906	1
911232	0	4594208	0
911232	0	4760718	0
911232	0	4879997	0
911232	0	4894624	0
911232	0	4967291	1
911232	0	4967292	0
911232	0	4967294	1
911232	0	4967296	0
911232	0	4967297	1
911232	0	4967298	0
911232	0	4967299	1
911232	0	5042477	0
911232	0	5053496	0
911232	0	5645433	0
911232	0	5710019	0
911232	0	5803858	0
911232	0	5810865	0
911232	0	6090195	0
911232	0	6160287	0
911232	0	6212401	0
911232	0	6228495	0
911232	0	628442	0
911232	0	642969	0
911232	0	6555853	0
911232	0	6875204	0
911232	0	6928655	1
911232	0	7013256	0
911232	0	7132172	0
911232	0	7144962	0
911232	0	7238675	1
911232	0	7244788	1
911232	0	7486721	0
911232	0	7486722	0
911232	0	7486723	0
911232	0	7486725	0
911232	0	7486726	0
911232	0	7532416	0
911232	0	7953925	1
911232	0	8087775	0
911232	0	8198316	0
911232	0	8222252	0
911232	0	8370911	0
911232	0	8422900	0
911232	0	8474422	0
911232	0	8521974	0
911232	0	8682526	0
911232	0	8682527	0
911232	0	8816617	1
911232	0	8816620	1
911232	0	8816621	1
911232	0	8816622	1
911232	0	8816623	1
911232	0	8816624	1
911232	0	8816625	1
911232	0	8816626	1
914916	0	1183903	1
914916	0	1183904	1
914916	0	1183908	1
914916	0	1194681	1
914916	0	1194685	1
914916	0	1237158	1
914916	0	1356326	1
914916	0	1392742	1
914916	0	145274	1
914916	0	1501494	1
914916	0	1699112	1
914916	0	1752784	1
914916	0	1835661	1
914916	0	1886761	1
914916	0	2001626	1
914916	0	2001628	1
914916	0	2054776	1
914916	0	2159459	1
914916	0	2200004	1
914916	0	2224048	1
914916	0	2293684	1
914916	0	2463787	1
914916	0	2631739	1
914916	0	2631743	1
914916	0	2631746	1
914916	0	2693897	1
914916	0	2943481	0
914916	0	2970791	1
914916	0	2989236	1
914916	0	3057739	1
914916	0	3253278	1
914916	0	3253279	1
914916	0	3375845	1
914916	0	3505662	1
914916	0	3530681	1
914916	0	3530685	1
914916	0	3573852	1
914916	0	3586559	1
914916	0	3635240	1
914916	0	3643633	1
914916	0	3758228	1
914916	0	3949623	1
914916	0	424527	1
914916	0	4249582	1
914916	0	4413747	1
914916	0	4413752	1
914916	0	4413753	1
914916	0	4425460	1
914916	0	4506170	0
914916	0	4578391	0
914916	0	4631895	1
914916	0	5061651	1
914916	0	5122808	1
914916	0	5177082	1
914916	0	5439626	1
914916	0	5439629	1
914916	0	5730352	1
914916	0	5730355	1
914916	0	5730358	1
914916	0	5890304	1
914916	0	593526	1
914916	0	6042350	1
914916	0	6071696	1
914916	0	6092962	1
914916	0	6174100	1
914916	0	6268145	1
914916	0	6818272	1
914916	0	6824065	1
914916	0	7040507	1
914916	0	7081903	1
914916	0	7186701	1
914916	0	7240123	1
914916	0	7241370	0
914916	0	7655935	1
914916	0	7662448	1
914916	0	7675715	0
914916	0	7693496	1
914916	0	7693497	1
914916	0	7798475	1
914916	0	8027657	1
914916	0	8027663	0
914916	0	8053514	1
914916	0	8065288	1
914916	0	8129165	1
914916	0	8164184	0
914916	0	8345544	1
914916	0	8348854	1
914916	0	8438561	1
914916	0	8481901	1
914916	0	8520449	1
914916	0	8563840	1
914916	0	8772516	1
914916	0	8772517	1
914916	0	8772520	1
914916	0	8772521	1
914916	0	8772524	1
914916	0	8772525	1
914916	0	8813137	1
914916	0	8813138	1
914916	0	8813139	1
938400	0	1266524	1
938400	0	1571994	0
938400	0	1869047	1
938400	0	1983233	0
938400	0	2009151	0
938400	0	2009153	1
938400	0	2071046	1
938400	0	2208294	0
938400	0	2272355	0
938400	0	2367686	0
938400	0	2371820	1
938400	0	2421817	0
938400	0	2431595	0
938400	0	2495397	0
938400	0	2532049	1
938400	0	2532051	1
938400	0	2709062	0
938400	0	2709067	1
938400	0	2870510	0
938400	0	294552	1
938400	0	2958107	1
938400	0	2962204	1
938400	0	2962207	1
938400	0	2962210	1
938400	0	2962212	1
938400	0	2969902	0
938400	0	3074064	0
938400	0	3088747	1
938400	0	3088748	1
938400	0	3088750	1
938400	0	3088751	1
938400	0	3088752	1
938400	0	3088754	1
938400	0	3088755	1
938400	0	3166729	0
938400	0	3196382	0
938400	0	3196383	0
938400	0	3240932	0
938400	0	3342793	0
938400	0	3353757	1
938400	0	3353758	1
938400	0	3353762	1
938400	0	3424110	0
938400	0	3659760	0
938400	0	3820289	1
938400	0	3911073	0
938400	0	3914686	1
938400	0	4086689	0
938400	0	4207807	1
938400	0	425476	0
938400	0	4264424	0
938400	0	4350268	0
938400	0	4607590	0
938400	0	4629343	0
938400	0	4629346	0
938400	0	47281	1
938400	0	47283	1
938400	0	47286	1
938400	0	47290	1
938400	0	492658	1
938400	0	4956057	1
938400	0	5061328	1
938400	0	5154744	0
938400	0	5154745	0
938400	0	5154749	0
938400	0	5336101	0
938400	0	5351415	0
938400	0	5833738	1
938400	0	5833739	1
938400	0	5933470	0
938400	0	6246557	1
938400	0	6246558	1
938400	0	6246560	1
938400	0	6246561	1
938400	0	6246564	1
938400	0	6499448	1
938400	0	6499450	1
938400	0	6769076	1
938400	0	7004412	0
938400	0	7029656	0
938400	0	7219041	0
938400	0	7239121	1
938400	0	7239122	1
938400	0	7239123	1
938400	0	7239128	1
938400	0	7313619	1
938400	0	7840321	0
938400	0	7861138	0
938400	0	7861140	0
938400	0	790219	1
938400	0	790224	1
938400	0	790225	1
938400	0	7970190	1
938400	0	8678067	1
938400	0	8678070	1
938400	0	8767317	0
938400	0	8775001	1
938400	0	881068	1
938400	0	8822547	0
938400	0	98010	0
940547	0	1081626	1
940547	0	1277675	1
940547	0	1319794	1
940547	0	1383750	1
940547	0	1676310	1
940547	0	1976277	1
940547	0	2120466	1
940547	0	2352570	1
940547	0	2607807	0
940547	0	2625173	1
940547	0	2667347	1
940547	0	2667350	1
940547	0	2793047	1
940547	0	3026777	0
940547	0	3113409	1
940547	0	3191030	1
940547	0	3314511	1
940547	0	3408094	1
940547	0	3443058	1
940547	0	3482015	1
940547	0	3590901	1
940547	0	3709984	1
940547	0	3745285	0
940547	0	3745286	0
940547	0	3822464	0
940547	0	3865943	1
940547	0	3899965	1
940547	0	3904679	1
940547	0	3932566	1
940547	0	4100051	1
940547	0	4194888	1
940547	0	4208591	0
940547	0	4481817	1
940547	0	4612142	1
940547	0	4612145	0
940547	0	4612146	0
940547	0	4612147	0
940547	0	4652480	0
940547	0	4652481	0
940547	0	4652487	0
940547	0	4664998	1
940547	0	4664999	1
940547	0	4672829	0
940547	0	4696636	1
940547	0	4696638	1
940547	0	4696640	1
940547	0	4787647	1
940547	0	4800890	1
940547	0	4820847	1
940547	0	5022060	0
940547	0	506000	1
940547	0	506003	1
940547	0	5118373	1
940547	0	5118375	1
940547	0	5255827	1
940547	0	5270011	1
940547	0	5300646	1
940547	0	5300647	1
940547	0	5300648	1
940547	0	5300651	1
940547	0	5300654	1
940547	0	5472541	1
940547	0	5831702	1
940547	0	5831708	1
940547	0	5831709	1
940547	0	61068	1
940547	0	61069	1
940547	0	61071	1
940547	0	6132337	0
940547	0	6308302	1
940547	0	6404591	1
940547	0	6548463	0
940547	0	6656482	1
940547	0	6693959	1
940547	0	69247	1
940547	0	6979302	1
940547	0	7052524	1
940547	0	7259156	1
940547	0	7259157	1
940547	0	7280582	1
940547	0	7280584	1
940547	0	7280585	1
940547	0	7282174	1
940547	0	7282176	1
940547	0	7282182	1
940547	0	7767850	0
940547	0	7855423	1
940547	0	7935661	1
940547	0	7951561	1
940547	0	8219052	1
940547	0	8219054	1
940547	0	8219244	1
940547	0	8222165	1
940547	0	837714	1
940547	0	8633004	1
940547	0	8772074	1
940547	0	8805005	1
940547	0	8805011	1
940547	0	964766	1
940547	0	964772	1
997622	0	1664204	0
997622	0	18624	1
997622	0	18626	1
997622	0	2182275	1
997622	0	2182282	1
997622	0	2359439	0
997622	0	2388756	0
997622	0	2399777	1
997622	0	2407247	0
997622	0	2407251	0
997622	0	2407253	1
997622	0	2536378	1
997622	0	2598764	0
997622	0	2684412	0
997622	0	2994493	0
997622	0	3142955	1
997622	0	3142957	1
997622	0	3252036	0
997622	0	3255731	1
997622	0	3303556	0
997622	0	3369596	1
997622	0	3369598	0
997622	0	3381982	1
997622	0	3381983	1
997622	0	3431861	1
997622	0	3708481	1
997622	0	3767360	1
997622	0	3767367	1
997622	0	3874556	0
997622	0	3913148	1
997622	0	4041229	0
997622	0	4179044	0
997622	0	4317202	1
997622	0	4421160	1
997622	0	4430004	1
997622	0	4460322	0
997622	0	4518222	1
997622	0	4518223	1
997622	0	4543861	1
997622	0	4543865	1
997622	0	4543867	1
997622	0	4558331	1
997622	0	4562029	0
997622	0	4562034	0
997622	0	4563226	1
997622	0	4643388	1
997622	0	4643389	1
997622	0	4643392	1
997622	0	4643394	1
997622	0	4643397	1
997622	0	4700299	1
997622	0	4729562	0
997622	0	4810067	0
997622	0	4810071	1
997622	0	4841369	0
997622	0	4871995	1
997622	0	4871999	1
997622	0	5008806	0
997622	0	5057507	1
997622	0	5172000	1
997622	0	5430569	1
997622	0	5430570	0
997622	0	5430574	1
997622	0	5430575	1
997622	0	5430576	0
997622	0	5430577	0
997622	0	5694843	1
997622	0	5719834	1
997622	0	5810686	0
997622	0	5915054	1
997622	0	650163	0
997622	0	6702614	0
997622	0	6809300	1
997622	0	6855469	0
997622	0	72291	1
997622	0	7270940	0
997622	0	7270941	0
997622	0	73459	1
997622	0	73460	1
997622	0	73465	1
997622	0	7725539	0
997622	0	7726285	0
997622	0	7834076	1
997622	0	7965342	0
997622	0	7965349	0
997622	0	8388032	0
997622	0	8533344	1
997622	0	8533346	1
997622	0	8533348	1
997622	0	8616555	0
997622	0	8658514	1
997622	0	8716980	0
997622	0	8745983	1
997622	0	8782269	0
997622	0	8782273	1
997622	0	8813532	0
997622	0	8813537	1
997622	0	92583	0
997622	0	941638	0
997622	0	972447	0
