dbpedia-entity|bm25|direct|judge|0.3189
dbpedia-entity|bm25|direct|judge_expr|0.2429
dbpedia-entity|bm25|direct|rankgpt|0.3093
dbpedia-entity|bm25|largest_gap|judge|0.2402
dbpedia-entity|bm25|largest_gap|judge_expr|0.2533
dbpedia-entity|bm25|largest_gap|rankgpt|0.3093
dbpedia-entity|bm25|optimal_global|judge|0.2297
dbpedia-entity|bm25|optimal_global|judge_expr|0.244
dbpedia-entity|bm25|optimal_global|rankgpt|0.283
dbpedia-entity|bm25|optimal_per_topic|judge|0.2656
dbpedia-entity|bm25|optimal_per_topic|judge_expr|0.2595
dbpedia-entity|bm25|optimal_per_topic|rankgpt|0.3027
dbpedia-entity|bm25|quantile|judge|0.4207
dbpedia-entity|bm25|quantile|judge_expr|0.2993
dbpedia-entity|bm25|quantile|rankgpt|0.4039
dbpedia-entity|bm25|rank|judge|0.2219
dbpedia-entity|bm25|rank|judge_expr|0.1814
dbpedia-entity|bm25|rank|rankgpt|0.2164
dbpedia-entity|bm25|thresholding|judge|0.2366
dbpedia-entity|bm25|thresholding|judge_expr|0.2217
dbpedia-entity|bm25|thresholding|rankgpt|0.0
dbpedia-entity|bm25+judge|direct|judge|0.5607
dbpedia-entity|bm25+judge|direct|judge_expr|0.4967
dbpedia-entity|bm25+judge|direct|rankgpt|0.3688
dbpedia-entity|bm25+judge|largest_gap|judge|0.5144
dbpedia-entity|bm25+judge|largest_gap|judge_expr|0.5134
dbpedia-entity|bm25+judge|largest_gap|rankgpt|0.3688
dbpedia-entity|bm25+judge|optimal_global|judge|0.4694
dbpedia-entity|bm25+judge|optimal_global|judge_expr|0.4906
dbpedia-entity|bm25+judge|optimal_global|rankgpt|0.3648
dbpedia-entity|bm25+judge|optimal_per_topic|judge|0.5013
dbpedia-entity|bm25+judge|optimal_per_topic|judge_expr|0.4372
dbpedia-entity|bm25+judge|optimal_per_topic|rankgpt|0.3998
dbpedia-entity|bm25+judge|quantile|judge|0.5899
dbpedia-entity|bm25+judge|quantile|judge_expr|0.4967
dbpedia-entity|bm25+judge|quantile|rankgpt|0.4421
dbpedia-entity|bm25+judge|rank|judge|0.3906
dbpedia-entity|bm25+judge|rank|judge_expr|0.3402
dbpedia-entity|bm25+judge|rank|rankgpt|0.286
dbpedia-entity|bm25+judge|thresholding|judge|0.4894
dbpedia-entity|bm25+judge|thresholding|judge_expr|0.4582
dbpedia-entity|bm25+judge|thresholding|rankgpt|0.0
dbpedia-entity|bm25+judge_expr|direct|judge|0.5745
dbpedia-entity|bm25+judge_expr|direct|judge_expr|0.5251
dbpedia-entity|bm25+judge_expr|direct|rankgpt|0.4531
dbpedia-entity|bm25+judge_expr|largest_gap|judge|0.5264
dbpedia-entity|bm25+judge_expr|largest_gap|judge_expr|0.5436
dbpedia-entity|bm25+judge_expr|largest_gap|rankgpt|0.4531
dbpedia-entity|bm25+judge_expr|optimal_global|judge|0.4834
dbpedia-entity|bm25+judge_expr|optimal_global|judge_expr|0.5104
dbpedia-entity|bm25+judge_expr|optimal_global|rankgpt|0.4381
dbpedia-entity|bm25+judge_expr|optimal_per_topic|judge|0.5204
dbpedia-entity|bm25+judge_expr|optimal_per_topic|judge_expr|0.5217
dbpedia-entity|bm25+judge_expr|optimal_per_topic|rankgpt|0.4631
dbpedia-entity|bm25+judge_expr|quantile|judge|0.6323
dbpedia-entity|bm25+judge_expr|quantile|judge_expr|0.6009
dbpedia-entity|bm25+judge_expr|quantile|rankgpt|0.4985
dbpedia-entity|bm25+judge_expr|rank|judge|0.4188
dbpedia-entity|bm25+judge_expr|rank|judge_expr|0.4412
dbpedia-entity|bm25+judge_expr|rank|rankgpt|0.332
dbpedia-entity|bm25+judge_expr|thresholding|judge|0.5034
dbpedia-entity|bm25+judge_expr|thresholding|judge_expr|0.4759
dbpedia-entity|bm25+judge_expr|thresholding|rankgpt|0.0
dbpedia-entity|bm25+point|direct|judge|0.4531
dbpedia-entity|bm25+point|direct|judge_expr|0.3797
dbpedia-entity|bm25+point|direct|rankgpt|0.3572
dbpedia-entity|bm25+point|largest_gap|judge|0.372
dbpedia-entity|bm25+point|largest_gap|judge_expr|0.3911
dbpedia-entity|bm25+point|largest_gap|rankgpt|0.3572
dbpedia-entity|bm25+point|optimal_global|judge|0.354
dbpedia-entity|bm25+point|optimal_global|judge_expr|0.3819
dbpedia-entity|bm25+point|optimal_global|rankgpt|0.3579
dbpedia-entity|bm25+point|optimal_per_topic|judge|0.401
dbpedia-entity|bm25+point|optimal_per_topic|judge_expr|0.3611
dbpedia-entity|bm25+point|optimal_per_topic|rankgpt|0.3951
dbpedia-entity|bm25+point|quantile|judge|0.5196
dbpedia-entity|bm25+point|quantile|judge_expr|0.4219
dbpedia-entity|bm25+point|quantile|rankgpt|0.4609
dbpedia-entity|bm25+point|rank|judge|0.3015
dbpedia-entity|bm25+point|rank|judge_expr|0.2702
dbpedia-entity|bm25+point|rank|rankgpt|0.2863
dbpedia-entity|bm25+point|thresholding|judge|0.3733
dbpedia-entity|bm25+point|thresholding|judge_expr|0.3444
dbpedia-entity|bm25+point|thresholding|rankgpt|0.0
dbpedia-entity|bm25+rankfirst|direct|judge|0.5092
dbpedia-entity|bm25+rankfirst|direct|judge_expr|0.4231
dbpedia-entity|bm25+rankfirst|direct|rankgpt|0.5326
dbpedia-entity|bm25+rankfirst|largest_gap|judge|0.4223
dbpedia-entity|bm25+rankfirst|largest_gap|judge_expr|0.4429
dbpedia-entity|bm25+rankfirst|largest_gap|rankgpt|0.5326
dbpedia-entity|bm25+rankfirst|optimal_global|judge|0.3968
dbpedia-entity|bm25+rankfirst|optimal_global|judge_expr|0.4215
dbpedia-entity|bm25+rankfirst|optimal_global|rankgpt|0.5172
dbpedia-entity|bm25+rankfirst|optimal_per_topic|judge|0.4539
dbpedia-entity|bm25+rankfirst|optimal_per_topic|judge_expr|0.4373
dbpedia-entity|bm25+rankfirst|optimal_per_topic|rankgpt|0.5112
dbpedia-entity|bm25+rankfirst|quantile|judge|0.6059
dbpedia-entity|bm25+rankfirst|quantile|judge_expr|0.4795
dbpedia-entity|bm25+rankfirst|quantile|rankgpt|0.5749
dbpedia-entity|bm25+rankfirst|rank|judge|0.373
dbpedia-entity|bm25+rankfirst|rank|judge_expr|0.3202
dbpedia-entity|bm25+rankfirst|rank|rankgpt|0.3759
dbpedia-entity|bm25+rankfirst|thresholding|judge|0.4171
dbpedia-entity|bm25+rankfirst|thresholding|judge_expr|0.3877
dbpedia-entity|bm25+rankfirst|thresholding|rankgpt|0.0
dbpedia-entity|bm25+rankgpt|direct|judge|0.4807
dbpedia-entity|bm25+rankgpt|direct|judge_expr|0.4125
dbpedia-entity|bm25+rankgpt|direct|rankgpt|0.4898
dbpedia-entity|bm25+rankgpt|largest_gap|judge|0.4093
dbpedia-entity|bm25+rankgpt|largest_gap|judge_expr|0.4318
dbpedia-entity|bm25+rankgpt|largest_gap|rankgpt|0.4898
dbpedia-entity|bm25+rankgpt|optimal_global|judge|0.3899
dbpedia-entity|bm25+rankgpt|optimal_global|judge_expr|0.4126
dbpedia-entity|bm25+rankgpt|optimal_global|rankgpt|0.4849
dbpedia-entity|bm25+rankgpt|optimal_per_topic|judge|0.4287
dbpedia-entity|bm25+rankgpt|optimal_per_topic|judge_expr|0.4257
dbpedia-entity|bm25+rankgpt|optimal_per_topic|rankgpt|0.481
dbpedia-entity|bm25+rankgpt|quantile|judge|0.5704
dbpedia-entity|bm25+rankgpt|quantile|judge_expr|0.4554
dbpedia-entity|bm25+rankgpt|quantile|rankgpt|0.5273
dbpedia-entity|bm25+rankgpt|rank|judge|0.3403
dbpedia-entity|bm25+rankgpt|rank|judge_expr|0.3007
dbpedia-entity|bm25+rankgpt|rank|rankgpt|0.3604
dbpedia-entity|bm25+rankgpt|thresholding|judge|0.4038
dbpedia-entity|bm25+rankgpt|thresholding|judge_expr|0.3799
dbpedia-entity|bm25+rankgpt|thresholding|rankgpt|0.0
dbpedia-entity|bm25+setmaxheaptopk|direct|judge|0.4837
dbpedia-entity|bm25+setmaxheaptopk|direct|judge_expr|0.4244
dbpedia-entity|bm25+setmaxheaptopk|direct|rankgpt|0.5037
dbpedia-entity|bm25+setmaxheaptopk|largest_gap|judge|0.4176
dbpedia-entity|bm25+setmaxheaptopk|largest_gap|judge_expr|0.434
dbpedia-entity|bm25+setmaxheaptopk|largest_gap|rankgpt|0.5037
dbpedia-entity|bm25+setmaxheaptopk|optimal_global|judge|0.4
dbpedia-entity|bm25+setmaxheaptopk|optimal_global|judge_expr|0.4242
dbpedia-entity|bm25+setmaxheaptopk|optimal_global|rankgpt|0.4813
dbpedia-entity|bm25+setmaxheaptopk|optimal_per_topic|judge|0.4396
dbpedia-entity|bm25+setmaxheaptopk|optimal_per_topic|judge_expr|0.4345
dbpedia-entity|bm25+setmaxheaptopk|optimal_per_topic|rankgpt|0.4812
dbpedia-entity|bm25+setmaxheaptopk|quantile|judge|0.5512
dbpedia-entity|bm25+setmaxheaptopk|quantile|judge_expr|0.4569
dbpedia-entity|bm25+setmaxheaptopk|quantile|rankgpt|0.5099
dbpedia-entity|bm25+setmaxheaptopk|rank|judge|0.3443
dbpedia-entity|bm25+setmaxheaptopk|rank|judge_expr|0.3128
dbpedia-entity|bm25+setmaxheaptopk|rank|rankgpt|0.3479
dbpedia-entity|bm25+setmaxheaptopk|thresholding|judge|0.4138
dbpedia-entity|bm25+setmaxheaptopk|thresholding|judge_expr|0.3909
dbpedia-entity|bm25+setmaxheaptopk|thresholding|rankgpt|0.0
dbpedia-entity|colbert-small|direct|judge|0.4794
dbpedia-entity|colbert-small|direct|judge_expr|0.3803
dbpedia-entity|colbert-small|direct|rankgpt|0.5003
dbpedia-entity|colbert-small|largest_gap|judge|0.378
dbpedia-entity|colbert-small|largest_gap|judge_expr|0.3937
dbpedia-entity|colbert-small|largest_gap|rankgpt|0.5003
dbpedia-entity|colbert-small|optimal_global|judge|0.359
dbpedia-entity|colbert-small|optimal_global|judge_expr|0.3793
dbpedia-entity|colbert-small|optimal_global|rankgpt|0.4781
dbpedia-entity|colbert-small|optimal_per_topic|judge|0.429
dbpedia-entity|colbert-small|optimal_per_topic|judge_expr|0.4268
dbpedia-entity|colbert-small|optimal_per_topic|rankgpt|0.5125
dbpedia-entity|colbert-small|quantile|judge|0.6035
dbpedia-entity|colbert-small|quantile|judge_expr|0.4666
dbpedia-entity|colbert-small|quantile|rankgpt|0.5926
dbpedia-entity|colbert-small|rank|judge|0.3544
dbpedia-entity|colbert-small|rank|judge_expr|0.2967
dbpedia-entity|colbert-small|rank|rankgpt|0.3535
dbpedia-entity|colbert-small|thresholding|judge|0.3659
dbpedia-entity|colbert-small|thresholding|judge_expr|0.3497
dbpedia-entity|colbert-small|thresholding|rankgpt|0.0
dbpedia-entity|colbert-small+judge|direct|judge|0.7016
dbpedia-entity|colbert-small+judge|direct|judge_expr|0.6557
dbpedia-entity|colbert-small+judge|direct|rankgpt|0.395
dbpedia-entity|colbert-small+judge|largest_gap|judge|0.7073
dbpedia-entity|colbert-small+judge|largest_gap|judge_expr|0.6808
dbpedia-entity|colbert-small+judge|largest_gap|rankgpt|0.395
dbpedia-entity|colbert-small+judge|optimal_global|judge|0.6303
dbpedia-entity|colbert-small+judge|optimal_global|judge_expr|0.6465
dbpedia-entity|colbert-small+judge|optimal_global|rankgpt|0.3949
dbpedia-entity|colbert-small+judge|optimal_per_topic|judge|0.6351
dbpedia-entity|colbert-small+judge|optimal_per_topic|judge_expr|0.5579
dbpedia-entity|colbert-small+judge|optimal_per_topic|rankgpt|0.4667
dbpedia-entity|colbert-small+judge|quantile|judge|0.6847
dbpedia-entity|colbert-small+judge|quantile|judge_expr|0.6178
dbpedia-entity|colbert-small+judge|quantile|rankgpt|0.511
dbpedia-entity|colbert-small+judge|rank|judge|0.5149
dbpedia-entity|colbert-small+judge|rank|judge_expr|0.4671
dbpedia-entity|colbert-small+judge|rank|rankgpt|0.3527
dbpedia-entity|colbert-small+judge|thresholding|judge|0.6448
dbpedia-entity|colbert-small+judge|thresholding|judge_expr|0.6184
dbpedia-entity|colbert-small+judge|thresholding|rankgpt|0.0
dbpedia-entity|colbert-small+judge_expr|direct|judge|0.7174
dbpedia-entity|colbert-small+judge_expr|direct|judge_expr|0.7014
dbpedia-entity|colbert-small+judge_expr|direct|rankgpt|0.5144
dbpedia-entity|colbert-small+judge_expr|largest_gap|judge|0.7209
dbpedia-entity|colbert-small+judge_expr|largest_gap|judge_expr|0.7357
dbpedia-entity|colbert-small+judge_expr|largest_gap|rankgpt|0.5144
dbpedia-entity|colbert-small+judge_expr|optimal_global|judge|0.6495
dbpedia-entity|colbert-small+judge_expr|optimal_global|judge_expr|0.6721
dbpedia-entity|colbert-small+judge_expr|optimal_global|rankgpt|0.4988
dbpedia-entity|colbert-small+judge_expr|optimal_per_topic|judge|0.6518
dbpedia-entity|colbert-small+judge_expr|optimal_per_topic|judge_expr|0.6794
dbpedia-entity|colbert-small+judge_expr|optimal_per_topic|rankgpt|0.5435
dbpedia-entity|colbert-small+judge_expr|quantile|judge|0.7266
dbpedia-entity|colbert-small+judge_expr|quantile|judge_expr|0.7224
dbpedia-entity|colbert-small+judge_expr|quantile|rankgpt|0.5708
dbpedia-entity|colbert-small+judge_expr|rank|judge|0.5434
dbpedia-entity|colbert-small+judge_expr|rank|judge_expr|0.626
dbpedia-entity|colbert-small+judge_expr|rank|rankgpt|0.4081
dbpedia-entity|colbert-small+judge_expr|thresholding|judge|0.6626
dbpedia-entity|colbert-small+judge_expr|thresholding|judge_expr|0.6472
dbpedia-entity|colbert-small+judge_expr|thresholding|rankgpt|0.0
dbpedia-entity|colbert-small+point|direct|judge|0.5503
dbpedia-entity|colbert-small+point|direct|judge_expr|0.4759
dbpedia-entity|colbert-small+point|direct|rankgpt|0.4032
dbpedia-entity|colbert-small+point|largest_gap|judge|0.4732
dbpedia-entity|colbert-small+point|largest_gap|judge_expr|0.4943
dbpedia-entity|colbert-small+point|largest_gap|rankgpt|0.4032
dbpedia-entity|colbert-small+point|optimal_global|judge|0.4439
dbpedia-entity|colbert-small+point|optimal_global|judge_expr|0.4742
dbpedia-entity|colbert-small+point|optimal_global|rankgpt|0.4141
dbpedia-entity|colbert-small+point|optimal_per_topic|judge|0.4879
dbpedia-entity|colbert-small+point|optimal_per_topic|judge_expr|0.4566
dbpedia-entity|colbert-small+point|optimal_per_topic|rankgpt|0.4696
dbpedia-entity|colbert-small+point|quantile|judge|0.6162
dbpedia-entity|colbert-small+point|quantile|judge_expr|0.5137
dbpedia-entity|colbert-small+point|quantile|rankgpt|0.5346
dbpedia-entity|colbert-small+point|rank|judge|0.3751
dbpedia-entity|colbert-small+point|rank|judge_expr|0.3532
dbpedia-entity|colbert-small+point|rank|rankgpt|0.3478
dbpedia-entity|colbert-small+point|thresholding|judge|0.4596
dbpedia-entity|colbert-small+point|thresholding|judge_expr|0.4321
dbpedia-entity|colbert-small+point|thresholding|rankgpt|0.0
dbpedia-entity|colbert-small+rankfirst|direct|judge|0.6398
dbpedia-entity|colbert-small+rankfirst|direct|judge_expr|0.5461
dbpedia-entity|colbert-small+rankfirst|direct|rankgpt|0.6666
dbpedia-entity|colbert-small+rankfirst|largest_gap|judge|0.5517
dbpedia-entity|colbert-small+rankfirst|largest_gap|judge_expr|0.5683
dbpedia-entity|colbert-small+rankfirst|largest_gap|rankgpt|0.6666
dbpedia-entity|colbert-small+rankfirst|optimal_global|judge|0.514
dbpedia-entity|colbert-small+rankfirst|optimal_global|judge_expr|0.5366
dbpedia-entity|colbert-small+rankfirst|optimal_global|rankgpt|0.6466
dbpedia-entity|colbert-small+rankfirst|optimal_per_topic|judge|0.5811
dbpedia-entity|colbert-small+rankfirst|optimal_per_topic|judge_expr|0.5823
dbpedia-entity|colbert-small+rankfirst|optimal_per_topic|rankgpt|0.6526
dbpedia-entity|colbert-small+rankfirst|quantile|judge|0.7409
dbpedia-entity|colbert-small+rankfirst|quantile|judge_expr|0.63
dbpedia-entity|colbert-small+rankfirst|quantile|rankgpt|0.7114
dbpedia-entity|colbert-small+rankfirst|rank|judge|0.4871
dbpedia-entity|colbert-small+rankfirst|rank|judge_expr|0.4354
dbpedia-entity|colbert-small+rankfirst|rank|rankgpt|0.493
dbpedia-entity|colbert-small+rankfirst|thresholding|judge|0.5263
dbpedia-entity|colbert-small+rankfirst|thresholding|judge_expr|0.5041
dbpedia-entity|colbert-small+rankfirst|thresholding|rankgpt|0.0
dbpedia-entity|colbert-small+rankgpt|direct|judge|0.6031
dbpedia-entity|colbert-small+rankgpt|direct|judge_expr|0.5244
dbpedia-entity|colbert-small+rankgpt|direct|rankgpt|0.6438
dbpedia-entity|colbert-small+rankgpt|largest_gap|judge|0.5277
dbpedia-entity|colbert-small+rankgpt|largest_gap|judge_expr|0.5483
dbpedia-entity|colbert-small+rankgpt|largest_gap|rankgpt|0.6438
dbpedia-entity|colbert-small+rankgpt|optimal_global|judge|0.5008
dbpedia-entity|colbert-small+rankgpt|optimal_global|judge_expr|0.5175
dbpedia-entity|colbert-small+rankgpt|optimal_global|rankgpt|0.6206
dbpedia-entity|colbert-small+rankgpt|optimal_per_topic|judge|0.5498
dbpedia-entity|colbert-small+rankgpt|optimal_per_topic|judge_expr|0.5511
dbpedia-entity|colbert-small+rankgpt|optimal_per_topic|rankgpt|0.6368
dbpedia-entity|colbert-small+rankgpt|quantile|judge|0.6909
dbpedia-entity|colbert-small+rankgpt|quantile|judge_expr|0.5829
dbpedia-entity|colbert-small+rankgpt|quantile|rankgpt|0.6561
dbpedia-entity|colbert-small+rankgpt|rank|judge|0.4423
dbpedia-entity|colbert-small+rankgpt|rank|judge_expr|0.4078
dbpedia-entity|colbert-small+rankgpt|rank|rankgpt|0.4838
dbpedia-entity|colbert-small+rankgpt|thresholding|judge|0.5101
dbpedia-entity|colbert-small+rankgpt|thresholding|judge_expr|0.4895
dbpedia-entity|colbert-small+rankgpt|thresholding|rankgpt|0.0
dbpedia-entity|colbert-small+setmaxheaptopk|direct|judge|0.6075
dbpedia-entity|colbert-small+setmaxheaptopk|direct|judge_expr|0.5426
dbpedia-entity|colbert-small+setmaxheaptopk|direct|rankgpt|0.6406
dbpedia-entity|colbert-small+setmaxheaptopk|largest_gap|judge|0.5402
dbpedia-entity|colbert-small+setmaxheaptopk|largest_gap|judge_expr|0.564
dbpedia-entity|colbert-small+setmaxheaptopk|largest_gap|rankgpt|0.6406
dbpedia-entity|colbert-small+setmaxheaptopk|optimal_global|judge|0.515
dbpedia-entity|colbert-small+setmaxheaptopk|optimal_global|judge_expr|0.535
dbpedia-entity|colbert-small+setmaxheaptopk|optimal_global|rankgpt|0.6013
dbpedia-entity|colbert-small+setmaxheaptopk|optimal_per_topic|judge|0.5588
dbpedia-entity|colbert-small+setmaxheaptopk|optimal_per_topic|judge_expr|0.5704
dbpedia-entity|colbert-small+setmaxheaptopk|optimal_per_topic|rankgpt|0.6072
dbpedia-entity|colbert-small+setmaxheaptopk|quantile|judge|0.6725
dbpedia-entity|colbert-small+setmaxheaptopk|quantile|judge_expr|0.5863
dbpedia-entity|colbert-small+setmaxheaptopk|quantile|rankgpt|0.6178
dbpedia-entity|colbert-small+setmaxheaptopk|rank|judge|0.4463
dbpedia-entity|colbert-small+setmaxheaptopk|rank|judge_expr|0.4226
dbpedia-entity|colbert-small+setmaxheaptopk|rank|rankgpt|0.4523
dbpedia-entity|colbert-small+setmaxheaptopk|thresholding|judge|0.5214
dbpedia-entity|colbert-small+setmaxheaptopk|thresholding|judge_expr|0.5043
dbpedia-entity|colbert-small+setmaxheaptopk|thresholding|rankgpt|0.0
dbpedia-entity|nomicai-modernbert-embed|direct|judge|0.4924
dbpedia-entity|nomicai-modernbert-embed|direct|judge_expr|0.3978
dbpedia-entity|nomicai-modernbert-embed|direct|rankgpt|0.5404
dbpedia-entity|nomicai-modernbert-embed|largest_gap|judge|0.3959
dbpedia-entity|nomicai-modernbert-embed|largest_gap|judge_expr|0.4167
dbpedia-entity|nomicai-modernbert-embed|largest_gap|rankgpt|0.5404
dbpedia-entity|nomicai-modernbert-embed|optimal_global|judge|0.3808
dbpedia-entity|nomicai-modernbert-embed|optimal_global|judge_expr|0.398
dbpedia-entity|nomicai-modernbert-embed|optimal_global|rankgpt|0.5097
dbpedia-entity|nomicai-modernbert-embed|optimal_per_topic|judge|0.457
dbpedia-entity|nomicai-modernbert-embed|optimal_per_topic|judge_expr|0.4515
dbpedia-entity|nomicai-modernbert-embed|optimal_per_topic|rankgpt|0.5532
dbpedia-entity|nomicai-modernbert-embed|quantile|judge|0.6118
dbpedia-entity|nomicai-modernbert-embed|quantile|judge_expr|0.4682
dbpedia-entity|nomicai-modernbert-embed|quantile|rankgpt|0.6261
dbpedia-entity|nomicai-modernbert-embed|rank|judge|0.3701
dbpedia-entity|nomicai-modernbert-embed|rank|judge_expr|0.3015
dbpedia-entity|nomicai-modernbert-embed|rank|rankgpt|0.3806
dbpedia-entity|nomicai-modernbert-embed|thresholding|judge|0.3864
dbpedia-entity|nomicai-modernbert-embed|thresholding|judge_expr|0.3757
dbpedia-entity|nomicai-modernbert-embed|thresholding|rankgpt|0.0
dbpedia-entity|nomicai-modernbert-embed+judge|direct|judge|0.7287
dbpedia-entity|nomicai-modernbert-embed+judge|direct|judge_expr|0.668
dbpedia-entity|nomicai-modernbert-embed+judge|direct|rankgpt|0.3986
dbpedia-entity|nomicai-modernbert-embed+judge|largest_gap|judge|0.7289
dbpedia-entity|nomicai-modernbert-embed+judge|largest_gap|judge_expr|0.7082
dbpedia-entity|nomicai-modernbert-embed+judge|largest_gap|rankgpt|0.3986
dbpedia-entity|nomicai-modernbert-embed+judge|optimal_global|judge|0.6567
dbpedia-entity|nomicai-modernbert-embed+judge|optimal_global|judge_expr|0.6634
dbpedia-entity|nomicai-modernbert-embed+judge|optimal_global|rankgpt|0.3969
dbpedia-entity|nomicai-modernbert-embed+judge|optimal_per_topic|judge|0.6679
dbpedia-entity|nomicai-modernbert-embed+judge|optimal_per_topic|judge_expr|0.5784
dbpedia-entity|nomicai-modernbert-embed+judge|optimal_per_topic|rankgpt|0.4815
dbpedia-entity|nomicai-modernbert-embed+judge|quantile|judge|0.7238
dbpedia-entity|nomicai-modernbert-embed+judge|quantile|judge_expr|0.6454
dbpedia-entity|nomicai-modernbert-embed+judge|quantile|rankgpt|0.5383
dbpedia-entity|nomicai-modernbert-embed+judge|rank|judge|0.5276
dbpedia-entity|nomicai-modernbert-embed+judge|rank|judge_expr|0.4851
dbpedia-entity|nomicai-modernbert-embed+judge|rank|rankgpt|0.3661
dbpedia-entity|nomicai-modernbert-embed+judge|thresholding|judge|0.6604
dbpedia-entity|nomicai-modernbert-embed+judge|thresholding|judge_expr|0.6417
dbpedia-entity|nomicai-modernbert-embed+judge|thresholding|rankgpt|0.0
dbpedia-entity|nomicai-modernbert-embed+judge_expr|direct|judge|0.74
dbpedia-entity|nomicai-modernbert-embed+judge_expr|direct|judge_expr|0.7102
dbpedia-entity|nomicai-modernbert-embed+judge_expr|direct|rankgpt|0.5241
dbpedia-entity|nomicai-modernbert-embed+judge_expr|largest_gap|judge|0.7437
dbpedia-entity|nomicai-modernbert-embed+judge_expr|largest_gap|judge_expr|0.7564
dbpedia-entity|nomicai-modernbert-embed+judge_expr|largest_gap|rankgpt|0.5241
dbpedia-entity|nomicai-modernbert-embed+judge_expr|optimal_global|judge|0.6748
dbpedia-entity|nomicai-modernbert-embed+judge_expr|optimal_global|judge_expr|0.6888
dbpedia-entity|nomicai-modernbert-embed+judge_expr|optimal_global|rankgpt|0.5053
dbpedia-entity|nomicai-modernbert-embed+judge_expr|optimal_per_topic|judge|0.6848
dbpedia-entity|nomicai-modernbert-embed+judge_expr|optimal_per_topic|judge_expr|0.7146
dbpedia-entity|nomicai-modernbert-embed+judge_expr|optimal_per_topic|rankgpt|0.57
dbpedia-entity|nomicai-modernbert-embed+judge_expr|quantile|judge|0.7563
dbpedia-entity|nomicai-modernbert-embed+judge_expr|quantile|judge_expr|0.7543
dbpedia-entity|nomicai-modernbert-embed+judge_expr|quantile|rankgpt|0.5986
dbpedia-entity|nomicai-modernbert-embed+judge_expr|rank|judge|0.5602
dbpedia-entity|nomicai-modernbert-embed+judge_expr|rank|judge_expr|0.6513
dbpedia-entity|nomicai-modernbert-embed+judge_expr|rank|rankgpt|0.4241
dbpedia-entity|nomicai-modernbert-embed+judge_expr|thresholding|judge|0.6781
dbpedia-entity|nomicai-modernbert-embed+judge_expr|thresholding|judge_expr|0.6692
dbpedia-entity|nomicai-modernbert-embed+judge_expr|thresholding|rankgpt|0.0
dbpedia-entity|nomicai-modernbert-embed+point|direct|judge|0.5746
dbpedia-entity|nomicai-modernbert-embed+point|direct|judge_expr|0.4826
dbpedia-entity|nomicai-modernbert-embed+point|direct|rankgpt|0.4161
dbpedia-entity|nomicai-modernbert-embed+point|largest_gap|judge|0.4892
dbpedia-entity|nomicai-modernbert-embed+point|largest_gap|judge_expr|0.5112
dbpedia-entity|nomicai-modernbert-embed+point|largest_gap|rankgpt|0.4161
dbpedia-entity|nomicai-modernbert-embed+point|optimal_global|judge|0.4593
dbpedia-entity|nomicai-modernbert-embed+point|optimal_global|judge_expr|0.4853
dbpedia-entity|nomicai-modernbert-embed+point|optimal_global|rankgpt|0.4223
dbpedia-entity|nomicai-modernbert-embed+point|optimal_per_topic|judge|0.5117
dbpedia-entity|nomicai-modernbert-embed+point|optimal_per_topic|judge_expr|0.4707
dbpedia-entity|nomicai-modernbert-embed+point|optimal_per_topic|rankgpt|0.4875
dbpedia-entity|nomicai-modernbert-embed+point|quantile|judge|0.6484
dbpedia-entity|nomicai-modernbert-embed+point|quantile|judge_expr|0.539
dbpedia-entity|nomicai-modernbert-embed+point|quantile|rankgpt|0.5674
dbpedia-entity|nomicai-modernbert-embed+point|rank|judge|0.3942
dbpedia-entity|nomicai-modernbert-embed+point|rank|judge_expr|0.3687
dbpedia-entity|nomicai-modernbert-embed+point|rank|rankgpt|0.368
dbpedia-entity|nomicai-modernbert-embed+point|thresholding|judge|0.4714
dbpedia-entity|nomicai-modernbert-embed+point|thresholding|judge_expr|0.4499
dbpedia-entity|nomicai-modernbert-embed+point|thresholding|rankgpt|0.0
dbpedia-entity|nomicai-modernbert-embed+rankfirst|direct|judge|0.642
dbpedia-entity|nomicai-modernbert-embed+rankfirst|direct|judge_expr|0.545
dbpedia-entity|nomicai-modernbert-embed+rankfirst|direct|rankgpt|0.6785
dbpedia-entity|nomicai-modernbert-embed+rankfirst|largest_gap|judge|0.5574
dbpedia-entity|nomicai-modernbert-embed+rankfirst|largest_gap|judge_expr|0.5745
dbpedia-entity|nomicai-modernbert-embed+rankfirst|largest_gap|rankgpt|0.6785
dbpedia-entity|nomicai-modernbert-embed+rankfirst|optimal_global|judge|0.5188
dbpedia-entity|nomicai-modernbert-embed+rankfirst|optimal_global|judge_expr|0.539
dbpedia-entity|nomicai-modernbert-embed+rankfirst|optimal_global|rankgpt|0.6627
dbpedia-entity|nomicai-modernbert-embed+rankfirst|optimal_per_topic|judge|0.5865
dbpedia-entity|nomicai-modernbert-embed+rankfirst|optimal_per_topic|judge_expr|0.5868
dbpedia-entity|nomicai-modernbert-embed+rankfirst|optimal_per_topic|rankgpt|0.67
dbpedia-entity|nomicai-modernbert-embed+rankfirst|quantile|judge|0.749
dbpedia-entity|nomicai-modernbert-embed+rankfirst|quantile|judge_expr|0.631
dbpedia-entity|nomicai-modernbert-embed+rankfirst|quantile|rankgpt|0.7266
dbpedia-entity|nomicai-modernbert-embed+rankfirst|rank|judge|0.5005
dbpedia-entity|nomicai-modernbert-embed+rankfirst|rank|judge_expr|0.4364
dbpedia-entity|nomicai-modernbert-embed+rankfirst|rank|rankgpt|0.5095
dbpedia-entity|nomicai-modernbert-embed+rankfirst|thresholding|judge|0.527
dbpedia-entity|nomicai-modernbert-embed+rankfirst|thresholding|judge_expr|0.5113
dbpedia-entity|nomicai-modernbert-embed+rankfirst|thresholding|rankgpt|0.0
dbpedia-entity|nomicai-modernbert-embed+rankgpt|direct|judge|0.6247
dbpedia-entity|nomicai-modernbert-embed+rankgpt|direct|judge_expr|0.5379
dbpedia-entity|nomicai-modernbert-embed+rankgpt|direct|rankgpt|0.6602
dbpedia-entity|nomicai-modernbert-embed+rankgpt|largest_gap|judge|0.549
dbpedia-entity|nomicai-modernbert-embed+rankgpt|largest_gap|judge_expr|0.5646
dbpedia-entity|nomicai-modernbert-embed+rankgpt|largest_gap|rankgpt|0.6602
dbpedia-entity|nomicai-modernbert-embed+rankgpt|optimal_global|judge|0.5189
dbpedia-entity|nomicai-modernbert-embed+rankgpt|optimal_global|judge_expr|0.5311
dbpedia-entity|nomicai-modernbert-embed+rankgpt|optimal_global|rankgpt|0.6451
dbpedia-entity|nomicai-modernbert-embed+rankgpt|optimal_per_topic|judge|0.5695
dbpedia-entity|nomicai-modernbert-embed+rankgpt|optimal_per_topic|judge_expr|0.5647
dbpedia-entity|nomicai-modernbert-embed+rankgpt|optimal_per_topic|rankgpt|0.6557
dbpedia-entity|nomicai-modernbert-embed+rankgpt|quantile|judge|0.7243
dbpedia-entity|nomicai-modernbert-embed+rankgpt|quantile|judge_expr|0.6079
dbpedia-entity|nomicai-modernbert-embed+rankgpt|quantile|rankgpt|0.6933
dbpedia-entity|nomicai-modernbert-embed+rankgpt|rank|judge|0.463
dbpedia-entity|nomicai-modernbert-embed+rankgpt|rank|judge_expr|0.4211
dbpedia-entity|nomicai-modernbert-embed+rankgpt|rank|rankgpt|0.5146
dbpedia-entity|nomicai-modernbert-embed+rankgpt|thresholding|judge|0.5215
dbpedia-entity|nomicai-modernbert-embed+rankgpt|thresholding|judge_expr|0.5124
dbpedia-entity|nomicai-modernbert-embed+rankgpt|thresholding|rankgpt|0.0
dbpedia-entity|nomicai-modernbert-embed+setmaxheaptopk|direct|judge|0.6168
dbpedia-entity|nomicai-modernbert-embed+setmaxheaptopk|direct|judge_expr|0.5517
dbpedia-entity|nomicai-modernbert-embed+setmaxheaptopk|direct|rankgpt|0.6543
dbpedia-entity|nomicai-modernbert-embed+setmaxheaptopk|largest_gap|judge|0.5608
dbpedia-entity|nomicai-modernbert-embed+setmaxheaptopk|largest_gap|judge_expr|0.5843
dbpedia-entity|nomicai-modernbert-embed+setmaxheaptopk|largest_gap|rankgpt|0.6543
dbpedia-entity|nomicai-modernbert-embed+setmaxheaptopk|optimal_global|judge|0.537
dbpedia-entity|nomicai-modernbert-embed+setmaxheaptopk|optimal_global|judge_expr|0.5495
dbpedia-entity|nomicai-modernbert-embed+setmaxheaptopk|optimal_global|rankgpt|0.6228
dbpedia-entity|nomicai-modernbert-embed+setmaxheaptopk|optimal_per_topic|judge|0.5711
dbpedia-entity|nomicai-modernbert-embed+setmaxheaptopk|optimal_per_topic|judge_expr|0.5801
dbpedia-entity|nomicai-modernbert-embed+setmaxheaptopk|optimal_per_topic|rankgpt|0.6273
dbpedia-entity|nomicai-modernbert-embed+setmaxheaptopk|quantile|judge|0.6832
dbpedia-entity|nomicai-modernbert-embed+setmaxheaptopk|quantile|judge_expr|0.5964
dbpedia-entity|nomicai-modernbert-embed+setmaxheaptopk|quantile|rankgpt|0.6369
dbpedia-entity|nomicai-modernbert-embed+setmaxheaptopk|rank|judge|0.455
dbpedia-entity|nomicai-modernbert-embed+setmaxheaptopk|rank|judge_expr|0.4288
dbpedia-entity|nomicai-modernbert-embed+setmaxheaptopk|rank|rankgpt|0.4647
dbpedia-entity|nomicai-modernbert-embed+setmaxheaptopk|thresholding|judge|0.538
dbpedia-entity|nomicai-modernbert-embed+setmaxheaptopk|thresholding|judge_expr|0.5245
dbpedia-entity|nomicai-modernbert-embed+setmaxheaptopk|thresholding|rankgpt|0.0
dbpedia-entity|qwen3-embed-600m|direct|judge|0.4638
dbpedia-entity|qwen3-embed-600m|direct|judge_expr|0.3703
dbpedia-entity|qwen3-embed-600m|direct|rankgpt|0.5109
dbpedia-entity|qwen3-embed-600m|largest_gap|judge|0.3748
dbpedia-entity|qwen3-embed-600m|largest_gap|judge_expr|0.3906
dbpedia-entity|qwen3-embed-600m|largest_gap|rankgpt|0.5109
dbpedia-entity|qwen3-embed-600m|optimal_global|judge|0.3543
dbpedia-entity|qwen3-embed-600m|optimal_global|judge_expr|0.3721
dbpedia-entity|qwen3-embed-600m|optimal_global|rankgpt|0.4767
dbpedia-entity|qwen3-embed-600m|optimal_per_topic|judge|0.4277
dbpedia-entity|qwen3-embed-600m|optimal_per_topic|judge_expr|0.4237
dbpedia-entity|qwen3-embed-600m|optimal_per_topic|rankgpt|0.5122
dbpedia-entity|qwen3-embed-600m|quantile|judge|0.5723
dbpedia-entity|qwen3-embed-600m|quantile|judge_expr|0.4468
dbpedia-entity|qwen3-embed-600m|quantile|rankgpt|0.5832
dbpedia-entity|qwen3-embed-600m|rank|judge|0.3473
dbpedia-entity|qwen3-embed-600m|rank|judge_expr|0.2889
dbpedia-entity|qwen3-embed-600m|rank|rankgpt|0.3537
dbpedia-entity|qwen3-embed-600m|thresholding|judge|0.3612
dbpedia-entity|qwen3-embed-600m|thresholding|judge_expr|0.3484
dbpedia-entity|qwen3-embed-600m|thresholding|rankgpt|0.0
dbpedia-entity|qwen3-embed-600m+judge|direct|judge|0.7055
dbpedia-entity|qwen3-embed-600m+judge|direct|judge_expr|0.6461
dbpedia-entity|qwen3-embed-600m+judge|direct|rankgpt|0.3945
dbpedia-entity|qwen3-embed-600m+judge|largest_gap|judge|0.6943
dbpedia-entity|qwen3-embed-600m+judge|largest_gap|judge_expr|0.6727
dbpedia-entity|qwen3-embed-600m+judge|largest_gap|rankgpt|0.3945
dbpedia-entity|qwen3-embed-600m+judge|optimal_global|judge|0.6287
dbpedia-entity|qwen3-embed-600m+judge|optimal_global|judge_expr|0.6385
dbpedia-entity|qwen3-embed-600m+judge|optimal_global|rankgpt|0.3997
dbpedia-entity|qwen3-embed-600m+judge|optimal_per_topic|judge|0.6444
dbpedia-entity|qwen3-embed-600m+judge|optimal_per_topic|judge_expr|0.5627
dbpedia-entity|qwen3-embed-600m+judge|optimal_per_topic|rankgpt|0.4751
dbpedia-entity|qwen3-embed-600m+judge|quantile|judge|0.698
dbpedia-entity|qwen3-embed-600m+judge|quantile|judge_expr|0.6264
dbpedia-entity|qwen3-embed-600m+judge|quantile|rankgpt|0.5276
dbpedia-entity|qwen3-embed-600m+judge|rank|judge|0.513
dbpedia-entity|qwen3-embed-600m+judge|rank|judge_expr|0.4689
dbpedia-entity|qwen3-embed-600m+judge|rank|rankgpt|0.3549
dbpedia-entity|qwen3-embed-600m+judge|thresholding|judge|0.635
dbpedia-entity|qwen3-embed-600m+judge|thresholding|judge_expr|0.6124
dbpedia-entity|qwen3-embed-600m+judge|thresholding|rankgpt|0.0
dbpedia-entity|qwen3-embed-600m+judge_expr|direct|judge|0.7182
dbpedia-entity|qwen3-embed-600m+judge_expr|direct|judge_expr|0.6896
dbpedia-entity|qwen3-embed-600m+judge_expr|direct|rankgpt|0.5201
dbpedia-entity|qwen3-embed-600m+judge_expr|largest_gap|judge|0.7076
dbpedia-entity|qwen3-embed-600m+judge_expr|largest_gap|judge_expr|0.7274
dbpedia-entity|qwen3-embed-600m+judge_expr|largest_gap|rankgpt|0.5201
dbpedia-entity|qwen3-embed-600m+judge_expr|optimal_global|judge|0.6497
dbpedia-entity|qwen3-embed-600m+judge_expr|optimal_global|judge_expr|0.6644
dbpedia-entity|qwen3-embed-600m+judge_expr|optimal_global|rankgpt|0.5088
dbpedia-entity|qwen3-embed-600m+judge_expr|optimal_per_topic|judge|0.6643
dbpedia-entity|qwen3-embed-600m+judge_expr|optimal_per_topic|judge_expr|0.6911
dbpedia-entity|qwen3-embed-600m+judge_expr|optimal_per_topic|rankgpt|0.5582
dbpedia-entity|qwen3-embed-600m+judge_expr|quantile|judge|0.7362
dbpedia-entity|qwen3-embed-600m+judge_expr|quantile|judge_expr|0.7346
dbpedia-entity|qwen3-embed-600m+judge_expr|quantile|rankgpt|0.5883
dbpedia-entity|qwen3-embed-600m+judge_expr|rank|judge|0.5454
dbpedia-entity|qwen3-embed-600m+judge_expr|rank|judge_expr|0.6253
dbpedia-entity|qwen3-embed-600m+judge_expr|rank|rankgpt|0.4144
dbpedia-entity|qwen3-embed-600m+judge_expr|thresholding|judge|0.6553
dbpedia-entity|qwen3-embed-600m+judge_expr|thresholding|judge_expr|0.6427
dbpedia-entity|qwen3-embed-600m+judge_expr|thresholding|rankgpt|0.0
dbpedia-entity|qwen3-embed-600m+point|direct|judge|0.5684
dbpedia-entity|qwen3-embed-600m+point|direct|judge_expr|0.4786
dbpedia-entity|qwen3-embed-600m+point|direct|rankgpt|0.4203
dbpedia-entity|qwen3-embed-600m+point|largest_gap|judge|0.4788
dbpedia-entity|qwen3-embed-600m+point|largest_gap|judge_expr|0.4992
dbpedia-entity|qwen3-embed-600m+point|largest_gap|rankgpt|0.4203
dbpedia-entity|qwen3-embed-600m+point|optimal_global|judge|0.4531
dbpedia-entity|qwen3-embed-600m+point|optimal_global|judge_expr|0.4811
dbpedia-entity|qwen3-embed-600m+point|optimal_global|rankgpt|0.4265
dbpedia-entity|qwen3-embed-600m+point|optimal_per_topic|judge|0.5069
dbpedia-entity|qwen3-embed-600m+point|optimal_per_topic|judge_expr|0.4752
dbpedia-entity|qwen3-embed-600m+point|optimal_per_topic|rankgpt|0.4924
dbpedia-entity|qwen3-embed-600m+point|quantile|judge|0.6483
dbpedia-entity|qwen3-embed-600m+point|quantile|judge_expr|0.544
dbpedia-entity|qwen3-embed-600m+point|quantile|rankgpt|0.5683
dbpedia-entity|qwen3-embed-600m+point|rank|judge|0.3927
dbpedia-entity|qwen3-embed-600m+point|rank|judge_expr|0.3706
dbpedia-entity|qwen3-embed-600m+point|rank|rankgpt|0.3701
dbpedia-entity|qwen3-embed-600m+point|thresholding|judge|0.4667
dbpedia-entity|qwen3-embed-600m+point|thresholding|judge_expr|0.4433
dbpedia-entity|qwen3-embed-600m+point|thresholding|rankgpt|0.0
dbpedia-entity|qwen3-embed-600m+rankfirst|direct|judge|0.6302
dbpedia-entity|qwen3-embed-600m+rankfirst|direct|judge_expr|0.528
dbpedia-entity|qwen3-embed-600m+rankfirst|direct|rankgpt|0.668
dbpedia-entity|qwen3-embed-600m+rankfirst|largest_gap|judge|0.5373
dbpedia-entity|qwen3-embed-600m+rankfirst|largest_gap|judge_expr|0.5544
dbpedia-entity|qwen3-embed-600m+rankfirst|largest_gap|rankgpt|0.668
dbpedia-entity|qwen3-embed-600m+rankfirst|optimal_global|judge|0.5038
dbpedia-entity|qwen3-embed-600m+rankfirst|optimal_global|judge_expr|0.5223
dbpedia-entity|qwen3-embed-600m+rankfirst|optimal_global|rankgpt|0.6611
dbpedia-entity|qwen3-embed-600m+rankfirst|optimal_per_topic|judge|0.5748
dbpedia-entity|qwen3-embed-600m+rankfirst|optimal_per_topic|judge_expr|0.5755
dbpedia-entity|qwen3-embed-600m+rankfirst|optimal_per_topic|rankgpt|0.6627
dbpedia-entity|qwen3-embed-600m+rankfirst|quantile|judge|0.7346
dbpedia-entity|qwen3-embed-600m+rankfirst|quantile|judge_expr|0.6216
dbpedia-entity|qwen3-embed-600m+rankfirst|quantile|rankgpt|0.7204
dbpedia-entity|qwen3-embed-600m+rankfirst|rank|judge|0.4868
dbpedia-entity|qwen3-embed-600m+rankfirst|rank|judge_expr|0.4301
dbpedia-entity|qwen3-embed-600m+rankfirst|rank|rankgpt|0.5011
dbpedia-entity|qwen3-embed-600m+rankfirst|thresholding|judge|0.5155
dbpedia-entity|qwen3-embed-600m+rankfirst|thresholding|judge_expr|0.4946
dbpedia-entity|qwen3-embed-600m+rankfirst|thresholding|rankgpt|0.0
dbpedia-entity|qwen3-embed-600m+rankgpt|direct|judge|0.6036
dbpedia-entity|qwen3-embed-600m+rankgpt|direct|judge_expr|0.5165
dbpedia-entity|qwen3-embed-600m+rankgpt|direct|rankgpt|0.6513
dbpedia-entity|qwen3-embed-600m+rankgpt|largest_gap|judge|0.5201
dbpedia-entity|qwen3-embed-600m+rankgpt|largest_gap|judge_expr|0.5367
dbpedia-entity|qwen3-embed-600m+rankgpt|largest_gap|rankgpt|0.6513
dbpedia-entity|qwen3-embed-600m+rankgpt|optimal_global|judge|0.4962
dbpedia-entity|qwen3-embed-600m+rankgpt|optimal_global|judge_expr|0.5133
dbpedia-entity|qwen3-embed-600m+rankgpt|optimal_global|rankgpt|0.6412
dbpedia-entity|qwen3-embed-600m+rankgpt|optimal_per_topic|judge|0.5542
dbpedia-entity|qwen3-embed-600m+rankgpt|optimal_per_topic|judge_expr|0.545
dbpedia-entity|qwen3-embed-600m+rankgpt|optimal_per_topic|rankgpt|0.642
dbpedia-entity|qwen3-embed-600m+rankgpt|quantile|judge|0.6966
dbpedia-entity|qwen3-embed-600m+rankgpt|quantile|judge_expr|0.594
dbpedia-entity|qwen3-embed-600m+rankgpt|quantile|rankgpt|0.6618
dbpedia-entity|qwen3-embed-600m+rankgpt|rank|judge|0.4425
dbpedia-entity|qwen3-embed-600m+rankgpt|rank|judge_expr|0.4116
dbpedia-entity|qwen3-embed-600m+rankgpt|rank|rankgpt|0.494
dbpedia-entity|qwen3-embed-600m+rankgpt|thresholding|judge|0.5027
dbpedia-entity|qwen3-embed-600m+rankgpt|thresholding|judge_expr|0.4871
dbpedia-entity|qwen3-embed-600m+rankgpt|thresholding|rankgpt|0.0
dbpedia-entity|qwen3-embed-600m+setmaxheaptopk|direct|judge|0.5974
dbpedia-entity|qwen3-embed-600m+setmaxheaptopk|direct|judge_expr|0.5323
dbpedia-entity|qwen3-embed-600m+setmaxheaptopk|direct|rankgpt|0.6325
dbpedia-entity|qwen3-embed-600m+setmaxheaptopk|largest_gap|judge|0.5343
dbpedia-entity|qwen3-embed-600m+setmaxheaptopk|largest_gap|judge_expr|0.5594
dbpedia-entity|qwen3-embed-600m+setmaxheaptopk|largest_gap|rankgpt|0.6325
dbpedia-entity|qwen3-embed-600m+setmaxheaptopk|optimal_global|judge|0.5128
dbpedia-entity|qwen3-embed-600m+setmaxheaptopk|optimal_global|judge_expr|0.5311
dbpedia-entity|qwen3-embed-600m+setmaxheaptopk|optimal_global|rankgpt|0.6129
dbpedia-entity|qwen3-embed-600m+setmaxheaptopk|optimal_per_topic|judge|0.5523
dbpedia-entity|qwen3-embed-600m+setmaxheaptopk|optimal_per_topic|judge_expr|0.5539
dbpedia-entity|qwen3-embed-600m+setmaxheaptopk|optimal_per_topic|rankgpt|0.6105
dbpedia-entity|qwen3-embed-600m+setmaxheaptopk|quantile|judge|0.6587
dbpedia-entity|qwen3-embed-600m+setmaxheaptopk|quantile|judge_expr|0.5758
dbpedia-entity|qwen3-embed-600m+setmaxheaptopk|quantile|rankgpt|0.6142
dbpedia-entity|qwen3-embed-600m+setmaxheaptopk|rank|judge|0.4358
dbpedia-entity|qwen3-embed-600m+setmaxheaptopk|rank|judge_expr|0.4097
dbpedia-entity|qwen3-embed-600m+setmaxheaptopk|rank|rankgpt|0.4477
dbpedia-entity|qwen3-embed-600m+setmaxheaptopk|thresholding|judge|0.5171
dbpedia-entity|qwen3-embed-600m+setmaxheaptopk|thresholding|judge_expr|0.5045
dbpedia-entity|qwen3-embed-600m+setmaxheaptopk|thresholding|rankgpt|0.0
dbpedia-entity|splade-v3|direct|judge|0.5821
dbpedia-entity|splade-v3|direct|judge_expr|0.4612
dbpedia-entity|splade-v3|direct|rankgpt|0.68
dbpedia-entity|splade-v3|largest_gap|judge|0.4658
dbpedia-entity|splade-v3|largest_gap|judge_expr|0.4829
dbpedia-entity|splade-v3|largest_gap|rankgpt|0.68
dbpedia-entity|splade-v3|optimal_global|judge|0.4435
dbpedia-entity|splade-v3|optimal_global|judge_expr|0.4641
dbpedia-entity|splade-v3|optimal_global|rankgpt|0.6793
dbpedia-entity|splade-v3|optimal_per_topic|judge|0.5271
dbpedia-entity|splade-v3|optimal_per_topic|judge_expr|0.518
dbpedia-entity|splade-v3|optimal_per_topic|rankgpt|0.6902
dbpedia-entity|splade-v3|quantile|judge|0.7669
dbpedia-entity|splade-v3|quantile|judge_expr|0.566
dbpedia-entity|splade-v3|quantile|rankgpt|1.0
dbpedia-entity|splade-v3|rank|judge|0.5439
dbpedia-entity|splade-v3|rank|judge_expr|0.3641
dbpedia-entity|splade-v3|rank|rankgpt|0.5719
dbpedia-entity|splade-v3|thresholding|judge|0.4512
dbpedia-entity|splade-v3|thresholding|judge_expr|0.4321
dbpedia-entity|splade-v3|thresholding|rankgpt|0.0
dbpedia-entity|splade-v3+judge|direct|judge|1.0
dbpedia-entity|splade-v3+judge|direct|judge_expr|0.8912
dbpedia-entity|splade-v3+judge|direct|rankgpt|0.385
dbpedia-entity|splade-v3+judge|largest_gap|judge|1.0
dbpedia-entity|splade-v3+judge|largest_gap|judge_expr|0.9304
dbpedia-entity|splade-v3+judge|largest_gap|rankgpt|0.385
dbpedia-entity|splade-v3+judge|optimal_global|judge|0.86
dbpedia-entity|splade-v3+judge|optimal_global|judge_expr|0.8752
dbpedia-entity|splade-v3+judge|optimal_global|rankgpt|0.4122
dbpedia-entity|splade-v3+judge|optimal_per_topic|judge|0.87
dbpedia-entity|splade-v3+judge|optimal_per_topic|judge_expr|0.6972
dbpedia-entity|splade-v3+judge|optimal_per_topic|rankgpt|0.5059
dbpedia-entity|splade-v3+judge|quantile|judge|1.0
dbpedia-entity|splade-v3+judge|quantile|judge_expr|0.8863
dbpedia-entity|splade-v3+judge|quantile|rankgpt|0.62
dbpedia-entity|splade-v3+judge|rank|judge|0.7085
dbpedia-entity|splade-v3+judge|rank|judge_expr|0.6765
dbpedia-entity|splade-v3+judge|rank|rankgpt|0.4148
dbpedia-entity|splade-v3+judge|thresholding|judge|0.8775
dbpedia-entity|splade-v3+judge|thresholding|judge_expr|0.834
dbpedia-entity|splade-v3+judge|thresholding|rankgpt|0.0
dbpedia-entity|splade-v3+judge_expr|direct|judge|0.9758
dbpedia-entity|splade-v3+judge_expr|direct|judge_expr|0.935
dbpedia-entity|splade-v3+judge_expr|direct|rankgpt|0.5362
dbpedia-entity|splade-v3+judge_expr|largest_gap|judge|0.9827
dbpedia-entity|splade-v3+judge_expr|largest_gap|judge_expr|1.0
dbpedia-entity|splade-v3+judge_expr|largest_gap|rankgpt|0.5362
dbpedia-entity|splade-v3+judge_expr|optimal_global|judge|0.8594
dbpedia-entity|splade-v3+judge_expr|optimal_global|judge_expr|0.885
dbpedia-entity|splade-v3+judge_expr|optimal_global|rankgpt|0.5437
dbpedia-entity|splade-v3+judge_expr|optimal_per_topic|judge|0.8568
dbpedia-entity|splade-v3+judge_expr|optimal_per_topic|judge_expr|0.87
dbpedia-entity|splade-v3+judge_expr|optimal_per_topic|rankgpt|0.6088
dbpedia-entity|splade-v3+judge_expr|quantile|judge|0.9982
dbpedia-entity|splade-v3+judge_expr|quantile|judge_expr|1.0
dbpedia-entity|splade-v3+judge_expr|quantile|rankgpt|0.6887
dbpedia-entity|splade-v3+judge_expr|rank|judge|0.7239
dbpedia-entity|splade-v3+judge_expr|rank|judge_expr|0.9989
dbpedia-entity|splade-v3+judge_expr|rank|rankgpt|0.4854
dbpedia-entity|splade-v3+judge_expr|thresholding|judge|0.8753
dbpedia-entity|splade-v3+judge_expr|thresholding|judge_expr|0.85
dbpedia-entity|splade-v3+judge_expr|thresholding|rankgpt|0.0
dbpedia-entity|splade-v3+point|direct|judge|0.7135
dbpedia-entity|splade-v3+point|direct|judge_expr|0.5808
dbpedia-entity|splade-v3+point|direct|rankgpt|0.429
dbpedia-entity|splade-v3+point|largest_gap|judge|0.5799
dbpedia-entity|splade-v3+point|largest_gap|judge_expr|0.6087
dbpedia-entity|splade-v3+point|largest_gap|rankgpt|0.429
dbpedia-entity|splade-v3+point|optimal_global|judge|0.5436
dbpedia-entity|splade-v3+point|optimal_global|judge_expr|0.583
dbpedia-entity|splade-v3+point|optimal_global|rankgpt|0.4493
dbpedia-entity|splade-v3+point|optimal_per_topic|judge|0.6076
dbpedia-entity|splade-v3+point|optimal_per_topic|judge_expr|0.5372
dbpedia-entity|splade-v3+point|optimal_per_topic|rankgpt|0.5286
dbpedia-entity|splade-v3+point|quantile|judge|0.8541
dbpedia-entity|splade-v3+point|quantile|judge_expr|0.6913
dbpedia-entity|splade-v3+point|quantile|rankgpt|0.6337
dbpedia-entity|splade-v3+point|rank|judge|0.4548
dbpedia-entity|splade-v3+point|rank|judge_expr|0.4539
dbpedia-entity|splade-v3+point|rank|rankgpt|0.4117
dbpedia-entity|splade-v3+point|thresholding|judge|0.5681
dbpedia-entity|splade-v3+point|thresholding|judge_expr|0.5301
dbpedia-entity|splade-v3+point|thresholding|rankgpt|0.0
dbpedia-entity|splade-v3+rankfirst|direct|judge|0.744
dbpedia-entity|splade-v3+rankfirst|direct|judge_expr|0.6204
dbpedia-entity|splade-v3+rankfirst|direct|rankgpt|0.7476
dbpedia-entity|splade-v3+rankfirst|largest_gap|judge|0.6377
dbpedia-entity|splade-v3+rankfirst|largest_gap|judge_expr|0.6521
dbpedia-entity|splade-v3+rankfirst|largest_gap|rankgpt|0.7476
dbpedia-entity|splade-v3+rankfirst|optimal_global|judge|0.5842
dbpedia-entity|splade-v3+rankfirst|optimal_global|judge_expr|0.6118
dbpedia-entity|splade-v3+rankfirst|optimal_global|rankgpt|0.7546
dbpedia-entity|splade-v3+rankfirst|optimal_per_topic|judge|0.6588
dbpedia-entity|splade-v3+rankfirst|optimal_per_topic|judge_expr|0.6488
dbpedia-entity|splade-v3+rankfirst|optimal_per_topic|rankgpt|0.7478
dbpedia-entity|splade-v3+rankfirst|quantile|judge|0.8869
dbpedia-entity|splade-v3+rankfirst|quantile|judge_expr|0.7388
dbpedia-entity|splade-v3+rankfirst|quantile|rankgpt|0.8741
dbpedia-entity|splade-v3+rankfirst|rank|judge|0.5877
dbpedia-entity|splade-v3+rankfirst|rank|judge_expr|0.507
dbpedia-entity|splade-v3+rankfirst|rank|rankgpt|0.6109
dbpedia-entity|splade-v3+rankfirst|thresholding|judge|0.6029
dbpedia-entity|splade-v3+rankfirst|thresholding|judge_expr|0.5734
dbpedia-entity|splade-v3+rankfirst|thresholding|rankgpt|0.0
dbpedia-entity|splade-v3+rankgpt|direct|judge|0.7341
dbpedia-entity|splade-v3+rankgpt|direct|judge_expr|0.614
dbpedia-entity|splade-v3+rankgpt|direct|rankgpt|1.0
dbpedia-entity|splade-v3+rankgpt|largest_gap|judge|0.6213
dbpedia-entity|splade-v3+rankgpt|largest_gap|judge_expr|0.6396
dbpedia-entity|splade-v3+rankgpt|largest_gap|rankgpt|1.0
dbpedia-entity|splade-v3+rankgpt|optimal_global|judge|0.5832
dbpedia-entity|splade-v3+rankgpt|optimal_global|judge_expr|0.6073
dbpedia-entity|splade-v3+rankgpt|optimal_global|rankgpt|1.0
dbpedia-entity|splade-v3+rankgpt|optimal_per_topic|judge|0.6585
dbpedia-entity|splade-v3+rankgpt|optimal_per_topic|judge_expr|0.636
dbpedia-entity|splade-v3+rankgpt|optimal_per_topic|rankgpt|0.87
dbpedia-entity|splade-v3+rankgpt|quantile|judge|0.8859
dbpedia-entity|splade-v3+rankgpt|quantile|judge_expr|0.7315
dbpedia-entity|splade-v3+rankgpt|quantile|rankgpt|1.0
dbpedia-entity|splade-v3+rankgpt|rank|judge|0.5792
dbpedia-entity|splade-v3+rankgpt|rank|judge_expr|0.5047
dbpedia-entity|splade-v3+rankgpt|rank|rankgpt|1.0
dbpedia-entity|splade-v3+rankgpt|thresholding|judge|0.5961
dbpedia-entity|splade-v3+rankgpt|thresholding|judge_expr|0.5737
dbpedia-entity|splade-v3+rankgpt|thresholding|rankgpt|0.0
dbpedia-entity|splade-v3+setmaxheaptopk|direct|judge|0.7513
dbpedia-entity|splade-v3+setmaxheaptopk|direct|judge_expr|0.6486
dbpedia-entity|splade-v3+setmaxheaptopk|direct|rankgpt|0.7458
dbpedia-entity|splade-v3+setmaxheaptopk|largest_gap|judge|0.6547
dbpedia-entity|splade-v3+setmaxheaptopk|largest_gap|judge_expr|0.6801
dbpedia-entity|splade-v3+setmaxheaptopk|largest_gap|rankgpt|0.7458
dbpedia-entity|splade-v3+setmaxheaptopk|optimal_global|judge|0.6189
dbpedia-entity|splade-v3+setmaxheaptopk|optimal_global|judge_expr|0.6442
dbpedia-entity|splade-v3+setmaxheaptopk|optimal_global|rankgpt|0.7287
dbpedia-entity|splade-v3+setmaxheaptopk|optimal_per_topic|judge|0.6721
dbpedia-entity|splade-v3+setmaxheaptopk|optimal_per_topic|judge_expr|0.6593
dbpedia-entity|splade-v3+setmaxheaptopk|optimal_per_topic|rankgpt|0.7037
dbpedia-entity|splade-v3+setmaxheaptopk|quantile|judge|0.8891
dbpedia-entity|splade-v3+setmaxheaptopk|quantile|judge_expr|0.7385
dbpedia-entity|splade-v3+setmaxheaptopk|quantile|rankgpt|0.7417
dbpedia-entity|splade-v3+setmaxheaptopk|rank|judge|0.5445
dbpedia-entity|splade-v3+setmaxheaptopk|rank|judge_expr|0.5218
dbpedia-entity|splade-v3+setmaxheaptopk|rank|rankgpt|0.5644
dbpedia-entity|splade-v3+setmaxheaptopk|thresholding|judge|0.6283
dbpedia-entity|splade-v3+setmaxheaptopk|thresholding|judge_expr|0.6036
dbpedia-entity|splade-v3+setmaxheaptopk|thresholding|rankgpt|0.0
nfcorpus|bm25|direct|judge|0.5559
nfcorpus|bm25|direct|judge_expr|0.5283
nfcorpus|bm25|direct|rankgpt|0.4546
nfcorpus|bm25|largest_gap|judge|0.5372
nfcorpus|bm25|largest_gap|judge_expr|0.5621
nfcorpus|bm25|largest_gap|rankgpt|0.4546
nfcorpus|bm25|optimal_global|judge|0.5093
nfcorpus|bm25|optimal_global|judge_expr|0.464
nfcorpus|bm25|optimal_global|rankgpt|0.4216
nfcorpus|bm25|optimal_per_topic|judge|0.2104
nfcorpus|bm25|optimal_per_topic|judge_expr|0.1929
nfcorpus|bm25|optimal_per_topic|rankgpt|0.2094
nfcorpus|bm25|quantile|judge|0.6019
nfcorpus|bm25|quantile|judge_expr|0.4878
nfcorpus|bm25|quantile|rankgpt|0.5897
nfcorpus|bm25|rank|judge|0.4104
nfcorpus|bm25|rank|judge_expr|0.3562
nfcorpus|bm25|rank|rankgpt|0.339
nfcorpus|bm25|thresholding|judge|0.5288
nfcorpus|bm25|thresholding|judge_expr|0.5117
nfcorpus|bm25|thresholding|rankgpt|0.0
nfcorpus|bm25+judge|direct|judge|0.7408
nfcorpus|bm25+judge|direct|judge_expr|0.7326
nfcorpus|bm25+judge|direct|rankgpt|0.4543
nfcorpus|bm25+judge|largest_gap|judge|0.768
nfcorpus|bm25+judge|largest_gap|judge_expr|0.7651
nfcorpus|bm25+judge|largest_gap|rankgpt|0.4543
nfcorpus|bm25+judge|optimal_global|judge|0.7102
nfcorpus|bm25+judge|optimal_global|judge_expr|0.6474
nfcorpus|bm25+judge|optimal_global|rankgpt|0.4219
nfcorpus|bm25+judge|optimal_per_topic|judge|0.3051
nfcorpus|bm25+judge|optimal_per_topic|judge_expr|0.2527
nfcorpus|bm25+judge|optimal_per_topic|rankgpt|0.2149
nfcorpus|bm25+judge|quantile|judge|0.7211
nfcorpus|bm25+judge|quantile|judge_expr|0.6631
nfcorpus|bm25+judge|quantile|rankgpt|0.5421
nfcorpus|bm25+judge|rank|judge|0.5645
nfcorpus|bm25+judge|rank|judge_expr|0.5258
nfcorpus|bm25+judge|rank|rankgpt|0.3499
nfcorpus|bm25+judge|thresholding|judge|0.7315
nfcorpus|bm25+judge|thresholding|judge_expr|0.7068
nfcorpus|bm25+judge|thresholding|rankgpt|0.0
nfcorpus|bm25+judge_expr|direct|judge|0.7451
nfcorpus|bm25+judge_expr|direct|judge_expr|0.7497
nfcorpus|bm25+judge_expr|direct|rankgpt|0.514
nfcorpus|bm25+judge_expr|largest_gap|judge|0.7727
nfcorpus|bm25+judge_expr|largest_gap|judge_expr|0.7877
nfcorpus|bm25+judge_expr|largest_gap|rankgpt|0.514
nfcorpus|bm25+judge_expr|optimal_global|judge|0.7168
nfcorpus|bm25+judge_expr|optimal_global|judge_expr|0.6689
nfcorpus|bm25+judge_expr|optimal_global|rankgpt|0.4812
nfcorpus|bm25+judge_expr|optimal_per_topic|judge|0.3064
nfcorpus|bm25+judge_expr|optimal_per_topic|judge_expr|0.3002
nfcorpus|bm25+judge_expr|optimal_per_topic|rankgpt|0.2379
nfcorpus|bm25+judge_expr|quantile|judge|0.735
nfcorpus|bm25+judge_expr|quantile|judge_expr|0.7267
nfcorpus|bm25+judge_expr|quantile|rankgpt|0.5826
nfcorpus|bm25+judge_expr|rank|judge|0.5815
nfcorpus|bm25+judge_expr|rank|judge_expr|0.6455
nfcorpus|bm25+judge_expr|rank|rankgpt|0.383
nfcorpus|bm25+judge_expr|thresholding|judge|0.737
nfcorpus|bm25+judge_expr|thresholding|judge_expr|0.7179
nfcorpus|bm25+judge_expr|thresholding|rankgpt|0.0
nfcorpus|bm25+point|direct|judge|0.615
nfcorpus|bm25+point|direct|judge_expr|0.5838
nfcorpus|bm25+point|direct|rankgpt|0.4745
nfcorpus|bm25+point|largest_gap|judge|0.5699
nfcorpus|bm25+point|largest_gap|judge_expr|0.6106
nfcorpus|bm25+point|largest_gap|rankgpt|0.4745
nfcorpus|bm25+point|optimal_global|judge|0.5578
nfcorpus|bm25+point|optimal_global|judge_expr|0.4954
nfcorpus|bm25+point|optimal_global|rankgpt|0.4469
nfcorpus|bm25+point|optimal_per_topic|judge|0.2433
nfcorpus|bm25+point|optimal_per_topic|judge_expr|0.2268
nfcorpus|bm25+point|optimal_per_topic|rankgpt|0.2393
nfcorpus|bm25+point|quantile|judge|0.6617
nfcorpus|bm25+point|quantile|judge_expr|0.5609
nfcorpus|bm25+point|quantile|rankgpt|0.5684
nfcorpus|bm25+point|rank|judge|0.4351
nfcorpus|bm25+point|rank|judge_expr|0.4016
nfcorpus|bm25+point|rank|rankgpt|0.3663
nfcorpus|bm25+point|thresholding|judge|0.5928
nfcorpus|bm25+point|thresholding|judge_expr|0.5608
nfcorpus|bm25+point|thresholding|rankgpt|0.0
nfcorpus|bm25+rankfirst|direct|judge|0.6489
nfcorpus|bm25+rankfirst|direct|judge_expr|0.6232
nfcorpus|bm25+rankfirst|direct|rankgpt|0.6172
nfcorpus|bm25+rankfirst|largest_gap|judge|0.6189
nfcorpus|bm25+rankfirst|largest_gap|judge_expr|0.6552
nfcorpus|bm25+rankfirst|largest_gap|rankgpt|0.6172
nfcorpus|bm25+rankfirst|optimal_global|judge|0.6018
nfcorpus|bm25+rankfirst|optimal_global|judge_expr|0.5533
nfcorpus|bm25+rankfirst|optimal_global|rankgpt|0.5632
nfcorpus|bm25+rankfirst|optimal_per_topic|judge|0.2621
nfcorpus|bm25+rankfirst|optimal_per_topic|judge_expr|0.2482
nfcorpus|bm25+rankfirst|optimal_per_topic|rankgpt|0.2735
nfcorpus|bm25+rankfirst|quantile|judge|0.6877
nfcorpus|bm25+rankfirst|quantile|judge_expr|0.5897
nfcorpus|bm25+rankfirst|quantile|rankgpt|0.6615
nfcorpus|bm25+rankfirst|rank|judge|0.4902
nfcorpus|bm25+rankfirst|rank|judge_expr|0.4386
nfcorpus|bm25+rankfirst|rank|rankgpt|0.4236
nfcorpus|bm25+rankfirst|thresholding|judge|0.6259
nfcorpus|bm25+rankfirst|thresholding|judge_expr|0.6047
nfcorpus|bm25+rankfirst|thresholding|rankgpt|0.0
nfcorpus|bm25+rankgpt|direct|judge|0.5882
nfcorpus|bm25+rankgpt|direct|judge_expr|0.5667
nfcorpus|bm25+rankgpt|direct|rankgpt|0.5462
nfcorpus|bm25+rankgpt|largest_gap|judge|0.571
nfcorpus|bm25+rankgpt|largest_gap|judge_expr|0.5901
nfcorpus|bm25+rankgpt|largest_gap|rankgpt|0.5462
nfcorpus|bm25+rankgpt|optimal_global|judge|0.5503
nfcorpus|bm25+rankgpt|optimal_global|judge_expr|0.5149
nfcorpus|bm25+rankgpt|optimal_global|rankgpt|0.5135
nfcorpus|bm25+rankgpt|optimal_per_topic|judge|0.2306
nfcorpus|bm25+rankgpt|optimal_per_topic|judge_expr|0.2115
nfcorpus|bm25+rankgpt|optimal_per_topic|rankgpt|0.2386
nfcorpus|bm25+rankgpt|quantile|judge|0.6242
nfcorpus|bm25+rankgpt|quantile|judge_expr|0.5252
nfcorpus|bm25+rankgpt|quantile|rankgpt|0.5827
nfcorpus|bm25+rankgpt|rank|judge|0.4123
nfcorpus|bm25+rankgpt|rank|judge_expr|0.3802
nfcorpus|bm25+rankgpt|rank|rankgpt|0.4038
nfcorpus|bm25+rankgpt|thresholding|judge|0.5673
nfcorpus|bm25+rankgpt|thresholding|judge_expr|0.5484
nfcorpus|bm25+rankgpt|thresholding|rankgpt|0.0
nfcorpus|bm25+setmaxheaptopk|direct|judge|0.6271
nfcorpus|bm25+setmaxheaptopk|direct|judge_expr|0.6102
nfcorpus|bm25+setmaxheaptopk|direct|rankgpt|0.5871
nfcorpus|bm25+setmaxheaptopk|largest_gap|judge|0.6161
nfcorpus|bm25+setmaxheaptopk|largest_gap|judge_expr|0.6465
nfcorpus|bm25+setmaxheaptopk|largest_gap|rankgpt|0.5871
nfcorpus|bm25+setmaxheaptopk|optimal_global|judge|0.5917
nfcorpus|bm25+setmaxheaptopk|optimal_global|judge_expr|0.5509
nfcorpus|bm25+setmaxheaptopk|optimal_global|rankgpt|0.5321
nfcorpus|bm25+setmaxheaptopk|optimal_per_topic|judge|0.2611
nfcorpus|bm25+setmaxheaptopk|optimal_per_topic|judge_expr|0.2459
nfcorpus|bm25+setmaxheaptopk|optimal_per_topic|rankgpt|0.2695
nfcorpus|bm25+setmaxheaptopk|quantile|judge|0.6521
nfcorpus|bm25+setmaxheaptopk|quantile|judge_expr|0.5636
nfcorpus|bm25+setmaxheaptopk|quantile|rankgpt|0.6063
nfcorpus|bm25+setmaxheaptopk|rank|judge|0.4649
nfcorpus|bm25+setmaxheaptopk|rank|judge_expr|0.4238
nfcorpus|bm25+setmaxheaptopk|rank|rankgpt|0.4025
nfcorpus|bm25+setmaxheaptopk|thresholding|judge|0.6149
nfcorpus|bm25+setmaxheaptopk|thresholding|judge_expr|0.5953
nfcorpus|bm25+setmaxheaptopk|thresholding|rankgpt|0.0
nfcorpus|colbert-small|direct|judge|0.5648
nfcorpus|colbert-small|direct|judge_expr|0.52
nfcorpus|colbert-small|direct|rankgpt|0.4587
nfcorpus|colbert-small|largest_gap|judge|0.5146
nfcorpus|colbert-small|largest_gap|judge_expr|0.5472
nfcorpus|colbert-small|largest_gap|rankgpt|0.4587
nfcorpus|colbert-small|optimal_global|judge|0.5134
nfcorpus|colbert-small|optimal_global|judge_expr|0.4727
nfcorpus|colbert-small|optimal_global|rankgpt|0.4291
nfcorpus|colbert-small|optimal_per_topic|judge|0.2295
nfcorpus|colbert-small|optimal_per_topic|judge_expr|0.2159
nfcorpus|colbert-small|optimal_per_topic|rankgpt|0.2211
nfcorpus|colbert-small|quantile|judge|0.6396
nfcorpus|colbert-small|quantile|judge_expr|0.5102
nfcorpus|colbert-small|quantile|rankgpt|0.5819
nfcorpus|colbert-small|rank|judge|0.4152
nfcorpus|colbert-small|rank|judge_expr|0.3645
nfcorpus|colbert-small|rank|rankgpt|0.338
nfcorpus|colbert-small|thresholding|judge|0.5241
nfcorpus|colbert-small|thresholding|judge_expr|0.5132
nfcorpus|colbert-small|thresholding|rankgpt|0.0
nfcorpus|colbert-small+judge|direct|judge|0.7343
nfcorpus|colbert-small+judge|direct|judge_expr|0.7247
nfcorpus|colbert-small+judge|direct|rankgpt|0.4359
nfcorpus|colbert-small+judge|largest_gap|judge|0.7761
nfcorpus|colbert-small+judge|largest_gap|judge_expr|0.7599
nfcorpus|colbert-small+judge|largest_gap|rankgpt|0.4359
nfcorpus|colbert-small+judge|optimal_global|judge|0.7044
nfcorpus|colbert-small+judge|optimal_global|judge_expr|0.658
nfcorpus|colbert-small+judge|optimal_global|rankgpt|0.403
nfcorpus|colbert-small+judge|optimal_per_topic|judge|0.3068
nfcorpus|colbert-small+judge|optimal_per_topic|judge_expr|0.2564
nfcorpus|colbert-small+judge|optimal_per_topic|rankgpt|0.2097
nfcorpus|colbert-small+judge|quantile|judge|0.6987
nfcorpus|colbert-small+judge|quantile|judge_expr|0.6549
nfcorpus|colbert-small+judge|quantile|rankgpt|0.5112
nfcorpus|colbert-small+judge|rank|judge|0.5469
nfcorpus|colbert-small+judge|rank|judge_expr|0.5215
nfcorpus|colbert-small+judge|rank|rankgpt|0.3309
nfcorpus|colbert-small+judge|thresholding|judge|0.7292
nfcorpus|colbert-small+judge|thresholding|judge_expr|0.7071
nfcorpus|colbert-small+judge|thresholding|rankgpt|0.0
nfcorpus|colbert-small+judge_expr|direct|judge|0.7554
nfcorpus|colbert-small+judge_expr|direct|judge_expr|0.7586
nfcorpus|colbert-small+judge_expr|direct|rankgpt|0.5101
nfcorpus|colbert-small+judge_expr|largest_gap|judge|0.7978
nfcorpus|colbert-small+judge_expr|largest_gap|judge_expr|0.8063
nfcorpus|colbert-small+judge_expr|largest_gap|rankgpt|0.5101
nfcorpus|colbert-small+judge_expr|optimal_global|judge|0.7254
nfcorpus|colbert-small+judge_expr|optimal_global|judge_expr|0.691
nfcorpus|colbert-small+judge_expr|optimal_global|rankgpt|0.4757
nfcorpus|colbert-small+judge_expr|optimal_per_topic|judge|0.3211
nfcorpus|colbert-small+judge_expr|optimal_per_topic|judge_expr|0.3182
nfcorpus|colbert-small+judge_expr|optimal_per_topic|rankgpt|0.2418
nfcorpus|colbert-small+judge_expr|quantile|judge|0.733
nfcorpus|colbert-small+judge_expr|quantile|judge_expr|0.7347
nfcorpus|colbert-small+judge_expr|quantile|rankgpt|0.5694
nfcorpus|colbert-small+judge_expr|rank|judge|0.5868
nfcorpus|colbert-small+judge_expr|rank|judge_expr|0.69
nfcorpus|colbert-small+judge_expr|rank|rankgpt|0.3816
nfcorpus|colbert-small+judge_expr|thresholding|judge|0.75
nfcorpus|colbert-small+judge_expr|thresholding|judge_expr|0.7308
nfcorpus|colbert-small+judge_expr|thresholding|rankgpt|0.0
nfcorpus|colbert-small+point|direct|judge|0.6206
nfcorpus|colbert-small+point|direct|judge_expr|0.5841
nfcorpus|colbert-small+point|direct|rankgpt|0.4767
nfcorpus|colbert-small+point|largest_gap|judge|0.5828
nfcorpus|colbert-small+point|largest_gap|judge_expr|0.6155
nfcorpus|colbert-small+point|largest_gap|rankgpt|0.4767
nfcorpus|colbert-small+point|optimal_global|judge|0.5615
nfcorpus|colbert-small+point|optimal_global|judge_expr|0.5065
nfcorpus|colbert-small+point|optimal_global|rankgpt|0.4409
nfcorpus|colbert-small+point|optimal_per_topic|judge|0.2463
nfcorpus|colbert-small+point|optimal_per_topic|judge_expr|0.2312
nfcorpus|colbert-small+point|optimal_per_topic|rankgpt|0.2368
nfcorpus|colbert-small+point|quantile|judge|0.6641
nfcorpus|colbert-small+point|quantile|judge_expr|0.5659
nfcorpus|colbert-small+point|quantile|rankgpt|0.5521
nfcorpus|colbert-small+point|rank|judge|0.4358
nfcorpus|colbert-small+point|rank|judge_expr|0.4122
nfcorpus|colbert-small+point|rank|rankgpt|0.3588
nfcorpus|colbert-small+point|thresholding|judge|0.595
nfcorpus|colbert-small+point|thresholding|judge_expr|0.5654
nfcorpus|colbert-small+point|thresholding|rankgpt|0.0
nfcorpus|colbert-small+rankfirst|direct|judge|0.6692
nfcorpus|colbert-small+rankfirst|direct|judge_expr|0.631
nfcorpus|colbert-small+rankfirst|direct|rankgpt|0.6325
nfcorpus|colbert-small+rankfirst|largest_gap|judge|0.6329
nfcorpus|colbert-small+rankfirst|largest_gap|judge_expr|0.6704
nfcorpus|colbert-small+rankfirst|largest_gap|rankgpt|0.6325
nfcorpus|colbert-small+rankfirst|optimal_global|judge|0.6179
nfcorpus|colbert-small+rankfirst|optimal_global|judge_expr|0.5709
nfcorpus|colbert-small+rankfirst|optimal_global|rankgpt|0.5677
nfcorpus|colbert-small+rankfirst|optimal_per_topic|judge|0.2686
nfcorpus|colbert-small+rankfirst|optimal_per_topic|judge_expr|0.2534
nfcorpus|colbert-small+rankfirst|optimal_per_topic|rankgpt|0.2743
nfcorpus|colbert-small+rankfirst|quantile|judge|0.7315
nfcorpus|colbert-small+rankfirst|quantile|judge_expr|0.6226
nfcorpus|colbert-small+rankfirst|quantile|rankgpt|0.6662
nfcorpus|colbert-small+rankfirst|rank|judge|0.5084
nfcorpus|colbert-small+rankfirst|rank|judge_expr|0.459
nfcorpus|colbert-small+rankfirst|rank|rankgpt|0.4307
nfcorpus|colbert-small+rankfirst|thresholding|judge|0.6367
nfcorpus|colbert-small+rankfirst|thresholding|judge_expr|0.6251
nfcorpus|colbert-small+rankfirst|thresholding|rankgpt|0.0
nfcorpus|colbert-small+rankgpt|direct|judge|0.5951
nfcorpus|colbert-small+rankgpt|direct|judge_expr|0.5757
nfcorpus|colbert-small+rankgpt|direct|rankgpt|0.5614
nfcorpus|colbert-small+rankgpt|largest_gap|judge|0.5704
nfcorpus|colbert-small+rankgpt|largest_gap|judge_expr|0.61
nfcorpus|colbert-small+rankgpt|largest_gap|rankgpt|0.5614
nfcorpus|colbert-small+rankgpt|optimal_global|judge|0.5659
nfcorpus|colbert-small+rankgpt|optimal_global|judge_expr|0.5247
nfcorpus|colbert-small+rankgpt|optimal_global|rankgpt|0.5341
nfcorpus|colbert-small+rankgpt|optimal_per_topic|judge|0.2393
nfcorpus|colbert-small+rankgpt|optimal_per_topic|judge_expr|0.2267
nfcorpus|colbert-small+rankgpt|optimal_per_topic|rankgpt|0.2464
nfcorpus|colbert-small+rankgpt|quantile|judge|0.6524
nfcorpus|colbert-small+rankgpt|quantile|judge_expr|0.5432
nfcorpus|colbert-small+rankgpt|quantile|rankgpt|0.5737
nfcorpus|colbert-small+rankgpt|rank|judge|0.4273
nfcorpus|colbert-small+rankgpt|rank|judge_expr|0.3959
nfcorpus|colbert-small+rankgpt|rank|rankgpt|0.4089
nfcorpus|colbert-small+rankgpt|thresholding|judge|0.5768
nfcorpus|colbert-small+rankgpt|thresholding|judge_expr|0.5644
nfcorpus|colbert-small+rankgpt|thresholding|rankgpt|0.0
nfcorpus|colbert-small+setmaxheaptopk|direct|judge|0.6253
nfcorpus|colbert-small+setmaxheaptopk|direct|judge_expr|0.6121
nfcorpus|colbert-small+setmaxheaptopk|direct|rankgpt|0.607
nfcorpus|colbert-small+setmaxheaptopk|largest_gap|judge|0.6236
nfcorpus|colbert-small+setmaxheaptopk|largest_gap|judge_expr|0.6472
nfcorpus|colbert-small+setmaxheaptopk|largest_gap|rankgpt|0.607
nfcorpus|colbert-small+setmaxheaptopk|optimal_global|judge|0.5985
nfcorpus|colbert-small+setmaxheaptopk|optimal_global|judge_expr|0.5591
nfcorpus|colbert-small+setmaxheaptopk|optimal_global|rankgpt|0.5343
nfcorpus|colbert-small+setmaxheaptopk|optimal_per_topic|judge|0.2603
nfcorpus|colbert-small+setmaxheaptopk|optimal_per_topic|judge_expr|0.2444
nfcorpus|colbert-small+setmaxheaptopk|optimal_per_topic|rankgpt|0.2651
nfcorpus|colbert-small+setmaxheaptopk|quantile|judge|0.648
nfcorpus|colbert-small+setmaxheaptopk|quantile|judge_expr|0.5518
nfcorpus|colbert-small+setmaxheaptopk|quantile|rankgpt|0.5989
nfcorpus|colbert-small+setmaxheaptopk|rank|judge|0.4566
nfcorpus|colbert-small+setmaxheaptopk|rank|judge_expr|0.4239
nfcorpus|colbert-small+setmaxheaptopk|rank|rankgpt|0.4037
nfcorpus|colbert-small+setmaxheaptopk|thresholding|judge|0.6205
nfcorpus|colbert-small+setmaxheaptopk|thresholding|judge_expr|0.6025
nfcorpus|colbert-small+setmaxheaptopk|thresholding|rankgpt|0.0
nfcorpus|nomicai-modernbert-embed|direct|judge|0.5472
nfcorpus|nomicai-modernbert-embed|direct|judge_expr|0.5183
nfcorpus|nomicai-modernbert-embed|direct|rankgpt|0.4887
nfcorpus|nomicai-modernbert-embed|largest_gap|judge|0.515
nfcorpus|nomicai-modernbert-embed|largest_gap|judge_expr|0.5443
nfcorpus|nomicai-modernbert-embed|largest_gap|rankgpt|0.4887
nfcorpus|nomicai-modernbert-embed|optimal_global|judge|0.5256
nfcorpus|nomicai-modernbert-embed|optimal_global|judge_expr|0.4891
nfcorpus|nomicai-modernbert-embed|optimal_global|rankgpt|0.4484
nfcorpus|nomicai-modernbert-embed|optimal_per_topic|judge|0.2337
nfcorpus|nomicai-modernbert-embed|optimal_per_topic|judge_expr|0.2247
nfcorpus|nomicai-modernbert-embed|optimal_per_topic|rankgpt|0.245
nfcorpus|nomicai-modernbert-embed|quantile|judge|0.6114
nfcorpus|nomicai-modernbert-embed|quantile|judge_expr|0.4981
nfcorpus|nomicai-modernbert-embed|quantile|rankgpt|0.5675
nfcorpus|nomicai-modernbert-embed|rank|judge|0.4074
nfcorpus|nomicai-modernbert-embed|rank|judge_expr|0.3593
nfcorpus|nomicai-modernbert-embed|rank|rankgpt|0.3484
nfcorpus|nomicai-modernbert-embed|thresholding|judge|0.5226
nfcorpus|nomicai-modernbert-embed|thresholding|judge_expr|0.5231
nfcorpus|nomicai-modernbert-embed|thresholding|rankgpt|0.0
nfcorpus|nomicai-modernbert-embed+judge|direct|judge|0.6984
nfcorpus|nomicai-modernbert-embed+judge|direct|judge_expr|0.6963
nfcorpus|nomicai-modernbert-embed+judge|direct|rankgpt|0.4264
nfcorpus|nomicai-modernbert-embed+judge|largest_gap|judge|0.7453
nfcorpus|nomicai-modernbert-embed+judge|largest_gap|judge_expr|0.7289
nfcorpus|nomicai-modernbert-embed+judge|largest_gap|rankgpt|0.4264
nfcorpus|nomicai-modernbert-embed+judge|optimal_global|judge|0.6799
nfcorpus|nomicai-modernbert-embed+judge|optimal_global|judge_expr|0.6363
nfcorpus|nomicai-modernbert-embed+judge|optimal_global|rankgpt|0.3964
nfcorpus|nomicai-modernbert-embed+judge|optimal_per_topic|judge|0.3012
nfcorpus|nomicai-modernbert-embed+judge|optimal_per_topic|judge_expr|0.2549
nfcorpus|nomicai-modernbert-embed+judge|optimal_per_topic|rankgpt|0.2144
nfcorpus|nomicai-modernbert-embed+judge|quantile|judge|0.6572
nfcorpus|nomicai-modernbert-embed+judge|quantile|judge_expr|0.6119
nfcorpus|nomicai-modernbert-embed+judge|quantile|rankgpt|0.4892
nfcorpus|nomicai-modernbert-embed+judge|rank|judge|0.5234
nfcorpus|nomicai-modernbert-embed+judge|rank|judge_expr|0.4979
nfcorpus|nomicai-modernbert-embed+judge|rank|rankgpt|0.3194
nfcorpus|nomicai-modernbert-embed+judge|thresholding|judge|0.6953
nfcorpus|nomicai-modernbert-embed+judge|thresholding|judge_expr|0.6754
nfcorpus|nomicai-modernbert-embed+judge|thresholding|rankgpt|0.0
nfcorpus|nomicai-modernbert-embed+judge_expr|direct|judge|0.719
nfcorpus|nomicai-modernbert-embed+judge_expr|direct|judge_expr|0.734
nfcorpus|nomicai-modernbert-embed+judge_expr|direct|rankgpt|0.4981
nfcorpus|nomicai-modernbert-embed+judge_expr|largest_gap|judge|0.7651
nfcorpus|nomicai-modernbert-embed+judge_expr|largest_gap|judge_expr|0.7735
nfcorpus|nomicai-modernbert-embed+judge_expr|largest_gap|rankgpt|0.4981
nfcorpus|nomicai-modernbert-embed+judge_expr|optimal_global|judge|0.7023
nfcorpus|nomicai-modernbert-embed+judge_expr|optimal_global|judge_expr|0.6737
nfcorpus|nomicai-modernbert-embed+judge_expr|optimal_global|rankgpt|0.4635
nfcorpus|nomicai-modernbert-embed+judge_expr|optimal_per_topic|judge|0.3134
nfcorpus|nomicai-modernbert-embed+judge_expr|optimal_per_topic|judge_expr|0.3129
nfcorpus|nomicai-modernbert-embed+judge_expr|optimal_per_topic|rankgpt|0.24
nfcorpus|nomicai-modernbert-embed+judge_expr|quantile|judge|0.6915
nfcorpus|nomicai-modernbert-embed+judge_expr|quantile|judge_expr|0.6933
nfcorpus|nomicai-modernbert-embed+judge_expr|quantile|rankgpt|0.5432
nfcorpus|nomicai-modernbert-embed+judge_expr|rank|judge|0.5521
nfcorpus|nomicai-modernbert-embed+judge_expr|rank|judge_expr|0.6412
nfcorpus|nomicai-modernbert-embed+judge_expr|rank|rankgpt|0.3627
nfcorpus|nomicai-modernbert-embed+judge_expr|thresholding|judge|0.7165
nfcorpus|nomicai-modernbert-embed+judge_expr|thresholding|judge_expr|0.7014
nfcorpus|nomicai-modernbert-embed+judge_expr|thresholding|rankgpt|0.0
nfcorpus|nomicai-modernbert-embed+point|direct|judge|0.6016
nfcorpus|nomicai-modernbert-embed+point|direct|judge_expr|0.5827
nfcorpus|nomicai-modernbert-embed+point|direct|rankgpt|0.46
nfcorpus|nomicai-modernbert-embed+point|largest_gap|judge|0.571
nfcorpus|nomicai-modernbert-embed+point|largest_gap|judge_expr|0.6061
nfcorpus|nomicai-modernbert-embed+point|largest_gap|rankgpt|0.46
nfcorpus|nomicai-modernbert-embed+point|optimal_global|judge|0.5639
nfcorpus|nomicai-modernbert-embed+point|optimal_global|judge_expr|0.509
nfcorpus|nomicai-modernbert-embed+point|optimal_global|rankgpt|0.4338
nfcorpus|nomicai-modernbert-embed+point|optimal_per_topic|judge|0.2503
nfcorpus|nomicai-modernbert-embed+point|optimal_per_topic|judge_expr|0.2374
nfcorpus|nomicai-modernbert-embed+point|optimal_per_topic|rankgpt|0.2479
nfcorpus|nomicai-modernbert-embed+point|quantile|judge|0.6378
nfcorpus|nomicai-modernbert-embed+point|quantile|judge_expr|0.5435
nfcorpus|nomicai-modernbert-embed+point|quantile|rankgpt|0.5413
nfcorpus|nomicai-modernbert-embed+point|rank|judge|0.4274
nfcorpus|nomicai-modernbert-embed+point|rank|judge_expr|0.4027
nfcorpus|nomicai-modernbert-embed+point|rank|rankgpt|0.3566
nfcorpus|nomicai-modernbert-embed+point|thresholding|judge|0.5849
nfcorpus|nomicai-modernbert-embed+point|thresholding|judge_expr|0.5612
nfcorpus|nomicai-modernbert-embed+point|thresholding|rankgpt|0.0
nfcorpus|nomicai-modernbert-embed+rankfirst|direct|judge|0.646
nfcorpus|nomicai-modernbert-embed+rankfirst|direct|judge_expr|0.6176
nfcorpus|nomicai-modernbert-embed+rankfirst|direct|rankgpt|0.5958
nfcorpus|nomicai-modernbert-embed+rankfirst|largest_gap|judge|0.6201
nfcorpus|nomicai-modernbert-embed+rankfirst|largest_gap|judge_expr|0.6458
nfcorpus|nomicai-modernbert-embed+rankfirst|largest_gap|rankgpt|0.5958
nfcorpus|nomicai-modernbert-embed+rankfirst|optimal_global|judge|0.6077
nfcorpus|nomicai-modernbert-embed+rankfirst|optimal_global|judge_expr|0.5626
nfcorpus|nomicai-modernbert-embed+rankfirst|optimal_global|rankgpt|0.5533
nfcorpus|nomicai-modernbert-embed+rankfirst|optimal_per_topic|judge|0.271
nfcorpus|nomicai-modernbert-embed+rankfirst|optimal_per_topic|judge_expr|0.2564
nfcorpus|nomicai-modernbert-embed+rankfirst|optimal_per_topic|rankgpt|0.2791
nfcorpus|nomicai-modernbert-embed+rankfirst|quantile|judge|0.7022
nfcorpus|nomicai-modernbert-embed+rankfirst|quantile|judge_expr|0.5987
nfcorpus|nomicai-modernbert-embed+rankfirst|quantile|rankgpt|0.6495
nfcorpus|nomicai-modernbert-embed+rankfirst|rank|judge|0.484
nfcorpus|nomicai-modernbert-embed+rankfirst|rank|judge_expr|0.4462
nfcorpus|nomicai-modernbert-embed+rankfirst|rank|rankgpt|0.4164
nfcorpus|nomicai-modernbert-embed+rankfirst|thresholding|judge|0.6167
nfcorpus|nomicai-modernbert-embed+rankfirst|thresholding|judge_expr|0.6042
nfcorpus|nomicai-modernbert-embed+rankfirst|thresholding|rankgpt|0.0
nfcorpus|nomicai-modernbert-embed+rankgpt|direct|judge|0.5632
nfcorpus|nomicai-modernbert-embed+rankgpt|direct|judge_expr|0.5492
nfcorpus|nomicai-modernbert-embed+rankgpt|direct|rankgpt|0.5469
nfcorpus|nomicai-modernbert-embed+rankgpt|largest_gap|judge|0.5578
nfcorpus|nomicai-modernbert-embed+rankgpt|largest_gap|judge_expr|0.5748
nfcorpus|nomicai-modernbert-embed+rankgpt|largest_gap|rankgpt|0.5469
nfcorpus|nomicai-modernbert-embed+rankgpt|optimal_global|judge|0.5478
nfcorpus|nomicai-modernbert-embed+rankgpt|optimal_global|judge_expr|0.5059
nfcorpus|nomicai-modernbert-embed+rankgpt|optimal_global|rankgpt|0.5106
nfcorpus|nomicai-modernbert-embed+rankgpt|optimal_per_topic|judge|0.2384
nfcorpus|nomicai-modernbert-embed+rankgpt|optimal_per_topic|judge_expr|0.2265
nfcorpus|nomicai-modernbert-embed+rankgpt|optimal_per_topic|rankgpt|0.2553
nfcorpus|nomicai-modernbert-embed+rankgpt|quantile|judge|0.5995
nfcorpus|nomicai-modernbert-embed+rankgpt|quantile|judge_expr|0.5111
nfcorpus|nomicai-modernbert-embed+rankgpt|quantile|rankgpt|0.5494
nfcorpus|nomicai-modernbert-embed+rankgpt|rank|judge|0.4027
nfcorpus|nomicai-modernbert-embed+rankgpt|rank|judge_expr|0.3776
nfcorpus|nomicai-modernbert-embed+rankgpt|rank|rankgpt|0.3985
nfcorpus|nomicai-modernbert-embed+rankgpt|thresholding|judge|0.5486
nfcorpus|nomicai-modernbert-embed+rankgpt|thresholding|judge_expr|0.5447
nfcorpus|nomicai-modernbert-embed+rankgpt|thresholding|rankgpt|0.0
nfcorpus|nomicai-modernbert-embed+setmaxheaptopk|direct|judge|0.6051
nfcorpus|nomicai-modernbert-embed+setmaxheaptopk|direct|judge_expr|0.603
nfcorpus|nomicai-modernbert-embed+setmaxheaptopk|direct|rankgpt|0.5979
nfcorpus|nomicai-modernbert-embed+setmaxheaptopk|largest_gap|judge|0.6051
nfcorpus|nomicai-modernbert-embed+setmaxheaptopk|largest_gap|judge_expr|0.63
nfcorpus|nomicai-modernbert-embed+setmaxheaptopk|largest_gap|rankgpt|0.5979
nfcorpus|nomicai-modernbert-embed+setmaxheaptopk|optimal_global|judge|0.5979
nfcorpus|nomicai-modernbert-embed+setmaxheaptopk|optimal_global|judge_expr|0.5585
nfcorpus|nomicai-modernbert-embed+setmaxheaptopk|optimal_global|rankgpt|0.542
nfcorpus|nomicai-modernbert-embed+setmaxheaptopk|optimal_per_topic|judge|0.2611
nfcorpus|nomicai-modernbert-embed+setmaxheaptopk|optimal_per_topic|judge_expr|0.249
nfcorpus|nomicai-modernbert-embed+setmaxheaptopk|optimal_per_topic|rankgpt|0.2826
nfcorpus|nomicai-modernbert-embed+setmaxheaptopk|quantile|judge|0.6271
nfcorpus|nomicai-modernbert-embed+setmaxheaptopk|quantile|judge_expr|0.542
nfcorpus|nomicai-modernbert-embed+setmaxheaptopk|quantile|rankgpt|0.5738
nfcorpus|nomicai-modernbert-embed+setmaxheaptopk|rank|judge|0.4437
nfcorpus|nomicai-modernbert-embed+setmaxheaptopk|rank|judge_expr|0.4128
nfcorpus|nomicai-modernbert-embed+setmaxheaptopk|rank|rankgpt|0.3978
nfcorpus|nomicai-modernbert-embed+setmaxheaptopk|thresholding|judge|0.602
nfcorpus|nomicai-modernbert-embed+setmaxheaptopk|thresholding|judge_expr|0.5943
nfcorpus|nomicai-modernbert-embed+setmaxheaptopk|thresholding|rankgpt|0.0
nfcorpus|qwen3-embed-600m|direct|judge|0.5697
nfcorpus|qwen3-embed-600m|direct|judge_expr|0.5373
nfcorpus|qwen3-embed-600m|direct|rankgpt|0.4767
nfcorpus|qwen3-embed-600m|largest_gap|judge|0.532
nfcorpus|qwen3-embed-600m|largest_gap|judge_expr|0.5532
nfcorpus|qwen3-embed-600m|largest_gap|rankgpt|0.4767
nfcorpus|qwen3-embed-600m|optimal_global|judge|0.5323
nfcorpus|qwen3-embed-600m|optimal_global|judge_expr|0.4891
nfcorpus|qwen3-embed-600m|optimal_global|rankgpt|0.4552
nfcorpus|qwen3-embed-600m|optimal_per_topic|judge|0.2373
nfcorpus|qwen3-embed-600m|optimal_per_topic|judge_expr|0.2306
nfcorpus|qwen3-embed-600m|optimal_per_topic|rankgpt|0.25
nfcorpus|qwen3-embed-600m|quantile|judge|0.6361
nfcorpus|qwen3-embed-600m|quantile|judge_expr|0.5189
nfcorpus|qwen3-embed-600m|quantile|rankgpt|0.5871
nfcorpus|qwen3-embed-600m|rank|judge|0.4254
nfcorpus|qwen3-embed-600m|rank|judge_expr|0.3743
nfcorpus|qwen3-embed-600m|rank|rankgpt|0.3532
nfcorpus|qwen3-embed-600m|thresholding|judge|0.5396
nfcorpus|qwen3-embed-600m|thresholding|judge_expr|0.526
nfcorpus|qwen3-embed-600m|thresholding|rankgpt|0.0
nfcorpus|qwen3-embed-600m+judge|direct|judge|0.7055
nfcorpus|qwen3-embed-600m+judge|direct|judge_expr|0.7115
nfcorpus|qwen3-embed-600m+judge|direct|rankgpt|0.4157
nfcorpus|qwen3-embed-600m+judge|largest_gap|judge|0.7582
nfcorpus|qwen3-embed-600m+judge|largest_gap|judge_expr|0.743
nfcorpus|qwen3-embed-600m+judge|largest_gap|rankgpt|0.4157
nfcorpus|qwen3-embed-600m+judge|optimal_global|judge|0.6927
nfcorpus|qwen3-embed-600m+judge|optimal_global|judge_expr|0.6502
nfcorpus|qwen3-embed-600m+judge|optimal_global|rankgpt|0.3876
nfcorpus|qwen3-embed-600m+judge|optimal_per_topic|judge|0.3039
nfcorpus|qwen3-embed-600m+judge|optimal_per_topic|judge_expr|0.2549
nfcorpus|qwen3-embed-600m+judge|optimal_per_topic|rankgpt|0.2072
nfcorpus|qwen3-embed-600m+judge|quantile|judge|0.661
nfcorpus|qwen3-embed-600m+judge|quantile|judge_expr|0.6222
nfcorpus|qwen3-embed-600m+judge|quantile|rankgpt|0.4845
nfcorpus|qwen3-embed-600m+judge|rank|judge|0.5251
nfcorpus|qwen3-embed-600m+judge|rank|judge_expr|0.5054
nfcorpus|qwen3-embed-600m+judge|rank|rankgpt|0.316
nfcorpus|qwen3-embed-600m+judge|thresholding|judge|0.7088
nfcorpus|qwen3-embed-600m+judge|thresholding|judge_expr|0.6911
nfcorpus|qwen3-embed-600m+judge|thresholding|rankgpt|0.0
nfcorpus|qwen3-embed-600m+judge_expr|direct|judge|0.7251
nfcorpus|qwen3-embed-600m+judge_expr|direct|judge_expr|0.7463
nfcorpus|qwen3-embed-600m+judge_expr|direct|rankgpt|0.49
nfcorpus|qwen3-embed-600m+judge_expr|largest_gap|judge|0.7777
nfcorpus|qwen3-embed-600m+judge_expr|largest_gap|judge_expr|0.7854
nfcorpus|qwen3-embed-600m+judge_expr|largest_gap|rankgpt|0.49
nfcorpus|qwen3-embed-600m+judge_expr|optimal_global|judge|0.7171
nfcorpus|qwen3-embed-600m+judge_expr|optimal_global|judge_expr|0.6893
nfcorpus|qwen3-embed-600m+judge_expr|optimal_global|rankgpt|0.4533
nfcorpus|qwen3-embed-600m+judge_expr|optimal_per_topic|judge|0.3156
nfcorpus|qwen3-embed-600m+judge_expr|optimal_per_topic|judge_expr|0.3109
nfcorpus|qwen3-embed-600m+judge_expr|optimal_per_topic|rankgpt|0.2343
nfcorpus|qwen3-embed-600m+judge_expr|quantile|judge|0.688
nfcorpus|qwen3-embed-600m+judge_expr|quantile|judge_expr|0.689
nfcorpus|qwen3-embed-600m+judge_expr|quantile|rankgpt|0.5355
nfcorpus|qwen3-embed-600m+judge_expr|rank|judge|0.5603
nfcorpus|qwen3-embed-600m+judge_expr|rank|judge_expr|0.6519
nfcorpus|qwen3-embed-600m+judge_expr|rank|rankgpt|0.3605
nfcorpus|qwen3-embed-600m+judge_expr|thresholding|judge|0.7309
nfcorpus|qwen3-embed-600m+judge_expr|thresholding|judge_expr|0.7193
nfcorpus|qwen3-embed-600m+judge_expr|thresholding|rankgpt|0.0
nfcorpus|qwen3-embed-600m+point|direct|judge|0.6007
nfcorpus|qwen3-embed-600m+point|direct|judge_expr|0.5819
nfcorpus|qwen3-embed-600m+point|direct|rankgpt|0.4609
nfcorpus|qwen3-embed-600m+point|largest_gap|judge|0.5668
nfcorpus|qwen3-embed-600m+point|largest_gap|judge_expr|0.6045
nfcorpus|qwen3-embed-600m+point|largest_gap|rankgpt|0.4609
nfcorpus|qwen3-embed-600m+point|optimal_global|judge|0.5586
nfcorpus|qwen3-embed-600m+point|optimal_global|judge_expr|0.5072
nfcorpus|qwen3-embed-600m+point|optimal_global|rankgpt|0.4346
nfcorpus|qwen3-embed-600m+point|optimal_per_topic|judge|0.2463
nfcorpus|qwen3-embed-600m+point|optimal_per_topic|judge_expr|0.2355
nfcorpus|qwen3-embed-600m+point|optimal_per_topic|rankgpt|0.24
nfcorpus|qwen3-embed-600m+point|quantile|judge|0.6357
nfcorpus|qwen3-embed-600m+point|quantile|judge_expr|0.5495
nfcorpus|qwen3-embed-600m+point|quantile|rankgpt|0.5318
nfcorpus|qwen3-embed-600m+point|rank|judge|0.4229
nfcorpus|qwen3-embed-600m+point|rank|judge_expr|0.4036
nfcorpus|qwen3-embed-600m+point|rank|rankgpt|0.354
nfcorpus|qwen3-embed-600m+point|thresholding|judge|0.5832
nfcorpus|qwen3-embed-600m+point|thresholding|judge_expr|0.5582
nfcorpus|qwen3-embed-600m+point|thresholding|rankgpt|0.0
nfcorpus|qwen3-embed-600m+rankfirst|direct|judge|0.6538
nfcorpus|qwen3-embed-600m+rankfirst|direct|judge_expr|0.6233
nfcorpus|qwen3-embed-600m+rankfirst|direct|rankgpt|0.5976
nfcorpus|qwen3-embed-600m+rankfirst|largest_gap|judge|0.6208
nfcorpus|qwen3-embed-600m+rankfirst|largest_gap|judge_expr|0.6512
nfcorpus|qwen3-embed-600m+rankfirst|largest_gap|rankgpt|0.5976
nfcorpus|qwen3-embed-600m+rankfirst|optimal_global|judge|0.6066
nfcorpus|qwen3-embed-600m+rankfirst|optimal_global|judge_expr|0.566
nfcorpus|qwen3-embed-600m+rankfirst|optimal_global|rankgpt|0.565
nfcorpus|qwen3-embed-600m+rankfirst|optimal_per_topic|judge|0.2712
nfcorpus|qwen3-embed-600m+rankfirst|optimal_per_topic|judge_expr|0.2579
nfcorpus|qwen3-embed-600m+rankfirst|optimal_per_topic|rankgpt|0.2749
nfcorpus|qwen3-embed-600m+rankfirst|quantile|judge|0.7104
nfcorpus|qwen3-embed-600m+rankfirst|quantile|judge_expr|0.6109
nfcorpus|qwen3-embed-600m+rankfirst|quantile|rankgpt|0.6497
nfcorpus|qwen3-embed-600m+rankfirst|rank|judge|0.4975
nfcorpus|qwen3-embed-600m+rankfirst|rank|judge_expr|0.4513
nfcorpus|qwen3-embed-600m+rankfirst|rank|rankgpt|0.4229
nfcorpus|qwen3-embed-600m+rankfirst|thresholding|judge|0.6217
nfcorpus|qwen3-embed-600m+rankfirst|thresholding|judge_expr|0.6075
nfcorpus|qwen3-embed-600m+rankfirst|thresholding|rankgpt|0.0
nfcorpus|qwen3-embed-600m+rankgpt|direct|judge|0.5645
nfcorpus|qwen3-embed-600m+rankgpt|direct|judge_expr|0.551
nfcorpus|qwen3-embed-600m+rankgpt|direct|rankgpt|0.5319
nfcorpus|qwen3-embed-600m+rankgpt|largest_gap|judge|0.5515
nfcorpus|qwen3-embed-600m+rankgpt|largest_gap|judge_expr|0.5716
nfcorpus|qwen3-embed-600m+rankgpt|largest_gap|rankgpt|0.5319
nfcorpus|qwen3-embed-600m+rankgpt|optimal_global|judge|0.5405
nfcorpus|qwen3-embed-600m+rankgpt|optimal_global|judge_expr|0.5032
nfcorpus|qwen3-embed-600m+rankgpt|optimal_global|rankgpt|0.5052
nfcorpus|qwen3-embed-600m+rankgpt|optimal_per_topic|judge|0.23
nfcorpus|qwen3-embed-600m+rankgpt|optimal_per_topic|judge_expr|0.2231
nfcorpus|qwen3-embed-600m+rankgpt|optimal_per_topic|rankgpt|0.2429
nfcorpus|qwen3-embed-600m+rankgpt|quantile|judge|0.6043
nfcorpus|qwen3-embed-600m+rankgpt|quantile|judge_expr|0.5122
nfcorpus|qwen3-embed-600m+rankgpt|quantile|rankgpt|0.5431
nfcorpus|qwen3-embed-600m+rankgpt|rank|judge|0.3966
nfcorpus|qwen3-embed-600m+rankgpt|rank|judge_expr|0.3719
nfcorpus|qwen3-embed-600m+rankgpt|rank|rankgpt|0.3924
nfcorpus|qwen3-embed-600m+rankgpt|thresholding|judge|0.55
nfcorpus|qwen3-embed-600m+rankgpt|thresholding|judge_expr|0.5342
nfcorpus|qwen3-embed-600m+rankgpt|thresholding|rankgpt|0.0
nfcorpus|qwen3-embed-600m+setmaxheaptopk|direct|judge|0.6158
nfcorpus|qwen3-embed-600m+setmaxheaptopk|direct|judge_expr|0.6111
nfcorpus|qwen3-embed-600m+setmaxheaptopk|direct|rankgpt|0.5894
nfcorpus|qwen3-embed-600m+setmaxheaptopk|largest_gap|judge|0.6161
nfcorpus|qwen3-embed-600m+setmaxheaptopk|largest_gap|judge_expr|0.6348
nfcorpus|qwen3-embed-600m+setmaxheaptopk|largest_gap|rankgpt|0.5894
nfcorpus|qwen3-embed-600m+setmaxheaptopk|optimal_global|judge|0.6009
nfcorpus|qwen3-embed-600m+setmaxheaptopk|optimal_global|judge_expr|0.57
nfcorpus|qwen3-embed-600m+setmaxheaptopk|optimal_global|rankgpt|0.5412
nfcorpus|qwen3-embed-600m+setmaxheaptopk|optimal_per_topic|judge|0.2646
nfcorpus|qwen3-embed-600m+setmaxheaptopk|optimal_per_topic|judge_expr|0.2568
nfcorpus|qwen3-embed-600m+setmaxheaptopk|optimal_per_topic|rankgpt|0.2747
nfcorpus|qwen3-embed-600m+setmaxheaptopk|quantile|judge|0.6348
nfcorpus|qwen3-embed-600m+setmaxheaptopk|quantile|judge_expr|0.5567
nfcorpus|qwen3-embed-600m+setmaxheaptopk|quantile|rankgpt|0.5742
nfcorpus|qwen3-embed-600m+setmaxheaptopk|rank|judge|0.4592
nfcorpus|qwen3-embed-600m+setmaxheaptopk|rank|judge_expr|0.4267
nfcorpus|qwen3-embed-600m+setmaxheaptopk|rank|rankgpt|0.3944
nfcorpus|qwen3-embed-600m+setmaxheaptopk|thresholding|judge|0.6071
nfcorpus|qwen3-embed-600m+setmaxheaptopk|thresholding|judge_expr|0.6015
nfcorpus|qwen3-embed-600m+setmaxheaptopk|thresholding|rankgpt|0.0
nfcorpus|splade-v3|direct|judge|0.6658
nfcorpus|splade-v3|direct|judge_expr|0.6109
nfcorpus|splade-v3|direct|rankgpt|0.6423
nfcorpus|splade-v3|largest_gap|judge|0.6029
nfcorpus|splade-v3|largest_gap|judge_expr|0.6355
nfcorpus|splade-v3|largest_gap|rankgpt|0.6423
nfcorpus|splade-v3|optimal_global|judge|0.5884
nfcorpus|splade-v3|optimal_global|judge_expr|0.5401
nfcorpus|splade-v3|optimal_global|rankgpt|0.5786
nfcorpus|splade-v3|optimal_per_topic|judge|0.2543
nfcorpus|splade-v3|optimal_per_topic|judge_expr|0.2328
nfcorpus|splade-v3|optimal_per_topic|rankgpt|0.2715
nfcorpus|splade-v3|quantile|judge|0.8366
nfcorpus|splade-v3|quantile|judge_expr|0.624
nfcorpus|splade-v3|quantile|rankgpt|0.9992
nfcorpus|splade-v3|rank|judge|0.6002
nfcorpus|splade-v3|rank|judge_expr|0.4312
nfcorpus|splade-v3|rank|rankgpt|0.4825
nfcorpus|splade-v3|thresholding|judge|0.6082
nfcorpus|splade-v3|thresholding|judge_expr|0.5944
nfcorpus|splade-v3|thresholding|rankgpt|0.0
nfcorpus|splade-v3+judge|direct|judge|0.9969
nfcorpus|splade-v3+judge|direct|judge_expr|0.8884
nfcorpus|splade-v3+judge|direct|rankgpt|0.4516
nfcorpus|splade-v3+judge|largest_gap|judge|0.9969
nfcorpus|splade-v3+judge|largest_gap|judge_expr|0.9452
nfcorpus|splade-v3+judge|largest_gap|rankgpt|0.4516
nfcorpus|splade-v3+judge|optimal_global|judge|0.8514
nfcorpus|splade-v3+judge|optimal_global|judge_expr|0.7749
nfcorpus|splade-v3+judge|optimal_global|rankgpt|0.4381
nfcorpus|splade-v3+judge|optimal_per_topic|judge|0.3684
nfcorpus|splade-v3+judge|optimal_per_topic|judge_expr|0.2878
nfcorpus|splade-v3+judge|optimal_per_topic|rankgpt|0.217
nfcorpus|splade-v3+judge|quantile|judge|1.0
nfcorpus|splade-v3+judge|quantile|judge_expr|0.8921
nfcorpus|splade-v3+judge|quantile|rankgpt|0.5968
nfcorpus|splade-v3+judge|rank|judge|0.7323
nfcorpus|splade-v3+judge|rank|judge_expr|0.687
nfcorpus|splade-v3+judge|rank|rankgpt|0.375
nfcorpus|splade-v3+judge|thresholding|judge|0.8885
nfcorpus|splade-v3+judge|thresholding|judge_expr|0.8415
nfcorpus|splade-v3+judge|thresholding|rankgpt|0.0
nfcorpus|splade-v3+judge_expr|direct|judge|0.9642
nfcorpus|splade-v3+judge_expr|direct|judge_expr|0.9102
nfcorpus|splade-v3+judge_expr|direct|rankgpt|0.5267
nfcorpus|splade-v3+judge_expr|largest_gap|judge|0.9767
nfcorpus|splade-v3+judge_expr|largest_gap|judge_expr|1.0
nfcorpus|splade-v3+judge_expr|largest_gap|rankgpt|0.5267
nfcorpus|splade-v3+judge_expr|optimal_global|judge|0.8499
nfcorpus|splade-v3+judge_expr|optimal_global|judge_expr|0.7988
nfcorpus|splade-v3+judge_expr|optimal_global|rankgpt|0.507
nfcorpus|splade-v3+judge_expr|optimal_per_topic|judge|0.3661
nfcorpus|splade-v3+judge_expr|optimal_per_topic|judge_expr|0.3684
nfcorpus|splade-v3+judge_expr|optimal_per_topic|rankgpt|0.245
nfcorpus|splade-v3+judge_expr|quantile|judge|0.9967
nfcorpus|splade-v3+judge_expr|quantile|judge_expr|1.0
nfcorpus|splade-v3+judge_expr|quantile|rankgpt|0.6529
nfcorpus|splade-v3+judge_expr|rank|judge|0.7312
nfcorpus|splade-v3+judge_expr|rank|judge_expr|0.9986
nfcorpus|splade-v3+judge_expr|rank|rankgpt|0.4252
nfcorpus|splade-v3+judge_expr|thresholding|judge|0.8881
nfcorpus|splade-v3+judge_expr|thresholding|judge_expr|0.8483
nfcorpus|splade-v3+judge_expr|thresholding|rankgpt|0.0
nfcorpus|splade-v3+point|direct|judge|0.7327
nfcorpus|splade-v3+point|direct|judge_expr|0.6475
nfcorpus|splade-v3+point|direct|rankgpt|0.4871
nfcorpus|splade-v3+point|largest_gap|judge|0.6396
nfcorpus|splade-v3+point|largest_gap|judge_expr|0.6817
nfcorpus|splade-v3+point|largest_gap|rankgpt|0.4871
nfcorpus|splade-v3+point|optimal_global|judge|0.6143
nfcorpus|splade-v3+point|optimal_global|judge_expr|0.5502
nfcorpus|splade-v3+point|optimal_global|rankgpt|0.4871
nfcorpus|splade-v3+point|optimal_per_topic|judge|0.269
nfcorpus|splade-v3+point|optimal_per_topic|judge_expr|0.2473
nfcorpus|splade-v3+point|optimal_per_topic|rankgpt|0.2553
nfcorpus|splade-v3+point|quantile|judge|0.8846
nfcorpus|splade-v3+point|quantile|judge_expr|0.71
nfcorpus|splade-v3+point|quantile|rankgpt|0.6454
nfcorpus|splade-v3+point|rank|judge|0.5054
nfcorpus|splade-v3+point|rank|judge_expr|0.4814
nfcorpus|splade-v3+point|rank|rankgpt|0.4141
nfcorpus|splade-v3+point|thresholding|judge|0.6529
nfcorpus|splade-v3+point|thresholding|judge_expr|0.6177
nfcorpus|splade-v3+point|thresholding|rankgpt|0.0
nfcorpus|splade-v3+rankfirst|direct|judge|0.7394
nfcorpus|splade-v3+rankfirst|direct|judge_expr|0.668
nfcorpus|splade-v3+rankfirst|direct|rankgpt|0.6831
nfcorpus|splade-v3+rankfirst|largest_gap|judge|0.6851
nfcorpus|splade-v3+rankfirst|largest_gap|judge_expr|0.7041
nfcorpus|splade-v3+rankfirst|largest_gap|rankgpt|0.6831
nfcorpus|splade-v3+rankfirst|optimal_global|judge|0.6467
nfcorpus|splade-v3+rankfirst|optimal_global|judge_expr|0.6001
nfcorpus|splade-v3+rankfirst|optimal_global|rankgpt|0.6273
nfcorpus|splade-v3+rankfirst|optimal_per_topic|judge|0.283
nfcorpus|splade-v3+rankfirst|optimal_per_topic|judge_expr|0.2679
nfcorpus|splade-v3+rankfirst|optimal_per_topic|rankgpt|0.2952
nfcorpus|splade-v3+rankfirst|quantile|judge|0.8836
nfcorpus|splade-v3+rankfirst|quantile|judge_expr|0.7085
nfcorpus|splade-v3+rankfirst|quantile|rankgpt|0.8131
nfcorpus|splade-v3+rankfirst|rank|judge|0.5764
nfcorpus|splade-v3+rankfirst|rank|judge_expr|0.5069
nfcorpus|splade-v3+rankfirst|rank|rankgpt|0.4931
nfcorpus|splade-v3+rankfirst|thresholding|judge|0.6682
nfcorpus|splade-v3+rankfirst|thresholding|judge_expr|0.6511
nfcorpus|splade-v3+rankfirst|thresholding|rankgpt|0.0
nfcorpus|splade-v3+rankgpt|direct|judge|0.6784
nfcorpus|splade-v3+rankgpt|direct|judge_expr|0.6274
nfcorpus|splade-v3+rankgpt|direct|rankgpt|1.0
nfcorpus|splade-v3+rankgpt|largest_gap|judge|0.6292
nfcorpus|splade-v3+rankgpt|largest_gap|judge_expr|0.663
nfcorpus|splade-v3+rankgpt|largest_gap|rankgpt|1.0
nfcorpus|splade-v3+rankgpt|optimal_global|judge|0.6103
nfcorpus|splade-v3+rankgpt|optimal_global|judge_expr|0.559
nfcorpus|splade-v3+rankgpt|optimal_global|rankgpt|1.0
nfcorpus|splade-v3+rankgpt|optimal_per_topic|judge|0.2637
nfcorpus|splade-v3+rankgpt|optimal_per_topic|judge_expr|0.2472
nfcorpus|splade-v3+rankgpt|optimal_per_topic|rankgpt|0.3684
nfcorpus|splade-v3+rankgpt|quantile|judge|0.8532
nfcorpus|splade-v3+rankgpt|quantile|judge_expr|0.6434
nfcorpus|splade-v3+rankgpt|quantile|rankgpt|1.0
nfcorpus|splade-v3+rankgpt|rank|judge|0.4881
nfcorpus|splade-v3+rankgpt|rank|judge_expr|0.436
nfcorpus|splade-v3+rankgpt|rank|rankgpt|1.0
nfcorpus|splade-v3+rankgpt|thresholding|judge|0.628
nfcorpus|splade-v3+rankgpt|thresholding|judge_expr|0.6094
nfcorpus|splade-v3+rankgpt|thresholding|rankgpt|0.0
nfcorpus|splade-v3+setmaxheaptopk|direct|judge|0.7079
nfcorpus|splade-v3+setmaxheaptopk|direct|judge_expr|0.6689
nfcorpus|splade-v3+setmaxheaptopk|direct|rankgpt|0.7422
nfcorpus|splade-v3+setmaxheaptopk|largest_gap|judge|0.678
nfcorpus|splade-v3+setmaxheaptopk|largest_gap|judge_expr|0.6999
nfcorpus|splade-v3+setmaxheaptopk|largest_gap|rankgpt|0.7422
nfcorpus|splade-v3+setmaxheaptopk|optimal_global|judge|0.6479
nfcorpus|splade-v3+setmaxheaptopk|optimal_global|judge_expr|0.6025
nfcorpus|splade-v3+setmaxheaptopk|optimal_global|rankgpt|0.6386
nfcorpus|splade-v3+setmaxheaptopk|optimal_per_topic|judge|0.2851
nfcorpus|splade-v3+setmaxheaptopk|optimal_per_topic|judge_expr|0.2655
nfcorpus|splade-v3+setmaxheaptopk|optimal_per_topic|rankgpt|0.3009
nfcorpus|splade-v3+setmaxheaptopk|quantile|judge|0.8617
nfcorpus|splade-v3+setmaxheaptopk|quantile|judge_expr|0.6588
nfcorpus|splade-v3+setmaxheaptopk|quantile|rankgpt|0.7227
nfcorpus|splade-v3+setmaxheaptopk|rank|judge|0.5274
nfcorpus|splade-v3+setmaxheaptopk|rank|judge_expr|0.4758
nfcorpus|splade-v3+setmaxheaptopk|rank|rankgpt|0.4881
nfcorpus|splade-v3+setmaxheaptopk|thresholding|judge|0.6745
nfcorpus|splade-v3+setmaxheaptopk|thresholding|judge_expr|0.6505
nfcorpus|splade-v3+setmaxheaptopk|thresholding|rankgpt|0.0
scidocs|bm25|direct|judge|0.5517
scidocs|bm25|direct|judge_expr|0.4399
scidocs|bm25|direct|rankgpt|0.4357
scidocs|bm25|largest_gap|judge|0.3962
scidocs|bm25|largest_gap|judge_expr|0.4428
scidocs|bm25|largest_gap|rankgpt|0.4357
scidocs|bm25|optimal_global|judge|0.3437
scidocs|bm25|optimal_global|judge_expr|0.0006
scidocs|bm25|optimal_global|rankgpt|0.4357
scidocs|bm25|optimal_per_topic|judge|0.0
scidocs|bm25|optimal_per_topic|judge_expr|0.0
scidocs|bm25|optimal_per_topic|rankgpt|0.0
scidocs|bm25|quantile|judge|0.6467
scidocs|bm25|quantile|judge_expr|0.5186
scidocs|bm25|quantile|rankgpt|0.6471
scidocs|bm25|rank|judge|0.3871
scidocs|bm25|rank|judge_expr|0.3251
scidocs|bm25|rank|rankgpt|0.3588
scidocs|bm25|thresholding|judge|0.4408
scidocs|bm25|thresholding|judge_expr|0.4236
scidocs|bm25|thresholding|rankgpt|0.0
scidocs|bm25+judge|direct|judge|0.7257
scidocs|bm25+judge|direct|judge_expr|0.6952
scidocs|bm25+judge|direct|rankgpt|0.3158
scidocs|bm25+judge|largest_gap|judge|0.7218
scidocs|bm25+judge|largest_gap|judge_expr|0.7152
scidocs|bm25+judge|largest_gap|rankgpt|0.3158
scidocs|bm25+judge|optimal_global|judge|0.6147
scidocs|bm25+judge|optimal_global|judge_expr|0.0004
scidocs|bm25+judge|optimal_global|rankgpt|0.3158
scidocs|bm25+judge|optimal_per_topic|judge|0.0
scidocs|bm25+judge|optimal_per_topic|judge_expr|0.0
scidocs|bm25+judge|optimal_per_topic|rankgpt|0.0
scidocs|bm25+judge|quantile|judge|0.7279
scidocs|bm25+judge|quantile|judge_expr|0.6863
scidocs|bm25+judge|quantile|rankgpt|0.5077
scidocs|bm25+judge|rank|judge|0.5681
scidocs|bm25+judge|rank|judge_expr|0.5425
scidocs|bm25+judge|rank|rankgpt|0.3134
scidocs|bm25+judge|thresholding|judge|0.7024
scidocs|bm25+judge|thresholding|judge_expr|0.6853
scidocs|bm25+judge|thresholding|rankgpt|0.0
scidocs|bm25+judge_expr|direct|judge|0.7523
scidocs|bm25+judge_expr|direct|judge_expr|0.7433
scidocs|bm25+judge_expr|direct|rankgpt|0.3983
scidocs|bm25+judge_expr|largest_gap|judge|0.7441
scidocs|bm25+judge_expr|largest_gap|judge_expr|0.7558
scidocs|bm25+judge_expr|largest_gap|rankgpt|0.3983
scidocs|bm25+judge_expr|optimal_global|judge|0.6389
scidocs|bm25+judge_expr|optimal_global|judge_expr|0.001
scidocs|bm25+judge_expr|optimal_global|rankgpt|0.3983
scidocs|bm25+judge_expr|optimal_per_topic|judge|0.0
scidocs|bm25+judge_expr|optimal_per_topic|judge_expr|0.0
scidocs|bm25+judge_expr|optimal_per_topic|rankgpt|0.0
scidocs|bm25+judge_expr|quantile|judge|0.7617
scidocs|bm25+judge_expr|quantile|judge_expr|0.7614
scidocs|bm25+judge_expr|quantile|rankgpt|0.5642
scidocs|bm25+judge_expr|rank|judge|0.602
scidocs|bm25+judge_expr|rank|judge_expr|0.6918
scidocs|bm25+judge_expr|rank|rankgpt|0.3669
scidocs|bm25+judge_expr|thresholding|judge|0.7271
scidocs|bm25+judge_expr|thresholding|judge_expr|0.7139
scidocs|bm25+judge_expr|thresholding|rankgpt|0.0
scidocs|bm25+point|direct|judge|0.5814
scidocs|bm25+point|direct|judge_expr|0.493
scidocs|bm25+point|direct|rankgpt|0.3928
scidocs|bm25+point|largest_gap|judge|0.4397
scidocs|bm25+point|largest_gap|judge_expr|0.4979
scidocs|bm25+point|largest_gap|rankgpt|0.3928
scidocs|bm25+point|optimal_global|judge|0.3745
scidocs|bm25+point|optimal_global|judge_expr|0.0004
scidocs|bm25+point|optimal_global|rankgpt|0.3928
scidocs|bm25+point|optimal_per_topic|judge|0.0
scidocs|bm25+point|optimal_per_topic|judge_expr|0.0
scidocs|bm25+point|optimal_per_topic|rankgpt|0.0
scidocs|bm25+point|quantile|judge|0.6619
scidocs|bm25+point|quantile|judge_expr|0.5652
scidocs|bm25+point|quantile|rankgpt|0.5731
scidocs|bm25+point|rank|judge|0.3972
scidocs|bm25+point|rank|judge_expr|0.3683
scidocs|bm25+point|rank|rankgpt|0.3653
scidocs|bm25+point|thresholding|judge|0.4968
scidocs|bm25+point|thresholding|judge_expr|0.4715
scidocs|bm25+point|thresholding|rankgpt|0.0
scidocs|bm25+rankfirst|direct|judge|0.6701
scidocs|bm25+rankfirst|direct|judge_expr|0.5719
scidocs|bm25+rankfirst|direct|rankgpt|0.6042
scidocs|bm25+rankfirst|largest_gap|judge|0.5262
scidocs|bm25+rankfirst|largest_gap|judge_expr|0.5795
scidocs|bm25+rankfirst|largest_gap|rankgpt|0.6042
scidocs|bm25+rankfirst|optimal_global|judge|0.4481
scidocs|bm25+rankfirst|optimal_global|judge_expr|0.0005
scidocs|bm25+rankfirst|optimal_global|rankgpt|0.6042
scidocs|bm25+rankfirst|optimal_per_topic|judge|0.0
scidocs|bm25+rankfirst|optimal_per_topic|judge_expr|0.0
scidocs|bm25+rankfirst|optimal_per_topic|rankgpt|0.0
scidocs|bm25+rankfirst|quantile|judge|0.7652
scidocs|bm25+rankfirst|quantile|judge_expr|0.6587
scidocs|bm25+rankfirst|quantile|rankgpt|0.7499
scidocs|bm25+rankfirst|rank|judge|0.4996
scidocs|bm25+rankfirst|rank|judge_expr|0.4405
scidocs|bm25+rankfirst|rank|rankgpt|0.4939
scidocs|bm25+rankfirst|thresholding|judge|0.5723
scidocs|bm25+rankfirst|thresholding|judge_expr|0.5506
scidocs|bm25+rankfirst|thresholding|rankgpt|0.0
scidocs|bm25+rankgpt|direct|judge|0.5954
scidocs|bm25+rankgpt|direct|judge_expr|0.5043
scidocs|bm25+rankgpt|direct|rankgpt|0.5495
scidocs|bm25+rankgpt|largest_gap|judge|0.4644
scidocs|bm25+rankgpt|largest_gap|judge_expr|0.5097
scidocs|bm25+rankgpt|largest_gap|rankgpt|0.5495
scidocs|bm25+rankgpt|optimal_global|judge|0.4008
scidocs|bm25+rankgpt|optimal_global|judge_expr|0.0004
scidocs|bm25+rankgpt|optimal_global|rankgpt|0.5495
scidocs|bm25+rankgpt|optimal_per_topic|judge|0.0
scidocs|bm25+rankgpt|optimal_per_topic|judge_expr|0.0
scidocs|bm25+rankgpt|optimal_per_topic|rankgpt|0.0
scidocs|bm25+rankgpt|quantile|judge|0.6804
scidocs|bm25+rankgpt|quantile|judge_expr|0.5774
scidocs|bm25+rankgpt|quantile|rankgpt|0.6538
scidocs|bm25+rankgpt|rank|judge|0.4158
scidocs|bm25+rankgpt|rank|judge_expr|0.3806
scidocs|bm25+rankgpt|rank|rankgpt|0.4512
scidocs|bm25+rankgpt|thresholding|judge|0.5066
scidocs|bm25+rankgpt|thresholding|judge_expr|0.4876
scidocs|bm25+rankgpt|thresholding|rankgpt|0.0
scidocs|bm25+setmaxheaptopk|direct|judge|0.6122
scidocs|bm25+setmaxheaptopk|direct|judge_expr|0.5333
scidocs|bm25+setmaxheaptopk|direct|rankgpt|0.5605
scidocs|bm25+setmaxheaptopk|largest_gap|judge|0.495
scidocs|bm25+setmaxheaptopk|largest_gap|judge_expr|0.542
scidocs|bm25+setmaxheaptopk|largest_gap|rankgpt|0.5605
scidocs|bm25+setmaxheaptopk|optimal_global|judge|0.4257
scidocs|bm25+setmaxheaptopk|optimal_global|judge_expr|0.0006
scidocs|bm25+setmaxheaptopk|optimal_global|rankgpt|0.5605
scidocs|bm25+setmaxheaptopk|optimal_per_topic|judge|0.0
scidocs|bm25+setmaxheaptopk|optimal_per_topic|judge_expr|0.0
scidocs|bm25+setmaxheaptopk|optimal_per_topic|rankgpt|0.0
scidocs|bm25+setmaxheaptopk|quantile|judge|0.6892
scidocs|bm25+setmaxheaptopk|quantile|judge_expr|0.5931
scidocs|bm25+setmaxheaptopk|quantile|rankgpt|0.6461
scidocs|bm25+setmaxheaptopk|rank|judge|0.4425
scidocs|bm25+setmaxheaptopk|rank|judge_expr|0.3992
scidocs|bm25+setmaxheaptopk|rank|rankgpt|0.4386
scidocs|bm25+setmaxheaptopk|thresholding|judge|0.5339
scidocs|bm25+setmaxheaptopk|thresholding|judge_expr|0.5161
scidocs|bm25+setmaxheaptopk|thresholding|rankgpt|0.0
scidocs|colbert-small|direct|judge|0.598
scidocs|colbert-small|direct|judge_expr|0.4994
scidocs|colbert-small|direct|rankgpt|0.4864
scidocs|colbert-small|largest_gap|judge|0.4548
scidocs|colbert-small|largest_gap|judge_expr|0.5031
scidocs|colbert-small|largest_gap|rankgpt|0.4864
scidocs|colbert-small|optimal_global|judge|0.3888
scidocs|colbert-small|optimal_global|judge_expr|0.0004
scidocs|colbert-small|optimal_global|rankgpt|0.4864
scidocs|colbert-small|optimal_per_topic|judge|0.0
scidocs|colbert-small|optimal_per_topic|judge_expr|0.0
scidocs|colbert-small|optimal_per_topic|rankgpt|0.0
scidocs|colbert-small|quantile|judge|0.6897
scidocs|colbert-small|quantile|judge_expr|0.5808
scidocs|colbert-small|quantile|rankgpt|0.663
scidocs|colbert-small|rank|judge|0.4307
scidocs|colbert-small|rank|judge_expr|0.3722
scidocs|colbert-small|rank|rankgpt|0.4004
scidocs|colbert-small|thresholding|judge|0.4978
scidocs|colbert-small|thresholding|judge_expr|0.4804
scidocs|colbert-small|thresholding|rankgpt|0.0
scidocs|colbert-small+judge|direct|judge|0.6792
scidocs|colbert-small+judge|direct|judge_expr|0.6705
scidocs|colbert-small+judge|direct|rankgpt|0.2954
scidocs|colbert-small+judge|largest_gap|judge|0.7234
scidocs|colbert-small+judge|largest_gap|judge_expr|0.6955
scidocs|colbert-small+judge|largest_gap|rankgpt|0.2954
scidocs|colbert-small+judge|optimal_global|judge|0.6152
scidocs|colbert-small+judge|optimal_global|judge_expr|0.0003
scidocs|colbert-small+judge|optimal_global|rankgpt|0.2954
scidocs|colbert-small+judge|optimal_per_topic|judge|0.0
scidocs|colbert-small+judge|optimal_per_topic|judge_expr|0.0
scidocs|colbert-small+judge|optimal_per_topic|rankgpt|0.0
scidocs|colbert-small+judge|quantile|judge|0.6554
scidocs|colbert-small+judge|quantile|judge_expr|0.6288
scidocs|colbert-small+judge|quantile|rankgpt|0.4622
scidocs|colbert-small+judge|rank|judge|0.533
scidocs|colbert-small+judge|rank|judge_expr|0.52
scidocs|colbert-small+judge|rank|rankgpt|0.2908
scidocs|colbert-small+judge|thresholding|judge|0.6771
scidocs|colbert-small+judge|thresholding|judge_expr|0.6641
scidocs|colbert-small+judge|thresholding|rankgpt|0.0
scidocs|colbert-small+judge_expr|direct|judge|0.7064
scidocs|colbert-small+judge_expr|direct|judge_expr|0.7201
scidocs|colbert-small+judge_expr|direct|rankgpt|0.3834
scidocs|colbert-small+judge_expr|largest_gap|judge|0.7499
scidocs|colbert-small+judge_expr|largest_gap|judge_expr|0.74
scidocs|colbert-small+judge_expr|largest_gap|rankgpt|0.3834
scidocs|colbert-small+judge_expr|optimal_global|judge|0.642
scidocs|colbert-small+judge_expr|optimal_global|judge_expr|0.001
scidocs|colbert-small+judge_expr|optimal_global|rankgpt|0.3834
scidocs|colbert-small+judge_expr|optimal_per_topic|judge|0.0
scidocs|colbert-small+judge_expr|optimal_per_topic|judge_expr|0.0
scidocs|colbert-small+judge_expr|optimal_per_topic|rankgpt|0.0
scidocs|colbert-small+judge_expr|quantile|judge|0.6879
scidocs|colbert-small+judge_expr|quantile|judge_expr|0.6884
scidocs|colbert-small+judge_expr|quantile|rankgpt|0.516
scidocs|colbert-small+judge_expr|rank|judge|0.5686
scidocs|colbert-small+judge_expr|rank|judge_expr|0.6694
scidocs|colbert-small+judge_expr|rank|rankgpt|0.3471
scidocs|colbert-small+judge_expr|thresholding|judge|0.7044
scidocs|colbert-small+judge_expr|thresholding|judge_expr|0.6948
scidocs|colbert-small+judge_expr|thresholding|rankgpt|0.0
scidocs|colbert-small+point|direct|judge|0.5483
scidocs|colbert-small+point|direct|judge_expr|0.4766
scidocs|colbert-small+point|direct|rankgpt|0.3806
scidocs|colbert-small+point|largest_gap|judge|0.4317
scidocs|colbert-small+point|largest_gap|judge_expr|0.4814
scidocs|colbert-small+point|largest_gap|rankgpt|0.3806
scidocs|colbert-small+point|optimal_global|judge|0.3691
scidocs|colbert-small+point|optimal_global|judge_expr|0.0004
scidocs|colbert-small+point|optimal_global|rankgpt|0.3806
scidocs|colbert-small+point|optimal_per_topic|judge|0.0
scidocs|colbert-small+point|optimal_per_topic|judge_expr|0.0
scidocs|colbert-small+point|optimal_per_topic|rankgpt|0.0
scidocs|colbert-small+point|quantile|judge|0.6162
scidocs|colbert-small+point|quantile|judge_expr|0.5348
scidocs|colbert-small+point|quantile|rankgpt|0.5303
scidocs|colbert-small+point|rank|judge|0.3801
scidocs|colbert-small+point|rank|judge_expr|0.359
scidocs|colbert-small+point|rank|rankgpt|0.3462
scidocs|colbert-small+point|thresholding|judge|0.4762
scidocs|colbert-small+point|thresholding|judge_expr|0.4558
scidocs|colbert-small+point|thresholding|rankgpt|0.0
scidocs|colbert-small+rankfirst|direct|judge|0.6737
scidocs|colbert-small+rankfirst|direct|judge_expr|0.5857
scidocs|colbert-small+rankfirst|direct|rankgpt|0.6124
scidocs|colbert-small+rankfirst|largest_gap|judge|0.5427
scidocs|colbert-small+rankfirst|largest_gap|judge_expr|0.594
scidocs|colbert-small+rankfirst|largest_gap|rankgpt|0.6124
scidocs|colbert-small+rankfirst|optimal_global|judge|0.4625
scidocs|colbert-small+rankfirst|optimal_global|judge_expr|0.0004
scidocs|colbert-small+rankfirst|optimal_global|rankgpt|0.6124
scidocs|colbert-small+rankfirst|optimal_per_topic|judge|0.0
scidocs|colbert-small+rankfirst|optimal_per_topic|judge_expr|0.0
scidocs|colbert-small+rankfirst|optimal_per_topic|rankgpt|0.0
scidocs|colbert-small+rankfirst|quantile|judge|0.7601
scidocs|colbert-small+rankfirst|quantile|judge_expr|0.6657
scidocs|colbert-small+rankfirst|quantile|rankgpt|0.7367
scidocs|colbert-small+rankfirst|rank|judge|0.5034
scidocs|colbert-small+rankfirst|rank|judge_expr|0.4537
scidocs|colbert-small+rankfirst|rank|rankgpt|0.4963
scidocs|colbert-small+rankfirst|thresholding|judge|0.5843
scidocs|colbert-small+rankfirst|thresholding|judge_expr|0.5651
scidocs|colbert-small+rankfirst|thresholding|rankgpt|0.0
scidocs|colbert-small+rankgpt|direct|judge|0.5979
scidocs|colbert-small+rankgpt|direct|judge_expr|0.5168
scidocs|colbert-small+rankgpt|direct|rankgpt|0.5866
scidocs|colbert-small+rankgpt|largest_gap|judge|0.4774
scidocs|colbert-small+rankgpt|largest_gap|judge_expr|0.5246
scidocs|colbert-small+rankgpt|largest_gap|rankgpt|0.5866
scidocs|colbert-small+rankgpt|optimal_global|judge|0.4104
scidocs|colbert-small+rankgpt|optimal_global|judge_expr|0.0
scidocs|colbert-small+rankgpt|optimal_global|rankgpt|0.5866
scidocs|colbert-small+rankgpt|optimal_per_topic|judge|0.0
scidocs|colbert-small+rankgpt|optimal_per_topic|judge_expr|0.0
scidocs|colbert-small+rankgpt|optimal_per_topic|rankgpt|0.0
scidocs|colbert-small+rankgpt|quantile|judge|0.6777
scidocs|colbert-small+rankgpt|quantile|judge_expr|0.5858
scidocs|colbert-small+rankgpt|quantile|rankgpt|0.6383
scidocs|colbert-small+rankgpt|rank|judge|0.4214
scidocs|colbert-small+rankgpt|rank|judge_expr|0.3916
scidocs|colbert-small+rankgpt|rank|rankgpt|0.4595
scidocs|colbert-small+rankgpt|thresholding|judge|0.5158
scidocs|colbert-small+rankgpt|thresholding|judge_expr|0.5008
scidocs|colbert-small+rankgpt|thresholding|rankgpt|0.0
scidocs|colbert-small+setmaxheaptopk|direct|judge|0.6169
scidocs|colbert-small+setmaxheaptopk|direct|judge_expr|0.5489
scidocs|colbert-small+setmaxheaptopk|direct|rankgpt|0.5778
scidocs|colbert-small+setmaxheaptopk|largest_gap|judge|0.5141
scidocs|colbert-small+setmaxheaptopk|largest_gap|judge_expr|0.5567
scidocs|colbert-small+setmaxheaptopk|largest_gap|rankgpt|0.5778
scidocs|colbert-small+setmaxheaptopk|optimal_global|judge|0.4445
scidocs|colbert-small+setmaxheaptopk|optimal_global|judge_expr|0.0004
scidocs|colbert-small+setmaxheaptopk|optimal_global|rankgpt|0.5778
scidocs|colbert-small+setmaxheaptopk|optimal_per_topic|judge|0.0
scidocs|colbert-small+setmaxheaptopk|optimal_per_topic|judge_expr|0.0
scidocs|colbert-small+setmaxheaptopk|optimal_per_topic|rankgpt|0.0
scidocs|colbert-small+setmaxheaptopk|quantile|judge|0.687
scidocs|colbert-small+setmaxheaptopk|quantile|judge_expr|0.6041
scidocs|colbert-small+setmaxheaptopk|quantile|rankgpt|0.6386
scidocs|colbert-small+setmaxheaptopk|rank|judge|0.4525
scidocs|colbert-small+setmaxheaptopk|rank|judge_expr|0.4226
scidocs|colbert-small+setmaxheaptopk|rank|rankgpt|0.4461
scidocs|colbert-small+setmaxheaptopk|thresholding|judge|0.5447
scidocs|colbert-small+setmaxheaptopk|thresholding|judge_expr|0.5311
scidocs|colbert-small+setmaxheaptopk|thresholding|rankgpt|0.0
scidocs|nomicai-modernbert-embed|direct|judge|0.5857
scidocs|nomicai-modernbert-embed|direct|judge_expr|0.4956
scidocs|nomicai-modernbert-embed|direct|rankgpt|0.4987
scidocs|nomicai-modernbert-embed|largest_gap|judge|0.4547
scidocs|nomicai-modernbert-embed|largest_gap|judge_expr|0.5035
scidocs|nomicai-modernbert-embed|largest_gap|rankgpt|0.4987
scidocs|nomicai-modernbert-embed|optimal_global|judge|0.3857
scidocs|nomicai-modernbert-embed|optimal_global|judge_expr|0.0005
scidocs|nomicai-modernbert-embed|optimal_global|rankgpt|0.4987
scidocs|nomicai-modernbert-embed|optimal_per_topic|judge|0.0
scidocs|nomicai-modernbert-embed|optimal_per_topic|judge_expr|0.0
scidocs|nomicai-modernbert-embed|optimal_per_topic|rankgpt|0.0
scidocs|nomicai-modernbert-embed|quantile|judge|0.6695
scidocs|nomicai-modernbert-embed|quantile|judge_expr|0.5687
scidocs|nomicai-modernbert-embed|quantile|rankgpt|0.6449
scidocs|nomicai-modernbert-embed|rank|judge|0.4218
scidocs|nomicai-modernbert-embed|rank|judge_expr|0.3723
scidocs|nomicai-modernbert-embed|rank|rankgpt|0.4043
scidocs|nomicai-modernbert-embed|thresholding|judge|0.4968
scidocs|nomicai-modernbert-embed|thresholding|judge_expr|0.4792
scidocs|nomicai-modernbert-embed|thresholding|rankgpt|0.0
scidocs|nomicai-modernbert-embed+judge|direct|judge|0.6639
scidocs|nomicai-modernbert-embed+judge|direct|judge_expr|0.6571
scidocs|nomicai-modernbert-embed+judge|direct|rankgpt|0.3024
scidocs|nomicai-modernbert-embed+judge|largest_gap|judge|0.7036
scidocs|nomicai-modernbert-embed+judge|largest_gap|judge_expr|0.6812
scidocs|nomicai-modernbert-embed+judge|largest_gap|rankgpt|0.3024
scidocs|nomicai-modernbert-embed+judge|optimal_global|judge|0.6003
scidocs|nomicai-modernbert-embed+judge|optimal_global|judge_expr|0.0003
scidocs|nomicai-modernbert-embed+judge|optimal_global|rankgpt|0.3024
scidocs|nomicai-modernbert-embed+judge|optimal_per_topic|judge|0.0
scidocs|nomicai-modernbert-embed+judge|optimal_per_topic|judge_expr|0.0
scidocs|nomicai-modernbert-embed+judge|optimal_per_topic|rankgpt|0.0
scidocs|nomicai-modernbert-embed+judge|quantile|judge|0.6429
scidocs|nomicai-modernbert-embed+judge|quantile|judge_expr|0.6169
scidocs|nomicai-modernbert-embed+judge|quantile|rankgpt|0.4644
scidocs|nomicai-modernbert-embed+judge|rank|judge|0.5249
scidocs|nomicai-modernbert-embed+judge|rank|judge_expr|0.5094
scidocs|nomicai-modernbert-embed+judge|rank|rankgpt|0.2992
scidocs|nomicai-modernbert-embed+judge|thresholding|judge|0.6636
scidocs|nomicai-modernbert-embed+judge|thresholding|judge_expr|0.6478
scidocs|nomicai-modernbert-embed+judge|thresholding|rankgpt|0.0
scidocs|nomicai-modernbert-embed+judge_expr|direct|judge|0.6941
scidocs|nomicai-modernbert-embed+judge_expr|direct|judge_expr|0.7095
scidocs|nomicai-modernbert-embed+judge_expr|direct|rankgpt|0.388
scidocs|nomicai-modernbert-embed+judge_expr|largest_gap|judge|0.7316
scidocs|nomicai-modernbert-embed+judge_expr|largest_gap|judge_expr|0.7252
scidocs|nomicai-modernbert-embed+judge_expr|largest_gap|rankgpt|0.388
scidocs|nomicai-modernbert-embed+judge_expr|optimal_global|judge|0.6268
scidocs|nomicai-modernbert-embed+judge_expr|optimal_global|judge_expr|0.001
scidocs|nomicai-modernbert-embed+judge_expr|optimal_global|rankgpt|0.388
scidocs|nomicai-modernbert-embed+judge_expr|optimal_per_topic|judge|0.0
scidocs|nomicai-modernbert-embed+judge_expr|optimal_per_topic|judge_expr|0.0
scidocs|nomicai-modernbert-embed+judge_expr|optimal_per_topic|rankgpt|0.0
scidocs|nomicai-modernbert-embed+judge_expr|quantile|judge|0.6785
scidocs|nomicai-modernbert-embed+judge_expr|quantile|judge_expr|0.6791
scidocs|nomicai-modernbert-embed+judge_expr|quantile|rankgpt|0.5175
scidocs|nomicai-modernbert-embed+judge_expr|rank|judge|0.5581
scidocs|nomicai-modernbert-embed+judge_expr|rank|judge_expr|0.6563
scidocs|nomicai-modernbert-embed+judge_expr|rank|rankgpt|0.352
scidocs|nomicai-modernbert-embed+judge_expr|thresholding|judge|0.6932
scidocs|nomicai-modernbert-embed+judge_expr|thresholding|judge_expr|0.681
scidocs|nomicai-modernbert-embed+judge_expr|thresholding|rankgpt|0.0
scidocs|nomicai-modernbert-embed+point|direct|judge|0.5626
scidocs|nomicai-modernbert-embed+point|direct|judge_expr|0.49
scidocs|nomicai-modernbert-embed+point|direct|rankgpt|0.3898
scidocs|nomicai-modernbert-embed+point|largest_gap|judge|0.4436
scidocs|nomicai-modernbert-embed+point|largest_gap|judge_expr|0.4953
scidocs|nomicai-modernbert-embed+point|largest_gap|rankgpt|0.3898
scidocs|nomicai-modernbert-embed+point|optimal_global|judge|0.3782
scidocs|nomicai-modernbert-embed+point|optimal_global|judge_expr|0.0004
scidocs|nomicai-modernbert-embed+point|optimal_global|rankgpt|0.3898
scidocs|nomicai-modernbert-embed+point|optimal_per_topic|judge|0.0
scidocs|nomicai-modernbert-embed+point|optimal_per_topic|judge_expr|0.0
scidocs|nomicai-modernbert-embed+point|optimal_per_topic|rankgpt|0.0
scidocs|nomicai-modernbert-embed+point|quantile|judge|0.633
scidocs|nomicai-modernbert-embed+point|quantile|judge_expr|0.5515
scidocs|nomicai-modernbert-embed+point|quantile|rankgpt|0.5488
scidocs|nomicai-modernbert-embed+point|rank|judge|0.3928
scidocs|nomicai-modernbert-embed+point|rank|judge_expr|0.3709
scidocs|nomicai-modernbert-embed+point|rank|rankgpt|0.3586
scidocs|nomicai-modernbert-embed+point|thresholding|judge|0.4911
scidocs|nomicai-modernbert-embed+point|thresholding|judge_expr|0.469
scidocs|nomicai-modernbert-embed+point|thresholding|rankgpt|0.0
scidocs|nomicai-modernbert-embed+rankfirst|direct|judge|0.6685
scidocs|nomicai-modernbert-embed+rankfirst|direct|judge_expr|0.5804
scidocs|nomicai-modernbert-embed+rankfirst|direct|rankgpt|0.6081
scidocs|nomicai-modernbert-embed+rankfirst|largest_gap|judge|0.5394
scidocs|nomicai-modernbert-embed+rankfirst|largest_gap|judge_expr|0.5906
scidocs|nomicai-modernbert-embed+rankfirst|largest_gap|rankgpt|0.6081
scidocs|nomicai-modernbert-embed+rankfirst|optimal_global|judge|0.4589
scidocs|nomicai-modernbert-embed+rankfirst|optimal_global|judge_expr|0.0004
scidocs|nomicai-modernbert-embed+rankfirst|optimal_global|rankgpt|0.6081
scidocs|nomicai-modernbert-embed+rankfirst|optimal_per_topic|judge|0.0
scidocs|nomicai-modernbert-embed+rankfirst|optimal_per_topic|judge_expr|0.0
scidocs|nomicai-modernbert-embed+rankfirst|optimal_per_topic|rankgpt|0.0
scidocs|nomicai-modernbert-embed+rankfirst|quantile|judge|0.756
scidocs|nomicai-modernbert-embed+rankfirst|quantile|judge_expr|0.6606
scidocs|nomicai-modernbert-embed+rankfirst|quantile|rankgpt|0.7294
scidocs|nomicai-modernbert-embed+rankfirst|rank|judge|0.4975
scidocs|nomicai-modernbert-embed+rankfirst|rank|judge_expr|0.4482
scidocs|nomicai-modernbert-embed+rankfirst|rank|rankgpt|0.4943
scidocs|nomicai-modernbert-embed+rankfirst|thresholding|judge|0.5798
scidocs|nomicai-modernbert-embed+rankfirst|thresholding|judge_expr|0.559
scidocs|nomicai-modernbert-embed+rankfirst|thresholding|rankgpt|0.0
scidocs|nomicai-modernbert-embed+rankgpt|direct|judge|0.5883
scidocs|nomicai-modernbert-embed+rankgpt|direct|judge_expr|0.5103
scidocs|nomicai-modernbert-embed+rankgpt|direct|rankgpt|0.5552
scidocs|nomicai-modernbert-embed+rankgpt|largest_gap|judge|0.4702
scidocs|nomicai-modernbert-embed+rankgpt|largest_gap|judge_expr|0.5186
scidocs|nomicai-modernbert-embed+rankgpt|largest_gap|rankgpt|0.5552
scidocs|nomicai-modernbert-embed+rankgpt|optimal_global|judge|0.4035
scidocs|nomicai-modernbert-embed+rankgpt|optimal_global|judge_expr|0.0
scidocs|nomicai-modernbert-embed+rankgpt|optimal_global|rankgpt|0.5552
scidocs|nomicai-modernbert-embed+rankgpt|optimal_per_topic|judge|0.0
scidocs|nomicai-modernbert-embed+rankgpt|optimal_per_topic|judge_expr|0.0
scidocs|nomicai-modernbert-embed+rankgpt|optimal_per_topic|rankgpt|0.0
scidocs|nomicai-modernbert-embed+rankgpt|quantile|judge|0.6659
scidocs|nomicai-modernbert-embed+rankgpt|quantile|judge_expr|0.5757
scidocs|nomicai-modernbert-embed+rankgpt|quantile|rankgpt|0.6249
scidocs|nomicai-modernbert-embed+rankgpt|rank|judge|0.4192
scidocs|nomicai-modernbert-embed+rankgpt|rank|judge_expr|0.3883
scidocs|nomicai-modernbert-embed+rankgpt|rank|rankgpt|0.4564
scidocs|nomicai-modernbert-embed+rankgpt|thresholding|judge|0.5115
scidocs|nomicai-modernbert-embed+rankgpt|thresholding|judge_expr|0.4936
scidocs|nomicai-modernbert-embed+rankgpt|thresholding|rankgpt|0.0
scidocs|nomicai-modernbert-embed+setmaxheaptopk|direct|judge|0.6029
scidocs|nomicai-modernbert-embed+setmaxheaptopk|direct|judge_expr|0.5362
scidocs|nomicai-modernbert-embed+setmaxheaptopk|direct|rankgpt|0.5663
scidocs|nomicai-modernbert-embed+setmaxheaptopk|largest_gap|judge|0.5092
scidocs|nomicai-modernbert-embed+setmaxheaptopk|largest_gap|judge_expr|0.5456
scidocs|nomicai-modernbert-embed+setmaxheaptopk|largest_gap|rankgpt|0.5663
scidocs|nomicai-modernbert-embed+setmaxheaptopk|optimal_global|judge|0.4412
scidocs|nomicai-modernbert-embed+setmaxheaptopk|optimal_global|judge_expr|0.0004
scidocs|nomicai-modernbert-embed+setmaxheaptopk|optimal_global|rankgpt|0.5663
scidocs|nomicai-modernbert-embed+setmaxheaptopk|optimal_per_topic|judge|0.0
scidocs|nomicai-modernbert-embed+setmaxheaptopk|optimal_per_topic|judge_expr|0.0
scidocs|nomicai-modernbert-embed+setmaxheaptopk|optimal_per_topic|rankgpt|0.0
scidocs|nomicai-modernbert-embed+setmaxheaptopk|quantile|judge|0.6676
scidocs|nomicai-modernbert-embed+setmaxheaptopk|quantile|judge_expr|0.5935
scidocs|nomicai-modernbert-embed+setmaxheaptopk|quantile|rankgpt|0.6212
scidocs|nomicai-modernbert-embed+setmaxheaptopk|rank|judge|0.4433
scidocs|nomicai-modernbert-embed+setmaxheaptopk|rank|judge_expr|0.4131
scidocs|nomicai-modernbert-embed+setmaxheaptopk|rank|rankgpt|0.4341
scidocs|nomicai-modernbert-embed+setmaxheaptopk|thresholding|judge|0.5379
scidocs|nomicai-modernbert-embed+setmaxheaptopk|thresholding|judge_expr|0.5202
scidocs|nomicai-modernbert-embed+setmaxheaptopk|thresholding|rankgpt|0.0
scidocs|qwen3-embed-600m|direct|judge|0.5808
scidocs|qwen3-embed-600m|direct|judge_expr|0.4878
scidocs|qwen3-embed-600m|direct|rankgpt|0.4789
scidocs|qwen3-embed-600m|largest_gap|judge|0.4507
scidocs|qwen3-embed-600m|largest_gap|judge_expr|0.4951
scidocs|qwen3-embed-600m|largest_gap|rankgpt|0.4789
scidocs|qwen3-embed-600m|optimal_global|judge|0.3803
scidocs|qwen3-embed-600m|optimal_global|judge_expr|0.0004
scidocs|qwen3-embed-600m|optimal_global|rankgpt|0.4789
scidocs|qwen3-embed-600m|optimal_per_topic|judge|0.0
scidocs|qwen3-embed-600m|optimal_per_topic|judge_expr|0.0
scidocs|qwen3-embed-600m|optimal_per_topic|rankgpt|0.0
scidocs|qwen3-embed-600m|quantile|judge|0.6605
scidocs|qwen3-embed-600m|quantile|judge_expr|0.561
scidocs|qwen3-embed-600m|quantile|rankgpt|0.6321
scidocs|qwen3-embed-600m|rank|judge|0.4107
scidocs|qwen3-embed-600m|rank|judge_expr|0.3664
scidocs|qwen3-embed-600m|rank|rankgpt|0.3969
scidocs|qwen3-embed-600m|thresholding|judge|0.4885
scidocs|qwen3-embed-600m|thresholding|judge_expr|0.469
scidocs|qwen3-embed-600m|thresholding|rankgpt|0.0
scidocs|qwen3-embed-600m+judge|direct|judge|0.4527
scidocs|qwen3-embed-600m+judge|direct|judge_expr|0.4568
scidocs|qwen3-embed-600m+judge|direct|rankgpt|0.2075
scidocs|qwen3-embed-600m+judge|largest_gap|judge|0.4996
scidocs|qwen3-embed-600m+judge|largest_gap|judge_expr|0.4707
scidocs|qwen3-embed-600m+judge|largest_gap|rankgpt|0.2075
scidocs|qwen3-embed-600m+judge|optimal_global|judge|0.4513
scidocs|qwen3-embed-600m+judge|optimal_global|judge_expr|0.0003
scidocs|qwen3-embed-600m+judge|optimal_global|rankgpt|0.2075
scidocs|qwen3-embed-600m+judge|optimal_per_topic|judge|0.0
scidocs|qwen3-embed-600m+judge|optimal_per_topic|judge_expr|0.0
scidocs|qwen3-embed-600m+judge|optimal_per_topic|rankgpt|0.0
scidocs|qwen3-embed-600m+judge|quantile|judge|0.4305
scidocs|qwen3-embed-600m+judge|quantile|judge_expr|0.4113
scidocs|qwen3-embed-600m+judge|quantile|rankgpt|0.3097
scidocs|qwen3-embed-600m+judge|rank|judge|0.3475
scidocs|qwen3-embed-600m+judge|rank|judge_expr|0.3414
scidocs|qwen3-embed-600m+judge|rank|rankgpt|0.2
scidocs|qwen3-embed-600m+judge|thresholding|judge|0.4551
scidocs|qwen3-embed-600m+judge|thresholding|judge_expr|0.4528
scidocs|qwen3-embed-600m+judge|thresholding|rankgpt|0.0
scidocs|qwen3-embed-600m+judge_expr|direct|judge|0.4634
scidocs|qwen3-embed-600m+judge_expr|direct|judge_expr|0.478
scidocs|qwen3-embed-600m+judge_expr|direct|rankgpt|0.2875
scidocs|qwen3-embed-600m+judge_expr|largest_gap|judge|0.5077
scidocs|qwen3-embed-600m+judge_expr|largest_gap|judge_expr|0.4882
scidocs|qwen3-embed-600m+judge_expr|largest_gap|rankgpt|0.2875
scidocs|qwen3-embed-600m+judge_expr|optimal_global|judge|0.4584
scidocs|qwen3-embed-600m+judge_expr|optimal_global|judge_expr|0.001
scidocs|qwen3-embed-600m+judge_expr|optimal_global|rankgpt|0.2875
scidocs|qwen3-embed-600m+judge_expr|optimal_per_topic|judge|0.0
scidocs|qwen3-embed-600m+judge_expr|optimal_per_topic|judge_expr|0.0
scidocs|qwen3-embed-600m+judge_expr|optimal_per_topic|rankgpt|0.0
scidocs|qwen3-embed-600m+judge_expr|quantile|judge|0.4442
scidocs|qwen3-embed-600m+judge_expr|quantile|judge_expr|0.4446
scidocs|qwen3-embed-600m+judge_expr|quantile|rankgpt|0.3434
scidocs|qwen3-embed-600m+judge_expr|rank|judge|0.3656
scidocs|qwen3-embed-600m+judge_expr|rank|judge_expr|0.4377
scidocs|qwen3-embed-600m+judge_expr|rank|rankgpt|0.2413
scidocs|qwen3-embed-600m+judge_expr|thresholding|judge|0.4653
scidocs|qwen3-embed-600m+judge_expr|thresholding|judge_expr|0.4642
scidocs|qwen3-embed-600m+judge_expr|thresholding|rankgpt|0.0
scidocs|qwen3-embed-600m+point|direct|judge|0.3851
scidocs|qwen3-embed-600m+point|direct|judge_expr|0.3527
scidocs|qwen3-embed-600m+point|direct|rankgpt|0.2969
scidocs|qwen3-embed-600m+point|largest_gap|judge|0.3251
scidocs|qwen3-embed-600m+point|largest_gap|judge_expr|0.3557
scidocs|qwen3-embed-600m+point|largest_gap|rankgpt|0.2969
scidocs|qwen3-embed-600m+point|optimal_global|judge|0.2894
scidocs|qwen3-embed-600m+point|optimal_global|judge_expr|0.0004
scidocs|qwen3-embed-600m+point|optimal_global|rankgpt|0.2969
scidocs|qwen3-embed-600m+point|optimal_per_topic|judge|0.0
scidocs|qwen3-embed-600m+point|optimal_per_topic|judge_expr|0.0
scidocs|qwen3-embed-600m+point|optimal_per_topic|rankgpt|0.0
scidocs|qwen3-embed-600m+point|quantile|judge|0.409
scidocs|qwen3-embed-600m+point|quantile|judge_expr|0.3616
scidocs|qwen3-embed-600m+point|quantile|rankgpt|0.3629
scidocs|qwen3-embed-600m+point|rank|judge|0.2673
scidocs|qwen3-embed-600m+point|rank|judge_expr|0.2516
scidocs|qwen3-embed-600m+point|rank|rankgpt|0.248
scidocs|qwen3-embed-600m+point|thresholding|judge|0.3528
scidocs|qwen3-embed-600m+point|thresholding|judge_expr|0.3423
scidocs|qwen3-embed-600m+point|thresholding|rankgpt|0.0
scidocs|qwen3-embed-600m+rankfirst|direct|judge|0.6637
scidocs|qwen3-embed-600m+rankfirst|direct|judge_expr|0.5779
scidocs|qwen3-embed-600m+rankfirst|direct|rankgpt|0.6058
scidocs|qwen3-embed-600m+rankfirst|largest_gap|judge|0.537
scidocs|qwen3-embed-600m+rankfirst|largest_gap|judge_expr|0.5872
scidocs|qwen3-embed-600m+rankfirst|largest_gap|rankgpt|0.6058
scidocs|qwen3-embed-600m+rankfirst|optimal_global|judge|0.4557
scidocs|qwen3-embed-600m+rankfirst|optimal_global|judge_expr|0.0004
scidocs|qwen3-embed-600m+rankfirst|optimal_global|rankgpt|0.6058
scidocs|qwen3-embed-600m+rankfirst|optimal_per_topic|judge|0.0
scidocs|qwen3-embed-600m+rankfirst|optimal_per_topic|judge_expr|0.0
scidocs|qwen3-embed-600m+rankfirst|optimal_per_topic|rankgpt|0.0
scidocs|qwen3-embed-600m+rankfirst|quantile|judge|0.7483
scidocs|qwen3-embed-600m+rankfirst|quantile|judge_expr|0.6532
scidocs|qwen3-embed-600m+rankfirst|quantile|rankgpt|0.7247
scidocs|qwen3-embed-600m+rankfirst|rank|judge|0.4954
scidocs|qwen3-embed-600m+rankfirst|rank|judge_expr|0.4461
scidocs|qwen3-embed-600m+rankfirst|rank|rankgpt|0.4954
scidocs|qwen3-embed-600m+rankfirst|thresholding|judge|0.5763
scidocs|qwen3-embed-600m+rankfirst|thresholding|judge_expr|0.556
scidocs|qwen3-embed-600m+rankfirst|thresholding|rankgpt|0.0
scidocs|qwen3-embed-600m+rankgpt|direct|judge|0.5875
scidocs|qwen3-embed-600m+rankgpt|direct|judge_expr|0.5135
scidocs|qwen3-embed-600m+rankgpt|direct|rankgpt|0.5596
scidocs|qwen3-embed-600m+rankgpt|largest_gap|judge|0.4759
scidocs|qwen3-embed-600m+rankgpt|largest_gap|judge_expr|0.5213
scidocs|qwen3-embed-600m+rankgpt|largest_gap|rankgpt|0.5596
scidocs|qwen3-embed-600m+rankgpt|optimal_global|judge|0.4059
scidocs|qwen3-embed-600m+rankgpt|optimal_global|judge_expr|0.0004
scidocs|qwen3-embed-600m+rankgpt|optimal_global|rankgpt|0.5596
scidocs|qwen3-embed-600m+rankgpt|optimal_per_topic|judge|0.0
scidocs|qwen3-embed-600m+rankgpt|optimal_per_topic|judge_expr|0.0
scidocs|qwen3-embed-600m+rankgpt|optimal_per_topic|rankgpt|0.0
scidocs|qwen3-embed-600m+rankgpt|quantile|judge|0.6627
scidocs|qwen3-embed-600m+rankgpt|quantile|judge_expr|0.5777
scidocs|qwen3-embed-600m+rankgpt|quantile|rankgpt|0.6211
scidocs|qwen3-embed-600m+rankgpt|rank|judge|0.4129
scidocs|qwen3-embed-600m+rankgpt|rank|judge_expr|0.3899
scidocs|qwen3-embed-600m+rankgpt|rank|rankgpt|0.4456
scidocs|qwen3-embed-600m+rankgpt|thresholding|judge|0.5119
scidocs|qwen3-embed-600m+rankgpt|thresholding|judge_expr|0.4919
scidocs|qwen3-embed-600m+rankgpt|thresholding|rankgpt|0.0
scidocs|qwen3-embed-600m+setmaxheaptopk|direct|judge|0.5888
scidocs|qwen3-embed-600m+setmaxheaptopk|direct|judge_expr|0.5269
scidocs|qwen3-embed-600m+setmaxheaptopk|direct|rankgpt|0.5516
scidocs|qwen3-embed-600m+setmaxheaptopk|largest_gap|judge|0.4966
scidocs|qwen3-embed-600m+setmaxheaptopk|largest_gap|judge_expr|0.5368
scidocs|qwen3-embed-600m+setmaxheaptopk|largest_gap|rankgpt|0.5516
scidocs|qwen3-embed-600m+setmaxheaptopk|optimal_global|judge|0.4306
scidocs|qwen3-embed-600m+setmaxheaptopk|optimal_global|judge_expr|0.0004
scidocs|qwen3-embed-600m+setmaxheaptopk|optimal_global|rankgpt|0.5516
scidocs|qwen3-embed-600m+setmaxheaptopk|optimal_per_topic|judge|0.0
scidocs|qwen3-embed-600m+setmaxheaptopk|optimal_per_topic|judge_expr|0.0
scidocs|qwen3-embed-600m+setmaxheaptopk|optimal_per_topic|rankgpt|0.0
scidocs|qwen3-embed-600m+setmaxheaptopk|quantile|judge|0.6432
scidocs|qwen3-embed-600m+setmaxheaptopk|quantile|judge_expr|0.5765
scidocs|qwen3-embed-600m+setmaxheaptopk|quantile|rankgpt|0.6006
scidocs|qwen3-embed-600m+setmaxheaptopk|rank|judge|0.4305
scidocs|qwen3-embed-600m+setmaxheaptopk|rank|judge_expr|0.4033
scidocs|qwen3-embed-600m+setmaxheaptopk|rank|rankgpt|0.4236
scidocs|qwen3-embed-600m+setmaxheaptopk|thresholding|judge|0.5266
scidocs|qwen3-embed-600m+setmaxheaptopk|thresholding|judge_expr|0.5129
scidocs|qwen3-embed-600m+setmaxheaptopk|thresholding|rankgpt|0.0
scidocs|splade-v3|direct|judge|0.619
scidocs|splade-v3|direct|judge_expr|0.4902
scidocs|splade-v3|direct|rankgpt|0.5656
scidocs|splade-v3|largest_gap|judge|0.4369
scidocs|splade-v3|largest_gap|judge_expr|0.4925
scidocs|splade-v3|largest_gap|rankgpt|0.5656
scidocs|splade-v3|optimal_global|judge|0.37
scidocs|splade-v3|optimal_global|judge_expr|0.0004
scidocs|splade-v3|optimal_global|rankgpt|0.5656
scidocs|splade-v3|optimal_per_topic|judge|0.0
scidocs|splade-v3|optimal_per_topic|judge_expr|0.0
scidocs|splade-v3|optimal_per_topic|rankgpt|0.0
scidocs|splade-v3|quantile|judge|0.7438
scidocs|splade-v3|quantile|judge_expr|0.5864
scidocs|splade-v3|quantile|rankgpt|0.9999
scidocs|splade-v3|rank|judge|0.4953
scidocs|splade-v3|rank|judge_expr|0.353
scidocs|splade-v3|rank|rankgpt|0.4593
scidocs|splade-v3|thresholding|judge|0.4918
scidocs|splade-v3|thresholding|judge_expr|0.4675
scidocs|splade-v3|thresholding|rankgpt|0.0
scidocs|splade-v3+judge|direct|judge|1.0
scidocs|splade-v3+judge|direct|judge_expr|0.9412
scidocs|splade-v3+judge|direct|rankgpt|0.3355
scidocs|splade-v3+judge|largest_gap|judge|1.0
scidocs|splade-v3+judge|largest_gap|judge_expr|0.9705
scidocs|splade-v3+judge|largest_gap|rankgpt|0.3355
scidocs|splade-v3+judge|optimal_global|judge|0.828
scidocs|splade-v3+judge|optimal_global|judge_expr|0.0004
scidocs|splade-v3+judge|optimal_global|rankgpt|0.3355
scidocs|splade-v3+judge|optimal_per_topic|judge|0.0
scidocs|splade-v3+judge|optimal_per_topic|judge_expr|0.0
scidocs|splade-v3+judge|optimal_per_topic|rankgpt|0.0
scidocs|splade-v3+judge|quantile|judge|1.0
scidocs|splade-v3+judge|quantile|judge_expr|0.9437
scidocs|splade-v3+judge|quantile|rankgpt|0.5955
scidocs|splade-v3+judge|rank|judge|0.7542
scidocs|splade-v3+judge|rank|judge_expr|0.7407
scidocs|splade-v3+judge|rank|rankgpt|0.3625
scidocs|splade-v3+judge|thresholding|judge|0.954
scidocs|splade-v3+judge|thresholding|judge_expr|0.9229
scidocs|splade-v3+judge|thresholding|rankgpt|0.0
scidocs|splade-v3+judge_expr|direct|judge|0.9897
scidocs|splade-v3+judge_expr|direct|judge_expr|0.978
scidocs|splade-v3+judge_expr|direct|rankgpt|0.4218
scidocs|splade-v3+judge_expr|largest_gap|judge|0.992
scidocs|splade-v3+judge_expr|largest_gap|judge_expr|1.0
scidocs|splade-v3+judge_expr|largest_gap|rankgpt|0.4218
scidocs|splade-v3+judge_expr|optimal_global|judge|0.8264
scidocs|splade-v3+judge_expr|optimal_global|judge_expr|0.001
scidocs|splade-v3+judge_expr|optimal_global|rankgpt|0.4218
scidocs|splade-v3+judge_expr|optimal_per_topic|judge|0.0
scidocs|splade-v3+judge_expr|optimal_per_topic|judge_expr|0.0
scidocs|splade-v3+judge_expr|optimal_per_topic|rankgpt|0.0
scidocs|splade-v3+judge_expr|quantile|judge|0.9991
scidocs|splade-v3+judge_expr|quantile|judge_expr|1.0
scidocs|splade-v3+judge_expr|quantile|rankgpt|0.6482
scidocs|splade-v3+judge_expr|rank|judge|0.7712
scidocs|splade-v3+judge_expr|rank|judge_expr|0.9999
scidocs|splade-v3+judge_expr|rank|rankgpt|0.4197
scidocs|splade-v3+judge_expr|thresholding|judge|0.9534
scidocs|splade-v3+judge_expr|thresholding|judge_expr|0.931
scidocs|splade-v3+judge_expr|thresholding|rankgpt|0.0
scidocs|splade-v3+point|direct|judge|0.7228
scidocs|splade-v3+point|direct|judge_expr|0.5919
scidocs|splade-v3+point|direct|rankgpt|0.4207
scidocs|splade-v3+point|largest_gap|judge|0.52
scidocs|splade-v3+point|largest_gap|judge_expr|0.5955
scidocs|splade-v3+point|largest_gap|rankgpt|0.4207
scidocs|splade-v3+point|optimal_global|judge|0.4323
scidocs|splade-v3+point|optimal_global|judge_expr|0.0004
scidocs|splade-v3+point|optimal_global|rankgpt|0.4207
scidocs|splade-v3+point|optimal_per_topic|judge|0.0
scidocs|splade-v3+point|optimal_per_topic|judge_expr|0.0
scidocs|splade-v3+point|optimal_per_topic|rankgpt|0.0
scidocs|splade-v3+point|quantile|judge|0.8519
scidocs|splade-v3+point|quantile|judge_expr|0.709
scidocs|splade-v3+point|quantile|rankgpt|0.6598
scidocs|splade-v3+point|rank|judge|0.4596
scidocs|splade-v3+point|rank|judge_expr|0.4462
scidocs|splade-v3+point|rank|rankgpt|0.4189
scidocs|splade-v3+point|thresholding|judge|0.5953
scidocs|splade-v3+point|thresholding|judge_expr|0.5607
scidocs|splade-v3+point|thresholding|rankgpt|0.0
scidocs|splade-v3+rankfirst|direct|judge|0.7441
scidocs|splade-v3+rankfirst|direct|judge_expr|0.6288
scidocs|splade-v3+rankfirst|direct|rankgpt|0.67
scidocs|splade-v3+rankfirst|largest_gap|judge|0.5789
scidocs|splade-v3+rankfirst|largest_gap|judge_expr|0.6369
scidocs|splade-v3+rankfirst|largest_gap|rankgpt|0.67
scidocs|splade-v3+rankfirst|optimal_global|judge|0.4865
scidocs|splade-v3+rankfirst|optimal_global|judge_expr|0.0004
scidocs|splade-v3+rankfirst|optimal_global|rankgpt|0.67
scidocs|splade-v3+rankfirst|optimal_per_topic|judge|0.0
scidocs|splade-v3+rankfirst|optimal_per_topic|judge_expr|0.0
scidocs|splade-v3+rankfirst|optimal_per_topic|rankgpt|0.0
scidocs|splade-v3+rankfirst|quantile|judge|0.8611
scidocs|splade-v3+rankfirst|quantile|judge_expr|0.7348
scidocs|splade-v3+rankfirst|quantile|rankgpt|0.8448
scidocs|splade-v3+rankfirst|rank|judge|0.5476
scidocs|splade-v3+rankfirst|rank|judge_expr|0.484
scidocs|splade-v3+rankfirst|rank|rankgpt|0.5537
scidocs|splade-v3+rankfirst|thresholding|judge|0.6276
scidocs|splade-v3+rankfirst|thresholding|judge_expr|0.6031
scidocs|splade-v3+rankfirst|thresholding|rankgpt|0.0
scidocs|splade-v3+rankgpt|direct|judge|0.7042
scidocs|splade-v3+rankgpt|direct|judge_expr|0.5834
scidocs|splade-v3+rankgpt|direct|rankgpt|1.0
scidocs|splade-v3+rankgpt|largest_gap|judge|0.5294
scidocs|splade-v3+rankgpt|largest_gap|judge_expr|0.5893
scidocs|splade-v3+rankgpt|largest_gap|rankgpt|1.0
scidocs|splade-v3+rankgpt|optimal_global|judge|0.4499
scidocs|splade-v3+rankgpt|optimal_global|judge_expr|0.0004
scidocs|splade-v3+rankgpt|optimal_global|rankgpt|1.0
scidocs|splade-v3+rankgpt|optimal_per_topic|judge|0.0
scidocs|splade-v3+rankgpt|optimal_per_topic|judge_expr|0.0
scidocs|splade-v3+rankgpt|optimal_per_topic|rankgpt|0.0
scidocs|splade-v3+rankgpt|quantile|judge|0.8271
scidocs|splade-v3+rankgpt|quantile|judge_expr|0.6857
scidocs|splade-v3+rankgpt|quantile|rankgpt|1.0
scidocs|splade-v3+rankgpt|rank|judge|0.4845
scidocs|splade-v3+rankgpt|rank|judge_expr|0.4357
scidocs|splade-v3+rankgpt|rank|rankgpt|1.0
scidocs|splade-v3+rankgpt|thresholding|judge|0.5809
scidocs|splade-v3+rankgpt|thresholding|judge_expr|0.5592
scidocs|splade-v3+rankgpt|thresholding|rankgpt|0.0
scidocs|splade-v3+setmaxheaptopk|direct|judge|0.723
scidocs|splade-v3+setmaxheaptopk|direct|judge_expr|0.611
scidocs|splade-v3+setmaxheaptopk|direct|rankgpt|0.669
scidocs|splade-v3+setmaxheaptopk|largest_gap|judge|0.5681
scidocs|splade-v3+setmaxheaptopk|largest_gap|judge_expr|0.6177
scidocs|splade-v3+setmaxheaptopk|largest_gap|rankgpt|0.669
scidocs|splade-v3+setmaxheaptopk|optimal_global|judge|0.4854
scidocs|splade-v3+setmaxheaptopk|optimal_global|judge_expr|0.0004
scidocs|splade-v3+setmaxheaptopk|optimal_global|rankgpt|0.669
scidocs|splade-v3+setmaxheaptopk|optimal_per_topic|judge|0.0
scidocs|splade-v3+setmaxheaptopk|optimal_per_topic|judge_expr|0.0
scidocs|splade-v3+setmaxheaptopk|optimal_per_topic|rankgpt|0.0
scidocs|splade-v3+setmaxheaptopk|quantile|judge|0.8384
scidocs|splade-v3+setmaxheaptopk|quantile|judge_expr|0.7073
scidocs|splade-v3+setmaxheaptopk|quantile|rankgpt|0.7584
scidocs|splade-v3+setmaxheaptopk|rank|judge|0.5105
scidocs|splade-v3+setmaxheaptopk|rank|judge_expr|0.47
scidocs|splade-v3+setmaxheaptopk|rank|rankgpt|0.5148
scidocs|splade-v3+setmaxheaptopk|thresholding|judge|0.6106
scidocs|splade-v3+setmaxheaptopk|thresholding|judge_expr|0.5888
scidocs|splade-v3+setmaxheaptopk|thresholding|rankgpt|0.0
trec-covid|bm25|direct|judge|0.4171
trec-covid|bm25|direct|judge_expr|0.3689
trec-covid|bm25|direct|rankgpt|0.1989
trec-covid|bm25|largest_gap|judge|0.29
trec-covid|bm25|largest_gap|judge_expr|0.3802
trec-covid|bm25|largest_gap|rankgpt|0.1989
trec-covid|bm25|optimal_global|judge|0.5395
trec-covid|bm25|optimal_global|judge_expr|0.5179
trec-covid|bm25|optimal_global|rankgpt|0.5452
trec-covid|bm25|optimal_per_topic|judge|0.5095
trec-covid|bm25|optimal_per_topic|judge_expr|0.506
trec-covid|bm25|optimal_per_topic|rankgpt|0.5241
trec-covid|bm25|quantile|judge|0.3943
trec-covid|bm25|quantile|judge_expr|0.2897
trec-covid|bm25|quantile|rankgpt|0.3264
trec-covid|bm25|rank|judge|0.1777
trec-covid|bm25|rank|judge_expr|0.1595
trec-covid|bm25|rank|rankgpt|0.1836
trec-covid|bm25|thresholding|judge|0.3885
trec-covid|bm25|thresholding|judge_expr|0.3745
trec-covid|bm25|thresholding|rankgpt|0.0
trec-covid|bm25+judge|direct|judge|0.6359
trec-covid|bm25+judge|direct|judge_expr|0.624
trec-covid|bm25+judge|direct|rankgpt|0.1809
trec-covid|bm25+judge|largest_gap|judge|0.5872
trec-covid|bm25+judge|largest_gap|judge_expr|0.631
trec-covid|bm25+judge|largest_gap|rankgpt|0.1809
trec-covid|bm25+judge|optimal_global|judge|0.6511
trec-covid|bm25+judge|optimal_global|judge_expr|0.6498
trec-covid|bm25+judge|optimal_global|rankgpt|0.6511
trec-covid|bm25+judge|optimal_per_topic|judge|0.6493
trec-covid|bm25+judge|optimal_per_topic|judge_expr|0.6464
trec-covid|bm25+judge|optimal_per_topic|rankgpt|0.6367
trec-covid|bm25+judge|quantile|judge|0.6482
trec-covid|bm25+judge|quantile|judge_expr|0.5195
trec-covid|bm25+judge|quantile|rankgpt|0.4197
trec-covid|bm25+judge|rank|judge|0.3971
trec-covid|bm25+judge|rank|judge_expr|0.3446
trec-covid|bm25+judge|rank|rankgpt|0.2647
trec-covid|bm25+judge|thresholding|judge|0.6334
trec-covid|bm25+judge|thresholding|judge_expr|0.6255
trec-covid|bm25+judge|thresholding|rankgpt|0.0
trec-covid|bm25+judge_expr|direct|judge|0.6872
trec-covid|bm25+judge_expr|direct|judge_expr|0.6786
trec-covid|bm25+judge_expr|direct|rankgpt|0.3081
trec-covid|bm25+judge_expr|largest_gap|judge|0.6378
trec-covid|bm25+judge_expr|largest_gap|judge_expr|0.6881
trec-covid|bm25+judge_expr|largest_gap|rankgpt|0.3081
trec-covid|bm25+judge_expr|optimal_global|judge|0.7029
trec-covid|bm25+judge_expr|optimal_global|judge_expr|0.7029
trec-covid|bm25+judge_expr|optimal_global|rankgpt|0.7029
trec-covid|bm25+judge_expr|optimal_per_topic|judge|0.702
trec-covid|bm25+judge_expr|optimal_per_topic|judge_expr|0.702
trec-covid|bm25+judge_expr|optimal_per_topic|rankgpt|0.6937
trec-covid|bm25+judge_expr|quantile|judge|0.7002
trec-covid|bm25+judge_expr|quantile|judge_expr|0.6847
trec-covid|bm25+judge_expr|quantile|rankgpt|0.494
trec-covid|bm25+judge_expr|rank|judge|0.4322
trec-covid|bm25+judge_expr|rank|judge_expr|0.558
trec-covid|bm25+judge_expr|rank|rankgpt|0.3407
trec-covid|bm25+judge_expr|thresholding|judge|0.6793
trec-covid|bm25+judge_expr|thresholding|judge_expr|0.6731
trec-covid|bm25+judge_expr|thresholding|rankgpt|0.0
trec-covid|bm25+point|direct|judge|0.4972
trec-covid|bm25+point|direct|judge_expr|0.465
trec-covid|bm25+point|direct|rankgpt|0.1268
trec-covid|bm25+point|largest_gap|judge|0.3476
trec-covid|bm25+point|largest_gap|judge_expr|0.4867
trec-covid|bm25+point|largest_gap|rankgpt|0.1268
trec-covid|bm25+point|optimal_global|judge|0.5851
trec-covid|bm25+point|optimal_global|judge_expr|0.5825
trec-covid|bm25+point|optimal_global|rankgpt|0.5907
trec-covid|bm25+point|optimal_per_topic|judge|0.5832
trec-covid|bm25+point|optimal_per_topic|judge_expr|0.578
trec-covid|bm25+point|optimal_per_topic|rankgpt|0.571
trec-covid|bm25+point|quantile|judge|0.4693
trec-covid|bm25+point|quantile|judge_expr|0.3352
trec-covid|bm25+point|quantile|rankgpt|0.3633
trec-covid|bm25+point|rank|judge|0.2259
trec-covid|bm25+point|rank|judge_expr|0.1949
trec-covid|bm25+point|rank|rankgpt|0.2228
trec-covid|bm25+point|thresholding|judge|0.4961
trec-covid|bm25+point|thresholding|judge_expr|0.4747
trec-covid|bm25+point|thresholding|rankgpt|0.0
trec-covid|bm25+rankfirst|direct|judge|0.6898
trec-covid|bm25+rankfirst|direct|judge_expr|0.6521
trec-covid|bm25+rankfirst|direct|rankgpt|0.3578
trec-covid|bm25+rankfirst|largest_gap|judge|0.5659
trec-covid|bm25+rankfirst|largest_gap|judge_expr|0.6722
trec-covid|bm25+rankfirst|largest_gap|rankgpt|0.3578
trec-covid|bm25+rankfirst|optimal_global|judge|0.7791
trec-covid|bm25+rankfirst|optimal_global|judge_expr|0.7778
trec-covid|bm25+rankfirst|optimal_global|rankgpt|0.7791
trec-covid|bm25+rankfirst|optimal_per_topic|judge|0.7717
trec-covid|bm25+rankfirst|optimal_per_topic|judge_expr|0.7683
trec-covid|bm25+rankfirst|optimal_per_topic|rankgpt|0.7688
trec-covid|bm25+rankfirst|quantile|judge|0.709
trec-covid|bm25+rankfirst|quantile|judge_expr|0.5641
trec-covid|bm25+rankfirst|quantile|rankgpt|0.6184
trec-covid|bm25+rankfirst|rank|judge|0.3989
trec-covid|bm25+rankfirst|rank|judge_expr|0.3619
trec-covid|bm25+rankfirst|rank|rankgpt|0.4071
trec-covid|bm25+rankfirst|thresholding|judge|0.6749
trec-covid|bm25+rankfirst|thresholding|judge_expr|0.6551
trec-covid|bm25+rankfirst|thresholding|rankgpt|0.0
trec-covid|bm25+rankgpt|direct|judge|0.5833
trec-covid|bm25+rankgpt|direct|judge_expr|0.5534
trec-covid|bm25+rankgpt|direct|rankgpt|0.3222
trec-covid|bm25+rankgpt|largest_gap|judge|0.4896
trec-covid|bm25+rankgpt|largest_gap|judge_expr|0.5816
trec-covid|bm25+rankgpt|largest_gap|rankgpt|0.3222
trec-covid|bm25+rankgpt|optimal_global|judge|0.662
trec-covid|bm25+rankgpt|optimal_global|judge_expr|0.6544
trec-covid|bm25+rankgpt|optimal_global|rankgpt|0.6649
trec-covid|bm25+rankgpt|optimal_per_topic|judge|0.6355
trec-covid|bm25+rankgpt|optimal_per_topic|judge_expr|0.6336
trec-covid|bm25+rankgpt|optimal_per_topic|rankgpt|0.6503
trec-covid|bm25+rankgpt|quantile|judge|0.5717
trec-covid|bm25+rankgpt|quantile|judge_expr|0.4722
trec-covid|bm25+rankgpt|quantile|rankgpt|0.5091
trec-covid|bm25+rankgpt|rank|judge|0.3018
trec-covid|bm25+rankgpt|rank|judge_expr|0.3181
trec-covid|bm25+rankgpt|rank|rankgpt|0.3407
trec-covid|bm25+rankgpt|thresholding|judge|0.5741
trec-covid|bm25+rankgpt|thresholding|judge_expr|0.553
trec-covid|bm25+rankgpt|thresholding|rankgpt|0.0
trec-covid|bm25+setmaxheaptopk|direct|judge|0.6185
trec-covid|bm25+setmaxheaptopk|direct|judge_expr|0.593
trec-covid|bm25+setmaxheaptopk|direct|rankgpt|0.33
trec-covid|bm25+setmaxheaptopk|largest_gap|judge|0.4882
trec-covid|bm25+setmaxheaptopk|largest_gap|judge_expr|0.6082
trec-covid|bm25+setmaxheaptopk|largest_gap|rankgpt|0.33
trec-covid|bm25+setmaxheaptopk|optimal_global|judge|0.6859
trec-covid|bm25+setmaxheaptopk|optimal_global|judge_expr|0.684
trec-covid|bm25+setmaxheaptopk|optimal_global|rankgpt|0.6892
trec-covid|bm25+setmaxheaptopk|optimal_per_topic|judge|0.6762
trec-covid|bm25+setmaxheaptopk|optimal_per_topic|judge_expr|0.6713
trec-covid|bm25+setmaxheaptopk|optimal_per_topic|rankgpt|0.6809
trec-covid|bm25+setmaxheaptopk|quantile|judge|0.6222
trec-covid|bm25+setmaxheaptopk|quantile|judge_expr|0.5357
trec-covid|bm25+setmaxheaptopk|quantile|rankgpt|0.5207
trec-covid|bm25+setmaxheaptopk|rank|judge|0.3423
trec-covid|bm25+setmaxheaptopk|rank|judge_expr|0.3425
trec-covid|bm25+setmaxheaptopk|rank|rankgpt|0.3569
trec-covid|bm25+setmaxheaptopk|thresholding|judge|0.6193
trec-covid|bm25+setmaxheaptopk|thresholding|judge_expr|0.5959
trec-covid|bm25+setmaxheaptopk|thresholding|rankgpt|0.0
trec-covid|colbert-small|direct|judge|0.6148
trec-covid|colbert-small|direct|judge_expr|0.5634
trec-covid|colbert-small|direct|rankgpt|0.2552
trec-covid|colbert-small|largest_gap|judge|0.4318
trec-covid|colbert-small|largest_gap|judge_expr|0.571
trec-covid|colbert-small|largest_gap|rankgpt|0.2552
trec-covid|colbert-small|optimal_global|judge|0.7577
trec-covid|colbert-small|optimal_global|judge_expr|0.7517
trec-covid|colbert-small|optimal_global|rankgpt|0.7604
trec-covid|colbert-small|optimal_per_topic|judge|0.7357
trec-covid|colbert-small|optimal_per_topic|judge_expr|0.7334
trec-covid|colbert-small|optimal_per_topic|rankgpt|0.7454
trec-covid|colbert-small|quantile|judge|0.5927
trec-covid|colbert-small|quantile|judge_expr|0.4609
trec-covid|colbert-small|quantile|rankgpt|0.5342
trec-covid|colbert-small|rank|judge|0.3326
trec-covid|colbert-small|rank|judge_expr|0.2433
trec-covid|colbert-small|rank|rankgpt|0.3361
trec-covid|colbert-small|thresholding|judge|0.5967
trec-covid|colbert-small|thresholding|judge_expr|0.5659
trec-covid|colbert-small|thresholding|rankgpt|0.0
trec-covid|colbert-small+judge|direct|judge|0.617
trec-covid|colbert-small+judge|direct|judge_expr|0.6105
trec-covid|colbert-small+judge|direct|rankgpt|0.1457
trec-covid|colbert-small+judge|largest_gap|judge|0.6372
trec-covid|colbert-small+judge|largest_gap|judge_expr|0.601
trec-covid|colbert-small+judge|largest_gap|rankgpt|0.1457
trec-covid|colbert-small+judge|optimal_global|judge|0.615
trec-covid|colbert-small+judge|optimal_global|judge_expr|0.615
trec-covid|colbert-small+judge|optimal_global|rankgpt|0.615
trec-covid|colbert-small+judge|optimal_per_topic|judge|0.6172
trec-covid|colbert-small+judge|optimal_per_topic|judge_expr|0.6172
trec-covid|colbert-small+judge|optimal_per_topic|rankgpt|0.6007
trec-covid|colbert-small+judge|quantile|judge|0.6124
trec-covid|colbert-small+judge|quantile|judge_expr|0.5077
trec-covid|colbert-small+judge|quantile|rankgpt|0.3928
trec-covid|colbert-small+judge|rank|judge|0.3951
trec-covid|colbert-small+judge|rank|judge_expr|0.3597
trec-covid|colbert-small+judge|rank|rankgpt|0.2433
trec-covid|colbert-small+judge|thresholding|judge|0.6073
trec-covid|colbert-small+judge|thresholding|judge_expr|0.6102
trec-covid|colbert-small+judge|thresholding|rankgpt|0.0
trec-covid|colbert-small+judge_expr|direct|judge|0.6517
trec-covid|colbert-small+judge_expr|direct|judge_expr|0.6518
trec-covid|colbert-small+judge_expr|direct|rankgpt|0.2914
trec-covid|colbert-small+judge_expr|largest_gap|judge|0.6769
trec-covid|colbert-small+judge_expr|largest_gap|judge_expr|0.6477
trec-covid|colbert-small+judge_expr|largest_gap|rankgpt|0.2914
trec-covid|colbert-small+judge_expr|optimal_global|judge|0.6462
trec-covid|colbert-small+judge_expr|optimal_global|judge_expr|0.6462
trec-covid|colbert-small+judge_expr|optimal_global|rankgpt|0.6462
trec-covid|colbert-small+judge_expr|optimal_per_topic|judge|0.6483
trec-covid|colbert-small+judge_expr|optimal_per_topic|judge_expr|0.6483
trec-covid|colbert-small+judge_expr|optimal_per_topic|rankgpt|0.6297
trec-covid|colbert-small+judge_expr|quantile|judge|0.645
trec-covid|colbert-small+judge_expr|quantile|judge_expr|0.6405
trec-covid|colbert-small+judge_expr|quantile|rankgpt|0.4609
trec-covid|colbert-small+judge_expr|rank|judge|0.4316
trec-covid|colbert-small+judge_expr|rank|judge_expr|0.5973
trec-covid|colbert-small+judge_expr|rank|rankgpt|0.3154
trec-covid|colbert-small+judge_expr|thresholding|judge|0.6324
trec-covid|colbert-small+judge_expr|thresholding|judge_expr|0.6358
trec-covid|colbert-small+judge_expr|thresholding|rankgpt|0.0
trec-covid|colbert-small+point|direct|judge|0.4973
trec-covid|colbert-small+point|direct|judge_expr|0.4605
trec-covid|colbert-small+point|direct|rankgpt|0.1444
trec-covid|colbert-small+point|largest_gap|judge|0.3595
trec-covid|colbert-small+point|largest_gap|judge_expr|0.4702
trec-covid|colbert-small+point|largest_gap|rankgpt|0.1444
trec-covid|colbert-small+point|optimal_global|judge|0.5855
trec-covid|colbert-small+point|optimal_global|judge_expr|0.5826
trec-covid|colbert-small+point|optimal_global|rankgpt|0.5899
trec-covid|colbert-small+point|optimal_per_topic|judge|0.5854
trec-covid|colbert-small+point|optimal_per_topic|judge_expr|0.5774
trec-covid|colbert-small+point|optimal_per_topic|rankgpt|0.5707
trec-covid|colbert-small+point|quantile|judge|0.471
trec-covid|colbert-small+point|quantile|judge_expr|0.3388
trec-covid|colbert-small+point|quantile|rankgpt|0.3608
trec-covid|colbert-small+point|rank|judge|0.2354
trec-covid|colbert-small+point|rank|judge_expr|0.1983
trec-covid|colbert-small+point|rank|rankgpt|0.2105
trec-covid|colbert-small+point|thresholding|judge|0.4872
trec-covid|colbert-small+point|thresholding|judge_expr|0.4648
trec-covid|colbert-small+point|thresholding|rankgpt|0.0
trec-covid|colbert-small+rankfirst|direct|judge|0.7126
trec-covid|colbert-small+rankfirst|direct|judge_expr|0.6784
trec-covid|colbert-small+rankfirst|direct|rankgpt|0.3695
trec-covid|colbert-small+rankfirst|largest_gap|judge|0.6118
trec-covid|colbert-small+rankfirst|largest_gap|judge_expr|0.6808
trec-covid|colbert-small+rankfirst|largest_gap|rankgpt|0.3695
trec-covid|colbert-small+rankfirst|optimal_global|judge|0.7901
trec-covid|colbert-small+rankfirst|optimal_global|judge_expr|0.7901
trec-covid|colbert-small+rankfirst|optimal_global|rankgpt|0.7901
trec-covid|colbert-small+rankfirst|optimal_per_topic|judge|0.7879
trec-covid|colbert-small+rankfirst|optimal_per_topic|judge_expr|0.7879
trec-covid|colbert-small+rankfirst|optimal_per_topic|rankgpt|0.783
trec-covid|colbert-small+rankfirst|quantile|judge|0.7362
trec-covid|colbert-small+rankfirst|quantile|judge_expr|0.6028
trec-covid|colbert-small+rankfirst|quantile|rankgpt|0.6401
trec-covid|colbert-small+rankfirst|rank|judge|0.4502
trec-covid|colbert-small+rankfirst|rank|judge_expr|0.3921
trec-covid|colbert-small+rankfirst|rank|rankgpt|0.4403
trec-covid|colbert-small+rankfirst|thresholding|judge|0.6914
trec-covid|colbert-small+rankfirst|thresholding|judge_expr|0.6819
trec-covid|colbert-small+rankfirst|thresholding|rankgpt|0.0
trec-covid|colbert-small+rankgpt|direct|judge|0.6117
trec-covid|colbert-small+rankgpt|direct|judge_expr|0.5775
trec-covid|colbert-small+rankgpt|direct|rankgpt|0.3683
trec-covid|colbert-small+rankgpt|largest_gap|judge|0.517
trec-covid|colbert-small+rankgpt|largest_gap|judge_expr|0.5846
trec-covid|colbert-small+rankgpt|largest_gap|rankgpt|0.3683
trec-covid|colbert-small+rankgpt|optimal_global|judge|0.6841
trec-covid|colbert-small+rankgpt|optimal_global|judge_expr|0.6788
trec-covid|colbert-small+rankgpt|optimal_global|rankgpt|0.6841
trec-covid|colbert-small+rankgpt|optimal_per_topic|judge|0.6754
trec-covid|colbert-small+rankgpt|optimal_per_topic|judge_expr|0.675
trec-covid|colbert-small+rankgpt|optimal_per_topic|rankgpt|0.6665
trec-covid|colbert-small+rankgpt|quantile|judge|0.6111
trec-covid|colbert-small+rankgpt|quantile|judge_expr|0.5138
trec-covid|colbert-small+rankgpt|quantile|rankgpt|0.5201
trec-covid|colbert-small+rankgpt|rank|judge|0.3508
trec-covid|colbert-small+rankgpt|rank|judge_expr|0.328
trec-covid|colbert-small+rankgpt|rank|rankgpt|0.3886
trec-covid|colbert-small+rankgpt|thresholding|judge|0.5946
trec-covid|colbert-small+rankgpt|thresholding|judge_expr|0.5774
trec-covid|colbert-small+rankgpt|thresholding|rankgpt|0.0
trec-covid|colbert-small+setmaxheaptopk|direct|judge|0.6341
trec-covid|colbert-small+setmaxheaptopk|direct|judge_expr|0.6091
trec-covid|colbert-small+setmaxheaptopk|direct|rankgpt|0.3865
trec-covid|colbert-small+setmaxheaptopk|largest_gap|judge|0.5541
trec-covid|colbert-small+setmaxheaptopk|largest_gap|judge_expr|0.6157
trec-covid|colbert-small+setmaxheaptopk|largest_gap|rankgpt|0.3865
trec-covid|colbert-small+setmaxheaptopk|optimal_global|judge|0.7031
trec-covid|colbert-small+setmaxheaptopk|optimal_global|judge_expr|0.7031
trec-covid|colbert-small+setmaxheaptopk|optimal_global|rankgpt|0.7031
trec-covid|colbert-small+setmaxheaptopk|optimal_per_topic|judge|0.6975
trec-covid|colbert-small+setmaxheaptopk|optimal_per_topic|judge_expr|0.696
trec-covid|colbert-small+setmaxheaptopk|optimal_per_topic|rankgpt|0.6933
trec-covid|colbert-small+setmaxheaptopk|quantile|judge|0.6355
trec-covid|colbert-small+setmaxheaptopk|quantile|judge_expr|0.5498
trec-covid|colbert-small+setmaxheaptopk|quantile|rankgpt|0.5395
trec-covid|colbert-small+setmaxheaptopk|rank|judge|0.3644
trec-covid|colbert-small+setmaxheaptopk|rank|judge_expr|0.3618
trec-covid|colbert-small+setmaxheaptopk|rank|rankgpt|0.3947
trec-covid|colbert-small+setmaxheaptopk|thresholding|judge|0.6193
trec-covid|colbert-small+setmaxheaptopk|thresholding|judge_expr|0.6058
trec-covid|colbert-small+setmaxheaptopk|thresholding|rankgpt|0.0
trec-covid|nomicai-modernbert-embed|direct|judge|0.6381
trec-covid|nomicai-modernbert-embed|direct|judge_expr|0.5927
trec-covid|nomicai-modernbert-embed|direct|rankgpt|0.2594
trec-covid|nomicai-modernbert-embed|largest_gap|judge|0.4779
trec-covid|nomicai-modernbert-embed|largest_gap|judge_expr|0.5822
trec-covid|nomicai-modernbert-embed|largest_gap|rankgpt|0.2594
trec-covid|nomicai-modernbert-embed|optimal_global|judge|0.7387
trec-covid|nomicai-modernbert-embed|optimal_global|judge_expr|0.7348
trec-covid|nomicai-modernbert-embed|optimal_global|rankgpt|0.7387
trec-covid|nomicai-modernbert-embed|optimal_per_topic|judge|0.7306
trec-covid|nomicai-modernbert-embed|optimal_per_topic|judge_expr|0.7256
trec-covid|nomicai-modernbert-embed|optimal_per_topic|rankgpt|0.7241
trec-covid|nomicai-modernbert-embed|quantile|judge|0.6565
trec-covid|nomicai-modernbert-embed|quantile|judge_expr|0.4981
trec-covid|nomicai-modernbert-embed|quantile|rankgpt|0.5368
trec-covid|nomicai-modernbert-embed|rank|judge|0.3664
trec-covid|nomicai-modernbert-embed|rank|judge_expr|0.2502
trec-covid|nomicai-modernbert-embed|rank|rankgpt|0.3493
trec-covid|nomicai-modernbert-embed|thresholding|judge|0.6223
trec-covid|nomicai-modernbert-embed|thresholding|judge_expr|0.6082
trec-covid|nomicai-modernbert-embed|thresholding|rankgpt|0.0
trec-covid|nomicai-modernbert-embed+judge|direct|judge|0.5516
trec-covid|nomicai-modernbert-embed+judge|direct|judge_expr|0.551
trec-covid|nomicai-modernbert-embed+judge|direct|rankgpt|0.1487
trec-covid|nomicai-modernbert-embed+judge|largest_gap|judge|0.5909
trec-covid|nomicai-modernbert-embed+judge|largest_gap|judge_expr|0.5487
trec-covid|nomicai-modernbert-embed+judge|largest_gap|rankgpt|0.1487
trec-covid|nomicai-modernbert-embed+judge|optimal_global|judge|0.5442
trec-covid|nomicai-modernbert-embed+judge|optimal_global|judge_expr|0.5442
trec-covid|nomicai-modernbert-embed+judge|optimal_global|rankgpt|0.5442
trec-covid|nomicai-modernbert-embed+judge|optimal_per_topic|judge|0.5458
trec-covid|nomicai-modernbert-embed+judge|optimal_per_topic|judge_expr|0.5458
trec-covid|nomicai-modernbert-embed+judge|optimal_per_topic|rankgpt|0.5309
trec-covid|nomicai-modernbert-embed+judge|quantile|judge|0.5427
trec-covid|nomicai-modernbert-embed+judge|quantile|judge_expr|0.4569
trec-covid|nomicai-modernbert-embed+judge|quantile|rankgpt|0.3647
trec-covid|nomicai-modernbert-embed+judge|rank|judge|0.3619
trec-covid|nomicai-modernbert-embed+judge|rank|judge_expr|0.3386
trec-covid|nomicai-modernbert-embed+judge|rank|rankgpt|0.2315
trec-covid|nomicai-modernbert-embed+judge|thresholding|judge|0.5418
trec-covid|nomicai-modernbert-embed+judge|thresholding|judge_expr|0.545
trec-covid|nomicai-modernbert-embed+judge|thresholding|rankgpt|0.0
trec-covid|nomicai-modernbert-embed+judge_expr|direct|judge|0.5991
trec-covid|nomicai-modernbert-embed+judge_expr|direct|judge_expr|0.602
trec-covid|nomicai-modernbert-embed+judge_expr|direct|rankgpt|0.2737
trec-covid|nomicai-modernbert-embed+judge_expr|largest_gap|judge|0.6457
trec-covid|nomicai-modernbert-embed+judge_expr|largest_gap|judge_expr|0.6047
trec-covid|nomicai-modernbert-embed+judge_expr|largest_gap|rankgpt|0.2737
trec-covid|nomicai-modernbert-embed+judge_expr|optimal_global|judge|0.5906
trec-covid|nomicai-modernbert-embed+judge_expr|optimal_global|judge_expr|0.5906
trec-covid|nomicai-modernbert-embed+judge_expr|optimal_global|rankgpt|0.5906
trec-covid|nomicai-modernbert-embed+judge_expr|optimal_per_topic|judge|0.5917
trec-covid|nomicai-modernbert-embed+judge_expr|optimal_per_topic|judge_expr|0.5917
trec-covid|nomicai-modernbert-embed+judge_expr|optimal_per_topic|rankgpt|0.5779
trec-covid|nomicai-modernbert-embed+judge_expr|quantile|judge|0.5906
trec-covid|nomicai-modernbert-embed+judge_expr|quantile|judge_expr|0.5906
trec-covid|nomicai-modernbert-embed+judge_expr|quantile|rankgpt|0.4405
trec-covid|nomicai-modernbert-embed+judge_expr|rank|judge|0.4067
trec-covid|nomicai-modernbert-embed+judge_expr|rank|judge_expr|0.5683
trec-covid|nomicai-modernbert-embed+judge_expr|rank|rankgpt|0.3135
trec-covid|nomicai-modernbert-embed+judge_expr|thresholding|judge|0.5869
trec-covid|nomicai-modernbert-embed+judge_expr|thresholding|judge_expr|0.5905
trec-covid|nomicai-modernbert-embed+judge_expr|thresholding|rankgpt|0.0
trec-covid|nomicai-modernbert-embed+point|direct|judge|0.4573
trec-covid|nomicai-modernbert-embed+point|direct|judge_expr|0.4306
trec-covid|nomicai-modernbert-embed+point|direct|rankgpt|0.1161
trec-covid|nomicai-modernbert-embed+point|largest_gap|judge|0.3332
trec-covid|nomicai-modernbert-embed+point|largest_gap|judge_expr|0.4364
trec-covid|nomicai-modernbert-embed+point|largest_gap|rankgpt|0.1161
trec-covid|nomicai-modernbert-embed+point|optimal_global|judge|0.5297
trec-covid|nomicai-modernbert-embed+point|optimal_global|judge_expr|0.5284
trec-covid|nomicai-modernbert-embed+point|optimal_global|rankgpt|0.5297
trec-covid|nomicai-modernbert-embed+point|optimal_per_topic|judge|0.5302
trec-covid|nomicai-modernbert-embed+point|optimal_per_topic|judge_expr|0.5252
trec-covid|nomicai-modernbert-embed+point|optimal_per_topic|rankgpt|0.5198
trec-covid|nomicai-modernbert-embed+point|quantile|judge|0.4331
trec-covid|nomicai-modernbert-embed+point|quantile|judge_expr|0.3182
trec-covid|nomicai-modernbert-embed+point|quantile|rankgpt|0.3366
trec-covid|nomicai-modernbert-embed+point|rank|judge|0.2166
trec-covid|nomicai-modernbert-embed+point|rank|judge_expr|0.1935
trec-covid|nomicai-modernbert-embed+point|rank|rankgpt|0.2088
trec-covid|nomicai-modernbert-embed+point|thresholding|judge|0.4515
trec-covid|nomicai-modernbert-embed+point|thresholding|judge_expr|0.4339
trec-covid|nomicai-modernbert-embed+point|thresholding|rankgpt|0.0
trec-covid|nomicai-modernbert-embed+rankfirst|direct|judge|0.7097
trec-covid|nomicai-modernbert-embed+rankfirst|direct|judge_expr|0.6835
trec-covid|nomicai-modernbert-embed+rankfirst|direct|rankgpt|0.3535
trec-covid|nomicai-modernbert-embed+rankfirst|largest_gap|judge|0.624
trec-covid|nomicai-modernbert-embed+rankfirst|largest_gap|judge_expr|0.6774
trec-covid|nomicai-modernbert-embed+rankfirst|largest_gap|rankgpt|0.3535
trec-covid|nomicai-modernbert-embed+rankfirst|optimal_global|judge|0.7704
trec-covid|nomicai-modernbert-embed+rankfirst|optimal_global|judge_expr|0.7657
trec-covid|nomicai-modernbert-embed+rankfirst|optimal_global|rankgpt|0.7704
trec-covid|nomicai-modernbert-embed+rankfirst|optimal_per_topic|judge|0.7698
trec-covid|nomicai-modernbert-embed+rankfirst|optimal_per_topic|judge_expr|0.7682
trec-covid|nomicai-modernbert-embed+rankfirst|optimal_per_topic|rankgpt|0.7657
trec-covid|nomicai-modernbert-embed+rankfirst|quantile|judge|0.7314
trec-covid|nomicai-modernbert-embed+rankfirst|quantile|judge_expr|0.6225
trec-covid|nomicai-modernbert-embed+rankfirst|quantile|rankgpt|0.6246
trec-covid|nomicai-modernbert-embed+rankfirst|rank|judge|0.4525
trec-covid|nomicai-modernbert-embed+rankfirst|rank|judge_expr|0.3905
trec-covid|nomicai-modernbert-embed+rankfirst|rank|rankgpt|0.4491
trec-covid|nomicai-modernbert-embed+rankfirst|thresholding|judge|0.6984
trec-covid|nomicai-modernbert-embed+rankfirst|thresholding|judge_expr|0.6904
trec-covid|nomicai-modernbert-embed+rankfirst|thresholding|rankgpt|0.0
trec-covid|nomicai-modernbert-embed+rankgpt|direct|judge|0.6234
trec-covid|nomicai-modernbert-embed+rankgpt|direct|judge_expr|0.5976
trec-covid|nomicai-modernbert-embed+rankgpt|direct|rankgpt|0.403
trec-covid|nomicai-modernbert-embed+rankgpt|largest_gap|judge|0.5494
trec-covid|nomicai-modernbert-embed+rankgpt|largest_gap|judge_expr|0.609
trec-covid|nomicai-modernbert-embed+rankgpt|largest_gap|rankgpt|0.403
trec-covid|nomicai-modernbert-embed+rankgpt|optimal_global|judge|0.6861
trec-covid|nomicai-modernbert-embed+rankgpt|optimal_global|judge_expr|0.6833
trec-covid|nomicai-modernbert-embed+rankgpt|optimal_global|rankgpt|0.6861
trec-covid|nomicai-modernbert-embed+rankgpt|optimal_per_topic|judge|0.6807
trec-covid|nomicai-modernbert-embed+rankgpt|optimal_per_topic|judge_expr|0.6795
trec-covid|nomicai-modernbert-embed+rankgpt|optimal_per_topic|rankgpt|0.6757
trec-covid|nomicai-modernbert-embed+rankgpt|quantile|judge|0.6484
trec-covid|nomicai-modernbert-embed+rankgpt|quantile|judge_expr|0.5445
trec-covid|nomicai-modernbert-embed+rankgpt|quantile|rankgpt|0.5254
trec-covid|nomicai-modernbert-embed+rankgpt|rank|judge|0.3559
trec-covid|nomicai-modernbert-embed+rankgpt|rank|judge_expr|0.3202
trec-covid|nomicai-modernbert-embed+rankgpt|rank|rankgpt|0.4104
trec-covid|nomicai-modernbert-embed+rankgpt|thresholding|judge|0.6093
trec-covid|nomicai-modernbert-embed+rankgpt|thresholding|judge_expr|0.5999
trec-covid|nomicai-modernbert-embed+rankgpt|thresholding|rankgpt|0.0
trec-covid|nomicai-modernbert-embed+setmaxheaptopk|direct|judge|0.6171
trec-covid|nomicai-modernbert-embed+setmaxheaptopk|direct|judge_expr|0.6024
trec-covid|nomicai-modernbert-embed+setmaxheaptopk|direct|rankgpt|0.3337
trec-covid|nomicai-modernbert-embed+setmaxheaptopk|largest_gap|judge|0.54
trec-covid|nomicai-modernbert-embed+setmaxheaptopk|largest_gap|judge_expr|0.6176
trec-covid|nomicai-modernbert-embed+setmaxheaptopk|largest_gap|rankgpt|0.3337
trec-covid|nomicai-modernbert-embed+setmaxheaptopk|optimal_global|judge|0.6598
trec-covid|nomicai-modernbert-embed+setmaxheaptopk|optimal_global|judge_expr|0.6549
trec-covid|nomicai-modernbert-embed+setmaxheaptopk|optimal_global|rankgpt|0.6598
trec-covid|nomicai-modernbert-embed+setmaxheaptopk|optimal_per_topic|judge|0.6592
trec-covid|nomicai-modernbert-embed+setmaxheaptopk|optimal_per_topic|judge_expr|0.6592
trec-covid|nomicai-modernbert-embed+setmaxheaptopk|optimal_per_topic|rankgpt|0.6507
trec-covid|nomicai-modernbert-embed+setmaxheaptopk|quantile|judge|0.6308
trec-covid|nomicai-modernbert-embed+setmaxheaptopk|quantile|judge_expr|0.5416
trec-covid|nomicai-modernbert-embed+setmaxheaptopk|quantile|rankgpt|0.5137
trec-covid|nomicai-modernbert-embed+setmaxheaptopk|rank|judge|0.3769
trec-covid|nomicai-modernbert-embed+setmaxheaptopk|rank|judge_expr|0.3376
trec-covid|nomicai-modernbert-embed+setmaxheaptopk|rank|rankgpt|0.3719
trec-covid|nomicai-modernbert-embed+setmaxheaptopk|thresholding|judge|0.6222
trec-covid|nomicai-modernbert-embed+setmaxheaptopk|thresholding|judge_expr|0.6049
trec-covid|nomicai-modernbert-embed+setmaxheaptopk|thresholding|rankgpt|0.0
trec-covid|qwen3-embed-600m|direct|judge|0.5344
trec-covid|qwen3-embed-600m|direct|judge_expr|0.504
trec-covid|qwen3-embed-600m|direct|rankgpt|0.2887
trec-covid|qwen3-embed-600m|largest_gap|judge|0.4049
trec-covid|qwen3-embed-600m|largest_gap|judge_expr|0.4942
trec-covid|qwen3-embed-600m|largest_gap|rankgpt|0.2887
trec-covid|qwen3-embed-600m|optimal_global|judge|0.6111
trec-covid|qwen3-embed-600m|optimal_global|judge_expr|0.6084
trec-covid|qwen3-embed-600m|optimal_global|rankgpt|0.6111
trec-covid|qwen3-embed-600m|optimal_per_topic|judge|0.6068
trec-covid|qwen3-embed-600m|optimal_per_topic|judge_expr|0.6049
trec-covid|qwen3-embed-600m|optimal_per_topic|rankgpt|0.6047
trec-covid|qwen3-embed-600m|quantile|judge|0.5548
trec-covid|qwen3-embed-600m|quantile|judge_expr|0.4394
trec-covid|qwen3-embed-600m|quantile|rankgpt|0.486
trec-covid|qwen3-embed-600m|rank|judge|0.316
trec-covid|qwen3-embed-600m|rank|judge_expr|0.2234
trec-covid|qwen3-embed-600m|rank|rankgpt|0.3233
trec-covid|qwen3-embed-600m|thresholding|judge|0.5281
trec-covid|qwen3-embed-600m|thresholding|judge_expr|0.5063
trec-covid|qwen3-embed-600m|thresholding|rankgpt|0.0
trec-covid|qwen3-embed-600m+judge|direct|judge|0.4695
trec-covid|qwen3-embed-600m+judge|direct|judge_expr|0.4699
trec-covid|qwen3-embed-600m+judge|direct|rankgpt|0.0972
trec-covid|qwen3-embed-600m+judge|largest_gap|judge|0.506
trec-covid|qwen3-embed-600m+judge|largest_gap|judge_expr|0.466
trec-covid|qwen3-embed-600m+judge|largest_gap|rankgpt|0.0972
trec-covid|qwen3-embed-600m+judge|optimal_global|judge|0.4629
trec-covid|qwen3-embed-600m+judge|optimal_global|judge_expr|0.4629
trec-covid|qwen3-embed-600m+judge|optimal_global|rankgpt|0.4629
trec-covid|qwen3-embed-600m+judge|optimal_per_topic|judge|0.4646
trec-covid|qwen3-embed-600m+judge|optimal_per_topic|judge_expr|0.4646
trec-covid|qwen3-embed-600m+judge|optimal_per_topic|rankgpt|0.4562
trec-covid|qwen3-embed-600m+judge|quantile|judge|0.4616
trec-covid|qwen3-embed-600m+judge|quantile|judge_expr|0.395
trec-covid|qwen3-embed-600m+judge|quantile|rankgpt|0.314
trec-covid|qwen3-embed-600m+judge|rank|judge|0.3137
trec-covid|qwen3-embed-600m+judge|rank|judge_expr|0.2992
trec-covid|qwen3-embed-600m+judge|rank|rankgpt|0.2029
trec-covid|qwen3-embed-600m+judge|thresholding|judge|0.4654
trec-covid|qwen3-embed-600m+judge|thresholding|judge_expr|0.4688
trec-covid|qwen3-embed-600m+judge|thresholding|rankgpt|0.0
trec-covid|qwen3-embed-600m+judge_expr|direct|judge|0.5771
trec-covid|qwen3-embed-600m+judge_expr|direct|judge_expr|0.5792
trec-covid|qwen3-embed-600m+judge_expr|direct|rankgpt|0.2714
trec-covid|qwen3-embed-600m+judge_expr|largest_gap|judge|0.6228
trec-covid|qwen3-embed-600m+judge_expr|largest_gap|judge_expr|0.5854
trec-covid|qwen3-embed-600m+judge_expr|largest_gap|rankgpt|0.2714
trec-covid|qwen3-embed-600m+judge_expr|optimal_global|judge|0.569
trec-covid|qwen3-embed-600m+judge_expr|optimal_global|judge_expr|0.569
trec-covid|qwen3-embed-600m+judge_expr|optimal_global|rankgpt|0.569
trec-covid|qwen3-embed-600m+judge_expr|optimal_per_topic|judge|0.5701
trec-covid|qwen3-embed-600m+judge_expr|optimal_per_topic|judge_expr|0.5701
trec-covid|qwen3-embed-600m+judge_expr|optimal_per_topic|rankgpt|0.56
trec-covid|qwen3-embed-600m+judge_expr|quantile|judge|0.569
trec-covid|qwen3-embed-600m+judge_expr|quantile|judge_expr|0.569
trec-covid|qwen3-embed-600m+judge_expr|quantile|rankgpt|0.4195
trec-covid|qwen3-embed-600m+judge_expr|rank|judge|0.3773
trec-covid|qwen3-embed-600m+judge_expr|rank|judge_expr|0.5453
trec-covid|qwen3-embed-600m+judge_expr|rank|rankgpt|0.3066
trec-covid|qwen3-embed-600m+judge_expr|thresholding|judge|0.567
trec-covid|qwen3-embed-600m+judge_expr|thresholding|judge_expr|0.5706
trec-covid|qwen3-embed-600m+judge_expr|thresholding|rankgpt|0.0
trec-covid|qwen3-embed-600m+point|direct|judge|0.4359
trec-covid|qwen3-embed-600m+point|direct|judge_expr|0.4136
trec-covid|qwen3-embed-600m+point|direct|rankgpt|0.127
trec-covid|qwen3-embed-600m+point|largest_gap|judge|0.3266
trec-covid|qwen3-embed-600m+point|largest_gap|judge_expr|0.4113
trec-covid|qwen3-embed-600m+point|largest_gap|rankgpt|0.127
trec-covid|qwen3-embed-600m+point|optimal_global|judge|0.5027
trec-covid|qwen3-embed-600m+point|optimal_global|judge_expr|0.5027
trec-covid|qwen3-embed-600m+point|optimal_global|rankgpt|0.5027
trec-covid|qwen3-embed-600m+point|optimal_per_topic|judge|0.5033
trec-covid|qwen3-embed-600m+point|optimal_per_topic|judge_expr|0.4971
trec-covid|qwen3-embed-600m+point|optimal_per_topic|rankgpt|0.4915
trec-covid|qwen3-embed-600m+point|quantile|judge|0.4053
trec-covid|qwen3-embed-600m+point|quantile|judge_expr|0.3045
trec-covid|qwen3-embed-600m+point|quantile|rankgpt|0.3207
trec-covid|qwen3-embed-600m+point|rank|judge|0.221
trec-covid|qwen3-embed-600m+point|rank|judge_expr|0.1957
trec-covid|qwen3-embed-600m+point|rank|rankgpt|0.1998
trec-covid|qwen3-embed-600m+point|thresholding|judge|0.4273
trec-covid|qwen3-embed-600m+point|thresholding|judge_expr|0.4074
trec-covid|qwen3-embed-600m+point|thresholding|rankgpt|0.0
trec-covid|qwen3-embed-600m+rankfirst|direct|judge|0.6819
trec-covid|qwen3-embed-600m+rankfirst|direct|judge_expr|0.659
trec-covid|qwen3-embed-600m+rankfirst|direct|rankgpt|0.3755
trec-covid|qwen3-embed-600m+rankfirst|largest_gap|judge|0.5895
trec-covid|qwen3-embed-600m+rankfirst|largest_gap|judge_expr|0.6581
trec-covid|qwen3-embed-600m+rankfirst|largest_gap|rankgpt|0.3755
trec-covid|qwen3-embed-600m+rankfirst|optimal_global|judge|0.7428
trec-covid|qwen3-embed-600m+rankfirst|optimal_global|judge_expr|0.7371
trec-covid|qwen3-embed-600m+rankfirst|optimal_global|rankgpt|0.7428
trec-covid|qwen3-embed-600m+rankfirst|optimal_per_topic|judge|0.7461
trec-covid|qwen3-embed-600m+rankfirst|optimal_per_topic|judge_expr|0.7461
trec-covid|qwen3-embed-600m+rankfirst|optimal_per_topic|rankgpt|0.735
trec-covid|qwen3-embed-600m+rankfirst|quantile|judge|0.689
trec-covid|qwen3-embed-600m+rankfirst|quantile|judge_expr|0.5854
trec-covid|qwen3-embed-600m+rankfirst|quantile|rankgpt|0.6183
trec-covid|qwen3-embed-600m+rankfirst|rank|judge|0.419
trec-covid|qwen3-embed-600m+rankfirst|rank|judge_expr|0.3897
trec-covid|qwen3-embed-600m+rankfirst|rank|rankgpt|0.4337
trec-covid|qwen3-embed-600m+rankfirst|thresholding|judge|0.6784
trec-covid|qwen3-embed-600m+rankfirst|thresholding|judge_expr|0.6665
trec-covid|qwen3-embed-600m+rankfirst|thresholding|rankgpt|0.0
trec-covid|qwen3-embed-600m+rankgpt|direct|judge|0.5922
trec-covid|qwen3-embed-600m+rankgpt|direct|judge_expr|0.5695
trec-covid|qwen3-embed-600m+rankgpt|direct|rankgpt|0.4178
trec-covid|qwen3-embed-600m+rankgpt|largest_gap|judge|0.5202
trec-covid|qwen3-embed-600m+rankgpt|largest_gap|judge_expr|0.5653
trec-covid|qwen3-embed-600m+rankgpt|largest_gap|rankgpt|0.4178
trec-covid|qwen3-embed-600m+rankgpt|optimal_global|judge|0.6481
trec-covid|qwen3-embed-600m+rankgpt|optimal_global|judge_expr|0.6427
trec-covid|qwen3-embed-600m+rankgpt|optimal_global|rankgpt|0.6481
trec-covid|qwen3-embed-600m+rankgpt|optimal_per_topic|judge|0.646
trec-covid|qwen3-embed-600m+rankgpt|optimal_per_topic|judge_expr|0.646
trec-covid|qwen3-embed-600m+rankgpt|optimal_per_topic|rankgpt|0.6378
trec-covid|qwen3-embed-600m+rankgpt|quantile|judge|0.5886
trec-covid|qwen3-embed-600m+rankgpt|quantile|judge_expr|0.5118
trec-covid|qwen3-embed-600m+rankgpt|quantile|rankgpt|0.5308
trec-covid|qwen3-embed-600m+rankgpt|rank|judge|0.3715
trec-covid|qwen3-embed-600m+rankgpt|rank|judge_expr|0.3294
trec-covid|qwen3-embed-600m+rankgpt|rank|rankgpt|0.3885
trec-covid|qwen3-embed-600m+rankgpt|thresholding|judge|0.5832
trec-covid|qwen3-embed-600m+rankgpt|thresholding|judge_expr|0.5648
trec-covid|qwen3-embed-600m+rankgpt|thresholding|rankgpt|0.0
trec-covid|qwen3-embed-600m+setmaxheaptopk|direct|judge|0.6312
trec-covid|qwen3-embed-600m+setmaxheaptopk|direct|judge_expr|0.6168
trec-covid|qwen3-embed-600m+setmaxheaptopk|direct|rankgpt|0.4061
trec-covid|qwen3-embed-600m+setmaxheaptopk|largest_gap|judge|0.5601
trec-covid|qwen3-embed-600m+setmaxheaptopk|largest_gap|judge_expr|0.6198
trec-covid|qwen3-embed-600m+setmaxheaptopk|largest_gap|rankgpt|0.4061
trec-covid|qwen3-embed-600m+setmaxheaptopk|optimal_global|judge|0.6724
trec-covid|qwen3-embed-600m+setmaxheaptopk|optimal_global|judge_expr|0.6674
trec-covid|qwen3-embed-600m+setmaxheaptopk|optimal_global|rankgpt|0.6724
trec-covid|qwen3-embed-600m+setmaxheaptopk|optimal_per_topic|judge|0.6717
trec-covid|qwen3-embed-600m+setmaxheaptopk|optimal_per_topic|judge_expr|0.6717
trec-covid|qwen3-embed-600m+setmaxheaptopk|optimal_per_topic|rankgpt|0.6641
trec-covid|qwen3-embed-600m+setmaxheaptopk|quantile|judge|0.6404
trec-covid|qwen3-embed-600m+setmaxheaptopk|quantile|judge_expr|0.558
trec-covid|qwen3-embed-600m+setmaxheaptopk|quantile|rankgpt|0.5334
trec-covid|qwen3-embed-600m+setmaxheaptopk|rank|judge|0.3763
trec-covid|qwen3-embed-600m+setmaxheaptopk|rank|judge_expr|0.3657
trec-covid|qwen3-embed-600m+setmaxheaptopk|rank|rankgpt|0.4069
trec-covid|qwen3-embed-600m+setmaxheaptopk|thresholding|judge|0.6327
trec-covid|qwen3-embed-600m+setmaxheaptopk|thresholding|judge_expr|0.6188
trec-covid|qwen3-embed-600m+setmaxheaptopk|thresholding|rankgpt|0.0
trec-covid|splade-v3|direct|judge|0.7153
trec-covid|splade-v3|direct|judge_expr|0.6165
trec-covid|splade-v3|direct|rankgpt|0.4655
trec-covid|splade-v3|largest_gap|judge|0.48
trec-covid|splade-v3|largest_gap|judge_expr|0.6242
trec-covid|splade-v3|largest_gap|rankgpt|0.4655
trec-covid|splade-v3|optimal_global|judge|0.9682
trec-covid|splade-v3|optimal_global|judge_expr|0.9258
trec-covid|splade-v3|optimal_global|rankgpt|1.0
trec-covid|splade-v3|optimal_per_topic|judge|0.9009
trec-covid|splade-v3|optimal_per_topic|judge_expr|0.8658
trec-covid|splade-v3|optimal_per_topic|rankgpt|0.9652
trec-covid|splade-v3|quantile|judge|0.6829
trec-covid|splade-v3|quantile|judge_expr|0.4825
trec-covid|splade-v3|quantile|rankgpt|0.9987
trec-covid|splade-v3|rank|judge|0.5012
trec-covid|splade-v3|rank|judge_expr|0.223
trec-covid|splade-v3|rank|rankgpt|0.4935
trec-covid|splade-v3|thresholding|judge|0.6516
trec-covid|splade-v3|thresholding|judge_expr|0.6244
trec-covid|splade-v3|thresholding|rankgpt|0.0
trec-covid|splade-v3+judge|direct|judge|1.0
trec-covid|splade-v3+judge|direct|judge_expr|0.9839
trec-covid|splade-v3+judge|direct|rankgpt|0.1928
trec-covid|splade-v3+judge|largest_gap|judge|1.0
trec-covid|splade-v3+judge|largest_gap|judge_expr|0.9771
trec-covid|splade-v3+judge|largest_gap|rankgpt|0.1928
trec-covid|splade-v3+judge|optimal_global|judge|1.0
trec-covid|splade-v3+judge|optimal_global|judge_expr|1.0
trec-covid|splade-v3+judge|optimal_global|rankgpt|1.0
trec-covid|splade-v3+judge|optimal_per_topic|judge|1.0
trec-covid|splade-v3+judge|optimal_per_topic|judge_expr|0.9974
trec-covid|splade-v3+judge|optimal_per_topic|rankgpt|0.9594
trec-covid|splade-v3+judge|quantile|judge|1.0
trec-covid|splade-v3+judge|quantile|judge_expr|0.8448
trec-covid|splade-v3+judge|quantile|rankgpt|0.5407
trec-covid|splade-v3+judge|rank|judge|0.582
trec-covid|splade-v3+judge|rank|judge_expr|0.5956
trec-covid|splade-v3+judge|rank|rankgpt|0.3273
trec-covid|splade-v3+judge|thresholding|judge|0.98
trec-covid|splade-v3+judge|thresholding|judge_expr|0.976
trec-covid|splade-v3+judge|thresholding|rankgpt|0.0
trec-covid|splade-v3+judge_expr|direct|judge|0.9993
trec-covid|splade-v3+judge_expr|direct|judge_expr|1.0
trec-covid|splade-v3+judge_expr|direct|rankgpt|0.319
trec-covid|splade-v3+judge_expr|largest_gap|judge|1.0
trec-covid|splade-v3+judge_expr|largest_gap|judge_expr|1.0
trec-covid|splade-v3+judge_expr|largest_gap|rankgpt|0.319
trec-covid|splade-v3+judge_expr|optimal_global|judge|1.0
trec-covid|splade-v3+judge_expr|optimal_global|judge_expr|1.0
trec-covid|splade-v3+judge_expr|optimal_global|rankgpt|1.0
trec-covid|splade-v3+judge_expr|optimal_per_topic|judge|1.0
trec-covid|splade-v3+judge_expr|optimal_per_topic|judge_expr|1.0
trec-covid|splade-v3+judge_expr|optimal_per_topic|rankgpt|0.9668
trec-covid|splade-v3+judge_expr|quantile|judge|1.0
trec-covid|splade-v3+judge_expr|quantile|judge_expr|1.0
trec-covid|splade-v3+judge_expr|quantile|rankgpt|0.6256
trec-covid|splade-v3+judge_expr|rank|judge|0.6124
trec-covid|splade-v3+judge_expr|rank|judge_expr|0.9936
trec-covid|splade-v3+judge_expr|rank|rankgpt|0.4126
trec-covid|splade-v3+judge_expr|thresholding|judge|0.98
trec-covid|splade-v3+judge_expr|thresholding|judge_expr|0.98
trec-covid|splade-v3+judge_expr|thresholding|rankgpt|0.0
trec-covid|splade-v3+point|direct|judge|0.8124
trec-covid|splade-v3+point|direct|judge_expr|0.7443
trec-covid|splade-v3+point|direct|rankgpt|0.1858
trec-covid|splade-v3+point|largest_gap|judge|0.5451
trec-covid|splade-v3+point|largest_gap|judge_expr|0.754
trec-covid|splade-v3+point|largest_gap|rankgpt|0.1858
trec-covid|splade-v3+point|optimal_global|judge|0.9955
trec-covid|splade-v3+point|optimal_global|judge_expr|0.9871
trec-covid|splade-v3+point|optimal_global|rankgpt|1.0
trec-covid|splade-v3+point|optimal_per_topic|judge|0.9807
trec-covid|splade-v3+point|optimal_per_topic|judge_expr|0.9673
trec-covid|splade-v3+point|optimal_per_topic|rankgpt|0.9645
trec-covid|splade-v3+point|quantile|judge|0.7358
trec-covid|splade-v3+point|quantile|judge_expr|0.5261
trec-covid|splade-v3+point|quantile|rankgpt|0.5004
trec-covid|splade-v3+point|rank|judge|0.3118
trec-covid|splade-v3+point|rank|judge_expr|0.3147
trec-covid|splade-v3+point|rank|rankgpt|0.2825
trec-covid|splade-v3+point|thresholding|judge|0.7912
trec-covid|splade-v3+point|thresholding|judge_expr|0.7536
trec-covid|splade-v3+point|thresholding|rankgpt|0.0
trec-covid|splade-v3+rankfirst|direct|judge|0.8875
trec-covid|splade-v3+rankfirst|direct|judge_expr|0.843
trec-covid|splade-v3+rankfirst|direct|rankgpt|0.4615
trec-covid|splade-v3+rankfirst|largest_gap|judge|0.757
trec-covid|splade-v3+rankfirst|largest_gap|judge_expr|0.8495
trec-covid|splade-v3+rankfirst|largest_gap|rankgpt|0.4615
trec-covid|splade-v3+rankfirst|optimal_global|judge|0.9945
trec-covid|splade-v3+rankfirst|optimal_global|judge_expr|0.9837
trec-covid|splade-v3+rankfirst|optimal_global|rankgpt|1.0
trec-covid|splade-v3+rankfirst|optimal_per_topic|judge|0.9876
trec-covid|splade-v3+rankfirst|optimal_per_topic|judge_expr|0.9876
trec-covid|splade-v3+rankfirst|optimal_per_topic|rankgpt|0.9852
trec-covid|splade-v3+rankfirst|quantile|judge|0.9099
trec-covid|splade-v3+rankfirst|quantile|judge_expr|0.7393
trec-covid|splade-v3+rankfirst|quantile|rankgpt|0.8268
trec-covid|splade-v3+rankfirst|rank|judge|0.5558
trec-covid|splade-v3+rankfirst|rank|judge_expr|0.4903
trec-covid|splade-v3+rankfirst|rank|rankgpt|0.5588
trec-covid|splade-v3+rankfirst|thresholding|judge|0.8662
trec-covid|splade-v3+rankfirst|thresholding|judge_expr|0.8506
trec-covid|splade-v3+rankfirst|thresholding|rankgpt|0.0
trec-covid|splade-v3+rankgpt|direct|judge|0.8538
trec-covid|splade-v3+rankgpt|direct|judge_expr|0.8057
trec-covid|splade-v3+rankgpt|direct|rankgpt|1.0
trec-covid|splade-v3+rankgpt|largest_gap|judge|0.6643
trec-covid|splade-v3+rankgpt|largest_gap|judge_expr|0.8158
trec-covid|splade-v3+rankgpt|largest_gap|rankgpt|1.0
trec-covid|splade-v3+rankgpt|optimal_global|judge|0.9918
trec-covid|splade-v3+rankgpt|optimal_global|judge_expr|0.9778
trec-covid|splade-v3+rankgpt|optimal_global|rankgpt|1.0
trec-covid|splade-v3+rankgpt|optimal_per_topic|judge|0.9706
trec-covid|splade-v3+rankgpt|optimal_per_topic|judge_expr|0.9601
trec-covid|splade-v3+rankgpt|optimal_per_topic|rankgpt|1.0
trec-covid|splade-v3+rankgpt|quantile|judge|0.8394
trec-covid|splade-v3+rankgpt|quantile|judge_expr|0.6959
trec-covid|splade-v3+rankgpt|quantile|rankgpt|1.0
trec-covid|splade-v3+rankgpt|rank|judge|0.5152
trec-covid|splade-v3+rankgpt|rank|judge_expr|0.4183
trec-covid|splade-v3+rankgpt|rank|rankgpt|1.0
trec-covid|splade-v3+rankgpt|thresholding|judge|0.8415
trec-covid|splade-v3+rankgpt|thresholding|judge_expr|0.8095
trec-covid|splade-v3+rankgpt|thresholding|rankgpt|0.0
trec-covid|splade-v3+setmaxheaptopk|direct|judge|0.9105
trec-covid|splade-v3+setmaxheaptopk|direct|judge_expr|0.8778
trec-covid|splade-v3+setmaxheaptopk|direct|rankgpt|0.5883
trec-covid|splade-v3+setmaxheaptopk|largest_gap|judge|0.7791
trec-covid|splade-v3+setmaxheaptopk|largest_gap|judge_expr|0.9
trec-covid|splade-v3+setmaxheaptopk|largest_gap|rankgpt|0.5883
trec-covid|splade-v3+setmaxheaptopk|optimal_global|judge|0.9959
trec-covid|splade-v3+setmaxheaptopk|optimal_global|judge_expr|0.9912
trec-covid|splade-v3+setmaxheaptopk|optimal_global|rankgpt|1.0
trec-covid|splade-v3+setmaxheaptopk|optimal_per_topic|judge|0.9872
trec-covid|splade-v3+setmaxheaptopk|optimal_per_topic|judge_expr|0.9858
trec-covid|splade-v3+setmaxheaptopk|optimal_per_topic|rankgpt|0.9641
trec-covid|splade-v3+setmaxheaptopk|quantile|judge|0.9064
trec-covid|splade-v3+setmaxheaptopk|quantile|judge_expr|0.7851
trec-covid|splade-v3+setmaxheaptopk|quantile|rankgpt|0.7244
trec-covid|splade-v3+setmaxheaptopk|rank|judge|0.5518
trec-covid|splade-v3+setmaxheaptopk|rank|judge_expr|0.5357
trec-covid|splade-v3+setmaxheaptopk|rank|rankgpt|0.5245
trec-covid|splade-v3+setmaxheaptopk|thresholding|judge|0.8984
trec-covid|splade-v3+setmaxheaptopk|thresholding|judge_expr|0.8853
trec-covid|splade-v3+setmaxheaptopk|thresholding|rankgpt|0.0
trec-dl-2019|bm25|direct|judge|0.4923
trec-dl-2019|bm25|direct|judge_expr|0.4289
trec-dl-2019|bm25|direct|rankgpt|0.267
trec-dl-2019|bm25|direct|setmaxheaptopk|0.2511
trec-dl-2019|bm25|largest_gap|judge|0.3542
trec-dl-2019|bm25|largest_gap|judge_expr|0.4223
trec-dl-2019|bm25|largest_gap|rankgpt|0.267
trec-dl-2019|bm25|largest_gap|setmaxheaptopk|0.2511
trec-dl-2019|bm25|optimal_global|judge|0.5158
trec-dl-2019|bm25|optimal_global|judge_expr|0.541
trec-dl-2019|bm25|optimal_global|rankgpt|0.493
trec-dl-2019|bm25|optimal_global|setmaxheaptopk|0.4738
trec-dl-2019|bm25|optimal_per_topic|judge|0.5048
trec-dl-2019|bm25|optimal_per_topic|judge_expr|0.486
trec-dl-2019|bm25|optimal_per_topic|rankgpt|0.5109
trec-dl-2019|bm25|optimal_per_topic|setmaxheaptopk|0.4842
trec-dl-2019|bm25|quantile|judge|0.5253
trec-dl-2019|bm25|quantile|judge_expr|0.4148
trec-dl-2019|bm25|quantile|rankgpt|0.4807
trec-dl-2019|bm25|quantile|setmaxheaptopk|0.4198
trec-dl-2019|bm25|rank|judge|0.307
trec-dl-2019|bm25|rank|judge_expr|0.2136
trec-dl-2019|bm25|rank|rankgpt|0.2909
trec-dl-2019|bm25|rank|setmaxheaptopk|0.2891
trec-dl-2019|bm25|thresholding|judge|0.452
trec-dl-2019|bm25|thresholding|judge_expr|0.4173
trec-dl-2019|bm25|thresholding|rankgpt|0.0
trec-dl-2019|bm25|thresholding|setmaxheaptopk|0.0
trec-dl-2019|bm25+judge|direct|judge|0.7296
trec-dl-2019|bm25+judge|direct|judge_expr|0.7069
trec-dl-2019|bm25+judge|direct|rankgpt|0.2608
trec-dl-2019|bm25+judge|direct|setmaxheaptopk|0.2351
trec-dl-2019|bm25+judge|largest_gap|judge|0.6932
trec-dl-2019|bm25+judge|largest_gap|judge_expr|0.7041
trec-dl-2019|bm25+judge|largest_gap|rankgpt|0.2608
trec-dl-2019|bm25+judge|largest_gap|setmaxheaptopk|0.2351
trec-dl-2019|bm25+judge|optimal_global|judge|0.7427
trec-dl-2019|bm25+judge|optimal_global|judge_expr|0.719
trec-dl-2019|bm25+judge|optimal_global|rankgpt|0.593
trec-dl-2019|bm25+judge|optimal_global|setmaxheaptopk|0.601
trec-dl-2019|bm25+judge|optimal_per_topic|judge|0.7397
trec-dl-2019|bm25+judge|optimal_per_topic|judge_expr|0.6694
trec-dl-2019|bm25+judge|optimal_per_topic|rankgpt|0.6474
trec-dl-2019|bm25+judge|optimal_per_topic|setmaxheaptopk|0.6186
trec-dl-2019|bm25+judge|quantile|judge|0.7638
trec-dl-2019|bm25+judge|quantile|judge_expr|0.6513
trec-dl-2019|bm25+judge|quantile|rankgpt|0.5812
trec-dl-2019|bm25+judge|quantile|setmaxheaptopk|0.5524
trec-dl-2019|bm25+judge|rank|judge|0.4852
trec-dl-2019|bm25+judge|rank|judge_expr|0.4083
trec-dl-2019|bm25+judge|rank|rankgpt|0.3639
trec-dl-2019|bm25+judge|rank|setmaxheaptopk|0.4031
trec-dl-2019|bm25+judge|thresholding|judge|0.722
trec-dl-2019|bm25+judge|thresholding|judge_expr|0.6819
trec-dl-2019|bm25+judge|thresholding|rankgpt|0.0
trec-dl-2019|bm25+judge|thresholding|setmaxheaptopk|0.0
trec-dl-2019|bm25+judge_expr|direct|judge|0.756
trec-dl-2019|bm25+judge_expr|direct|judge_expr|0.7466
trec-dl-2019|bm25+judge_expr|direct|rankgpt|0.3154
trec-dl-2019|bm25+judge_expr|direct|setmaxheaptopk|0.3097
trec-dl-2019|bm25+judge_expr|largest_gap|judge|0.7314
trec-dl-2019|bm25+judge_expr|largest_gap|judge_expr|0.7472
trec-dl-2019|bm25+judge_expr|largest_gap|rankgpt|0.3154
trec-dl-2019|bm25+judge_expr|largest_gap|setmaxheaptopk|0.3097
trec-dl-2019|bm25+judge_expr|optimal_global|judge|0.7674
trec-dl-2019|bm25+judge_expr|optimal_global|judge_expr|0.7727
trec-dl-2019|bm25+judge_expr|optimal_global|rankgpt|0.6335
trec-dl-2019|bm25+judge_expr|optimal_global|setmaxheaptopk|0.6539
trec-dl-2019|bm25+judge_expr|optimal_per_topic|judge|0.7567
trec-dl-2019|bm25+judge_expr|optimal_per_topic|judge_expr|0.7413
trec-dl-2019|bm25+judge_expr|optimal_per_topic|rankgpt|0.7089
trec-dl-2019|bm25+judge_expr|optimal_per_topic|setmaxheaptopk|0.6846
trec-dl-2019|bm25+judge_expr|quantile|judge|0.7769
trec-dl-2019|bm25+judge_expr|quantile|judge_expr|0.7722
trec-dl-2019|bm25+judge_expr|quantile|rankgpt|0.6184
trec-dl-2019|bm25+judge_expr|quantile|setmaxheaptopk|0.5989
trec-dl-2019|bm25+judge_expr|rank|judge|0.5321
trec-dl-2019|bm25+judge_expr|rank|judge_expr|0.6227
trec-dl-2019|bm25+judge_expr|rank|rankgpt|0.4139
trec-dl-2019|bm25+judge_expr|rank|setmaxheaptopk|0.467
trec-dl-2019|bm25+judge_expr|thresholding|judge|0.7443
trec-dl-2019|bm25+judge_expr|thresholding|judge_expr|0.7131
trec-dl-2019|bm25+judge_expr|thresholding|rankgpt|0.0
trec-dl-2019|bm25+judge_expr|thresholding|setmaxheaptopk|0.0
trec-dl-2019|bm25+point|direct|judge|0.6462
trec-dl-2019|bm25+point|direct|judge_expr|0.5716
trec-dl-2019|bm25+point|direct|rankgpt|0.2304
trec-dl-2019|bm25+point|direct|setmaxheaptopk|0.2721
trec-dl-2019|bm25+point|largest_gap|judge|0.4934
trec-dl-2019|bm25+point|largest_gap|judge_expr|0.5682
trec-dl-2019|bm25+point|largest_gap|rankgpt|0.2304
trec-dl-2019|bm25+point|largest_gap|setmaxheaptopk|0.2721
trec-dl-2019|bm25+point|optimal_global|judge|0.6705
trec-dl-2019|bm25+point|optimal_global|judge_expr|0.7018
trec-dl-2019|bm25+point|optimal_global|rankgpt|0.6188
trec-dl-2019|bm25+point|optimal_global|setmaxheaptopk|0.6179
trec-dl-2019|bm25+point|optimal_per_topic|judge|0.6733
trec-dl-2019|bm25+point|optimal_per_topic|judge_expr|0.6611
trec-dl-2019|bm25+point|optimal_per_topic|rankgpt|0.6784
trec-dl-2019|bm25+point|optimal_per_topic|setmaxheaptopk|0.659
trec-dl-2019|bm25+point|quantile|judge|0.6843
trec-dl-2019|bm25+point|quantile|judge_expr|0.5731
trec-dl-2019|bm25+point|quantile|rankgpt|0.6048
trec-dl-2019|bm25+point|quantile|setmaxheaptopk|0.558
trec-dl-2019|bm25+point|rank|judge|0.4189
trec-dl-2019|bm25+point|rank|judge_expr|0.3183
trec-dl-2019|bm25+point|rank|rankgpt|0.3859
trec-dl-2019|bm25+point|rank|setmaxheaptopk|0.3874
trec-dl-2019|bm25+point|thresholding|judge|0.5905
trec-dl-2019|bm25+point|thresholding|judge_expr|0.5468
trec-dl-2019|bm25+point|thresholding|rankgpt|0.0
trec-dl-2019|bm25+point|thresholding|setmaxheaptopk|0.0
trec-dl-2019|bm25+rankfirst|direct|judge|0.7362
trec-dl-2019|bm25+rankfirst|direct|judge_expr|0.6713
trec-dl-2019|bm25+rankfirst|direct|rankgpt|0.5222
trec-dl-2019|bm25+rankfirst|largest_gap|judge|0.6131
trec-dl-2019|bm25+rankfirst|largest_gap|judge_expr|0.6778
trec-dl-2019|bm25+rankfirst|largest_gap|rankgpt|0.5222
trec-dl-2019|bm25+rankfirst|optimal_global|judge|0.7377
trec-dl-2019|bm25+rankfirst|optimal_global|judge_expr|0.7684
trec-dl-2019|bm25+rankfirst|optimal_global|rankgpt|0.7916
trec-dl-2019|bm25+rankfirst|optimal_per_topic|judge|0.7779
trec-dl-2019|bm25+rankfirst|optimal_per_topic|judge_expr|0.7474
trec-dl-2019|bm25+rankfirst|optimal_per_topic|rankgpt|0.796
trec-dl-2019|bm25+rankfirst|quantile|judge|0.7937
trec-dl-2019|bm25+rankfirst|quantile|judge_expr|0.6828
trec-dl-2019|bm25+rankfirst|quantile|rankgpt|0.7753
trec-dl-2019|bm25+rankfirst|rank|judge|0.5601
trec-dl-2019|bm25+rankfirst|rank|judge_expr|0.4353
trec-dl-2019|bm25+rankfirst|rank|rankgpt|0.5436
trec-dl-2019|bm25+rankfirst|thresholding|judge|0.6758
trec-dl-2019|bm25+rankfirst|thresholding|judge_expr|0.6516
trec-dl-2019|bm25+rankfirst|thresholding|rankgpt|0.0
trec-dl-2019|bm25+rankgpt|direct|judge|0.7086
trec-dl-2019|bm25+rankgpt|direct|judge_expr|0.6507
trec-dl-2019|bm25+rankgpt|direct|rankgpt|0.4684
trec-dl-2019|bm25+rankgpt|direct|setmaxheaptopk|0.4214
trec-dl-2019|bm25+rankgpt|largest_gap|judge|0.5788
trec-dl-2019|bm25+rankgpt|largest_gap|judge_expr|0.6505
trec-dl-2019|bm25+rankgpt|largest_gap|rankgpt|0.4684
trec-dl-2019|bm25+rankgpt|largest_gap|setmaxheaptopk|0.4214
trec-dl-2019|bm25+rankgpt|optimal_global|judge|0.7285
trec-dl-2019|bm25+rankgpt|optimal_global|judge_expr|0.7468
trec-dl-2019|bm25+rankgpt|optimal_global|rankgpt|0.6984
trec-dl-2019|bm25+rankgpt|optimal_global|setmaxheaptopk|0.7085
trec-dl-2019|bm25+rankgpt|optimal_per_topic|judge|0.7291
trec-dl-2019|bm25+rankgpt|optimal_per_topic|judge_expr|0.7199
trec-dl-2019|bm25+rankgpt|optimal_per_topic|rankgpt|0.7491
trec-dl-2019|bm25+rankgpt|optimal_per_topic|setmaxheaptopk|0.7408
trec-dl-2019|bm25+rankgpt|quantile|judge|0.7505
trec-dl-2019|bm25+rankgpt|quantile|judge_expr|0.6473
trec-dl-2019|bm25+rankgpt|quantile|rankgpt|0.6886
trec-dl-2019|bm25+rankgpt|quantile|setmaxheaptopk|0.6591
trec-dl-2019|bm25+rankgpt|rank|judge|0.5138
trec-dl-2019|bm25+rankgpt|rank|judge_expr|0.4124
trec-dl-2019|bm25+rankgpt|rank|rankgpt|0.5027
trec-dl-2019|bm25+rankgpt|rank|setmaxheaptopk|0.5115
trec-dl-2019|bm25+rankgpt|thresholding|judge|0.6537
trec-dl-2019|bm25+rankgpt|thresholding|judge_expr|0.6227
trec-dl-2019|bm25+rankgpt|thresholding|rankgpt|0.0
trec-dl-2019|bm25+rankgpt|thresholding|setmaxheaptopk|0.0
trec-dl-2019|bm25+setmaxheaptopk|direct|judge|0.7239
trec-dl-2019|bm25+setmaxheaptopk|direct|judge_expr|0.6601
trec-dl-2019|bm25+setmaxheaptopk|direct|rankgpt|0.4775
trec-dl-2019|bm25+setmaxheaptopk|direct|setmaxheaptopk|0.4476
trec-dl-2019|bm25+setmaxheaptopk|largest_gap|judge|0.5981
trec-dl-2019|bm25+setmaxheaptopk|largest_gap|judge_expr|0.6521
trec-dl-2019|bm25+setmaxheaptopk|largest_gap|rankgpt|0.4775
trec-dl-2019|bm25+setmaxheaptopk|largest_gap|setmaxheaptopk|0.4476
trec-dl-2019|bm25+setmaxheaptopk|optimal_global|judge|0.7282
trec-dl-2019|bm25+setmaxheaptopk|optimal_global|judge_expr|0.7716
trec-dl-2019|bm25+setmaxheaptopk|optimal_global|rankgpt|0.7273
trec-dl-2019|bm25+setmaxheaptopk|optimal_global|setmaxheaptopk|0.7245
trec-dl-2019|bm25+setmaxheaptopk|optimal_per_topic|judge|0.7598
trec-dl-2019|bm25+setmaxheaptopk|optimal_per_topic|judge_expr|0.7248
trec-dl-2019|bm25+setmaxheaptopk|optimal_per_topic|rankgpt|0.7563
trec-dl-2019|bm25+setmaxheaptopk|optimal_per_topic|setmaxheaptopk|0.7446
trec-dl-2019|bm25+setmaxheaptopk|quantile|judge|0.794
trec-dl-2019|bm25+setmaxheaptopk|quantile|judge_expr|0.7036
trec-dl-2019|bm25+setmaxheaptopk|quantile|rankgpt|0.7102
trec-dl-2019|bm25+setmaxheaptopk|quantile|setmaxheaptopk|0.6824
trec-dl-2019|bm25+setmaxheaptopk|rank|judge|0.5213
trec-dl-2019|bm25+setmaxheaptopk|rank|judge_expr|0.419
trec-dl-2019|bm25+setmaxheaptopk|rank|rankgpt|0.5002
trec-dl-2019|bm25+setmaxheaptopk|rank|setmaxheaptopk|0.5531
trec-dl-2019|bm25+setmaxheaptopk|thresholding|judge|0.6687
trec-dl-2019|bm25+setmaxheaptopk|thresholding|judge_expr|0.6301
trec-dl-2019|bm25+setmaxheaptopk|thresholding|rankgpt|0.0
trec-dl-2019|bm25+setmaxheaptopk|thresholding|setmaxheaptopk|0.0
trec-dl-2019|colbert-small|direct|judge|0.7403
trec-dl-2019|colbert-small|direct|judge_expr|0.6548
trec-dl-2019|colbert-small|direct|rankgpt|0.5521
trec-dl-2019|colbert-small|largest_gap|judge|0.5925
trec-dl-2019|colbert-small|largest_gap|judge_expr|0.6555
trec-dl-2019|colbert-small|largest_gap|rankgpt|0.5521
trec-dl-2019|colbert-small|optimal_global|judge|0.7486
trec-dl-2019|colbert-small|optimal_global|judge_expr|0.8064
trec-dl-2019|colbert-small|optimal_global|rankgpt|0.9067
trec-dl-2019|colbert-small|optimal_per_topic|judge|0.7779
trec-dl-2019|colbert-small|optimal_per_topic|judge_expr|0.7863
trec-dl-2019|colbert-small|optimal_per_topic|rankgpt|0.8848
trec-dl-2019|colbert-small|quantile|judge|0.8259
trec-dl-2019|colbert-small|quantile|judge_expr|0.6793
trec-dl-2019|colbert-small|quantile|rankgpt|0.9016
trec-dl-2019|colbert-small|rank|judge|0.5781
trec-dl-2019|colbert-small|rank|judge_expr|0.4081
trec-dl-2019|colbert-small|rank|rankgpt|0.6047
trec-dl-2019|colbert-small|thresholding|judge|0.6573
trec-dl-2019|colbert-small|thresholding|judge_expr|0.6259
trec-dl-2019|colbert-small|thresholding|rankgpt|0.0
trec-dl-2019|colbert-small+judge|direct|judge|0.8854
trec-dl-2019|colbert-small+judge|direct|judge_expr|0.8735
trec-dl-2019|colbert-small+judge|direct|rankgpt|0.323
trec-dl-2019|colbert-small+judge|largest_gap|judge|0.8865
trec-dl-2019|colbert-small+judge|largest_gap|judge_expr|0.8872
trec-dl-2019|colbert-small+judge|largest_gap|rankgpt|0.323
trec-dl-2019|colbert-small+judge|optimal_global|judge|0.8779
trec-dl-2019|colbert-small+judge|optimal_global|judge_expr|0.8539
trec-dl-2019|colbert-small+judge|optimal_global|rankgpt|0.6769
trec-dl-2019|colbert-small+judge|optimal_per_topic|judge|0.8862
trec-dl-2019|colbert-small+judge|optimal_per_topic|judge_expr|0.8288
trec-dl-2019|colbert-small+judge|optimal_per_topic|rankgpt|0.7698
trec-dl-2019|colbert-small+judge|quantile|judge|0.8854
trec-dl-2019|colbert-small+judge|quantile|judge_expr|0.7828
trec-dl-2019|colbert-small+judge|quantile|rankgpt|0.6549
trec-dl-2019|colbert-small+judge|rank|judge|0.5802
trec-dl-2019|colbert-small+judge|rank|judge_expr|0.5457
trec-dl-2019|colbert-small+judge|rank|rankgpt|0.4089
trec-dl-2019|colbert-small+judge|thresholding|judge|0.8777
trec-dl-2019|colbert-small+judge|thresholding|judge_expr|0.854
trec-dl-2019|colbert-small+judge|thresholding|rankgpt|0.0
trec-dl-2019|colbert-small+judge_expr|direct|judge|0.9103
trec-dl-2019|colbert-small+judge_expr|direct|judge_expr|0.9217
trec-dl-2019|colbert-small+judge_expr|direct|rankgpt|0.3666
trec-dl-2019|colbert-small+judge_expr|largest_gap|judge|0.92
trec-dl-2019|colbert-small+judge_expr|largest_gap|judge_expr|0.9276
trec-dl-2019|colbert-small+judge_expr|largest_gap|rankgpt|0.3666
trec-dl-2019|colbert-small+judge_expr|optimal_global|judge|0.9021
trec-dl-2019|colbert-small+judge_expr|optimal_global|judge_expr|0.9137
trec-dl-2019|colbert-small+judge_expr|optimal_global|rankgpt|0.7463
trec-dl-2019|colbert-small+judge_expr|optimal_per_topic|judge|0.9039
trec-dl-2019|colbert-small+judge_expr|optimal_per_topic|judge_expr|0.9133
trec-dl-2019|colbert-small+judge_expr|optimal_per_topic|rankgpt|0.8212
trec-dl-2019|colbert-small+judge_expr|quantile|judge|0.9078
trec-dl-2019|colbert-small+judge_expr|quantile|judge_expr|0.9078
trec-dl-2019|colbert-small+judge_expr|quantile|rankgpt|0.7264
trec-dl-2019|colbert-small+judge_expr|rank|judge|0.6495
trec-dl-2019|colbert-small+judge_expr|rank|judge_expr|0.8725
trec-dl-2019|colbert-small+judge_expr|rank|rankgpt|0.4739
trec-dl-2019|colbert-small+judge_expr|thresholding|judge|0.8995
trec-dl-2019|colbert-small+judge_expr|thresholding|judge_expr|0.8993
trec-dl-2019|colbert-small+judge_expr|thresholding|rankgpt|0.0
trec-dl-2019|colbert-small+point|direct|judge|0.7294
trec-dl-2019|colbert-small+point|direct|judge_expr|0.6625
trec-dl-2019|colbert-small+point|direct|rankgpt|0.242
trec-dl-2019|colbert-small+point|largest_gap|judge|0.5667
trec-dl-2019|colbert-small+point|largest_gap|judge_expr|0.6521
trec-dl-2019|colbert-small+point|largest_gap|rankgpt|0.242
trec-dl-2019|colbert-small+point|optimal_global|judge|0.767
trec-dl-2019|colbert-small+point|optimal_global|judge_expr|0.7901
trec-dl-2019|colbert-small+point|optimal_global|rankgpt|0.6697
trec-dl-2019|colbert-small+point|optimal_per_topic|judge|0.7734
trec-dl-2019|colbert-small+point|optimal_per_topic|judge_expr|0.7605
trec-dl-2019|colbert-small+point|optimal_per_topic|rankgpt|0.7484
trec-dl-2019|colbert-small+point|quantile|judge|0.7518
trec-dl-2019|colbert-small+point|quantile|judge_expr|0.6256
trec-dl-2019|colbert-small+point|quantile|rankgpt|0.638
trec-dl-2019|colbert-small+point|rank|judge|0.4365
trec-dl-2019|colbert-small+point|rank|judge_expr|0.3737
trec-dl-2019|colbert-small+point|rank|rankgpt|0.4063
trec-dl-2019|colbert-small+point|thresholding|judge|0.6746
trec-dl-2019|colbert-small+point|thresholding|judge_expr|0.6397
trec-dl-2019|colbert-small+point|thresholding|rankgpt|0.0
trec-dl-2019|colbert-small+rankfirst|direct|judge|0.8105
trec-dl-2019|colbert-small+rankfirst|direct|judge_expr|0.7401
trec-dl-2019|colbert-small+rankfirst|direct|rankgpt|0.5847
trec-dl-2019|colbert-small+rankfirst|largest_gap|judge|0.689
trec-dl-2019|colbert-small+rankfirst|largest_gap|judge_expr|0.7368
trec-dl-2019|colbert-small+rankfirst|largest_gap|rankgpt|0.5847
trec-dl-2019|colbert-small+rankfirst|optimal_global|judge|0.806
trec-dl-2019|colbert-small+rankfirst|optimal_global|judge_expr|0.8624
trec-dl-2019|colbert-small+rankfirst|optimal_global|rankgpt|0.9062
trec-dl-2019|colbert-small+rankfirst|optimal_per_topic|judge|0.8696
trec-dl-2019|colbert-small+rankfirst|optimal_per_topic|judge_expr|0.8567
trec-dl-2019|colbert-small+rankfirst|optimal_per_topic|rankgpt|0.9185
trec-dl-2019|colbert-small+rankfirst|quantile|judge|0.8853
trec-dl-2019|colbert-small+rankfirst|quantile|judge_expr|0.7701
trec-dl-2019|colbert-small+rankfirst|quantile|rankgpt|0.8958
trec-dl-2019|colbert-small+rankfirst|rank|judge|0.6353
trec-dl-2019|colbert-small+rankfirst|rank|judge_expr|0.5161
trec-dl-2019|colbert-small+rankfirst|rank|rankgpt|0.6556
trec-dl-2019|colbert-small+rankfirst|thresholding|judge|0.7335
trec-dl-2019|colbert-small+rankfirst|thresholding|judge_expr|0.7123
trec-dl-2019|colbert-small+rankfirst|thresholding|rankgpt|0.0
trec-dl-2019|colbert-small+rankgpt|direct|judge|0.8103
trec-dl-2019|colbert-small+rankgpt|direct|judge_expr|0.7426
trec-dl-2019|colbert-small+rankgpt|direct|rankgpt|0.7177
trec-dl-2019|colbert-small+rankgpt|largest_gap|judge|0.6872
trec-dl-2019|colbert-small+rankgpt|largest_gap|judge_expr|0.7316
trec-dl-2019|colbert-small+rankgpt|largest_gap|rankgpt|0.7177
trec-dl-2019|colbert-small+rankgpt|optimal_global|judge|0.8244
trec-dl-2019|colbert-small+rankgpt|optimal_global|judge_expr|0.8663
trec-dl-2019|colbert-small+rankgpt|optimal_global|rankgpt|0.891
trec-dl-2019|colbert-small+rankgpt|optimal_per_topic|judge|0.8475
trec-dl-2019|colbert-small+rankgpt|optimal_per_topic|judge_expr|0.8595
trec-dl-2019|colbert-small+rankgpt|optimal_per_topic|rankgpt|0.9245
trec-dl-2019|colbert-small+rankgpt|quantile|judge|0.8847
trec-dl-2019|colbert-small+rankgpt|quantile|judge_expr|0.7625
trec-dl-2019|colbert-small+rankgpt|quantile|rankgpt|0.8771
trec-dl-2019|colbert-small+rankgpt|rank|judge|0.6175
trec-dl-2019|colbert-small+rankgpt|rank|judge_expr|0.4801
trec-dl-2019|colbert-small+rankgpt|rank|rankgpt|0.6708
trec-dl-2019|colbert-small+rankgpt|thresholding|judge|0.7295
trec-dl-2019|colbert-small+rankgpt|thresholding|judge_expr|0.7111
trec-dl-2019|colbert-small+rankgpt|thresholding|rankgpt|0.0
trec-dl-2019|colbert-small+setmaxheaptopk|direct|judge|0.8331
trec-dl-2019|colbert-small+setmaxheaptopk|direct|judge_expr|0.7754
trec-dl-2019|colbert-small+setmaxheaptopk|direct|rankgpt|0.6522
trec-dl-2019|colbert-small+setmaxheaptopk|largest_gap|judge|0.7348
trec-dl-2019|colbert-small+setmaxheaptopk|largest_gap|judge_expr|0.7637
trec-dl-2019|colbert-small+setmaxheaptopk|largest_gap|rankgpt|0.6522
trec-dl-2019|colbert-small+setmaxheaptopk|optimal_global|judge|0.8287
trec-dl-2019|colbert-small+setmaxheaptopk|optimal_global|judge_expr|0.8753
trec-dl-2019|colbert-small+setmaxheaptopk|optimal_global|rankgpt|0.8461
trec-dl-2019|colbert-small+setmaxheaptopk|optimal_per_topic|judge|0.87
trec-dl-2019|colbert-small+setmaxheaptopk|optimal_per_topic|judge_expr|0.8517
trec-dl-2019|colbert-small+setmaxheaptopk|optimal_per_topic|rankgpt|0.8944
trec-dl-2019|colbert-small+setmaxheaptopk|quantile|judge|0.8972
trec-dl-2019|colbert-small+setmaxheaptopk|quantile|judge_expr|0.7964
trec-dl-2019|colbert-small+setmaxheaptopk|quantile|rankgpt|0.8389
trec-dl-2019|colbert-small+setmaxheaptopk|rank|judge|0.6239
trec-dl-2019|colbert-small+setmaxheaptopk|rank|judge_expr|0.5319
trec-dl-2019|colbert-small+setmaxheaptopk|rank|rankgpt|0.6353
trec-dl-2019|colbert-small+setmaxheaptopk|thresholding|judge|0.7794
trec-dl-2019|colbert-small+setmaxheaptopk|thresholding|judge_expr|0.7566
trec-dl-2019|colbert-small+setmaxheaptopk|thresholding|rankgpt|0.0
trec-dl-2019|nomicai-modernbert-embed|direct|judge|0.7344
trec-dl-2019|nomicai-modernbert-embed|direct|judge_expr|0.6663
trec-dl-2019|nomicai-modernbert-embed|direct|rankgpt|0.5044
trec-dl-2019|nomicai-modernbert-embed|direct|setmaxheaptopk|0.5
trec-dl-2019|nomicai-modernbert-embed|largest_gap|judge|0.5996
trec-dl-2019|nomicai-modernbert-embed|largest_gap|judge_expr|0.6711
trec-dl-2019|nomicai-modernbert-embed|largest_gap|rankgpt|0.5044
trec-dl-2019|nomicai-modernbert-embed|largest_gap|setmaxheaptopk|0.5
trec-dl-2019|nomicai-modernbert-embed|optimal_global|judge|0.7383
trec-dl-2019|nomicai-modernbert-embed|optimal_global|judge_expr|0.7773
trec-dl-2019|nomicai-modernbert-embed|optimal_global|rankgpt|0.8571
trec-dl-2019|nomicai-modernbert-embed|optimal_global|setmaxheaptopk|0.7898
trec-dl-2019|nomicai-modernbert-embed|optimal_per_topic|judge|0.7637
trec-dl-2019|nomicai-modernbert-embed|optimal_per_topic|judge_expr|0.7545
trec-dl-2019|nomicai-modernbert-embed|optimal_per_topic|rankgpt|0.8623
trec-dl-2019|nomicai-modernbert-embed|optimal_per_topic|setmaxheaptopk|0.7874
trec-dl-2019|nomicai-modernbert-embed|quantile|judge|0.7977
trec-dl-2019|nomicai-modernbert-embed|quantile|judge_expr|0.6618
trec-dl-2019|nomicai-modernbert-embed|quantile|rankgpt|0.8447
trec-dl-2019|nomicai-modernbert-embed|quantile|setmaxheaptopk|0.7357
trec-dl-2019|nomicai-modernbert-embed|rank|judge|0.5866
trec-dl-2019|nomicai-modernbert-embed|rank|judge_expr|0.3984
trec-dl-2019|nomicai-modernbert-embed|rank|rankgpt|0.5656
trec-dl-2019|nomicai-modernbert-embed|rank|setmaxheaptopk|0.4997
trec-dl-2019|nomicai-modernbert-embed|thresholding|judge|0.6628
trec-dl-2019|nomicai-modernbert-embed|thresholding|judge_expr|0.6455
trec-dl-2019|nomicai-modernbert-embed|thresholding|rankgpt|0.0
trec-dl-2019|nomicai-modernbert-embed|thresholding|setmaxheaptopk|0.0
trec-dl-2019|nomicai-modernbert-embed+judge|direct|judge|0.839
trec-dl-2019|nomicai-modernbert-embed+judge|direct|judge_expr|0.821
trec-dl-2019|nomicai-modernbert-embed+judge|direct|rankgpt|0.3236
trec-dl-2019|nomicai-modernbert-embed+judge|largest_gap|judge|0.8357
trec-dl-2019|nomicai-modernbert-embed+judge|largest_gap|judge_expr|0.8364
trec-dl-2019|nomicai-modernbert-embed+judge|largest_gap|rankgpt|0.3236
trec-dl-2019|nomicai-modernbert-embed+judge|optimal_global|judge|0.8359
trec-dl-2019|nomicai-modernbert-embed+judge|optimal_global|judge_expr|0.8101
trec-dl-2019|nomicai-modernbert-embed+judge|optimal_global|rankgpt|0.6549
trec-dl-2019|nomicai-modernbert-embed+judge|optimal_per_topic|judge|0.8543
trec-dl-2019|nomicai-modernbert-embed+judge|optimal_per_topic|judge_expr|0.7964
trec-dl-2019|nomicai-modernbert-embed+judge|optimal_per_topic|rankgpt|0.756
trec-dl-2019|nomicai-modernbert-embed+judge|quantile|judge|0.8448
trec-dl-2019|nomicai-modernbert-embed+judge|quantile|judge_expr|0.7497
trec-dl-2019|nomicai-modernbert-embed+judge|quantile|rankgpt|0.6322
trec-dl-2019|nomicai-modernbert-embed+judge|rank|judge|0.5688
trec-dl-2019|nomicai-modernbert-embed+judge|rank|judge_expr|0.5273
trec-dl-2019|nomicai-modernbert-embed+judge|rank|rankgpt|0.4092
trec-dl-2019|nomicai-modernbert-embed+judge|thresholding|judge|0.8252
trec-dl-2019|nomicai-modernbert-embed+judge|thresholding|judge_expr|0.8075
trec-dl-2019|nomicai-modernbert-embed+judge|thresholding|rankgpt|0.0
trec-dl-2019|nomicai-modernbert-embed+judge_expr|direct|judge|0.8801
trec-dl-2019|nomicai-modernbert-embed+judge_expr|direct|judge_expr|0.8916
trec-dl-2019|nomicai-modernbert-embed+judge_expr|direct|rankgpt|0.3678
trec-dl-2019|nomicai-modernbert-embed+judge_expr|largest_gap|judge|0.8841
trec-dl-2019|nomicai-modernbert-embed+judge_expr|largest_gap|judge_expr|0.8866
trec-dl-2019|nomicai-modernbert-embed+judge_expr|largest_gap|rankgpt|0.3678
trec-dl-2019|nomicai-modernbert-embed+judge_expr|optimal_global|judge|0.8733
trec-dl-2019|nomicai-modernbert-embed+judge_expr|optimal_global|judge_expr|0.8876
trec-dl-2019|nomicai-modernbert-embed+judge_expr|optimal_global|rankgpt|0.7122
trec-dl-2019|nomicai-modernbert-embed+judge_expr|optimal_per_topic|judge|0.8869
trec-dl-2019|nomicai-modernbert-embed+judge_expr|optimal_per_topic|judge_expr|0.8857
trec-dl-2019|nomicai-modernbert-embed+judge_expr|optimal_per_topic|rankgpt|0.8055
trec-dl-2019|nomicai-modernbert-embed+judge_expr|quantile|judge|0.8803
trec-dl-2019|nomicai-modernbert-embed+judge_expr|quantile|judge_expr|0.8803
trec-dl-2019|nomicai-modernbert-embed+judge_expr|quantile|rankgpt|0.6914
trec-dl-2019|nomicai-modernbert-embed+judge_expr|rank|judge|0.6217
trec-dl-2019|nomicai-modernbert-embed+judge_expr|rank|judge_expr|0.8498
trec-dl-2019|nomicai-modernbert-embed+judge_expr|rank|rankgpt|0.4484
trec-dl-2019|nomicai-modernbert-embed+judge_expr|thresholding|judge|0.8729
trec-dl-2019|nomicai-modernbert-embed+judge_expr|thresholding|judge_expr|0.8739
trec-dl-2019|nomicai-modernbert-embed+judge_expr|thresholding|rankgpt|0.0
trec-dl-2019|nomicai-modernbert-embed+point|direct|judge|0.712
trec-dl-2019|nomicai-modernbert-embed+point|direct|judge_expr|0.6458
trec-dl-2019|nomicai-modernbert-embed+point|direct|rankgpt|0.2398
trec-dl-2019|nomicai-modernbert-embed+point|largest_gap|judge|0.5595
trec-dl-2019|nomicai-modernbert-embed+point|largest_gap|judge_expr|0.6422
trec-dl-2019|nomicai-modernbert-embed+point|largest_gap|rankgpt|0.2398
trec-dl-2019|nomicai-modernbert-embed+point|optimal_global|judge|0.7422
trec-dl-2019|nomicai-modernbert-embed+point|optimal_global|judge_expr|0.7566
trec-dl-2019|nomicai-modernbert-embed+point|optimal_global|rankgpt|0.6545
trec-dl-2019|nomicai-modernbert-embed+point|optimal_per_topic|judge|0.7619
trec-dl-2019|nomicai-modernbert-embed+point|optimal_per_topic|judge_expr|0.7239
trec-dl-2019|nomicai-modernbert-embed+point|optimal_per_topic|rankgpt|0.7373
trec-dl-2019|nomicai-modernbert-embed+point|quantile|judge|0.7358
trec-dl-2019|nomicai-modernbert-embed+point|quantile|judge_expr|0.6118
trec-dl-2019|nomicai-modernbert-embed+point|quantile|rankgpt|0.6272
trec-dl-2019|nomicai-modernbert-embed+point|rank|judge|0.442
trec-dl-2019|nomicai-modernbert-embed+point|rank|judge_expr|0.3706
trec-dl-2019|nomicai-modernbert-embed+point|rank|rankgpt|0.3973
trec-dl-2019|nomicai-modernbert-embed+point|thresholding|judge|0.6656
trec-dl-2019|nomicai-modernbert-embed+point|thresholding|judge_expr|0.6305
trec-dl-2019|nomicai-modernbert-embed+point|thresholding|rankgpt|0.0
trec-dl-2019|nomicai-modernbert-embed+rankfirst|direct|judge|0.7977
trec-dl-2019|nomicai-modernbert-embed+rankfirst|direct|judge_expr|0.7342
trec-dl-2019|nomicai-modernbert-embed+rankfirst|direct|rankgpt|0.537
trec-dl-2019|nomicai-modernbert-embed+rankfirst|largest_gap|judge|0.6842
trec-dl-2019|nomicai-modernbert-embed+rankfirst|largest_gap|judge_expr|0.7313
trec-dl-2019|nomicai-modernbert-embed+rankfirst|largest_gap|rankgpt|0.537
trec-dl-2019|nomicai-modernbert-embed+rankfirst|optimal_global|judge|0.7992
trec-dl-2019|nomicai-modernbert-embed+rankfirst|optimal_global|judge_expr|0.8368
trec-dl-2019|nomicai-modernbert-embed+rankfirst|optimal_global|rankgpt|0.898
trec-dl-2019|nomicai-modernbert-embed+rankfirst|optimal_per_topic|judge|0.8531
trec-dl-2019|nomicai-modernbert-embed+rankfirst|optimal_per_topic|judge_expr|0.8439
trec-dl-2019|nomicai-modernbert-embed+rankfirst|optimal_per_topic|rankgpt|0.8977
trec-dl-2019|nomicai-modernbert-embed+rankfirst|quantile|judge|0.8729
trec-dl-2019|nomicai-modernbert-embed+rankfirst|quantile|judge_expr|0.7561
trec-dl-2019|nomicai-modernbert-embed+rankfirst|quantile|rankgpt|0.8807
trec-dl-2019|nomicai-modernbert-embed+rankfirst|rank|judge|0.6319
trec-dl-2019|nomicai-modernbert-embed+rankfirst|rank|judge_expr|0.4964
trec-dl-2019|nomicai-modernbert-embed+rankfirst|rank|rankgpt|0.6275
trec-dl-2019|nomicai-modernbert-embed+rankfirst|thresholding|judge|0.7251
trec-dl-2019|nomicai-modernbert-embed+rankfirst|thresholding|judge_expr|0.7181
trec-dl-2019|nomicai-modernbert-embed+rankfirst|thresholding|rankgpt|0.0
trec-dl-2019|nomicai-modernbert-embed+rankgpt|direct|judge|0.7919
trec-dl-2019|nomicai-modernbert-embed+rankgpt|direct|judge_expr|0.7255
trec-dl-2019|nomicai-modernbert-embed+rankgpt|direct|rankgpt|0.5582
trec-dl-2019|nomicai-modernbert-embed+rankgpt|largest_gap|judge|0.6876
trec-dl-2019|nomicai-modernbert-embed+rankgpt|largest_gap|judge_expr|0.7226
trec-dl-2019|nomicai-modernbert-embed+rankgpt|largest_gap|rankgpt|0.5582
trec-dl-2019|nomicai-modernbert-embed+rankgpt|optimal_global|judge|0.8051
trec-dl-2019|nomicai-modernbert-embed+rankgpt|optimal_global|judge_expr|0.832
trec-dl-2019|nomicai-modernbert-embed+rankgpt|optimal_global|rankgpt|0.8554
trec-dl-2019|nomicai-modernbert-embed+rankgpt|optimal_per_topic|judge|0.834
trec-dl-2019|nomicai-modernbert-embed+rankgpt|optimal_per_topic|judge_expr|0.8216
trec-dl-2019|nomicai-modernbert-embed+rankgpt|optimal_per_topic|rankgpt|0.8724
trec-dl-2019|nomicai-modernbert-embed+rankgpt|quantile|judge|0.856
trec-dl-2019|nomicai-modernbert-embed+rankgpt|quantile|judge_expr|0.7388
trec-dl-2019|nomicai-modernbert-embed+rankgpt|quantile|rankgpt|0.843
trec-dl-2019|nomicai-modernbert-embed+rankgpt|rank|judge|0.6293
trec-dl-2019|nomicai-modernbert-embed+rankgpt|rank|judge_expr|0.4707
trec-dl-2019|nomicai-modernbert-embed+rankgpt|rank|rankgpt|0.6442
trec-dl-2019|nomicai-modernbert-embed+rankgpt|thresholding|judge|0.7151
trec-dl-2019|nomicai-modernbert-embed+rankgpt|thresholding|judge_expr|0.7086
trec-dl-2019|nomicai-modernbert-embed+rankgpt|thresholding|rankgpt|0.0
trec-dl-2019|nomicai-modernbert-embed+setmaxheaptopk|direct|judge|0.8162
trec-dl-2019|nomicai-modernbert-embed+setmaxheaptopk|direct|judge_expr|0.7667
trec-dl-2019|nomicai-modernbert-embed+setmaxheaptopk|direct|rankgpt|0.591
trec-dl-2019|nomicai-modernbert-embed+setmaxheaptopk|largest_gap|judge|0.7212
trec-dl-2019|nomicai-modernbert-embed+setmaxheaptopk|largest_gap|judge_expr|0.7647
trec-dl-2019|nomicai-modernbert-embed+setmaxheaptopk|largest_gap|rankgpt|0.591
trec-dl-2019|nomicai-modernbert-embed+setmaxheaptopk|optimal_global|judge|0.831
trec-dl-2019|nomicai-modernbert-embed+setmaxheaptopk|optimal_global|judge_expr|0.863
trec-dl-2019|nomicai-modernbert-embed+setmaxheaptopk|optimal_global|rankgpt|0.8132
trec-dl-2019|nomicai-modernbert-embed+setmaxheaptopk|optimal_per_topic|judge|0.8562
trec-dl-2019|nomicai-modernbert-embed+setmaxheaptopk|optimal_per_topic|judge_expr|0.8483
trec-dl-2019|nomicai-modernbert-embed+setmaxheaptopk|optimal_per_topic|rankgpt|0.8916
trec-dl-2019|nomicai-modernbert-embed+setmaxheaptopk|quantile|judge|0.8738
trec-dl-2019|nomicai-modernbert-embed+setmaxheaptopk|quantile|judge_expr|0.7781
trec-dl-2019|nomicai-modernbert-embed+setmaxheaptopk|quantile|rankgpt|0.8058
trec-dl-2019|nomicai-modernbert-embed+setmaxheaptopk|rank|judge|0.6131
trec-dl-2019|nomicai-modernbert-embed+setmaxheaptopk|rank|judge_expr|0.5115
trec-dl-2019|nomicai-modernbert-embed+setmaxheaptopk|rank|rankgpt|0.6072
trec-dl-2019|nomicai-modernbert-embed+setmaxheaptopk|thresholding|judge|0.7678
trec-dl-2019|nomicai-modernbert-embed+setmaxheaptopk|thresholding|judge_expr|0.7492
trec-dl-2019|nomicai-modernbert-embed+setmaxheaptopk|thresholding|rankgpt|0.0
trec-dl-2019|qwen3-embed-600m|direct|judge|0.712
trec-dl-2019|qwen3-embed-600m|direct|judge_expr|0.6292
trec-dl-2019|qwen3-embed-600m|direct|rankgpt|0.5017
trec-dl-2019|qwen3-embed-600m|largest_gap|judge|0.5805
trec-dl-2019|qwen3-embed-600m|largest_gap|judge_expr|0.6321
trec-dl-2019|qwen3-embed-600m|largest_gap|rankgpt|0.5017
trec-dl-2019|qwen3-embed-600m|optimal_global|judge|0.7237
trec-dl-2019|qwen3-embed-600m|optimal_global|judge_expr|0.7562
trec-dl-2019|qwen3-embed-600m|optimal_global|rankgpt|0.7889
trec-dl-2019|qwen3-embed-600m|optimal_per_topic|judge|0.7489
trec-dl-2019|qwen3-embed-600m|optimal_per_topic|judge_expr|0.7354
trec-dl-2019|qwen3-embed-600m|optimal_per_topic|rankgpt|0.8026
trec-dl-2019|qwen3-embed-600m|quantile|judge|0.7836
trec-dl-2019|qwen3-embed-600m|quantile|judge_expr|0.6638
trec-dl-2019|qwen3-embed-600m|quantile|rankgpt|0.7814
trec-dl-2019|qwen3-embed-600m|rank|judge|0.512
trec-dl-2019|qwen3-embed-600m|rank|judge_expr|0.4167
trec-dl-2019|qwen3-embed-600m|rank|rankgpt|0.5138
trec-dl-2019|qwen3-embed-600m|thresholding|judge|0.6269
trec-dl-2019|qwen3-embed-600m|thresholding|judge_expr|0.6057
trec-dl-2019|qwen3-embed-600m|thresholding|rankgpt|0.0
trec-dl-2019|qwen3-embed-600m+judge|direct|judge|0.8285
trec-dl-2019|qwen3-embed-600m+judge|direct|judge_expr|0.8265
trec-dl-2019|qwen3-embed-600m+judge|direct|rankgpt|0.3138
trec-dl-2019|qwen3-embed-600m+judge|largest_gap|judge|0.8449
trec-dl-2019|qwen3-embed-600m+judge|largest_gap|judge_expr|0.8356
trec-dl-2019|qwen3-embed-600m+judge|largest_gap|rankgpt|0.3138
trec-dl-2019|qwen3-embed-600m+judge|optimal_global|judge|0.8374
trec-dl-2019|qwen3-embed-600m+judge|optimal_global|judge_expr|0.8081
trec-dl-2019|qwen3-embed-600m+judge|optimal_global|rankgpt|0.6409
trec-dl-2019|qwen3-embed-600m+judge|optimal_per_topic|judge|0.828
trec-dl-2019|qwen3-embed-600m+judge|optimal_per_topic|judge_expr|0.77
trec-dl-2019|qwen3-embed-600m+judge|optimal_per_topic|rankgpt|0.735
trec-dl-2019|qwen3-embed-600m+judge|quantile|judge|0.8221
trec-dl-2019|qwen3-embed-600m+judge|quantile|judge_expr|0.7288
trec-dl-2019|qwen3-embed-600m+judge|quantile|rankgpt|0.6201
trec-dl-2019|qwen3-embed-600m+judge|rank|judge|0.5385
trec-dl-2019|qwen3-embed-600m+judge|rank|judge_expr|0.4953
trec-dl-2019|qwen3-embed-600m+judge|rank|rankgpt|0.3818
trec-dl-2019|qwen3-embed-600m+judge|thresholding|judge|0.8344
trec-dl-2019|qwen3-embed-600m+judge|thresholding|judge_expr|0.8046
trec-dl-2019|qwen3-embed-600m+judge|thresholding|rankgpt|0.0
trec-dl-2019|qwen3-embed-600m+judge_expr|direct|judge|0.8624
trec-dl-2019|qwen3-embed-600m+judge_expr|direct|judge_expr|0.8762
trec-dl-2019|qwen3-embed-600m+judge_expr|direct|rankgpt|0.3722
trec-dl-2019|qwen3-embed-600m+judge_expr|largest_gap|judge|0.8807
trec-dl-2019|qwen3-embed-600m+judge_expr|largest_gap|judge_expr|0.8723
trec-dl-2019|qwen3-embed-600m+judge_expr|largest_gap|rankgpt|0.3722
trec-dl-2019|qwen3-embed-600m+judge_expr|optimal_global|judge|0.8622
trec-dl-2019|qwen3-embed-600m+judge_expr|optimal_global|judge_expr|0.8604
trec-dl-2019|qwen3-embed-600m+judge_expr|optimal_global|rankgpt|0.7144
trec-dl-2019|qwen3-embed-600m+judge_expr|optimal_per_topic|judge|0.8568
trec-dl-2019|qwen3-embed-600m+judge_expr|optimal_per_topic|judge_expr|0.8546
trec-dl-2019|qwen3-embed-600m+judge_expr|optimal_per_topic|rankgpt|0.7866
trec-dl-2019|qwen3-embed-600m+judge_expr|quantile|judge|0.8578
trec-dl-2019|qwen3-embed-600m+judge_expr|quantile|judge_expr|0.8578
trec-dl-2019|qwen3-embed-600m+judge_expr|quantile|rankgpt|0.7001
trec-dl-2019|qwen3-embed-600m+judge_expr|rank|judge|0.6036
trec-dl-2019|qwen3-embed-600m+judge_expr|rank|judge_expr|0.8092
trec-dl-2019|qwen3-embed-600m+judge_expr|rank|rankgpt|0.4487
trec-dl-2019|qwen3-embed-600m+judge_expr|thresholding|judge|0.8614
trec-dl-2019|qwen3-embed-600m+judge_expr|thresholding|judge_expr|0.8567
trec-dl-2019|qwen3-embed-600m+judge_expr|thresholding|rankgpt|0.0
trec-dl-2019|qwen3-embed-600m+point|direct|judge|0.6824
trec-dl-2019|qwen3-embed-600m+point|direct|judge_expr|0.6197
trec-dl-2019|qwen3-embed-600m+point|direct|rankgpt|0.2463
trec-dl-2019|qwen3-embed-600m+point|largest_gap|judge|0.5352
trec-dl-2019|qwen3-embed-600m+point|largest_gap|judge_expr|0.6164
trec-dl-2019|qwen3-embed-600m+point|largest_gap|rankgpt|0.2463
trec-dl-2019|qwen3-embed-600m+point|optimal_global|judge|0.7096
trec-dl-2019|qwen3-embed-600m+point|optimal_global|judge_expr|0.7244
trec-dl-2019|qwen3-embed-600m+point|optimal_global|rankgpt|0.6415
trec-dl-2019|qwen3-embed-600m+point|optimal_per_topic|judge|0.7308
trec-dl-2019|qwen3-embed-600m+point|optimal_per_topic|judge_expr|0.6958
trec-dl-2019|qwen3-embed-600m+point|optimal_per_topic|rankgpt|0.7192
trec-dl-2019|qwen3-embed-600m+point|quantile|judge|0.7121
trec-dl-2019|qwen3-embed-600m+point|quantile|judge_expr|0.5828
trec-dl-2019|qwen3-embed-600m+point|quantile|rankgpt|0.6129
trec-dl-2019|qwen3-embed-600m+point|rank|judge|0.414
trec-dl-2019|qwen3-embed-600m+point|rank|judge_expr|0.3478
trec-dl-2019|qwen3-embed-600m+point|rank|rankgpt|0.3776
trec-dl-2019|qwen3-embed-600m+point|thresholding|judge|0.6342
trec-dl-2019|qwen3-embed-600m+point|thresholding|judge_expr|0.6088
trec-dl-2019|qwen3-embed-600m+point|thresholding|rankgpt|0.0
trec-dl-2019|qwen3-embed-600m+rankfirst|direct|judge|0.7874
trec-dl-2019|qwen3-embed-600m+rankfirst|direct|judge_expr|0.7262
trec-dl-2019|qwen3-embed-600m+rankfirst|direct|rankgpt|0.5868
trec-dl-2019|qwen3-embed-600m+rankfirst|largest_gap|judge|0.6787
trec-dl-2019|qwen3-embed-600m+rankfirst|largest_gap|judge_expr|0.7181
trec-dl-2019|qwen3-embed-600m+rankfirst|largest_gap|rankgpt|0.5868
trec-dl-2019|qwen3-embed-600m+rankfirst|optimal_global|judge|0.7943
trec-dl-2019|qwen3-embed-600m+rankfirst|optimal_global|judge_expr|0.8369
trec-dl-2019|qwen3-embed-600m+rankfirst|optimal_global|rankgpt|0.8747
trec-dl-2019|qwen3-embed-600m+rankfirst|optimal_per_topic|judge|0.8458
trec-dl-2019|qwen3-embed-600m+rankfirst|optimal_per_topic|judge_expr|0.8297
trec-dl-2019|qwen3-embed-600m+rankfirst|optimal_per_topic|rankgpt|0.8764
trec-dl-2019|qwen3-embed-600m+rankfirst|quantile|judge|0.8571
trec-dl-2019|qwen3-embed-600m+rankfirst|quantile|judge_expr|0.7725
trec-dl-2019|qwen3-embed-600m+rankfirst|quantile|rankgpt|0.8654
trec-dl-2019|qwen3-embed-600m+rankfirst|rank|judge|0.6044
trec-dl-2019|qwen3-embed-600m+rankfirst|rank|judge_expr|0.4997
trec-dl-2019|qwen3-embed-600m+rankfirst|rank|rankgpt|0.6183
trec-dl-2019|qwen3-embed-600m+rankfirst|thresholding|judge|0.7165
trec-dl-2019|qwen3-embed-600m+rankfirst|thresholding|judge_expr|0.701
trec-dl-2019|qwen3-embed-600m+rankfirst|thresholding|rankgpt|0.0
trec-dl-2019|qwen3-embed-600m+rankgpt|direct|judge|0.7857
trec-dl-2019|qwen3-embed-600m+rankgpt|direct|judge_expr|0.7243
trec-dl-2019|qwen3-embed-600m+rankgpt|direct|rankgpt|0.5753
trec-dl-2019|qwen3-embed-600m+rankgpt|largest_gap|judge|0.6774
trec-dl-2019|qwen3-embed-600m+rankgpt|largest_gap|judge_expr|0.7157
trec-dl-2019|qwen3-embed-600m+rankgpt|largest_gap|rankgpt|0.5753
trec-dl-2019|qwen3-embed-600m+rankgpt|optimal_global|judge|0.8022
trec-dl-2019|qwen3-embed-600m+rankgpt|optimal_global|judge_expr|0.8418
trec-dl-2019|qwen3-embed-600m+rankgpt|optimal_global|rankgpt|0.8212
trec-dl-2019|qwen3-embed-600m+rankgpt|optimal_per_topic|judge|0.8184
trec-dl-2019|qwen3-embed-600m+rankgpt|optimal_per_topic|judge_expr|0.8026
trec-dl-2019|qwen3-embed-600m+rankgpt|optimal_per_topic|rankgpt|0.864
trec-dl-2019|qwen3-embed-600m+rankgpt|quantile|judge|0.8382
trec-dl-2019|qwen3-embed-600m+rankgpt|quantile|judge_expr|0.7468
trec-dl-2019|qwen3-embed-600m+rankgpt|quantile|rankgpt|0.8078
trec-dl-2019|qwen3-embed-600m+rankgpt|rank|judge|0.57
trec-dl-2019|qwen3-embed-600m+rankgpt|rank|judge_expr|0.4857
trec-dl-2019|qwen3-embed-600m+rankgpt|rank|rankgpt|0.593
trec-dl-2019|qwen3-embed-600m+rankgpt|thresholding|judge|0.7255
trec-dl-2019|qwen3-embed-600m+rankgpt|thresholding|judge_expr|0.704
trec-dl-2019|qwen3-embed-600m+rankgpt|thresholding|rankgpt|0.0
trec-dl-2019|qwen3-embed-600m+setmaxheaptopk|direct|judge|0.7841
trec-dl-2019|qwen3-embed-600m+setmaxheaptopk|direct|judge_expr|0.7394
trec-dl-2019|qwen3-embed-600m+setmaxheaptopk|direct|rankgpt|0.5809
trec-dl-2019|qwen3-embed-600m+setmaxheaptopk|largest_gap|judge|0.703
trec-dl-2019|qwen3-embed-600m+setmaxheaptopk|largest_gap|judge_expr|0.7379
trec-dl-2019|qwen3-embed-600m+setmaxheaptopk|largest_gap|rankgpt|0.5809
trec-dl-2019|qwen3-embed-600m+setmaxheaptopk|optimal_global|judge|0.7884
trec-dl-2019|qwen3-embed-600m+setmaxheaptopk|optimal_global|judge_expr|0.8147
trec-dl-2019|qwen3-embed-600m+setmaxheaptopk|optimal_global|rankgpt|0.7698
trec-dl-2019|qwen3-embed-600m+setmaxheaptopk|optimal_per_topic|judge|0.8231
trec-dl-2019|qwen3-embed-600m+setmaxheaptopk|optimal_per_topic|judge_expr|0.8098
trec-dl-2019|qwen3-embed-600m+setmaxheaptopk|optimal_per_topic|rankgpt|0.8572
trec-dl-2019|qwen3-embed-600m+setmaxheaptopk|quantile|judge|0.8241
trec-dl-2019|qwen3-embed-600m+setmaxheaptopk|quantile|judge_expr|0.7432
trec-dl-2019|qwen3-embed-600m+setmaxheaptopk|quantile|rankgpt|0.7608
trec-dl-2019|qwen3-embed-600m+setmaxheaptopk|rank|judge|0.551
trec-dl-2019|qwen3-embed-600m+setmaxheaptopk|rank|judge_expr|0.5045
trec-dl-2019|qwen3-embed-600m+setmaxheaptopk|rank|rankgpt|0.5759
trec-dl-2019|qwen3-embed-600m+setmaxheaptopk|thresholding|judge|0.7375
trec-dl-2019|qwen3-embed-600m+setmaxheaptopk|thresholding|judge_expr|0.7259
trec-dl-2019|qwen3-embed-600m+setmaxheaptopk|thresholding|rankgpt|0.0
trec-dl-2019|splade-v3|direct|judge|0.7617
trec-dl-2019|splade-v3|direct|judge_expr|0.6872
trec-dl-2019|splade-v3|direct|rankgpt|0.7067
trec-dl-2019|splade-v3|direct|setmaxheaptopk|0.6648
trec-dl-2019|splade-v3|largest_gap|judge|0.616
trec-dl-2019|splade-v3|largest_gap|judge_expr|0.6814
trec-dl-2019|splade-v3|largest_gap|rankgpt|0.7067
trec-dl-2019|splade-v3|largest_gap|setmaxheaptopk|0.6648
trec-dl-2019|splade-v3|optimal_global|judge|0.7687
trec-dl-2019|splade-v3|optimal_global|judge_expr|0.8049
trec-dl-2019|splade-v3|optimal_global|rankgpt|1.0
trec-dl-2019|splade-v3|optimal_global|setmaxheaptopk|0.8482
trec-dl-2019|splade-v3|optimal_per_topic|judge|0.8243
trec-dl-2019|splade-v3|optimal_per_topic|judge_expr|0.8186
trec-dl-2019|splade-v3|optimal_per_topic|rankgpt|0.9288
trec-dl-2019|splade-v3|optimal_per_topic|setmaxheaptopk|0.8191
trec-dl-2019|splade-v3|quantile|judge|0.8552
trec-dl-2019|splade-v3|quantile|judge_expr|0.7179
trec-dl-2019|splade-v3|quantile|rankgpt|1.0
trec-dl-2019|splade-v3|quantile|setmaxheaptopk|0.8198
trec-dl-2019|splade-v3|rank|judge|0.6829
trec-dl-2019|splade-v3|rank|judge_expr|0.437
trec-dl-2019|splade-v3|rank|rankgpt|0.7223
trec-dl-2019|splade-v3|rank|setmaxheaptopk|0.5902
trec-dl-2019|splade-v3|thresholding|judge|0.6768
trec-dl-2019|splade-v3|thresholding|judge_expr|0.6542
trec-dl-2019|splade-v3|thresholding|rankgpt|0.0
trec-dl-2019|splade-v3|thresholding|setmaxheaptopk|0.0
trec-dl-2019|splade-v3+judge|direct|judge|1.0
trec-dl-2019|splade-v3+judge|direct|judge_expr|0.9721
trec-dl-2019|splade-v3+judge|direct|rankgpt|0.3194
trec-dl-2019|splade-v3+judge|direct|setmaxheaptopk|0.3013
trec-dl-2019|splade-v3+judge|largest_gap|judge|1.0
trec-dl-2019|splade-v3+judge|largest_gap|judge_expr|0.9884
trec-dl-2019|splade-v3+judge|largest_gap|rankgpt|0.3194
trec-dl-2019|splade-v3+judge|largest_gap|setmaxheaptopk|0.3013
trec-dl-2019|splade-v3+judge|optimal_global|judge|1.0
trec-dl-2019|splade-v3+judge|optimal_global|judge_expr|0.951
trec-dl-2019|splade-v3+judge|optimal_global|rankgpt|0.6984
trec-dl-2019|splade-v3+judge|optimal_global|setmaxheaptopk|0.7381
trec-dl-2019|splade-v3+judge|optimal_per_topic|judge|1.0
trec-dl-2019|splade-v3+judge|optimal_per_topic|judge_expr|0.9313
trec-dl-2019|splade-v3+judge|optimal_per_topic|rankgpt|0.8226
trec-dl-2019|splade-v3+judge|optimal_per_topic|setmaxheaptopk|0.8043
trec-dl-2019|splade-v3+judge|quantile|judge|1.0
trec-dl-2019|splade-v3+judge|quantile|judge_expr|0.8686
trec-dl-2019|splade-v3+judge|quantile|rankgpt|0.6716
trec-dl-2019|splade-v3+judge|quantile|setmaxheaptopk|0.6785
trec-dl-2019|splade-v3+judge|rank|judge|0.6418
trec-dl-2019|splade-v3+judge|rank|judge_expr|0.6133
trec-dl-2019|splade-v3+judge|rank|rankgpt|0.4055
trec-dl-2019|splade-v3+judge|rank|setmaxheaptopk|0.4767
trec-dl-2019|splade-v3+judge|thresholding|judge|0.9767
trec-dl-2019|splade-v3+judge|thresholding|judge_expr|0.9514
trec-dl-2019|splade-v3+judge|thresholding|rankgpt|0.0
trec-dl-2019|splade-v3+judge|thresholding|setmaxheaptopk|0.0
trec-dl-2019|splade-v3+judge_expr|direct|judge|0.9949
trec-dl-2019|splade-v3+judge_expr|direct|judge_expr|1.0
trec-dl-2019|splade-v3+judge_expr|direct|rankgpt|0.3622
trec-dl-2019|splade-v3+judge_expr|direct|setmaxheaptopk|0.385
trec-dl-2019|splade-v3+judge_expr|largest_gap|judge|0.9972
trec-dl-2019|splade-v3+judge_expr|largest_gap|judge_expr|1.0
trec-dl-2019|splade-v3+judge_expr|largest_gap|rankgpt|0.3622
trec-dl-2019|splade-v3+judge_expr|largest_gap|setmaxheaptopk|0.385
trec-dl-2019|splade-v3+judge_expr|optimal_global|judge|0.9887
trec-dl-2019|splade-v3+judge_expr|optimal_global|judge_expr|1.0
trec-dl-2019|splade-v3+judge_expr|optimal_global|rankgpt|0.7613
trec-dl-2019|splade-v3+judge_expr|optimal_global|setmaxheaptopk|0.7876
trec-dl-2019|splade-v3+judge_expr|optimal_per_topic|judge|0.9923
trec-dl-2019|splade-v3+judge_expr|optimal_per_topic|judge_expr|1.0
trec-dl-2019|splade-v3+judge_expr|optimal_per_topic|rankgpt|0.8506
trec-dl-2019|splade-v3+judge_expr|optimal_per_topic|setmaxheaptopk|0.8224
trec-dl-2019|splade-v3+judge_expr|quantile|judge|0.9985
trec-dl-2019|splade-v3+judge_expr|quantile|judge_expr|1.0
trec-dl-2019|splade-v3+judge_expr|quantile|rankgpt|0.7376
trec-dl-2019|splade-v3+judge_expr|quantile|setmaxheaptopk|0.7341
trec-dl-2019|splade-v3+judge_expr|rank|judge|0.694
trec-dl-2019|splade-v3+judge_expr|rank|judge_expr|1.0
trec-dl-2019|splade-v3+judge_expr|rank|rankgpt|0.4668
trec-dl-2019|splade-v3+judge_expr|rank|setmaxheaptopk|0.5538
trec-dl-2019|splade-v3+judge_expr|thresholding|judge|0.9755
trec-dl-2019|splade-v3+judge_expr|thresholding|judge_expr|0.9767
trec-dl-2019|splade-v3+judge_expr|thresholding|rankgpt|0.0
trec-dl-2019|splade-v3+judge_expr|thresholding|setmaxheaptopk|0.0
trec-dl-2019|splade-v3+point|direct|judge|0.7817
trec-dl-2019|splade-v3+point|direct|judge_expr|0.6978
trec-dl-2019|splade-v3+point|direct|rankgpt|0.2468
trec-dl-2019|splade-v3+point|direct|setmaxheaptopk|0.2602
trec-dl-2019|splade-v3+point|largest_gap|judge|0.5865
trec-dl-2019|splade-v3+point|largest_gap|judge_expr|0.685
trec-dl-2019|splade-v3+point|largest_gap|rankgpt|0.2468
trec-dl-2019|splade-v3+point|largest_gap|setmaxheaptopk|0.2602
trec-dl-2019|splade-v3+point|optimal_global|judge|0.8208
trec-dl-2019|splade-v3+point|optimal_global|judge_expr|0.8382
trec-dl-2019|splade-v3+point|optimal_global|rankgpt|0.6853
trec-dl-2019|splade-v3+point|optimal_global|setmaxheaptopk|0.7393
trec-dl-2019|splade-v3+point|optimal_per_topic|judge|0.8374
trec-dl-2019|splade-v3+point|optimal_per_topic|judge_expr|0.8001
trec-dl-2019|splade-v3+point|optimal_per_topic|rankgpt|0.7842
trec-dl-2019|splade-v3+point|optimal_per_topic|setmaxheaptopk|0.7955
trec-dl-2019|splade-v3+point|quantile|judge|0.8142
trec-dl-2019|splade-v3+point|quantile|judge_expr|0.6598
trec-dl-2019|splade-v3+point|quantile|rankgpt|0.6514
trec-dl-2019|splade-v3+point|quantile|setmaxheaptopk|0.6571
trec-dl-2019|splade-v3+point|rank|judge|0.4576
trec-dl-2019|splade-v3+point|rank|judge_expr|0.3897
trec-dl-2019|splade-v3+point|rank|rankgpt|0.4044
trec-dl-2019|splade-v3+point|rank|setmaxheaptopk|0.4296
trec-dl-2019|splade-v3+point|thresholding|judge|0.7127
trec-dl-2019|splade-v3+point|thresholding|judge_expr|0.6736
trec-dl-2019|splade-v3+point|thresholding|rankgpt|0.0
trec-dl-2019|splade-v3+point|thresholding|setmaxheaptopk|0.0
trec-dl-2019|splade-v3+rankfirst|direct|judge|0.8266
trec-dl-2019|splade-v3+rankfirst|direct|judge_expr|0.759
trec-dl-2019|splade-v3+rankfirst|direct|rankgpt|0.6476
trec-dl-2019|splade-v3+rankfirst|largest_gap|judge|0.6999
trec-dl-2019|splade-v3+rankfirst|largest_gap|judge_expr|0.7534
trec-dl-2019|splade-v3+rankfirst|largest_gap|rankgpt|0.6476
trec-dl-2019|splade-v3+rankfirst|optimal_global|judge|0.8262
trec-dl-2019|splade-v3+rankfirst|optimal_global|judge_expr|0.8675
trec-dl-2019|splade-v3+rankfirst|optimal_global|rankgpt|0.9348
trec-dl-2019|splade-v3+rankfirst|optimal_per_topic|judge|0.8872
trec-dl-2019|splade-v3+rankfirst|optimal_per_topic|judge_expr|0.8793
trec-dl-2019|splade-v3+rankfirst|optimal_per_topic|rankgpt|0.9297
trec-dl-2019|splade-v3+rankfirst|quantile|judge|0.9046
trec-dl-2019|splade-v3+rankfirst|quantile|judge_expr|0.7955
trec-dl-2019|splade-v3+rankfirst|quantile|rankgpt|0.9225
trec-dl-2019|splade-v3+rankfirst|rank|judge|0.6537
trec-dl-2019|splade-v3+rankfirst|rank|judge_expr|0.5087
trec-dl-2019|splade-v3+rankfirst|rank|rankgpt|0.6796
trec-dl-2019|splade-v3+rankfirst|thresholding|judge|0.7457
trec-dl-2019|splade-v3+rankfirst|thresholding|judge_expr|0.7353
trec-dl-2019|splade-v3+rankfirst|thresholding|rankgpt|0.0
trec-dl-2019|splade-v3+rankgpt|direct|judge|0.826
trec-dl-2019|splade-v3+rankgpt|direct|judge_expr|0.7529
trec-dl-2019|splade-v3+rankgpt|direct|rankgpt|1.0
trec-dl-2019|splade-v3+rankgpt|direct|setmaxheaptopk|0.7942
trec-dl-2019|splade-v3+rankgpt|largest_gap|judge|0.6955
trec-dl-2019|splade-v3+rankgpt|largest_gap|judge_expr|0.7408
trec-dl-2019|splade-v3+rankgpt|largest_gap|rankgpt|1.0
trec-dl-2019|splade-v3+rankgpt|largest_gap|setmaxheaptopk|0.7942
trec-dl-2019|splade-v3+rankgpt|optimal_global|judge|0.8312
trec-dl-2019|splade-v3+rankgpt|optimal_global|judge_expr|0.8711
trec-dl-2019|splade-v3+rankgpt|optimal_global|rankgpt|1.0
trec-dl-2019|splade-v3+rankgpt|optimal_global|setmaxheaptopk|0.9025
trec-dl-2019|splade-v3+rankgpt|optimal_per_topic|judge|0.8777
trec-dl-2019|splade-v3+rankgpt|optimal_per_topic|judge_expr|0.8775
trec-dl-2019|splade-v3+rankgpt|optimal_per_topic|rankgpt|1.0
trec-dl-2019|splade-v3+rankgpt|optimal_per_topic|setmaxheaptopk|0.8926
trec-dl-2019|splade-v3+rankgpt|quantile|judge|0.9281
trec-dl-2019|splade-v3+rankgpt|quantile|judge_expr|0.7981
trec-dl-2019|splade-v3+rankgpt|quantile|rankgpt|1.0
trec-dl-2019|splade-v3+rankgpt|quantile|setmaxheaptopk|0.8631
trec-dl-2019|splade-v3+rankgpt|rank|judge|0.6868
trec-dl-2019|splade-v3+rankgpt|rank|judge_expr|0.4976
trec-dl-2019|splade-v3+rankgpt|rank|rankgpt|1.0
trec-dl-2019|splade-v3+rankgpt|rank|setmaxheaptopk|0.6605
trec-dl-2019|splade-v3+rankgpt|thresholding|judge|0.7495
trec-dl-2019|splade-v3+rankgpt|thresholding|judge_expr|0.7122
trec-dl-2019|splade-v3+rankgpt|thresholding|rankgpt|0.0
trec-dl-2019|splade-v3+rankgpt|thresholding|setmaxheaptopk|0.0
trec-dl-2019|splade-v3+setmaxheaptopk|direct|judge|0.8673
trec-dl-2019|splade-v3+setmaxheaptopk|direct|judge_expr|0.8063
trec-dl-2019|splade-v3+setmaxheaptopk|direct|rankgpt|0.8167
trec-dl-2019|splade-v3+setmaxheaptopk|direct|setmaxheaptopk|1.0
trec-dl-2019|splade-v3+setmaxheaptopk|largest_gap|judge|0.7564
trec-dl-2019|splade-v3+setmaxheaptopk|largest_gap|judge_expr|0.8009
trec-dl-2019|splade-v3+setmaxheaptopk|largest_gap|rankgpt|0.8167
trec-dl-2019|splade-v3+setmaxheaptopk|largest_gap|setmaxheaptopk|1.0
trec-dl-2019|splade-v3+setmaxheaptopk|optimal_global|judge|0.8846
trec-dl-2019|splade-v3+setmaxheaptopk|optimal_global|judge_expr|0.9159
trec-dl-2019|splade-v3+setmaxheaptopk|optimal_global|rankgpt|0.8634
trec-dl-2019|splade-v3+setmaxheaptopk|optimal_global|setmaxheaptopk|1.0
trec-dl-2019|splade-v3+setmaxheaptopk|optimal_per_topic|judge|0.8967
trec-dl-2019|splade-v3+setmaxheaptopk|optimal_per_topic|judge_expr|0.9062
trec-dl-2019|splade-v3+setmaxheaptopk|optimal_per_topic|rankgpt|0.9184
trec-dl-2019|splade-v3+setmaxheaptopk|optimal_per_topic|setmaxheaptopk|1.0
trec-dl-2019|splade-v3+setmaxheaptopk|quantile|judge|0.9194
trec-dl-2019|splade-v3+setmaxheaptopk|quantile|judge_expr|0.8144
trec-dl-2019|splade-v3+setmaxheaptopk|quantile|rankgpt|0.8443
trec-dl-2019|splade-v3+setmaxheaptopk|quantile|setmaxheaptopk|1.0
trec-dl-2019|splade-v3+setmaxheaptopk|rank|judge|0.6618
trec-dl-2019|splade-v3+setmaxheaptopk|rank|judge_expr|0.5513
trec-dl-2019|splade-v3+setmaxheaptopk|rank|rankgpt|0.6556
trec-dl-2019|splade-v3+setmaxheaptopk|rank|setmaxheaptopk|1.0
trec-dl-2019|splade-v3+setmaxheaptopk|thresholding|judge|0.8025
trec-dl-2019|splade-v3+setmaxheaptopk|thresholding|judge_expr|0.7799
trec-dl-2019|splade-v3+setmaxheaptopk|thresholding|rankgpt|0.0
trec-dl-2019|splade-v3+setmaxheaptopk|thresholding|setmaxheaptopk|0.0
trec-dl-2020|bm25|direct|judge|0.487
trec-dl-2020|bm25|direct|judge_expr|0.4117
trec-dl-2020|bm25|direct|rankgpt|0.2835
trec-dl-2020|bm25|largest_gap|judge|0.3462
trec-dl-2020|bm25|largest_gap|judge_expr|0.4066
trec-dl-2020|bm25|largest_gap|rankgpt|0.2835
trec-dl-2020|bm25|optimal_global|judge|0.4129
trec-dl-2020|bm25|optimal_global|judge_expr|0.4405
trec-dl-2020|bm25|optimal_global|rankgpt|0.511
trec-dl-2020|bm25|optimal_per_topic|judge|0.5008
trec-dl-2020|bm25|optimal_per_topic|judge_expr|0.5153
trec-dl-2020|bm25|optimal_per_topic|rankgpt|0.5484
trec-dl-2020|bm25|quantile|judge|0.5596
trec-dl-2020|bm25|quantile|judge_expr|0.463
trec-dl-2020|bm25|quantile|rankgpt|0.5362
trec-dl-2020|bm25|rank|judge|0.3248
trec-dl-2020|bm25|rank|judge_expr|0.2839
trec-dl-2020|bm25|rank|rankgpt|0.3233
trec-dl-2020|bm25|thresholding|judge|0.4199
trec-dl-2020|bm25|thresholding|judge_expr|0.4059
trec-dl-2020|bm25|thresholding|rankgpt|0.0
trec-dl-2020|bm25+judge|direct|judge|0.7857
trec-dl-2020|bm25+judge|direct|judge_expr|0.752
trec-dl-2020|bm25+judge|direct|rankgpt|0.415
trec-dl-2020|bm25+judge|largest_gap|judge|0.7386
trec-dl-2020|bm25+judge|largest_gap|judge_expr|0.7569
trec-dl-2020|bm25+judge|largest_gap|rankgpt|0.415
trec-dl-2020|bm25+judge|optimal_global|judge|0.7628
trec-dl-2020|bm25+judge|optimal_global|judge_expr|0.7799
trec-dl-2020|bm25+judge|optimal_global|rankgpt|0.6282
trec-dl-2020|bm25+judge|optimal_per_topic|judge|0.7922
trec-dl-2020|bm25+judge|optimal_per_topic|judge_expr|0.7906
trec-dl-2020|bm25+judge|optimal_per_topic|rankgpt|0.7011
trec-dl-2020|bm25+judge|quantile|judge|0.8226
trec-dl-2020|bm25+judge|quantile|judge_expr|0.7515
trec-dl-2020|bm25+judge|quantile|rankgpt|0.6791
trec-dl-2020|bm25+judge|rank|judge|0.6053
trec-dl-2020|bm25+judge|rank|judge_expr|0.5442
trec-dl-2020|bm25+judge|rank|rankgpt|0.4403
trec-dl-2020|bm25+judge|thresholding|judge|0.761
trec-dl-2020|bm25+judge|thresholding|judge_expr|0.754
trec-dl-2020|bm25+judge|thresholding|rankgpt|0.0
trec-dl-2020|bm25+judge_expr|direct|judge|0.7859
trec-dl-2020|bm25+judge_expr|direct|judge_expr|0.7615
trec-dl-2020|bm25+judge_expr|direct|rankgpt|0.4743
trec-dl-2020|bm25+judge_expr|largest_gap|judge|0.7426
trec-dl-2020|bm25+judge_expr|largest_gap|judge_expr|0.763
trec-dl-2020|bm25+judge_expr|largest_gap|rankgpt|0.4743
trec-dl-2020|bm25+judge_expr|optimal_global|judge|0.7667
trec-dl-2020|bm25+judge_expr|optimal_global|judge_expr|0.785
trec-dl-2020|bm25+judge_expr|optimal_global|rankgpt|0.6483
trec-dl-2020|bm25+judge_expr|optimal_per_topic|judge|0.7908
trec-dl-2020|bm25+judge_expr|optimal_per_topic|judge_expr|0.803
trec-dl-2020|bm25+judge_expr|optimal_per_topic|rankgpt|0.7079
trec-dl-2020|bm25+judge_expr|quantile|judge|0.8289
trec-dl-2020|bm25+judge_expr|quantile|judge_expr|0.8094
trec-dl-2020|bm25+judge_expr|quantile|rankgpt|0.6964
trec-dl-2020|bm25+judge_expr|rank|judge|0.6038
trec-dl-2020|bm25+judge_expr|rank|judge_expr|0.6428
trec-dl-2020|bm25+judge_expr|rank|rankgpt|0.4614
trec-dl-2020|bm25+judge_expr|thresholding|judge|0.7648
trec-dl-2020|bm25+judge_expr|thresholding|judge_expr|0.7616
trec-dl-2020|bm25+judge_expr|thresholding|rankgpt|0.0
trec-dl-2020|bm25+point|direct|judge|0.6331
trec-dl-2020|bm25+point|direct|judge_expr|0.5591
trec-dl-2020|bm25+point|direct|rankgpt|0.3416
trec-dl-2020|bm25+point|largest_gap|judge|0.4916
trec-dl-2020|bm25+point|largest_gap|judge_expr|0.563
trec-dl-2020|bm25+point|largest_gap|rankgpt|0.3416
trec-dl-2020|bm25+point|optimal_global|judge|0.5631
trec-dl-2020|bm25+point|optimal_global|judge_expr|0.6037
trec-dl-2020|bm25+point|optimal_global|rankgpt|0.6401
trec-dl-2020|bm25+point|optimal_per_topic|judge|0.6605
trec-dl-2020|bm25+point|optimal_per_topic|judge_expr|0.683
trec-dl-2020|bm25+point|optimal_per_topic|rankgpt|0.7165
trec-dl-2020|bm25+point|quantile|judge|0.7206
trec-dl-2020|bm25+point|quantile|judge_expr|0.6016
trec-dl-2020|bm25+point|quantile|rankgpt|0.6823
trec-dl-2020|bm25+point|rank|judge|0.4453
trec-dl-2020|bm25+point|rank|judge_expr|0.3944
trec-dl-2020|bm25+point|rank|rankgpt|0.4034
trec-dl-2020|bm25+point|thresholding|judge|0.5759
trec-dl-2020|bm25+point|thresholding|judge_expr|0.5584
trec-dl-2020|bm25+point|thresholding|rankgpt|0.0
trec-dl-2020|bm25+rankfirst|direct|judge|0.6982
trec-dl-2020|bm25+rankfirst|direct|judge_expr|0.6278
trec-dl-2020|bm25+rankfirst|direct|rankgpt|0.556
trec-dl-2020|bm25+rankfirst|largest_gap|judge|0.5754
trec-dl-2020|bm25+rankfirst|largest_gap|judge_expr|0.627
trec-dl-2020|bm25+rankfirst|largest_gap|rankgpt|0.556
trec-dl-2020|bm25+rankfirst|optimal_global|judge|0.6347
trec-dl-2020|bm25+rankfirst|optimal_global|judge_expr|0.6705
trec-dl-2020|bm25+rankfirst|optimal_global|rankgpt|0.7521
trec-dl-2020|bm25+rankfirst|optimal_per_topic|judge|0.7272
trec-dl-2020|bm25+rankfirst|optimal_per_topic|judge_expr|0.7563
trec-dl-2020|bm25+rankfirst|optimal_per_topic|rankgpt|0.8219
trec-dl-2020|bm25+rankfirst|quantile|judge|0.7959
trec-dl-2020|bm25+rankfirst|quantile|judge_expr|0.685
trec-dl-2020|bm25+rankfirst|quantile|rankgpt|0.7914
trec-dl-2020|bm25+rankfirst|rank|judge|0.5146
trec-dl-2020|bm25+rankfirst|rank|judge_expr|0.4462
trec-dl-2020|bm25+rankfirst|rank|rankgpt|0.5298
trec-dl-2020|bm25+rankfirst|thresholding|judge|0.6365
trec-dl-2020|bm25+rankfirst|thresholding|judge_expr|0.6202
trec-dl-2020|bm25+rankfirst|thresholding|rankgpt|0.0
trec-dl-2020|bm25+rankgpt|direct|judge|0.6683
trec-dl-2020|bm25+rankgpt|direct|judge_expr|0.5992
trec-dl-2020|bm25+rankgpt|direct|rankgpt|0.5139
trec-dl-2020|bm25+rankgpt|largest_gap|judge|0.5289
trec-dl-2020|bm25+rankgpt|largest_gap|judge_expr|0.5919
trec-dl-2020|bm25+rankgpt|largest_gap|rankgpt|0.5139
trec-dl-2020|bm25+rankgpt|optimal_global|judge|0.6094
trec-dl-2020|bm25+rankgpt|optimal_global|judge_expr|0.6464
trec-dl-2020|bm25+rankgpt|optimal_global|rankgpt|0.7098
trec-dl-2020|bm25+rankgpt|optimal_per_topic|judge|0.7041
trec-dl-2020|bm25+rankgpt|optimal_per_topic|judge_expr|0.721
trec-dl-2020|bm25+rankgpt|optimal_per_topic|rankgpt|0.75
trec-dl-2020|bm25+rankgpt|quantile|judge|0.7503
trec-dl-2020|bm25+rankgpt|quantile|judge_expr|0.6796
trec-dl-2020|bm25+rankgpt|quantile|rankgpt|0.7414
trec-dl-2020|bm25+rankgpt|rank|judge|0.4773
trec-dl-2020|bm25+rankgpt|rank|judge_expr|0.437
trec-dl-2020|bm25+rankgpt|rank|rankgpt|0.5343
trec-dl-2020|bm25+rankgpt|thresholding|judge|0.6104
trec-dl-2020|bm25+rankgpt|thresholding|judge_expr|0.5915
trec-dl-2020|bm25+rankgpt|thresholding|rankgpt|0.0
trec-dl-2020|bm25+setmaxheaptopk|direct|judge|0.7088
trec-dl-2020|bm25+setmaxheaptopk|direct|judge_expr|0.6403
trec-dl-2020|bm25+setmaxheaptopk|direct|rankgpt|0.5774
trec-dl-2020|bm25+setmaxheaptopk|largest_gap|judge|0.5894
trec-dl-2020|bm25+setmaxheaptopk|largest_gap|judge_expr|0.6436
trec-dl-2020|bm25+setmaxheaptopk|largest_gap|rankgpt|0.5774
trec-dl-2020|bm25+setmaxheaptopk|optimal_global|judge|0.6515
trec-dl-2020|bm25+setmaxheaptopk|optimal_global|judge_expr|0.6794
trec-dl-2020|bm25+setmaxheaptopk|optimal_global|rankgpt|0.7246
trec-dl-2020|bm25+setmaxheaptopk|optimal_per_topic|judge|0.7362
trec-dl-2020|bm25+setmaxheaptopk|optimal_per_topic|judge_expr|0.7618
trec-dl-2020|bm25+setmaxheaptopk|optimal_per_topic|rankgpt|0.7976
trec-dl-2020|bm25+setmaxheaptopk|quantile|judge|0.783
trec-dl-2020|bm25+setmaxheaptopk|quantile|judge_expr|0.708
trec-dl-2020|bm25+setmaxheaptopk|quantile|rankgpt|0.7663
trec-dl-2020|bm25+setmaxheaptopk|rank|judge|0.4872
trec-dl-2020|bm25+setmaxheaptopk|rank|judge_expr|0.4555
trec-dl-2020|bm25+setmaxheaptopk|rank|rankgpt|0.5256
trec-dl-2020|bm25+setmaxheaptopk|thresholding|judge|0.6525
trec-dl-2020|bm25+setmaxheaptopk|thresholding|judge_expr|0.638
trec-dl-2020|bm25+setmaxheaptopk|thresholding|rankgpt|0.0
trec-dl-2020|colbert-small|direct|judge|0.7147
trec-dl-2020|colbert-small|direct|judge_expr|0.6261
trec-dl-2020|colbert-small|direct|rankgpt|0.5806
trec-dl-2020|colbert-small|largest_gap|judge|0.5876
trec-dl-2020|colbert-small|largest_gap|judge_expr|0.6365
trec-dl-2020|colbert-small|largest_gap|rankgpt|0.5806
trec-dl-2020|colbert-small|optimal_global|judge|0.6427
trec-dl-2020|colbert-small|optimal_global|judge_expr|0.6648
trec-dl-2020|colbert-small|optimal_global|rankgpt|0.8691
trec-dl-2020|colbert-small|optimal_per_topic|judge|0.7582
trec-dl-2020|colbert-small|optimal_per_topic|judge_expr|0.7838
trec-dl-2020|colbert-small|optimal_per_topic|rankgpt|0.8927
trec-dl-2020|colbert-small|quantile|judge|0.8034
trec-dl-2020|colbert-small|quantile|judge_expr|0.6801
trec-dl-2020|colbert-small|quantile|rankgpt|0.8975
trec-dl-2020|colbert-small|rank|judge|0.545
trec-dl-2020|colbert-small|rank|judge_expr|0.4348
trec-dl-2020|colbert-small|rank|rankgpt|0.5814
trec-dl-2020|colbert-small|thresholding|judge|0.6435
trec-dl-2020|colbert-small|thresholding|judge_expr|0.6325
trec-dl-2020|colbert-small|thresholding|rankgpt|0.0
trec-dl-2020|colbert-small+judge|direct|judge|0.8821
trec-dl-2020|colbert-small+judge|direct|judge_expr|0.8665
trec-dl-2020|colbert-small+judge|direct|rankgpt|0.3841
trec-dl-2020|colbert-small+judge|largest_gap|judge|0.8843
trec-dl-2020|colbert-small+judge|largest_gap|judge_expr|0.864
trec-dl-2020|colbert-small+judge|largest_gap|rankgpt|0.3841
trec-dl-2020|colbert-small+judge|optimal_global|judge|0.8787
trec-dl-2020|colbert-small+judge|optimal_global|judge_expr|0.8695
trec-dl-2020|colbert-small+judge|optimal_global|rankgpt|0.6692
trec-dl-2020|colbert-small+judge|optimal_per_topic|judge|0.8873
trec-dl-2020|colbert-small+judge|optimal_per_topic|judge_expr|0.8833
trec-dl-2020|colbert-small+judge|optimal_per_topic|rankgpt|0.7368
trec-dl-2020|colbert-small+judge|quantile|judge|0.8828
trec-dl-2020|colbert-small+judge|quantile|judge_expr|0.8395
trec-dl-2020|colbert-small+judge|quantile|rankgpt|0.7155
trec-dl-2020|colbert-small+judge|rank|judge|0.6967
trec-dl-2020|colbert-small+judge|rank|judge_expr|0.6681
trec-dl-2020|colbert-small+judge|rank|rankgpt|0.4609
trec-dl-2020|colbert-small+judge|thresholding|judge|0.8726
trec-dl-2020|colbert-small+judge|thresholding|judge_expr|0.8662
trec-dl-2020|colbert-small+judge|thresholding|rankgpt|0.0
trec-dl-2020|colbert-small+judge_expr|direct|judge|0.8751
trec-dl-2020|colbert-small+judge_expr|direct|judge_expr|0.8755
trec-dl-2020|colbert-small+judge_expr|direct|rankgpt|0.4847
trec-dl-2020|colbert-small+judge_expr|largest_gap|judge|0.881
trec-dl-2020|colbert-small+judge_expr|largest_gap|judge_expr|0.8775
trec-dl-2020|colbert-small+judge_expr|largest_gap|rankgpt|0.4847
trec-dl-2020|colbert-small+judge_expr|optimal_global|judge|0.8736
trec-dl-2020|colbert-small+judge_expr|optimal_global|judge_expr|0.8677
trec-dl-2020|colbert-small+judge_expr|optimal_global|rankgpt|0.6802
trec-dl-2020|colbert-small+judge_expr|optimal_per_topic|judge|0.8818
trec-dl-2020|colbert-small+judge_expr|optimal_per_topic|judge_expr|0.8933
trec-dl-2020|colbert-small+judge_expr|optimal_per_topic|rankgpt|0.7408
trec-dl-2020|colbert-small+judge_expr|quantile|judge|0.8754
trec-dl-2020|colbert-small+judge_expr|quantile|judge_expr|0.8766
trec-dl-2020|colbert-small+judge_expr|quantile|rankgpt|0.7253
trec-dl-2020|colbert-small+judge_expr|rank|judge|0.6986
trec-dl-2020|colbert-small+judge_expr|rank|judge_expr|0.8278
trec-dl-2020|colbert-small+judge_expr|rank|rankgpt|0.4867
trec-dl-2020|colbert-small+judge_expr|thresholding|judge|0.8685
trec-dl-2020|colbert-small+judge_expr|thresholding|judge_expr|0.8808
trec-dl-2020|colbert-small+judge_expr|thresholding|rankgpt|0.0
trec-dl-2020|colbert-small+point|direct|judge|0.6951
trec-dl-2020|colbert-small+point|direct|judge_expr|0.6322
trec-dl-2020|colbert-small+point|direct|rankgpt|0.3495
trec-dl-2020|colbert-small+point|largest_gap|judge|0.564
trec-dl-2020|colbert-small+point|largest_gap|judge_expr|0.6487
trec-dl-2020|colbert-small+point|largest_gap|rankgpt|0.3495
trec-dl-2020|colbert-small+point|optimal_global|judge|0.6415
trec-dl-2020|colbert-small+point|optimal_global|judge_expr|0.6763
trec-dl-2020|colbert-small+point|optimal_global|rankgpt|0.6636
trec-dl-2020|colbert-small+point|optimal_per_topic|judge|0.7258
trec-dl-2020|colbert-small+point|optimal_per_topic|judge_expr|0.7454
trec-dl-2020|colbert-small+point|optimal_per_topic|rankgpt|0.7492
trec-dl-2020|colbert-small+point|quantile|judge|0.774
trec-dl-2020|colbert-small+point|quantile|judge_expr|0.6671
trec-dl-2020|colbert-small+point|quantile|rankgpt|0.7065
trec-dl-2020|colbert-small+point|rank|judge|0.4887
trec-dl-2020|colbert-small+point|rank|judge_expr|0.429
trec-dl-2020|colbert-small+point|rank|rankgpt|0.4232
trec-dl-2020|colbert-small+point|thresholding|judge|0.6553
trec-dl-2020|colbert-small+point|thresholding|judge_expr|0.6381
trec-dl-2020|colbert-small+point|thresholding|rankgpt|0.0
trec-dl-2020|colbert-small+rankfirst|direct|judge|0.7819
trec-dl-2020|colbert-small+rankfirst|direct|judge_expr|0.7214
trec-dl-2020|colbert-small+rankfirst|direct|rankgpt|0.7076
trec-dl-2020|colbert-small+rankfirst|largest_gap|judge|0.7006
trec-dl-2020|colbert-small+rankfirst|largest_gap|judge_expr|0.7316
trec-dl-2020|colbert-small+rankfirst|largest_gap|rankgpt|0.7076
trec-dl-2020|colbert-small+rankfirst|optimal_global|judge|0.7379
trec-dl-2020|colbert-small+rankfirst|optimal_global|judge_expr|0.7489
trec-dl-2020|colbert-small+rankfirst|optimal_global|rankgpt|0.8737
trec-dl-2020|colbert-small+rankfirst|optimal_per_topic|judge|0.8301
trec-dl-2020|colbert-small+rankfirst|optimal_per_topic|judge_expr|0.8559
trec-dl-2020|colbert-small+rankfirst|optimal_per_topic|rankgpt|0.923
trec-dl-2020|colbert-small+rankfirst|quantile|judge|0.8669
trec-dl-2020|colbert-small+rankfirst|quantile|judge_expr|0.7709
trec-dl-2020|colbert-small+rankfirst|quantile|rankgpt|0.9002
trec-dl-2020|colbert-small+rankfirst|rank|judge|0.6169
trec-dl-2020|colbert-small+rankfirst|rank|judge_expr|0.5369
trec-dl-2020|colbert-small+rankfirst|rank|rankgpt|0.6539
trec-dl-2020|colbert-small+rankfirst|thresholding|judge|0.7352
trec-dl-2020|colbert-small+rankfirst|thresholding|judge_expr|0.7249
trec-dl-2020|colbert-small+rankfirst|thresholding|rankgpt|0.0
trec-dl-2020|colbert-small+rankgpt|direct|judge|0.7937
trec-dl-2020|colbert-small+rankgpt|direct|judge_expr|0.7385
trec-dl-2020|colbert-small+rankgpt|direct|rankgpt|0.7322
trec-dl-2020|colbert-small+rankgpt|largest_gap|judge|0.7143
trec-dl-2020|colbert-small+rankgpt|largest_gap|judge_expr|0.759
trec-dl-2020|colbert-small+rankgpt|largest_gap|rankgpt|0.7322
trec-dl-2020|colbert-small+rankgpt|optimal_global|judge|0.7629
trec-dl-2020|colbert-small+rankgpt|optimal_global|judge_expr|0.7743
trec-dl-2020|colbert-small+rankgpt|optimal_global|rankgpt|0.8607
trec-dl-2020|colbert-small+rankgpt|optimal_per_topic|judge|0.8449
trec-dl-2020|colbert-small+rankgpt|optimal_per_topic|judge_expr|0.8605
trec-dl-2020|colbert-small+rankgpt|optimal_per_topic|rankgpt|0.9142
trec-dl-2020|colbert-small+rankgpt|quantile|judge|0.867
trec-dl-2020|colbert-small+rankgpt|quantile|judge_expr|0.782
trec-dl-2020|colbert-small+rankgpt|quantile|rankgpt|0.8814
trec-dl-2020|colbert-small+rankgpt|rank|judge|0.5922
trec-dl-2020|colbert-small+rankgpt|rank|judge_expr|0.5394
trec-dl-2020|colbert-small+rankgpt|rank|rankgpt|0.6653
trec-dl-2020|colbert-small+rankgpt|thresholding|judge|0.7591
trec-dl-2020|colbert-small+rankgpt|thresholding|judge_expr|0.7538
trec-dl-2020|colbert-small+rankgpt|thresholding|rankgpt|0.0
trec-dl-2020|colbert-small+setmaxheaptopk|direct|judge|0.7856
trec-dl-2020|colbert-small+setmaxheaptopk|direct|judge_expr|0.7305
trec-dl-2020|colbert-small+setmaxheaptopk|direct|rankgpt|0.6477
trec-dl-2020|colbert-small+setmaxheaptopk|largest_gap|judge|0.7242
trec-dl-2020|colbert-small+setmaxheaptopk|largest_gap|judge_expr|0.7411
trec-dl-2020|colbert-small+setmaxheaptopk|largest_gap|rankgpt|0.6477
trec-dl-2020|colbert-small+setmaxheaptopk|optimal_global|judge|0.7493
trec-dl-2020|colbert-small+setmaxheaptopk|optimal_global|judge_expr|0.763
trec-dl-2020|colbert-small+setmaxheaptopk|optimal_global|rankgpt|0.8199
trec-dl-2020|colbert-small+setmaxheaptopk|optimal_per_topic|judge|0.8202
trec-dl-2020|colbert-small+setmaxheaptopk|optimal_per_topic|judge_expr|0.8367
trec-dl-2020|colbert-small+setmaxheaptopk|optimal_per_topic|rankgpt|0.8478
trec-dl-2020|colbert-small+setmaxheaptopk|quantile|judge|0.8536
trec-dl-2020|colbert-small+setmaxheaptopk|quantile|judge_expr|0.7807
trec-dl-2020|colbert-small+setmaxheaptopk|quantile|rankgpt|0.8512
trec-dl-2020|colbert-small+setmaxheaptopk|rank|judge|0.5712
trec-dl-2020|colbert-small+setmaxheaptopk|rank|judge_expr|0.5396
trec-dl-2020|colbert-small+setmaxheaptopk|rank|rankgpt|0.6174
trec-dl-2020|colbert-small+setmaxheaptopk|thresholding|judge|0.7405
trec-dl-2020|colbert-small+setmaxheaptopk|thresholding|judge_expr|0.7393
trec-dl-2020|colbert-small+setmaxheaptopk|thresholding|rankgpt|0.0
trec-dl-2020|nomicai-modernbert-embed|direct|judge|0.6969
trec-dl-2020|nomicai-modernbert-embed|direct|judge_expr|0.6252
trec-dl-2020|nomicai-modernbert-embed|direct|rankgpt|0.5965
trec-dl-2020|nomicai-modernbert-embed|largest_gap|judge|0.5766
trec-dl-2020|nomicai-modernbert-embed|largest_gap|judge_expr|0.6372
trec-dl-2020|nomicai-modernbert-embed|largest_gap|rankgpt|0.5965
trec-dl-2020|nomicai-modernbert-embed|optimal_global|judge|0.6399
trec-dl-2020|nomicai-modernbert-embed|optimal_global|judge_expr|0.6642
trec-dl-2020|nomicai-modernbert-embed|optimal_global|rankgpt|0.8058
trec-dl-2020|nomicai-modernbert-embed|optimal_per_topic|judge|0.7466
trec-dl-2020|nomicai-modernbert-embed|optimal_per_topic|judge_expr|0.7873
trec-dl-2020|nomicai-modernbert-embed|optimal_per_topic|rankgpt|0.8477
trec-dl-2020|nomicai-modernbert-embed|quantile|judge|0.7667
trec-dl-2020|nomicai-modernbert-embed|quantile|judge_expr|0.6576
trec-dl-2020|nomicai-modernbert-embed|quantile|rankgpt|0.8257
trec-dl-2020|nomicai-modernbert-embed|rank|judge|0.5235
trec-dl-2020|nomicai-modernbert-embed|rank|judge_expr|0.4281
trec-dl-2020|nomicai-modernbert-embed|rank|rankgpt|0.5783
trec-dl-2020|nomicai-modernbert-embed|thresholding|judge|0.6493
trec-dl-2020|nomicai-modernbert-embed|thresholding|judge_expr|0.6314
trec-dl-2020|nomicai-modernbert-embed|thresholding|rankgpt|0.0
trec-dl-2020|nomicai-modernbert-embed+judge|direct|judge|0.874
trec-dl-2020|nomicai-modernbert-embed+judge|direct|judge_expr|0.8535
trec-dl-2020|nomicai-modernbert-embed+judge|direct|rankgpt|0.3713
trec-dl-2020|nomicai-modernbert-embed+judge|largest_gap|judge|0.8684
trec-dl-2020|nomicai-modernbert-embed+judge|largest_gap|judge_expr|0.8692
trec-dl-2020|nomicai-modernbert-embed+judge|largest_gap|rankgpt|0.3713
trec-dl-2020|nomicai-modernbert-embed+judge|optimal_global|judge|0.8729
trec-dl-2020|nomicai-modernbert-embed+judge|optimal_global|judge_expr|0.8587
trec-dl-2020|nomicai-modernbert-embed+judge|optimal_global|rankgpt|0.6844
trec-dl-2020|nomicai-modernbert-embed+judge|optimal_per_topic|judge|0.8831
trec-dl-2020|nomicai-modernbert-embed+judge|optimal_per_topic|judge_expr|0.8778
trec-dl-2020|nomicai-modernbert-embed+judge|optimal_per_topic|rankgpt|0.7614
trec-dl-2020|nomicai-modernbert-embed+judge|quantile|judge|0.891
trec-dl-2020|nomicai-modernbert-embed+judge|quantile|judge_expr|0.8316
trec-dl-2020|nomicai-modernbert-embed+judge|quantile|rankgpt|0.729
trec-dl-2020|nomicai-modernbert-embed+judge|rank|judge|0.7029
trec-dl-2020|nomicai-modernbert-embed+judge|rank|judge_expr|0.6483
trec-dl-2020|nomicai-modernbert-embed+judge|rank|rankgpt|0.4769
trec-dl-2020|nomicai-modernbert-embed+judge|thresholding|judge|0.8686
trec-dl-2020|nomicai-modernbert-embed+judge|thresholding|judge_expr|0.8615
trec-dl-2020|nomicai-modernbert-embed+judge|thresholding|rankgpt|0.0
trec-dl-2020|nomicai-modernbert-embed+judge_expr|direct|judge|0.8746
trec-dl-2020|nomicai-modernbert-embed+judge_expr|direct|judge_expr|0.8663
trec-dl-2020|nomicai-modernbert-embed+judge_expr|direct|rankgpt|0.4719
trec-dl-2020|nomicai-modernbert-embed+judge_expr|largest_gap|judge|0.8686
trec-dl-2020|nomicai-modernbert-embed+judge_expr|largest_gap|judge_expr|0.8799
trec-dl-2020|nomicai-modernbert-embed+judge_expr|largest_gap|rankgpt|0.4719
trec-dl-2020|nomicai-modernbert-embed+judge_expr|optimal_global|judge|0.8725
trec-dl-2020|nomicai-modernbert-embed+judge_expr|optimal_global|judge_expr|0.8619
trec-dl-2020|nomicai-modernbert-embed+judge_expr|optimal_global|rankgpt|0.6867
trec-dl-2020|nomicai-modernbert-embed+judge_expr|optimal_per_topic|judge|0.8877
trec-dl-2020|nomicai-modernbert-embed+judge_expr|optimal_per_topic|judge_expr|0.9012
trec-dl-2020|nomicai-modernbert-embed+judge_expr|optimal_per_topic|rankgpt|0.7679
trec-dl-2020|nomicai-modernbert-embed+judge_expr|quantile|judge|0.8976
trec-dl-2020|nomicai-modernbert-embed+judge_expr|quantile|judge_expr|0.8964
trec-dl-2020|nomicai-modernbert-embed+judge_expr|quantile|rankgpt|0.7366
trec-dl-2020|nomicai-modernbert-embed+judge_expr|rank|judge|0.6932
trec-dl-2020|nomicai-modernbert-embed+judge_expr|rank|judge_expr|0.8047
trec-dl-2020|nomicai-modernbert-embed+judge_expr|rank|rankgpt|0.4934
trec-dl-2020|nomicai-modernbert-embed+judge_expr|thresholding|judge|0.8687
trec-dl-2020|nomicai-modernbert-embed+judge_expr|thresholding|judge_expr|0.8755
trec-dl-2020|nomicai-modernbert-embed+judge_expr|thresholding|rankgpt|0.0
trec-dl-2020|nomicai-modernbert-embed+point|direct|judge|0.7067
trec-dl-2020|nomicai-modernbert-embed+point|direct|judge_expr|0.6429
trec-dl-2020|nomicai-modernbert-embed+point|direct|rankgpt|0.3596
trec-dl-2020|nomicai-modernbert-embed+point|largest_gap|judge|0.5809
trec-dl-2020|nomicai-modernbert-embed+point|largest_gap|judge_expr|0.663
trec-dl-2020|nomicai-modernbert-embed+point|largest_gap|rankgpt|0.3596
trec-dl-2020|nomicai-modernbert-embed+point|optimal_global|judge|0.6557
trec-dl-2020|nomicai-modernbert-embed+point|optimal_global|judge_expr|0.6891
trec-dl-2020|nomicai-modernbert-embed+point|optimal_global|rankgpt|0.6846
trec-dl-2020|nomicai-modernbert-embed+point|optimal_per_topic|judge|0.7261
trec-dl-2020|nomicai-modernbert-embed+point|optimal_per_topic|judge_expr|0.7424
trec-dl-2020|nomicai-modernbert-embed+point|optimal_per_topic|rankgpt|0.7634
trec-dl-2020|nomicai-modernbert-embed+point|quantile|judge|0.7957
trec-dl-2020|nomicai-modernbert-embed+point|quantile|judge_expr|0.6773
trec-dl-2020|nomicai-modernbert-embed+point|quantile|rankgpt|0.7311
trec-dl-2020|nomicai-modernbert-embed+point|rank|judge|0.5095
trec-dl-2020|nomicai-modernbert-embed+point|rank|judge_expr|0.4403
trec-dl-2020|nomicai-modernbert-embed+point|rank|rankgpt|0.4481
trec-dl-2020|nomicai-modernbert-embed+point|thresholding|judge|0.6755
trec-dl-2020|nomicai-modernbert-embed+point|thresholding|judge_expr|0.651
trec-dl-2020|nomicai-modernbert-embed+point|thresholding|rankgpt|0.0
trec-dl-2020|nomicai-modernbert-embed+rankfirst|direct|judge|0.7628
trec-dl-2020|nomicai-modernbert-embed+rankfirst|direct|judge_expr|0.6974
trec-dl-2020|nomicai-modernbert-embed+rankfirst|direct|rankgpt|0.6676
trec-dl-2020|nomicai-modernbert-embed+rankfirst|largest_gap|judge|0.6775
trec-dl-2020|nomicai-modernbert-embed+rankfirst|largest_gap|judge_expr|0.7108
trec-dl-2020|nomicai-modernbert-embed+rankfirst|largest_gap|rankgpt|0.6676
trec-dl-2020|nomicai-modernbert-embed+rankfirst|optimal_global|judge|0.7142
trec-dl-2020|nomicai-modernbert-embed+rankfirst|optimal_global|judge_expr|0.7257
trec-dl-2020|nomicai-modernbert-embed+rankfirst|optimal_global|rankgpt|0.868
trec-dl-2020|nomicai-modernbert-embed+rankfirst|optimal_per_topic|judge|0.8145
trec-dl-2020|nomicai-modernbert-embed+rankfirst|optimal_per_topic|judge_expr|0.8455
trec-dl-2020|nomicai-modernbert-embed+rankfirst|optimal_per_topic|rankgpt|0.9062
trec-dl-2020|nomicai-modernbert-embed+rankfirst|quantile|judge|0.852
trec-dl-2020|nomicai-modernbert-embed+rankfirst|quantile|judge_expr|0.7512
trec-dl-2020|nomicai-modernbert-embed+rankfirst|quantile|rankgpt|0.8914
trec-dl-2020|nomicai-modernbert-embed+rankfirst|rank|judge|0.6049
trec-dl-2020|nomicai-modernbert-embed+rankfirst|rank|judge_expr|0.5022
trec-dl-2020|nomicai-modernbert-embed+rankfirst|rank|rankgpt|0.6366
trec-dl-2020|nomicai-modernbert-embed+rankfirst|thresholding|judge|0.7175
trec-dl-2020|nomicai-modernbert-embed+rankfirst|thresholding|judge_expr|0.6936
trec-dl-2020|nomicai-modernbert-embed+rankfirst|thresholding|rankgpt|0.0
trec-dl-2020|nomicai-modernbert-embed+rankgpt|direct|judge|0.756
trec-dl-2020|nomicai-modernbert-embed+rankgpt|direct|judge_expr|0.6981
trec-dl-2020|nomicai-modernbert-embed+rankgpt|direct|rankgpt|0.68
trec-dl-2020|nomicai-modernbert-embed+rankgpt|largest_gap|judge|0.6743
trec-dl-2020|nomicai-modernbert-embed+rankgpt|largest_gap|judge_expr|0.7126
trec-dl-2020|nomicai-modernbert-embed+rankgpt|largest_gap|rankgpt|0.68
trec-dl-2020|nomicai-modernbert-embed+rankgpt|optimal_global|judge|0.7126
trec-dl-2020|nomicai-modernbert-embed+rankgpt|optimal_global|judge_expr|0.726
trec-dl-2020|nomicai-modernbert-embed+rankgpt|optimal_global|rankgpt|0.8206
trec-dl-2020|nomicai-modernbert-embed+rankgpt|optimal_per_topic|judge|0.7869
trec-dl-2020|nomicai-modernbert-embed+rankgpt|optimal_per_topic|judge_expr|0.8207
trec-dl-2020|nomicai-modernbert-embed+rankgpt|optimal_per_topic|rankgpt|0.8821
trec-dl-2020|nomicai-modernbert-embed+rankgpt|quantile|judge|0.8399
trec-dl-2020|nomicai-modernbert-embed+rankgpt|quantile|judge_expr|0.7507
trec-dl-2020|nomicai-modernbert-embed+rankgpt|quantile|rankgpt|0.8402
trec-dl-2020|nomicai-modernbert-embed+rankgpt|rank|judge|0.5697
trec-dl-2020|nomicai-modernbert-embed+rankgpt|rank|judge_expr|0.4882
trec-dl-2020|nomicai-modernbert-embed+rankgpt|rank|rankgpt|0.6281
trec-dl-2020|nomicai-modernbert-embed+rankgpt|thresholding|judge|0.7157
trec-dl-2020|nomicai-modernbert-embed+rankgpt|thresholding|judge_expr|0.7045
trec-dl-2020|nomicai-modernbert-embed+rankgpt|thresholding|rankgpt|0.0
trec-dl-2020|nomicai-modernbert-embed+setmaxheaptopk|direct|judge|0.7776
trec-dl-2020|nomicai-modernbert-embed+setmaxheaptopk|direct|judge_expr|0.7262
trec-dl-2020|nomicai-modernbert-embed+setmaxheaptopk|direct|rankgpt|0.6396
trec-dl-2020|nomicai-modernbert-embed+setmaxheaptopk|largest_gap|judge|0.6893
trec-dl-2020|nomicai-modernbert-embed+setmaxheaptopk|largest_gap|judge_expr|0.7498
trec-dl-2020|nomicai-modernbert-embed+setmaxheaptopk|largest_gap|rankgpt|0.6396
trec-dl-2020|nomicai-modernbert-embed+setmaxheaptopk|optimal_global|judge|0.7517
trec-dl-2020|nomicai-modernbert-embed+setmaxheaptopk|optimal_global|judge_expr|0.7605
trec-dl-2020|nomicai-modernbert-embed+setmaxheaptopk|optimal_global|rankgpt|0.8001
trec-dl-2020|nomicai-modernbert-embed+setmaxheaptopk|optimal_per_topic|judge|0.8105
trec-dl-2020|nomicai-modernbert-embed+setmaxheaptopk|optimal_per_topic|judge_expr|0.8465
trec-dl-2020|nomicai-modernbert-embed+setmaxheaptopk|optimal_per_topic|rankgpt|0.8515
trec-dl-2020|nomicai-modernbert-embed+setmaxheaptopk|quantile|judge|0.8793
trec-dl-2020|nomicai-modernbert-embed+setmaxheaptopk|quantile|judge_expr|0.7934
trec-dl-2020|nomicai-modernbert-embed+setmaxheaptopk|quantile|rankgpt|0.8272
trec-dl-2020|nomicai-modernbert-embed+setmaxheaptopk|rank|judge|0.5777
trec-dl-2020|nomicai-modernbert-embed+setmaxheaptopk|rank|judge_expr|0.5265
trec-dl-2020|nomicai-modernbert-embed+setmaxheaptopk|rank|rankgpt|0.6185
trec-dl-2020|nomicai-modernbert-embed+setmaxheaptopk|thresholding|judge|0.7492
trec-dl-2020|nomicai-modernbert-embed+setmaxheaptopk|thresholding|judge_expr|0.7344
trec-dl-2020|nomicai-modernbert-embed+setmaxheaptopk|thresholding|rankgpt|0.0
trec-dl-2020|qwen3-embed-600m|direct|judge|0.7045
trec-dl-2020|qwen3-embed-600m|direct|judge_expr|0.6391
trec-dl-2020|qwen3-embed-600m|direct|rankgpt|0.6042
trec-dl-2020|qwen3-embed-600m|largest_gap|judge|0.5921
trec-dl-2020|qwen3-embed-600m|largest_gap|judge_expr|0.6524
trec-dl-2020|qwen3-embed-600m|largest_gap|rankgpt|0.6042
trec-dl-2020|qwen3-embed-600m|optimal_global|judge|0.652
trec-dl-2020|qwen3-embed-600m|optimal_global|judge_expr|0.6721
trec-dl-2020|qwen3-embed-600m|optimal_global|rankgpt|0.8108
trec-dl-2020|qwen3-embed-600m|optimal_per_topic|judge|0.7356
trec-dl-2020|qwen3-embed-600m|optimal_per_topic|judge_expr|0.7662
trec-dl-2020|qwen3-embed-600m|optimal_per_topic|rankgpt|0.8443
trec-dl-2020|qwen3-embed-600m|quantile|judge|0.7866
trec-dl-2020|qwen3-embed-600m|quantile|judge_expr|0.6667
trec-dl-2020|qwen3-embed-600m|quantile|rankgpt|0.8476
trec-dl-2020|qwen3-embed-600m|rank|judge|0.5309
trec-dl-2020|qwen3-embed-600m|rank|judge_expr|0.4481
trec-dl-2020|qwen3-embed-600m|rank|rankgpt|0.5636
trec-dl-2020|qwen3-embed-600m|thresholding|judge|0.6581
trec-dl-2020|qwen3-embed-600m|thresholding|judge_expr|0.6433
trec-dl-2020|qwen3-embed-600m|thresholding|rankgpt|0.0
trec-dl-2020|qwen3-embed-600m+judge|direct|judge|0.8788
trec-dl-2020|qwen3-embed-600m+judge|direct|judge_expr|0.8626
trec-dl-2020|qwen3-embed-600m+judge|direct|rankgpt|0.4324
trec-dl-2020|qwen3-embed-600m+judge|largest_gap|judge|0.8673
trec-dl-2020|qwen3-embed-600m+judge|largest_gap|judge_expr|0.8711
trec-dl-2020|qwen3-embed-600m+judge|largest_gap|rankgpt|0.4324
trec-dl-2020|qwen3-embed-600m+judge|optimal_global|judge|0.879
trec-dl-2020|qwen3-embed-600m+judge|optimal_global|judge_expr|0.8737
trec-dl-2020|qwen3-embed-600m+judge|optimal_global|rankgpt|0.6985
trec-dl-2020|qwen3-embed-600m+judge|optimal_per_topic|judge|0.8962
trec-dl-2020|qwen3-embed-600m+judge|optimal_per_topic|judge_expr|0.8847
trec-dl-2020|qwen3-embed-600m+judge|optimal_per_topic|rankgpt|0.7492
trec-dl-2020|qwen3-embed-600m+judge|quantile|judge|0.8859
trec-dl-2020|qwen3-embed-600m+judge|quantile|judge_expr|0.8339
trec-dl-2020|qwen3-embed-600m+judge|quantile|rankgpt|0.7408
trec-dl-2020|qwen3-embed-600m+judge|rank|judge|0.7055
trec-dl-2020|qwen3-embed-600m+judge|rank|judge_expr|0.648
trec-dl-2020|qwen3-embed-600m+judge|rank|rankgpt|0.4867
trec-dl-2020|qwen3-embed-600m+judge|thresholding|judge|0.8772
trec-dl-2020|qwen3-embed-600m+judge|thresholding|judge_expr|0.8673
trec-dl-2020|qwen3-embed-600m+judge|thresholding|rankgpt|0.0
trec-dl-2020|qwen3-embed-600m+judge_expr|direct|judge|0.8763
trec-dl-2020|qwen3-embed-600m+judge_expr|direct|judge_expr|0.8747
trec-dl-2020|qwen3-embed-600m+judge_expr|direct|rankgpt|0.5012
trec-dl-2020|qwen3-embed-600m+judge_expr|largest_gap|judge|0.8689
trec-dl-2020|qwen3-embed-600m+judge_expr|largest_gap|judge_expr|0.8826
trec-dl-2020|qwen3-embed-600m+judge_expr|largest_gap|rankgpt|0.5012
trec-dl-2020|qwen3-embed-600m+judge_expr|optimal_global|judge|0.877
trec-dl-2020|qwen3-embed-600m+judge_expr|optimal_global|judge_expr|0.8729
trec-dl-2020|qwen3-embed-600m+judge_expr|optimal_global|rankgpt|0.7152
trec-dl-2020|qwen3-embed-600m+judge_expr|optimal_per_topic|judge|0.8948
trec-dl-2020|qwen3-embed-600m+judge_expr|optimal_per_topic|judge_expr|0.902
trec-dl-2020|qwen3-embed-600m+judge_expr|optimal_per_topic|rankgpt|0.7562
trec-dl-2020|qwen3-embed-600m+judge_expr|quantile|judge|0.8853
trec-dl-2020|qwen3-embed-600m+judge_expr|quantile|judge_expr|0.889
trec-dl-2020|qwen3-embed-600m+judge_expr|quantile|rankgpt|0.7564
trec-dl-2020|qwen3-embed-600m+judge_expr|rank|judge|0.7166
trec-dl-2020|qwen3-embed-600m+judge_expr|rank|judge_expr|0.8022
trec-dl-2020|qwen3-embed-600m+judge_expr|rank|rankgpt|0.5136
trec-dl-2020|qwen3-embed-600m+judge_expr|thresholding|judge|0.8768
trec-dl-2020|qwen3-embed-600m+judge_expr|thresholding|judge_expr|0.8814
trec-dl-2020|qwen3-embed-600m+judge_expr|thresholding|rankgpt|0.0
trec-dl-2020|qwen3-embed-600m+point|direct|judge|0.6909
trec-dl-2020|qwen3-embed-600m+point|direct|judge_expr|0.6294
trec-dl-2020|qwen3-embed-600m+point|direct|rankgpt|0.3726
trec-dl-2020|qwen3-embed-600m+point|largest_gap|judge|0.5598
trec-dl-2020|qwen3-embed-600m+point|largest_gap|judge_expr|0.6513
trec-dl-2020|qwen3-embed-600m+point|largest_gap|rankgpt|0.3726
trec-dl-2020|qwen3-embed-600m+point|optimal_global|judge|0.6465
trec-dl-2020|qwen3-embed-600m+point|optimal_global|judge_expr|0.6754
trec-dl-2020|qwen3-embed-600m+point|optimal_global|rankgpt|0.6657
trec-dl-2020|qwen3-embed-600m+point|optimal_per_topic|judge|0.7149
trec-dl-2020|qwen3-embed-600m+point|optimal_per_topic|judge_expr|0.728
trec-dl-2020|qwen3-embed-600m+point|optimal_per_topic|rankgpt|0.7333
trec-dl-2020|qwen3-embed-600m+point|quantile|judge|0.7747
trec-dl-2020|qwen3-embed-600m+point|quantile|judge_expr|0.6563
trec-dl-2020|qwen3-embed-600m+point|quantile|rankgpt|0.7047
trec-dl-2020|qwen3-embed-600m+point|rank|judge|0.4794
trec-dl-2020|qwen3-embed-600m+point|rank|judge_expr|0.4311
trec-dl-2020|qwen3-embed-600m+point|rank|rankgpt|0.4232
trec-dl-2020|qwen3-embed-600m+point|thresholding|judge|0.6609
trec-dl-2020|qwen3-embed-600m+point|thresholding|judge_expr|0.6388
trec-dl-2020|qwen3-embed-600m+point|thresholding|rankgpt|0.0
trec-dl-2020|qwen3-embed-600m+rankfirst|direct|judge|0.7765
trec-dl-2020|qwen3-embed-600m+rankfirst|direct|judge_expr|0.7206
trec-dl-2020|qwen3-embed-600m+rankfirst|direct|rankgpt|0.7109
trec-dl-2020|qwen3-embed-600m+rankfirst|largest_gap|judge|0.6895
trec-dl-2020|qwen3-embed-600m+rankfirst|largest_gap|judge_expr|0.738
trec-dl-2020|qwen3-embed-600m+rankfirst|largest_gap|rankgpt|0.7109
trec-dl-2020|qwen3-embed-600m+rankfirst|optimal_global|judge|0.7366
trec-dl-2020|qwen3-embed-600m+rankfirst|optimal_global|judge_expr|0.7488
trec-dl-2020|qwen3-embed-600m+rankfirst|optimal_global|rankgpt|0.8789
trec-dl-2020|qwen3-embed-600m+rankfirst|optimal_per_topic|judge|0.8296
trec-dl-2020|qwen3-embed-600m+rankfirst|optimal_per_topic|judge_expr|0.8617
trec-dl-2020|qwen3-embed-600m+rankfirst|optimal_per_topic|rankgpt|0.914
trec-dl-2020|qwen3-embed-600m+rankfirst|quantile|judge|0.8614
trec-dl-2020|qwen3-embed-600m+rankfirst|quantile|judge_expr|0.7729
trec-dl-2020|qwen3-embed-600m+rankfirst|quantile|rankgpt|0.9046
trec-dl-2020|qwen3-embed-600m+rankfirst|rank|judge|0.6063
trec-dl-2020|qwen3-embed-600m+rankfirst|rank|judge_expr|0.5221
trec-dl-2020|qwen3-embed-600m+rankfirst|rank|rankgpt|0.6413
trec-dl-2020|qwen3-embed-600m+rankfirst|thresholding|judge|0.7412
trec-dl-2020|qwen3-embed-600m+rankfirst|thresholding|judge_expr|0.7235
trec-dl-2020|qwen3-embed-600m+rankfirst|thresholding|rankgpt|0.0
trec-dl-2020|qwen3-embed-600m+rankgpt|direct|judge|0.7632
trec-dl-2020|qwen3-embed-600m+rankgpt|direct|judge_expr|0.7078
trec-dl-2020|qwen3-embed-600m+rankgpt|direct|rankgpt|0.6964
trec-dl-2020|qwen3-embed-600m+rankgpt|largest_gap|judge|0.6713
trec-dl-2020|qwen3-embed-600m+rankgpt|largest_gap|judge_expr|0.7155
trec-dl-2020|qwen3-embed-600m+rankgpt|largest_gap|rankgpt|0.6964
trec-dl-2020|qwen3-embed-600m+rankgpt|optimal_global|judge|0.7226
trec-dl-2020|qwen3-embed-600m+rankgpt|optimal_global|judge_expr|0.7438
trec-dl-2020|qwen3-embed-600m+rankgpt|optimal_global|rankgpt|0.8332
trec-dl-2020|qwen3-embed-600m+rankgpt|optimal_per_topic|judge|0.7996
trec-dl-2020|qwen3-embed-600m+rankgpt|optimal_per_topic|judge_expr|0.8394
trec-dl-2020|qwen3-embed-600m+rankgpt|optimal_per_topic|rankgpt|0.8747
trec-dl-2020|qwen3-embed-600m+rankgpt|quantile|judge|0.8521
trec-dl-2020|qwen3-embed-600m+rankgpt|quantile|judge_expr|0.7661
trec-dl-2020|qwen3-embed-600m+rankgpt|quantile|rankgpt|0.8681
trec-dl-2020|qwen3-embed-600m+rankgpt|rank|judge|0.567
trec-dl-2020|qwen3-embed-600m+rankgpt|rank|judge_expr|0.5116
trec-dl-2020|qwen3-embed-600m+rankgpt|rank|rankgpt|0.6294
trec-dl-2020|qwen3-embed-600m+rankgpt|thresholding|judge|0.7269
trec-dl-2020|qwen3-embed-600m+rankgpt|thresholding|judge_expr|0.7099
trec-dl-2020|qwen3-embed-600m+rankgpt|thresholding|rankgpt|0.0
trec-dl-2020|qwen3-embed-600m+setmaxheaptopk|direct|judge|0.79
trec-dl-2020|qwen3-embed-600m+setmaxheaptopk|direct|judge_expr|0.7354
trec-dl-2020|qwen3-embed-600m+setmaxheaptopk|direct|rankgpt|0.7127
trec-dl-2020|qwen3-embed-600m+setmaxheaptopk|largest_gap|judge|0.7005
trec-dl-2020|qwen3-embed-600m+setmaxheaptopk|largest_gap|judge_expr|0.7463
trec-dl-2020|qwen3-embed-600m+setmaxheaptopk|largest_gap|rankgpt|0.7127
trec-dl-2020|qwen3-embed-600m+setmaxheaptopk|optimal_global|judge|0.7515
trec-dl-2020|qwen3-embed-600m+setmaxheaptopk|optimal_global|judge_expr|0.7753
trec-dl-2020|qwen3-embed-600m+setmaxheaptopk|optimal_global|rankgpt|0.7995
trec-dl-2020|qwen3-embed-600m+setmaxheaptopk|optimal_per_topic|judge|0.8331
trec-dl-2020|qwen3-embed-600m+setmaxheaptopk|optimal_per_topic|judge_expr|0.855
trec-dl-2020|qwen3-embed-600m+setmaxheaptopk|optimal_per_topic|rankgpt|0.8459
trec-dl-2020|qwen3-embed-600m+setmaxheaptopk|quantile|judge|0.8765
trec-dl-2020|qwen3-embed-600m+setmaxheaptopk|quantile|judge_expr|0.7963
trec-dl-2020|qwen3-embed-600m+setmaxheaptopk|quantile|rankgpt|0.8323
trec-dl-2020|qwen3-embed-600m+setmaxheaptopk|rank|judge|0.5772
trec-dl-2020|qwen3-embed-600m+setmaxheaptopk|rank|judge_expr|0.5442
trec-dl-2020|qwen3-embed-600m+setmaxheaptopk|rank|rankgpt|0.6051
trec-dl-2020|qwen3-embed-600m+setmaxheaptopk|thresholding|judge|0.756
trec-dl-2020|qwen3-embed-600m+setmaxheaptopk|thresholding|judge_expr|0.7375
trec-dl-2020|qwen3-embed-600m+setmaxheaptopk|thresholding|rankgpt|0.0
trec-dl-2020|splade-v3|direct|judge|0.7308
trec-dl-2020|splade-v3|direct|judge_expr|0.648
trec-dl-2020|splade-v3|direct|rankgpt|0.7515
trec-dl-2020|splade-v3|largest_gap|judge|0.6108
trec-dl-2020|splade-v3|largest_gap|judge_expr|0.6665
trec-dl-2020|splade-v3|largest_gap|rankgpt|0.7515
trec-dl-2020|splade-v3|optimal_global|judge|0.6679
trec-dl-2020|splade-v3|optimal_global|judge_expr|0.6884
trec-dl-2020|splade-v3|optimal_global|rankgpt|1.0
trec-dl-2020|splade-v3|optimal_per_topic|judge|0.762
trec-dl-2020|splade-v3|optimal_per_topic|judge_expr|0.7899
trec-dl-2020|splade-v3|optimal_per_topic|rankgpt|0.941
trec-dl-2020|splade-v3|quantile|judge|0.8242
trec-dl-2020|splade-v3|quantile|judge_expr|0.706
trec-dl-2020|splade-v3|quantile|rankgpt|1.0
trec-dl-2020|splade-v3|rank|judge|0.6096
trec-dl-2020|splade-v3|rank|judge_expr|0.4473
trec-dl-2020|splade-v3|rank|rankgpt|0.679
trec-dl-2020|splade-v3|thresholding|judge|0.674
trec-dl-2020|splade-v3|thresholding|judge_expr|0.6516
trec-dl-2020|splade-v3|thresholding|rankgpt|0.0
trec-dl-2020|splade-v3+judge|direct|judge|1.0
trec-dl-2020|splade-v3+judge|direct|judge_expr|0.9817
trec-dl-2020|splade-v3+judge|direct|rankgpt|0.3823
trec-dl-2020|splade-v3+judge|largest_gap|judge|1.0
trec-dl-2020|splade-v3+judge|largest_gap|judge_expr|0.9818
trec-dl-2020|splade-v3+judge|largest_gap|rankgpt|0.3823
trec-dl-2020|splade-v3+judge|optimal_global|judge|1.0
trec-dl-2020|splade-v3+judge|optimal_global|judge_expr|0.9976
trec-dl-2020|splade-v3+judge|optimal_global|rankgpt|0.6931
trec-dl-2020|splade-v3+judge|optimal_per_topic|judge|1.0
trec-dl-2020|splade-v3+judge|optimal_per_topic|judge_expr|0.9627
trec-dl-2020|splade-v3+judge|optimal_per_topic|rankgpt|0.7688
trec-dl-2020|splade-v3+judge|quantile|judge|1.0
trec-dl-2020|splade-v3+judge|quantile|judge_expr|0.9394
trec-dl-2020|splade-v3+judge|quantile|rankgpt|0.7369
trec-dl-2020|splade-v3+judge|rank|judge|0.7873
trec-dl-2020|splade-v3+judge|rank|judge_expr|0.7506
trec-dl-2020|splade-v3+judge|rank|rankgpt|0.479
trec-dl-2020|splade-v3+judge|thresholding|judge|1.0
trec-dl-2020|splade-v3+judge|thresholding|judge_expr|0.9796
trec-dl-2020|splade-v3+judge|thresholding|rankgpt|0.0
trec-dl-2020|splade-v3+judge_expr|direct|judge|0.9969
trec-dl-2020|splade-v3+judge_expr|direct|judge_expr|1.0
trec-dl-2020|splade-v3+judge_expr|direct|rankgpt|0.4816
trec-dl-2020|splade-v3+judge_expr|largest_gap|judge|0.9976
trec-dl-2020|splade-v3+judge_expr|largest_gap|judge_expr|1.0
trec-dl-2020|splade-v3+judge_expr|largest_gap|rankgpt|0.4816
trec-dl-2020|splade-v3+judge_expr|optimal_global|judge|0.9993
trec-dl-2020|splade-v3+judge_expr|optimal_global|judge_expr|1.0
trec-dl-2020|splade-v3+judge_expr|optimal_global|rankgpt|0.6988
trec-dl-2020|splade-v3+judge_expr|optimal_per_topic|judge|0.9993
trec-dl-2020|splade-v3+judge_expr|optimal_per_topic|judge_expr|1.0
trec-dl-2020|splade-v3+judge_expr|optimal_per_topic|rankgpt|0.7669
trec-dl-2020|splade-v3+judge_expr|quantile|judge|0.9958
trec-dl-2020|splade-v3+judge_expr|quantile|judge_expr|1.0
trec-dl-2020|splade-v3+judge_expr|quantile|rankgpt|0.7454
trec-dl-2020|splade-v3+judge_expr|rank|judge|0.7744
trec-dl-2020|splade-v3+judge_expr|rank|judge_expr|1.0
trec-dl-2020|splade-v3+judge_expr|rank|rankgpt|0.4996
trec-dl-2020|splade-v3+judge_expr|thresholding|judge|0.9997
trec-dl-2020|splade-v3+judge_expr|thresholding|judge_expr|1.0
trec-dl-2020|splade-v3+judge_expr|thresholding|rankgpt|0.0
trec-dl-2020|splade-v3+point|direct|judge|0.7628
trec-dl-2020|splade-v3+point|direct|judge_expr|0.6888
trec-dl-2020|splade-v3+point|direct|rankgpt|0.3529
trec-dl-2020|splade-v3+point|largest_gap|judge|0.607
trec-dl-2020|splade-v3+point|largest_gap|judge_expr|0.7087
trec-dl-2020|splade-v3+point|largest_gap|rankgpt|0.3529
trec-dl-2020|splade-v3+point|optimal_global|judge|0.7027
trec-dl-2020|splade-v3+point|optimal_global|judge_expr|0.7454
trec-dl-2020|splade-v3+point|optimal_global|rankgpt|0.6841
trec-dl-2020|splade-v3+point|optimal_per_topic|judge|0.7879
trec-dl-2020|splade-v3+point|optimal_per_topic|judge_expr|0.7951
trec-dl-2020|splade-v3+point|optimal_per_topic|rankgpt|0.7854
trec-dl-2020|splade-v3+point|quantile|judge|0.8417
trec-dl-2020|splade-v3+point|quantile|judge_expr|0.7148
trec-dl-2020|splade-v3+point|quantile|rankgpt|0.7242
trec-dl-2020|splade-v3+point|rank|judge|0.5113
trec-dl-2020|splade-v3+point|rank|judge_expr|0.4634
trec-dl-2020|splade-v3+point|rank|rankgpt|0.4395
trec-dl-2020|splade-v3+point|thresholding|judge|0.7228
trec-dl-2020|splade-v3+point|thresholding|judge_expr|0.6954
trec-dl-2020|splade-v3+point|thresholding|rankgpt|0.0
trec-dl-2020|splade-v3+rankfirst|direct|judge|0.7937
trec-dl-2020|splade-v3+rankfirst|direct|judge_expr|0.7299
trec-dl-2020|splade-v3+rankfirst|direct|rankgpt|0.7643
trec-dl-2020|splade-v3+rankfirst|largest_gap|judge|0.7019
trec-dl-2020|splade-v3+rankfirst|largest_gap|judge_expr|0.7451
trec-dl-2020|splade-v3+rankfirst|largest_gap|rankgpt|0.7643
trec-dl-2020|splade-v3+rankfirst|optimal_global|judge|0.7471
trec-dl-2020|splade-v3+rankfirst|optimal_global|judge_expr|0.7653
trec-dl-2020|splade-v3+rankfirst|optimal_global|rankgpt|0.9157
trec-dl-2020|splade-v3+rankfirst|optimal_per_topic|judge|0.8336
trec-dl-2020|splade-v3+rankfirst|optimal_per_topic|judge_expr|0.8549
trec-dl-2020|splade-v3+rankfirst|optimal_per_topic|rankgpt|0.9417
trec-dl-2020|splade-v3+rankfirst|quantile|judge|0.8823
trec-dl-2020|splade-v3+rankfirst|quantile|judge_expr|0.7862
trec-dl-2020|splade-v3+rankfirst|quantile|rankgpt|0.9354
trec-dl-2020|splade-v3+rankfirst|rank|judge|0.6382
trec-dl-2020|splade-v3+rankfirst|rank|judge_expr|0.5355
trec-dl-2020|splade-v3+rankfirst|rank|rankgpt|0.6669
trec-dl-2020|splade-v3+rankfirst|thresholding|judge|0.754
trec-dl-2020|splade-v3+rankfirst|thresholding|judge_expr|0.7292
trec-dl-2020|splade-v3+rankfirst|thresholding|rankgpt|0.0
trec-dl-2020|splade-v3+rankgpt|direct|judge|0.7996
trec-dl-2020|splade-v3+rankgpt|direct|judge_expr|0.7322
trec-dl-2020|splade-v3+rankgpt|direct|rankgpt|1.0
trec-dl-2020|splade-v3+rankgpt|largest_gap|judge|0.6992
trec-dl-2020|splade-v3+rankgpt|largest_gap|judge_expr|0.7429
trec-dl-2020|splade-v3+rankgpt|largest_gap|rankgpt|1.0
trec-dl-2020|splade-v3+rankgpt|optimal_global|judge|0.7496
trec-dl-2020|splade-v3+rankgpt|optimal_global|judge_expr|0.7818
trec-dl-2020|splade-v3+rankgpt|optimal_global|rankgpt|1.0
trec-dl-2020|splade-v3+rankgpt|optimal_per_topic|judge|0.8216
trec-dl-2020|splade-v3+rankgpt|optimal_per_topic|judge_expr|0.8472
trec-dl-2020|splade-v3+rankgpt|optimal_per_topic|rankgpt|1.0
trec-dl-2020|splade-v3+rankgpt|quantile|judge|0.896
trec-dl-2020|splade-v3+rankgpt|quantile|judge_expr|0.7917
trec-dl-2020|splade-v3+rankgpt|quantile|rankgpt|1.0
trec-dl-2020|splade-v3+rankgpt|rank|judge|0.6176
trec-dl-2020|splade-v3+rankgpt|rank|judge_expr|0.5334
trec-dl-2020|splade-v3+rankgpt|rank|rankgpt|1.0
trec-dl-2020|splade-v3+rankgpt|thresholding|judge|0.758
trec-dl-2020|splade-v3+rankgpt|thresholding|judge_expr|0.7303
trec-dl-2020|splade-v3+rankgpt|thresholding|rankgpt|0.0
trec-dl-2020|splade-v3+setmaxheaptopk|direct|judge|0.84
trec-dl-2020|splade-v3+setmaxheaptopk|direct|judge_expr|0.7843
trec-dl-2020|splade-v3+setmaxheaptopk|direct|rankgpt|0.7284
trec-dl-2020|splade-v3+setmaxheaptopk|largest_gap|judge|0.7451
trec-dl-2020|splade-v3+setmaxheaptopk|largest_gap|judge_expr|0.7975
trec-dl-2020|splade-v3+setmaxheaptopk|largest_gap|rankgpt|0.7284
trec-dl-2020|splade-v3+setmaxheaptopk|optimal_global|judge|0.8061
trec-dl-2020|splade-v3+setmaxheaptopk|optimal_global|judge_expr|0.8251
trec-dl-2020|splade-v3+setmaxheaptopk|optimal_global|rankgpt|0.8151
trec-dl-2020|splade-v3+setmaxheaptopk|optimal_per_topic|judge|0.8746
trec-dl-2020|splade-v3+setmaxheaptopk|optimal_per_topic|judge_expr|0.8957
trec-dl-2020|splade-v3+setmaxheaptopk|optimal_per_topic|rankgpt|0.8815
trec-dl-2020|splade-v3+setmaxheaptopk|quantile|judge|0.9026
trec-dl-2020|splade-v3+setmaxheaptopk|quantile|judge_expr|0.8313
trec-dl-2020|splade-v3+setmaxheaptopk|quantile|rankgpt|0.8355
trec-dl-2020|splade-v3+setmaxheaptopk|rank|judge|0.6037
trec-dl-2020|splade-v3+setmaxheaptopk|rank|judge_expr|0.5842
trec-dl-2020|splade-v3+setmaxheaptopk|rank|rankgpt|0.6256
trec-dl-2020|splade-v3+setmaxheaptopk|thresholding|judge|0.8094
trec-dl-2020|splade-v3+setmaxheaptopk|thresholding|judge_expr|0.7865
trec-dl-2020|splade-v3+setmaxheaptopk|thresholding|rankgpt|0.0
webis-touche2020|bm25|direct|judge|0.5289
webis-touche2020|bm25|direct|judge_expr|0.4399
webis-touche2020|bm25|direct|rankgpt|0.1757
webis-touche2020|bm25|largest_gap|judge|0.3325
webis-touche2020|bm25|largest_gap|judge_expr|0.4529
webis-touche2020|bm25|largest_gap|rankgpt|0.1757
webis-touche2020|bm25|optimal_global|judge|0.3366
webis-touche2020|bm25|optimal_global|judge_expr|0.3222
webis-touche2020|bm25|optimal_global|rankgpt|0.4643
webis-touche2020|bm25|optimal_per_topic|judge|0.4753
webis-touche2020|bm25|optimal_per_topic|judge_expr|0.3687
webis-touche2020|bm25|optimal_per_topic|rankgpt|0.4547
webis-touche2020|bm25|quantile|judge|0.4943
webis-touche2020|bm25|quantile|judge_expr|0.3592
webis-touche2020|bm25|quantile|rankgpt|0.5035
webis-touche2020|bm25|rank|judge|0.2457
webis-touche2020|bm25|rank|judge_expr|0.1981
webis-touche2020|bm25|rank|rankgpt|0.2073
webis-touche2020|bm25|thresholding|judge|0.4586
webis-touche2020|bm25|thresholding|judge_expr|0.4339
webis-touche2020|bm25|thresholding|rankgpt|0.0
webis-touche2020|bm25+judge|direct|judge|0.664
webis-touche2020|bm25+judge|direct|judge_expr|0.6543
webis-touche2020|bm25+judge|direct|rankgpt|0.1737
webis-touche2020|bm25+judge|largest_gap|judge|0.6509
webis-touche2020|bm25+judge|largest_gap|judge_expr|0.6579
webis-touche2020|bm25+judge|largest_gap|rankgpt|0.1737
webis-touche2020|bm25+judge|optimal_global|judge|0.6345
webis-touche2020|bm25+judge|optimal_global|judge_expr|0.5509
webis-touche2020|bm25+judge|optimal_global|rankgpt|0.368
webis-touche2020|bm25+judge|optimal_per_topic|judge|0.6398
webis-touche2020|bm25+judge|optimal_per_topic|judge_expr|0.5016
webis-touche2020|bm25+judge|optimal_per_topic|rankgpt|0.3664
webis-touche2020|bm25+judge|quantile|judge|0.6707
webis-touche2020|bm25+judge|quantile|judge_expr|0.6306
webis-touche2020|bm25+judge|quantile|rankgpt|0.3931
webis-touche2020|bm25+judge|rank|judge|0.4238
webis-touche2020|bm25+judge|rank|judge_expr|0.3905
webis-touche2020|bm25+judge|rank|rankgpt|0.2339
webis-touche2020|bm25+judge|thresholding|judge|0.6606
webis-touche2020|bm25+judge|thresholding|judge_expr|0.651
webis-touche2020|bm25+judge|thresholding|rankgpt|0.0
webis-touche2020|bm25+judge_expr|direct|judge|0.6803
webis-touche2020|bm25+judge_expr|direct|judge_expr|0.678
webis-touche2020|bm25+judge_expr|direct|rankgpt|0.2892
webis-touche2020|bm25+judge_expr|largest_gap|judge|0.6706
webis-touche2020|bm25+judge_expr|largest_gap|judge_expr|0.6811
webis-touche2020|bm25+judge_expr|largest_gap|rankgpt|0.2892
webis-touche2020|bm25+judge_expr|optimal_global|judge|0.653
webis-touche2020|bm25+judge_expr|optimal_global|judge_expr|0.6542
webis-touche2020|bm25+judge_expr|optimal_global|rankgpt|0.4388
webis-touche2020|bm25+judge_expr|optimal_per_topic|judge|0.6635
webis-touche2020|bm25+judge_expr|optimal_per_topic|judge_expr|0.6594
webis-touche2020|bm25+judge_expr|optimal_per_topic|rankgpt|0.457
webis-touche2020|bm25+judge_expr|quantile|judge|0.6877
webis-touche2020|bm25+judge_expr|quantile|judge_expr|0.6877
webis-touche2020|bm25+judge_expr|quantile|rankgpt|0.461
webis-touche2020|bm25+judge_expr|rank|judge|0.4269
webis-touche2020|bm25+judge_expr|rank|judge_expr|0.6248
webis-touche2020|bm25+judge_expr|rank|rankgpt|0.3211
webis-touche2020|bm25+judge_expr|thresholding|judge|0.6778
webis-touche2020|bm25+judge_expr|thresholding|judge_expr|0.6774
webis-touche2020|bm25+judge_expr|thresholding|rankgpt|0.0
webis-touche2020|bm25+point|direct|judge|0.5181
webis-touche2020|bm25+point|direct|judge_expr|0.4661
webis-touche2020|bm25+point|direct|rankgpt|0.1802
webis-touche2020|bm25+point|largest_gap|judge|0.3584
webis-touche2020|bm25+point|largest_gap|judge_expr|0.4742
webis-touche2020|bm25+point|largest_gap|rankgpt|0.1802
webis-touche2020|bm25+point|optimal_global|judge|0.3411
webis-touche2020|bm25+point|optimal_global|judge_expr|0.3064
webis-touche2020|bm25+point|optimal_global|rankgpt|0.3287
webis-touche2020|bm25+point|optimal_per_topic|judge|0.4535
webis-touche2020|bm25+point|optimal_per_topic|judge_expr|0.3418
webis-touche2020|bm25+point|optimal_per_topic|rankgpt|0.3368
webis-touche2020|bm25+point|quantile|judge|0.5039
webis-touche2020|bm25+point|quantile|judge_expr|0.4259
webis-touche2020|bm25+point|quantile|rankgpt|0.3608
webis-touche2020|bm25+point|rank|judge|0.2489
webis-touche2020|bm25+point|rank|judge_expr|0.2305
webis-touche2020|bm25+point|rank|rankgpt|0.2013
webis-touche2020|bm25+point|thresholding|judge|0.4816
webis-touche2020|bm25+point|thresholding|judge_expr|0.4682
webis-touche2020|bm25+point|thresholding|rankgpt|0.0
webis-touche2020|bm25+rankfirst|direct|judge|0.6515
webis-touche2020|bm25+rankfirst|direct|judge_expr|0.5827
webis-touche2020|bm25+rankfirst|direct|rankgpt|0.3085
webis-touche2020|bm25+rankfirst|largest_gap|judge|0.4982
webis-touche2020|bm25+rankfirst|largest_gap|judge_expr|0.5877
webis-touche2020|bm25+rankfirst|largest_gap|rankgpt|0.3085
webis-touche2020|bm25+rankfirst|optimal_global|judge|0.4913
webis-touche2020|bm25+rankfirst|optimal_global|judge_expr|0.456
webis-touche2020|bm25+rankfirst|optimal_global|rankgpt|0.6208
webis-touche2020|bm25+rankfirst|optimal_per_topic|judge|0.5975
webis-touche2020|bm25+rankfirst|optimal_per_topic|judge_expr|0.4746
webis-touche2020|bm25+rankfirst|optimal_per_topic|rankgpt|0.6056
webis-touche2020|bm25+rankfirst|quantile|judge|0.6215
webis-touche2020|bm25+rankfirst|quantile|judge_expr|0.4921
webis-touche2020|bm25+rankfirst|quantile|rankgpt|0.655
webis-touche2020|bm25+rankfirst|rank|judge|0.3811
webis-touche2020|bm25+rankfirst|rank|judge_expr|0.2946
webis-touche2020|bm25+rankfirst|rank|rankgpt|0.3423
webis-touche2020|bm25+rankfirst|thresholding|judge|0.5937
webis-touche2020|bm25+rankfirst|thresholding|judge_expr|0.5709
webis-touche2020|bm25+rankfirst|thresholding|rankgpt|0.0
webis-touche2020|bm25+rankgpt|direct|judge|0.5747
webis-touche2020|bm25+rankgpt|direct|judge_expr|0.5366
webis-touche2020|bm25+rankgpt|direct|rankgpt|0.3105
webis-touche2020|bm25+rankgpt|largest_gap|judge|0.4567
webis-touche2020|bm25+rankgpt|largest_gap|judge_expr|0.5455
webis-touche2020|bm25+rankgpt|largest_gap|rankgpt|0.3105
webis-touche2020|bm25+rankgpt|optimal_global|judge|0.4637
webis-touche2020|bm25+rankgpt|optimal_global|judge_expr|0.4267
webis-touche2020|bm25+rankgpt|optimal_global|rankgpt|0.4436
webis-touche2020|bm25+rankgpt|optimal_per_topic|judge|0.5385
webis-touche2020|bm25+rankgpt|optimal_per_topic|judge_expr|0.4583
webis-touche2020|bm25+rankgpt|optimal_per_topic|rankgpt|0.4518
webis-touche2020|bm25+rankgpt|quantile|judge|0.5587
webis-touche2020|bm25+rankgpt|quantile|judge_expr|0.4772
webis-touche2020|bm25+rankgpt|quantile|rankgpt|0.4718
webis-touche2020|bm25+rankgpt|rank|judge|0.3057
webis-touche2020|bm25+rankgpt|rank|judge_expr|0.308
webis-touche2020|bm25+rankgpt|rank|rankgpt|0.3134
webis-touche2020|bm25+rankgpt|thresholding|judge|0.5449
webis-touche2020|bm25+rankgpt|thresholding|judge_expr|0.5261
webis-touche2020|bm25+rankgpt|thresholding|rankgpt|0.0
webis-touche2020|bm25+setmaxheaptopk|direct|judge|0.6077
webis-touche2020|bm25+setmaxheaptopk|direct|judge_expr|0.5755
webis-touche2020|bm25+setmaxheaptopk|direct|rankgpt|0.3404
webis-touche2020|bm25+setmaxheaptopk|largest_gap|judge|0.5038
webis-touche2020|bm25+setmaxheaptopk|largest_gap|judge_expr|0.5843
webis-touche2020|bm25+setmaxheaptopk|largest_gap|rankgpt|0.3404
webis-touche2020|bm25+setmaxheaptopk|optimal_global|judge|0.4955
webis-touche2020|bm25+setmaxheaptopk|optimal_global|judge_expr|0.4722
webis-touche2020|bm25+setmaxheaptopk|optimal_global|rankgpt|0.4589
webis-touche2020|bm25+setmaxheaptopk|optimal_per_topic|judge|0.5681
webis-touche2020|bm25+setmaxheaptopk|optimal_per_topic|judge_expr|0.4676
webis-touche2020|bm25+setmaxheaptopk|optimal_per_topic|rankgpt|0.4636
webis-touche2020|bm25+setmaxheaptopk|quantile|judge|0.6151
webis-touche2020|bm25+setmaxheaptopk|quantile|judge_expr|0.5329
webis-touche2020|bm25+setmaxheaptopk|quantile|rankgpt|0.4952
webis-touche2020|bm25+setmaxheaptopk|rank|judge|0.3159
webis-touche2020|bm25+setmaxheaptopk|rank|judge_expr|0.3461
webis-touche2020|bm25+setmaxheaptopk|rank|rankgpt|0.3189
webis-touche2020|bm25+setmaxheaptopk|thresholding|judge|0.5847
webis-touche2020|bm25+setmaxheaptopk|thresholding|judge_expr|0.5779
webis-touche2020|bm25+setmaxheaptopk|thresholding|rankgpt|0.0
webis-touche2020|colbert-small|direct|judge|0.3717
webis-touche2020|colbert-small|direct|judge_expr|0.2982
webis-touche2020|colbert-small|direct|rankgpt|0.0989
webis-touche2020|colbert-small|largest_gap|judge|0.2022
webis-touche2020|colbert-small|largest_gap|judge_expr|0.3019
webis-touche2020|colbert-small|largest_gap|rankgpt|0.0989
webis-touche2020|colbert-small|optimal_global|judge|0.1873
webis-touche2020|colbert-small|optimal_global|judge_expr|0.1576
webis-touche2020|colbert-small|optimal_global|rankgpt|0.3462
webis-touche2020|colbert-small|optimal_per_topic|judge|0.3044
webis-touche2020|colbert-small|optimal_per_topic|judge_expr|0.2249
webis-touche2020|colbert-small|optimal_per_topic|rankgpt|0.3385
webis-touche2020|colbert-small|quantile|judge|0.3325
webis-touche2020|colbert-small|quantile|judge_expr|0.2242
webis-touche2020|colbert-small|quantile|rankgpt|0.3818
webis-touche2020|colbert-small|rank|judge|0.1767
webis-touche2020|colbert-small|rank|judge_expr|0.119
webis-touche2020|colbert-small|rank|rankgpt|0.1636
webis-touche2020|colbert-small|thresholding|judge|0.3138
webis-touche2020|colbert-small|thresholding|judge_expr|0.2847
webis-touche2020|colbert-small|thresholding|rankgpt|0.0
webis-touche2020|colbert-small+judge|direct|judge|0.7042
webis-touche2020|colbert-small+judge|direct|judge_expr|0.7077
webis-touche2020|colbert-small+judge|direct|rankgpt|0.1906
webis-touche2020|colbert-small+judge|largest_gap|judge|0.7058
webis-touche2020|colbert-small+judge|largest_gap|judge_expr|0.7105
webis-touche2020|colbert-small+judge|largest_gap|rankgpt|0.1906
webis-touche2020|colbert-small+judge|optimal_global|judge|0.6768
webis-touche2020|colbert-small+judge|optimal_global|judge_expr|0.5548
webis-touche2020|colbert-small+judge|optimal_global|rankgpt|0.4108
webis-touche2020|colbert-small+judge|optimal_per_topic|judge|0.687
webis-touche2020|colbert-small+judge|optimal_per_topic|judge_expr|0.5181
webis-touche2020|colbert-small+judge|optimal_per_topic|rankgpt|0.4083
webis-touche2020|colbert-small+judge|quantile|judge|0.6997
webis-touche2020|colbert-small+judge|quantile|judge_expr|0.6475
webis-touche2020|colbert-small+judge|quantile|rankgpt|0.4324
webis-touche2020|colbert-small+judge|rank|judge|0.4672
webis-touche2020|colbert-small+judge|rank|judge_expr|0.3888
webis-touche2020|colbert-small+judge|rank|rankgpt|0.2627
webis-touche2020|colbert-small+judge|thresholding|judge|0.7152
webis-touche2020|colbert-small+judge|thresholding|judge_expr|0.7076
webis-touche2020|colbert-small+judge|thresholding|rankgpt|0.0
webis-touche2020|colbert-small+judge_expr|direct|judge|0.7192
webis-touche2020|colbert-small+judge_expr|direct|judge_expr|0.727
webis-touche2020|colbert-small+judge_expr|direct|rankgpt|0.3127
webis-touche2020|colbert-small+judge_expr|largest_gap|judge|0.7276
webis-touche2020|colbert-small+judge_expr|largest_gap|judge_expr|0.7304
webis-touche2020|colbert-small+judge_expr|largest_gap|rankgpt|0.3127
webis-touche2020|colbert-small+judge_expr|optimal_global|judge|0.6974
webis-touche2020|colbert-small+judge_expr|optimal_global|judge_expr|0.6551
webis-touche2020|colbert-small+judge_expr|optimal_global|rankgpt|0.452
webis-touche2020|colbert-small+judge_expr|optimal_per_topic|judge|0.702
webis-touche2020|colbert-small+judge_expr|optimal_per_topic|judge_expr|0.6607
webis-touche2020|colbert-small+judge_expr|optimal_per_topic|rankgpt|0.4792
webis-touche2020|colbert-small+judge_expr|quantile|judge|0.7157
webis-touche2020|colbert-small+judge_expr|quantile|judge_expr|0.703
webis-touche2020|colbert-small+judge_expr|quantile|rankgpt|0.4643
webis-touche2020|colbert-small+judge_expr|rank|judge|0.4769
webis-touche2020|colbert-small+judge_expr|rank|judge_expr|0.578
webis-touche2020|colbert-small+judge_expr|rank|rankgpt|0.3288
webis-touche2020|colbert-small+judge_expr|thresholding|judge|0.7266
webis-touche2020|colbert-small+judge_expr|thresholding|judge_expr|0.7284
webis-touche2020|colbert-small+judge_expr|thresholding|rankgpt|0.0
webis-touche2020|colbert-small+point|direct|judge|0.4697
webis-touche2020|colbert-small+point|direct|judge_expr|0.4191
webis-touche2020|colbert-small+point|direct|rankgpt|0.1804
webis-touche2020|colbert-small+point|largest_gap|judge|0.3128
webis-touche2020|colbert-small+point|largest_gap|judge_expr|0.4275
webis-touche2020|colbert-small+point|largest_gap|rankgpt|0.1804
webis-touche2020|colbert-small+point|optimal_global|judge|0.2861
webis-touche2020|colbert-small+point|optimal_global|judge_expr|0.2412
webis-touche2020|colbert-small+point|optimal_global|rankgpt|0.3199
webis-touche2020|colbert-small+point|optimal_per_topic|judge|0.4008
webis-touche2020|colbert-small+point|optimal_per_topic|judge_expr|0.3157
webis-touche2020|colbert-small+point|optimal_per_topic|rankgpt|0.3184
webis-touche2020|colbert-small+point|quantile|judge|0.4363
webis-touche2020|colbert-small+point|quantile|judge_expr|0.372
webis-touche2020|colbert-small+point|quantile|rankgpt|0.3591
webis-touche2020|colbert-small+point|rank|judge|0.2443
webis-touche2020|colbert-small+point|rank|judge_expr|0.2037
webis-touche2020|colbert-small+point|rank|rankgpt|0.201
webis-touche2020|colbert-small+point|thresholding|judge|0.4386
webis-touche2020|colbert-small+point|thresholding|judge_expr|0.4203
webis-touche2020|colbert-small+point|thresholding|rankgpt|0.0
webis-touche2020|colbert-small+rankfirst|direct|judge|0.6057
webis-touche2020|colbert-small+rankfirst|direct|judge_expr|0.542
webis-touche2020|colbert-small+rankfirst|direct|rankgpt|0.322
webis-touche2020|colbert-small+rankfirst|largest_gap|judge|0.4487
webis-touche2020|colbert-small+rankfirst|largest_gap|judge_expr|0.5508
webis-touche2020|colbert-small+rankfirst|largest_gap|rankgpt|0.322
webis-touche2020|colbert-small+rankfirst|optimal_global|judge|0.4232
webis-touche2020|colbert-small+rankfirst|optimal_global|judge_expr|0.3867
webis-touche2020|colbert-small+rankfirst|optimal_global|rankgpt|0.5973
webis-touche2020|colbert-small+rankfirst|optimal_per_topic|judge|0.545
webis-touche2020|colbert-small+rankfirst|optimal_per_topic|judge_expr|0.4481
webis-touche2020|colbert-small+rankfirst|optimal_per_topic|rankgpt|0.5872
webis-touche2020|colbert-small+rankfirst|quantile|judge|0.543
webis-touche2020|colbert-small+rankfirst|quantile|judge_expr|0.4468
webis-touche2020|colbert-small+rankfirst|quantile|rankgpt|0.6307
webis-touche2020|colbert-small+rankfirst|rank|judge|0.3464
webis-touche2020|colbert-small+rankfirst|rank|judge_expr|0.2707
webis-touche2020|colbert-small+rankfirst|rank|rankgpt|0.3524
webis-touche2020|colbert-small+rankfirst|thresholding|judge|0.5597
webis-touche2020|colbert-small+rankfirst|thresholding|judge_expr|0.5322
webis-touche2020|colbert-small+rankfirst|thresholding|rankgpt|0.0
webis-touche2020|colbert-small+rankgpt|direct|judge|0.5672
webis-touche2020|colbert-small+rankgpt|direct|judge_expr|0.5342
webis-touche2020|colbert-small+rankgpt|direct|rankgpt|0.3285
webis-touche2020|colbert-small+rankgpt|largest_gap|judge|0.4483
webis-touche2020|colbert-small+rankgpt|largest_gap|judge_expr|0.5374
webis-touche2020|colbert-small+rankgpt|largest_gap|rankgpt|0.3285
webis-touche2020|colbert-small+rankgpt|optimal_global|judge|0.4264
webis-touche2020|colbert-small+rankgpt|optimal_global|judge_expr|0.379
webis-touche2020|colbert-small+rankgpt|optimal_global|rankgpt|0.4607
webis-touche2020|colbert-small+rankgpt|optimal_per_topic|judge|0.519
webis-touche2020|colbert-small+rankgpt|optimal_per_topic|judge_expr|0.4176
webis-touche2020|colbert-small+rankgpt|optimal_per_topic|rankgpt|0.4593
webis-touche2020|colbert-small+rankgpt|quantile|judge|0.5376
webis-touche2020|colbert-small+rankgpt|quantile|judge_expr|0.4526
webis-touche2020|colbert-small+rankgpt|quantile|rankgpt|0.4749
webis-touche2020|colbert-small+rankgpt|rank|judge|0.2953
webis-touche2020|colbert-small+rankgpt|rank|judge_expr|0.2549
webis-touche2020|colbert-small+rankgpt|rank|rankgpt|0.319
webis-touche2020|colbert-small+rankgpt|thresholding|judge|0.5449
webis-touche2020|colbert-small+rankgpt|thresholding|judge_expr|0.5184
webis-touche2020|colbert-small+rankgpt|thresholding|rankgpt|0.0
webis-touche2020|colbert-small+setmaxheaptopk|direct|judge|0.5782
webis-touche2020|colbert-small+setmaxheaptopk|direct|judge_expr|0.5364
webis-touche2020|colbert-small+setmaxheaptopk|direct|rankgpt|0.341
webis-touche2020|colbert-small+setmaxheaptopk|largest_gap|judge|0.4525
webis-touche2020|colbert-small+setmaxheaptopk|largest_gap|judge_expr|0.5492
webis-touche2020|colbert-small+setmaxheaptopk|largest_gap|rankgpt|0.341
webis-touche2020|colbert-small+setmaxheaptopk|optimal_global|judge|0.4477
webis-touche2020|colbert-small+setmaxheaptopk|optimal_global|judge_expr|0.4048
webis-touche2020|colbert-small+setmaxheaptopk|optimal_global|rankgpt|0.455
webis-touche2020|colbert-small+setmaxheaptopk|optimal_per_topic|judge|0.5336
webis-touche2020|colbert-small+setmaxheaptopk|optimal_per_topic|judge_expr|0.4273
webis-touche2020|colbert-small+setmaxheaptopk|optimal_per_topic|rankgpt|0.4682
webis-touche2020|colbert-small+setmaxheaptopk|quantile|judge|0.5608
webis-touche2020|colbert-small+setmaxheaptopk|quantile|judge_expr|0.4713
webis-touche2020|colbert-small+setmaxheaptopk|quantile|rankgpt|0.479
webis-touche2020|colbert-small+setmaxheaptopk|rank|judge|0.3395
webis-touche2020|colbert-small+setmaxheaptopk|rank|judge_expr|0.3072
webis-touche2020|colbert-small+setmaxheaptopk|rank|rankgpt|0.3178
webis-touche2020|colbert-small+setmaxheaptopk|thresholding|judge|0.5507
webis-touche2020|colbert-small+setmaxheaptopk|thresholding|judge_expr|0.5419
webis-touche2020|colbert-small+setmaxheaptopk|thresholding|rankgpt|0.0
webis-touche2020|nomicai-modernbert-embed|direct|judge|0.6619
webis-touche2020|nomicai-modernbert-embed|direct|judge_expr|0.5932
webis-touche2020|nomicai-modernbert-embed|direct|rankgpt|0.3274
webis-touche2020|nomicai-modernbert-embed|largest_gap|judge|0.4791
webis-touche2020|nomicai-modernbert-embed|largest_gap|judge_expr|0.6048
webis-touche2020|nomicai-modernbert-embed|largest_gap|rankgpt|0.3274
webis-touche2020|nomicai-modernbert-embed|optimal_global|judge|0.447
webis-touche2020|nomicai-modernbert-embed|optimal_global|judge_expr|0.4147
webis-touche2020|nomicai-modernbert-embed|optimal_global|rankgpt|0.588
webis-touche2020|nomicai-modernbert-embed|optimal_per_topic|judge|0.5986
webis-touche2020|nomicai-modernbert-embed|optimal_per_topic|judge_expr|0.4697
webis-touche2020|nomicai-modernbert-embed|optimal_per_topic|rankgpt|0.6119
webis-touche2020|nomicai-modernbert-embed|quantile|judge|0.6141
webis-touche2020|nomicai-modernbert-embed|quantile|judge_expr|0.4929
webis-touche2020|nomicai-modernbert-embed|quantile|rankgpt|0.6367
webis-touche2020|nomicai-modernbert-embed|rank|judge|0.3786
webis-touche2020|nomicai-modernbert-embed|rank|judge_expr|0.308
webis-touche2020|nomicai-modernbert-embed|rank|rankgpt|0.327
webis-touche2020|nomicai-modernbert-embed|thresholding|judge|0.6059
webis-touche2020|nomicai-modernbert-embed|thresholding|judge_expr|0.5895
webis-touche2020|nomicai-modernbert-embed|thresholding|rankgpt|0.0
webis-touche2020|nomicai-modernbert-embed+judge|direct|judge|0.7479
webis-touche2020|nomicai-modernbert-embed+judge|direct|judge_expr|0.752
webis-touche2020|nomicai-modernbert-embed+judge|direct|rankgpt|0.1782
webis-touche2020|nomicai-modernbert-embed+judge|largest_gap|judge|0.7713
webis-touche2020|nomicai-modernbert-embed+judge|largest_gap|judge_expr|0.7564
webis-touche2020|nomicai-modernbert-embed+judge|largest_gap|rankgpt|0.1782
webis-touche2020|nomicai-modernbert-embed+judge|optimal_global|judge|0.7304
webis-touche2020|nomicai-modernbert-embed+judge|optimal_global|judge_expr|0.599
webis-touche2020|nomicai-modernbert-embed+judge|optimal_global|rankgpt|0.4064
webis-touche2020|nomicai-modernbert-embed+judge|optimal_per_topic|judge|0.7271
webis-touche2020|nomicai-modernbert-embed+judge|optimal_per_topic|judge_expr|0.5593
webis-touche2020|nomicai-modernbert-embed+judge|optimal_per_topic|rankgpt|0.4186
webis-touche2020|nomicai-modernbert-embed+judge|quantile|judge|0.7384
webis-touche2020|nomicai-modernbert-embed+judge|quantile|judge_expr|0.6762
webis-touche2020|nomicai-modernbert-embed+judge|quantile|rankgpt|0.4431
webis-touche2020|nomicai-modernbert-embed+judge|rank|judge|0.4962
webis-touche2020|nomicai-modernbert-embed+judge|rank|judge_expr|0.4351
webis-touche2020|nomicai-modernbert-embed+judge|rank|rankgpt|0.263
webis-touche2020|nomicai-modernbert-embed+judge|thresholding|judge|0.7559
webis-touche2020|nomicai-modernbert-embed+judge|thresholding|judge_expr|0.7554
webis-touche2020|nomicai-modernbert-embed+judge|thresholding|rankgpt|0.0
webis-touche2020|nomicai-modernbert-embed+judge_expr|direct|judge|0.7384
webis-touche2020|nomicai-modernbert-embed+judge_expr|direct|judge_expr|0.7484
webis-touche2020|nomicai-modernbert-embed+judge_expr|direct|rankgpt|0.3257
webis-touche2020|nomicai-modernbert-embed+judge_expr|largest_gap|judge|0.7635
webis-touche2020|nomicai-modernbert-embed+judge_expr|largest_gap|judge_expr|0.7517
webis-touche2020|nomicai-modernbert-embed+judge_expr|largest_gap|rankgpt|0.3257
webis-touche2020|nomicai-modernbert-embed+judge_expr|optimal_global|judge|0.7225
webis-touche2020|nomicai-modernbert-embed+judge_expr|optimal_global|judge_expr|0.7004
webis-touche2020|nomicai-modernbert-embed+judge_expr|optimal_global|rankgpt|0.4612
webis-touche2020|nomicai-modernbert-embed+judge_expr|optimal_per_topic|judge|0.7209
webis-touche2020|nomicai-modernbert-embed+judge_expr|optimal_per_topic|judge_expr|0.7255
webis-touche2020|nomicai-modernbert-embed+judge_expr|optimal_per_topic|rankgpt|0.4897
webis-touche2020|nomicai-modernbert-embed+judge_expr|quantile|judge|0.7279
webis-touche2020|nomicai-modernbert-embed+judge_expr|quantile|judge_expr|0.7279
webis-touche2020|nomicai-modernbert-embed+judge_expr|quantile|rankgpt|0.4841
webis-touche2020|nomicai-modernbert-embed+judge_expr|rank|judge|0.4757
webis-touche2020|nomicai-modernbert-embed+judge_expr|rank|judge_expr|0.6927
webis-touche2020|nomicai-modernbert-embed+judge_expr|rank|rankgpt|0.3342
webis-touche2020|nomicai-modernbert-embed+judge_expr|thresholding|judge|0.7444
webis-touche2020|nomicai-modernbert-embed+judge_expr|thresholding|judge_expr|0.7552
webis-touche2020|nomicai-modernbert-embed+judge_expr|thresholding|rankgpt|0.0
webis-touche2020|nomicai-modernbert-embed+point|direct|judge|0.5793
webis-touche2020|nomicai-modernbert-embed+point|direct|judge_expr|0.5294
webis-touche2020|nomicai-modernbert-embed+point|direct|rankgpt|0.1522
webis-touche2020|nomicai-modernbert-embed+point|largest_gap|judge|0.4108
webis-touche2020|nomicai-modernbert-embed+point|largest_gap|judge_expr|0.5414
webis-touche2020|nomicai-modernbert-embed+point|largest_gap|rankgpt|0.1522
webis-touche2020|nomicai-modernbert-embed+point|optimal_global|judge|0.3837
webis-touche2020|nomicai-modernbert-embed+point|optimal_global|judge_expr|0.3252
webis-touche2020|nomicai-modernbert-embed+point|optimal_global|rankgpt|0.3416
webis-touche2020|nomicai-modernbert-embed+point|optimal_per_topic|judge|0.52
webis-touche2020|nomicai-modernbert-embed+point|optimal_per_topic|judge_expr|0.403
webis-touche2020|nomicai-modernbert-embed+point|optimal_per_topic|rankgpt|0.3518
webis-touche2020|nomicai-modernbert-embed+point|quantile|judge|0.5343
webis-touche2020|nomicai-modernbert-embed+point|quantile|judge_expr|0.4655
webis-touche2020|nomicai-modernbert-embed+point|quantile|rankgpt|0.3807
webis-touche2020|nomicai-modernbert-embed+point|rank|judge|0.2842
webis-touche2020|nomicai-modernbert-embed+point|rank|judge_expr|0.2658
webis-touche2020|nomicai-modernbert-embed+point|rank|rankgpt|0.2187
webis-touche2020|nomicai-modernbert-embed+point|thresholding|judge|0.5432
webis-touche2020|nomicai-modernbert-embed+point|thresholding|judge_expr|0.5317
webis-touche2020|nomicai-modernbert-embed+point|thresholding|rankgpt|0.0
webis-touche2020|nomicai-modernbert-embed+rankfirst|direct|judge|0.7087
webis-touche2020|nomicai-modernbert-embed+rankfirst|direct|judge_expr|0.6538
webis-touche2020|nomicai-modernbert-embed+rankfirst|direct|rankgpt|0.3349
webis-touche2020|nomicai-modernbert-embed+rankfirst|largest_gap|judge|0.5651
webis-touche2020|nomicai-modernbert-embed+rankfirst|largest_gap|judge_expr|0.6594
webis-touche2020|nomicai-modernbert-embed+rankfirst|largest_gap|rankgpt|0.3349
webis-touche2020|nomicai-modernbert-embed+rankfirst|optimal_global|judge|0.5402
webis-touche2020|nomicai-modernbert-embed+rankfirst|optimal_global|judge_expr|0.4884
webis-touche2020|nomicai-modernbert-embed+rankfirst|optimal_global|rankgpt|0.6574
webis-touche2020|nomicai-modernbert-embed+rankfirst|optimal_per_topic|judge|0.6472
webis-touche2020|nomicai-modernbert-embed+rankfirst|optimal_per_topic|judge_expr|0.5039
webis-touche2020|nomicai-modernbert-embed+rankfirst|optimal_per_topic|rankgpt|0.6361
webis-touche2020|nomicai-modernbert-embed+rankfirst|quantile|judge|0.6761
webis-touche2020|nomicai-modernbert-embed+rankfirst|quantile|judge_expr|0.5444
webis-touche2020|nomicai-modernbert-embed+rankfirst|quantile|rankgpt|0.7022
webis-touche2020|nomicai-modernbert-embed+rankfirst|rank|judge|0.4109
webis-touche2020|nomicai-modernbert-embed+rankfirst|rank|judge_expr|0.3478
webis-touche2020|nomicai-modernbert-embed+rankfirst|rank|rankgpt|0.3859
webis-touche2020|nomicai-modernbert-embed+rankfirst|thresholding|judge|0.6663
webis-touche2020|nomicai-modernbert-embed+rankfirst|thresholding|judge_expr|0.6474
webis-touche2020|nomicai-modernbert-embed+rankfirst|thresholding|rankgpt|0.0
webis-touche2020|nomicai-modernbert-embed+rankgpt|direct|judge|0.6894
webis-touche2020|nomicai-modernbert-embed+rankgpt|direct|judge_expr|0.6643
webis-touche2020|nomicai-modernbert-embed+rankgpt|direct|rankgpt|0.4311
webis-touche2020|nomicai-modernbert-embed+rankgpt|largest_gap|judge|0.5673
webis-touche2020|nomicai-modernbert-embed+rankgpt|largest_gap|judge_expr|0.6762
webis-touche2020|nomicai-modernbert-embed+rankgpt|largest_gap|rankgpt|0.4311
webis-touche2020|nomicai-modernbert-embed+rankgpt|optimal_global|judge|0.5504
webis-touche2020|nomicai-modernbert-embed+rankgpt|optimal_global|judge_expr|0.4933
webis-touche2020|nomicai-modernbert-embed+rankgpt|optimal_global|rankgpt|0.542
webis-touche2020|nomicai-modernbert-embed+rankgpt|optimal_per_topic|judge|0.6468
webis-touche2020|nomicai-modernbert-embed+rankgpt|optimal_per_topic|judge_expr|0.5205
webis-touche2020|nomicai-modernbert-embed+rankgpt|optimal_per_topic|rankgpt|0.5725
webis-touche2020|nomicai-modernbert-embed+rankgpt|quantile|judge|0.6603
webis-touche2020|nomicai-modernbert-embed+rankgpt|quantile|judge_expr|0.5823
webis-touche2020|nomicai-modernbert-embed+rankgpt|quantile|rankgpt|0.5896
webis-touche2020|nomicai-modernbert-embed+rankgpt|rank|judge|0.4093
webis-touche2020|nomicai-modernbert-embed+rankgpt|rank|judge_expr|0.3768
webis-touche2020|nomicai-modernbert-embed+rankgpt|rank|rankgpt|0.3968
webis-touche2020|nomicai-modernbert-embed+rankgpt|thresholding|judge|0.6756
webis-touche2020|nomicai-modernbert-embed+rankgpt|thresholding|judge_expr|0.6697
webis-touche2020|nomicai-modernbert-embed+rankgpt|thresholding|rankgpt|0.0
webis-touche2020|nomicai-modernbert-embed+setmaxheaptopk|direct|judge|0.6744
webis-touche2020|nomicai-modernbert-embed+setmaxheaptopk|direct|judge_expr|0.646
webis-touche2020|nomicai-modernbert-embed+setmaxheaptopk|direct|rankgpt|0.3686
webis-touche2020|nomicai-modernbert-embed+setmaxheaptopk|largest_gap|judge|0.5667
webis-touche2020|nomicai-modernbert-embed+setmaxheaptopk|largest_gap|judge_expr|0.6595
webis-touche2020|nomicai-modernbert-embed+setmaxheaptopk|largest_gap|rankgpt|0.3686
webis-touche2020|nomicai-modernbert-embed+setmaxheaptopk|optimal_global|judge|0.5377
webis-touche2020|nomicai-modernbert-embed+setmaxheaptopk|optimal_global|judge_expr|0.5037
webis-touche2020|nomicai-modernbert-embed+setmaxheaptopk|optimal_global|rankgpt|0.498
webis-touche2020|nomicai-modernbert-embed+setmaxheaptopk|optimal_per_topic|judge|0.6425
webis-touche2020|nomicai-modernbert-embed+setmaxheaptopk|optimal_per_topic|judge_expr|0.5569
webis-touche2020|nomicai-modernbert-embed+setmaxheaptopk|optimal_per_topic|rankgpt|0.5105
webis-touche2020|nomicai-modernbert-embed+setmaxheaptopk|quantile|judge|0.6591
webis-touche2020|nomicai-modernbert-embed+setmaxheaptopk|quantile|judge_expr|0.5845
webis-touche2020|nomicai-modernbert-embed+setmaxheaptopk|quantile|rankgpt|0.5153
webis-touche2020|nomicai-modernbert-embed+setmaxheaptopk|rank|judge|0.3755
webis-touche2020|nomicai-modernbert-embed+setmaxheaptopk|rank|judge_expr|0.4319
webis-touche2020|nomicai-modernbert-embed+setmaxheaptopk|rank|rankgpt|0.3644
webis-touche2020|nomicai-modernbert-embed+setmaxheaptopk|thresholding|judge|0.6636
webis-touche2020|nomicai-modernbert-embed+setmaxheaptopk|thresholding|judge_expr|0.6512
webis-touche2020|nomicai-modernbert-embed+setmaxheaptopk|thresholding|rankgpt|0.0
webis-touche2020|qwen3-embed-600m|direct|judge|0.4677
webis-touche2020|qwen3-embed-600m|direct|judge_expr|0.3964
webis-touche2020|qwen3-embed-600m|direct|rankgpt|0.2021
webis-touche2020|qwen3-embed-600m|largest_gap|judge|0.3175
webis-touche2020|qwen3-embed-600m|largest_gap|judge_expr|0.4084
webis-touche2020|qwen3-embed-600m|largest_gap|rankgpt|0.2021
webis-touche2020|qwen3-embed-600m|optimal_global|judge|0.2939
webis-touche2020|qwen3-embed-600m|optimal_global|judge_expr|0.2559
webis-touche2020|qwen3-embed-600m|optimal_global|rankgpt|0.4868
webis-touche2020|qwen3-embed-600m|optimal_per_topic|judge|0.4065
webis-touche2020|qwen3-embed-600m|optimal_per_topic|judge_expr|0.3023
webis-touche2020|qwen3-embed-600m|optimal_per_topic|rankgpt|0.469
webis-touche2020|qwen3-embed-600m|quantile|judge|0.4136
webis-touche2020|qwen3-embed-600m|quantile|judge_expr|0.3194
webis-touche2020|qwen3-embed-600m|quantile|rankgpt|0.5253
webis-touche2020|qwen3-embed-600m|rank|judge|0.2653
webis-touche2020|qwen3-embed-600m|rank|judge_expr|0.1856
webis-touche2020|qwen3-embed-600m|rank|rankgpt|0.228
webis-touche2020|qwen3-embed-600m|thresholding|judge|0.4162
webis-touche2020|qwen3-embed-600m|thresholding|judge_expr|0.3908
webis-touche2020|qwen3-embed-600m|thresholding|rankgpt|0.0
webis-touche2020|qwen3-embed-600m+judge|direct|judge|0.7998
webis-touche2020|qwen3-embed-600m+judge|direct|judge_expr|0.7992
webis-touche2020|qwen3-embed-600m+judge|direct|rankgpt|0.2266
webis-touche2020|qwen3-embed-600m+judge|largest_gap|judge|0.7933
webis-touche2020|qwen3-embed-600m+judge|largest_gap|judge_expr|0.805
webis-touche2020|qwen3-embed-600m+judge|largest_gap|rankgpt|0.2266
webis-touche2020|qwen3-embed-600m+judge|optimal_global|judge|0.7521
webis-touche2020|qwen3-embed-600m+judge|optimal_global|judge_expr|0.6038
webis-touche2020|qwen3-embed-600m+judge|optimal_global|rankgpt|0.4776
webis-touche2020|qwen3-embed-600m+judge|optimal_per_topic|judge|0.7745
webis-touche2020|qwen3-embed-600m+judge|optimal_per_topic|judge_expr|0.5795
webis-touche2020|qwen3-embed-600m+judge|optimal_per_topic|rankgpt|0.4713
webis-touche2020|qwen3-embed-600m+judge|quantile|judge|0.798
webis-touche2020|qwen3-embed-600m+judge|quantile|judge_expr|0.7246
webis-touche2020|qwen3-embed-600m+judge|quantile|rankgpt|0.5066
webis-touche2020|qwen3-embed-600m+judge|rank|judge|0.5356
webis-touche2020|qwen3-embed-600m+judge|rank|judge_expr|0.4456
webis-touche2020|qwen3-embed-600m+judge|rank|rankgpt|0.3072
webis-touche2020|qwen3-embed-600m+judge|thresholding|judge|0.8062
webis-touche2020|qwen3-embed-600m+judge|thresholding|judge_expr|0.8023
webis-touche2020|qwen3-embed-600m+judge|thresholding|rankgpt|0.0
webis-touche2020|qwen3-embed-600m+judge_expr|direct|judge|0.8097
webis-touche2020|qwen3-embed-600m+judge_expr|direct|judge_expr|0.8178
webis-touche2020|qwen3-embed-600m+judge_expr|direct|rankgpt|0.3459
webis-touche2020|qwen3-embed-600m+judge_expr|largest_gap|judge|0.8104
webis-touche2020|qwen3-embed-600m+judge_expr|largest_gap|judge_expr|0.8234
webis-touche2020|qwen3-embed-600m+judge_expr|largest_gap|rankgpt|0.3459
webis-touche2020|qwen3-embed-600m+judge_expr|optimal_global|judge|0.7694
webis-touche2020|qwen3-embed-600m+judge_expr|optimal_global|judge_expr|0.7198
webis-touche2020|qwen3-embed-600m+judge_expr|optimal_global|rankgpt|0.5324
webis-touche2020|qwen3-embed-600m+judge_expr|optimal_per_topic|judge|0.785
webis-touche2020|qwen3-embed-600m+judge_expr|optimal_per_topic|judge_expr|0.7661
webis-touche2020|qwen3-embed-600m+judge_expr|optimal_per_topic|rankgpt|0.5677
webis-touche2020|qwen3-embed-600m+judge_expr|quantile|judge|0.8061
webis-touche2020|qwen3-embed-600m+judge_expr|quantile|judge_expr|0.8048
webis-touche2020|qwen3-embed-600m+judge_expr|quantile|rankgpt|0.5546
webis-touche2020|qwen3-embed-600m+judge_expr|rank|judge|0.5452
webis-touche2020|qwen3-embed-600m+judge_expr|rank|judge_expr|0.6825
webis-touche2020|qwen3-embed-600m+judge_expr|rank|rankgpt|0.3821
webis-touche2020|qwen3-embed-600m+judge_expr|thresholding|judge|0.8178
webis-touche2020|qwen3-embed-600m+judge_expr|thresholding|judge_expr|0.822
webis-touche2020|qwen3-embed-600m+judge_expr|thresholding|rankgpt|0.0
webis-touche2020|qwen3-embed-600m+point|direct|judge|0.5702
webis-touche2020|qwen3-embed-600m+point|direct|judge_expr|0.5175
webis-touche2020|qwen3-embed-600m+point|direct|rankgpt|0.1406
webis-touche2020|qwen3-embed-600m+point|largest_gap|judge|0.3744
webis-touche2020|qwen3-embed-600m+point|largest_gap|judge_expr|0.5319
webis-touche2020|qwen3-embed-600m+point|largest_gap|rankgpt|0.1406
webis-touche2020|qwen3-embed-600m+point|optimal_global|judge|0.3465
webis-touche2020|qwen3-embed-600m+point|optimal_global|judge_expr|0.2916
webis-touche2020|qwen3-embed-600m+point|optimal_global|rankgpt|0.3573
webis-touche2020|qwen3-embed-600m+point|optimal_per_topic|judge|0.5047
webis-touche2020|qwen3-embed-600m+point|optimal_per_topic|judge_expr|0.3688
webis-touche2020|qwen3-embed-600m+point|optimal_per_topic|rankgpt|0.3661
webis-touche2020|qwen3-embed-600m+point|quantile|judge|0.5176
webis-touche2020|qwen3-embed-600m+point|quantile|judge_expr|0.4357
webis-touche2020|qwen3-embed-600m+point|quantile|rankgpt|0.4007
webis-touche2020|qwen3-embed-600m+point|rank|judge|0.2803
webis-touche2020|qwen3-embed-600m+point|rank|judge_expr|0.2486
webis-touche2020|qwen3-embed-600m+point|rank|rankgpt|0.2276
webis-touche2020|qwen3-embed-600m+point|thresholding|judge|0.5366
webis-touche2020|qwen3-embed-600m+point|thresholding|judge_expr|0.5213
webis-touche2020|qwen3-embed-600m+point|thresholding|rankgpt|0.0
webis-touche2020|qwen3-embed-600m+rankfirst|direct|judge|0.6649
webis-touche2020|qwen3-embed-600m+rankfirst|direct|judge_expr|0.607
webis-touche2020|qwen3-embed-600m+rankfirst|direct|rankgpt|0.3134
webis-touche2020|qwen3-embed-600m+rankfirst|largest_gap|judge|0.5182
webis-touche2020|qwen3-embed-600m+rankfirst|largest_gap|judge_expr|0.6143
webis-touche2020|qwen3-embed-600m+rankfirst|largest_gap|rankgpt|0.3134
webis-touche2020|qwen3-embed-600m+rankfirst|optimal_global|judge|0.4948
webis-touche2020|qwen3-embed-600m+rankfirst|optimal_global|judge_expr|0.4441
webis-touche2020|qwen3-embed-600m+rankfirst|optimal_global|rankgpt|0.6469
webis-touche2020|qwen3-embed-600m+rankfirst|optimal_per_topic|judge|0.6141
webis-touche2020|qwen3-embed-600m+rankfirst|optimal_per_topic|judge_expr|0.4813
webis-touche2020|qwen3-embed-600m+rankfirst|optimal_per_topic|rankgpt|0.6393
webis-touche2020|qwen3-embed-600m+rankfirst|quantile|judge|0.6169
webis-touche2020|qwen3-embed-600m+rankfirst|quantile|judge_expr|0.4903
webis-touche2020|qwen3-embed-600m+rankfirst|quantile|rankgpt|0.6895
webis-touche2020|qwen3-embed-600m+rankfirst|rank|judge|0.3937
webis-touche2020|qwen3-embed-600m+rankfirst|rank|judge_expr|0.2977
webis-touche2020|qwen3-embed-600m+rankfirst|rank|rankgpt|0.3783
webis-touche2020|qwen3-embed-600m+rankfirst|thresholding|judge|0.6176
webis-touche2020|qwen3-embed-600m+rankfirst|thresholding|judge_expr|0.6001
webis-touche2020|qwen3-embed-600m+rankfirst|thresholding|rankgpt|0.0
webis-touche2020|qwen3-embed-600m+rankgpt|direct|judge|0.6504
webis-touche2020|qwen3-embed-600m+rankgpt|direct|judge_expr|0.6209
webis-touche2020|qwen3-embed-600m+rankgpt|direct|rankgpt|0.4867
webis-touche2020|qwen3-embed-600m+rankgpt|largest_gap|judge|0.5483
webis-touche2020|qwen3-embed-600m+rankgpt|largest_gap|judge_expr|0.6234
webis-touche2020|qwen3-embed-600m+rankgpt|largest_gap|rankgpt|0.4867
webis-touche2020|qwen3-embed-600m+rankgpt|optimal_global|judge|0.529
webis-touche2020|qwen3-embed-600m+rankgpt|optimal_global|judge_expr|0.4874
webis-touche2020|qwen3-embed-600m+rankgpt|optimal_global|rankgpt|0.5753
webis-touche2020|qwen3-embed-600m+rankgpt|optimal_per_topic|judge|0.6189
webis-touche2020|qwen3-embed-600m+rankgpt|optimal_per_topic|judge_expr|0.486
webis-touche2020|qwen3-embed-600m+rankgpt|optimal_per_topic|rankgpt|0.6257
webis-touche2020|qwen3-embed-600m+rankgpt|quantile|judge|0.6158
webis-touche2020|qwen3-embed-600m+rankgpt|quantile|judge_expr|0.5254
webis-touche2020|qwen3-embed-600m+rankgpt|quantile|rankgpt|0.6083
webis-touche2020|qwen3-embed-600m+rankgpt|rank|judge|0.3979
webis-touche2020|qwen3-embed-600m+rankgpt|rank|judge_expr|0.3156
webis-touche2020|qwen3-embed-600m+rankgpt|rank|rankgpt|0.4271
webis-touche2020|qwen3-embed-600m+rankgpt|thresholding|judge|0.6304
webis-touche2020|qwen3-embed-600m+rankgpt|thresholding|judge_expr|0.6162
webis-touche2020|qwen3-embed-600m+rankgpt|thresholding|rankgpt|0.0
webis-touche2020|qwen3-embed-600m+setmaxheaptopk|direct|judge|0.7185
webis-touche2020|qwen3-embed-600m+setmaxheaptopk|direct|judge_expr|0.6929
webis-touche2020|qwen3-embed-600m+setmaxheaptopk|direct|rankgpt|0.4024
webis-touche2020|qwen3-embed-600m+setmaxheaptopk|largest_gap|judge|0.6213
webis-touche2020|qwen3-embed-600m+setmaxheaptopk|largest_gap|judge_expr|0.7031
webis-touche2020|qwen3-embed-600m+setmaxheaptopk|largest_gap|rankgpt|0.4024
webis-touche2020|qwen3-embed-600m+setmaxheaptopk|optimal_global|judge|0.5876
webis-touche2020|qwen3-embed-600m+setmaxheaptopk|optimal_global|judge_expr|0.5293
webis-touche2020|qwen3-embed-600m+setmaxheaptopk|optimal_global|rankgpt|0.5785
webis-touche2020|qwen3-embed-600m+setmaxheaptopk|optimal_per_topic|judge|0.6522
webis-touche2020|qwen3-embed-600m+setmaxheaptopk|optimal_per_topic|judge_expr|0.5716
webis-touche2020|qwen3-embed-600m+setmaxheaptopk|optimal_per_topic|rankgpt|0.5867
webis-touche2020|qwen3-embed-600m+setmaxheaptopk|quantile|judge|0.6952
webis-touche2020|qwen3-embed-600m+setmaxheaptopk|quantile|judge_expr|0.6049
webis-touche2020|qwen3-embed-600m+setmaxheaptopk|quantile|rankgpt|0.6042
webis-touche2020|qwen3-embed-600m+setmaxheaptopk|rank|judge|0.4299
webis-touche2020|qwen3-embed-600m+setmaxheaptopk|rank|judge_expr|0.4084
webis-touche2020|qwen3-embed-600m+setmaxheaptopk|rank|rankgpt|0.4165
webis-touche2020|qwen3-embed-600m+setmaxheaptopk|thresholding|judge|0.7088
webis-touche2020|qwen3-embed-600m+setmaxheaptopk|thresholding|judge_expr|0.6901
webis-touche2020|qwen3-embed-600m+setmaxheaptopk|thresholding|rankgpt|0.0
webis-touche2020|splade-v3|direct|judge|0.7245
webis-touche2020|splade-v3|direct|judge_expr|0.6302
webis-touche2020|splade-v3|direct|rankgpt|0.4555
webis-touche2020|splade-v3|largest_gap|judge|0.4784
webis-touche2020|splade-v3|largest_gap|judge_expr|0.6495
webis-touche2020|splade-v3|largest_gap|rankgpt|0.4555
webis-touche2020|splade-v3|optimal_global|judge|0.4741
webis-touche2020|splade-v3|optimal_global|judge_expr|0.4092
webis-touche2020|splade-v3|optimal_global|rankgpt|0.9987
webis-touche2020|splade-v3|optimal_per_topic|judge|0.673
webis-touche2020|splade-v3|optimal_per_topic|judge_expr|0.5016
webis-touche2020|splade-v3|optimal_per_topic|rankgpt|0.8134
webis-touche2020|splade-v3|quantile|judge|0.6554
webis-touche2020|splade-v3|quantile|judge_expr|0.4821
webis-touche2020|splade-v3|quantile|rankgpt|0.9987
webis-touche2020|splade-v3|rank|judge|0.5064
webis-touche2020|splade-v3|rank|judge_expr|0.263
webis-touche2020|splade-v3|rank|rankgpt|0.416
webis-touche2020|splade-v3|thresholding|judge|0.655
webis-touche2020|splade-v3|thresholding|judge_expr|0.6203
webis-touche2020|splade-v3|thresholding|rankgpt|0.0
webis-touche2020|splade-v3+judge|direct|judge|1.0
webis-touche2020|splade-v3+judge|direct|judge_expr|0.9917
webis-touche2020|splade-v3+judge|direct|rankgpt|0.2141
webis-touche2020|splade-v3+judge|largest_gap|judge|1.0
webis-touche2020|splade-v3+judge|largest_gap|judge_expr|0.9947
webis-touche2020|splade-v3+judge|largest_gap|rankgpt|0.2141
webis-touche2020|splade-v3+judge|optimal_global|judge|0.9592
webis-touche2020|splade-v3+judge|optimal_global|judge_expr|0.791
webis-touche2020|splade-v3+judge|optimal_global|rankgpt|0.4878
webis-touche2020|splade-v3+judge|optimal_per_topic|judge|0.9796
webis-touche2020|splade-v3+judge|optimal_per_topic|judge_expr|0.7116
webis-touche2020|splade-v3+judge|optimal_per_topic|rankgpt|0.523
webis-touche2020|splade-v3+judge|quantile|judge|1.0
webis-touche2020|splade-v3+judge|quantile|judge_expr|0.8966
webis-touche2020|splade-v3+judge|quantile|rankgpt|0.5337
webis-touche2020|splade-v3+judge|rank|judge|0.5592
webis-touche2020|splade-v3+judge|rank|judge_expr|0.5567
webis-touche2020|splade-v3+judge|rank|rankgpt|0.3146
webis-touche2020|splade-v3+judge|thresholding|judge|1.0
webis-touche2020|splade-v3+judge|thresholding|judge_expr|0.9906
webis-touche2020|splade-v3+judge|thresholding|rankgpt|0.0
webis-touche2020|splade-v3+judge_expr|direct|judge|0.9997
webis-touche2020|splade-v3+judge_expr|direct|judge_expr|1.0
webis-touche2020|splade-v3+judge_expr|direct|rankgpt|0.3377
webis-touche2020|splade-v3+judge_expr|largest_gap|judge|1.0
webis-touche2020|splade-v3+judge_expr|largest_gap|judge_expr|1.0
webis-touche2020|splade-v3+judge_expr|largest_gap|rankgpt|0.3377
webis-touche2020|splade-v3+judge_expr|optimal_global|judge|0.9592
webis-touche2020|splade-v3+judge_expr|optimal_global|judge_expr|0.9388
webis-touche2020|splade-v3+judge_expr|optimal_global|rankgpt|0.5587
webis-touche2020|splade-v3+judge_expr|optimal_per_topic|judge|0.9785
webis-touche2020|splade-v3+judge_expr|optimal_per_topic|judge_expr|0.9795
webis-touche2020|splade-v3+judge_expr|optimal_per_topic|rankgpt|0.6055
webis-touche2020|splade-v3+judge_expr|quantile|judge|1.0
webis-touche2020|splade-v3+judge_expr|quantile|judge_expr|1.0
webis-touche2020|splade-v3+judge_expr|quantile|rankgpt|0.6031
webis-touche2020|splade-v3+judge_expr|rank|judge|0.5567
webis-touche2020|splade-v3+judge_expr|rank|judge_expr|0.9974
webis-touche2020|splade-v3+judge_expr|rank|rankgpt|0.4022
webis-touche2020|splade-v3+judge_expr|thresholding|judge|1.0
webis-touche2020|splade-v3+judge_expr|thresholding|judge_expr|1.0
webis-touche2020|splade-v3+judge_expr|thresholding|rankgpt|0.0
webis-touche2020|splade-v3+point|direct|judge|0.7735
webis-touche2020|splade-v3+point|direct|judge_expr|0.69
webis-touche2020|splade-v3+point|direct|rankgpt|0.1838
webis-touche2020|splade-v3+point|largest_gap|judge|0.4995
webis-touche2020|splade-v3+point|largest_gap|judge_expr|0.7126
webis-touche2020|splade-v3+point|largest_gap|rankgpt|0.1838
webis-touche2020|splade-v3+point|optimal_global|judge|0.4643
webis-touche2020|splade-v3+point|optimal_global|judge_expr|0.3942
webis-touche2020|splade-v3+point|optimal_global|rankgpt|0.4015
webis-touche2020|splade-v3+point|optimal_per_topic|judge|0.6499
webis-touche2020|splade-v3+point|optimal_per_topic|judge_expr|0.4861
webis-touche2020|splade-v3+point|optimal_per_topic|rankgpt|0.4259
webis-touche2020|splade-v3+point|quantile|judge|0.6755
webis-touche2020|splade-v3+point|quantile|judge_expr|0.555
webis-touche2020|splade-v3+point|quantile|rankgpt|0.4574
webis-touche2020|splade-v3+point|rank|judge|0.3137
webis-touche2020|splade-v3+point|rank|judge_expr|0.2983
webis-touche2020|splade-v3+point|rank|rankgpt|0.2419
webis-touche2020|splade-v3+point|thresholding|judge|0.7194
webis-touche2020|splade-v3+point|thresholding|judge_expr|0.6952
webis-touche2020|splade-v3+point|thresholding|rankgpt|0.0
webis-touche2020|splade-v3+rankfirst|direct|judge|0.7758
webis-touche2020|splade-v3+rankfirst|direct|judge_expr|0.7012
webis-touche2020|splade-v3+rankfirst|direct|rankgpt|0.4221
webis-touche2020|splade-v3+rankfirst|largest_gap|judge|0.5942
webis-touche2020|splade-v3+rankfirst|largest_gap|judge_expr|0.7113
webis-touche2020|splade-v3+rankfirst|largest_gap|rankgpt|0.4221
webis-touche2020|splade-v3+rankfirst|optimal_global|judge|0.5701
webis-touche2020|splade-v3+rankfirst|optimal_global|judge_expr|0.5131
webis-touche2020|splade-v3+rankfirst|optimal_global|rankgpt|0.7835
webis-touche2020|splade-v3+rankfirst|optimal_per_topic|judge|0.7197
webis-touche2020|splade-v3+rankfirst|optimal_per_topic|judge_expr|0.5756
webis-touche2020|splade-v3+rankfirst|optimal_per_topic|rankgpt|0.728
webis-touche2020|splade-v3+rankfirst|quantile|judge|0.7335
webis-touche2020|splade-v3+rankfirst|quantile|judge_expr|0.6037
webis-touche2020|splade-v3+rankfirst|quantile|rankgpt|0.8245
webis-touche2020|splade-v3+rankfirst|rank|judge|0.47
webis-touche2020|splade-v3+rankfirst|rank|judge_expr|0.3691
webis-touche2020|splade-v3+rankfirst|rank|rankgpt|0.4575
webis-touche2020|splade-v3+rankfirst|thresholding|judge|0.7153
webis-touche2020|splade-v3+rankfirst|thresholding|judge_expr|0.6916
webis-touche2020|splade-v3+rankfirst|thresholding|rankgpt|0.0
webis-touche2020|splade-v3+rankgpt|direct|judge|0.826
webis-touche2020|splade-v3+rankgpt|direct|judge_expr|0.7736
webis-touche2020|splade-v3+rankgpt|direct|rankgpt|1.0
webis-touche2020|splade-v3+rankgpt|largest_gap|judge|0.6449
webis-touche2020|splade-v3+rankgpt|largest_gap|judge_expr|0.7836
webis-touche2020|splade-v3+rankgpt|largest_gap|rankgpt|1.0
webis-touche2020|splade-v3+rankgpt|optimal_global|judge|0.6233
webis-touche2020|splade-v3+rankgpt|optimal_global|judge_expr|0.5634
webis-touche2020|splade-v3+rankgpt|optimal_global|rankgpt|1.0
webis-touche2020|splade-v3+rankgpt|optimal_per_topic|judge|0.7765
webis-touche2020|splade-v3+rankgpt|optimal_per_topic|judge_expr|0.6061
webis-touche2020|splade-v3+rankgpt|optimal_per_topic|rankgpt|0.9796
webis-touche2020|splade-v3+rankgpt|quantile|judge|0.7853
webis-touche2020|splade-v3+rankgpt|quantile|judge_expr|0.671
webis-touche2020|splade-v3+rankgpt|quantile|rankgpt|1.0
webis-touche2020|splade-v3+rankgpt|rank|judge|0.4802
webis-touche2020|splade-v3+rankgpt|rank|judge_expr|0.4065
webis-touche2020|splade-v3+rankgpt|rank|rankgpt|1.0
webis-touche2020|splade-v3+rankgpt|thresholding|judge|0.7913
webis-touche2020|splade-v3+rankgpt|thresholding|judge_expr|0.7676
webis-touche2020|splade-v3+rankgpt|thresholding|rankgpt|0.0
webis-touche2020|splade-v3+setmaxheaptopk|direct|judge|0.888
webis-touche2020|splade-v3+setmaxheaptopk|direct|judge_expr|0.8441
webis-touche2020|splade-v3+setmaxheaptopk|direct|rankgpt|0.469
webis-touche2020|splade-v3+setmaxheaptopk|largest_gap|judge|0.7517
webis-touche2020|splade-v3+setmaxheaptopk|largest_gap|judge_expr|0.8589
webis-touche2020|splade-v3+setmaxheaptopk|largest_gap|rankgpt|0.469
webis-touche2020|splade-v3+setmaxheaptopk|optimal_global|judge|0.7156
webis-touche2020|splade-v3+setmaxheaptopk|optimal_global|judge_expr|0.635
webis-touche2020|splade-v3+setmaxheaptopk|optimal_global|rankgpt|0.6379
webis-touche2020|splade-v3+setmaxheaptopk|optimal_per_topic|judge|0.8347
webis-touche2020|splade-v3+setmaxheaptopk|optimal_per_topic|judge_expr|0.6917
webis-touche2020|splade-v3+setmaxheaptopk|optimal_per_topic|rankgpt|0.6566
webis-touche2020|splade-v3+setmaxheaptopk|quantile|judge|0.8798
webis-touche2020|splade-v3+setmaxheaptopk|quantile|judge_expr|0.7674
webis-touche2020|splade-v3+setmaxheaptopk|quantile|rankgpt|0.6729
webis-touche2020|splade-v3+setmaxheaptopk|rank|judge|0.4537
webis-touche2020|splade-v3+setmaxheaptopk|rank|judge_expr|0.5082
webis-touche2020|splade-v3+setmaxheaptopk|rank|rankgpt|0.4639
webis-touche2020|splade-v3+setmaxheaptopk|thresholding|judge|0.864
webis-touche2020|splade-v3+setmaxheaptopk|thresholding|judge_expr|0.8423
webis-touche2020|splade-v3+setmaxheaptopk|thresholding|rankgpt|0.0
