1030303	0	1269099	2
1030303	0	1305520	5
1030303	0	1451846	3
1030303	0	1451848	4
1030303	0	1681852	3
1030303	0	1905988	5
1030303	0	226464	4
1030303	0	2392584	2
1030303	0	252916	0
1030303	0	2567926	3
1030303	0	2578776	5
1030303	0	2673281	2
1030303	0	2699093	1
1030303	0	2902049	2
1030303	0	3049626	1
1030303	0	3143401	4
1030303	0	3236560	0
1030303	0	3302250	4
1030303	0	3302252	5
1030303	0	3302253	3
1030303	0	3302256	4
1030303	0	3302258	4
1030303	0	3327029	4
1030303	0	3478393	1
1030303	0	3522013	0
1030303	0	3590167	1
1030303	0	3590168	1
1030303	0	3601008	5
1030303	0	3719869	2
1030303	0	3768401	3
1030303	0	3828084	3
1030303	0	4208199	0
1030303	0	4245507	0
1030303	0	4338713	0
1030303	0	4681347	1
1030303	0	4691526	5
1030303	0	4749794	2
1030303	0	4749977	1
1030303	0	4828844	5
1030303	0	4874999	3
1030303	0	5096839	0
1030303	0	5161996	2
1030303	0	5260337	2
1030303	0	5277233	2
1030303	0	5432102	1
1030303	0	5517587	1
1030303	0	5533597	0
1030303	0	5681381	4
1030303	0	5681385	4
1030303	0	5972645	2
1030303	0	5974622	4
1030303	0	6037278	2
1030303	0	6054029	2
1030303	0	6054030	5
1030303	0	6054032	3
1030303	0	6054033	2
1030303	0	6143722	2
1030303	0	6271629	5
1030303	0	6500252	4
1030303	0	6575755	1
1030303	0	6575758	2
1030303	0	6939422	5
1030303	0	6939423	5
1030303	0	6939426	5
1030303	0	6939430	5
1030303	0	6939431	5
1030303	0	6974892	3
1030303	0	700079	0
1030303	0	700080	1
1030303	0	7156982	5
1030303	0	7168317	2
1030303	0	7168324	3
1030303	0	7284047	5
1030303	0	7284052	5
1030303	0	7559918	2
1030303	0	7661516	0
1030303	0	7663896	1
1030303	0	7809993	2
1030303	0	7961142	2
1030303	0	7972299	2
1030303	0	8006084	2
1030303	0	8006086	5
1030303	0	8022032	4
1030303	0	8150794	2
1030303	0	8150798	2
1030303	0	8166567	1
1030303	0	8220777	4
1030303	0	8221001	2
1030303	0	8424555	1
1030303	0	8510798	2
1030303	0	8510803	4
1030303	0	8510805	5
1030303	0	8697790	4
1030303	0	8726430	5
1030303	0	8726432	5
1030303	0	8726433	5
1030303	0	8726435	5
1030303	0	8726436	5
1030303	0	8726437	5
1030303	0	892792	1
1037496	0	1284232	2
1037496	0	1320570	0
1037496	0	1326843	2
1037496	0	1326844	1
1037496	0	1326846	1
1037496	0	1326969	1
1037496	0	1326971	1
1037496	0	1329191	2
1037496	0	1367493	1
1037496	0	1367494	1
1037496	0	1399394	0
1037496	0	1503490	4
1037496	0	1503495	4
1037496	0	1687753	2
1037496	0	1780266	2
1037496	0	2401853	2
1037496	0	2540327	2
1037496	0	2546934	3
1037496	0	2672141	4
1037496	0	2700224	2
1037496	0	2700338	0
1037496	0	2723093	0
1037496	0	2725825	5
1037496	0	2725829	4
1037496	0	2725834	4
1037496	0	3017710	2
1037496	0	3046755	2
1037496	0	3062304	0
1037496	0	3242276	2
1037496	0	3454777	2
1037496	0	3586709	1
1037496	0	3725931	4
1037496	0	3725932	3
1037496	0	3725933	5
1037496	0	3725934	5
1037496	0	3725936	5
1037496	0	3725937	5
1037496	0	3766140	2
1037496	0	3839428	1
1037496	0	3946879	0
1037496	0	4029123	1
1037496	0	4029124	2
1037496	0	4029128	1
1037496	0	4174374	5
1037496	0	4174376	5
1037496	0	4174377	5
1037496	0	4174378	3
1037496	0	4174380	3
1037496	0	4187303	5
1037496	0	4187304	4
1037496	0	4187305	5
1037496	0	4187307	5
1037496	0	4187309	4
1037496	0	4229832	0
1037496	0	4284602	2
1037496	0	4442038	1
1037496	0	4456584	1
1037496	0	4760906	3
1037496	0	4760907	5
1037496	0	4760908	5
1037496	0	4760909	5
1037496	0	4760912	5
1037496	0	4760914	5
1037496	0	4760915	5
1037496	0	4767626	0
1037496	0	4905509	4
1037496	0	4905511	4
1037496	0	4912160	5
1037496	0	4912162	5
1037496	0	4912163	5
1037496	0	4912166	4
1037496	0	4912167	5
1037496	0	5289376	0
1037496	0	5310677	2
1037496	0	5927420	4
1037496	0	6245203	2
1037496	0	6303138	2
1037496	0	6303139	1
1037496	0	6855154	2
1037496	0	6855156	3
1037496	0	6866284	4
1037496	0	6971300	2
1037496	0	7318757	2
1037496	0	7412640	1
1037496	0	7465901	3
1037496	0	7655685	2
1037496	0	7761610	1
1037496	0	7766583	5
1037496	0	7766584	5
1037496	0	7766585	5
1037496	0	7766587	5
1037496	0	8131543	4
1037496	0	8131544	3
1037496	0	8243145	2
1037496	0	8413924	4
1037496	0	8594835	0
1037496	0	8600792	3
1037496	0	861130	2
1037496	0	933791	3
1037496	0	939741	2
1043135	0	1536025	3
1043135	0	1536028	2
1043135	0	1637694	4
1043135	0	1637695	5
1043135	0	1637701	1
1043135	0	1727793	2
1043135	0	1845636	5
1043135	0	1845637	3
1043135	0	1845638	2
1043135	0	1845639	2
1043135	0	1845640	2
1043135	0	1845641	2
1043135	0	1845642	3
1043135	0	1845643	2
1043135	0	1845644	2
1043135	0	1845645	3
1043135	0	2435231	0
1043135	0	2443319	5
1043135	0	2498318	0
1043135	0	2514949	1
1043135	0	2514951	2
1043135	0	2664986	5
1043135	0	2664987	4
1043135	0	2664988	2
1043135	0	2664989	5
1043135	0	2664990	4
1043135	0	2664991	2
1043135	0	2664992	5
1043135	0	2664993	5
1043135	0	2664994	4
1043135	0	2664995	5
1043135	0	2790617	2
1043135	0	297037	0
1043135	0	3043608	0
1043135	0	3374866	1
1043135	0	3378237	1
1043135	0	3378238	0
1043135	0	3378240	4
1043135	0	3475316	0
1043135	0	3878603	5
1043135	0	3878608	3
1043135	0	4195618	0
1043135	0	4355523	5
1043135	0	4541687	2
1043135	0	4541688	5
1043135	0	4541691	2
1043135	0	4541692	1
1043135	0	4541694	4
1043135	0	4721484	4
1043135	0	4794227	2
1043135	0	4881715	3
1043135	0	4994428	5
1043135	0	4994429	2
1043135	0	5119430	2
1043135	0	5119432	4
1043135	0	5152125	0
1043135	0	5223175	1
1043135	0	5223177	0
1043135	0	5223178	1
1043135	0	5262282	4
1043135	0	5262285	4
1043135	0	5262289	5
1043135	0	5262290	1
1043135	0	6044059	3
1043135	0	6044061	2
1043135	0	6044064	2
1043135	0	6097574	1
1043135	0	6152453	1
1043135	0	650641	5
1043135	0	650642	5
1043135	0	650644	3
1043135	0	7022075	2
1043135	0	7022077	1
1043135	0	7022079	4
1043135	0	7137848	5
1043135	0	7137849	5
1043135	0	7137851	5
1043135	0	7945768	1
1043135	0	8049995	2
1043135	0	8224813	4
1043135	0	8632895	3
1043135	0	8632897	3
1043135	0	8696952	5
1043135	0	8696953	2
1043135	0	8696954	5
1043135	0	8696955	4
1043135	0	8696956	5
1043135	0	8696957	5
1043135	0	8696958	5
1043135	0	8696959	4
1043135	0	8696960	5
1043135	0	8696961	5
1043135	0	8733886	1
1043135	0	8733891	2
1043135	0	8787047	2
1043135	0	8787048	1
1043135	0	8787049	4
1043135	0	8787052	1
1043135	0	8812239	0
1043135	0	8831379	2
1051399	0	160027	2
1051399	0	2274111	4
1051399	0	2274112	2
1051399	0	2302505	5
1051399	0	2315732	2
1051399	0	2411864	5
1051399	0	2674668	2
1051399	0	2768271	5
1051399	0	2899499	0
1051399	0	2953742	4
1051399	0	2978630	2
1051399	0	3071159	0
1051399	0	3127933	2
1051399	0	3198223	0
1051399	0	3223239	1
1051399	0	3285876	1
1051399	0	3305062	2
1051399	0	3376619	2
1051399	0	3383391	2
1051399	0	3446936	5
1051399	0	3556858	5
1051399	0	3581850	2
1051399	0	3607052	1
1051399	0	3681694	0
1051399	0	3694752	4
1051399	0	3694758	2
1051399	0	3763498	2
1051399	0	3773243	0
1051399	0	3809638	4
1051399	0	3826735	4
1051399	0	3826738	3
1051399	0	3826741	4
1051399	0	3943224	5
1051399	0	3943228	5
1051399	0	3943229	5
1051399	0	3969385	5
1051399	0	3969388	5
1051399	0	4171289	5
1051399	0	4206814	2
1051399	0	4213895	3
1051399	0	4213898	3
1051399	0	4331016	0
1051399	0	4331020	2
1051399	0	4380507	5
1051399	0	4384327	5
1051399	0	4422069	1
1051399	0	4426182	5
1051399	0	4426187	5
1051399	0	4426188	5
1051399	0	4513307	0
1051399	0	4544832	1
1051399	0	4568620	5
1051399	0	4729565	5
1051399	0	4736961	4
1051399	0	4763402	4
1051399	0	4772458	1
1051399	0	4810073	4
1051399	0	4840772	2
1051399	0	4840777	2
1051399	0	4878559	1
1051399	0	4916845	4
1051399	0	5195183	2
1051399	0	5217689	1
1051399	0	5308718	1
1051399	0	5348043	5
1051399	0	5598220	2
1051399	0	5598223	5
1051399	0	5725262	4
1051399	0	5956641	3
1051399	0	6353890	1
1051399	0	6503955	3
1051399	0	69812	5
1051399	0	69813	5
1051399	0	69818	5
1051399	0	6991992	1
1051399	0	7098275	2
1051399	0	7098280	1
1051399	0	7099525	1
1051399	0	71750	1
1051399	0	7290974	0
1051399	0	745839	3
1051399	0	7709923	1
1051399	0	7811491	2
1051399	0	7815594	2
1051399	0	7816049	3
1051399	0	7816050	3
1051399	0	7816053	3
1051399	0	7848669	2
1051399	0	7848670	5
1051399	0	7848674	5
1051399	0	7904179	4
1051399	0	7923108	4
1051399	0	8172956	2
1051399	0	8328703	4
1051399	0	8328712	0
1051399	0	857555	0
1051399	0	8812860	2
1051399	0	8815205	2
1051399	0	8815213	3
1051399	0	962431	4
1064670	0	100815	4
1064670	0	1100241	1
1064670	0	11242	0
1064670	0	1156065	3
1064670	0	129462	5
1064670	0	1686718	2
1064670	0	1686724	2
1064670	0	1760662	1
1064670	0	1979447	1
1064670	0	2017045	3
1064670	0	2316072	2
1064670	0	2761008	2
1064670	0	2839843	5
1064670	0	2870082	1
1064670	0	2895116	2
1064670	0	293152	1
1064670	0	2977159	5
1064670	0	2977160	5
1064670	0	3328188	4
1064670	0	3328191	4
1064670	0	3477583	3
1064670	0	3561216	4
1064670	0	3659747	1
1064670	0	3729576	0
1064670	0	3741160	1
1064670	0	3741166	5
1064670	0	3807086	5
1064670	0	3826026	5
1064670	0	3930	0
1064670	0	4181123	0
1064670	0	4181130	3
1064670	0	4216066	2
1064670	0	4216073	2
1064670	0	4217682	1
1064670	0	4260391	2
1064670	0	4260400	2
1064670	0	4845639	5
1064670	0	4855039	5
1064670	0	4859892	1
1064670	0	5138668	0
1064670	0	5191553	2
1064670	0	5265410	1
1064670	0	5265412	1
1064670	0	5333756	0
1064670	0	5888403	3
1064670	0	5888407	3
1064670	0	6098427	3
1064670	0	6127869	2
1064670	0	6171059	4
1064670	0	6175221	1
1064670	0	6619634	2
1064670	0	6728472	3
1064670	0	6762663	2
1064670	0	6770496	5
1064670	0	681599	4
1064670	0	6824284	5
1064670	0	6824285	5
1064670	0	6878678	4
1064670	0	6878684	4
1064670	0	6878685	4
1064670	0	7012470	3
1064670	0	7055907	0
1064670	0	7180532	0
1064670	0	7244108	1
1064670	0	7244113	0
1064670	0	7244114	2
1064670	0	736681	5
1064670	0	7403029	4
1064670	0	7556558	5
1064670	0	7556559	2
1064670	0	7556560	5
1064670	0	7836243	2
1064670	0	7836249	2
1064670	0	7928010	2
1064670	0	7928012	5
1064670	0	7928015	2
1064670	0	7968225	2
1064670	0	8100018	5
1064670	0	8100020	5
1064670	0	8186407	3
1064670	0	832044	4
1064670	0	8337453	2
1064670	0	8337454	2
1064670	0	8337455	4
1064670	0	846500	4
1064670	0	846501	1
1064670	0	8545962	0
1064670	0	8667817	1
1064670	0	8680897	5
1064670	0	8680901	5
1064670	0	8680902	5
1064670	0	8680903	5
1064670	0	8680904	5
1064670	0	8680905	5
1064670	0	8680906	5
1064670	0	8734273	4
1064670	0	8734274	4
1064670	0	8748215	2
1064670	0	8816317	2
1064670	0	8841814	2
1071750	0	1351108	1
1071750	0	1390642	0
1071750	0	1609185	0
1071750	0	1609186	2
1071750	0	1655593	2
1071750	0	1655597	0
1071750	0	1954588	0
1071750	0	2055648	2
1071750	0	2186844	0
1071750	0	2562017	2
1071750	0	2608165	0
1071750	0	27185	3
1071750	0	2719271	2
1071750	0	3016476	2
1071750	0	3016477	1
1071750	0	3016481	3
1071750	0	3016482	2
1071750	0	3016483	2
1071750	0	3477867	1
1071750	0	3477868	2
1071750	0	3477869	4
1071750	0	3477870	2
1071750	0	3477871	2
1071750	0	3477875	1
1071750	0	3575934	5
1071750	0	3599755	1
1071750	0	3719923	1
1071750	0	3719925	4
1071750	0	3719926	4
1071750	0	3719929	3
1071750	0	3850956	5
1071750	0	3928913	5
1071750	0	3928914	5
1071750	0	3928915	5
1071750	0	3928916	5
1071750	0	3928917	5
1071750	0	3928918	5
1071750	0	4043736	1
1071750	0	4094983	1
1071750	0	4094986	1
1071750	0	4094988	1
1071750	0	4094989	4
1071750	0	4094991	4
1071750	0	4133638	2
1071750	0	4133640	4
1071750	0	4133641	2
1071750	0	4133644	4
1071750	0	4360119	2
1071750	0	4360121	3
1071750	0	4360125	3
1071750	0	4422895	0
1071750	0	4600110	0
1071750	0	4620630	2
1071750	0	4717395	4
1071750	0	4717397	2
1071750	0	4717399	2
1071750	0	4717400	1
1071750	0	4717401	5
1071750	0	4717402	2
1071750	0	4717403	3
1071750	0	4794978	5
1071750	0	4853911	1
1071750	0	5334445	2
1071750	0	5510448	2
1071750	0	5510450	1
1071750	0	5510451	2
1071750	0	6508491	5
1071750	0	6508493	5
1071750	0	6508494	5
1071750	0	6508496	4
1071750	0	6508498	5
1071750	0	6508499	3
1071750	0	6869822	2
1071750	0	717792	0
1071750	0	7778577	4
1071750	0	8219038	1
1071750	0	8378382	2
1071750	0	8378383	4
1071750	0	8378384	4
1071750	0	8378385	3
1071750	0	8378386	3
1071750	0	8378387	4
1071750	0	8378388	3
1071750	0	8378389	5
1071750	0	8378390	5
1071750	0	8378391	5
1071750	0	8580823	0
1071750	0	8698267	4
1071750	0	8698268	5
1071750	0	8698269	5
1071750	0	8698270	5
1071750	0	8698271	4
1071750	0	8698272	5
1071750	0	8698273	5
1071750	0	8698274	5
1071750	0	8698275	5
1071750	0	8698276	5
1071750	0	8777658	2
1071750	0	8795926	1
1071750	0	959132	2
1105792	0	1192888	1
1105792	0	1381135	0
1105792	0	1382758	0
1105792	0	1382761	2
1105792	0	1382762	1
1105792	0	1411853	2
1105792	0	144228	0
1105792	0	1626214	4
1105792	0	1626215	4
1105792	0	1626217	2
1105792	0	1663957	2
1105792	0	1663958	0
1105792	0	1672440	1
1105792	0	1691189	4
1105792	0	1849779	1
1105792	0	2069615	4
1105792	0	2069617	4
1105792	0	2095132	5
1105792	0	2437804	1
1105792	0	2668971	3
1105792	0	2668972	3
1105792	0	277184	2
1105792	0	2785328	2
1105792	0	3233601	1
1105792	0	3330323	1
1105792	0	3330327	1
1105792	0	3429480	0
1105792	0	3791046	1
1105792	0	4193894	3
1105792	0	4350293	4
1105792	0	4350295	2
1105792	0	4350296	4
1105792	0	4350297	4
1105792	0	4350298	5
1105792	0	4451396	5
1105792	0	4451397	5
1105792	0	4451399	5
1105792	0	4451401	5
1105792	0	4451402	5
1105792	0	4451403	5
1105792	0	4550946	2
1105792	0	4550951	5
1105792	0	4550952	2
1105792	0	4550953	5
1105792	0	4760126	4
1105792	0	4874724	1
1105792	0	5063482	4
1105792	0	5063488	5
1105792	0	5063489	3
1105792	0	5524984	2
1105792	0	5841671	4
1105792	0	6412590	2
1105792	0	6412594	5
1105792	0	6412597	4
1105792	0	6422117	0
1105792	0	6422118	0
1105792	0	6422122	1
1105792	0	6601000	1
1105792	0	6625428	2
1105792	0	6625430	4
1105792	0	6625433	2
1105792	0	6625434	2
1105792	0	6667382	1
1105792	0	6800826	1
1105792	0	6800827	2
1105792	0	6898588	4
1105792	0	6898594	4
1105792	0	6937644	2
1105792	0	7144173	2
1105792	0	7144174	2
1105792	0	7349274	0
1105792	0	7349276	2
1105792	0	7425527	3
1105792	0	7425528	2
1105792	0	7425529	3
1105792	0	7425535	2
1105792	0	788924	3
1105792	0	8097960	0
1105792	0	8097963	2
1105792	0	8201610	5
1105792	0	8201611	5
1105792	0	8201612	5
1105792	0	8201613	5
1105792	0	8201614	5
1105792	0	8201615	5
1105792	0	8201616	5
1105792	0	8201617	5
1105792	0	8201618	5
1105792	0	8201619	5
1105792	0	8412254	3
1105792	0	8464757	2
1105792	0	8711174	2
1105792	0	8711177	3
1105792	0	8711180	3
1105792	0	8795366	2
1105792	0	8795367	5
1105792	0	8795370	5
1105792	0	8795374	5
1105792	0	890402	0
1105792	0	899553	1
1106979	0	1207096	4
1106979	0	139740	2
1106979	0	1589841	3
1106979	0	1951287	1
1106979	0	2050617	1
1106979	0	210628	2
1106979	0	210632	1
1106979	0	2258092	1
1106979	0	2306620	5
1106979	0	2375311	2
1106979	0	2375313	2
1106979	0	2375317	2
1106979	0	2496608	5
1106979	0	2789921	2
1106979	0	2884219	5
1106979	0	2884220	5
1106979	0	2884226	5
1106979	0	2910472	2
1106979	0	2910477	3
1106979	0	3010524	1
1106979	0	3018740	2
1106979	0	3018741	0
1106979	0	3290646	5
1106979	0	3290649	5
1106979	0	3290651	5
1106979	0	3294974	1
1106979	0	3322163	2
1106979	0	3417281	2
1106979	0	348054	5
1106979	0	348055	5
1106979	0	348057	5
1106979	0	3644124	4
1106979	0	391272	4
1106979	0	4019426	2
1106979	0	4085368	2
1106979	0	4259138	3
1106979	0	4585827	2
1106979	0	529550	0
1106979	0	5383176	4
1106979	0	5427873	1
1106979	0	5427878	1
1106979	0	5594302	1
1106979	0	6221485	4
1106979	0	6221486	5
1106979	0	6221487	5
1106979	0	6221488	3
1106979	0	6221489	3
1106979	0	6221490	5
1106979	0	6221491	4
1106979	0	6221492	4
1106979	0	6221494	4
1106979	0	646120	1
1106979	0	6654373	2
1106979	0	6678438	4
1106979	0	6678439	0
1106979	0	6678441	4
1106979	0	6678444	2
1106979	0	6739455	1
1106979	0	6739457	2
1106979	0	6802957	1
1106979	0	6965537	0
1106979	0	6994875	0
1106979	0	7007161	0
1106979	0	7033760	2
1106979	0	7033762	2
1106979	0	7033763	0
1106979	0	7033764	3
1106979	0	7033765	2
1106979	0	7033766	1
1106979	0	7033767	3
1106979	0	7033768	4
1106979	0	7033769	3
1106979	0	7499364	2
1106979	0	7557632	5
1106979	0	7674415	4
1106979	0	7674419	5
1106979	0	7674423	4
1106979	0	7832129	0
1106979	0	7920803	3
1106979	0	799359	5
1106979	0	799360	4
1106979	0	8177315	3
1106979	0	8177319	1
1106979	0	8190132	5
1106979	0	8190133	5
1106979	0	8190134	5
1106979	0	8190136	5
1106979	0	8190137	5
1106979	0	8190138	5
1106979	0	8190139	5
1106979	0	8190140	5
1106979	0	826857	2
1106979	0	8623006	2
1106979	0	8722231	0
1106979	0	8722234	0
1106979	0	8722235	2
1106979	0	8820391	2
1106979	0	885818	1
1106979	0	947605	4
1106979	0	970167	2
1108651	0	1421349	2
1108651	0	1421350	5
1108651	0	1421352	5
1108651	0	1421353	5
1108651	0	1421354	2
1108651	0	1421355	5
1108651	0	1457501	4
1108651	0	1457502	3
1108651	0	1482137	1
1108651	0	158235	1
1108651	0	1621557	3
1108651	0	1643324	4
1108651	0	1643325	4
1108651	0	1700134	1
1108651	0	1714260	3
1108651	0	1817809	2
1108651	0	1917539	2
1108651	0	2022311	0
1108651	0	2044065	2
1108651	0	2141336	5
1108651	0	2289181	1
1108651	0	2497201	2
1108651	0	2564930	5
1108651	0	2745683	5
1108651	0	2745687	4
1108651	0	2745688	0
1108651	0	2849393	1
1108651	0	3102788	4
1108651	0	3102792	5
1108651	0	3102793	2
1108651	0	3102796	2
1108651	0	3313493	2
1108651	0	3561553	3
1108651	0	3561558	4
1108651	0	3561559	0
1108651	0	3641700	1
1108651	0	378711	1
1108651	0	3907630	2
1108651	0	3923075	2
1108651	0	4351519	1
1108651	0	479166	1
1108651	0	4851163	2
1108651	0	4911228	5
1108651	0	5066712	5
1108651	0	5330509	5
1108651	0	5330510	3
1108651	0	5494401	3
1108651	0	5830553	5
1108651	0	5962815	3
1108651	0	5975247	0
1108651	0	6058576	4
1108651	0	6254871	1
1108651	0	6254872	2
1108651	0	6461621	1
1108651	0	6474920	0
1108651	0	6499055	0
1108651	0	6500754	2
1108651	0	6517917	2
1108651	0	6522183	5
1108651	0	6623205	4
1108651	0	6635998	5
1108651	0	6636001	5
1108651	0	6747079	2
1108651	0	6917944	2
1108651	0	6917946	0
1108651	0	7111296	4
1108651	0	7115328	1
1108651	0	7341143	2
1108651	0	7341144	0
1108651	0	7442987	2
1108651	0	7501823	2
1108651	0	7562550	1
1108651	0	7653928	4
1108651	0	7654965	1
1108651	0	7879808	0
1108651	0	815596	4
1108651	0	815597	4
1108651	0	815600	2
1108651	0	8175406	2
1108651	0	8175407	5
1108651	0	8175408	5
1108651	0	8175409	5
1108651	0	8175410	5
1108651	0	8175411	5
1108651	0	8175412	5
1108651	0	8175414	5
1108651	0	8175415	5
1108651	0	8256437	1
1108651	0	8258085	4
1108651	0	8289553	3
1108651	0	8289555	2
1108651	0	8289556	4
1108651	0	8289560	4
1108651	0	8289561	5
1108651	0	8381718	3
1108651	0	847721	3
1108651	0	8519010	0
1108651	0	8523642	2
1108651	0	8591633	5
1108651	0	8643791	2
1109707	0	1011113	2
1109707	0	1058288	4
1109707	0	107894	3
1109707	0	1143386	5
1109707	0	1207303	1
1109707	0	1235933	4
1109707	0	1444599	5
1109707	0	1667039	0
1109707	0	1671350	2
1109707	0	1712222	0
1109707	0	1719371	5
1109707	0	1719372	5
1109707	0	1719373	2
1109707	0	1719374	5
1109707	0	1823563	5
1109707	0	1911564	5
1109707	0	1911568	0
1109707	0	1922349	0
1109707	0	1950475	2
1109707	0	1969321	3
1109707	0	1980270	2
1109707	0	2068094	2
1109707	0	2068096	1
1109707	0	2068101	2
1109707	0	2245437	5
1109707	0	2456877	5
1109707	0	2522774	1
1109707	0	2581464	1
1109707	0	2608505	4
1109707	0	2646535	5
1109707	0	2879391	1
1109707	0	2879398	0
1109707	0	2946793	4
1109707	0	3039465	4
1109707	0	3039466	2
1109707	0	3497360	0
1109707	0	353771	3
1109707	0	353772	2
1109707	0	3609754	4
1109707	0	3943399	1
1109707	0	3982977	5
1109707	0	4053838	2
1109707	0	4122618	5
1109707	0	4237064	2
1109707	0	4294915	5
1109707	0	4332695	1
1109707	0	4370752	4
1109707	0	4370753	5
1109707	0	4370755	2
1109707	0	4370756	1
1109707	0	4377704	1
1109707	0	4419505	3
1109707	0	459375	2
1109707	0	4788762	5
1109707	0	4821697	0
1109707	0	4867369	4
1109707	0	4869410	2
1109707	0	4933633	2
1109707	0	5061689	4
1109707	0	517840	5
1109707	0	5340022	0
1109707	0	5415865	5
1109707	0	5418070	0
1109707	0	5446117	2
1109707	0	5639029	4
1109707	0	5740302	3
1109707	0	5826551	1
1109707	0	5942603	3
1109707	0	5947139	5
1109707	0	603152	3
1109707	0	6412669	3
1109707	0	6872195	5
1109707	0	7101696	0
1109707	0	7241557	5
1109707	0	7566097	1
1109707	0	7566102	5
1109707	0	7566104	2
1109707	0	7566105	5
1109707	0	7671117	4
1109707	0	771002	5
1109707	0	785762	3
1109707	0	7979663	4
1109707	0	8027667	2
1109707	0	8027668	4
1109707	0	8165491	5
1109707	0	8165492	1
1109707	0	8165497	4
1109707	0	8179673	1
1109707	0	8363276	2
1109707	0	8363279	2
1109707	0	8363280	2
1109707	0	8363281	2
1109707	0	8411158	3
1109707	0	8411159	1
1109707	0	8441435	4
1109707	0	8552235	2
1109707	0	8564590	5
1109707	0	8564591	1
1109707	0	8679294	2
1109707	0	8691951	2
1110678	0	1110866	1
1110678	0	1125988	4
1110678	0	1174910	5
1110678	0	1191773	5
1110678	0	120074	1
1110678	0	1263295	5
1110678	0	128765	1
1110678	0	1386361	2
1110678	0	1386387	1
1110678	0	1514972	3
1110678	0	1538553	2
1110678	0	162358	4
1110678	0	1902637	5
1110678	0	1902638	4
1110678	0	1902639	1
1110678	0	1902640	5
1110678	0	1911648	3
1110678	0	2073669	2
1110678	0	2216906	3
1110678	0	2284094	2
1110678	0	2310808	5
1110678	0	2310814	4
1110678	0	2310815	2
1110678	0	2334662	2
1110678	0	2355229	1
1110678	0	2379087	3
1110678	0	2713705	5
1110678	0	2713708	5
1110678	0	2713709	5
1110678	0	2748417	4
1110678	0	2789478	0
1110678	0	2789486	2
1110678	0	2887708	1
1110678	0	3077415	2
1110678	0	3267836	4
1110678	0	3267839	2
1110678	0	347013	2
1110678	0	3485848	2
1110678	0	3489883	4
1110678	0	3497180	2
1110678	0	3559144	5
1110678	0	3719134	5
1110678	0	3813276	4
1110678	0	3854403	2
1110678	0	3933533	3
1110678	0	4018378	1
1110678	0	4018386	5
1110678	0	4125350	1
1110678	0	4125354	0
1110678	0	4211036	2
1110678	0	4421881	2
1110678	0	4439793	1
1110678	0	4615527	0
1110678	0	4706126	2
1110678	0	4717472	4
1110678	0	4717478	2
1110678	0	4717479	3
1110678	0	4717481	4
1110678	0	4720791	0
1110678	0	4738965	5
1110678	0	4739193	4
1110678	0	4938479	5
1110678	0	4972936	4
1110678	0	5253767	2
1110678	0	5326292	2
1110678	0	5336226	3
1110678	0	5543701	4
1110678	0	5684994	0
1110678	0	593570	2
1110678	0	6129206	0
1110678	0	6129211	4
1110678	0	614074	3
1110678	0	6315301	5
1110678	0	6512116	5
1110678	0	6512117	5
1110678	0	6604336	1
1110678	0	6648528	3
1110678	0	6945221	1
1110678	0	6945223	1
1110678	0	7139329	5
1110678	0	714348	1
1110678	0	714351	2
1110678	0	7165294	4
1110678	0	7254274	2
1110678	0	741943	5
1110678	0	7504075	3
1110678	0	7712706	5
1110678	0	7822744	5
1110678	0	7894573	0
1110678	0	7925699	0
1110678	0	8155912	5
1110678	0	8155913	5
1110678	0	8155914	5
1110678	0	8159105	5
1110678	0	8212941	1
1110678	0	8427753	0
1110678	0	8594295	2
1110678	0	8594298	2
1110678	0	925075	0
1110678	0	925405	2
1113256	0	1037242	2
1113256	0	1037243	2
1113256	0	1037245	2
1113256	0	1037246	4
1113256	0	1037247	2
1113256	0	1257882	0
1113256	0	1407862	2
1113256	0	1407863	2
1113256	0	1407864	2
1113256	0	1407867	5
1113256	0	1407871	5
1113256	0	1814337	0
1113256	0	1814343	0
1113256	0	2285444	2
1113256	0	2285445	4
1113256	0	2285447	4
1113256	0	2321033	3
1113256	0	2321035	2
1113256	0	2337082	1
1113256	0	2530542	1
1113256	0	2671273	5
1113256	0	2680775	5
1113256	0	2713310	5
1113256	0	2713311	3
1113256	0	2713313	4
1113256	0	2762960	1
1113256	0	2762962	4
1113256	0	2762963	1
1113256	0	3003351	0
1113256	0	3123993	1
1113256	0	3263258	5
1113256	0	3263263	3
1113256	0	3357313	2
1113256	0	3357314	2
1113256	0	3357319	0
1113256	0	3357321	0
1113256	0	3427295	0
1113256	0	3479165	1
1113256	0	3479466	5
1113256	0	3491140	2
1113256	0	3539363	5
1113256	0	363560	0
1113256	0	3654118	1
1113256	0	3680842	2
1113256	0	3828438	3
1113256	0	3976057	2
1113256	0	3976059	2
1113256	0	3976060	5
1113256	0	3976064	5
1113256	0	4006284	2
1113256	0	4064120	2
1113256	0	4111648	4
1113256	0	45782	1
1113256	0	4689495	3
1113256	0	4689499	4
1113256	0	4751806	0
1113256	0	4888393	4
1113256	0	5096692	2
1113256	0	5365817	4
1113256	0	5365819	4
1113256	0	5723305	4
1113256	0	6106132	5
1113256	0	637677	1
1113256	0	6707845	4
1113256	0	6782246	2
1113256	0	6915168	5
1113256	0	6915169	3
1113256	0	6915170	5
1113256	0	6937739	2
1113256	0	6937740	1
1113256	0	7168614	1
1113256	0	7190242	2
1113256	0	7561111	5
1113256	0	7561113	5
1113256	0	7561114	5
1113256	0	7561115	5
1113256	0	7561116	5
1113256	0	7561117	5
1113256	0	7561118	5
1113256	0	7561120	5
1113256	0	7594310	3
1113256	0	7638467	2
1113256	0	7843131	3
1113256	0	7843132	3
1113256	0	7959534	2
1113256	0	8130528	5
1113256	0	8130529	5
1113256	0	8130530	5
1113256	0	8130535	5
1113256	0	8224542	3
1113256	0	8380140	4
1113256	0	844373	1
1113256	0	8505961	0
1113256	0	8506244	2
1113256	0	8506247	4
1113256	0	8518449	1
1113256	0	8519597	4
1113256	0	8810981	2
1113256	0	8810982	1
1113256	0	948219	1
1115210	0	1170874	0
1115210	0	1195486	1
1115210	0	1252811	1
1115210	0	1419213	3
1115210	0	1508534	0
1115210	0	1625019	0
1115210	0	1640066	1
1115210	0	1930304	4
1115210	0	1932298	2
1115210	0	1940868	0
1115210	0	2037465	3
1115210	0	2037471	0
1115210	0	2168224	4
1115210	0	2253563	1
1115210	0	2278519	4
1115210	0	2493291	0
1115210	0	2539934	3
1115210	0	2771711	2
1115210	0	2771712	4
1115210	0	280723	2
1115210	0	2959115	2
1115210	0	3031187	3
1115210	0	3031188	2
1115210	0	3031193	4
1115210	0	3101518	2
1115210	0	3262905	1
1115210	0	3406549	3
1115210	0	3556637	2
1115210	0	3769947	2
1115210	0	382378	5
1115210	0	3870942	4
1115210	0	4049735	2
1115210	0	4063001	3
1115210	0	4189777	5
1115210	0	4450403	2
1115210	0	4450404	4
1115210	0	4450406	2
1115210	0	4450407	3
1115210	0	4493933	4
1115210	0	4493934	1
1115210	0	4610462	4
1115210	0	4722362	5
1115210	0	4765342	1
1115210	0	4781712	4
1115210	0	4791665	3
1115210	0	5229938	0
1115210	0	5360047	1
1115210	0	5547291	5
1115210	0	5547293	5
1115210	0	5547295	2
1115210	0	5547297	3
1115210	0	5547298	5
1115210	0	5547299	5
1115210	0	5594603	0
1115210	0	5652519	2
1115210	0	5903116	5
1115210	0	5922492	0
1115210	0	5923473	3
1115210	0	6188884	1
1115210	0	6528039	4
1115210	0	6528043	4
1115210	0	6753265	1
1115210	0	6786951	2
1115210	0	6937377	4
1115210	0	6981449	1
1115210	0	7140183	2
1115210	0	7146818	2
1115210	0	7153218	4
1115210	0	7188543	2
1115210	0	7188546	2
1115210	0	7440360	2
1115210	0	7440364	2
1115210	0	7463700	2
1115210	0	7487597	2
1115210	0	7487600	5
1115210	0	7666784	5
1115210	0	7685077	2
1115210	0	7709255	1
1115210	0	7739731	2
1115210	0	7867204	1
1115210	0	8111878	5
1115210	0	8111879	5
1115210	0	8111883	5
1115210	0	8111885	5
1115210	0	8111886	5
1115210	0	8111887	5
1115210	0	8112005	0
1115210	0	8112010	2
1115210	0	8119266	4
1115210	0	8390252	5
1115210	0	8390254	5
1115210	0	840010	5
1115210	0	840012	5
1115210	0	8450250	1
1115210	0	845820	5
1115210	0	845823	5
1115210	0	845827	5
1115210	0	845828	5
1115210	0	8563265	1
1115210	0	8787715	5
1116380	0	1242071	0
1116380	0	1242073	5
1116380	0	1291048	1
1116380	0	1291051	2
1116380	0	1291052	1
1116380	0	1291053	0
1116380	0	1422754	4
1116380	0	1422755	2
1116380	0	1422756	5
1116380	0	1422757	5
1116380	0	1422758	2
1116380	0	1422760	2
1116380	0	1422761	2
1116380	0	1537442	2
1116380	0	1537447	5
1116380	0	1537448	2
1116380	0	1537450	3
1116380	0	1635678	5
1116380	0	1645711	5
1116380	0	1645713	2
1116380	0	1682893	0
1116380	0	218593	1
1116380	0	2302565	5
1116380	0	2302566	2
1116380	0	2302568	2
1116380	0	2302569	2
1116380	0	2302570	4
1116380	0	2302571	2
1116380	0	2626979	5
1116380	0	2626982	5
1116380	0	2626983	2
1116380	0	2626986	1
1116380	0	2626987	0
1116380	0	2626988	1
1116380	0	283258	3
1116380	0	283259	4
1116380	0	283261	4
1116380	0	283262	5
1116380	0	283263	3
1116380	0	283264	2
1116380	0	283265	2
1116380	0	283266	5
1116380	0	283267	5
1116380	0	2960673	3
1116380	0	2960678	5
1116380	0	3588231	1
1116380	0	3588232	5
1116380	0	3588233	2
1116380	0	3588234	5
1116380	0	3588236	0
1116380	0	3588237	2
1116380	0	3588238	1
1116380	0	3588239	0
1116380	0	4118339	5
1116380	0	444974	4
1116380	0	5104779	3
1116380	0	521336	3
1116380	0	521337	3
1116380	0	521338	4
1116380	0	521339	2
1116380	0	521340	2
1116380	0	521341	5
1116380	0	521342	4
1116380	0	521344	4
1116380	0	521345	5
1116380	0	5406796	4
1116380	0	568198	1
1116380	0	572184	2
1116380	0	5752652	5
1116380	0	5752654	1
1116380	0	5752657	5
1116380	0	5993459	3
1116380	0	631532	2
1116380	0	684558	3
1116380	0	684559	2
1116380	0	684560	0
1116380	0	684563	4
1116380	0	684564	4
1116380	0	6993305	1
1116380	0	6993311	3
1116380	0	6993312	1
1116380	0	6993313	1
1116380	0	765639	2
1116380	0	765640	4
1116380	0	765642	4
1116380	0	765643	1
1116380	0	765644	2
1116380	0	765645	4
1116380	0	765646	5
1116380	0	7667831	0
1116380	0	8100542	5
1116380	0	8100543	5
1116380	0	8100545	5
1116380	0	8100546	5
1116380	0	8100548	4
1116380	0	8113949	0
1116380	0	8119446	1
1116380	0	8430548	0
1116380	0	8784326	2
1116380	0	8784328	1
1121353	0	1287149	0
1121353	0	1452054	1
1121353	0	1454102	2
1121353	0	1598758	3
1121353	0	1643468	2
1121353	0	1718235	5
1121353	0	1718237	2
1121353	0	1727596	3
1121353	0	1737022	0
1121353	0	1815071	2
1121353	0	1854970	2
1121353	0	1886363	5
1121353	0	195104	2
1121353	0	2014565	2
1121353	0	2043986	4
1121353	0	2174360	0
1121353	0	2213820	3
1121353	0	2474382	3
1121353	0	2477448	5
1121353	0	2500055	4
1121353	0	2513113	4
1121353	0	2777411	3
1121353	0	3393185	5
1121353	0	3516886	2
1121353	0	3527301	1
1121353	0	3541848	2
1121353	0	3556930	2
1121353	0	356953	2
1121353	0	3641804	4
1121353	0	3658923	5
1121353	0	3994685	1
1121353	0	4255177	5
1121353	0	4259960	5
1121353	0	4260993	5
1121353	0	4440318	5
1121353	0	470459	4
1121353	0	4828747	5
1121353	0	4872673	0
1121353	0	4969906	2
1121353	0	5065103	1
1121353	0	5112603	2
1121353	0	5112604	0
1121353	0	5214698	4
1121353	0	5277905	1
1121353	0	5540041	5
1121353	0	5572762	1
1121353	0	5572764	2
1121353	0	5572767	2
1121353	0	5584830	5
1121353	0	5614483	2
1121353	0	5642760	1
1121353	0	5642762	4
1121353	0	5788920	4
1121353	0	5884499	5
1121353	0	6000311	4
1121353	0	623603	3
1121353	0	623606	4
1121353	0	6379159	2
1121353	0	643770	4
1121353	0	643771	2
1121353	0	643773	2
1121353	0	643774	5
1121353	0	643775	3
1121353	0	6505405	3
1121353	0	6599525	5
1121353	0	6606564	4
1121353	0	6649435	4
1121353	0	6756660	1
1121353	0	6792535	1
1121353	0	7069371	2
1121353	0	710825	3
1121353	0	7344839	4
1121353	0	7344843	1
1121353	0	735856	1
1121353	0	735859	0
1121353	0	7363356	5
1121353	0	7384403	2
1121353	0	750872	1
1121353	0	769699	1
1121353	0	8041299	4
1121353	0	8053108	5
1121353	0	8053109	5
1121353	0	8053112	5
1121353	0	8053113	5
1121353	0	8053117	5
1121353	0	8081420	2
1121353	0	8105896	0
1121353	0	8215940	3
1121353	0	8459219	2
1121353	0	8459222	5
1121353	0	8506588	0
1121353	0	8684415	5
1121353	0	8708805	1
1121353	0	8805323	0
1121353	0	925386	0
1121353	0	935133	5
1121353	0	935134	5
1121353	0	937045	1
1121353	0	946643	2
1121353	0	976602	2
1122767	0	1082414	2
1122767	0	1141681	4
1122767	0	1414708	2
1122767	0	1414715	1
1122767	0	1456251	2
1122767	0	1475981	3
1122767	0	1475984	4
1122767	0	1548669	0
1122767	0	1585469	0
1122767	0	1585470	1
1122767	0	1620454	0
1122767	0	1901639	5
1122767	0	1951801	2
1122767	0	2019367	5
1122767	0	2019371	5
1122767	0	2033018	3
1122767	0	2229592	1
1122767	0	2367096	0
1122767	0	240310	2
1122767	0	2580010	0
1122767	0	2580012	1
1122767	0	2859900	4
1122767	0	2859903	5
1122767	0	2859904	5
1122767	0	2859907	5
1122767	0	2859908	2
1122767	0	2869515	1
1122767	0	2869516	2
1122767	0	2869517	4
1122767	0	2869519	1
1122767	0	2869520	2
1122767	0	2912048	2
1122767	0	318761	2
1122767	0	3192617	1
1122767	0	3320214	1
1122767	0	3320215	2
1122767	0	3320217	4
1122767	0	3320220	4
1122767	0	3368028	2
1122767	0	3402788	2
1122767	0	3402792	1
1122767	0	3407781	5
1122767	0	3467786	5
1122767	0	3467790	0
1122767	0	3467791	1
1122767	0	3702365	0
1122767	0	3850578	1
1122767	0	4102083	5
1122767	0	4122508	2
1122767	0	4191681	0
1122767	0	4259801	3
1122767	0	438879	1
1122767	0	4550504	5
1122767	0	461302	4
1122767	0	461308	2
1122767	0	4621010	1
1122767	0	4784605	5
1122767	0	4824674	3
1122767	0	4824677	5
1122767	0	4824679	5
1122767	0	4934340	2
1122767	0	4973919	2
1122767	0	506025	4
1122767	0	5145967	2
1122767	0	5145968	0
1122767	0	5285491	5
1122767	0	5796709	5
1122767	0	585508	2
1122767	0	5877496	3
1122767	0	5877500	5
1122767	0	6063622	4
1122767	0	6179207	5
1122767	0	6179209	5
1122767	0	6179210	5
1122767	0	6179211	4
1122767	0	6179212	4
1122767	0	6179213	5
1122767	0	6310719	2
1122767	0	654516	2
1122767	0	6758959	2
1122767	0	6762755	0
1122767	0	6851716	2
1122767	0	6851717	5
1122767	0	6851720	5
1122767	0	6901879	4
1122767	0	6946769	4
1122767	0	7461553	2
1122767	0	7544609	5
1122767	0	774161	1
1122767	0	8039583	5
1122767	0	8039587	4
1122767	0	8039590	5
1122767	0	8061228	4
1122767	0	8061234	2
1122767	0	8326513	3
1122767	0	8512347	3
1122767	0	8603216	3
1122767	0	916149	3
1122767	0	992687	3
1122767	0	995429	1
1127540	0	1143371	2
1127540	0	1201693	2
1127540	0	1259593	5
1127540	0	1259595	4
1127540	0	1259596	2
1127540	0	1259597	5
1127540	0	1259598	2
1127540	0	1259600	4
1127540	0	1259602	5
1127540	0	1289306	2
1127540	0	1375138	2
1127540	0	1520681	0
1127540	0	1521795	3
1127540	0	1521797	2
1127540	0	1521798	2
1127540	0	1577336	2
1127540	0	1703679	4
1127540	0	1830090	2
1127540	0	2044364	5
1127540	0	2044366	5
1127540	0	2044368	5
1127540	0	2044369	5
1127540	0	2044372	5
1127540	0	2058016	4
1127540	0	2058017	4
1127540	0	2058018	4
1127540	0	2058019	4
1127540	0	2058020	4
1127540	0	2058021	5
1127540	0	2058022	4
1127540	0	2058023	4
1127540	0	2058024	5
1127540	0	2058025	4
1127540	0	2072211	3
1127540	0	2072213	5
1127540	0	2072214	2
1127540	0	2072217	5
1127540	0	2519159	1
1127540	0	2519164	1
1127540	0	2574460	5
1127540	0	2596634	2
1127540	0	2602372	2
1127540	0	2674651	2
1127540	0	2809002	1
1127540	0	2923948	0
1127540	0	3076215	1
1127540	0	3088163	1
1127540	0	3134960	5
1127540	0	3229659	0
1127540	0	3236901	2
1127540	0	3236906	4
1127540	0	3752351	1
1127540	0	3787184	4
1127540	0	411182	0
1127540	0	4239792	4
1127540	0	4243534	0
1127540	0	4277433	1
1127540	0	4368068	2
1127540	0	4470040	1
1127540	0	4547217	1
1127540	0	4852620	2
1127540	0	4968765	4
1127540	0	5215467	1
1127540	0	5215474	0
1127540	0	5533406	0
1127540	0	5638575	3
1127540	0	5695961	2
1127540	0	5728324	5
1127540	0	5753339	5
1127540	0	6236872	2
1127540	0	6730053	2
1127540	0	7000971	3
1127540	0	7000973	3
1127540	0	700771	3
1127540	0	7127253	3
1127540	0	729879	1
1127540	0	7439668	0
1127540	0	7674072	1
1127540	0	7947397	3
1127540	0	7952444	1
1127540	0	7994747	0
1127540	0	8051801	2
1127540	0	8462437	2
1127540	0	8565523	2
1127540	0	8565525	2
1127540	0	8565526	3
1127540	0	861274	1
1127540	0	8691997	0
1127540	0	8692000	1
1127540	0	8726954	5
1127540	0	8726955	5
1127540	0	8726956	5
1127540	0	8726957	5
1127540	0	8726958	5
1127540	0	8726960	5
1127540	0	8726961	5
1127540	0	8726962	5
1127540	0	8726963	5
1127540	0	898317	3
1127540	0	937913	2
1131069	0	1038403	0
1131069	0	1043100	1
1131069	0	1195966	3
1131069	0	1768592	1
1131069	0	1780963	5
1131069	0	1780965	4
1131069	0	1780966	5
1131069	0	1780967	4
1131069	0	1780968	5
1131069	0	1780969	5
1131069	0	1780970	5
1131069	0	1780971	5
1131069	0	1950963	2
1131069	0	226992	3
1131069	0	2275210	2
1131069	0	2275212	0
1131069	0	2529339	2
1131069	0	2578817	0
1131069	0	2578822	1
1131069	0	2614315	4
1131069	0	2614316	4
1131069	0	2614322	1
1131069	0	2713202	1
1131069	0	2783520	1
1131069	0	2805723	5
1131069	0	2805726	5
1131069	0	2930342	3
1131069	0	2930344	2
1131069	0	2930347	4
1131069	0	2996190	2
1131069	0	3050455	2
1131069	0	3139579	3
1131069	0	3226670	0
1131069	0	3341289	1
1131069	0	3671672	2
1131069	0	3713247	3
1131069	0	4027733	2
1131069	0	4758555	0
1131069	0	5413864	3
1131069	0	5455638	2
1131069	0	5455642	4
1131069	0	5459465	2
1131069	0	5488948	1
1131069	0	5582397	0
1131069	0	5667711	0
1131069	0	5668186	1
1131069	0	5832667	1
1131069	0	5843920	2
1131069	0	593127	2
1131069	0	593131	3
1131069	0	6197030	2
1131069	0	6240969	2
1131069	0	6447001	5
1131069	0	6710829	1
1131069	0	671982	2
1131069	0	6763441	4
1131069	0	6803916	3
1131069	0	6809696	4
1131069	0	6809697	5
1131069	0	6809698	5
1131069	0	6809699	4
1131069	0	6809701	5
1131069	0	6809702	5
1131069	0	6809703	5
1131069	0	6868967	1
1131069	0	6907802	5
1131069	0	6907806	5
1131069	0	6907807	5
1131069	0	6907808	5
1131069	0	6907809	5
1131069	0	7275756	4
1131069	0	7275758	4
1131069	0	7275761	4
1131069	0	7419370	4
1131069	0	7425837	2
1131069	0	7479529	0
1131069	0	7524505	0
1131069	0	7524511	1
1131069	0	7605112	1
1131069	0	7610004	2
1131069	0	7610005	2
1131069	0	7610007	2
1131069	0	7756362	1
1131069	0	7770231	2
1131069	0	7840168	2
1131069	0	7920653	2
1131069	0	7962538	3
1131069	0	810830	2
1131069	0	8191742	5
1131069	0	8191743	5
1131069	0	8191744	5
1131069	0	8432048	5
1131069	0	8432049	5
1131069	0	8432050	5
1131069	0	8432053	4
1131069	0	8432055	2
1131069	0	8669561	3
1131069	0	8772621	0
1131069	0	8772624	4
1131069	0	8772625	2
1132532	0	1012083	1
1132532	0	1149459	1
1132532	0	1245510	5
1132532	0	1245511	5
1132532	0	1528845	2
1132532	0	1573544	1
1132532	0	1976993	0
1132532	0	1976995	1
1132532	0	23960	4
1132532	0	23966	4
1132532	0	2864107	1
1132532	0	331542	4
1132532	0	331543	1
1132532	0	331545	3
1132532	0	3406612	3
1132532	0	3469358	2
1132532	0	3483362	3
1132532	0	3643206	2
1132532	0	3797904	5
1132532	0	40091	3
1132532	0	4110870	4
1132532	0	4139703	0
1132532	0	4140566	2
1132532	0	4178255	1
1132532	0	4456054	2
1132532	0	4591601	2
1132532	0	4851673	5
1132532	0	4851677	4
1132532	0	5041349	4
1132532	0	5053525	5
1132532	0	5130842	4
1132532	0	5222260	0
1132532	0	5257696	0
1132532	0	5382161	2
1132532	0	5479424	0
1132532	0	5510988	1
1132532	0	554587	2
1132532	0	5610402	2
1132532	0	5651674	1
1132532	0	569543	2
1132532	0	5721704	1
1132532	0	5839862	2
1132532	0	5839863	1
1132532	0	5910809	4
1132532	0	5989422	5
1132532	0	5994763	2
1132532	0	6000894	2
1132532	0	6000895	1
1132532	0	6036022	4
1132532	0	6117740	5
1132532	0	6117745	2
1132532	0	6150717	2
1132532	0	6176603	0
1132532	0	6176605	5
1132532	0	6176606	4
1132532	0	6189364	5
1132532	0	6189365	5
1132532	0	6189366	5
1132532	0	6189367	4
1132532	0	6189369	5
1132532	0	6191514	0
1132532	0	6191515	2
1132532	0	6191516	2
1132532	0	6191517	1
1132532	0	6208534	3
1132532	0	6286696	3
1132532	0	661412	1
1132532	0	6725484	2
1132532	0	6725486	2
1132532	0	677956	2
1132532	0	6832788	5
1132532	0	6832789	5
1132532	0	6832790	5
1132532	0	6832794	4
1132532	0	6950258	2
1132532	0	6950262	5
1132532	0	7061215	2
1132532	0	7074308	0
1132532	0	718132	5
1132532	0	7197210	2
1132532	0	7291116	0
1132532	0	7508490	5
1132532	0	7508491	5
1132532	0	7508493	5
1132532	0	7543160	5
1132532	0	7543163	3
1132532	0	7543164	5
1132532	0	7740550	0
1132532	0	7740552	2
1132532	0	7941105	4
1132532	0	8111309	2
1132532	0	8136006	3
1132532	0	8243454	3
1132532	0	8307656	5
1132532	0	8307661	5
1132532	0	8307662	1
1132532	0	8310437	4
1132532	0	8318621	5
1132532	0	8318622	4
1132532	0	8524072	3
1133579	0	1200778	5
1133579	0	1200780	5
1133579	0	1318188	4
1133579	0	1318191	2
1133579	0	1318192	1
1133579	0	1318194	5
1133579	0	1659302	0
1133579	0	1659305	5
1133579	0	1659308	5
1133579	0	1659309	3
1133579	0	1694484	2
1133579	0	1817052	5
1133579	0	1817053	4
1133579	0	1817054	1
1133579	0	1817055	5
1133579	0	1817056	5
1133579	0	1817059	2
1133579	0	1986978	1
1133579	0	2067537	1
1133579	0	2067540	1
1133579	0	2067542	2
1133579	0	2067543	2
1133579	0	2067544	3
1133579	0	2067545	2
1133579	0	2130044	1
1133579	0	2130045	2
1133579	0	2130049	2
1133579	0	2247542	0
1133579	0	2384306	1
1133579	0	2577274	1
1133579	0	2623943	3
1133579	0	2675311	0
1133579	0	2829602	3
1133579	0	2874281	1
1133579	0	3334477	1
1133579	0	3560534	0
1133579	0	3586124	2
1133579	0	3642357	0
1133579	0	3691482	5
1133579	0	3691484	2
1133579	0	3755196	1
1133579	0	3755199	0
1133579	0	3841452	2
1133579	0	4057642	5
1133579	0	4274862	3
1133579	0	4274863	5
1133579	0	4274865	4
1133579	0	4506270	5
1133579	0	4700652	0
1133579	0	4868943	2
1133579	0	4931640	4
1133579	0	4931641	5
1133579	0	4931642	5
1133579	0	4931643	3
1133579	0	4931644	5
1133579	0	4931645	4
1133579	0	4931647	2
1133579	0	5277542	4
1133579	0	5277543	5
1133579	0	5277546	2
1133579	0	555630	0
1133579	0	5573005	1
1133579	0	5719607	2
1133579	0	5719608	1
1133579	0	5719611	1
1133579	0	5719612	4
1133579	0	5801087	5
1133579	0	6252755	5
1133579	0	6252756	2
1133579	0	6252757	4
1133579	0	6252760	5
1133579	0	6252761	2
1133579	0	6252762	2
1133579	0	6600375	5
1133579	0	7011718	3
1133579	0	733202	5
1133579	0	733203	5
1133579	0	733204	4
1133579	0	733205	4
1133579	0	733206	4
1133579	0	733207	4
1133579	0	733208	5
1133579	0	733209	3
1133579	0	733210	4
1133579	0	733211	2
1133579	0	8102278	2
1133579	0	8220872	2
1133579	0	8220876	2
1133579	0	8220877	2
1133579	0	8220878	5
1133579	0	8220879	1
1133579	0	8379130	3
1133579	0	8379131	5
1133579	0	8379132	4
1133579	0	8379133	3
1133579	0	8379135	4
1133579	0	8379136	2
1133579	0	8526635	0
1133579	0	8561613	0
1133579	0	8587177	2
1136043	0	1017259	1
1136043	0	1056534	5
1136043	0	1056535	5
1136043	0	1056537	5
1136043	0	1056540	5
1136043	0	1056541	4
1136043	0	1056542	1
1136043	0	1118562	2
1136043	0	1287594	1
1136043	0	1371507	1
1136043	0	1416809	2
1136043	0	160039	4
1136043	0	160044	4
1136043	0	1634128	4
1136043	0	1634130	1
1136043	0	1634131	5
1136043	0	1634132	2
1136043	0	1634133	3
1136043	0	1634134	5
1136043	0	1634137	5
1136043	0	1642217	1
1136043	0	18741	2
1136043	0	18745	2
1136043	0	2236291	2
1136043	0	2319724	2
1136043	0	2428271	3
1136043	0	2682608	2
1136043	0	2682609	0
1136043	0	2701068	5
1136043	0	3028339	5
1136043	0	3148206	4
1136043	0	3148214	2
1136043	0	3551098	4
1136043	0	3551100	3
1136043	0	3720755	2
1136043	0	3729116	1
1136043	0	3994005	0
1136043	0	418173	1
1136043	0	4309231	0
1136043	0	4385314	2
1136043	0	4535724	2
1136043	0	4545954	1
1136043	0	4687582	5
1136043	0	4706433	0
1136043	0	4732287	0
1136043	0	4882508	5
1136043	0	493123	5
1136043	0	493126	0
1136043	0	4997423	0
1136043	0	5015361	2
1136043	0	5015363	2
1136043	0	5168333	3
1136043	0	5369632	2
1136043	0	5369633	4
1136043	0	5369635	5
1136043	0	5369640	2
1136043	0	5477706	2
1136043	0	5511269	3
1136043	0	6043127	3
1136043	0	6203425	1
1136043	0	6245908	2
1136043	0	6420305	3
1136043	0	6420308	5
1136043	0	6464514	3
1136043	0	6464517	2
1136043	0	6464521	2
1136043	0	6511396	2
1136043	0	6702368	1
1136043	0	6788428	2
1136043	0	6844638	5
1136043	0	6844639	5
1136043	0	6844644	2
1136043	0	6893735	4
1136043	0	6893736	4
1136043	0	6893739	4
1136043	0	6893740	4
1136043	0	6893741	2
1136043	0	6913306	0
1136043	0	6978604	0
1136043	0	7355225	5
1136043	0	744907	3
1136043	0	744908	5
1136043	0	752550	0
1136043	0	7800508	3
1136043	0	7857306	1
1136043	0	8310899	1
1136043	0	8421869	1
1136043	0	852195	4
1136043	0	852196	4
1136043	0	852197	4
1136043	0	8728069	5
1136043	0	8728070	5
1136043	0	8728071	5
1136043	0	8728072	5
1136043	0	8728073	4
1136043	0	8728074	5
1136043	0	8728076	5
1136043	0	8728077	5
1136043	0	8728078	2
1136043	0	8814463	1
1136047	0	1200691	0
1136047	0	1200693	0
1136047	0	1200694	0
1136047	0	1240507	0
1136047	0	1254129	2
1136047	0	1716876	5
1136047	0	1716878	5
1136047	0	1716882	5
1136047	0	1716883	4
1136047	0	180409	2
1136047	0	1817206	2
1136047	0	1817211	1
1136047	0	2165349	3
1136047	0	2165358	4
1136047	0	2186578	5
1136047	0	2330116	2
1136047	0	2330118	4
1136047	0	2330119	3
1136047	0	2361379	2
1136047	0	2432010	2
1136047	0	2576474	3
1136047	0	2576476	2
1136047	0	272464	2
1136047	0	2815435	4
1136047	0	2815436	4
1136047	0	2815440	5
1136047	0	2815441	3
1136047	0	2815444	1
1136047	0	2995917	4
1136047	0	2995922	4
1136047	0	3009415	1
1136047	0	3122319	1
1136047	0	3178979	1
1136047	0	3178983	2
1136047	0	3303637	1
1136047	0	3357564	2
1136047	0	3400271	3
1136047	0	3447381	0
1136047	0	3447383	2
1136047	0	3447385	1
1136047	0	3447386	0
1136047	0	3447389	2
1136047	0	3551290	1
1136047	0	360410	2
1136047	0	360414	2
1136047	0	360415	2
1136047	0	360416	4
1136047	0	3775372	2
1136047	0	3775376	5
1136047	0	3823103	2
1136047	0	388995	2
1136047	0	3960077	2
1136047	0	3960078	1
1136047	0	3988779	1
1136047	0	4152503	4
1136047	0	4210771	2
1136047	0	4210774	3
1136047	0	4803702	4
1136047	0	4867539	5
1136047	0	4991906	2
1136047	0	512481	5
1136047	0	512482	5
1136047	0	512483	5
1136047	0	512487	5
1136047	0	512489	5
1136047	0	5440530	2
1136047	0	5440534	0
1136047	0	5864630	5
1136047	0	5953375	3
1136047	0	6070513	1
1136047	0	6093342	2
1136047	0	6093343	0
1136047	0	6093345	0
1136047	0	6421213	0
1136047	0	6499345	5
1136047	0	6499347	3
1136047	0	6604409	3
1136047	0	7009393	5
1136047	0	7141883	4
1136047	0	7170088	2
1136047	0	7501471	3
1136047	0	7509635	4
1136047	0	7509643	1
1136047	0	7540967	5
1136047	0	7540969	5
1136047	0	7571090	4
1136047	0	7830195	1
1136047	0	8328670	5
1136047	0	8508524	4
1136047	0	871544	1
1136047	0	8724031	5
1136047	0	8724032	5
1136047	0	8724033	5
1136047	0	8724035	5
1136047	0	8724036	5
1136047	0	8724037	2
1136047	0	8724038	5
1136047	0	8724039	5
1136047	0	8724040	4
1136047	0	894316	1
1136962	0	1858852	0
1136962	0	188458	2
1136962	0	188463	2
1136962	0	2098286	1
1136962	0	2098288	2
1136962	0	2293833	0
1136962	0	2504416	2
1136962	0	2504417	2
1136962	0	2662146	1
1136962	0	2668190	5
1136962	0	2736920	2
1136962	0	277849	4
1136962	0	2839204	1
1136962	0	2883074	1
1136962	0	2883076	1
1136962	0	3049177	2
1136962	0	3049180	2
1136962	0	3080322	1
1136962	0	3293337	5
1136962	0	3348372	5
1136962	0	3415740	0
1136962	0	3586539	2
1136962	0	3646982	0
1136962	0	3646987	4
1136962	0	3796591	2
1136962	0	3863653	5
1136962	0	4024823	5
1136962	0	4088981	5
1136962	0	4170447	4
1136962	0	4276733	0
1136962	0	4373085	2
1136962	0	4373090	3
1136962	0	4387884	1
1136962	0	4405500	3
1136962	0	4405503	3
1136962	0	4405507	2
1136962	0	4405509	4
1136962	0	4471029	2
1136962	0	4548553	2
1136962	0	4589723	5
1136962	0	4589724	5
1136962	0	4589725	4
1136962	0	4589728	5
1136962	0	4589729	3
1136962	0	4589730	5
1136962	0	4601613	3
1136962	0	4934921	2
1136962	0	5414508	2
1136962	0	5420816	1
1136962	0	5420819	2
1136962	0	5420820	2
1136962	0	5471438	5
1136962	0	596001	5
1136962	0	6185710	5
1136962	0	6185711	5
1136962	0	6185712	5
1136962	0	6185713	3
1136962	0	6185714	5
1136962	0	6185715	5
1136962	0	6185716	4
1136962	0	6185717	5
1136962	0	6185718	5
1136962	0	6185719	5
1136962	0	6211004	5
1136962	0	638900	5
1136962	0	6442773	3
1136962	0	6442776	3
1136962	0	657447	1
1136962	0	6684779	4
1136962	0	6724342	0
1136962	0	6842810	5
1136962	0	7609052	3
1136962	0	7621135	4
1136962	0	7631079	5
1136962	0	7631080	4
1136962	0	7631081	1
1136962	0	7631082	4
1136962	0	7631083	4
1136962	0	7631084	4
1136962	0	7896140	4
1136962	0	7926872	2
1136962	0	8049615	0
1136962	0	811626	2
1136962	0	8336573	1
1136962	0	8336574	5
1136962	0	8336575	4
1136962	0	8336578	4
1136962	0	8336581	3
1136962	0	8380913	0
1136962	0	861631	0
1136962	0	861635	0
1136962	0	8637479	2
1136962	0	8667206	1
1136962	0	8667210	1
1136962	0	8708235	1
1136962	0	8813190	2
1136962	0	937256	2
1136962	0	937257	1
1136962	0	937258	2
1136962	0	980632	2
118440	0	1007939	1
118440	0	1007941	1
118440	0	1040275	2
118440	0	1072189	2
118440	0	1205157	2
118440	0	1233740	4
118440	0	1323064	5
118440	0	1323107	1
118440	0	1445681	5
118440	0	1445685	5
118440	0	1446461	0
118440	0	1461181	2
118440	0	1569786	5
118440	0	1569787	5
118440	0	158198	3
118440	0	158199	4
118440	0	158205	4
118440	0	1606054	1
118440	0	1714371	4
118440	0	2158753	5
118440	0	2177266	2
118440	0	232470	2
118440	0	232472	0
118440	0	242478	1
118440	0	2455045	3
118440	0	2504007	5
118440	0	2605332	2
118440	0	2605341	2
118440	0	2696734	5
118440	0	2699180	5
118440	0	2699188	5
118440	0	2843799	5
118440	0	2853780	5
118440	0	285716	1
118440	0	2957959	1
118440	0	3033116	5
118440	0	3051166	0
118440	0	3104951	5
118440	0	3592811	4
118440	0	3592818	0
118440	0	3647356	4
118440	0	366327	2
118440	0	4011244	2
118440	0	4025848	2
118440	0	4100266	2
118440	0	4236463	2
118440	0	4252531	2
118440	0	4252532	1
118440	0	4303771	4
118440	0	4403471	5
118440	0	4594215	3
118440	0	4699628	5
118440	0	4852117	2
118440	0	5043465	4
118440	0	5149038	2
118440	0	5149039	5
118440	0	5149044	3
118440	0	5229209	4
118440	0	5365149	3
118440	0	5365150	3
118440	0	5424704	1
118440	0	5472863	2
118440	0	5780839	4
118440	0	6047221	2
118440	0	6170014	1
118440	0	6382751	5
118440	0	6382753	3
118440	0	6382755	5
118440	0	6387629	0
118440	0	6655848	0
118440	0	6687966	5
118440	0	6744365	5
118440	0	6744366	3
118440	0	6744368	3
118440	0	6744991	5
118440	0	6750547	2
118440	0	6750548	0
118440	0	6750550	2
118440	0	6750552	4
118440	0	6750554	5
118440	0	6802137	5
118440	0	730845	4
118440	0	7400215	1
118440	0	7657154	2
118440	0	7703789	5
118440	0	7829497	3
118440	0	7829499	0
118440	0	7829500	0
118440	0	8127230	0
118440	0	8412702	4
118440	0	8550781	2
118440	0	8550785	1
118440	0	8602418	1
118440	0	8724459	4
118440	0	8725736	4
118440	0	8737577	2
118440	0	8737579	2
118440	0	875525	2
118440	0	877260	1
118440	0	996866	1
121171	0	1069156	2
121171	0	1069158	1
121171	0	1069161	0
121171	0	1158257	0
121171	0	1192402	3
121171	0	1278921	5
121171	0	1278926	5
121171	0	1278928	2
121171	0	1278929	2
121171	0	1353129	1
121171	0	1499882	2
121171	0	1499887	1
121171	0	1609089	2
121171	0	1636240	4
121171	0	1933650	1
121171	0	2008288	4
121171	0	2008291	3
121171	0	2029435	1
121171	0	2293465	3
121171	0	2444997	2
121171	0	2550806	5
121171	0	2550810	5
121171	0	2550811	5
121171	0	2550813	3
121171	0	2550814	5
121171	0	259430	5
121171	0	259431	5
121171	0	259433	4
121171	0	259435	4
121171	0	259436	5
121171	0	259437	5
121171	0	2626100	3
121171	0	2626101	5
121171	0	2670069	2
121171	0	2848374	4
121171	0	2848378	4
121171	0	2946564	0
121171	0	3247113	1
121171	0	3809978	2
121171	0	3811295	1
121171	0	3812022	5
121171	0	4254755	4
121171	0	4254759	1
121171	0	4254763	4
121171	0	449231	3
121171	0	451170	5
121171	0	451171	5
121171	0	451172	5
121171	0	451174	5
121171	0	451175	5
121171	0	451176	2
121171	0	4726782	2
121171	0	4726786	2
121171	0	4785924	2
121171	0	4969027	1
121171	0	4985003	1
121171	0	4985005	2
121171	0	4985008	1
121171	0	4990808	1
121171	0	5193237	2
121171	0	5237905	5
121171	0	5335825	0
121171	0	5335826	1
121171	0	5809826	2
121171	0	5809831	5
121171	0	5930988	4
121171	0	5944614	4
121171	0	6190165	2
121171	0	629628	0
121171	0	629634	4
121171	0	6315677	0
121171	0	6315679	0
121171	0	6461186	2
121171	0	6580476	3
121171	0	6631626	3
121171	0	6663740	2
121171	0	6906230	3
121171	0	699282	4
121171	0	7027300	0
121171	0	7123961	1
121171	0	7165405	0
121171	0	735708	3
121171	0	7395067	4
121171	0	7428543	2
121171	0	7716968	1
121171	0	7798953	2
121171	0	8260188	5
121171	0	8260191	5
121171	0	8260192	5
121171	0	8260193	5
121171	0	8260194	5
121171	0	8260195	5
121171	0	8318774	2
121171	0	8318779	2
121171	0	8585642	2
121171	0	8654481	2
121171	0	8729004	4
121171	0	8729006	4
121171	0	884016	0
121171	0	921890	2
135802	0	1060724	5
135802	0	1103938	5
135802	0	1189352	0
135802	0	1191122	4
135802	0	1386451	4
135802	0	1751076	4
135802	0	1751079	4
135802	0	1881726	0
135802	0	1892905	2
135802	0	2108937	0
135802	0	2108939	1
135802	0	2539732	5
135802	0	258382	0
135802	0	2668116	2
135802	0	2739063	5
135802	0	2739065	5
135802	0	2739069	5
135802	0	2932466	1
135802	0	2942880	0
135802	0	3053964	1
135802	0	3226034	2
135802	0	3508281	2
135802	0	3508283	3
135802	0	3521088	1
135802	0	3521090	1
135802	0	3521091	3
135802	0	3532236	1
135802	0	3532240	0
135802	0	3577851	1
135802	0	3624450	5
135802	0	366625	5
135802	0	366633	5
135802	0	368476	1
135802	0	3703013	1
135802	0	3707271	2
135802	0	3775933	2
135802	0	4007443	2
135802	0	4007447	5
135802	0	4228436	4
135802	0	4228437	4
135802	0	4228440	4
135802	0	4228442	4
135802	0	4228443	0
135802	0	4331542	5
135802	0	4347259	4
135802	0	4382396	2
135802	0	444178	2
135802	0	4605086	4
135802	0	4688641	2
135802	0	490759	3
135802	0	4907600	2
135802	0	5258141	1
135802	0	5461742	0
135802	0	5461751	3
135802	0	546872	2
135802	0	546876	2
135802	0	5613419	2
135802	0	5710719	2
135802	0	6129482	1
135802	0	6177821	3
135802	0	6208977	0
135802	0	6208980	2
135802	0	6631559	1
135802	0	663703	5
135802	0	663707	5
135802	0	6687193	1
135802	0	6713729	2
135802	0	6805170	2
135802	0	6855270	3
135802	0	6855271	2
135802	0	6855273	5
135802	0	6874876	3
135802	0	6874879	2
135802	0	7020894	4
135802	0	7020899	5
135802	0	7144823	3
135802	0	7144826	4
135802	0	7144829	4
135802	0	7308025	3
135802	0	7315667	2
135802	0	7315669	4
135802	0	7348836	3
135802	0	7708076	1
135802	0	802446	5
135802	0	8081412	5
135802	0	8099733	2
135802	0	8256607	2
135802	0	8264847	5
135802	0	8595731	0
135802	0	8595734	2
135802	0	8595735	2
135802	0	8692619	5
135802	0	8692621	5
135802	0	8692623	5
135802	0	8692624	5
135802	0	8692626	5
135802	0	8692627	5
135802	0	8692628	5
135802	0	8743179	1
135802	0	8743182	4
141630	0	1157247	1
141630	0	1157248	1
141630	0	1157249	5
141630	0	1157251	5
141630	0	1175842	4
141630	0	1314689	2
141630	0	1611308	4
141630	0	1611313	1
141630	0	1889340	5
141630	0	2173072	2
141630	0	2366121	5
141630	0	2752564	5
141630	0	2768009	2
141630	0	2822434	0
141630	0	2851002	2
141630	0	2892893	4
141630	0	340875	3
141630	0	3461358	2
141630	0	3500851	5
141630	0	3500852	4
141630	0	3500854	3
141630	0	3500855	5
141630	0	3500856	2
141630	0	3500858	2
141630	0	3500860	4
141630	0	3604692	2
141630	0	3665879	2
141630	0	3672654	0
141630	0	3672655	5
141630	0	3752117	2
141630	0	4098919	5
141630	0	4098924	5
141630	0	4101945	1
141630	0	4101946	1
141630	0	4101949	1
141630	0	4101951	4
141630	0	4101952	2
141630	0	4101953	4
141630	0	4422338	5
141630	0	4422339	5
141630	0	4422340	3
141630	0	4422342	3
141630	0	4422343	1
141630	0	4757802	0
141630	0	5098398	1
141630	0	5098400	3
141630	0	5126206	3
141630	0	5337305	5
141630	0	5389973	1
141630	0	554695	0
141630	0	554699	1
141630	0	554702	1
141630	0	5921140	1
141630	0	6007465	4
141630	0	6007469	5
141630	0	6064897	5
141630	0	6064898	2
141630	0	6319711	5
141630	0	6319713	2
141630	0	6486090	4
141630	0	6496220	0
141630	0	6496226	2
141630	0	6496229	0
141630	0	6530476	5
141630	0	6580043	5
141630	0	6638749	5
141630	0	7004631	2
141630	0	7107466	5
141630	0	7228533	2
141630	0	7309677	2
141630	0	7705603	5
141630	0	7743596	0
141630	0	7985117	4
141630	0	7985118	3
141630	0	8048021	2
141630	0	8068281	2
141630	0	806878	4
141630	0	8217013	2
141630	0	8225216	0
141630	0	8225222	2
141630	0	8319987	5
141630	0	8319989	5
141630	0	8319990	4
141630	0	8319991	2
141630	0	8319992	0
141630	0	8319993	5
141630	0	8549945	1
141630	0	861355	3
141630	0	8653584	4
141630	0	8653585	5
141630	0	8653589	3
141630	0	8685361	4
141630	0	8768725	4
141630	0	8808343	0
141630	0	885780	2
141630	0	885781	2
141630	0	885782	1
141630	0	885784	3
141630	0	885785	2
141630	0	885786	1
156498	0	104798	3
156498	0	104800	5
156498	0	104801	5
156498	0	104802	2
156498	0	104803	5
156498	0	1066785	5
156498	0	1066789	5
156498	0	1118223	5
156498	0	1176897	2
156498	0	1430192	2
156498	0	1430195	2
156498	0	1434098	5
156498	0	1439275	4
156498	0	1439277	4
156498	0	1575717	2
156498	0	1663164	5
156498	0	1663169	5
156498	0	172091	2
156498	0	172093	1
156498	0	172094	3
156498	0	1840047	4
156498	0	1840051	1
156498	0	2167316	1
156498	0	2167317	4
156498	0	2455301	1
156498	0	2455302	0
156498	0	2455307	2
156498	0	2537585	2
156498	0	2673135	1
156498	0	3109234	2
156498	0	3114158	4
156498	0	3287997	2
156498	0	3288004	2
156498	0	3301559	5
156498	0	3301562	5
156498	0	3301563	5
156498	0	3443399	2
156498	0	3484650	0
156498	0	3529363	1
156498	0	3529367	0
156498	0	3669926	5
156498	0	3669928	5
156498	0	3852379	3
156498	0	3853777	0
156498	0	3929551	4
156498	0	4026114	2
156498	0	4273410	5
156498	0	4273411	4
156498	0	4273412	5
156498	0	4273413	4
156498	0	4273415	0
156498	0	4273418	5
156498	0	4273419	5
156498	0	4325225	5
156498	0	4349518	2
156498	0	463358	2
156498	0	4886858	2
156498	0	4908499	0
156498	0	4950763	1
156498	0	4950764	3
156498	0	4950765	3
156498	0	4950770	2
156498	0	4960216	5
156498	0	4996221	0
156498	0	5051133	4
156498	0	5230806	1
156498	0	5230812	3
156498	0	5456027	4
156498	0	5496865	2
156498	0	5514886	3
156498	0	5554129	2
156498	0	5569660	0
156498	0	5606985	5
156498	0	6350447	4
156498	0	6350450	4
156498	0	6574893	2
156498	0	6602231	0
156498	0	6648982	2
156498	0	7393852	1
156498	0	7393854	3
156498	0	7393858	4
156498	0	752504	4
156498	0	7789969	1
156498	0	7820338	1
156498	0	8146073	2
156498	0	824324	1
156498	0	824332	5
156498	0	8305049	3
156498	0	8615226	4
156498	0	8615228	5
156498	0	8615229	1
156498	0	8615231	3
156498	0	8615232	2
156498	0	8615233	1
156498	0	8648969	5
156498	0	8648972	5
156498	0	8821152	2
156498	0	968558	1
156498	0	968559	2
156498	0	973039	0
169208	0	1395410	5
169208	0	1395412	4
169208	0	1395413	5
169208	0	1395414	2
169208	0	1395417	5
169208	0	1395418	2
169208	0	160090	1
169208	0	1694742	0
169208	0	2075152	0
169208	0	2594160	2
169208	0	2594161	3
169208	0	2594164	4
169208	0	2653222	1
169208	0	2653225	1
169208	0	2653226	0
169208	0	2653229	1
169208	0	2747227	1
169208	0	2888360	2
169208	0	2888361	3
169208	0	2888362	3
169208	0	2888363	5
169208	0	2888364	1
169208	0	2888366	4
169208	0	2888367	5
169208	0	2888368	5
169208	0	3398277	1
169208	0	344711	1
169208	0	3555910	2
169208	0	3555912	2
169208	0	3555913	0
169208	0	3561304	4
169208	0	3561306	2
169208	0	3616027	0
169208	0	4011279	0
169208	0	4085645	2
169208	0	4202275	2
169208	0	4202276	3
169208	0	4202278	2
169208	0	4202280	2
169208	0	4321618	0
169208	0	4460809	1
169208	0	4580131	5
169208	0	4580132	5
169208	0	4580133	5
169208	0	4580137	4
169208	0	4580139	5
169208	0	4694322	2
169208	0	4694325	3
169208	0	4694326	4
169208	0	4694327	3
169208	0	4694328	3
169208	0	4694329	1
169208	0	4728189	0
169208	0	4762134	3
169208	0	4762135	5
169208	0	4762137	5
169208	0	4762140	5
169208	0	4762141	5
169208	0	4762142	5
169208	0	4771735	2
169208	0	4771736	1
169208	0	4771743	2
169208	0	4859431	4
169208	0	4859432	5
169208	0	4859433	5
169208	0	4859434	3
169208	0	4859436	4
169208	0	4859437	5
169208	0	4859438	5
169208	0	5006400	2
169208	0	5006401	3
169208	0	5268915	5
169208	0	5326938	0
169208	0	5541538	0
169208	0	5541539	1
169208	0	5573046	2
169208	0	5725532	2
169208	0	5872890	2
169208	0	5893619	1
169208	0	6413011	4
169208	0	6628987	2
169208	0	6808744	5
169208	0	6808748	5
169208	0	7169062	2
169208	0	7169064	4
169208	0	7169065	2
169208	0	7169066	4
169208	0	7169068	4
169208	0	7251632	2
169208	0	7251637	2
169208	0	7251639	5
169208	0	7461953	2
169208	0	7461959	1
169208	0	7484151	2
169208	0	8426363	1
169208	0	8426366	4
169208	0	85985	4
169208	0	85987	5
169208	0	85989	5
169208	0	85992	4
174463	0	1013078	5
174463	0	1024759	5
174463	0	1024764	3
174463	0	1432591	4
174463	0	1479952	2
174463	0	1567952	2
174463	0	1567955	2
174463	0	1567956	2
174463	0	1567958	5
174463	0	1711073	2
174463	0	1788354	4
174463	0	1788355	2
174463	0	1835369	4
174463	0	1835370	5
174463	0	1835371	5
174463	0	1835375	2
174463	0	1835377	5
174463	0	1854163	4
174463	0	1854164	1
174463	0	1854167	1
174463	0	1854168	1
174463	0	1854170	2
174463	0	1970971	1
174463	0	1973697	3
174463	0	2247005	0
174463	0	2247008	1
174463	0	2247009	2
174463	0	2533619	5
174463	0	2533622	2
174463	0	2533624	5
174463	0	2533625	2
174463	0	2533626	4
174463	0	3057395	0
174463	0	3499999	0
174463	0	3501229	4
174463	0	3716939	2
174463	0	3716941	2
174463	0	3716946	4
174463	0	3716947	0
174463	0	3829743	1
174463	0	3829744	1
174463	0	3994184	0
174463	0	4043870	5
174463	0	4275746	5
174463	0	4275747	1
174463	0	4275749	2
174463	0	4275752	5
174463	0	4452292	2
174463	0	4662168	5
174463	0	4662169	0
174463	0	4665966	4
174463	0	4665969	2
174463	0	4665970	4
174463	0	4665971	3
174463	0	467393	2
174463	0	470707	3
174463	0	470708	5
174463	0	470711	2
174463	0	470712	5
174463	0	470713	3
174463	0	4710618	3
174463	0	5084514	1
174463	0	5084515	5
174463	0	5264564	5
174463	0	5264565	1
174463	0	5264567	5
174463	0	5303493	1
174463	0	5303495	1
174463	0	5303496	2
174463	0	5538543	4
174463	0	5538544	5
174463	0	5538545	4
174463	0	5538546	4
174463	0	5688363	3
174463	0	5688367	5
174463	0	6083371	1
174463	0	6094016	4
174463	0	6094017	3
174463	0	6094019	5
174463	0	6443245	2
174463	0	6443247	2
174463	0	6443248	3
174463	0	6623959	0
174463	0	6718987	5
174463	0	6825750	2
174463	0	688428	1
174463	0	688429	0
174463	0	7089624	5
174463	0	7089625	0
174463	0	7662634	2
174463	0	7812730	0
174463	0	8072866	4
174463	0	8304451	2
174463	0	8304456	5
174463	0	8304457	2
174463	0	8304458	5
174463	0	8645017	4
174463	0	8770949	5
174463	0	8770952	3
174463	0	8770953	1
23849	0	100741	1
23849	0	1037854	3
23849	0	1139571	2
23849	0	1158886	5
23849	0	1215556	4
23849	0	1280939	1
23849	0	1302048	0
23849	0	1330561	0
23849	0	1333480	3
23849	0	1449780	1
23849	0	1449785	4
23849	0	1460057	2
23849	0	1594083	3
23849	0	1622747	5
23849	0	1622748	1
23849	0	1825393	4
23849	0	1825400	2
23849	0	1827512	4
23849	0	188190	5
23849	0	188246	4
23849	0	2132735	2
23849	0	240525	3
23849	0	2445679	2
23849	0	2466882	1
23849	0	2607127	2
23849	0	2607129	0
23849	0	2607130	2
23849	0	2647769	5
23849	0	2766280	5
23849	0	2838462	5
23849	0	3468397	1
23849	0	3643765	2
23849	0	3796914	3
23849	0	3796917	3
23849	0	3878669	2
23849	0	39516	3
23849	0	4016317	0
23849	0	4188880	5
23849	0	4482145	1
23849	0	4556932	5
23849	0	4556933	5
23849	0	4556938	5
23849	0	4556939	2
23849	0	4577479	0
23849	0	4806514	4
23849	0	542366	2
23849	0	5455962	0
23849	0	5554704	1
23849	0	5554705	0
23849	0	5885925	1
23849	0	590926	0
23849	0	590929	0
23849	0	5913890	5
23849	0	5925321	3
23849	0	6194473	2
23849	0	640767	2
23849	0	6440050	2
23849	0	6455259	2
23849	0	653142	2
23849	0	6667419	4
23849	0	6688736	2
23849	0	6688737	4
23849	0	6688741	5
23849	0	6688742	5
23849	0	6688743	4
23849	0	6688744	2
23849	0	6769988	2
23849	0	7014217	2
23849	0	7046579	1
23849	0	7060905	2
23849	0	7119957	5
23849	0	7160298	3
23849	0	7186713	5
23849	0	7431268	4
23849	0	7519911	4
23849	0	7593919	1
23849	0	7624168	2
23849	0	7845081	5
23849	0	799642	4
23849	0	8010558	5
23849	0	8010560	4
23849	0	8010561	5
23849	0	8010562	5
23849	0	8010564	5
23849	0	8010566	4
23849	0	8017141	5
23849	0	8059826	5
23849	0	8126279	5
23849	0	8264389	0
23849	0	8350307	1
23849	0	8361018	2
23849	0	8466742	3
23849	0	8466743	2
23849	0	8466744	2
23849	0	8466750	5
23849	0	8534143	1
23849	0	8597831	1
23849	0	8769995	5
23849	0	886103	4
23849	0	892160	1
258062	0	1311741	5
258062	0	1348968	5
258062	0	1805967	5
258062	0	18103	4
258062	0	1914282	2
258062	0	2009228	2
258062	0	2009233	2
258062	0	2178431	0
258062	0	2198616	4
258062	0	2463315	2
258062	0	2463319	2
258062	0	2510542	4
258062	0	2707009	1
258062	0	2707010	2
258062	0	2707014	4
258062	0	2707015	1
258062	0	2707016	2
258062	0	2898169	5
258062	0	2909753	2
258062	0	2940180	3
258062	0	2940183	3
258062	0	2940184	3
258062	0	3012167	5
258062	0	3016095	4
258062	0	3189004	3
258062	0	3195763	1
258062	0	3195767	4
258062	0	3325413	2
258062	0	3392238	5
258062	0	3404351	2
258062	0	3404354	4
258062	0	36703	2
258062	0	36707	2
258062	0	3683407	1
258062	0	3822856	1
258062	0	3947005	3
258062	0	3947010	5
258062	0	412375	2
258062	0	4155912	5
258062	0	4159140	3
258062	0	4159142	2
258062	0	4159145	4
258062	0	4159344	4
258062	0	4159345	4
258062	0	4174308	5
258062	0	4174310	4
258062	0	4174313	5
258062	0	4211513	2
258062	0	4595794	5
258062	0	4595795	5
258062	0	5035481	1
258062	0	5134732	1
258062	0	5254426	2
258062	0	5275169	2
258062	0	5326260	2
258062	0	5385089	1
258062	0	5396981	0
258062	0	5456423	2
258062	0	5456424	3
258062	0	5456425	0
258062	0	5456429	5
258062	0	5463138	4
258062	0	5557545	0
258062	0	5564370	0
258062	0	5617294	3
258062	0	5617297	0
258062	0	5627691	4
258062	0	5810936	1
258062	0	598842	4
258062	0	5993823	5
258062	0	6006234	1
258062	0	6006238	1
258062	0	60521	2
258062	0	6084336	5
258062	0	6084339	5
258062	0	63214	3
258062	0	63215	5
258062	0	639086	0
258062	0	644982	0
258062	0	6498440	1
258062	0	6990374	4
258062	0	7068639	5
258062	0	7335250	0
258062	0	7344525	2
258062	0	7716250	2
258062	0	772841	0
258062	0	777716	2
258062	0	8242299	1
258062	0	8311086	3
258062	0	8421207	2
258062	0	8421209	1
258062	0	8464763	5
258062	0	8694158	5
258062	0	8694161	5
258062	0	8694163	5
258062	0	8820986	2
258062	0	91493	5
258062	0	932664	1
258062	0	955811	5
258062	0	955813	5
324585	0	1261383	2
324585	0	1261384	4
324585	0	1261387	2
324585	0	1460492	1
324585	0	1536988	5
324585	0	1536989	5
324585	0	1536990	5
324585	0	1536993	5
324585	0	1536995	5
324585	0	1536997	5
324585	0	1863698	2
324585	0	1867740	0
324585	0	1908321	4
324585	0	1908323	3
324585	0	1908326	2
324585	0	1908328	3
324585	0	1908329	3
324585	0	2259938	5
324585	0	2427508	1
324585	0	2479624	0
324585	0	2727720	1
324585	0	2802641	1
324585	0	2979683	4
324585	0	3860753	3
324585	0	3929681	1
324585	0	3929683	1
324585	0	3957438	2
324585	0	405277	5
324585	0	405281	5
324585	0	405282	4
324585	0	4089462	1
324585	0	4722016	2
324585	0	4722017	1
324585	0	4765768	2
324585	0	4765769	2
324585	0	4792267	1
324585	0	4792268	0
324585	0	509044	3
324585	0	5488901	1
324585	0	5488905	1
324585	0	5525879	5
324585	0	5641531	0
324585	0	5651605	0
324585	0	5817034	2
324585	0	5817037	2
324585	0	612031	0
324585	0	6126015	4
324585	0	6126016	4
324585	0	6126018	4
324585	0	6126019	4
324585	0	6196947	2
324585	0	6196949	3
324585	0	6202042	1
324585	0	6202046	2
324585	0	6312152	1
324585	0	6480420	1
324585	0	6480421	4
324585	0	6480422	5
324585	0	6480424	2
324585	0	6490818	5
324585	0	6639139	0
324585	0	6639142	1
324585	0	6639598	0
324585	0	6712393	0
324585	0	6836748	4
324585	0	6836749	3
324585	0	6836750	4
324585	0	6900492	2
324585	0	6961642	4
324585	0	6961643	2
324585	0	6961644	2
324585	0	6961645	4
324585	0	7363141	5
324585	0	7363143	5
324585	0	7386634	2
324585	0	7392860	0
324585	0	7477826	2
324585	0	7884824	3
324585	0	7884826	2
324585	0	7884832	4
324585	0	7941125	4
324585	0	7941129	2
324585	0	8290306	2
324585	0	8290309	5
324585	0	8290314	5
324585	0	8310496	5
324585	0	8310498	5
324585	0	8310499	5
324585	0	8310502	5
324585	0	8310503	5
324585	0	8469038	3
324585	0	8469039	2
324585	0	8469040	2
324585	0	8480207	2
324585	0	8500120	5
324585	0	8500121	5
324585	0	8500123	5
324585	0	8500124	5
324585	0	8540006	2
324585	0	8540011	3
330975	0	1097857	2
330975	0	1097858	2
330975	0	1097861	4
330975	0	1488083	0
330975	0	1598185	5
330975	0	1598186	1
330975	0	1637261	5
330975	0	2299992	0
330975	0	2299997	1
330975	0	233944	5
330975	0	233945	3
330975	0	233946	5
330975	0	233947	3
330975	0	233948	2
330975	0	233949	3
330975	0	233950	2
330975	0	233951	5
330975	0	233952	5
330975	0	3018015	0
330975	0	3240106	4
330975	0	3240112	5
330975	0	3256083	4
330975	0	3256084	5
330975	0	3256085	0
330975	0	3297853	4
330975	0	3297854	2
330975	0	3297855	5
330975	0	3297856	5
330975	0	3297857	5
330975	0	3297858	5
330975	0	3297859	0
330975	0	3297860	4
330975	0	3297862	3
330975	0	3390385	1
330975	0	3857964	2
330975	0	3857965	4
330975	0	4108178	3
330975	0	4108179	1
330975	0	4392140	5
330975	0	4392141	3
330975	0	4392142	2
330975	0	4392144	4
330975	0	4392147	5
330975	0	4408865	2
330975	0	4408867	2
330975	0	4620919	2
330975	0	4620920	2
330975	0	4620924	2
330975	0	4695290	2
330975	0	4695291	2
330975	0	4695297	1
330975	0	482130	5
330975	0	482131	4
330975	0	4896436	0
330975	0	5190215	5
330975	0	5196922	0
330975	0	5393803	5
330975	0	5393804	5
330975	0	5393805	3
330975	0	5393808	1
330975	0	5427107	1
330975	0	5427108	5
330975	0	5427109	2
330975	0	5427113	0
330975	0	5427114	1
330975	0	5557976	4
330975	0	5558821	0
330975	0	5558822	1
330975	0	5750875	4
330975	0	5750880	5
330975	0	5803903	0
330975	0	6009915	2
330975	0	6009916	2
330975	0	6127421	2
330975	0	6310757	5
330975	0	6310762	3
330975	0	6559225	5
330975	0	6625463	2
330975	0	6625466	2
330975	0	6625469	4
330975	0	6625786	1
330975	0	6625791	1
330975	0	6693239	5
330975	0	702096	2
330975	0	702098	4
330975	0	702099	2
330975	0	702102	1
330975	0	702103	1
330975	0	7074783	4
330975	0	7074784	3
330975	0	7074787	4
330975	0	7624935	1
330975	0	7871128	2
330975	0	803899	1
330975	0	8327008	4
330975	0	8327010	2
330975	0	8327011	2
330975	0	8327012	5
330975	0	8541458	3
330975	0	8541461	5
332593	0	1167184	4
332593	0	1443723	4
332593	0	1443728	2
332593	0	1443730	2
332593	0	1650687	5
332593	0	1831357	5
332593	0	1905432	0
332593	0	1905434	2
332593	0	249851	1
332593	0	2841163	0
332593	0	3065254	1
332593	0	3156813	1
332593	0	329112	4
332593	0	329114	1
332593	0	3336841	3
332593	0	3336842	2
332593	0	3336844	1
332593	0	3662446	0
332593	0	3731313	4
332593	0	3731319	2
332593	0	4023722	4
332593	0	4377342	0
332593	0	4427368	2
332593	0	4431498	5
332593	0	4431499	2
332593	0	4431500	4
332593	0	4431502	5
332593	0	4431504	3
332593	0	45431	2
332593	0	4614346	4
332593	0	4701751	3
332593	0	4701752	3
332593	0	4701755	1
332593	0	4701756	2
332593	0	4866228	2
332593	0	4866231	0
332593	0	4866235	2
332593	0	4952089	2
332593	0	4952093	4
332593	0	4952095	5
332593	0	5014866	2
332593	0	5045873	1
332593	0	5156754	1
332593	0	5241321	5
332593	0	5241322	5
332593	0	5241323	5
332593	0	5241326	5
332593	0	5241328	4
332593	0	5707518	2
332593	0	5707520	3
332593	0	5707521	1
332593	0	5707522	0
332593	0	5750018	1
332593	0	5750020	1
332593	0	5750021	2
332593	0	5750023	1
332593	0	5750025	2
332593	0	5750026	1
332593	0	5754534	0
332593	0	6007038	4
332593	0	6007045	5
332593	0	6016981	2
332593	0	6016986	5
332593	0	6189462	2
332593	0	6189463	2
332593	0	6189466	1
332593	0	6514779	4
332593	0	6514781	5
332593	0	6514784	0
332593	0	6528407	3
332593	0	6528408	1
332593	0	6528411	4
332593	0	6534081	5
332593	0	6616552	0
332593	0	6616553	2
332593	0	6616554	2
332593	0	6765225	5
332593	0	6765227	5
332593	0	7073993	5
332593	0	7073995	5
332593	0	7073996	3
332593	0	7073998	2
332593	0	713460	0
332593	0	7331778	2
332593	0	7331782	4
332593	0	8021425	5
332593	0	8091677	4
332593	0	8091681	5
332593	0	8434869	3
332593	0	8434871	5
332593	0	8434872	5
332593	0	8434873	5
332593	0	8434874	2
332593	0	8688114	3
332593	0	8749229	5
332593	0	8749230	5
332593	0	8749231	4
332593	0	931411	2
332593	0	931415	3
332593	0	931417	5
336901	0	1115929	2
336901	0	1115932	3
336901	0	1137553	2
336901	0	122860	0
336901	0	1268979	1
336901	0	1860005	5
336901	0	2091048	2
336901	0	2159094	2
336901	0	2291382	0
336901	0	2291851	4
336901	0	2291853	4
336901	0	2687612	2
336901	0	2755190	5
336901	0	2774228	1
336901	0	2970836	1
336901	0	302494	4
336901	0	3040569	2
336901	0	3217707	2
336901	0	3330854	5
336901	0	3479163	4
336901	0	3557826	4
336901	0	3587995	3
336901	0	3587996	3
336901	0	3646550	5
336901	0	390393	1
336901	0	4064047	1
336901	0	4462287	2
336901	0	4473040	4
336901	0	4512169	2
336901	0	4563740	1
336901	0	4645983	1
336901	0	4762606	2
336901	0	4765969	0
336901	0	4765975	0
336901	0	5039998	4
336901	0	5052269	3
336901	0	5100469	4
336901	0	5231813	3
336901	0	5522053	2
336901	0	5726288	2
336901	0	5837829	2
336901	0	5843066	2
336901	0	5895950	1
336901	0	5919092	1
336901	0	5936404	2
336901	0	6017280	5
336901	0	6017284	5
336901	0	6017286	5
336901	0	6017287	5
336901	0	6054128	2
336901	0	6096613	5
336901	0	6318625	1
336901	0	6321983	3
336901	0	6478277	0
336901	0	6546326	0
336901	0	6546419	4
336901	0	6736932	4
336901	0	6789401	4
336901	0	6836389	2
336901	0	6908040	2
336901	0	6908041	3
336901	0	6908045	3
336901	0	6908046	2
336901	0	6922814	0
336901	0	6923772	2
336901	0	69551	2
336901	0	7022092	4
336901	0	7400803	2
336901	0	7459686	5
336901	0	7789643	3
336901	0	7789645	1
336901	0	7819234	4
336901	0	7836256	5
336901	0	7836258	5
336901	0	7836261	5
336901	0	7971504	4
336901	0	8101399	1
336901	0	8130980	5
336901	0	8197776	2
336901	0	8221387	4
336901	0	8221391	3
336901	0	8224946	0
336901	0	8277774	1
336901	0	8376511	1
336901	0	8376513	0
336901	0	8436731	2
336901	0	8481183	2
336901	0	8528674	5
336901	0	8528675	5
336901	0	8528677	5
336901	0	8528678	5
336901	0	8528679	5
336901	0	8528680	5
336901	0	8528681	5
336901	0	8528682	5
336901	0	8683495	1
336901	0	8712881	5
336901	0	8712882	5
336901	0	8740069	5
336901	0	895967	0
390360	0	105717	3
390360	0	1093726	5
390360	0	1093729	5
390360	0	1139943	0
390360	0	1139949	1
390360	0	1184642	2
390360	0	1230048	4
390360	0	1378332	1
390360	0	1378333	2
390360	0	1378337	3
390360	0	1702414	5
390360	0	1740251	4
390360	0	1740253	2
390360	0	1740255	1
390360	0	1927068	4
390360	0	1927069	4
390360	0	206444	2
390360	0	216659	2
390360	0	217537	3
390360	0	217538	2
390360	0	217540	4
390360	0	217541	4
390360	0	2203875	5
390360	0	2203877	5
390360	0	234438	1
390360	0	2419904	5
390360	0	2489684	4
390360	0	2606030	5
390360	0	2784297	0
390360	0	3005221	2
390360	0	3123443	5
390360	0	3518917	2
390360	0	3518921	0
390360	0	3518924	2
390360	0	3636597	2
390360	0	3636603	2
390360	0	3719970	4
390360	0	3812754	3
390360	0	3891634	4
390360	0	3891637	0
390360	0	3988320	2
390360	0	3988321	2
390360	0	4169527	3
390360	0	4169528	4
390360	0	4169535	2
390360	0	4196140	0
390360	0	425020	2
390360	0	4396904	4
390360	0	4503297	4
390360	0	4546335	0
390360	0	4619216	5
390360	0	4619218	5
390360	0	5397483	4
390360	0	5401485	1
390360	0	5423359	5
390360	0	5583318	0
390360	0	5778001	2
390360	0	5778004	1
390360	0	5845782	3
390360	0	5900938	2
390360	0	604111	5
390360	0	6128206	1
390360	0	613207	3
390360	0	6179316	5
390360	0	6179317	5
390360	0	6179318	5
390360	0	6828148	3
390360	0	6867639	0
390360	0	6999350	1
390360	0	7166011	1
390360	0	740214	2
390360	0	7477381	4
390360	0	7632427	2
390360	0	7679050	5
390360	0	7732914	0
390360	0	7805187	1
390360	0	7807146	5
390360	0	7974265	3
390360	0	8009002	4
390360	0	804811	2
390360	0	804813	2
390360	0	804816	1
390360	0	804818	2
390360	0	8071362	2
390360	0	8087153	0
390360	0	8318052	5
390360	0	860971	1
390360	0	8617793	2
390360	0	8630609	5
390360	0	8630611	5
390360	0	8630612	5
390360	0	8630614	5
390360	0	8630616	3
390360	0	8630617	2
390360	0	8630618	5
390360	0	8644779	1
390360	0	935746	1
390360	0	963941	5
390360	0	963943	5
390360	0	963947	1
405163	0	1041995	5
405163	0	1041997	2
405163	0	1108748	4
405163	0	1161576	2
405163	0	1212298	4
405163	0	1234964	5
405163	0	1330010	3
405163	0	1429845	5
405163	0	1506457	5
405163	0	1655999	5
405163	0	1667024	3
405163	0	1844775	5
405163	0	1902847	1
405163	0	1902866	5
405163	0	1911363	1
405163	0	2016024	0
405163	0	2016025	2
405163	0	2055217	3
405163	0	2055218	2
405163	0	2055219	0
405163	0	2139588	3
405163	0	2407799	5
405163	0	251303	1
405163	0	251309	2
405163	0	268001	5
405163	0	2744674	0
405163	0	289329	1
405163	0	2902930	5
405163	0	2936336	5
405163	0	2936337	1
405163	0	306992	2
405163	0	3216136	5
405163	0	3850032	2
405163	0	3918981	5
405163	0	3918983	5
405163	0	3988974	4
405163	0	421595	4
405163	0	4232058	5
405163	0	4245635	3
405163	0	4346504	1
405163	0	4409822	2
405163	0	4463167	3
405163	0	4642574	2
405163	0	4761345	1
405163	0	4876796	2
405163	0	4905497	1
405163	0	4924540	0
405163	0	4945432	0
405163	0	5095855	5
405163	0	5201973	1
405163	0	5214456	2
405163	0	5298304	2
405163	0	5514160	4
405163	0	5523884	0
405163	0	5699852	2
405163	0	5710977	0
405163	0	5710979	2
405163	0	5743527	0
405163	0	5746714	1
405163	0	5746717	1
405163	0	5768619	4
405163	0	5768621	3
405163	0	5897402	3
405163	0	5909571	5
405163	0	6250234	5
405163	0	6250235	1
405163	0	6270437	2
405163	0	6334781	4
405163	0	647592	5
405163	0	647594	5
405163	0	6584197	4
405163	0	6689923	2
405163	0	6689926	1
405163	0	6689927	2
405163	0	6689928	4
405163	0	6707943	2
405163	0	6715714	1
405163	0	6770821	4
405163	0	6919909	2
405163	0	6945012	0
405163	0	7044507	4
405163	0	7044508	5
405163	0	7113740	2
405163	0	7392422	4
405163	0	7394587	2
405163	0	7396553	1
405163	0	7454159	5
405163	0	7454160	2
405163	0	7754279	3
405163	0	7969801	5
405163	0	8282533	5
405163	0	834747	4
405163	0	8445972	3
405163	0	8445973	2
405163	0	8445975	4
405163	0	849402	0
405163	0	8608598	2
405163	0	8682163	4
405163	0	8682164	2
405163	0	8707747	5
42255	0	1470399	1
42255	0	1470405	4
42255	0	1601662	3
42255	0	1601663	0
42255	0	1601664	1
42255	0	179531	2
42255	0	179532	0
42255	0	179533	2
42255	0	179534	3
42255	0	179535	2
42255	0	179536	1
42255	0	182411	1
42255	0	182412	4
42255	0	1896377	2
42255	0	2067180	1
42255	0	2229964	4
42255	0	2673761	2
42255	0	2673765	0
42255	0	2799681	5
42255	0	2799683	2
42255	0	2799685	5
42255	0	2799686	5
42255	0	2799687	5
42255	0	2882385	5
42255	0	2882387	4
42255	0	2882394	1
42255	0	3063191	5
42255	0	3077463	1
42255	0	3349781	1
42255	0	3349782	5
42255	0	3349784	4
42255	0	363750	0
42255	0	363751	0
42255	0	363752	5
42255	0	3716279	5
42255	0	3817242	3
42255	0	3817246	2
42255	0	461282	5
42255	0	461285	3
42255	0	471838	3
42255	0	5076181	1
42255	0	5326929	1
42255	0	5326930	2
42255	0	5538135	1
42255	0	5656056	4
42255	0	5656058	2
42255	0	5656060	1
42255	0	5778518	1
42255	0	5783297	0
42255	0	5783299	0
42255	0	5783300	3
42255	0	5823922	2
42255	0	5823924	5
42255	0	5823927	2
42255	0	5921270	5
42255	0	5921271	2
42255	0	5921276	2
42255	0	5996539	4
42255	0	5996540	0
42255	0	5997799	4
42255	0	6098597	5
42255	0	6098599	3
42255	0	6098601	5
42255	0	6120375	5
42255	0	6120376	2
42255	0	6174625	2
42255	0	6314164	0
42255	0	6784917	2
42255	0	6784922	0
42255	0	6784924	4
42255	0	6971736	5
42255	0	6971740	2
42255	0	6971741	2
42255	0	7123386	4
42255	0	732000	5
42255	0	7545797	2
42255	0	7944021	2
42255	0	7944027	3
42255	0	7944028	2
42255	0	8012291	2
42255	0	8012296	2
42255	0	8286390	4
42255	0	8286391	4
42255	0	8328839	4
42255	0	8372968	1
42255	0	857475	3
42255	0	857478	4
42255	0	857479	4
42255	0	857481	1
42255	0	8586794	2
42255	0	8720118	2
42255	0	8720119	3
42255	0	8746188	5
42255	0	8746189	5
42255	0	8746191	5
42255	0	8746192	5
42255	0	8746194	5
42255	0	8746195	5
42255	0	8746196	5
42255	0	8746197	5
47210	0	1156867	4
47210	0	1560500	0
47210	0	1560501	1
47210	0	1560504	4
47210	0	1764823	0
47210	0	1839668	0
47210	0	1839669	2
47210	0	1839675	2
47210	0	1880177	2
47210	0	1880178	2
47210	0	1880179	1
47210	0	2042918	5
47210	0	2042919	3
47210	0	2042920	2
47210	0	2042921	3
47210	0	2042922	3
47210	0	2042923	1
47210	0	2338382	4
47210	0	2338383	5
47210	0	2338385	5
47210	0	2545998	5
47210	0	2545999	3
47210	0	2546000	2
47210	0	2546001	5
47210	0	2546002	5
47210	0	2546004	4
47210	0	2546005	5
47210	0	2546007	5
47210	0	2566998	2
47210	0	2769575	1
47210	0	3107294	2
47210	0	3304358	5
47210	0	3304359	5
47210	0	3304361	1
47210	0	3304362	0
47210	0	3757931	5
47210	0	3757932	3
47210	0	4007103	5
47210	0	4007104	5
47210	0	4007105	1
47210	0	4007106	2
47210	0	4007107	5
47210	0	4007108	4
47210	0	4007109	2
47210	0	4748993	1
47210	0	5207323	5
47210	0	5207325	2
47210	0	5207326	5
47210	0	5207327	4
47210	0	5207328	2
47210	0	5207329	5
47210	0	5207330	2
47210	0	5301399	4
47210	0	5301400	3
47210	0	5301402	2
47210	0	5301403	2
47210	0	5301404	2
47210	0	5301406	4
47210	0	5497272	2
47210	0	5497274	0
47210	0	5497278	0
47210	0	5550873	4
47210	0	5642104	5
47210	0	5642107	1
47210	0	5691600	5
47210	0	5736873	2
47210	0	5787609	0
47210	0	6168273	2
47210	0	6168275	2
47210	0	6168276	1
47210	0	6168277	2
47210	0	6168280	1
47210	0	6168517	4
47210	0	6168520	2
47210	0	6180503	4
47210	0	6180504	5
47210	0	6180505	1
47210	0	6180506	1
47210	0	6180507	2
47210	0	6502207	5
47210	0	6502208	3
47210	0	6886411	3
47210	0	6990782	2
47210	0	7067451	1
47210	0	7067452	3
47210	0	7067453	4
47210	0	7367872	5
47210	0	7367873	0
47210	0	7367874	0
47210	0	7509248	4
47210	0	7509249	5
47210	0	7509251	4
47210	0	7509252	5
47210	0	7562284	4
47210	0	8261977	2
47210	0	8261978	3
47210	0	8609955	0
47210	0	8646329	5
47210	0	8646330	1
47210	0	8646331	1
555530	0	1114218	4
555530	0	1217051	0
555530	0	1409667	5
555530	0	1447386	4
555530	0	1536620	5
555530	0	1618154	0
555530	0	1754579	3
555530	0	1807675	2
555530	0	1807676	1
555530	0	1897713	5
555530	0	1897716	5
555530	0	1897718	4
555530	0	2217431	5
555530	0	2354213	1
555530	0	2617021	4
555530	0	275794	1
555530	0	2906190	3
555530	0	2978164	3
555530	0	2978168	1
555530	0	2978171	4
555530	0	3143528	2
555530	0	338636	5
555530	0	3473131	1
555530	0	3519408	2
555530	0	3559167	2
555530	0	3562205	1
555530	0	3593335	1
555530	0	3593336	2
555530	0	3703992	2
555530	0	3831201	2
555530	0	4071544	5
555530	0	4071550	1
555530	0	4071881	3
555530	0	4137960	3
555530	0	4137961	2
555530	0	4137963	4
555530	0	4137964	4
555530	0	4137965	2
555530	0	416659	3
555530	0	4238674	5
555530	0	4240158	5
555530	0	424021	5
555530	0	448525	5
555530	0	4668014	4
555530	0	474541	2
555530	0	474544	5
555530	0	480988	2
555530	0	5090891	0
555530	0	5106749	1
555530	0	5481824	0
555530	0	561169	0
555530	0	5641154	4
555530	0	5641158	4
555530	0	5753585	2
555530	0	5801323	0
555530	0	5801325	2
555530	0	5819259	3
555530	0	5846396	2
555530	0	5846397	5
555530	0	5959543	4
555530	0	6078221	5
555530	0	6078228	5
555530	0	6221470	2
555530	0	6225332	1
555530	0	6225334	4
555530	0	6309262	5
555530	0	6449364	4
555530	0	6450951	1
555530	0	6450953	1
555530	0	6450955	2
555530	0	6477893	2
555530	0	6485976	5
555530	0	668364	0
555530	0	668366	5
555530	0	668368	3
555530	0	6869537	0
555530	0	6913116	2
555530	0	6936082	5
555530	0	6938328	5
555530	0	6966035	0
555530	0	6990474	3
555530	0	7154973	1
555530	0	7179784	5
555530	0	7179789	5
555530	0	7179791	5
555530	0	7223207	1
555530	0	7232504	5
555530	0	7339147	2
555530	0	7349580	3
555530	0	7419503	2
555530	0	7475084	1
555530	0	7606337	5
555530	0	7606341	4
555530	0	7766457	2
555530	0	7766465	0
555530	0	8461277	2
555530	0	8637526	4
555530	0	8801020	2
555530	0	910809	2
555530	0	976267	2
583468	0	1115141	1
583468	0	119352	5
583468	0	119354	5
583468	0	119355	2
583468	0	119358	5
583468	0	119359	2
583468	0	1367744	1
583468	0	1546126	2
583468	0	1546128	3
583468	0	1546131	2
583468	0	1546134	4
583468	0	1675561	4
583468	0	1675562	5
583468	0	1675563	0
583468	0	1675564	5
583468	0	1675566	5
583468	0	2080306	1
583468	0	2080312	3
583468	0	2267047	3
583468	0	2267048	5
583468	0	2267049	3
583468	0	2267050	2
583468	0	2267051	3
583468	0	2267052	5
583468	0	2267054	5
583468	0	2267055	2
583468	0	2568295	0
583468	0	282109	0
583468	0	2884627	2
583468	0	3466605	2
583468	0	3466606	2
583468	0	3466607	5
583468	0	3466610	2
583468	0	355920	1
583468	0	4109451	0
583468	0	424310	3
583468	0	4477269	1
583468	0	4477270	0
583468	0	4930967	1
583468	0	4930973	1
583468	0	5581453	1
583468	0	5623829	2
583468	0	5747984	1
583468	0	5847040	0
583468	0	6171513	2
583468	0	6286920	4
583468	0	6286922	4
583468	0	6286923	5
583468	0	6286925	5
583468	0	6286927	1
583468	0	6578660	3
583468	0	6654304	2
583468	0	6654310	2
583468	0	7450717	4
583468	0	7450718	5
583468	0	7450719	2
583468	0	7450722	0
583468	0	7450725	5
583468	0	7465955	3
583468	0	7465956	2
583468	0	7465960	1
583468	0	7491697	4
583468	0	7491698	5
583468	0	7491699	3
583468	0	7491700	4
583468	0	7491701	2
583468	0	7491702	1
583468	0	7491704	4
583468	0	7491705	2
583468	0	7706119	5
583468	0	7706120	5
583468	0	7706122	4
583468	0	7706123	0
583468	0	7744346	5
583468	0	7744347	5
583468	0	7744348	5
583468	0	7744349	5
583468	0	7744350	5
583468	0	7744351	5
583468	0	8144444	2
583468	0	8144445	4
583468	0	8144447	2
583468	0	8144448	4
583468	0	8144451	2
583468	0	8326076	0
583468	0	8326077	4
583468	0	8326078	2
583468	0	8326080	3
583468	0	8395838	2
583468	0	8395839	1
583468	0	8395840	4
583468	0	8395842	0
583468	0	8395843	4
583468	0	8395845	2
583468	0	914662	4
583468	0	914663	1
583468	0	914665	2
583468	0	914666	5
583468	0	914667	1
583468	0	914668	5
640502	0	1034851	5
640502	0	1091795	5
640502	0	1170184	2
640502	0	1226398	4
640502	0	1226400	2
640502	0	1226405	2
640502	0	1227303	1
640502	0	1593642	0
640502	0	172502	2
640502	0	1754997	5
640502	0	1775681	2
640502	0	1775697	5
640502	0	1854588	5
640502	0	1861075	2
640502	0	1861076	2
640502	0	1957246	3
640502	0	1957247	5
640502	0	2042857	0
640502	0	2096762	5
640502	0	2096764	4
640502	0	2177955	2
640502	0	218503	2
640502	0	2445381	2
640502	0	2526910	1
640502	0	2701130	4
640502	0	2808569	4
640502	0	2808576	5
640502	0	3242633	4
640502	0	3242634	4
640502	0	3263512	3
640502	0	3263515	4
640502	0	3263516	5
640502	0	3282189	0
640502	0	3282190	1
640502	0	3282192	2
640502	0	3432047	0
640502	0	3511308	2
640502	0	3511310	3
640502	0	3551380	5
640502	0	3554994	4
640502	0	3580218	2
640502	0	3580219	1
640502	0	3992429	0
640502	0	3992434	5
640502	0	4084015	0
640502	0	4088602	1
640502	0	4088606	5
640502	0	409318	2
640502	0	409319	2
640502	0	418508	5
640502	0	418511	2
640502	0	4212893	0
640502	0	4261742	5
640502	0	4359297	4
640502	0	4359298	2
640502	0	4359302	2
640502	0	5073872	5
640502	0	5099601	1
640502	0	5150990	4
640502	0	5464492	0
640502	0	5468145	2
640502	0	5504419	1
640502	0	5539487	5
640502	0	5641149	1
640502	0	5924242	2
640502	0	598202	5
640502	0	598204	4
640502	0	598205	1
640502	0	6497379	1
640502	0	6497380	5
640502	0	6497381	1
640502	0	6497388	1
640502	0	6625299	1
640502	0	6679958	2
640502	0	6702284	3
640502	0	6702288	3
640502	0	6722459	1
640502	0	6730883	5
640502	0	6730884	5
640502	0	6730885	3
640502	0	6730886	4
640502	0	6730887	5
640502	0	6959430	2
640502	0	6985038	5
640502	0	7000432	3
640502	0	7109037	5
640502	0	7527423	3
640502	0	7540167	5
640502	0	77134	2
640502	0	7849742	2
640502	0	8003525	0
640502	0	8003526	2
640502	0	8178630	4
640502	0	8405069	0
640502	0	8405337	4
640502	0	8412227	5
640502	0	8451475	4
640502	0	8451478	3
640502	0	8462353	3
640502	0	8748665	1
67316	0	1134524	3
67316	0	1233288	5
67316	0	1277368	2
67316	0	1320687	2
67316	0	1325090	1
67316	0	1325091	2
67316	0	1325092	5
67316	0	1325095	2
67316	0	1405135	3
67316	0	1408563	5
67316	0	1920786	5
67316	0	1920788	3
67316	0	1920789	4
67316	0	1974375	4
67316	0	2277823	1
67316	0	2347766	2
67316	0	2365990	0
67316	0	2365991	5
67316	0	2365996	2
67316	0	2365997	5
67316	0	2712513	3
67316	0	2784534	1
67316	0	2930660	5
67316	0	2981364	2
67316	0	3078422	2
67316	0	308680	4
67316	0	308681	4
67316	0	3481250	0
67316	0	3679357	2
67316	0	3679358	4
67316	0	3761777	5
67316	0	3848804	1
67316	0	3848809	0
67316	0	3857558	5
67316	0	4141330	4
67316	0	4163705	4
67316	0	4180165	2
67316	0	4180169	5
67316	0	4189178	1
67316	0	44015	5
67316	0	4482564	0
67316	0	4490466	0
67316	0	450305	2
67316	0	450306	0
67316	0	450309	2
67316	0	473020	3
67316	0	4863059	5
67316	0	4922569	2
67316	0	4922570	2
67316	0	4953216	1
67316	0	5029988	4
67316	0	5084265	0
67316	0	5084267	4
67316	0	5181841	5
67316	0	5230287	0
67316	0	529228	2
67316	0	529231	1
67316	0	5477615	1
67316	0	5539961	1
67316	0	5539966	2
67316	0	5644606	1
67316	0	5695907	1
67316	0	5695908	4
67316	0	5746885	1
67316	0	5824138	2
67316	0	6091258	5
67316	0	6179111	4
67316	0	6290072	2
67316	0	6290074	3
67316	0	6290075	3
67316	0	6290078	4
67316	0	6290080	5
67316	0	6387611	5
67316	0	6507744	1
67316	0	6607541	5
67316	0	6680964	5
67316	0	6680965	5
67316	0	6764671	5
67316	0	6764675	4
67316	0	6905735	5
67316	0	6905739	2
67316	0	697258	1
67316	0	7019081	5
67316	0	7111671	4
67316	0	7111673	2
67316	0	7111675	3
67316	0	7348851	5
67316	0	7559752	2
67316	0	7563007	2
67316	0	7574360	0
67316	0	8003840	4
67316	0	8200130	5
67316	0	8261798	2
67316	0	8285742	0
67316	0	8312260	3
67316	0	8312265	5
67316	0	8431632	1
67316	0	8431634	3
67316	0	865909	2
67316	0	965892	2
673670	0	1118759	2
673670	0	1178245	3
673670	0	1237187	1
673670	0	1241736	1
673670	0	1282792	5
673670	0	1282794	5
673670	0	1347447	1
673670	0	1454201	2
673670	0	1531310	4
673670	0	1633028	2
673670	0	1662581	0
673670	0	1705886	3
673670	0	1802550	1
673670	0	1879652	0
673670	0	1879653	1
673670	0	1905362	1
673670	0	1905364	2
673670	0	1954736	3
673670	0	1954745	4
673670	0	2018332	2
673670	0	2240350	5
673670	0	2240351	5
673670	0	2240354	5
673670	0	2240356	5
673670	0	2240358	4
673670	0	2240359	4
673670	0	2514462	3
673670	0	2588633	0
673670	0	2896684	3
673670	0	3253291	1
673670	0	3253299	3
673670	0	348274	0
673670	0	3592286	5
673670	0	3607495	5
673670	0	3607497	4
673670	0	3607500	5
673670	0	3770262	1
673670	0	3916293	3
673670	0	4013566	5
673670	0	4013568	4
673670	0	4013569	5
673670	0	4013572	5
673670	0	4131485	1
673670	0	4178727	1
673670	0	4561019	3
673670	0	4639088	0
673670	0	4644079	1
673670	0	4806071	5
673670	0	577820	1
673670	0	5877501	2
673670	0	5900580	2
673670	0	5913718	0
673670	0	6084744	3
673670	0	6084745	2
673670	0	6342703	4
673670	0	6342705	3
673670	0	6342707	4
673670	0	6395146	1
673670	0	6521135	2
673670	0	6848672	1
673670	0	6904347	0
673670	0	6952165	2
673670	0	7105057	2
673670	0	7257304	5
673670	0	7257305	2
673670	0	7257306	5
673670	0	7587952	2
673670	0	7587958	2
673670	0	761712	5
673670	0	7729118	2
673670	0	8149172	1
673670	0	8481801	2
673670	0	8495250	0
673670	0	8524262	2
673670	0	8524263	5
673670	0	8524264	4
673670	0	8524265	2
673670	0	8524267	2
673670	0	8524268	2
673670	0	8524269	5
673670	0	8524270	4
673670	0	8554511	2
673670	0	8610765	0
673670	0	8632357	5
673670	0	8632358	2
673670	0	8632359	5
673670	0	8632360	5
673670	0	8632361	2
673670	0	8632362	5
673670	0	8632363	5
673670	0	8632364	5
673670	0	8632365	5
673670	0	867190	2
673670	0	8735640	4
673670	0	8735643	4
673670	0	8752617	0
673670	0	8773078	4
673670	0	8837074	4
673670	0	907457	4
673670	0	909035	2
701453	0	100336	1
701453	0	100342	2
701453	0	1014565	1
701453	0	1125916	4
701453	0	1188484	1
701453	0	1349417	2
701453	0	1389025	4
701453	0	1503748	4
701453	0	1667622	2
701453	0	1667623	0
701453	0	1699264	2
701453	0	1798887	3
701453	0	1841918	2
701453	0	2030306	1
701453	0	2163064	2
701453	0	2223009	2
701453	0	2607389	0
701453	0	2610149	4
701453	0	2811467	2
701453	0	296557	0
701453	0	296562	0
701453	0	299818	0
701453	0	3097694	2
701453	0	3223224	0
701453	0	3464260	1
701453	0	3703938	4
701453	0	3759038	1
701453	0	4001193	2
701453	0	4003023	1
701453	0	410016	3
701453	0	4103863	2
701453	0	4268909	1
701453	0	4330672	5
701453	0	4330673	5
701453	0	4330675	5
701453	0	4330676	5
701453	0	4330677	5
701453	0	4330679	5
701453	0	4330680	5
701453	0	4355643	5
701453	0	4355647	5
701453	0	4355649	5
701453	0	4355652	5
701453	0	4647297	3
701453	0	4832975	0
701453	0	5008056	2
701453	0	5574752	2
701453	0	5574758	2
701453	0	5732822	4
701453	0	5732823	3
701453	0	5798490	2
701453	0	5923932	2
701453	0	5923938	3
701453	0	5923939	2
701453	0	5999763	3
701453	0	6019214	2
701453	0	606127	1
701453	0	6191001	0
701453	0	6289231	2
701453	0	6353547	0
701453	0	688613	5
701453	0	688614	5
701453	0	688615	5
701453	0	688618	5
701453	0	6927982	5
701453	0	6927983	4
701453	0	6927984	4
701453	0	6968740	2
701453	0	6999084	5
701453	0	6999085	3
701453	0	6999086	4
701453	0	6999087	4
701453	0	6999088	3
701453	0	6999089	3
701453	0	6999090	4
701453	0	6999092	3
701453	0	6999093	4
701453	0	7155133	1
701453	0	7192986	1
701453	0	7259848	5
701453	0	7494104	2
701453	0	7586972	4
701453	0	7779211	1
701453	0	7806569	5
701453	0	781518	4
701453	0	8402345	1
701453	0	8402346	5
701453	0	8402350	5
701453	0	8443782	2
701453	0	8517849	0
701453	0	8576206	2
701453	0	8626140	5
701453	0	8626143	5
701453	0	8626145	5
701453	0	8626148	4
701453	0	8626149	5
701453	0	8694414	2
701453	0	871170	1
701453	0	8816183	1
701453	0	928339	2
730539	0	1112813	2
730539	0	1149318	3
730539	0	1149322	2
730539	0	1149324	3
730539	0	1214104	1
730539	0	1394997	2
730539	0	1520034	2
730539	0	1520035	4
730539	0	1520037	3
730539	0	1520038	5
730539	0	1625665	5
730539	0	1625670	5
730539	0	1625674	5
730539	0	1635378	4
730539	0	1965747	3
730539	0	2299740	2
730539	0	2299741	4
730539	0	2299747	1
730539	0	2299748	4
730539	0	2313633	0
730539	0	2348471	0
730539	0	2348473	2
730539	0	2348474	3
730539	0	2348476	4
730539	0	2348479	0
730539	0	2351414	0
730539	0	239231	4
730539	0	2619709	0
730539	0	2629412	2
730539	0	2629416	3
730539	0	2666436	5
730539	0	2666443	5
730539	0	2666444	5
730539	0	2924824	2
730539	0	2924828	0
730539	0	3161106	2
730539	0	3279002	2
730539	0	3383668	2
730539	0	3476824	5
730539	0	3944257	5
730539	0	4325051	1
730539	0	437275	5
730539	0	4380635	4
730539	0	4397647	4
730539	0	4509821	1
730539	0	4539974	3
730539	0	4605022	5
730539	0	4821894	3
730539	0	4821895	2
730539	0	4821900	1
730539	0	4821901	1
730539	0	4885112	1
730539	0	4885113	5
730539	0	4885114	1
730539	0	4885115	2
730539	0	4885121	4
730539	0	4920719	2
730539	0	4920722	1
730539	0	5015482	2
730539	0	5057950	2
730539	0	5057951	4
730539	0	5057955	0
730539	0	5301041	2
730539	0	5327724	0
730539	0	5327726	1
730539	0	5347630	1
730539	0	5379139	2
730539	0	5428552	5
730539	0	5445668	2
730539	0	5973897	2
730539	0	6076466	1
730539	0	6105418	2
730539	0	6436619	2
730539	0	7122719	4
730539	0	7122720	3
730539	0	7122722	5
730539	0	7122723	4
730539	0	7122724	4
730539	0	7250139	2
730539	0	7764443	1
730539	0	7764445	5
730539	0	7832360	2
730539	0	7869619	0
730539	0	7916064	5
730539	0	794126	2
730539	0	8045257	1
730539	0	8220533	1
730539	0	8276217	5
730539	0	8276218	5
730539	0	8276221	5
730539	0	8276222	5
730539	0	8276223	5
730539	0	8327957	4
730539	0	8327959	4
730539	0	8438051	3
730539	0	8577877	5
730539	0	8577878	5
730539	0	8577879	5
730539	0	8577882	5
730539	0	8808558	0
768208	0	1009766	1
768208	0	1022765	4
768208	0	1022766	2
768208	0	1099096	0
768208	0	1148229	0
768208	0	1153904	2
768208	0	1206601	2
768208	0	1212211	4
768208	0	1270364	2
768208	0	1382634	1
768208	0	1497994	2
768208	0	1575078	3
768208	0	1635077	2
768208	0	1635079	2
768208	0	1754830	4
768208	0	1792499	4
768208	0	1792504	4
768208	0	1792506	4
768208	0	2274398	1
768208	0	2360258	2
768208	0	2360259	4
768208	0	2360263	4
768208	0	240141	2
768208	0	240435	5
768208	0	2453462	0
768208	0	2479356	0
768208	0	2479357	0
768208	0	250886	0
768208	0	2832647	1
768208	0	2883952	5
768208	0	2968691	5
768208	0	3143790	1
768208	0	3171396	5
768208	0	355111	1
768208	0	3564075	3
768208	0	3564078	2
768208	0	3564080	5
768208	0	3691763	4
768208	0	3691770	4
768208	0	3695043	2
768208	0	3695050	2
768208	0	3710762	5
768208	0	4015047	2
768208	0	4030476	3
768208	0	4091117	4
768208	0	4526332	0
768208	0	4906613	2
768208	0	4954758	2
768208	0	5025772	3
768208	0	5025777	1
768208	0	5039567	5
768208	0	5177591	3
768208	0	52155	5
768208	0	52157	5
768208	0	52158	5
768208	0	52159	5
768208	0	52161	5
768208	0	52162	5
768208	0	52163	5
768208	0	5222129	5
768208	0	5222132	5
768208	0	5222133	5
768208	0	5222138	5
768208	0	550035	1
768208	0	5800655	2
768208	0	593882	2
768208	0	6062639	3
768208	0	6106276	1
768208	0	6187147	4
768208	0	6304781	4
768208	0	6707107	2
768208	0	6707108	2
768208	0	6834373	2
768208	0	6834380	1
768208	0	6846418	5
768208	0	6889568	2
768208	0	6944794	2
768208	0	7024403	1
768208	0	7140893	0
768208	0	7166560	2
768208	0	7166562	3
768208	0	7272036	5
768208	0	7272040	5
768208	0	7272041	5
768208	0	7272045	5
768208	0	7696555	3
768208	0	7762993	4
768208	0	7805714	1
768208	0	8078265	2
768208	0	8177423	3
768208	0	8199924	5
768208	0	8337209	2
768208	0	8337212	3
768208	0	8525681	5
768208	0	8538964	1
768208	0	8615154	4
768208	0	8663601	1
768208	0	8666556	0
768208	0	8805943	1
768208	0	903599	0
877809	0	1030813	4
877809	0	1030818	3
877809	0	1050327	5
877809	0	1208595	1
877809	0	1208598	1
877809	0	1314509	2
877809	0	1314514	2
877809	0	1335170	5
877809	0	1335886	1
877809	0	1420115	2
877809	0	1550610	5
877809	0	1550611	5
877809	0	1550612	1
877809	0	1550613	5
877809	0	1550619	2
877809	0	1821652	1
877809	0	1821653	0
877809	0	1830189	3
877809	0	1939815	2
877809	0	1939816	1
877809	0	2213762	2
877809	0	2213765	4
877809	0	2213767	4
877809	0	2515032	5
877809	0	2515036	5
877809	0	2781468	2
877809	0	2811886	0
877809	0	3328098	5
877809	0	3328100	5
877809	0	3328103	2
877809	0	35106	3
877809	0	35107	5
877809	0	35108	5
877809	0	35109	5
877809	0	35110	3
877809	0	35111	5
877809	0	35112	4
877809	0	35113	5
877809	0	35114	5
877809	0	35115	3
877809	0	3747467	3
877809	0	379134	0
877809	0	3879160	5
877809	0	3879167	5
877809	0	3914626	2
877809	0	3982282	0
877809	0	4336905	1
877809	0	4336906	2
877809	0	4336908	1
877809	0	4479524	0
877809	0	4534156	2
877809	0	4534157	2
877809	0	4534161	4
877809	0	4635482	4
877809	0	4879503	4
877809	0	4888926	5
877809	0	4888929	5
877809	0	4888932	5
877809	0	5037393	1
877809	0	5092506	0
877809	0	5092510	1
877809	0	5411990	1
877809	0	5695320	4
877809	0	5697589	3
877809	0	5697591	0
877809	0	5758393	2
877809	0	5758394	2
877809	0	5758395	2
877809	0	5758396	3
877809	0	5850349	4
877809	0	5940393	2
877809	0	6306989	0
877809	0	6306991	2
877809	0	658471	1
877809	0	6680909	4
877809	0	6704838	2
877809	0	6704845	2
877809	0	6942008	2
877809	0	7040017	4
877809	0	7040022	3
877809	0	7050366	5
877809	0	7070855	2
877809	0	7346771	4
877809	0	7380092	0
877809	0	7380100	1
877809	0	7714171	4
877809	0	7714177	2
877809	0	7832039	1
877809	0	788181	5
877809	0	7906970	5
877809	0	7952694	5
877809	0	8165590	4
877809	0	8248046	2
877809	0	8484191	3
877809	0	8484200	1
877809	0	8511146	2
877809	0	8592500	0
877809	0	8659718	5
877809	0	8703650	4
877809	0	955828	2
911232	0	1331446	2
911232	0	1334926	0
911232	0	1431887	2
911232	0	1431896	3
911232	0	1451467	4
911232	0	1847341	3
911232	0	1879470	5
911232	0	1879471	4
911232	0	1879472	5
911232	0	1879474	5
911232	0	1879475	5
911232	0	2019288	2
911232	0	2019293	2
911232	0	2019295	2
911232	0	2098856	0
911232	0	2100444	1
911232	0	2108915	0
911232	0	2298894	3
911232	0	2428677	5
911232	0	2428679	3
911232	0	2492968	4
911232	0	2499838	2
911232	0	2558190	1
911232	0	2609560	5
911232	0	2812379	2
911232	0	2861554	3
911232	0	2861555	3
911232	0	2878331	3
911232	0	2921796	0
911232	0	2921801	0
911232	0	2921803	2
911232	0	2999924	5
911232	0	2999925	5
911232	0	2999926	5
911232	0	2999927	5
911232	0	2999928	5
911232	0	2999929	5
911232	0	2999930	5
911232	0	2999931	5
911232	0	2999932	5
911232	0	2999933	5
911232	0	3053492	2
911232	0	3054179	0
911232	0	3424673	1
911232	0	3502927	0
911232	0	3539194	4
911232	0	3587998	2
911232	0	3872053	4
911232	0	3976212	5
911232	0	4100709	2
911232	0	4100712	2
911232	0	4224849	1
911232	0	4238479	2
911232	0	4291941	0
911232	0	4312004	2
911232	0	4636014	1
911232	0	480901	3
911232	0	4967296	4
911232	0	4967298	4
911232	0	4967299	5
911232	0	5009330	4
911232	0	5013053	4
911232	0	5013056	2
911232	0	5020590	1
911232	0	5020593	2
911232	0	5023472	1
911232	0	5040651	4
911232	0	5101920	0
911232	0	547709	1
911232	0	5682945	4
911232	0	5766126	2
911232	0	5970696	3
911232	0	6231482	1
911232	0	6339812	1
911232	0	6452690	2
911232	0	6928655	5
911232	0	7206444	2
911232	0	7206445	3
911232	0	7216296	2
911232	0	7279109	2
911232	0	7519035	1
911232	0	7896932	1
911232	0	8095847	4
911232	0	8095851	1
911232	0	8484178	5
911232	0	8591989	4
911232	0	8605562	1
911232	0	8605563	4
911232	0	8605567	2
911232	0	8692187	4
911232	0	8712510	0
911232	0	8712513	2
911232	0	8757788	2
911232	0	8801744	2
911232	0	8801746	1
911232	0	8816618	5
911232	0	8816620	5
911232	0	8816621	5
911232	0	8816622	5
911232	0	8816626	5
914916	0	1027218	5
914916	0	1183902	4
914916	0	1183903	2
914916	0	1183904	5
914916	0	1183905	5
914916	0	1194685	1
914916	0	1444921	2
914916	0	1545735	2
914916	0	1545738	3
914916	0	1545740	4
914916	0	1545741	5
914916	0	1545742	5
914916	0	1545743	4
914916	0	1593795	4
914916	0	2020130	1
914916	0	2020131	1
914916	0	2020133	2
914916	0	2020137	2
914916	0	2200004	1
914916	0	2295412	0
914916	0	2338697	1
914916	0	2338701	4
914916	0	2693900	2
914916	0	2754113	5
914916	0	2989234	5
914916	0	2989235	5
914916	0	2989236	5
914916	0	2989239	4
914916	0	3057739	5
914916	0	306319	2
914916	0	3152176	2
914916	0	3170834	2
914916	0	3170836	2
914916	0	3170837	1
914916	0	3170839	5
914916	0	3170840	3
914916	0	3375842	1
914916	0	3535610	2
914916	0	3573852	2
914916	0	3763839	1
914916	0	3763841	4
914916	0	3949623	3
914916	0	3975869	0
914916	0	4023897	1
914916	0	4032061	2
914916	0	4425458	3
914916	0	4425460	1
914916	0	4482574	4
914916	0	4482575	4
914916	0	4482576	5
914916	0	4482577	2
914916	0	4840522	4
914916	0	4854250	1
914916	0	4923662	0
914916	0	5039693	2
914916	0	5039696	4
914916	0	5150282	1
914916	0	5325750	0
914916	0	5363820	2
914916	0	5380650	3
914916	0	5681257	2
914916	0	5681258	2
914916	0	5681262	3
914916	0	5730351	4
914916	0	5730352	5
914916	0	5730355	5
914916	0	5730356	5
914916	0	5730357	4
914916	0	5730358	1
914916	0	5784911	4
914916	0	5784912	4
914916	0	593526	0
914916	0	593527	3
914916	0	593531	0
914916	0	6181163	2
914916	0	6181169	2
914916	0	6182367	0
914916	0	6613409	3
914916	0	6613410	2
914916	0	6818272	5
914916	0	6896369	0
914916	0	6947198	2
914916	0	7081901	0
914916	0	7081903	5
914916	0	7150649	2
914916	0	76878	0
914916	0	7738980	1
914916	0	7747319	2
914916	0	7798477	5
914916	0	7798478	2
914916	0	7798479	3
914916	0	7798480	5
914916	0	8226706	1
914916	0	8772516	5
914916	0	8772517	5
914916	0	8772518	3
914916	0	8772519	5
914916	0	8772520	5
914916	0	8772521	5
914916	0	8772525	5
938400	0	1246779	1
938400	0	2009152	2
938400	0	2009157	4
938400	0	2071052	1
938400	0	2071055	1
938400	0	2354124	2
938400	0	2484350	5
938400	0	2532047	3
938400	0	2532049	5
938400	0	2532053	3
938400	0	2870509	2
938400	0	2870513	3
938400	0	2870514	5
938400	0	2887524	0
938400	0	2958099	5
938400	0	2958100	2
938400	0	2958103	2
938400	0	2958104	2
938400	0	2958107	5
938400	0	2962205	3
938400	0	2962208	4
938400	0	2962212	5
938400	0	3088746	5
938400	0	3088747	5
938400	0	3088748	5
938400	0	3088750	5
938400	0	3088751	5
938400	0	3088752	2
938400	0	3088753	1
938400	0	3088754	2
938400	0	3088755	4
938400	0	334433	0
938400	0	3353755	4
938400	0	3353757	5
938400	0	3353758	2
938400	0	3353759	5
938400	0	3353760	2
938400	0	3353761	0
938400	0	3353762	5
938400	0	3353763	2
938400	0	3353764	4
938400	0	3385149	2
938400	0	3486898	3
938400	0	3590672	0
938400	0	3660994	0
938400	0	3820289	2
938400	0	3820292	2
938400	0	3820293	4
938400	0	3820294	4
938400	0	3914686	5
938400	0	3914690	2
938400	0	4207807	3
938400	0	4282900	0
938400	0	47281	5
938400	0	47282	1
938400	0	47286	1
938400	0	47287	2
938400	0	47289	2
938400	0	47290	5
938400	0	492658	1
938400	0	4956057	5
938400	0	4956059	5
938400	0	4956060	2
938400	0	4956063	4
938400	0	4956064	5
938400	0	5061328	0
938400	0	5569	0
938400	0	5833738	1
938400	0	5833739	1
938400	0	6501473	4
938400	0	6769073	1
938400	0	7004405	3
938400	0	7004406	5
938400	0	7004408	3
938400	0	7004409	3
938400	0	7239128	1
938400	0	7313619	5
938400	0	7313620	5
938400	0	7313621	4
938400	0	7313622	3
938400	0	7313624	4
938400	0	7313626	5
938400	0	7396871	0
938400	0	7396872	1
938400	0	7624443	1
938400	0	790222	2
938400	0	790223	2
938400	0	8178702	2
938400	0	8219953	2
938400	0	8219955	1
938400	0	8309427	4
938400	0	8309428	4
938400	0	8309430	2
938400	0	8309433	4
938400	0	8309435	4
938400	0	8309436	2
938400	0	8678066	5
938400	0	8678070	2
938400	0	8678071	0
938400	0	8835301	1
940547	0	1335718	3
940547	0	2613393	5
940547	0	2667345	5
940547	0	2667347	5
940547	0	2667350	5
940547	0	2667353	5
940547	0	2729630	4
940547	0	3167333	0
940547	0	3443058	2
940547	0	3558980	1
940547	0	3624263	1
940547	0	3706454	3
940547	0	3706456	5
940547	0	3706457	2
940547	0	3706458	2
940547	0	3822467	1
940547	0	4489262	1
940547	0	4489266	1
940547	0	4505955	0
940547	0	4566517	2
940547	0	4664997	5
940547	0	4664999	3
940547	0	4665000	4
940547	0	4665002	2
940547	0	4696636	2
940547	0	4696637	2
940547	0	4696640	5
940547	0	4696641	2
940547	0	4696642	3
940547	0	4787647	1
940547	0	4800886	5
940547	0	4800890	3
940547	0	4800891	5
940547	0	506000	3
940547	0	506003	0
940547	0	5118372	0
940547	0	5118373	5
940547	0	5118376	4
940547	0	5118378	5
940547	0	5270010	0
940547	0	5270011	4
940547	0	5270014	0
940547	0	5270019	5
940547	0	5300651	4
940547	0	5300654	2
940547	0	5368337	1
940547	0	5429311	0
940547	0	5578993	5
940547	0	5831702	5
940547	0	5831703	2
940547	0	5831704	5
940547	0	5831706	3
940547	0	5831707	2
940547	0	5831708	4
940547	0	5831709	5
940547	0	5831711	2
940547	0	5951249	1
940547	0	61062	2
940547	0	61068	5
940547	0	61069	2
940547	0	61070	4
940547	0	61071	5
940547	0	6285918	0
940547	0	6298951	1
940547	0	6782541	3
940547	0	6782542	1
940547	0	6782543	3
940547	0	6948118	1
940547	0	7259157	5
940547	0	7280582	1
940547	0	7280584	2
940547	0	7280588	1
940547	0	7282174	4
940547	0	7282176	2
940547	0	7282177	4
940547	0	7282182	2
940547	0	76567	0
940547	0	7678629	4
940547	0	7855425	2
940547	0	7951561	2
940547	0	8219040	1
940547	0	8219044	2
940547	0	8219049	2
940547	0	8219050	2
940547	0	8219052	2
940547	0	8219054	2
940547	0	8219244	4
940547	0	8219246	2
940547	0	8219248	5
940547	0	8219249	5
940547	0	837714	4
940547	0	8667178	0
940547	0	870275	1
940547	0	870279	4
940547	0	8772071	3
940547	0	8772073	5
940547	0	8772074	5
940547	0	8772075	5
940547	0	964766	4
940547	0	964772	4
997622	0	1664196	2
997622	0	1664199	4
997622	0	1664204	2
997622	0	18621	1
997622	0	18624	3
997622	0	2182282	2
997622	0	2388752	0
997622	0	2388756	0
997622	0	2399775	2
997622	0	2399776	2
997622	0	2684410	2
997622	0	2684411	3
997622	0	2684414	2
997622	0	2691445	3
997622	0	2691447	2
997622	0	2699957	0
997622	0	3142955	3
997622	0	3369596	5
997622	0	3369599	3
997622	0	3409799	3
997622	0	3409801	4
997622	0	3604705	1
997622	0	3604710	5
997622	0	3604711	4
997622	0	3767361	1
997622	0	406412	5
997622	0	406414	2
997622	0	406418	5
997622	0	406419	2
997622	0	406420	1
997622	0	4185211	3
997622	0	4287941	4
997622	0	4317196	1
997622	0	4317197	2
997622	0	4317198	2
997622	0	4317202	4
997622	0	4317203	4
997622	0	4421158	1
997622	0	4421160	4
997622	0	4518220	3
997622	0	4518221	2
997622	0	4518222	5
997622	0	4543861	5
997622	0	4543864	5
997622	0	4543865	5
997622	0	4543867	5
997622	0	4543869	5
997622	0	4596839	5
997622	0	4643388	5
997622	0	4643389	5
997622	0	4643392	5
997622	0	4643394	5
997622	0	4643397	5
997622	0	4700298	5
997622	0	4700299	4
997622	0	4723212	2
997622	0	4723214	4
997622	0	4734743	1
997622	0	4734747	2
997622	0	4810065	0
997622	0	4871997	2
997622	0	4871999	1
997622	0	5084953	1
997622	0	5084956	1
997622	0	5111440	3
997622	0	5111444	2
997622	0	5172000	4
997622	0	5389321	1
997622	0	5389322	2
997622	0	5430569	2
997622	0	5618213	1
997622	0	5618217	0
997622	0	5694846	0
997622	0	5719836	0
997622	0	59869	4
997622	0	59871	2
997622	0	59874	2
997622	0	6501163	1
997622	0	650167	1
997622	0	72291	5
997622	0	72292	4
997622	0	72293	2
997622	0	73460	5
997622	0	73462	5
997622	0	73464	1
997622	0	73465	5
997622	0	7824655	0
997622	0	7834077	3
997622	0	8208582	0
997622	0	8533344	4
997622	0	8533348	5
997622	0	8658514	0
997622	0	8684993	2
997622	0	8684996	5
997622	0	8782273	2
997622	0	8813537	5
997622	0	941632	5
997622	0	941634	4
997622	0	941636	2
997622	0	972448	4
