1030303	0	1269099	0
1030303	0	1305520	0
1030303	0	1451846	0
1030303	0	1451848	0
1030303	0	1681852	0
1030303	0	1905988	0
1030303	0	226464	0
1030303	0	2392584	0
1030303	0	252916	0
1030303	0	2567926	0
1030303	0	2578776	0
1030303	0	2673281	0
1030303	0	2699093	0
1030303	0	2902049	0
1030303	0	3049626	0
1030303	0	3143401	0
1030303	0	3236560	0
1030303	0	3302250	0
1030303	0	3302252	0
1030303	0	3302253	0
1030303	0	3302256	0
1030303	0	3302258	0
1030303	0	3327029	1
1030303	0	3478393	0
1030303	0	3522013	0
1030303	0	3590167	0
1030303	0	3590168	0
1030303	0	3601008	0
1030303	0	3719869	0
1030303	0	3768401	0
1030303	0	3828084	0
1030303	0	4208199	0
1030303	0	4245507	0
1030303	0	4338713	0
1030303	0	4681347	0
1030303	0	4691526	0
1030303	0	4749794	0
1030303	0	4749977	0
1030303	0	4828844	0
1030303	0	4874999	0
1030303	0	5096839	0
1030303	0	5161996	0
1030303	0	5260337	0
1030303	0	5277233	0
1030303	0	5432102	0
1030303	0	5517587	0
1030303	0	5533597	0
1030303	0	5681381	0
1030303	0	5681385	0
1030303	0	5972645	0
1030303	0	5974622	0
1030303	0	6037278	0
1030303	0	6054029	0
1030303	0	6054030	0
1030303	0	6054032	0
1030303	0	6054033	0
1030303	0	6143722	0
1030303	0	6271629	0
1030303	0	6500252	0
1030303	0	6575755	0
1030303	0	6575758	0
1030303	0	6939422	0
1030303	0	6939423	0
1030303	0	6939426	0
1030303	0	6939430	0
1030303	0	6939431	0
1030303	0	6974892	0
1030303	0	700079	0
1030303	0	700080	0
1030303	0	7156982	1
1030303	0	7168317	0
1030303	0	7168324	0
1030303	0	7284047	0
1030303	0	7284052	0
1030303	0	7559918	0
1030303	0	7661516	0
1030303	0	7663896	0
1030303	0	7809993	0
1030303	0	7961142	0
1030303	0	7972299	0
1030303	0	8006084	0
1030303	0	8006086	0
1030303	0	8022032	0
1030303	0	8150794	0
1030303	0	8150798	0
1030303	0	8166567	0
1030303	0	8220777	0
1030303	0	8221001	0
1030303	0	8424555	0
1030303	0	8510798	0
1030303	0	8510803	0
1030303	0	8510805	0
1030303	0	8697790	0
1030303	0	8726430	1
1030303	0	8726432	0
1030303	0	8726433	1
1030303	0	8726435	1
1030303	0	8726436	1
1030303	0	8726437	1
1030303	0	892792	0
1037496	0	1284232	0
1037496	0	1320570	0
1037496	0	1326843	0
1037496	0	1326844	0
1037496	0	1326846	0
1037496	0	1326969	0
1037496	0	1326971	0
1037496	0	1329191	0
1037496	0	1367493	0
1037496	0	1367494	0
1037496	0	1399394	0
1037496	0	1503490	0
1037496	0	1503495	0
1037496	0	1687753	0
1037496	0	1780266	0
1037496	0	2401853	0
1037496	0	2540327	0
1037496	0	2546934	0
1037496	0	2672141	1
1037496	0	2700224	0
1037496	0	2700338	0
1037496	0	2723093	0
1037496	0	2725825	1
1037496	0	2725829	1
1037496	0	2725834	1
1037496	0	3017710	0
1037496	0	3046755	0
1037496	0	3062304	0
1037496	0	3242276	0
1037496	0	3454777	0
1037496	0	3586709	0
1037496	0	3725931	1
1037496	0	3725932	1
1037496	0	3725933	1
1037496	0	3725934	1
1037496	0	3725936	1
1037496	0	3725937	1
1037496	0	3766140	0
1037496	0	3839428	0
1037496	0	3946879	0
1037496	0	4029123	0
1037496	0	4029124	0
1037496	0	4029128	0
1037496	0	4174374	1
1037496	0	4174376	1
1037496	0	4174377	1
1037496	0	4174378	1
1037496	0	4174380	1
1037496	0	4187303	1
1037496	0	4187304	1
1037496	0	4187305	1
1037496	0	4187307	1
1037496	0	4187309	1
1037496	0	4229832	0
1037496	0	4284602	0
1037496	0	4442038	0
1037496	0	4456584	0
1037496	0	4760906	1
1037496	0	4760907	1
1037496	0	4760908	1
1037496	0	4760909	1
1037496	0	4760912	1
1037496	0	4760914	1
1037496	0	4760915	1
1037496	0	4767626	0
1037496	0	4905509	1
1037496	0	4905511	1
1037496	0	4912160	1
1037496	0	4912162	1
1037496	0	4912163	1
1037496	0	4912166	1
1037496	0	4912167	1
1037496	0	5289376	0
1037496	0	5310677	0
1037496	0	5927420	1
1037496	0	6245203	0
1037496	0	6303138	0
1037496	0	6303139	0
1037496	0	6855154	0
1037496	0	6855156	0
1037496	0	6866284	1
1037496	0	6971300	0
1037496	0	7318757	0
1037496	0	7412640	0
1037496	0	7465901	0
1037496	0	7655685	0
1037496	0	7761610	0
1037496	0	7766583	1
1037496	0	7766584	1
1037496	0	7766585	1
1037496	0	7766587	1
1037496	0	8131543	0
1037496	0	8131544	0
1037496	0	8243145	0
1037496	0	8413924	1
1037496	0	8594835	0
1037496	0	8600792	0
1037496	0	861130	0
1037496	0	933791	0
1037496	0	939741	0
1043135	0	1536025	0
1043135	0	1536028	0
1043135	0	1637694	1
1043135	0	1637695	1
1043135	0	1637701	1
1043135	0	1727793	1
1043135	0	1845636	1
1043135	0	1845637	0
1043135	0	1845638	0
1043135	0	1845639	0
1043135	0	1845640	0
1043135	0	1845641	0
1043135	0	1845642	0
1043135	0	1845643	0
1043135	0	1845644	0
1043135	0	1845645	0
1043135	0	2435231	0
1043135	0	2443319	1
1043135	0	2498318	0
1043135	0	2514949	0
1043135	0	2514951	0
1043135	0	2664986	1
1043135	0	2664987	0
1043135	0	2664988	1
1043135	0	2664989	1
1043135	0	2664990	1
1043135	0	2664991	0
1043135	0	2664992	1
1043135	0	2664993	1
1043135	0	2664994	0
1043135	0	2664995	1
1043135	0	2790617	0
1043135	0	297037	0
1043135	0	3043608	0
1043135	0	3374866	0
1043135	0	3378237	0
1043135	0	3378238	0
1043135	0	3378240	1
1043135	0	3475316	0
1043135	0	3878603	1
1043135	0	3878608	1
1043135	0	4195618	0
1043135	0	4355523	1
1043135	0	4541687	0
1043135	0	4541688	1
1043135	0	4541691	0
1043135	0	4541692	0
1043135	0	4541694	0
1043135	0	4721484	0
1043135	0	4794227	0
1043135	0	4881715	1
1043135	0	4994428	1
1043135	0	4994429	0
1043135	0	5119430	0
1043135	0	5119432	0
1043135	0	5152125	0
1043135	0	5223175	0
1043135	0	5223177	0
1043135	0	5223178	0
1043135	0	5262282	0
1043135	0	5262285	0
1043135	0	5262289	1
1043135	0	5262290	0
1043135	0	6044059	0
1043135	0	6044061	0
1043135	0	6044064	0
1043135	0	6097574	0
1043135	0	6152453	0
1043135	0	650641	1
1043135	0	650642	1
1043135	0	650644	0
1043135	0	7022075	0
1043135	0	7022077	0
1043135	0	7022079	1
1043135	0	7137848	1
1043135	0	7137849	1
1043135	0	7137851	1
1043135	0	7945768	0
1043135	0	8049995	0
1043135	0	8224813	0
1043135	0	8632895	0
1043135	0	8632897	0
1043135	0	8696952	1
1043135	0	8696953	1
1043135	0	8696954	1
1043135	0	8696955	0
1043135	0	8696956	1
1043135	0	8696957	1
1043135	0	8696958	0
1043135	0	8696959	0
1043135	0	8696960	1
1043135	0	8696961	1
1043135	0	8733886	0
1043135	0	8733891	0
1043135	0	8787047	0
1043135	0	8787048	0
1043135	0	8787049	0
1043135	0	8787052	0
1043135	0	8812239	0
1043135	0	8831379	0
1051399	0	160027	0
1051399	0	2274111	0
1051399	0	2274112	0
1051399	0	2302505	0
1051399	0	2315732	0
1051399	0	2411864	0
1051399	0	2674668	0
1051399	0	2768271	1
1051399	0	2899499	0
1051399	0	2953742	0
1051399	0	2978630	0
1051399	0	3071159	0
1051399	0	3127933	0
1051399	0	3198223	0
1051399	0	3223239	0
1051399	0	3285876	0
1051399	0	3305062	0
1051399	0	3376619	0
1051399	0	3383391	0
1051399	0	3446936	0
1051399	0	3556858	0
1051399	0	3581850	0
1051399	0	3607052	0
1051399	0	3681694	0
1051399	0	3694752	0
1051399	0	3694758	0
1051399	0	3763498	0
1051399	0	3773243	0
1051399	0	3809638	0
1051399	0	3826735	0
1051399	0	3826738	0
1051399	0	3826741	0
1051399	0	3943224	0
1051399	0	3943228	1
1051399	0	3943229	1
1051399	0	3969385	1
1051399	0	3969388	1
1051399	0	4171289	0
1051399	0	4206814	0
1051399	0	4213895	0
1051399	0	4213898	0
1051399	0	4331016	0
1051399	0	4331020	0
1051399	0	4380507	1
1051399	0	4384327	0
1051399	0	4422069	0
1051399	0	4426182	1
1051399	0	4426187	1
1051399	0	4426188	1
1051399	0	4513307	0
1051399	0	4544832	0
1051399	0	4568620	0
1051399	0	4729565	1
1051399	0	4736961	0
1051399	0	4763402	0
1051399	0	4772458	0
1051399	0	4810073	0
1051399	0	4840772	0
1051399	0	4840777	0
1051399	0	4878559	0
1051399	0	4916845	0
1051399	0	5195183	0
1051399	0	5217689	0
1051399	0	5308718	0
1051399	0	5348043	0
1051399	0	5598220	0
1051399	0	5598223	0
1051399	0	5725262	0
1051399	0	5956641	0
1051399	0	6353890	0
1051399	0	6503955	0
1051399	0	69812	0
1051399	0	69813	1
1051399	0	69818	1
1051399	0	6991992	0
1051399	0	7098275	0
1051399	0	7098280	0
1051399	0	7099525	0
1051399	0	71750	0
1051399	0	7290974	0
1051399	0	745839	0
1051399	0	7709923	0
1051399	0	7811491	0
1051399	0	7815594	0
1051399	0	7816049	0
1051399	0	7816050	0
1051399	0	7816053	0
1051399	0	7848669	0
1051399	0	7848670	0
1051399	0	7848674	0
1051399	0	7904179	0
1051399	0	7923108	0
1051399	0	8172956	0
1051399	0	8328703	0
1051399	0	8328712	0
1051399	0	857555	0
1051399	0	8812860	0
1051399	0	8815205	0
1051399	0	8815213	0
1051399	0	962431	0
1064670	0	100815	0
1064670	0	1100241	0
1064670	0	11242	0
1064670	0	1156065	0
1064670	0	129462	1
1064670	0	1686718	0
1064670	0	1686724	0
1064670	0	1760662	0
1064670	0	1979447	0
1064670	0	2017045	0
1064670	0	2316072	0
1064670	0	2761008	0
1064670	0	2839843	1
1064670	0	2870082	0
1064670	0	2895116	0
1064670	0	293152	0
1064670	0	2977159	1
1064670	0	2977160	1
1064670	0	3328188	0
1064670	0	3328191	0
1064670	0	3477583	0
1064670	0	3561216	0
1064670	0	3659747	0
1064670	0	3729576	0
1064670	0	3741160	0
1064670	0	3741166	0
1064670	0	3807086	0
1064670	0	3826026	1
1064670	0	3930	0
1064670	0	4181123	0
1064670	0	4181130	0
1064670	0	4216066	0
1064670	0	4216073	0
1064670	0	4217682	0
1064670	0	4260391	0
1064670	0	4260400	0
1064670	0	4845639	0
1064670	0	4855039	0
1064670	0	4859892	0
1064670	0	5138668	0
1064670	0	5191553	0
1064670	0	5265410	0
1064670	0	5265412	0
1064670	0	5333756	0
1064670	0	5888403	1
1064670	0	5888407	0
1064670	0	6098427	0
1064670	0	6127869	0
1064670	0	6171059	0
1064670	0	6175221	0
1064670	0	6619634	0
1064670	0	6728472	0
1064670	0	6762663	0
1064670	0	6770496	0
1064670	0	681599	0
1064670	0	6824284	1
1064670	0	6824285	1
1064670	0	6878678	0
1064670	0	6878684	0
1064670	0	6878685	0
1064670	0	7012470	0
1064670	0	7055907	0
1064670	0	7180532	0
1064670	0	7244108	0
1064670	0	7244113	0
1064670	0	7244114	0
1064670	0	736681	1
1064670	0	7403029	0
1064670	0	7556558	0
1064670	0	7556559	0
1064670	0	7556560	0
1064670	0	7836243	0
1064670	0	7836249	0
1064670	0	7928010	0
1064670	0	7928012	0
1064670	0	7928015	0
1064670	0	7968225	0
1064670	0	8100018	1
1064670	0	8100020	1
1064670	0	8186407	0
1064670	0	832044	0
1064670	0	8337453	1
1064670	0	8337454	0
1064670	0	8337455	0
1064670	0	846500	0
1064670	0	846501	0
1064670	0	8545962	0
1064670	0	8667817	0
1064670	0	8680897	1
1064670	0	8680901	1
1064670	0	8680902	1
1064670	0	8680903	1
1064670	0	8680904	1
1064670	0	8680905	1
1064670	0	8680906	1
1064670	0	8734273	1
1064670	0	8734274	0
1064670	0	8748215	0
1064670	0	8816317	0
1064670	0	8841814	0
1071750	0	1351108	0
1071750	0	1390642	0
1071750	0	1609185	0
1071750	0	1609186	0
1071750	0	1655593	0
1071750	0	1655597	0
1071750	0	1954588	0
1071750	0	2055648	0
1071750	0	2186844	0
1071750	0	2562017	0
1071750	0	2608165	0
1071750	0	27185	0
1071750	0	2719271	0
1071750	0	3016476	0
1071750	0	3016477	0
1071750	0	3016481	1
1071750	0	3016482	1
1071750	0	3016483	0
1071750	0	3477867	0
1071750	0	3477868	0
1071750	0	3477869	0
1071750	0	3477870	0
1071750	0	3477871	0
1071750	0	3477875	0
1071750	0	3575934	1
1071750	0	3599755	0
1071750	0	3719923	0
1071750	0	3719925	0
1071750	0	3719926	1
1071750	0	3719929	0
1071750	0	3850956	1
1071750	0	3928913	1
1071750	0	3928914	1
1071750	0	3928915	1
1071750	0	3928916	1
1071750	0	3928917	1
1071750	0	3928918	1
1071750	0	4043736	0
1071750	0	4094983	0
1071750	0	4094986	0
1071750	0	4094988	0
1071750	0	4094989	0
1071750	0	4094991	0
1071750	0	4133638	0
1071750	0	4133640	0
1071750	0	4133641	0
1071750	0	4133644	1
1071750	0	4360119	0
1071750	0	4360121	0
1071750	0	4360125	0
1071750	0	4422895	0
1071750	0	4600110	0
1071750	0	4620630	0
1071750	0	4717395	0
1071750	0	4717397	0
1071750	0	4717399	0
1071750	0	4717400	0
1071750	0	4717401	1
1071750	0	4717402	0
1071750	0	4717403	0
1071750	0	4794978	1
1071750	0	4853911	0
1071750	0	5334445	0
1071750	0	5510448	0
1071750	0	5510450	0
1071750	0	5510451	0
1071750	0	6508491	1
1071750	0	6508493	1
1071750	0	6508494	1
1071750	0	6508496	1
1071750	0	6508498	1
1071750	0	6508499	0
1071750	0	6869822	0
1071750	0	717792	0
1071750	0	7778577	1
1071750	0	8219038	0
1071750	0	8378382	1
1071750	0	8378383	1
1071750	0	8378384	0
1071750	0	8378385	1
1071750	0	8378386	0
1071750	0	8378387	0
1071750	0	8378388	1
1071750	0	8378389	1
1071750	0	8378390	1
1071750	0	8378391	1
1071750	0	8580823	0
1071750	0	8698267	1
1071750	0	8698268	1
1071750	0	8698269	1
1071750	0	8698270	1
1071750	0	8698271	1
1071750	0	8698272	1
1071750	0	8698273	1
1071750	0	8698274	1
1071750	0	8698275	1
1071750	0	8698276	1
1071750	0	8777658	0
1071750	0	8795926	0
1071750	0	959132	0
1105792	0	1192888	0
1105792	0	1381135	0
1105792	0	1382758	0
1105792	0	1382761	0
1105792	0	1382762	0
1105792	0	1411853	0
1105792	0	144228	0
1105792	0	1626214	0
1105792	0	1626215	0
1105792	0	1626217	0
1105792	0	1663957	0
1105792	0	1663958	0
1105792	0	1672440	0
1105792	0	1691189	0
1105792	0	1849779	0
1105792	0	2069615	0
1105792	0	2069617	0
1105792	0	2095132	0
1105792	0	2437804	0
1105792	0	2668971	0
1105792	0	2668972	0
1105792	0	277184	0
1105792	0	2785328	0
1105792	0	3233601	0
1105792	0	3330323	0
1105792	0	3330327	0
1105792	0	3429480	0
1105792	0	3791046	0
1105792	0	4193894	0
1105792	0	4350293	0
1105792	0	4350295	0
1105792	0	4350296	0
1105792	0	4350297	0
1105792	0	4350298	0
1105792	0	4451396	0
1105792	0	4451397	0
1105792	0	4451399	0
1105792	0	4451401	0
1105792	0	4451402	0
1105792	0	4451403	0
1105792	0	4550946	0
1105792	0	4550951	0
1105792	0	4550952	0
1105792	0	4550953	0
1105792	0	4760126	0
1105792	0	4874724	0
1105792	0	5063482	0
1105792	0	5063488	0
1105792	0	5063489	0
1105792	0	5524984	0
1105792	0	5841671	0
1105792	0	6412590	0
1105792	0	6412594	1
1105792	0	6412597	0
1105792	0	6422117	0
1105792	0	6422118	0
1105792	0	6422122	0
1105792	0	6601000	0
1105792	0	6625428	0
1105792	0	6625430	0
1105792	0	6625433	0
1105792	0	6625434	0
1105792	0	6667382	0
1105792	0	6800826	0
1105792	0	6800827	0
1105792	0	6898588	0
1105792	0	6898594	0
1105792	0	6937644	0
1105792	0	7144173	0
1105792	0	7144174	0
1105792	0	7349274	0
1105792	0	7349276	0
1105792	0	7425527	0
1105792	0	7425528	0
1105792	0	7425529	0
1105792	0	7425535	0
1105792	0	788924	0
1105792	0	8097960	0
1105792	0	8097963	0
1105792	0	8201610	0
1105792	0	8201611	1
1105792	0	8201612	1
1105792	0	8201613	1
1105792	0	8201614	1
1105792	0	8201615	1
1105792	0	8201616	1
1105792	0	8201617	0
1105792	0	8201618	1
1105792	0	8201619	1
1105792	0	8412254	0
1105792	0	8464757	0
1105792	0	8711174	0
1105792	0	8711177	0
1105792	0	8711180	0
1105792	0	8795366	0
1105792	0	8795367	0
1105792	0	8795370	0
1105792	0	8795374	0
1105792	0	890402	0
1105792	0	899553	0
1106979	0	1207096	1
1106979	0	139740	0
1106979	0	1589841	1
1106979	0	1951287	1
1106979	0	2050617	0
1106979	0	210628	0
1106979	0	210632	0
1106979	0	2258092	0
1106979	0	2306620	1
1106979	0	2375311	0
1106979	0	2375313	1
1106979	0	2375317	0
1106979	0	2496608	1
1106979	0	2789921	1
1106979	0	2884219	1
1106979	0	2884220	1
1106979	0	2884226	1
1106979	0	2910472	0
1106979	0	2910477	0
1106979	0	3010524	0
1106979	0	3018740	0
1106979	0	3018741	0
1106979	0	3290646	1
1106979	0	3290649	1
1106979	0	3290651	1
1106979	0	3294974	0
1106979	0	3322163	0
1106979	0	3417281	1
1106979	0	348054	1
1106979	0	348055	1
1106979	0	348057	1
1106979	0	3644124	0
1106979	0	391272	0
1106979	0	4019426	0
1106979	0	4085368	1
1106979	0	4259138	0
1106979	0	4585827	0
1106979	0	529550	0
1106979	0	5383176	1
1106979	0	5427873	0
1106979	0	5427878	0
1106979	0	5594302	0
1106979	0	6221485	1
1106979	0	6221486	1
1106979	0	6221487	1
1106979	0	6221488	1
1106979	0	6221489	1
1106979	0	6221490	1
1106979	0	6221491	1
1106979	0	6221492	1
1106979	0	6221494	1
1106979	0	646120	0
1106979	0	6654373	0
1106979	0	6678438	0
1106979	0	6678439	0
1106979	0	6678441	0
1106979	0	6678444	0
1106979	0	6739455	0
1106979	0	6739457	0
1106979	0	6802957	0
1106979	0	6965537	0
1106979	0	6994875	0
1106979	0	7007161	0
1106979	0	7033760	0
1106979	0	7033762	0
1106979	0	7033763	0
1106979	0	7033764	0
1106979	0	7033765	0
1106979	0	7033766	0
1106979	0	7033767	0
1106979	0	7033768	0
1106979	0	7033769	1
1106979	0	7499364	0
1106979	0	7557632	1
1106979	0	7674415	1
1106979	0	7674419	1
1106979	0	7674423	1
1106979	0	7832129	0
1106979	0	7920803	1
1106979	0	799359	1
1106979	0	799360	1
1106979	0	8177315	1
1106979	0	8177319	0
1106979	0	8190132	1
1106979	0	8190133	1
1106979	0	8190134	1
1106979	0	8190136	1
1106979	0	8190137	1
1106979	0	8190138	1
1106979	0	8190139	1
1106979	0	8190140	1
1106979	0	826857	0
1106979	0	8623006	0
1106979	0	8722231	0
1106979	0	8722234	0
1106979	0	8722235	0
1106979	0	8820391	0
1106979	0	885818	1
1106979	0	947605	1
1106979	0	970167	0
1108651	0	1421349	1
1108651	0	1421350	1
1108651	0	1421352	1
1108651	0	1421353	1
1108651	0	1421354	1
1108651	0	1421355	1
1108651	0	1457501	1
1108651	0	1457502	1
1108651	0	1482137	0
1108651	0	158235	0
1108651	0	1621557	0
1108651	0	1643324	1
1108651	0	1643325	1
1108651	0	1700134	0
1108651	0	1714260	1
1108651	0	1817809	0
1108651	0	1917539	0
1108651	0	2022311	0
1108651	0	2044065	0
1108651	0	2141336	1
1108651	0	2289181	0
1108651	0	2497201	1
1108651	0	2564930	1
1108651	0	2745683	1
1108651	0	2745687	1
1108651	0	2745688	0
1108651	0	2849393	0
1108651	0	3102788	1
1108651	0	3102792	1
1108651	0	3102793	1
1108651	0	3102796	1
1108651	0	3313493	0
1108651	0	3561553	0
1108651	0	3561558	0
1108651	0	3561559	0
1108651	0	3641700	0
1108651	0	378711	0
1108651	0	3907630	0
1108651	0	3923075	1
1108651	0	4351519	0
1108651	0	479166	0
1108651	0	4851163	0
1108651	0	4911228	1
1108651	0	5066712	1
1108651	0	5330509	1
1108651	0	5330510	1
1108651	0	5494401	1
1108651	0	5830553	1
1108651	0	5962815	1
1108651	0	5975247	0
1108651	0	6058576	1
1108651	0	6254871	1
1108651	0	6254872	1
1108651	0	6461621	1
1108651	0	6474920	0
1108651	0	6499055	0
1108651	0	6500754	0
1108651	0	6517917	1
1108651	0	6522183	1
1108651	0	6623205	1
1108651	0	6635998	1
1108651	0	6636001	1
1108651	0	6747079	1
1108651	0	6917944	0
1108651	0	6917946	0
1108651	0	7111296	1
1108651	0	7115328	0
1108651	0	7341143	0
1108651	0	7341144	0
1108651	0	7442987	1
1108651	0	7501823	0
1108651	0	7562550	0
1108651	0	7653928	1
1108651	0	7654965	1
1108651	0	7879808	0
1108651	0	815596	1
1108651	0	815597	1
1108651	0	815600	1
1108651	0	8175406	1
1108651	0	8175407	1
1108651	0	8175408	1
1108651	0	8175409	1
1108651	0	8175410	1
1108651	0	8175411	1
1108651	0	8175412	1
1108651	0	8175414	1
1108651	0	8175415	1
1108651	0	8256437	0
1108651	0	8258085	1
1108651	0	8289553	1
1108651	0	8289555	1
1108651	0	8289556	1
1108651	0	8289560	1
1108651	0	8289561	1
1108651	0	8381718	0
1108651	0	847721	1
1108651	0	8519010	0
1108651	0	8523642	1
1108651	0	8591633	1
1108651	0	8643791	0
1109707	0	1011113	1
1109707	0	1058288	1
1109707	0	107894	1
1109707	0	1143386	1
1109707	0	1207303	1
1109707	0	1235933	1
1109707	0	1444599	1
1109707	0	1667039	0
1109707	0	1671350	1
1109707	0	1712222	0
1109707	0	1719371	1
1109707	0	1719372	1
1109707	0	1719373	1
1109707	0	1719374	1
1109707	0	1823563	1
1109707	0	1911564	1
1109707	0	1911568	0
1109707	0	1922349	0
1109707	0	1950475	0
1109707	0	1969321	1
1109707	0	1980270	0
1109707	0	2068094	0
1109707	0	2068096	0
1109707	0	2068101	0
1109707	0	2245437	1
1109707	0	2456877	1
1109707	0	2522774	0
1109707	0	2581464	0
1109707	0	2608505	1
1109707	0	2646535	1
1109707	0	2879391	1
1109707	0	2879398	1
1109707	0	2946793	0
1109707	0	3039465	1
1109707	0	3039466	1
1109707	0	3497360	1
1109707	0	353771	1
1109707	0	353772	1
1109707	0	3609754	0
1109707	0	3943399	1
1109707	0	3982977	1
1109707	0	4053838	0
1109707	0	4122618	1
1109707	0	4237064	1
1109707	0	4294915	1
1109707	0	4332695	1
1109707	0	4370752	1
1109707	0	4370753	1
1109707	0	4370755	1
1109707	0	4370756	1
1109707	0	4377704	1
1109707	0	4419505	0
1109707	0	459375	1
1109707	0	4788762	1
1109707	0	4821697	1
1109707	0	4867369	0
1109707	0	4869410	1
1109707	0	4933633	0
1109707	0	5061689	1
1109707	0	517840	1
1109707	0	5340022	1
1109707	0	5415865	1
1109707	0	5418070	0
1109707	0	5446117	1
1109707	0	5639029	0
1109707	0	5740302	1
1109707	0	5826551	1
1109707	0	5942603	1
1109707	0	5947139	1
1109707	0	603152	1
1109707	0	6412669	1
1109707	0	6872195	1
1109707	0	7101696	0
1109707	0	7241557	1
1109707	0	7566097	1
1109707	0	7566102	1
1109707	0	7566104	1
1109707	0	7566105	1
1109707	0	7671117	1
1109707	0	771002	1
1109707	0	785762	1
1109707	0	7979663	1
1109707	0	8027667	1
1109707	0	8027668	1
1109707	0	8165491	0
1109707	0	8165492	1
1109707	0	8165497	1
1109707	0	8179673	1
1109707	0	8363276	1
1109707	0	8363279	1
1109707	0	8363280	1
1109707	0	8363281	1
1109707	0	8411158	1
1109707	0	8411159	1
1109707	0	8441435	0
1109707	0	8552235	1
1109707	0	8564590	0
1109707	0	8564591	1
1109707	0	8679294	0
1109707	0	8691951	0
1110678	0	1110866	0
1110678	0	1125988	0
1110678	0	1174910	1
1110678	0	1191773	1
1110678	0	120074	0
1110678	0	1263295	1
1110678	0	128765	0
1110678	0	1386361	0
1110678	0	1386387	0
1110678	0	1514972	0
1110678	0	1538553	0
1110678	0	162358	0
1110678	0	1902637	0
1110678	0	1902638	0
1110678	0	1902639	0
1110678	0	1902640	0
1110678	0	1911648	0
1110678	0	2073669	0
1110678	0	2216906	0
1110678	0	2284094	0
1110678	0	2310808	0
1110678	0	2310814	0
1110678	0	2310815	0
1110678	0	2334662	0
1110678	0	2355229	0
1110678	0	2379087	0
1110678	0	2713705	1
1110678	0	2713708	1
1110678	0	2713709	1
1110678	0	2748417	0
1110678	0	2789478	0
1110678	0	2789486	0
1110678	0	2887708	0
1110678	0	3077415	0
1110678	0	3267836	0
1110678	0	3267839	0
1110678	0	347013	0
1110678	0	3485848	0
1110678	0	3489883	0
1110678	0	3497180	0
1110678	0	3559144	1
1110678	0	3719134	1
1110678	0	3813276	0
1110678	0	3854403	0
1110678	0	3933533	0
1110678	0	4018378	0
1110678	0	4018386	0
1110678	0	4125350	0
1110678	0	4125354	0
1110678	0	4211036	0
1110678	0	4421881	0
1110678	0	4439793	0
1110678	0	4615527	0
1110678	0	4706126	0
1110678	0	4717472	0
1110678	0	4717478	0
1110678	0	4717479	0
1110678	0	4717481	0
1110678	0	4720791	0
1110678	0	4738965	0
1110678	0	4739193	0
1110678	0	4938479	0
1110678	0	4972936	0
1110678	0	5253767	0
1110678	0	5326292	0
1110678	0	5336226	0
1110678	0	5543701	0
1110678	0	5684994	0
1110678	0	593570	0
1110678	0	6129206	0
1110678	0	6129211	0
1110678	0	614074	0
1110678	0	6315301	0
1110678	0	6512116	1
1110678	0	6512117	1
1110678	0	6604336	0
1110678	0	6648528	0
1110678	0	6945221	0
1110678	0	6945223	0
1110678	0	7139329	1
1110678	0	714348	0
1110678	0	714351	0
1110678	0	7165294	0
1110678	0	7254274	0
1110678	0	741943	1
1110678	0	7504075	0
1110678	0	7712706	0
1110678	0	7822744	1
1110678	0	7894573	0
1110678	0	7925699	0
1110678	0	8155912	1
1110678	0	8155913	1
1110678	0	8155914	1
1110678	0	8159105	1
1110678	0	8212941	0
1110678	0	8427753	0
1110678	0	8594295	0
1110678	0	8594298	0
1110678	0	925075	0
1110678	0	925405	0
1113256	0	1037242	0
1113256	0	1037243	0
1113256	0	1037245	0
1113256	0	1037246	0
1113256	0	1037247	0
1113256	0	1257882	0
1113256	0	1407862	0
1113256	0	1407863	1
1113256	0	1407864	1
1113256	0	1407867	1
1113256	0	1407871	0
1113256	0	1814337	0
1113256	0	1814343	0
1113256	0	2285444	0
1113256	0	2285445	0
1113256	0	2285447	0
1113256	0	2321033	0
1113256	0	2321035	0
1113256	0	2337082	0
1113256	0	2530542	0
1113256	0	2671273	0
1113256	0	2680775	0
1113256	0	2713310	0
1113256	0	2713311	1
1113256	0	2713313	0
1113256	0	2762960	0
1113256	0	2762962	0
1113256	0	2762963	0
1113256	0	3003351	0
1113256	0	3123993	0
1113256	0	3263258	1
1113256	0	3263263	1
1113256	0	3357313	0
1113256	0	3357314	0
1113256	0	3357319	0
1113256	0	3357321	0
1113256	0	3427295	0
1113256	0	3479165	0
1113256	0	3479466	0
1113256	0	3491140	0
1113256	0	3539363	1
1113256	0	363560	0
1113256	0	3654118	0
1113256	0	3680842	0
1113256	0	3828438	1
1113256	0	3976057	1
1113256	0	3976059	1
1113256	0	3976060	1
1113256	0	3976064	1
1113256	0	4006284	0
1113256	0	4064120	0
1113256	0	4111648	0
1113256	0	45782	0
1113256	0	4689495	1
1113256	0	4689499	0
1113256	0	4751806	0
1113256	0	4888393	0
1113256	0	5096692	0
1113256	0	5365817	1
1113256	0	5365819	0
1113256	0	5723305	0
1113256	0	6106132	0
1113256	0	637677	0
1113256	0	6707845	0
1113256	0	6782246	0
1113256	0	6915168	1
1113256	0	6915169	0
1113256	0	6915170	1
1113256	0	6937739	0
1113256	0	6937740	0
1113256	0	7168614	0
1113256	0	7190242	0
1113256	0	7561111	1
1113256	0	7561113	1
1113256	0	7561114	1
1113256	0	7561115	1
1113256	0	7561116	1
1113256	0	7561117	1
1113256	0	7561118	1
1113256	0	7561120	1
1113256	0	7594310	1
1113256	0	7638467	0
1113256	0	7843131	0
1113256	0	7843132	0
1113256	0	7959534	0
1113256	0	8130528	1
1113256	0	8130529	1
1113256	0	8130530	1
1113256	0	8130535	1
1113256	0	8224542	0
1113256	0	8380140	0
1113256	0	844373	0
1113256	0	8505961	0
1113256	0	8506244	0
1113256	0	8506247	0
1113256	0	8518449	0
1113256	0	8519597	0
1113256	0	8810981	0
1113256	0	8810982	0
1113256	0	948219	0
1115210	0	1170874	0
1115210	0	1195486	0
1115210	0	1252811	0
1115210	0	1419213	0
1115210	0	1508534	0
1115210	0	1625019	0
1115210	0	1640066	0
1115210	0	1930304	0
1115210	0	1932298	0
1115210	0	1940868	0
1115210	0	2037465	0
1115210	0	2037471	0
1115210	0	2168224	0
1115210	0	2253563	0
1115210	0	2278519	0
1115210	0	2493291	0
1115210	0	2539934	0
1115210	0	2771711	0
1115210	0	2771712	0
1115210	0	280723	0
1115210	0	2959115	0
1115210	0	3031187	0
1115210	0	3031188	0
1115210	0	3031193	0
1115210	0	3101518	0
1115210	0	3262905	0
1115210	0	3406549	0
1115210	0	3556637	0
1115210	0	3769947	0
1115210	0	382378	0
1115210	0	3870942	0
1115210	0	4049735	0
1115210	0	4063001	0
1115210	0	4189777	0
1115210	0	4450403	0
1115210	0	4450404	1
1115210	0	4450406	0
1115210	0	4450407	0
1115210	0	4493933	0
1115210	0	4493934	0
1115210	0	4610462	0
1115210	0	4722362	0
1115210	0	4765342	0
1115210	0	4781712	1
1115210	0	4791665	0
1115210	0	5229938	0
1115210	0	5360047	0
1115210	0	5547291	0
1115210	0	5547293	0
1115210	0	5547295	0
1115210	0	5547297	0
1115210	0	5547298	0
1115210	0	5547299	0
1115210	0	5594603	0
1115210	0	5652519	0
1115210	0	5903116	0
1115210	0	5922492	0
1115210	0	5923473	0
1115210	0	6188884	0
1115210	0	6528039	0
1115210	0	6528043	0
1115210	0	6753265	0
1115210	0	6786951	0
1115210	0	6937377	0
1115210	0	6981449	0
1115210	0	7140183	0
1115210	0	7146818	0
1115210	0	7153218	0
1115210	0	7188543	0
1115210	0	7188546	0
1115210	0	7440360	0
1115210	0	7440364	0
1115210	0	7463700	0
1115210	0	7487597	0
1115210	0	7487600	0
1115210	0	7666784	0
1115210	0	7685077	0
1115210	0	7709255	0
1115210	0	7739731	0
1115210	0	7867204	0
1115210	0	8111878	1
1115210	0	8111879	1
1115210	0	8111883	0
1115210	0	8111885	1
1115210	0	8111886	1
1115210	0	8111887	1
1115210	0	8112005	0
1115210	0	8112010	0
1115210	0	8119266	0
1115210	0	8390252	0
1115210	0	8390254	0
1115210	0	840010	0
1115210	0	840012	0
1115210	0	8450250	0
1115210	0	845820	0
1115210	0	845823	0
1115210	0	845827	0
1115210	0	845828	1
1115210	0	8563265	0
1115210	0	8787715	0
1116380	0	1242071	0
1116380	0	1242073	0
1116380	0	1291048	0
1116380	0	1291051	1
1116380	0	1291052	0
1116380	0	1291053	1
1116380	0	1422754	0
1116380	0	1422755	0
1116380	0	1422756	0
1116380	0	1422757	1
1116380	0	1422758	0
1116380	0	1422760	1
1116380	0	1422761	0
1116380	0	1537442	1
1116380	0	1537447	1
1116380	0	1537448	1
1116380	0	1537450	0
1116380	0	1635678	1
1116380	0	1645711	0
1116380	0	1645713	0
1116380	0	1682893	0
1116380	0	218593	0
1116380	0	2302565	1
1116380	0	2302566	1
1116380	0	2302568	0
1116380	0	2302569	1
1116380	0	2302570	1
1116380	0	2302571	1
1116380	0	2626979	0
1116380	0	2626982	0
1116380	0	2626983	0
1116380	0	2626986	0
1116380	0	2626987	0
1116380	0	2626988	0
1116380	0	283258	1
1116380	0	283259	1
1116380	0	283261	1
1116380	0	283262	1
1116380	0	283263	0
1116380	0	283264	1
1116380	0	283265	0
1116380	0	283266	1
1116380	0	283267	1
1116380	0	2960673	1
1116380	0	2960678	1
1116380	0	3588231	1
1116380	0	3588232	1
1116380	0	3588233	1
1116380	0	3588234	1
1116380	0	3588236	0
1116380	0	3588237	1
1116380	0	3588238	1
1116380	0	3588239	0
1116380	0	4118339	1
1116380	0	444974	0
1116380	0	5104779	0
1116380	0	521336	0
1116380	0	521337	0
1116380	0	521338	0
1116380	0	521339	0
1116380	0	521340	0
1116380	0	521341	1
1116380	0	521342	1
1116380	0	521344	0
1116380	0	521345	1
1116380	0	5406796	0
1116380	0	568198	0
1116380	0	572184	0
1116380	0	5752652	1
1116380	0	5752654	1
1116380	0	5752657	0
1116380	0	5993459	0
1116380	0	631532	0
1116380	0	684558	1
1116380	0	684559	0
1116380	0	684560	0
1116380	0	684563	0
1116380	0	684564	1
1116380	0	6993305	1
1116380	0	6993311	0
1116380	0	6993312	1
1116380	0	6993313	1
1116380	0	765639	1
1116380	0	765640	1
1116380	0	765642	0
1116380	0	765643	0
1116380	0	765644	1
1116380	0	765645	0
1116380	0	765646	1
1116380	0	7667831	0
1116380	0	8100542	1
1116380	0	8100543	1
1116380	0	8100545	1
1116380	0	8100546	1
1116380	0	8100548	1
1116380	0	8113949	1
1116380	0	8119446	1
1116380	0	8430548	0
1116380	0	8784326	0
1116380	0	8784328	0
1121353	0	1287149	0
1121353	0	1452054	0
1121353	0	1454102	0
1121353	0	1598758	1
1121353	0	1643468	1
1121353	0	1718235	0
1121353	0	1718237	0
1121353	0	1727596	1
1121353	0	1737022	1
1121353	0	1815071	0
1121353	0	1854970	1
1121353	0	1886363	1
1121353	0	195104	1
1121353	0	2014565	1
1121353	0	2043986	1
1121353	0	2174360	1
1121353	0	2213820	1
1121353	0	2474382	1
1121353	0	2477448	1
1121353	0	2500055	0
1121353	0	2513113	1
1121353	0	2777411	1
1121353	0	3393185	1
1121353	0	3516886	0
1121353	0	3527301	1
1121353	0	3541848	0
1121353	0	3556930	1
1121353	0	356953	0
1121353	0	3641804	1
1121353	0	3658923	1
1121353	0	3994685	0
1121353	0	4255177	1
1121353	0	4259960	1
1121353	0	4260993	1
1121353	0	4440318	1
1121353	0	470459	1
1121353	0	4828747	1
1121353	0	4872673	1
1121353	0	4969906	1
1121353	0	5065103	0
1121353	0	5112603	0
1121353	0	5112604	0
1121353	0	5214698	0
1121353	0	5277905	1
1121353	0	5540041	1
1121353	0	5572762	0
1121353	0	5572764	1
1121353	0	5572767	1
1121353	0	5584830	1
1121353	0	5614483	0
1121353	0	5642760	1
1121353	0	5642762	0
1121353	0	5788920	0
1121353	0	5884499	1
1121353	0	6000311	1
1121353	0	623603	0
1121353	0	623606	0
1121353	0	6379159	0
1121353	0	643770	1
1121353	0	643771	1
1121353	0	643773	1
1121353	0	643774	1
1121353	0	643775	1
1121353	0	6505405	0
1121353	0	6599525	1
1121353	0	6606564	1
1121353	0	6649435	0
1121353	0	6756660	0
1121353	0	6792535	0
1121353	0	7069371	0
1121353	0	710825	1
1121353	0	7344839	1
1121353	0	7344843	1
1121353	0	735856	0
1121353	0	735859	0
1121353	0	7363356	1
1121353	0	7384403	0
1121353	0	750872	0
1121353	0	769699	0
1121353	0	8041299	1
1121353	0	8053108	1
1121353	0	8053109	1
1121353	0	8053112	1
1121353	0	8053113	1
1121353	0	8053117	1
1121353	0	8081420	1
1121353	0	8105896	0
1121353	0	8215940	0
1121353	0	8459219	0
1121353	0	8459222	1
1121353	0	8506588	0
1121353	0	8684415	0
1121353	0	8708805	0
1121353	0	8805323	1
1121353	0	925386	0
1121353	0	935133	1
1121353	0	935134	1
1121353	0	937045	0
1121353	0	946643	1
1121353	0	976602	1
1122767	0	1082414	0
1122767	0	1141681	0
1122767	0	1414708	0
1122767	0	1414715	0
1122767	0	1456251	0
1122767	0	1475981	0
1122767	0	1475984	0
1122767	0	1548669	0
1122767	0	1585469	0
1122767	0	1585470	0
1122767	0	1620454	0
1122767	0	1901639	1
1122767	0	1951801	1
1122767	0	2019367	1
1122767	0	2019371	1
1122767	0	2033018	0
1122767	0	2229592	0
1122767	0	2367096	0
1122767	0	240310	0
1122767	0	2580010	0
1122767	0	2580012	0
1122767	0	2859900	0
1122767	0	2859903	0
1122767	0	2859904	1
1122767	0	2859907	1
1122767	0	2859908	1
1122767	0	2869515	0
1122767	0	2869516	0
1122767	0	2869517	0
1122767	0	2869519	1
1122767	0	2869520	0
1122767	0	2912048	0
1122767	0	318761	0
1122767	0	3192617	1
1122767	0	3320214	0
1122767	0	3320215	0
1122767	0	3320217	0
1122767	0	3320220	0
1122767	0	3368028	0
1122767	0	3402788	0
1122767	0	3402792	0
1122767	0	3407781	1
1122767	0	3467786	0
1122767	0	3467790	0
1122767	0	3467791	0
1122767	0	3702365	0
1122767	0	3850578	0
1122767	0	4102083	1
1122767	0	4122508	0
1122767	0	4191681	0
1122767	0	4259801	0
1122767	0	438879	0
1122767	0	4550504	1
1122767	0	461302	0
1122767	0	461308	0
1122767	0	4621010	0
1122767	0	4784605	1
1122767	0	4824674	0
1122767	0	4824677	1
1122767	0	4824679	1
1122767	0	4934340	0
1122767	0	4973919	0
1122767	0	506025	0
1122767	0	5145967	0
1122767	0	5145968	0
1122767	0	5285491	1
1122767	0	5796709	1
1122767	0	585508	0
1122767	0	5877496	1
1122767	0	5877500	1
1122767	0	6063622	0
1122767	0	6179207	1
1122767	0	6179209	1
1122767	0	6179210	1
1122767	0	6179211	0
1122767	0	6179212	0
1122767	0	6179213	1
1122767	0	6310719	0
1122767	0	654516	0
1122767	0	6758959	0
1122767	0	6762755	0
1122767	0	6851716	0
1122767	0	6851717	1
1122767	0	6851720	1
1122767	0	6901879	0
1122767	0	6946769	0
1122767	0	7461553	0
1122767	0	7544609	1
1122767	0	774161	0
1122767	0	8039583	1
1122767	0	8039587	0
1122767	0	8039590	1
1122767	0	8061228	0
1122767	0	8061234	0
1122767	0	8326513	0
1122767	0	8512347	0
1122767	0	8603216	0
1122767	0	916149	0
1122767	0	992687	0
1122767	0	995429	0
1127540	0	1143371	0
1127540	0	1201693	0
1127540	0	1259593	0
1127540	0	1259595	0
1127540	0	1259596	0
1127540	0	1259597	0
1127540	0	1259598	0
1127540	0	1259600	0
1127540	0	1259602	0
1127540	0	1289306	0
1127540	0	1375138	0
1127540	0	1520681	0
1127540	0	1521795	0
1127540	0	1521797	0
1127540	0	1521798	0
1127540	0	1577336	0
1127540	0	1703679	0
1127540	0	1830090	0
1127540	0	2044364	1
1127540	0	2044366	1
1127540	0	2044368	1
1127540	0	2044369	0
1127540	0	2044372	1
1127540	0	2058016	0
1127540	0	2058017	0
1127540	0	2058018	0
1127540	0	2058019	0
1127540	0	2058020	0
1127540	0	2058021	0
1127540	0	2058022	0
1127540	0	2058023	0
1127540	0	2058024	0
1127540	0	2058025	0
1127540	0	2072211	0
1127540	0	2072213	0
1127540	0	2072214	0
1127540	0	2072217	0
1127540	0	2519159	0
1127540	0	2519164	0
1127540	0	2574460	1
1127540	0	2596634	0
1127540	0	2602372	0
1127540	0	2674651	0
1127540	0	2809002	0
1127540	0	2923948	0
1127540	0	3076215	0
1127540	0	3088163	0
1127540	0	3134960	1
1127540	0	3229659	0
1127540	0	3236901	0
1127540	0	3236906	0
1127540	0	3752351	0
1127540	0	3787184	0
1127540	0	411182	0
1127540	0	4239792	0
1127540	0	4243534	0
1127540	0	4277433	0
1127540	0	4368068	0
1127540	0	4470040	0
1127540	0	4547217	0
1127540	0	4852620	0
1127540	0	4968765	0
1127540	0	5215467	0
1127540	0	5215474	0
1127540	0	5533406	0
1127540	0	5638575	0
1127540	0	5695961	0
1127540	0	5728324	1
1127540	0	5753339	1
1127540	0	6236872	0
1127540	0	6730053	0
1127540	0	7000971	0
1127540	0	7000973	0
1127540	0	700771	0
1127540	0	7127253	0
1127540	0	729879	0
1127540	0	7439668	0
1127540	0	7674072	0
1127540	0	7947397	0
1127540	0	7952444	0
1127540	0	7994747	0
1127540	0	8051801	0
1127540	0	8462437	0
1127540	0	8565523	0
1127540	0	8565525	0
1127540	0	8565526	0
1127540	0	861274	0
1127540	0	8691997	0
1127540	0	8692000	0
1127540	0	8726954	1
1127540	0	8726955	1
1127540	0	8726956	1
1127540	0	8726957	1
1127540	0	8726958	1
1127540	0	8726960	1
1127540	0	8726961	1
1127540	0	8726962	1
1127540	0	8726963	1
1127540	0	898317	0
1127540	0	937913	0
1131069	0	1038403	0
1131069	0	1043100	0
1131069	0	1195966	0
1131069	0	1768592	0
1131069	0	1780963	0
1131069	0	1780965	0
1131069	0	1780966	0
1131069	0	1780967	0
1131069	0	1780968	0
1131069	0	1780969	0
1131069	0	1780970	0
1131069	0	1780971	0
1131069	0	1950963	0
1131069	0	226992	0
1131069	0	2275210	0
1131069	0	2275212	0
1131069	0	2529339	0
1131069	0	2578817	0
1131069	0	2578822	0
1131069	0	2614315	0
1131069	0	2614316	0
1131069	0	2614322	0
1131069	0	2713202	0
1131069	0	2783520	0
1131069	0	2805723	0
1131069	0	2805726	1
1131069	0	2930342	0
1131069	0	2930344	0
1131069	0	2930347	0
1131069	0	2996190	0
1131069	0	3050455	0
1131069	0	3139579	0
1131069	0	3226670	0
1131069	0	3341289	0
1131069	0	3671672	0
1131069	0	3713247	0
1131069	0	4027733	0
1131069	0	4758555	0
1131069	0	5413864	0
1131069	0	5455638	0
1131069	0	5455642	0
1131069	0	5459465	0
1131069	0	5488948	0
1131069	0	5582397	0
1131069	0	5667711	0
1131069	0	5668186	0
1131069	0	5832667	0
1131069	0	5843920	0
1131069	0	593127	0
1131069	0	593131	0
1131069	0	6197030	0
1131069	0	6240969	0
1131069	0	6447001	0
1131069	0	6710829	0
1131069	0	671982	0
1131069	0	6763441	0
1131069	0	6803916	0
1131069	0	6809696	0
1131069	0	6809697	0
1131069	0	6809698	0
1131069	0	6809699	0
1131069	0	6809701	0
1131069	0	6809702	0
1131069	0	6809703	0
1131069	0	6868967	0
1131069	0	6907802	0
1131069	0	6907806	0
1131069	0	6907807	0
1131069	0	6907808	1
1131069	0	6907809	0
1131069	0	7275756	0
1131069	0	7275758	0
1131069	0	7275761	0
1131069	0	7419370	0
1131069	0	7425837	0
1131069	0	7479529	0
1131069	0	7524505	0
1131069	0	7524511	0
1131069	0	7605112	0
1131069	0	7610004	0
1131069	0	7610005	0
1131069	0	7610007	0
1131069	0	7756362	0
1131069	0	7770231	0
1131069	0	7840168	0
1131069	0	7920653	0
1131069	0	7962538	0
1131069	0	810830	0
1131069	0	8191742	0
1131069	0	8191743	0
1131069	0	8191744	0
1131069	0	8432048	0
1131069	0	8432049	1
1131069	0	8432050	1
1131069	0	8432053	0
1131069	0	8432055	0
1131069	0	8669561	0
1131069	0	8772621	0
1131069	0	8772624	0
1131069	0	8772625	0
1132532	0	1012083	0
1132532	0	1149459	1
1132532	0	1245510	1
1132532	0	1245511	1
1132532	0	1528845	0
1132532	0	1573544	0
1132532	0	1976993	0
1132532	0	1976995	0
1132532	0	23960	1
1132532	0	23966	0
1132532	0	2864107	0
1132532	0	331542	1
1132532	0	331543	1
1132532	0	331545	1
1132532	0	3406612	1
1132532	0	3469358	0
1132532	0	3483362	0
1132532	0	3643206	1
1132532	0	3797904	1
1132532	0	40091	1
1132532	0	4110870	1
1132532	0	4139703	0
1132532	0	4140566	1
1132532	0	4178255	1
1132532	0	4456054	1
1132532	0	4591601	1
1132532	0	4851673	1
1132532	0	4851677	1
1132532	0	5041349	1
1132532	0	5053525	1
1132532	0	5130842	1
1132532	0	5222260	0
1132532	0	5257696	1
1132532	0	5382161	1
1132532	0	5479424	0
1132532	0	5510988	0
1132532	0	554587	0
1132532	0	5610402	0
1132532	0	5651674	0
1132532	0	569543	0
1132532	0	5721704	0
1132532	0	5839862	0
1132532	0	5839863	0
1132532	0	5910809	1
1132532	0	5989422	1
1132532	0	5994763	0
1132532	0	6000894	0
1132532	0	6000895	1
1132532	0	6036022	1
1132532	0	6117740	1
1132532	0	6117745	1
1132532	0	6150717	0
1132532	0	6176603	1
1132532	0	6176605	1
1132532	0	6176606	1
1132532	0	6189364	1
1132532	0	6189365	1
1132532	0	6189366	1
1132532	0	6189367	1
1132532	0	6189369	1
1132532	0	6191514	1
1132532	0	6191515	1
1132532	0	6191516	1
1132532	0	6191517	1
1132532	0	6208534	1
1132532	0	6286696	0
1132532	0	661412	0
1132532	0	6725484	0
1132532	0	6725486	0
1132532	0	677956	1
1132532	0	6832788	1
1132532	0	6832789	1
1132532	0	6832790	1
1132532	0	6832794	1
1132532	0	6950258	0
1132532	0	6950262	1
1132532	0	7061215	0
1132532	0	7074308	0
1132532	0	718132	1
1132532	0	7197210	0
1132532	0	7291116	0
1132532	0	7508490	1
1132532	0	7508491	1
1132532	0	7508493	1
1132532	0	7543160	1
1132532	0	7543163	1
1132532	0	7543164	1
1132532	0	7740550	0
1132532	0	7740552	1
1132532	0	7941105	1
1132532	0	8111309	1
1132532	0	8136006	1
1132532	0	8243454	0
1132532	0	8307656	1
1132532	0	8307661	1
1132532	0	8307662	1
1132532	0	8310437	1
1132532	0	8318621	1
1132532	0	8318622	1
1132532	0	8524072	0
1133579	0	1200778	1
1133579	0	1200780	1
1133579	0	1318188	1
1133579	0	1318191	1
1133579	0	1318192	1
1133579	0	1318194	1
1133579	0	1659302	0
1133579	0	1659305	1
1133579	0	1659308	1
1133579	0	1659309	1
1133579	0	1694484	0
1133579	0	1817052	1
1133579	0	1817053	1
1133579	0	1817054	1
1133579	0	1817055	1
1133579	0	1817056	1
1133579	0	1817059	0
1133579	0	1986978	0
1133579	0	2067537	1
1133579	0	2067540	0
1133579	0	2067542	1
1133579	0	2067543	1
1133579	0	2067544	1
1133579	0	2067545	0
1133579	0	2130044	1
1133579	0	2130045	1
1133579	0	2130049	0
1133579	0	2247542	0
1133579	0	2384306	0
1133579	0	2577274	1
1133579	0	2623943	1
1133579	0	2675311	0
1133579	0	2829602	1
1133579	0	2874281	0
1133579	0	3334477	0
1133579	0	3560534	0
1133579	0	3586124	1
1133579	0	3642357	0
1133579	0	3691482	1
1133579	0	3691484	1
1133579	0	3755196	0
1133579	0	3755199	0
1133579	0	3841452	0
1133579	0	4057642	1
1133579	0	4274862	1
1133579	0	4274863	1
1133579	0	4274865	1
1133579	0	4506270	1
1133579	0	4700652	0
1133579	0	4868943	0
1133579	0	4931640	1
1133579	0	4931641	1
1133579	0	4931642	1
1133579	0	4931643	1
1133579	0	4931644	1
1133579	0	4931645	1
1133579	0	4931647	1
1133579	0	5277542	1
1133579	0	5277543	1
1133579	0	5277546	1
1133579	0	555630	0
1133579	0	5573005	1
1133579	0	5719607	0
1133579	0	5719608	0
1133579	0	5719611	0
1133579	0	5719612	1
1133579	0	5801087	1
1133579	0	6252755	1
1133579	0	6252756	1
1133579	0	6252757	1
1133579	0	6252760	1
1133579	0	6252761	1
1133579	0	6252762	1
1133579	0	6600375	1
1133579	0	7011718	1
1133579	0	733202	1
1133579	0	733203	1
1133579	0	733204	1
1133579	0	733205	1
1133579	0	733206	1
1133579	0	733207	1
1133579	0	733208	1
1133579	0	733209	1
1133579	0	733210	1
1133579	0	733211	1
1133579	0	8102278	1
1133579	0	8220872	1
1133579	0	8220876	1
1133579	0	8220877	1
1133579	0	8220878	1
1133579	0	8220879	1
1133579	0	8379130	1
1133579	0	8379131	1
1133579	0	8379132	1
1133579	0	8379133	1
1133579	0	8379135	1
1133579	0	8379136	1
1133579	0	8526635	0
1133579	0	8561613	0
1133579	0	8587177	1
1136043	0	1017259	0
1136043	0	1056534	1
1136043	0	1056535	0
1136043	0	1056537	0
1136043	0	1056540	1
1136043	0	1056541	0
1136043	0	1056542	0
1136043	0	1118562	0
1136043	0	1287594	0
1136043	0	1371507	0
1136043	0	1416809	0
1136043	0	160039	0
1136043	0	160044	0
1136043	0	1634128	0
1136043	0	1634130	0
1136043	0	1634131	1
1136043	0	1634132	1
1136043	0	1634133	0
1136043	0	1634134	1
1136043	0	1634137	0
1136043	0	1642217	0
1136043	0	18741	0
1136043	0	18745	0
1136043	0	2236291	0
1136043	0	2319724	0
1136043	0	2428271	0
1136043	0	2682608	0
1136043	0	2682609	0
1136043	0	2701068	1
1136043	0	3028339	0
1136043	0	3148206	0
1136043	0	3148214	0
1136043	0	3551098	0
1136043	0	3551100	0
1136043	0	3720755	0
1136043	0	3729116	0
1136043	0	3994005	0
1136043	0	418173	0
1136043	0	4309231	0
1136043	0	4385314	0
1136043	0	4535724	0
1136043	0	4545954	0
1136043	0	4687582	0
1136043	0	4706433	0
1136043	0	4732287	0
1136043	0	4882508	1
1136043	0	493123	0
1136043	0	493126	0
1136043	0	4997423	0
1136043	0	5015361	0
1136043	0	5015363	0
1136043	0	5168333	0
1136043	0	5369632	0
1136043	0	5369633	0
1136043	0	5369635	0
1136043	0	5369640	0
1136043	0	5477706	0
1136043	0	5511269	0
1136043	0	6043127	0
1136043	0	6203425	0
1136043	0	6245908	0
1136043	0	6420305	0
1136043	0	6420308	0
1136043	0	6464514	0
1136043	0	6464517	0
1136043	0	6464521	0
1136043	0	6511396	0
1136043	0	6702368	0
1136043	0	6788428	0
1136043	0	6844638	0
1136043	0	6844639	0
1136043	0	6844644	0
1136043	0	6893735	0
1136043	0	6893736	0
1136043	0	6893739	0
1136043	0	6893740	0
1136043	0	6893741	0
1136043	0	6913306	0
1136043	0	6978604	0
1136043	0	7355225	0
1136043	0	744907	0
1136043	0	744908	0
1136043	0	752550	0
1136043	0	7800508	0
1136043	0	7857306	0
1136043	0	8310899	0
1136043	0	8421869	0
1136043	0	852195	0
1136043	0	852196	0
1136043	0	852197	0
1136043	0	8728069	1
1136043	0	8728070	1
1136043	0	8728071	1
1136043	0	8728072	1
1136043	0	8728073	0
1136043	0	8728074	1
1136043	0	8728076	1
1136043	0	8728077	1
1136043	0	8728078	0
1136043	0	8814463	0
1136047	0	1200691	0
1136047	0	1200693	0
1136047	0	1200694	0
1136047	0	1240507	0
1136047	0	1254129	0
1136047	0	1716876	0
1136047	0	1716878	0
1136047	0	1716882	0
1136047	0	1716883	0
1136047	0	180409	0
1136047	0	1817206	0
1136047	0	1817211	0
1136047	0	2165349	0
1136047	0	2165358	0
1136047	0	2186578	1
1136047	0	2330116	0
1136047	0	2330118	0
1136047	0	2330119	0
1136047	0	2361379	0
1136047	0	2432010	0
1136047	0	2576474	0
1136047	0	2576476	0
1136047	0	272464	0
1136047	0	2815435	0
1136047	0	2815436	0
1136047	0	2815440	0
1136047	0	2815441	0
1136047	0	2815444	0
1136047	0	2995917	0
1136047	0	2995922	0
1136047	0	3009415	0
1136047	0	3122319	0
1136047	0	3178979	0
1136047	0	3178983	0
1136047	0	3303637	0
1136047	0	3357564	0
1136047	0	3400271	0
1136047	0	3447381	0
1136047	0	3447383	0
1136047	0	3447385	0
1136047	0	3447386	0
1136047	0	3447389	0
1136047	0	3551290	0
1136047	0	360410	0
1136047	0	360414	0
1136047	0	360415	0
1136047	0	360416	0
1136047	0	3775372	0
1136047	0	3775376	0
1136047	0	3823103	0
1136047	0	388995	0
1136047	0	3960077	0
1136047	0	3960078	0
1136047	0	3988779	0
1136047	0	4152503	0
1136047	0	4210771	0
1136047	0	4210774	0
1136047	0	4803702	0
1136047	0	4867539	0
1136047	0	4991906	0
1136047	0	512481	1
1136047	0	512482	1
1136047	0	512483	0
1136047	0	512487	0
1136047	0	512489	0
1136047	0	5440530	0
1136047	0	5440534	0
1136047	0	5864630	0
1136047	0	5953375	0
1136047	0	6070513	0
1136047	0	6093342	0
1136047	0	6093343	0
1136047	0	6093345	0
1136047	0	6421213	0
1136047	0	6499345	0
1136047	0	6499347	0
1136047	0	6604409	0
1136047	0	7009393	0
1136047	0	7141883	0
1136047	0	7170088	0
1136047	0	7501471	0
1136047	0	7509635	0
1136047	0	7509643	0
1136047	0	7540967	0
1136047	0	7540969	0
1136047	0	7571090	0
1136047	0	7830195	0
1136047	0	8328670	0
1136047	0	8508524	0
1136047	0	871544	0
1136047	0	8724031	1
1136047	0	8724032	1
1136047	0	8724033	1
1136047	0	8724035	1
1136047	0	8724036	1
1136047	0	8724037	0
1136047	0	8724038	1
1136047	0	8724039	0
1136047	0	8724040	0
1136047	0	894316	0
1136962	0	1858852	0
1136962	0	188458	0
1136962	0	188463	1
1136962	0	2098286	0
1136962	0	2098288	0
1136962	0	2293833	0
1136962	0	2504416	0
1136962	0	2504417	1
1136962	0	2662146	0
1136962	0	2668190	1
1136962	0	2736920	1
1136962	0	277849	1
1136962	0	2839204	0
1136962	0	2883074	0
1136962	0	2883076	0
1136962	0	3049177	1
1136962	0	3049180	1
1136962	0	3080322	0
1136962	0	3293337	1
1136962	0	3348372	1
1136962	0	3415740	0
1136962	0	3586539	1
1136962	0	3646982	0
1136962	0	3646987	1
1136962	0	3796591	1
1136962	0	3863653	1
1136962	0	4024823	1
1136962	0	4088981	1
1136962	0	4170447	1
1136962	0	4276733	0
1136962	0	4373085	0
1136962	0	4373090	0
1136962	0	4387884	0
1136962	0	4405500	1
1136962	0	4405503	1
1136962	0	4405507	1
1136962	0	4405509	1
1136962	0	4471029	0
1136962	0	4548553	1
1136962	0	4589723	1
1136962	0	4589724	1
1136962	0	4589725	1
1136962	0	4589728	1
1136962	0	4589729	0
1136962	0	4589730	1
1136962	0	4601613	1
1136962	0	4934921	0
1136962	0	5414508	1
1136962	0	5420816	0
1136962	0	5420819	1
1136962	0	5420820	1
1136962	0	5471438	1
1136962	0	596001	1
1136962	0	6185710	1
1136962	0	6185711	1
1136962	0	6185712	1
1136962	0	6185713	1
1136962	0	6185714	1
1136962	0	6185715	1
1136962	0	6185716	1
1136962	0	6185717	1
1136962	0	6185718	1
1136962	0	6185719	1
1136962	0	6211004	1
1136962	0	638900	1
1136962	0	6442773	1
1136962	0	6442776	1
1136962	0	657447	0
1136962	0	6684779	1
1136962	0	6724342	0
1136962	0	6842810	1
1136962	0	7609052	1
1136962	0	7621135	1
1136962	0	7631079	1
1136962	0	7631080	1
1136962	0	7631081	0
1136962	0	7631082	1
1136962	0	7631083	1
1136962	0	7631084	1
1136962	0	7896140	1
1136962	0	7926872	0
1136962	0	8049615	0
1136962	0	811626	0
1136962	0	8336573	0
1136962	0	8336574	1
1136962	0	8336575	0
1136962	0	8336578	1
1136962	0	8336581	1
1136962	0	8380913	0
1136962	0	861631	0
1136962	0	861635	0
1136962	0	8637479	0
1136962	0	8667206	0
1136962	0	8667210	0
1136962	0	8708235	0
1136962	0	8813190	1
1136962	0	937256	1
1136962	0	937257	0
1136962	0	937258	1
1136962	0	980632	0
118440	0	1007939	0
118440	0	1007941	0
118440	0	1040275	0
118440	0	1072189	0
118440	0	1205157	0
118440	0	1233740	0
118440	0	1323064	1
118440	0	1323107	0
118440	0	1445681	0
118440	0	1445685	0
118440	0	1446461	0
118440	0	1461181	0
118440	0	1569786	1
118440	0	1569787	1
118440	0	158198	0
118440	0	158199	0
118440	0	158205	0
118440	0	1606054	0
118440	0	1714371	0
118440	0	2158753	0
118440	0	2177266	0
118440	0	232470	0
118440	0	232472	0
118440	0	242478	0
118440	0	2455045	0
118440	0	2504007	0
118440	0	2605332	0
118440	0	2605341	0
118440	0	2696734	0
118440	0	2699180	1
118440	0	2699188	1
118440	0	2843799	1
118440	0	2853780	0
118440	0	285716	0
118440	0	2957959	0
118440	0	3033116	0
118440	0	3051166	0
118440	0	3104951	0
118440	0	3592811	0
118440	0	3592818	0
118440	0	3647356	0
118440	0	366327	0
118440	0	4011244	0
118440	0	4025848	0
118440	0	4100266	0
118440	0	4236463	0
118440	0	4252531	0
118440	0	4252532	0
118440	0	4303771	0
118440	0	4403471	0
118440	0	4594215	0
118440	0	4699628	0
118440	0	4852117	0
118440	0	5043465	0
118440	0	5149038	0
118440	0	5149039	0
118440	0	5149044	0
118440	0	5229209	0
118440	0	5365149	0
118440	0	5365150	0
118440	0	5424704	0
118440	0	5472863	0
118440	0	5780839	0
118440	0	6047221	0
118440	0	6170014	0
118440	0	6382751	0
118440	0	6382753	0
118440	0	6382755	0
118440	0	6387629	0
118440	0	6655848	0
118440	0	6687966	0
118440	0	6744365	1
118440	0	6744366	0
118440	0	6744368	0
118440	0	6744991	0
118440	0	6750547	0
118440	0	6750548	0
118440	0	6750550	0
118440	0	6750552	0
118440	0	6750554	0
118440	0	6802137	1
118440	0	730845	0
118440	0	7400215	0
118440	0	7657154	0
118440	0	7703789	0
118440	0	7829497	0
118440	0	7829499	0
118440	0	7829500	0
118440	0	8127230	0
118440	0	8412702	1
118440	0	8550781	0
118440	0	8550785	0
118440	0	8602418	0
118440	0	8724459	0
118440	0	8725736	0
118440	0	8737577	0
118440	0	8737579	0
118440	0	875525	0
118440	0	877260	0
118440	0	996866	0
121171	0	1069156	0
121171	0	1069158	0
121171	0	1069161	0
121171	0	1158257	0
121171	0	1192402	0
121171	0	1278921	1
121171	0	1278926	1
121171	0	1278928	1
121171	0	1278929	1
121171	0	1353129	0
121171	0	1499882	0
121171	0	1499887	0
121171	0	1609089	0
121171	0	1636240	0
121171	0	1933650	0
121171	0	2008288	0
121171	0	2008291	0
121171	0	2029435	0
121171	0	2293465	0
121171	0	2444997	0
121171	0	2550806	1
121171	0	2550810	1
121171	0	2550811	1
121171	0	2550813	1
121171	0	2550814	1
121171	0	259430	1
121171	0	259431	1
121171	0	259433	1
121171	0	259435	1
121171	0	259436	1
121171	0	259437	1
121171	0	2626100	1
121171	0	2626101	1
121171	0	2670069	0
121171	0	2848374	0
121171	0	2848378	0
121171	0	2946564	0
121171	0	3247113	0
121171	0	3809978	0
121171	0	3811295	0
121171	0	3812022	1
121171	0	4254755	0
121171	0	4254759	0
121171	0	4254763	0
121171	0	449231	0
121171	0	451170	1
121171	0	451171	1
121171	0	451172	1
121171	0	451174	1
121171	0	451175	1
121171	0	451176	1
121171	0	4726782	0
121171	0	4726786	0
121171	0	4785924	0
121171	0	4969027	0
121171	0	4985003	0
121171	0	4985005	0
121171	0	4985008	0
121171	0	4990808	0
121171	0	5193237	0
121171	0	5237905	1
121171	0	5335825	0
121171	0	5335826	0
121171	0	5809826	1
121171	0	5809831	1
121171	0	5930988	1
121171	0	5944614	0
121171	0	6190165	0
121171	0	629628	0
121171	0	629634	0
121171	0	6315677	0
121171	0	6315679	0
121171	0	6461186	1
121171	0	6580476	1
121171	0	6631626	0
121171	0	6663740	0
121171	0	6906230	0
121171	0	699282	0
121171	0	7027300	0
121171	0	7123961	0
121171	0	7165405	0
121171	0	735708	0
121171	0	7395067	0
121171	0	7428543	0
121171	0	7716968	0
121171	0	7798953	0
121171	0	8260188	1
121171	0	8260191	1
121171	0	8260192	1
121171	0	8260193	1
121171	0	8260194	1
121171	0	8260195	1
121171	0	8318774	0
121171	0	8318779	0
121171	0	8585642	0
121171	0	8654481	0
121171	0	8729004	0
121171	0	8729006	0
121171	0	884016	0
121171	0	921890	0
135802	0	1060724	0
135802	0	1103938	1
135802	0	1189352	0
135802	0	1191122	1
135802	0	1386451	0
135802	0	1751076	0
135802	0	1751079	0
135802	0	1881726	0
135802	0	1892905	0
135802	0	2108937	0
135802	0	2108939	0
135802	0	2539732	0
135802	0	258382	0
135802	0	2668116	0
135802	0	2739063	1
135802	0	2739065	1
135802	0	2739069	1
135802	0	2932466	0
135802	0	2942880	0
135802	0	3053964	0
135802	0	3226034	0
135802	0	3508281	0
135802	0	3508283	0
135802	0	3521088	0
135802	0	3521090	0
135802	0	3521091	0
135802	0	3532236	0
135802	0	3532240	0
135802	0	3577851	0
135802	0	3624450	1
135802	0	366625	0
135802	0	366633	0
135802	0	368476	0
135802	0	3703013	0
135802	0	3707271	0
135802	0	3775933	0
135802	0	4007443	0
135802	0	4007447	0
135802	0	4228436	0
135802	0	4228437	0
135802	0	4228440	0
135802	0	4228442	0
135802	0	4228443	0
135802	0	4331542	0
135802	0	4347259	0
135802	0	4382396	1
135802	0	444178	0
135802	0	4605086	0
135802	0	4688641	0
135802	0	490759	0
135802	0	4907600	0
135802	0	5258141	0
135802	0	5461742	0
135802	0	5461751	0
135802	0	546872	0
135802	0	546876	1
135802	0	5613419	0
135802	0	5710719	0
135802	0	6129482	0
135802	0	6177821	0
135802	0	6208977	0
135802	0	6208980	0
135802	0	6631559	0
135802	0	663703	0
135802	0	663707	0
135802	0	6687193	0
135802	0	6713729	0
135802	0	6805170	0
135802	0	6855270	0
135802	0	6855271	0
135802	0	6855273	0
135802	0	6874876	0
135802	0	6874879	0
135802	0	7020894	0
135802	0	7020899	1
135802	0	7144823	0
135802	0	7144826	0
135802	0	7144829	0
135802	0	7308025	0
135802	0	7315667	0
135802	0	7315669	0
135802	0	7348836	0
135802	0	7708076	0
135802	0	802446	1
135802	0	8081412	1
135802	0	8099733	0
135802	0	8256607	0
135802	0	8264847	1
135802	0	8595731	0
135802	0	8595734	0
135802	0	8595735	0
135802	0	8692619	1
135802	0	8692621	1
135802	0	8692623	1
135802	0	8692624	1
135802	0	8692626	1
135802	0	8692627	1
135802	0	8692628	1
135802	0	8743179	0
135802	0	8743182	0
141630	0	1157247	1
141630	0	1157248	1
141630	0	1157249	1
141630	0	1157251	1
141630	0	1175842	1
141630	0	1314689	1
141630	0	1611308	1
141630	0	1611313	1
141630	0	1889340	1
141630	0	2173072	1
141630	0	2366121	1
141630	0	2752564	1
141630	0	2768009	1
141630	0	2822434	1
141630	0	2851002	1
141630	0	2892893	1
141630	0	340875	1
141630	0	3461358	1
141630	0	3500851	1
141630	0	3500852	1
141630	0	3500854	1
141630	0	3500855	1
141630	0	3500856	1
141630	0	3500858	1
141630	0	3500860	1
141630	0	3604692	1
141630	0	3665879	1
141630	0	3672654	1
141630	0	3672655	1
141630	0	3752117	1
141630	0	4098919	1
141630	0	4098924	1
141630	0	4101945	1
141630	0	4101946	1
141630	0	4101949	1
141630	0	4101951	1
141630	0	4101952	1
141630	0	4101953	1
141630	0	4422338	1
141630	0	4422339	1
141630	0	4422340	1
141630	0	4422342	1
141630	0	4422343	1
141630	0	4757802	1
141630	0	5098398	1
141630	0	5098400	1
141630	0	5126206	1
141630	0	5337305	1
141630	0	5389973	1
141630	0	554695	1
141630	0	554699	1
141630	0	554702	1
141630	0	5921140	1
141630	0	6007465	1
141630	0	6007469	1
141630	0	6064897	1
141630	0	6064898	1
141630	0	6319711	1
141630	0	6319713	1
141630	0	6486090	1
141630	0	6496220	1
141630	0	6496226	1
141630	0	6496229	1
141630	0	6530476	1
141630	0	6580043	1
141630	0	6638749	1
141630	0	7004631	1
141630	0	7107466	1
141630	0	7228533	1
141630	0	7309677	1
141630	0	7705603	1
141630	0	7743596	1
141630	0	7985117	1
141630	0	7985118	1
141630	0	8048021	1
141630	0	8068281	1
141630	0	806878	1
141630	0	8217013	1
141630	0	8225216	1
141630	0	8225222	1
141630	0	8319987	1
141630	0	8319989	1
141630	0	8319990	1
141630	0	8319991	1
141630	0	8319992	1
141630	0	8319993	1
141630	0	8549945	1
141630	0	861355	1
141630	0	8653584	1
141630	0	8653585	1
141630	0	8653589	1
141630	0	8685361	1
141630	0	8768725	1
141630	0	8808343	1
141630	0	885780	1
141630	0	885781	1
141630	0	885782	1
141630	0	885784	1
141630	0	885785	1
141630	0	885786	1
156498	0	104798	0
156498	0	104800	0
156498	0	104801	1
156498	0	104802	0
156498	0	104803	1
156498	0	1066785	0
156498	0	1066789	0
156498	0	1118223	0
156498	0	1176897	0
156498	0	1430192	0
156498	0	1430195	0
156498	0	1434098	0
156498	0	1439275	0
156498	0	1439277	0
156498	0	1575717	0
156498	0	1663164	1
156498	0	1663169	0
156498	0	172091	0
156498	0	172093	0
156498	0	172094	0
156498	0	1840047	0
156498	0	1840051	0
156498	0	2167316	0
156498	0	2167317	0
156498	0	2455301	0
156498	0	2455302	0
156498	0	2455307	0
156498	0	2537585	0
156498	0	2673135	0
156498	0	3109234	0
156498	0	3114158	0
156498	0	3287997	0
156498	0	3288004	0
156498	0	3301559	1
156498	0	3301562	1
156498	0	3301563	1
156498	0	3443399	0
156498	0	3484650	0
156498	0	3529363	0
156498	0	3529367	0
156498	0	3669926	0
156498	0	3669928	0
156498	0	3852379	0
156498	0	3853777	0
156498	0	3929551	0
156498	0	4026114	0
156498	0	4273410	0
156498	0	4273411	0
156498	0	4273412	0
156498	0	4273413	0
156498	0	4273415	0
156498	0	4273418	1
156498	0	4273419	1
156498	0	4325225	0
156498	0	4349518	0
156498	0	463358	0
156498	0	4886858	0
156498	0	4908499	0
156498	0	4950763	0
156498	0	4950764	0
156498	0	4950765	0
156498	0	4950770	0
156498	0	4960216	1
156498	0	4996221	0
156498	0	5051133	0
156498	0	5230806	0
156498	0	5230812	0
156498	0	5456027	0
156498	0	5496865	0
156498	0	5514886	0
156498	0	5554129	0
156498	0	5569660	0
156498	0	5606985	0
156498	0	6350447	0
156498	0	6350450	0
156498	0	6574893	0
156498	0	6602231	0
156498	0	6648982	0
156498	0	7393852	0
156498	0	7393854	0
156498	0	7393858	0
156498	0	752504	0
156498	0	7789969	0
156498	0	7820338	0
156498	0	8146073	0
156498	0	824324	0
156498	0	824332	0
156498	0	8305049	0
156498	0	8615226	0
156498	0	8615228	0
156498	0	8615229	0
156498	0	8615231	0
156498	0	8615232	0
156498	0	8615233	0
156498	0	8648969	0
156498	0	8648972	0
156498	0	8821152	0
156498	0	968558	0
156498	0	968559	0
156498	0	973039	0
169208	0	1395410	1
169208	0	1395412	1
169208	0	1395413	1
169208	0	1395414	1
169208	0	1395417	1
169208	0	1395418	1
169208	0	160090	0
169208	0	1694742	0
169208	0	2075152	0
169208	0	2594160	1
169208	0	2594161	1
169208	0	2594164	1
169208	0	2653222	0
169208	0	2653225	0
169208	0	2653226	0
169208	0	2653229	0
169208	0	2747227	0
169208	0	2888360	0
169208	0	2888361	0
169208	0	2888362	0
169208	0	2888363	1
169208	0	2888364	0
169208	0	2888366	0
169208	0	2888367	1
169208	0	2888368	0
169208	0	3398277	1
169208	0	344711	0
169208	0	3555910	0
169208	0	3555912	0
169208	0	3555913	0
169208	0	3561304	0
169208	0	3561306	0
169208	0	3616027	0
169208	0	4011279	0
169208	0	4085645	0
169208	0	4202275	1
169208	0	4202276	0
169208	0	4202278	1
169208	0	4202280	0
169208	0	4321618	0
169208	0	4460809	0
169208	0	4580131	1
169208	0	4580132	1
169208	0	4580133	1
169208	0	4580137	0
169208	0	4580139	1
169208	0	4694322	0
169208	0	4694325	0
169208	0	4694326	0
169208	0	4694327	0
169208	0	4694328	0
169208	0	4694329	0
169208	0	4728189	0
169208	0	4762134	1
169208	0	4762135	1
169208	0	4762137	1
169208	0	4762140	1
169208	0	4762141	1
169208	0	4762142	1
169208	0	4771735	0
169208	0	4771736	0
169208	0	4771743	0
169208	0	4859431	0
169208	0	4859432	1
169208	0	4859433	1
169208	0	4859434	0
169208	0	4859436	0
169208	0	4859437	1
169208	0	4859438	1
169208	0	5006400	0
169208	0	5006401	0
169208	0	5268915	1
169208	0	5326938	0
169208	0	5541538	0
169208	0	5541539	0
169208	0	5573046	1
169208	0	5725532	0
169208	0	5872890	0
169208	0	5893619	0
169208	0	6413011	1
169208	0	6628987	1
169208	0	6808744	1
169208	0	6808748	1
169208	0	7169062	0
169208	0	7169064	0
169208	0	7169065	0
169208	0	7169066	0
169208	0	7169068	0
169208	0	7251632	1
169208	0	7251637	1
169208	0	7251639	1
169208	0	7461953	0
169208	0	7461959	0
169208	0	7484151	0
169208	0	8426363	0
169208	0	8426366	1
169208	0	85985	1
169208	0	85987	1
169208	0	85989	1
169208	0	85992	1
174463	0	1013078	1
174463	0	1024759	1
174463	0	1024764	1
174463	0	1432591	1
174463	0	1479952	1
174463	0	1567952	1
174463	0	1567955	1
174463	0	1567956	1
174463	0	1567958	1
174463	0	1711073	0
174463	0	1788354	1
174463	0	1788355	1
174463	0	1835369	1
174463	0	1835370	1
174463	0	1835371	1
174463	0	1835375	1
174463	0	1835377	1
174463	0	1854163	1
174463	0	1854164	0
174463	0	1854167	1
174463	0	1854168	1
174463	0	1854170	1
174463	0	1970971	0
174463	0	1973697	1
174463	0	2247005	0
174463	0	2247008	0
174463	0	2247009	0
174463	0	2533619	1
174463	0	2533622	1
174463	0	2533624	1
174463	0	2533625	1
174463	0	2533626	1
174463	0	3057395	1
174463	0	3499999	0
174463	0	3501229	1
174463	0	3716939	0
174463	0	3716941	0
174463	0	3716946	0
174463	0	3716947	0
174463	0	3829743	1
174463	0	3829744	0
174463	0	3994184	0
174463	0	4043870	0
174463	0	4275746	0
174463	0	4275747	0
174463	0	4275749	0
174463	0	4275752	0
174463	0	4452292	1
174463	0	4662168	0
174463	0	4662169	0
174463	0	4665966	0
174463	0	4665969	0
174463	0	4665970	0
174463	0	4665971	1
174463	0	467393	0
174463	0	470707	1
174463	0	470708	1
174463	0	470711	1
174463	0	470712	1
174463	0	470713	1
174463	0	4710618	1
174463	0	5084514	1
174463	0	5084515	1
174463	0	5264564	1
174463	0	5264565	0
174463	0	5264567	1
174463	0	5303493	1
174463	0	5303495	1
174463	0	5303496	1
174463	0	5538543	0
174463	0	5538544	0
174463	0	5538545	0
174463	0	5538546	0
174463	0	5688363	1
174463	0	5688367	1
174463	0	6083371	1
174463	0	6094016	1
174463	0	6094017	1
174463	0	6094019	1
174463	0	6443245	0
174463	0	6443247	0
174463	0	6443248	0
174463	0	6623959	0
174463	0	6718987	1
174463	0	6825750	0
174463	0	688428	0
174463	0	688429	0
174463	0	7089624	1
174463	0	7089625	1
174463	0	7662634	0
174463	0	7812730	0
174463	0	8072866	0
174463	0	8304451	1
174463	0	8304456	1
174463	0	8304457	1
174463	0	8304458	1
174463	0	8645017	0
174463	0	8770949	1
174463	0	8770952	1
174463	0	8770953	1
23849	0	100741	0
23849	0	1037854	0
23849	0	1139571	0
23849	0	1158886	1
23849	0	1215556	0
23849	0	1280939	0
23849	0	1302048	0
23849	0	1330561	0
23849	0	1333480	0
23849	0	1449780	0
23849	0	1449785	0
23849	0	1460057	0
23849	0	1594083	0
23849	0	1622747	0
23849	0	1622748	0
23849	0	1825393	0
23849	0	1825400	0
23849	0	1827512	0
23849	0	188190	1
23849	0	188246	0
23849	0	2132735	0
23849	0	240525	0
23849	0	2445679	0
23849	0	2466882	0
23849	0	2607127	1
23849	0	2607129	1
23849	0	2607130	0
23849	0	2647769	1
23849	0	2766280	0
23849	0	2838462	1
23849	0	3468397	0
23849	0	3643765	0
23849	0	3796914	0
23849	0	3796917	0
23849	0	3878669	0
23849	0	39516	0
23849	0	4016317	0
23849	0	4188880	1
23849	0	4482145	0
23849	0	4556932	1
23849	0	4556933	1
23849	0	4556938	0
23849	0	4556939	0
23849	0	4577479	0
23849	0	4806514	0
23849	0	542366	0
23849	0	5455962	0
23849	0	5554704	0
23849	0	5554705	0
23849	0	5885925	0
23849	0	590926	1
23849	0	590929	0
23849	0	5913890	1
23849	0	5925321	0
23849	0	6194473	0
23849	0	640767	1
23849	0	6440050	0
23849	0	6455259	0
23849	0	653142	0
23849	0	6667419	0
23849	0	6688736	0
23849	0	6688737	1
23849	0	6688741	0
23849	0	6688742	1
23849	0	6688743	1
23849	0	6688744	0
23849	0	6769988	0
23849	0	7014217	0
23849	0	7046579	0
23849	0	7060905	0
23849	0	7119957	1
23849	0	7160298	1
23849	0	7186713	1
23849	0	7431268	0
23849	0	7519911	0
23849	0	7593919	0
23849	0	7624168	0
23849	0	7845081	0
23849	0	799642	0
23849	0	8010558	1
23849	0	8010560	1
23849	0	8010561	1
23849	0	8010562	1
23849	0	8010564	1
23849	0	8010566	1
23849	0	8017141	1
23849	0	8059826	0
23849	0	8126279	1
23849	0	8264389	0
23849	0	8350307	0
23849	0	8361018	0
23849	0	8466742	0
23849	0	8466743	0
23849	0	8466744	0
23849	0	8466750	0
23849	0	8534143	0
23849	0	8597831	0
23849	0	8769995	1
23849	0	886103	0
23849	0	892160	0
258062	0	1311741	1
258062	0	1348968	1
258062	0	1805967	1
258062	0	18103	0
258062	0	1914282	0
258062	0	2009228	0
258062	0	2009233	0
258062	0	2178431	0
258062	0	2198616	0
258062	0	2463315	0
258062	0	2463319	0
258062	0	2510542	0
258062	0	2707009	0
258062	0	2707010	0
258062	0	2707014	0
258062	0	2707015	0
258062	0	2707016	0
258062	0	2898169	1
258062	0	2909753	0
258062	0	2940180	0
258062	0	2940183	0
258062	0	2940184	0
258062	0	3012167	0
258062	0	3016095	0
258062	0	3189004	0
258062	0	3195763	0
258062	0	3195767	0
258062	0	3325413	0
258062	0	3392238	1
258062	0	3404351	0
258062	0	3404354	0
258062	0	36703	0
258062	0	36707	0
258062	0	3683407	0
258062	0	3822856	0
258062	0	3947005	0
258062	0	3947010	0
258062	0	412375	0
258062	0	4155912	1
258062	0	4159140	0
258062	0	4159142	0
258062	0	4159145	0
258062	0	4159344	0
258062	0	4159345	0
258062	0	4174308	0
258062	0	4174310	0
258062	0	4174313	0
258062	0	4211513	0
258062	0	4595794	1
258062	0	4595795	1
258062	0	5035481	0
258062	0	5134732	0
258062	0	5254426	0
258062	0	5275169	0
258062	0	5326260	0
258062	0	5385089	0
258062	0	5396981	0
258062	0	5456423	0
258062	0	5456424	0
258062	0	5456425	0
258062	0	5456429	0
258062	0	5463138	0
258062	0	5557545	0
258062	0	5564370	0
258062	0	5617294	0
258062	0	5617297	0
258062	0	5627691	0
258062	0	5810936	0
258062	0	598842	0
258062	0	5993823	1
258062	0	6006234	0
258062	0	6006238	0
258062	0	60521	0
258062	0	6084336	1
258062	0	6084339	1
258062	0	63214	0
258062	0	63215	0
258062	0	639086	0
258062	0	644982	0
258062	0	6498440	0
258062	0	6990374	1
258062	0	7068639	0
258062	0	7335250	0
258062	0	7344525	0
258062	0	7716250	0
258062	0	772841	0
258062	0	777716	0
258062	0	8242299	0
258062	0	8311086	0
258062	0	8421207	0
258062	0	8421209	0
258062	0	8464763	0
258062	0	8694158	1
258062	0	8694161	1
258062	0	8694163	1
258062	0	8820986	0
258062	0	91493	0
258062	0	932664	0
258062	0	955811	1
258062	0	955813	1
324585	0	1261383	0
324585	0	1261384	0
324585	0	1261387	0
324585	0	1460492	0
324585	0	1536988	1
324585	0	1536989	0
324585	0	1536990	1
324585	0	1536993	1
324585	0	1536995	0
324585	0	1536997	1
324585	0	1863698	0
324585	0	1867740	0
324585	0	1908321	0
324585	0	1908323	0
324585	0	1908326	0
324585	0	1908328	0
324585	0	1908329	0
324585	0	2259938	0
324585	0	2427508	0
324585	0	2479624	0
324585	0	2727720	0
324585	0	2802641	0
324585	0	2979683	0
324585	0	3860753	0
324585	0	3929681	0
324585	0	3929683	0
324585	0	3957438	0
324585	0	405277	1
324585	0	405281	1
324585	0	405282	0
324585	0	4089462	0
324585	0	4722016	0
324585	0	4722017	0
324585	0	4765768	0
324585	0	4765769	0
324585	0	4792267	0
324585	0	4792268	0
324585	0	509044	0
324585	0	5488901	0
324585	0	5488905	0
324585	0	5525879	1
324585	0	5641531	0
324585	0	5651605	0
324585	0	5817034	0
324585	0	5817037	0
324585	0	612031	0
324585	0	6126015	0
324585	0	6126016	0
324585	0	6126018	0
324585	0	6126019	0
324585	0	6196947	0
324585	0	6196949	0
324585	0	6202042	0
324585	0	6202046	0
324585	0	6312152	0
324585	0	6480420	0
324585	0	6480421	0
324585	0	6480422	0
324585	0	6480424	0
324585	0	6490818	0
324585	0	6639139	0
324585	0	6639142	0
324585	0	6639598	0
324585	0	6712393	0
324585	0	6836748	0
324585	0	6836749	0
324585	0	6836750	0
324585	0	6900492	0
324585	0	6961642	0
324585	0	6961643	0
324585	0	6961644	0
324585	0	6961645	0
324585	0	7363141	0
324585	0	7363143	0
324585	0	7386634	0
324585	0	7392860	0
324585	0	7477826	0
324585	0	7884824	0
324585	0	7884826	0
324585	0	7884832	0
324585	0	7941125	0
324585	0	7941129	0
324585	0	8290306	0
324585	0	8290309	1
324585	0	8290314	1
324585	0	8310496	0
324585	0	8310498	1
324585	0	8310499	1
324585	0	8310502	1
324585	0	8310503	1
324585	0	8469038	0
324585	0	8469039	0
324585	0	8469040	0
324585	0	8480207	0
324585	0	8500120	1
324585	0	8500121	1
324585	0	8500123	1
324585	0	8500124	0
324585	0	8540006	0
324585	0	8540011	0
330975	0	1097857	1
330975	0	1097858	1
330975	0	1097861	1
330975	0	1488083	0
330975	0	1598185	1
330975	0	1598186	0
330975	0	1637261	0
330975	0	2299992	0
330975	0	2299997	0
330975	0	233944	1
330975	0	233945	0
330975	0	233946	1
330975	0	233947	0
330975	0	233948	0
330975	0	233949	0
330975	0	233950	0
330975	0	233951	1
330975	0	233952	1
330975	0	3018015	0
330975	0	3240106	0
330975	0	3240112	1
330975	0	3256083	0
330975	0	3256084	1
330975	0	3256085	0
330975	0	3297853	0
330975	0	3297854	0
330975	0	3297855	1
330975	0	3297856	1
330975	0	3297857	1
330975	0	3297858	1
330975	0	3297859	0
330975	0	3297860	0
330975	0	3297862	0
330975	0	3390385	0
330975	0	3857964	0
330975	0	3857965	1
330975	0	4108178	1
330975	0	4108179	0
330975	0	4392140	1
330975	0	4392141	0
330975	0	4392142	0
330975	0	4392144	1
330975	0	4392147	1
330975	0	4408865	1
330975	0	4408867	0
330975	0	4620919	1
330975	0	4620920	0
330975	0	4620924	1
330975	0	4695290	0
330975	0	4695291	0
330975	0	4695297	0
330975	0	482130	1
330975	0	482131	0
330975	0	4896436	0
330975	0	5190215	1
330975	0	5196922	0
330975	0	5393803	1
330975	0	5393804	1
330975	0	5393805	1
330975	0	5393808	0
330975	0	5427107	0
330975	0	5427108	1
330975	0	5427109	0
330975	0	5427113	0
330975	0	5427114	0
330975	0	5557976	1
330975	0	5558821	0
330975	0	5558822	0
330975	0	5750875	1
330975	0	5750880	1
330975	0	5803903	0
330975	0	6009915	0
330975	0	6009916	0
330975	0	6127421	0
330975	0	6310757	1
330975	0	6310762	1
330975	0	6559225	1
330975	0	6625463	0
330975	0	6625466	0
330975	0	6625469	1
330975	0	6625786	0
330975	0	6625791	0
330975	0	6693239	1
330975	0	702096	1
330975	0	702098	0
330975	0	702099	1
330975	0	702102	0
330975	0	702103	0
330975	0	7074783	0
330975	0	7074784	0
330975	0	7074787	1
330975	0	7624935	0
330975	0	7871128	0
330975	0	803899	0
330975	0	8327008	0
330975	0	8327010	0
330975	0	8327011	0
330975	0	8327012	1
330975	0	8541458	0
330975	0	8541461	1
332593	0	1167184	1
332593	0	1443723	1
332593	0	1443728	0
332593	0	1443730	1
332593	0	1650687	1
332593	0	1831357	1
332593	0	1905432	0
332593	0	1905434	1
332593	0	249851	0
332593	0	2841163	1
332593	0	3065254	0
332593	0	3156813	0
332593	0	329112	1
332593	0	329114	0
332593	0	3336841	0
332593	0	3336842	0
332593	0	3336844	0
332593	0	3662446	0
332593	0	3731313	1
332593	0	3731319	0
332593	0	4023722	1
332593	0	4377342	0
332593	0	4427368	0
332593	0	4431498	1
332593	0	4431499	1
332593	0	4431500	0
332593	0	4431502	1
332593	0	4431504	0
332593	0	45431	1
332593	0	4614346	1
332593	0	4701751	1
332593	0	4701752	1
332593	0	4701755	0
332593	0	4701756	1
332593	0	4866228	0
332593	0	4866231	0
332593	0	4866235	1
332593	0	4952089	1
332593	0	4952093	0
332593	0	4952095	1
332593	0	5014866	0
332593	0	5045873	0
332593	0	5156754	0
332593	0	5241321	1
332593	0	5241322	1
332593	0	5241323	1
332593	0	5241326	1
332593	0	5241328	1
332593	0	5707518	0
332593	0	5707520	0
332593	0	5707521	0
332593	0	5707522	0
332593	0	5750018	0
332593	0	5750020	0
332593	0	5750021	0
332593	0	5750023	0
332593	0	5750025	0
332593	0	5750026	0
332593	0	5754534	1
332593	0	6007038	1
332593	0	6007045	1
332593	0	6016981	0
332593	0	6016986	0
332593	0	6189462	0
332593	0	6189463	0
332593	0	6189466	0
332593	0	6514779	0
332593	0	6514781	0
332593	0	6514784	0
332593	0	6528407	0
332593	0	6528408	0
332593	0	6528411	0
332593	0	6534081	1
332593	0	6616552	1
332593	0	6616553	1
332593	0	6616554	1
332593	0	6765225	1
332593	0	6765227	1
332593	0	7073993	0
332593	0	7073995	1
332593	0	7073996	1
332593	0	7073998	1
332593	0	713460	0
332593	0	7331778	1
332593	0	7331782	1
332593	0	8021425	0
332593	0	8091677	1
332593	0	8091681	1
332593	0	8434869	1
332593	0	8434871	1
332593	0	8434872	0
332593	0	8434873	1
332593	0	8434874	1
332593	0	8688114	0
332593	0	8749229	1
332593	0	8749230	1
332593	0	8749231	1
332593	0	931411	0
332593	0	931415	1
332593	0	931417	1
336901	0	1115929	0
336901	0	1115932	0
336901	0	1137553	0
336901	0	122860	0
336901	0	1268979	0
336901	0	1860005	0
336901	0	2091048	0
336901	0	2159094	0
336901	0	2291382	0
336901	0	2291851	0
336901	0	2291853	0
336901	0	2687612	0
336901	0	2755190	0
336901	0	2774228	0
336901	0	2970836	0
336901	0	302494	0
336901	0	3040569	0
336901	0	3217707	0
336901	0	3330854	1
336901	0	3479163	0
336901	0	3557826	0
336901	0	3587995	0
336901	0	3587996	0
336901	0	3646550	1
336901	0	390393	0
336901	0	4064047	0
336901	0	4462287	0
336901	0	4473040	0
336901	0	4512169	0
336901	0	4563740	0
336901	0	4645983	0
336901	0	4762606	0
336901	0	4765969	0
336901	0	4765975	0
336901	0	5039998	0
336901	0	5052269	0
336901	0	5100469	0
336901	0	5231813	0
336901	0	5522053	0
336901	0	5726288	0
336901	0	5837829	0
336901	0	5843066	0
336901	0	5895950	0
336901	0	5919092	0
336901	0	5936404	0
336901	0	6017280	0
336901	0	6017284	0
336901	0	6017286	0
336901	0	6017287	0
336901	0	6054128	0
336901	0	6096613	0
336901	0	6318625	0
336901	0	6321983	0
336901	0	6478277	0
336901	0	6546326	0
336901	0	6546419	0
336901	0	6736932	0
336901	0	6789401	0
336901	0	6836389	0
336901	0	6908040	0
336901	0	6908041	0
336901	0	6908045	0
336901	0	6908046	0
336901	0	6922814	0
336901	0	6923772	0
336901	0	69551	0
336901	0	7022092	0
336901	0	7400803	0
336901	0	7459686	0
336901	0	7789643	0
336901	0	7789645	0
336901	0	7819234	0
336901	0	7836256	0
336901	0	7836258	0
336901	0	7836261	0
336901	0	7971504	0
336901	0	8101399	0
336901	0	8130980	0
336901	0	8197776	0
336901	0	8221387	0
336901	0	8221391	0
336901	0	8224946	0
336901	0	8277774	0
336901	0	8376511	0
336901	0	8376513	0
336901	0	8436731	0
336901	0	8481183	0
336901	0	8528674	1
336901	0	8528675	1
336901	0	8528677	0
336901	0	8528678	1
336901	0	8528679	1
336901	0	8528680	0
336901	0	8528681	0
336901	0	8528682	0
336901	0	8683495	0
336901	0	8712881	0
336901	0	8712882	0
336901	0	8740069	0
336901	0	895967	0
390360	0	105717	1
390360	0	1093726	1
390360	0	1093729	1
390360	0	1139943	0
390360	0	1139949	1
390360	0	1184642	0
390360	0	1230048	0
390360	0	1378332	0
390360	0	1378333	1
390360	0	1378337	1
390360	0	1702414	0
390360	0	1740251	0
390360	0	1740253	0
390360	0	1740255	0
390360	0	1927068	0
390360	0	1927069	0
390360	0	206444	0
390360	0	216659	1
390360	0	217537	0
390360	0	217538	0
390360	0	217540	0
390360	0	217541	0
390360	0	2203875	1
390360	0	2203877	1
390360	0	234438	0
390360	0	2419904	1
390360	0	2489684	0
390360	0	2606030	0
390360	0	2784297	1
390360	0	3005221	0
390360	0	3123443	0
390360	0	3518917	0
390360	0	3518921	0
390360	0	3518924	0
390360	0	3636597	0
390360	0	3636603	0
390360	0	3719970	0
390360	0	3812754	0
390360	0	3891634	0
390360	0	3891637	0
390360	0	3988320	0
390360	0	3988321	0
390360	0	4169527	0
390360	0	4169528	0
390360	0	4169535	0
390360	0	4196140	0
390360	0	425020	1
390360	0	4396904	1
390360	0	4503297	0
390360	0	4546335	0
390360	0	4619216	1
390360	0	4619218	1
390360	0	5397483	0
390360	0	5401485	0
390360	0	5423359	1
390360	0	5583318	0
390360	0	5778001	0
390360	0	5778004	0
390360	0	5845782	0
390360	0	5900938	1
390360	0	604111	1
390360	0	6128206	0
390360	0	613207	0
390360	0	6179316	0
390360	0	6179317	1
390360	0	6179318	1
390360	0	6828148	0
390360	0	6867639	0
390360	0	6999350	1
390360	0	7166011	0
390360	0	740214	0
390360	0	7477381	1
390360	0	7632427	0
390360	0	7679050	1
390360	0	7732914	0
390360	0	7805187	0
390360	0	7807146	1
390360	0	7974265	0
390360	0	8009002	1
390360	0	804811	0
390360	0	804813	0
390360	0	804816	0
390360	0	804818	0
390360	0	8071362	0
390360	0	8087153	0
390360	0	8318052	0
390360	0	860971	0
390360	0	8617793	1
390360	0	8630609	1
390360	0	8630611	1
390360	0	8630612	1
390360	0	8630614	1
390360	0	8630616	1
390360	0	8630617	1
390360	0	8630618	1
390360	0	8644779	1
390360	0	935746	0
390360	0	963941	1
390360	0	963943	1
390360	0	963947	1
405163	0	1041995	1
405163	0	1041997	1
405163	0	1108748	1
405163	0	1161576	1
405163	0	1212298	1
405163	0	1234964	1
405163	0	1330010	1
405163	0	1429845	1
405163	0	1506457	1
405163	0	1655999	1
405163	0	1667024	1
405163	0	1844775	1
405163	0	1902847	1
405163	0	1902866	1
405163	0	1911363	1
405163	0	2016024	1
405163	0	2016025	1
405163	0	2055217	1
405163	0	2055218	1
405163	0	2055219	1
405163	0	2139588	1
405163	0	2407799	1
405163	0	251303	1
405163	0	251309	1
405163	0	268001	1
405163	0	2744674	1
405163	0	289329	1
405163	0	2902930	1
405163	0	2936336	1
405163	0	2936337	1
405163	0	306992	1
405163	0	3216136	1
405163	0	3850032	1
405163	0	3918981	1
405163	0	3918983	1
405163	0	3988974	1
405163	0	421595	1
405163	0	4232058	1
405163	0	4245635	1
405163	0	4346504	1
405163	0	4409822	1
405163	0	4463167	1
405163	0	4642574	1
405163	0	4761345	1
405163	0	4876796	1
405163	0	4905497	1
405163	0	4924540	1
405163	0	4945432	1
405163	0	5095855	1
405163	0	5201973	1
405163	0	5214456	1
405163	0	5298304	1
405163	0	5514160	1
405163	0	5523884	1
405163	0	5699852	1
405163	0	5710977	1
405163	0	5710979	1
405163	0	5743527	1
405163	0	5746714	1
405163	0	5746717	1
405163	0	5768619	1
405163	0	5768621	1
405163	0	5897402	1
405163	0	5909571	1
405163	0	6250234	1
405163	0	6250235	1
405163	0	6270437	1
405163	0	6334781	1
405163	0	647592	1
405163	0	647594	1
405163	0	6584197	1
405163	0	6689923	1
405163	0	6689926	1
405163	0	6689927	1
405163	0	6689928	1
405163	0	6707943	1
405163	0	6715714	0
405163	0	6770821	1
405163	0	6919909	1
405163	0	6945012	1
405163	0	7044507	1
405163	0	7044508	1
405163	0	7113740	1
405163	0	7392422	1
405163	0	7394587	1
405163	0	7396553	1
405163	0	7454159	1
405163	0	7454160	1
405163	0	7754279	1
405163	0	7969801	1
405163	0	8282533	1
405163	0	834747	1
405163	0	8445972	1
405163	0	8445973	1
405163	0	8445975	1
405163	0	849402	1
405163	0	8608598	1
405163	0	8682163	1
405163	0	8682164	1
405163	0	8707747	1
42255	0	1470399	0
42255	0	1470405	0
42255	0	1601662	0
42255	0	1601663	0
42255	0	1601664	0
42255	0	179531	0
42255	0	179532	0
42255	0	179533	0
42255	0	179534	0
42255	0	179535	0
42255	0	179536	0
42255	0	182411	0
42255	0	182412	0
42255	0	1896377	0
42255	0	2067180	0
42255	0	2229964	0
42255	0	2673761	0
42255	0	2673765	0
42255	0	2799681	0
42255	0	2799683	0
42255	0	2799685	0
42255	0	2799686	0
42255	0	2799687	0
42255	0	2882385	0
42255	0	2882387	0
42255	0	2882394	0
42255	0	3063191	0
42255	0	3077463	0
42255	0	3349781	0
42255	0	3349782	0
42255	0	3349784	0
42255	0	363750	0
42255	0	363751	0
42255	0	363752	0
42255	0	3716279	0
42255	0	3817242	0
42255	0	3817246	0
42255	0	461282	0
42255	0	461285	0
42255	0	471838	0
42255	0	5076181	0
42255	0	5326929	0
42255	0	5326930	0
42255	0	5538135	0
42255	0	5656056	0
42255	0	5656058	0
42255	0	5656060	0
42255	0	5778518	0
42255	0	5783297	0
42255	0	5783299	0
42255	0	5783300	0
42255	0	5823922	0
42255	0	5823924	0
42255	0	5823927	0
42255	0	5921270	0
42255	0	5921271	0
42255	0	5921276	0
42255	0	5996539	0
42255	0	5996540	0
42255	0	5997799	0
42255	0	6098597	0
42255	0	6098599	0
42255	0	6098601	0
42255	0	6120375	0
42255	0	6120376	0
42255	0	6174625	0
42255	0	6314164	0
42255	0	6784917	0
42255	0	6784922	0
42255	0	6784924	0
42255	0	6971736	0
42255	0	6971740	0
42255	0	6971741	0
42255	0	7123386	0
42255	0	732000	0
42255	0	7545797	0
42255	0	7944021	0
42255	0	7944027	0
42255	0	7944028	0
42255	0	8012291	0
42255	0	8012296	0
42255	0	8286390	0
42255	0	8286391	0
42255	0	8328839	0
42255	0	8372968	1
42255	0	857475	0
42255	0	857478	0
42255	0	857479	0
42255	0	857481	0
42255	0	8586794	0
42255	0	8720118	0
42255	0	8720119	0
42255	0	8746188	1
42255	0	8746189	1
42255	0	8746191	0
42255	0	8746192	0
42255	0	8746194	0
42255	0	8746195	0
42255	0	8746196	0
42255	0	8746197	1
47210	0	1156867	1
47210	0	1560500	1
47210	0	1560501	1
47210	0	1560504	1
47210	0	1764823	0
47210	0	1839668	1
47210	0	1839669	1
47210	0	1839675	1
47210	0	1880177	1
47210	0	1880178	0
47210	0	1880179	0
47210	0	2042918	1
47210	0	2042919	0
47210	0	2042920	1
47210	0	2042921	0
47210	0	2042922	1
47210	0	2042923	1
47210	0	2338382	1
47210	0	2338383	1
47210	0	2338385	1
47210	0	2545998	1
47210	0	2545999	1
47210	0	2546000	1
47210	0	2546001	1
47210	0	2546002	1
47210	0	2546004	1
47210	0	2546005	1
47210	0	2546007	1
47210	0	2566998	1
47210	0	2769575	0
47210	0	3107294	1
47210	0	3304358	1
47210	0	3304359	1
47210	0	3304361	1
47210	0	3304362	1
47210	0	3757931	1
47210	0	3757932	1
47210	0	4007103	1
47210	0	4007104	1
47210	0	4007105	1
47210	0	4007106	1
47210	0	4007107	1
47210	0	4007108	1
47210	0	4007109	1
47210	0	4748993	0
47210	0	5207323	1
47210	0	5207325	1
47210	0	5207326	1
47210	0	5207327	1
47210	0	5207328	1
47210	0	5207329	1
47210	0	5207330	1
47210	0	5301399	0
47210	0	5301400	0
47210	0	5301402	1
47210	0	5301403	1
47210	0	5301404	1
47210	0	5301406	1
47210	0	5497272	1
47210	0	5497274	0
47210	0	5497278	1
47210	0	5550873	1
47210	0	5642104	1
47210	0	5642107	1
47210	0	5691600	1
47210	0	5736873	1
47210	0	5787609	1
47210	0	6168273	1
47210	0	6168275	1
47210	0	6168276	1
47210	0	6168277	1
47210	0	6168280	0
47210	0	6168517	1
47210	0	6168520	1
47210	0	6180503	1
47210	0	6180504	1
47210	0	6180505	1
47210	0	6180506	1
47210	0	6180507	1
47210	0	6502207	1
47210	0	6502208	1
47210	0	6886411	0
47210	0	6990782	1
47210	0	7067451	1
47210	0	7067452	1
47210	0	7067453	1
47210	0	7367872	1
47210	0	7367873	1
47210	0	7367874	0
47210	0	7509248	1
47210	0	7509249	1
47210	0	7509251	1
47210	0	7509252	1
47210	0	7562284	1
47210	0	8261977	1
47210	0	8261978	1
47210	0	8609955	0
47210	0	8646329	1
47210	0	8646330	1
47210	0	8646331	1
555530	0	1114218	1
555530	0	1217051	1
555530	0	1409667	1
555530	0	1447386	1
555530	0	1536620	1
555530	0	1618154	0
555530	0	1754579	1
555530	0	1807675	0
555530	0	1807676	1
555530	0	1897713	1
555530	0	1897716	1
555530	0	1897718	1
555530	0	2217431	1
555530	0	2354213	0
555530	0	2617021	1
555530	0	275794	1
555530	0	2906190	1
555530	0	2978164	1
555530	0	2978168	1
555530	0	2978171	1
555530	0	3143528	1
555530	0	338636	1
555530	0	3473131	1
555530	0	3519408	1
555530	0	3559167	0
555530	0	3562205	1
555530	0	3593335	1
555530	0	3593336	1
555530	0	3703992	1
555530	0	3831201	0
555530	0	4071544	1
555530	0	4071550	1
555530	0	4071881	1
555530	0	4137960	1
555530	0	4137961	0
555530	0	4137963	0
555530	0	4137964	1
555530	0	4137965	1
555530	0	416659	1
555530	0	4238674	1
555530	0	4240158	1
555530	0	424021	1
555530	0	448525	1
555530	0	4668014	0
555530	0	474541	1
555530	0	474544	1
555530	0	480988	1
555530	0	5090891	1
555530	0	5106749	1
555530	0	5481824	0
555530	0	561169	0
555530	0	5641154	1
555530	0	5641158	0
555530	0	5753585	1
555530	0	5801323	0
555530	0	5801325	1
555530	0	5819259	1
555530	0	5846396	1
555530	0	5846397	1
555530	0	5959543	0
555530	0	6078221	1
555530	0	6078228	1
555530	0	6221470	1
555530	0	6225332	1
555530	0	6225334	1
555530	0	6309262	1
555530	0	6449364	1
555530	0	6450951	1
555530	0	6450953	1
555530	0	6450955	1
555530	0	6477893	1
555530	0	6485976	1
555530	0	668364	0
555530	0	668366	1
555530	0	668368	1
555530	0	6869537	1
555530	0	6913116	1
555530	0	6936082	1
555530	0	6938328	1
555530	0	6966035	0
555530	0	6990474	1
555530	0	7154973	1
555530	0	7179784	1
555530	0	7179789	1
555530	0	7179791	1
555530	0	7223207	1
555530	0	7232504	1
555530	0	7339147	1
555530	0	7349580	1
555530	0	7419503	1
555530	0	7475084	1
555530	0	7606337	1
555530	0	7606341	1
555530	0	7766457	1
555530	0	7766465	1
555530	0	8461277	1
555530	0	8637526	1
555530	0	8801020	1
555530	0	910809	0
555530	0	976267	0
583468	0	1115141	0
583468	0	119352	1
583468	0	119354	1
583468	0	119355	1
583468	0	119358	1
583468	0	119359	1
583468	0	1367744	0
583468	0	1546126	1
583468	0	1546128	1
583468	0	1546131	1
583468	0	1546134	1
583468	0	1675561	1
583468	0	1675562	1
583468	0	1675563	1
583468	0	1675564	1
583468	0	1675566	1
583468	0	2080306	1
583468	0	2080312	1
583468	0	2267047	1
583468	0	2267048	1
583468	0	2267049	1
583468	0	2267050	1
583468	0	2267051	1
583468	0	2267052	1
583468	0	2267054	1
583468	0	2267055	1
583468	0	2568295	0
583468	0	282109	0
583468	0	2884627	1
583468	0	3466605	1
583468	0	3466606	1
583468	0	3466607	1
583468	0	3466610	1
583468	0	355920	0
583468	0	4109451	0
583468	0	424310	1
583468	0	4477269	0
583468	0	4477270	0
583468	0	4930967	0
583468	0	4930973	0
583468	0	5581453	0
583468	0	5623829	1
583468	0	5747984	1
583468	0	5847040	0
583468	0	6171513	1
583468	0	6286920	1
583468	0	6286922	1
583468	0	6286923	1
583468	0	6286925	1
583468	0	6286927	1
583468	0	6578660	1
583468	0	6654304	1
583468	0	6654310	1
583468	0	7450717	1
583468	0	7450718	1
583468	0	7450719	1
583468	0	7450722	1
583468	0	7450725	1
583468	0	7465955	1
583468	0	7465956	1
583468	0	7465960	1
583468	0	7491697	1
583468	0	7491698	1
583468	0	7491699	1
583468	0	7491700	1
583468	0	7491701	1
583468	0	7491702	1
583468	0	7491704	1
583468	0	7491705	1
583468	0	7706119	1
583468	0	7706120	1
583468	0	7706122	1
583468	0	7706123	1
583468	0	7744346	1
583468	0	7744347	1
583468	0	7744348	1
583468	0	7744349	1
583468	0	7744350	1
583468	0	7744351	1
583468	0	8144444	1
583468	0	8144445	1
583468	0	8144447	1
583468	0	8144448	1
583468	0	8144451	1
583468	0	8326076	1
583468	0	8326077	1
583468	0	8326078	1
583468	0	8326080	1
583468	0	8395838	1
583468	0	8395839	1
583468	0	8395840	1
583468	0	8395842	1
583468	0	8395843	1
583468	0	8395845	1
583468	0	914662	1
583468	0	914663	1
583468	0	914665	1
583468	0	914666	1
583468	0	914667	1
583468	0	914668	1
640502	0	1034851	1
640502	0	1091795	1
640502	0	1170184	0
640502	0	1226398	0
640502	0	1226400	0
640502	0	1226405	1
640502	0	1227303	0
640502	0	1593642	0
640502	0	172502	1
640502	0	1754997	1
640502	0	1775681	0
640502	0	1775697	1
640502	0	1854588	1
640502	0	1861075	0
640502	0	1861076	0
640502	0	1957246	0
640502	0	1957247	1
640502	0	2042857	0
640502	0	2096762	1
640502	0	2096764	0
640502	0	2177955	0
640502	0	218503	0
640502	0	2445381	0
640502	0	2526910	0
640502	0	2701130	0
640502	0	2808569	1
640502	0	2808576	0
640502	0	3242633	0
640502	0	3242634	0
640502	0	3263512	0
640502	0	3263515	0
640502	0	3263516	1
640502	0	3282189	0
640502	0	3282190	0
640502	0	3282192	0
640502	0	3432047	0
640502	0	3511308	1
640502	0	3511310	0
640502	0	3551380	0
640502	0	3554994	0
640502	0	3580218	0
640502	0	3580219	0
640502	0	3992429	0
640502	0	3992434	1
640502	0	4084015	0
640502	0	4088602	0
640502	0	4088606	1
640502	0	409318	1
640502	0	409319	0
640502	0	418508	1
640502	0	418511	1
640502	0	4212893	0
640502	0	4261742	1
640502	0	4359297	1
640502	0	4359298	0
640502	0	4359302	0
640502	0	5073872	1
640502	0	5099601	0
640502	0	5150990	1
640502	0	5464492	0
640502	0	5468145	0
640502	0	5504419	0
640502	0	5539487	1
640502	0	5641149	1
640502	0	5924242	0
640502	0	598202	1
640502	0	598204	0
640502	0	598205	1
640502	0	6497379	0
640502	0	6497380	0
640502	0	6497381	0
640502	0	6497388	0
640502	0	6625299	0
640502	0	6679958	1
640502	0	6702284	0
640502	0	6702288	1
640502	0	6722459	0
640502	0	6730883	0
640502	0	6730884	1
640502	0	6730885	0
640502	0	6730886	0
640502	0	6730887	1
640502	0	6959430	0
640502	0	6985038	1
640502	0	7000432	1
640502	0	7109037	1
640502	0	7527423	0
640502	0	7540167	1
640502	0	77134	1
640502	0	7849742	0
640502	0	8003525	0
640502	0	8003526	0
640502	0	8178630	1
640502	0	8405069	0
640502	0	8405337	0
640502	0	8412227	1
640502	0	8451475	1
640502	0	8451478	0
640502	0	8462353	0
640502	0	8748665	0
67316	0	1134524	0
67316	0	1233288	0
67316	0	1277368	0
67316	0	1320687	0
67316	0	1325090	0
67316	0	1325091	0
67316	0	1325092	0
67316	0	1325095	0
67316	0	1405135	0
67316	0	1408563	0
67316	0	1920786	0
67316	0	1920788	0
67316	0	1920789	0
67316	0	1974375	0
67316	0	2277823	0
67316	0	2347766	0
67316	0	2365990	0
67316	0	2365991	0
67316	0	2365996	0
67316	0	2365997	0
67316	0	2712513	0
67316	0	2784534	0
67316	0	2930660	1
67316	0	2981364	0
67316	0	3078422	0
67316	0	308680	0
67316	0	308681	0
67316	0	3481250	0
67316	0	3679357	0
67316	0	3679358	0
67316	0	3761777	1
67316	0	3848804	0
67316	0	3848809	0
67316	0	3857558	1
67316	0	4141330	0
67316	0	4163705	0
67316	0	4180165	0
67316	0	4180169	0
67316	0	4189178	0
67316	0	44015	0
67316	0	4482564	0
67316	0	4490466	0
67316	0	450305	0
67316	0	450306	0
67316	0	450309	0
67316	0	473020	0
67316	0	4863059	1
67316	0	4922569	0
67316	0	4922570	0
67316	0	4953216	0
67316	0	5029988	0
67316	0	5084265	0
67316	0	5084267	0
67316	0	5181841	0
67316	0	5230287	0
67316	0	529228	0
67316	0	529231	0
67316	0	5477615	0
67316	0	5539961	0
67316	0	5539966	0
67316	0	5644606	0
67316	0	5695907	0
67316	0	5695908	0
67316	0	5746885	0
67316	0	5824138	0
67316	0	6091258	0
67316	0	6179111	0
67316	0	6290072	0
67316	0	6290074	0
67316	0	6290075	0
67316	0	6290078	0
67316	0	6290080	0
67316	0	6387611	1
67316	0	6507744	0
67316	0	6607541	0
67316	0	6680964	1
67316	0	6680965	0
67316	0	6764671	1
67316	0	6764675	0
67316	0	6905735	0
67316	0	6905739	0
67316	0	697258	0
67316	0	7019081	1
67316	0	7111671	0
67316	0	7111673	0
67316	0	7111675	0
67316	0	7348851	1
67316	0	7559752	0
67316	0	7563007	0
67316	0	7574360	0
67316	0	8003840	0
67316	0	8200130	0
67316	0	8261798	0
67316	0	8285742	0
67316	0	8312260	0
67316	0	8312265	1
67316	0	8431632	0
67316	0	8431634	0
67316	0	865909	0
67316	0	965892	0
701453	0	100336	0
701453	0	100342	0
701453	0	1014565	0
701453	0	1125916	1
701453	0	1188484	0
701453	0	1349417	1
701453	0	1389025	1
701453	0	1503748	0
701453	0	1667622	1
701453	0	1667623	0
701453	0	1699264	1
701453	0	1798887	1
701453	0	1841918	1
701453	0	2030306	1
701453	0	2163064	0
701453	0	2223009	0
701453	0	2607389	1
701453	0	2610149	1
701453	0	2811467	1
701453	0	296557	0
701453	0	296562	0
701453	0	299818	1
701453	0	3097694	1
701453	0	3223224	1
701453	0	3464260	1
701453	0	3703938	1
701453	0	3759038	0
701453	0	4001193	1
701453	0	4003023	0
701453	0	410016	1
701453	0	4103863	1
701453	0	4268909	0
701453	0	4330672	1
701453	0	4330673	1
701453	0	4330675	1
701453	0	4330676	1
701453	0	4330677	1
701453	0	4330679	1
701453	0	4330680	1
701453	0	4355643	1
701453	0	4355647	1
701453	0	4355649	1
701453	0	4355652	1
701453	0	4647297	0
701453	0	4832975	1
701453	0	5008056	1
701453	0	5574752	0
701453	0	5574758	1
701453	0	5732822	0
701453	0	5732823	1
701453	0	5798490	1
701453	0	5923932	0
701453	0	5923938	0
701453	0	5923939	1
701453	0	5999763	0
701453	0	6019214	0
701453	0	606127	0
701453	0	6191001	0
701453	0	6289231	1
701453	0	6353547	0
701453	0	688613	1
701453	0	688614	1
701453	0	688615	1
701453	0	688618	1
701453	0	6927982	0
701453	0	6927983	0
701453	0	6927984	1
701453	0	6968740	1
701453	0	6999084	0
701453	0	6999085	0
701453	0	6999086	0
701453	0	6999087	0
701453	0	6999088	0
701453	0	6999089	1
701453	0	6999090	0
701453	0	6999092	0
701453	0	6999093	0
701453	0	7155133	0
701453	0	7192986	0
701453	0	7259848	1
701453	0	7494104	1
701453	0	7586972	1
701453	0	7779211	0
701453	0	7806569	1
701453	0	781518	1
701453	0	8402345	1
701453	0	8402346	1
701453	0	8402350	1
701453	0	8443782	1
701453	0	8517849	1
701453	0	8576206	0
701453	0	8626140	1
701453	0	8626143	1
701453	0	8626145	1
701453	0	8626148	1
701453	0	8626149	1
701453	0	8694414	0
701453	0	871170	0
701453	0	8816183	1
701453	0	928339	0
730539	0	1112813	0
730539	0	1149318	0
730539	0	1149322	0
730539	0	1149324	0
730539	0	1214104	0
730539	0	1394997	0
730539	0	1520034	0
730539	0	1520035	0
730539	0	1520037	0
730539	0	1520038	0
730539	0	1625665	1
730539	0	1625670	1
730539	0	1625674	1
730539	0	1635378	0
730539	0	1965747	0
730539	0	2299740	0
730539	0	2299741	0
730539	0	2299747	0
730539	0	2299748	0
730539	0	2313633	0
730539	0	2348471	0
730539	0	2348473	0
730539	0	2348474	0
730539	0	2348476	0
730539	0	2348479	0
730539	0	2351414	0
730539	0	239231	1
730539	0	2619709	0
730539	0	2629412	0
730539	0	2629416	0
730539	0	2666436	1
730539	0	2666443	1
730539	0	2666444	1
730539	0	2924824	0
730539	0	2924828	0
730539	0	3161106	0
730539	0	3279002	0
730539	0	3383668	1
730539	0	3476824	1
730539	0	3944257	1
730539	0	4325051	0
730539	0	437275	0
730539	0	4380635	0
730539	0	4397647	0
730539	0	4509821	0
730539	0	4539974	1
730539	0	4605022	1
730539	0	4821894	0
730539	0	4821895	0
730539	0	4821900	0
730539	0	4821901	0
730539	0	4885112	0
730539	0	4885113	0
730539	0	4885114	0
730539	0	4885115	0
730539	0	4885121	0
730539	0	4920719	0
730539	0	4920722	0
730539	0	5015482	1
730539	0	5057950	0
730539	0	5057951	0
730539	0	5057955	0
730539	0	5301041	0
730539	0	5327724	0
730539	0	5327726	0
730539	0	5347630	0
730539	0	5379139	0
730539	0	5428552	1
730539	0	5445668	0
730539	0	5973897	0
730539	0	6076466	0
730539	0	6105418	0
730539	0	6436619	0
730539	0	7122719	0
730539	0	7122720	0
730539	0	7122722	0
730539	0	7122723	0
730539	0	7122724	0
730539	0	7250139	0
730539	0	7764443	0
730539	0	7764445	0
730539	0	7832360	0
730539	0	7869619	0
730539	0	7916064	1
730539	0	794126	0
730539	0	8045257	0
730539	0	8220533	0
730539	0	8276217	1
730539	0	8276218	1
730539	0	8276221	1
730539	0	8276222	1
730539	0	8276223	1
730539	0	8327957	1
730539	0	8327959	1
730539	0	8438051	0
730539	0	8577877	1
730539	0	8577878	1
730539	0	8577879	1
730539	0	8577882	1
730539	0	8808558	0
768208	0	1009766	0
768208	0	1022765	0
768208	0	1022766	0
768208	0	1099096	0
768208	0	1148229	0
768208	0	1153904	0
768208	0	1206601	0
768208	0	1212211	0
768208	0	1270364	0
768208	0	1382634	0
768208	0	1497994	0
768208	0	1575078	0
768208	0	1635077	0
768208	0	1635079	0
768208	0	1754830	0
768208	0	1792499	0
768208	0	1792504	0
768208	0	1792506	0
768208	0	2274398	0
768208	0	2360258	0
768208	0	2360259	0
768208	0	2360263	0
768208	0	240141	0
768208	0	240435	0
768208	0	2453462	0
768208	0	2479356	0
768208	0	2479357	0
768208	0	250886	0
768208	0	2832647	0
768208	0	2883952	0
768208	0	2968691	0
768208	0	3143790	0
768208	0	3171396	0
768208	0	355111	0
768208	0	3564075	0
768208	0	3564078	0
768208	0	3564080	0
768208	0	3691763	0
768208	0	3691770	0
768208	0	3695043	0
768208	0	3695050	0
768208	0	3710762	0
768208	0	4015047	0
768208	0	4030476	0
768208	0	4091117	0
768208	0	4526332	0
768208	0	4906613	0
768208	0	4954758	0
768208	0	5025772	0
768208	0	5025777	0
768208	0	5039567	0
768208	0	5177591	0
768208	0	52155	1
768208	0	52157	1
768208	0	52158	1
768208	0	52159	1
768208	0	52161	1
768208	0	52162	0
768208	0	52163	1
768208	0	5222129	0
768208	0	5222132	0
768208	0	5222133	0
768208	0	5222138	0
768208	0	550035	0
768208	0	5800655	0
768208	0	593882	0
768208	0	6062639	0
768208	0	6106276	0
768208	0	6187147	0
768208	0	6304781	0
768208	0	6707107	0
768208	0	6707108	0
768208	0	6834373	0
768208	0	6834380	0
768208	0	6846418	0
768208	0	6889568	0
768208	0	6944794	1
768208	0	7024403	0
768208	0	7140893	0
768208	0	7166560	0
768208	0	7166562	0
768208	0	7272036	0
768208	0	7272040	0
768208	0	7272041	0
768208	0	7272045	0
768208	0	7696555	0
768208	0	7762993	0
768208	0	7805714	0
768208	0	8078265	0
768208	0	8177423	0
768208	0	8199924	0
768208	0	8337209	0
768208	0	8337212	0
768208	0	8525681	1
768208	0	8538964	0
768208	0	8615154	0
768208	0	8663601	0
768208	0	8666556	0
768208	0	8805943	0
768208	0	903599	0
877809	0	1030813	1
877809	0	1030818	0
877809	0	1050327	1
877809	0	1208595	1
877809	0	1208598	1
877809	0	1314509	1
877809	0	1314514	1
877809	0	1335170	1
877809	0	1335886	0
877809	0	1420115	1
877809	0	1550610	1
877809	0	1550611	1
877809	0	1550612	1
877809	0	1550613	1
877809	0	1550619	1
877809	0	1821652	0
877809	0	1821653	0
877809	0	1830189	1
877809	0	1939815	1
877809	0	1939816	0
877809	0	2213762	0
877809	0	2213765	1
877809	0	2213767	1
877809	0	2515032	1
877809	0	2515036	1
877809	0	2781468	1
877809	0	2811886	0
877809	0	3328098	1
877809	0	3328100	1
877809	0	3328103	0
877809	0	35106	1
877809	0	35107	1
877809	0	35108	1
877809	0	35109	1
877809	0	35110	1
877809	0	35111	1
877809	0	35112	1
877809	0	35113	1
877809	0	35114	1
877809	0	35115	1
877809	0	3747467	0
877809	0	379134	0
877809	0	3879160	1
877809	0	3879167	1
877809	0	3914626	0
877809	0	3982282	0
877809	0	4336905	0
877809	0	4336906	0
877809	0	4336908	0
877809	0	4479524	0
877809	0	4534156	1
877809	0	4534157	0
877809	0	4534161	0
877809	0	4635482	1
877809	0	4879503	1
877809	0	4888926	1
877809	0	4888929	1
877809	0	4888932	1
877809	0	5037393	0
877809	0	5092506	0
877809	0	5092510	0
877809	0	5411990	0
877809	0	5695320	1
877809	0	5697589	1
877809	0	5697591	1
877809	0	5758393	1
877809	0	5758394	1
877809	0	5758395	1
877809	0	5758396	1
877809	0	5850349	1
877809	0	5940393	1
877809	0	6306989	0
877809	0	6306991	1
877809	0	658471	0
877809	0	6680909	1
877809	0	6704838	1
877809	0	6704845	0
877809	0	6942008	0
877809	0	7040017	1
877809	0	7040022	1
877809	0	7050366	1
877809	0	7070855	1
877809	0	7346771	1
877809	0	7380092	0
877809	0	7380100	1
877809	0	7714171	1
877809	0	7714177	0
877809	0	7832039	0
877809	0	788181	1
877809	0	7906970	1
877809	0	7952694	1
877809	0	8165590	1
877809	0	8248046	0
877809	0	8484191	1
877809	0	8484200	1
877809	0	8511146	1
877809	0	8592500	0
877809	0	8659718	1
877809	0	8703650	0
877809	0	955828	1
911232	0	1331446	0
911232	0	1334926	0
911232	0	1431887	0
911232	0	1431896	0
911232	0	1451467	0
911232	0	1847341	0
911232	0	1879470	0
911232	0	1879471	0
911232	0	1879472	0
911232	0	1879474	0
911232	0	1879475	0
911232	0	2019288	0
911232	0	2019293	0
911232	0	2019295	0
911232	0	2098856	0
911232	0	2100444	0
911232	0	2108915	0
911232	0	2298894	0
911232	0	2428677	0
911232	0	2428679	0
911232	0	2492968	0
911232	0	2499838	0
911232	0	2558190	0
911232	0	2609560	0
911232	0	2812379	0
911232	0	2861554	0
911232	0	2861555	0
911232	0	2878331	0
911232	0	2921796	0
911232	0	2921801	0
911232	0	2921803	0
911232	0	2999924	0
911232	0	2999925	1
911232	0	2999926	0
911232	0	2999927	1
911232	0	2999928	0
911232	0	2999929	0
911232	0	2999930	0
911232	0	2999931	0
911232	0	2999932	0
911232	0	2999933	0
911232	0	3053492	0
911232	0	3054179	0
911232	0	3424673	0
911232	0	3502927	0
911232	0	3539194	0
911232	0	3587998	0
911232	0	3872053	0
911232	0	3976212	0
911232	0	4100709	0
911232	0	4100712	0
911232	0	4224849	0
911232	0	4238479	0
911232	0	4291941	0
911232	0	4312004	0
911232	0	4636014	0
911232	0	480901	0
911232	0	4967296	0
911232	0	4967298	0
911232	0	4967299	1
911232	0	5009330	0
911232	0	5013053	0
911232	0	5013056	0
911232	0	5020590	0
911232	0	5020593	0
911232	0	5023472	0
911232	0	5040651	0
911232	0	5101920	0
911232	0	547709	0
911232	0	5682945	0
911232	0	5766126	0
911232	0	5970696	0
911232	0	6231482	0
911232	0	6339812	0
911232	0	6452690	0
911232	0	6928655	1
911232	0	7206444	0
911232	0	7206445	0
911232	0	7216296	0
911232	0	7279109	0
911232	0	7519035	0
911232	0	7896932	0
911232	0	8095847	0
911232	0	8095851	0
911232	0	8484178	0
911232	0	8591989	0
911232	0	8605562	0
911232	0	8605563	0
911232	0	8605567	0
911232	0	8692187	0
911232	0	8712510	0
911232	0	8712513	0
911232	0	8757788	0
911232	0	8801744	0
911232	0	8801746	0
911232	0	8816618	0
911232	0	8816620	1
911232	0	8816621	0
911232	0	8816622	1
911232	0	8816626	0
914916	0	1027218	1
914916	0	1183902	1
914916	0	1183903	1
914916	0	1183904	1
914916	0	1183905	1
914916	0	1194685	1
914916	0	1444921	1
914916	0	1545735	1
914916	0	1545738	1
914916	0	1545740	1
914916	0	1545741	1
914916	0	1545742	1
914916	0	1545743	1
914916	0	1593795	1
914916	0	2020130	0
914916	0	2020131	0
914916	0	2020133	1
914916	0	2020137	1
914916	0	2200004	1
914916	0	2295412	0
914916	0	2338697	1
914916	0	2338701	0
914916	0	2693900	0
914916	0	2754113	1
914916	0	2989234	1
914916	0	2989235	1
914916	0	2989236	1
914916	0	2989239	1
914916	0	3057739	1
914916	0	306319	1
914916	0	3152176	1
914916	0	3170834	1
914916	0	3170836	1
914916	0	3170837	1
914916	0	3170839	1
914916	0	3170840	1
914916	0	3375842	1
914916	0	3535610	1
914916	0	3573852	1
914916	0	3763839	1
914916	0	3763841	1
914916	0	3949623	0
914916	0	3975869	1
914916	0	4023897	1
914916	0	4032061	1
914916	0	4425458	0
914916	0	4425460	1
914916	0	4482574	1
914916	0	4482575	1
914916	0	4482576	1
914916	0	4482577	1
914916	0	4840522	1
914916	0	4854250	0
914916	0	4923662	0
914916	0	5039693	1
914916	0	5039696	0
914916	0	5150282	1
914916	0	5325750	0
914916	0	5363820	1
914916	0	5380650	1
914916	0	5681257	1
914916	0	5681258	1
914916	0	5681262	1
914916	0	5730351	1
914916	0	5730352	1
914916	0	5730355	1
914916	0	5730356	1
914916	0	5730357	1
914916	0	5730358	0
914916	0	5784911	1
914916	0	5784912	1
914916	0	593526	0
914916	0	593527	1
914916	0	593531	0
914916	0	6181163	1
914916	0	6181169	1
914916	0	6182367	1
914916	0	6613409	1
914916	0	6613410	1
914916	0	6818272	1
914916	0	6896369	1
914916	0	6947198	0
914916	0	7081901	1
914916	0	7081903	1
914916	0	7150649	0
914916	0	76878	0
914916	0	7738980	0
914916	0	7747319	0
914916	0	7798477	1
914916	0	7798478	1
914916	0	7798479	1
914916	0	7798480	1
914916	0	8226706	1
914916	0	8772516	1
914916	0	8772517	1
914916	0	8772518	1
914916	0	8772519	1
914916	0	8772520	1
914916	0	8772521	1
914916	0	8772525	1
938400	0	1246779	1
938400	0	2009152	1
938400	0	2009157	1
938400	0	2071052	1
938400	0	2071055	1
938400	0	2354124	0
938400	0	2484350	1
938400	0	2532047	1
938400	0	2532049	1
938400	0	2532053	1
938400	0	2870509	1
938400	0	2870513	1
938400	0	2870514	1
938400	0	2887524	0
938400	0	2958099	1
938400	0	2958100	1
938400	0	2958103	1
938400	0	2958104	1
938400	0	2958107	1
938400	0	2962205	1
938400	0	2962208	1
938400	0	2962212	1
938400	0	3088746	1
938400	0	3088747	1
938400	0	3088748	1
938400	0	3088750	1
938400	0	3088751	1
938400	0	3088752	1
938400	0	3088753	1
938400	0	3088754	1
938400	0	3088755	1
938400	0	334433	0
938400	0	3353755	1
938400	0	3353757	1
938400	0	3353758	1
938400	0	3353759	1
938400	0	3353760	1
938400	0	3353761	1
938400	0	3353762	1
938400	0	3353763	1
938400	0	3353764	1
938400	0	3385149	0
938400	0	3486898	0
938400	0	3590672	0
938400	0	3660994	0
938400	0	3820289	1
938400	0	3820292	1
938400	0	3820293	1
938400	0	3820294	1
938400	0	3914686	1
938400	0	3914690	1
938400	0	4207807	1
938400	0	4282900	0
938400	0	47281	1
938400	0	47282	1
938400	0	47286	1
938400	0	47287	1
938400	0	47289	1
938400	0	47290	1
938400	0	492658	1
938400	0	4956057	1
938400	0	4956059	1
938400	0	4956060	1
938400	0	4956063	1
938400	0	4956064	1
938400	0	5061328	1
938400	0	5569	0
938400	0	5833738	1
938400	0	5833739	1
938400	0	6501473	1
938400	0	6769073	1
938400	0	7004405	1
938400	0	7004406	1
938400	0	7004408	1
938400	0	7004409	1
938400	0	7239128	1
938400	0	7313619	1
938400	0	7313620	1
938400	0	7313621	1
938400	0	7313622	1
938400	0	7313624	1
938400	0	7313626	1
938400	0	7396871	1
938400	0	7396872	1
938400	0	7624443	1
938400	0	790222	1
938400	0	790223	1
938400	0	8178702	0
938400	0	8219953	0
938400	0	8219955	0
938400	0	8309427	1
938400	0	8309428	1
938400	0	8309430	1
938400	0	8309433	1
938400	0	8309435	1
938400	0	8309436	1
938400	0	8678066	1
938400	0	8678070	1
938400	0	8678071	1
938400	0	8835301	0
940547	0	1335718	1
940547	0	2613393	1
940547	0	2667345	1
940547	0	2667347	1
940547	0	2667350	1
940547	0	2667353	1
940547	0	2729630	1
940547	0	3167333	1
940547	0	3443058	0
940547	0	3558980	0
940547	0	3624263	1
940547	0	3706454	1
940547	0	3706456	1
940547	0	3706457	1
940547	0	3706458	1
940547	0	3822467	0
940547	0	4489262	1
940547	0	4489266	1
940547	0	4505955	1
940547	0	4566517	1
940547	0	4664997	1
940547	0	4664999	1
940547	0	4665000	1
940547	0	4665002	0
940547	0	4696636	1
940547	0	4696637	1
940547	0	4696640	1
940547	0	4696641	1
940547	0	4696642	1
940547	0	4787647	0
940547	0	4800886	1
940547	0	4800890	1
940547	0	4800891	1
940547	0	506000	1
940547	0	506003	1
940547	0	5118372	1
940547	0	5118373	1
940547	0	5118376	1
940547	0	5118378	1
940547	0	5270010	1
940547	0	5270011	0
940547	0	5270014	1
940547	0	5270019	1
940547	0	5300651	1
940547	0	5300654	1
940547	0	5368337	1
940547	0	5429311	1
940547	0	5578993	1
940547	0	5831702	1
940547	0	5831703	1
940547	0	5831704	1
940547	0	5831706	1
940547	0	5831707	1
940547	0	5831708	1
940547	0	5831709	1
940547	0	5831711	1
940547	0	5951249	1
940547	0	61062	1
940547	0	61068	1
940547	0	61069	0
940547	0	61070	1
940547	0	61071	1
940547	0	6285918	1
940547	0	6298951	1
940547	0	6782541	1
940547	0	6782542	1
940547	0	6782543	1
940547	0	6948118	1
940547	0	7259157	1
940547	0	7280582	1
940547	0	7280584	1
940547	0	7280588	1
940547	0	7282174	1
940547	0	7282176	1
940547	0	7282177	1
940547	0	7282182	1
940547	0	76567	0
940547	0	7678629	1
940547	0	7855425	1
940547	0	7951561	1
940547	0	8219040	1
940547	0	8219044	1
940547	0	8219049	1
940547	0	8219050	1
940547	0	8219052	1
940547	0	8219054	0
940547	0	8219244	1
940547	0	8219246	1
940547	0	8219248	1
940547	0	8219249	1
940547	0	837714	1
940547	0	8667178	0
940547	0	870275	1
940547	0	870279	1
940547	0	8772071	1
940547	0	8772073	1
940547	0	8772074	1
940547	0	8772075	1
940547	0	964766	1
940547	0	964772	1
997622	0	1664196	0
997622	0	1664199	0
997622	0	1664204	0
997622	0	18621	0
997622	0	18624	0
997622	0	2182282	0
997622	0	2388752	0
997622	0	2388756	0
997622	0	2399775	1
997622	0	2399776	1
997622	0	2684410	0
997622	0	2684411	0
997622	0	2684414	1
997622	0	2691445	0
997622	0	2691447	0
997622	0	2699957	0
997622	0	3142955	0
997622	0	3369596	0
997622	0	3369599	0
997622	0	3409799	0
997622	0	3409801	0
997622	0	3604705	0
997622	0	3604710	1
997622	0	3604711	1
997622	0	3767361	0
997622	0	406412	0
997622	0	406414	0
997622	0	406418	1
997622	0	406419	0
997622	0	406420	0
997622	0	4185211	0
997622	0	4287941	1
997622	0	4317196	0
997622	0	4317197	0
997622	0	4317198	0
997622	0	4317202	0
997622	0	4317203	0
997622	0	4421158	0
997622	0	4421160	0
997622	0	4518220	1
997622	0	4518221	0
997622	0	4518222	1
997622	0	4543861	1
997622	0	4543864	1
997622	0	4543865	1
997622	0	4543867	1
997622	0	4543869	1
997622	0	4596839	1
997622	0	4643388	1
997622	0	4643389	1
997622	0	4643392	1
997622	0	4643394	1
997622	0	4643397	1
997622	0	4700298	1
997622	0	4700299	0
997622	0	4723212	0
997622	0	4723214	0
997622	0	4734743	1
997622	0	4734747	0
997622	0	4810065	0
997622	0	4871997	0
997622	0	4871999	0
997622	0	5084953	0
997622	0	5084956	0
997622	0	5111440	0
997622	0	5111444	0
997622	0	5172000	0
997622	0	5389321	0
997622	0	5389322	0
997622	0	5430569	0
997622	0	5618213	0
997622	0	5618217	0
997622	0	5694846	0
997622	0	5719836	0
997622	0	59869	0
997622	0	59871	0
997622	0	59874	0
997622	0	6501163	0
997622	0	650167	0
997622	0	72291	1
997622	0	72292	0
997622	0	72293	0
997622	0	73460	1
997622	0	73462	1
997622	0	73464	0
997622	0	73465	1
997622	0	7824655	0
997622	0	7834077	1
997622	0	8208582	0
997622	0	8533344	1
997622	0	8533348	1
997622	0	8658514	0
997622	0	8684993	0
997622	0	8684996	1
997622	0	8782273	0
997622	0	8813537	1
997622	0	941632	1
997622	0	941634	0
997622	0	941636	0
997622	0	972448	1
