1030303	0	1161432	5
1030303	0	1161439	4
1030303	0	1292821	4
1030303	0	1305520	4
1030303	0	1305521	4
1030303	0	1305526	0
1030303	0	1305528	0
1030303	0	1376556	0
1030303	0	1376558	0
1030303	0	1451846	0
1030303	0	1451848	4
1030303	0	1492373	4
1030303	0	17758	4
1030303	0	1883825	0
1030303	0	1904230	0
1030303	0	1905988	4
1030303	0	2001450	4
1030303	0	2026757	0
1030303	0	2047616	0
1030303	0	2181266	0
1030303	0	2363225	0
1030303	0	2379218	0
1030303	0	2498375	0
1030303	0	2570684	0
1030303	0	2579233	0
1030303	0	2597066	4
1030303	0	2663870	0
1030303	0	2782702	0
1030303	0	2790280	0
1030303	0	2790283	0
1030303	0	2948263	0
1030303	0	3045025	0
1030303	0	3062381	4
1030303	0	309441	0
1030303	0	3302252	4
1030303	0	3302253	0
1030303	0	336399	4
1030303	0	3443563	0
1030303	0	3575170	0
1030303	0	3880502	4
1030303	0	4130105	0
1030303	0	4179453	4
1030303	0	4358004	4
1030303	0	4430389	0
1030303	0	4430391	0
1030303	0	4430392	0
1030303	0	4433364	0
1030303	0	4572188	0
1030303	0	4691526	0
1030303	0	4760233	0
1030303	0	5086539	0
1030303	0	5130396	0
1030303	0	5130399	0
1030303	0	5155565	0
1030303	0	5161996	0
1030303	0	5285789	0
1030303	0	5343087	0
1030303	0	5391149	4
1030303	0	5409998	0
1030303	0	548030	0
1030303	0	54874	0
1030303	0	5681379	0
1030303	0	5681381	0
1030303	0	5681383	0
1030303	0	5681385	0
1030303	0	5972645	0
1030303	0	6051511	0
1030303	0	6054027	0
1030303	0	6054029	0
1030303	0	6054030	0
1030303	0	6222298	0
1030303	0	6271629	4
1030303	0	64707	0
1030303	0	6796850	0
1030303	0	6939422	4
1030303	0	6939423	4
1030303	0	6939426	4
1030303	0	6939430	4
1030303	0	6939431	4
1030303	0	7156982	5
1030303	0	7168320	0
1030303	0	7282857	0
1030303	0	7284047	0
1030303	0	7284048	0
1030303	0	7508059	4
1030303	0	7616221	0
1030303	0	7616223	0
1030303	0	8153628	4
1030303	0	8364987	0
1030303	0	842420	0
1030303	0	8542374	0
1030303	0	8726429	5
1030303	0	8726430	5
1030303	0	8726432	0
1030303	0	8726433	5
1030303	0	8726434	5
1030303	0	8726435	5
1030303	0	8726436	5
1030303	0	8726437	5
1030303	0	8777713	0
1037496	0	1026378	0
1037496	0	1122840	2
1037496	0	1278123	2
1037496	0	1792709	0
1037496	0	2121156	0
1037496	0	2222120	2
1037496	0	2283843	0
1037496	0	2556452	2
1037496	0	2578228	2
1037496	0	2672141	2
1037496	0	2712983	0
1037496	0	2725825	5
1037496	0	2725828	2
1037496	0	2725829	2
1037496	0	2725834	2
1037496	0	2867889	2
1037496	0	2871530	2
1037496	0	2871532	2
1037496	0	2902707	2
1037496	0	2998518	0
1037496	0	2998522	0
1037496	0	3019374	0
1037496	0	3019376	0
1037496	0	3161832	0
1037496	0	3275556	2
1037496	0	327747	0
1037496	0	3356592	2
1037496	0	3356595	2
1037496	0	3725931	2
1037496	0	3725932	2
1037496	0	3725933	2
1037496	0	3725934	5
1037496	0	3725935	2
1037496	0	3725936	2
1037496	0	3725937	5
1037496	0	3725938	2
1037496	0	3725939	2
1037496	0	3725940	2
1037496	0	3852733	5
1037496	0	3913497	0
1037496	0	3921688	0
1037496	0	4174374	2
1037496	0	4174376	2
1037496	0	4174377	5
1037496	0	4174378	2
1037496	0	4174380	2
1037496	0	4187303	2
1037496	0	4187304	2
1037496	0	4187305	5
1037496	0	4187307	2
1037496	0	4187309	2
1037496	0	4436444	2
1037496	0	458638	2
1037496	0	4703649	0
1037496	0	4703653	0
1037496	0	4703655	0
1037496	0	4703657	0
1037496	0	4760906	2
1037496	0	4760907	5
1037496	0	4760908	2
1037496	0	4760909	2
1037496	0	4760912	5
1037496	0	4760914	2
1037496	0	4760915	2
1037496	0	4905509	2
1037496	0	4905511	2
1037496	0	4912160	2
1037496	0	4912162	2
1037496	0	4912163	2
1037496	0	4912166	2
1037496	0	4912167	2
1037496	0	4993566	2
1037496	0	5127476	0
1037496	0	5127477	0
1037496	0	5127479	0
1037496	0	5491919	0
1037496	0	55963	2
1037496	0	57410	2
1037496	0	5927420	2
1037496	0	5933463	0
1037496	0	5962997	0
1037496	0	5994936	0
1037496	0	6866284	2
1037496	0	6911517	0
1037496	0	7090984	0
1037496	0	7090990	0
1037496	0	7287404	5
1037496	0	7303411	0
1037496	0	7303413	0
1037496	0	7303416	0
1037496	0	7766583	5
1037496	0	7766584	2
1037496	0	7766585	2
1037496	0	7766587	5
1037496	0	8159564	2
1037496	0	8196479	2
1037496	0	8301821	0
1037496	0	8413922	2
1037496	0	8413924	2
1037496	0	8674828	2
1043135	0	1536025	1
1043135	0	1536028	1
1043135	0	1637694	4
1043135	0	1637701	4
1043135	0	1727793	4
1043135	0	1845636	4
1043135	0	1845637	1
1043135	0	1845638	0
1043135	0	1845639	0
1043135	0	1845640	1
1043135	0	1845641	0
1043135	0	1845642	0
1043135	0	1845643	1
1043135	0	1845644	1
1043135	0	2443317	4
1043135	0	2443319	4
1043135	0	2443321	4
1043135	0	2514458	0
1043135	0	2514945	1
1043135	0	2514950	1
1043135	0	2514951	1
1043135	0	2514953	1
1043135	0	2664986	4
1043135	0	2664987	1
1043135	0	2664988	4
1043135	0	2664989	5
1043135	0	2664990	4
1043135	0	2664991	0
1043135	0	2664992	4
1043135	0	2664993	4
1043135	0	2664994	1
1043135	0	2664995	5
1043135	0	2790617	0
1043135	0	2790624	1
1043135	0	3115125	1
1043135	0	3163700	0
1043135	0	3209006	1
1043135	0	3378235	1
1043135	0	3378240	4
1043135	0	3503272	1
1043135	0	3581771	1
1043135	0	3878603	5
1043135	0	3878608	4
1043135	0	4355523	5
1043135	0	4355525	4
1043135	0	4355532	1
1043135	0	4541687	1
1043135	0	4541688	4
1043135	0	4541689	1
1043135	0	4541690	1
1043135	0	4541691	1
1043135	0	4541692	1
1043135	0	4541694	1
1043135	0	4708916	1
1043135	0	4708920	1
1043135	0	4721484	1
1043135	0	4994428	5
1043135	0	4994429	1
1043135	0	5119432	1
1043135	0	5262282	1
1043135	0	5262285	1
1043135	0	5262288	5
1043135	0	5262289	5
1043135	0	5262290	0
1043135	0	6044059	1
1043135	0	6044061	1
1043135	0	650641	4
1043135	0	650642	5
1043135	0	650644	1
1043135	0	7022075	1
1043135	0	7022079	4
1043135	0	7137849	5
1043135	0	7137851	5
1043135	0	7137852	4
1043135	0	7137853	4
1043135	0	7502382	1
1043135	0	7770352	1
1043135	0	7945772	1
1043135	0	8049995	1
1043135	0	8049997	0
1043135	0	8224806	4
1043135	0	8224812	1
1043135	0	8224813	1
1043135	0	8632894	1
1043135	0	8632895	1
1043135	0	8632897	1
1043135	0	8696952	5
1043135	0	8696953	4
1043135	0	8696954	4
1043135	0	8696955	1
1043135	0	8696956	5
1043135	0	8696957	5
1043135	0	8696958	1
1043135	0	8696959	1
1043135	0	8696960	4
1043135	0	8696961	5
1043135	0	8787047	1
1043135	0	8787048	1
1043135	0	8787049	1
1043135	0	917857	1
1051399	0	1691285	3
1051399	0	1892663	0
1051399	0	2250216	3
1051399	0	2250224	0
1051399	0	2415279	3
1051399	0	2415281	0
1051399	0	2415287	0
1051399	0	2426195	0
1051399	0	2561807	3
1051399	0	2662567	0
1051399	0	2662569	0
1051399	0	2662571	0
1051399	0	2724865	0
1051399	0	2878185	3
1051399	0	3174240	5
1051399	0	3235420	0
1051399	0	3235424	0
1051399	0	3280846	0
1051399	0	3376619	3
1051399	0	3376620	3
1051399	0	3376621	3
1051399	0	3376623	3
1051399	0	3376624	3
1051399	0	3376626	3
1051399	0	3376627	3
1051399	0	3408320	3
1051399	0	3556860	0
1051399	0	3681694	3
1051399	0	3681695	0
1051399	0	3681698	0
1051399	0	3681701	0
1051399	0	3854986	3
1051399	0	3854988	3
1051399	0	3854989	3
1051399	0	3940451	3
1051399	0	3943224	3
1051399	0	3943227	3
1051399	0	3943228	5
1051399	0	3943229	5
1051399	0	4090447	0
1051399	0	4090448	0
1051399	0	4172045	0
1051399	0	4172049	0
1051399	0	4204180	0
1051399	0	4223137	0
1051399	0	4223142	0
1051399	0	4236567	0
1051399	0	4352399	3
1051399	0	4356223	0
1051399	0	4418228	3
1051399	0	4423636	0
1051399	0	4426182	5
1051399	0	4426187	5
1051399	0	4426188	5
1051399	0	4469285	0
1051399	0	4469293	0
1051399	0	4486012	5
1051399	0	4670223	3
1051399	0	4670226	0
1051399	0	4815630	0
1051399	0	4878563	3
1051399	0	4970958	3
1051399	0	5124882	3
1051399	0	5146839	0
1051399	0	5271581	0
1051399	0	5344444	3
1051399	0	570298	0
1051399	0	570299	0
1051399	0	570300	0
1051399	0	570302	0
1051399	0	5935348	3
1051399	0	5935350	0
1051399	0	6092773	3
1051399	0	6390410	0
1051399	0	65354	0
1051399	0	66461	0
1051399	0	6883641	3
1051399	0	69813	5
1051399	0	69818	5
1051399	0	69819	3
1051399	0	7010848	0
1051399	0	7039744	3
1051399	0	7039751	3
1051399	0	7286860	0
1051399	0	7288845	3
1051399	0	7576339	0
1051399	0	7576341	3
1051399	0	7576346	0
1051399	0	7744096	3
1051399	0	7780098	0
1051399	0	7886747	3
1051399	0	7946872	0
1051399	0	7947814	0
1051399	0	8328712	0
1051399	0	8460787	3
1051399	0	8541757	0
1051399	0	893259	0
1051399	0	893261	0
1051399	0	893262	0
1051399	0	893263	0
1064670	0	100815	2
1064670	0	1219495	2
1064670	0	129459	4
1064670	0	129461	4
1064670	0	129462	4
1064670	0	129463	4
1064670	0	129467	4
1064670	0	129468	4
1064670	0	1325766	0
1064670	0	1502458	0
1064670	0	1502462	0
1064670	0	1690787	0
1064670	0	1946392	0
1064670	0	2087457	0
1064670	0	2183893	0
1064670	0	2183899	4
1064670	0	2514966	0
1064670	0	2810854	0
1064670	0	2810856	0
1064670	0	2839843	4
1064670	0	293152	2
1064670	0	2977156	4
1064670	0	2977159	4
1064670	0	2977160	4
1064670	0	3077669	2
1064670	0	3079526	4
1064670	0	3300148	0
1064670	0	3300157	0
1064670	0	3333956	0
1064670	0	3477583	0
1064670	0	3561216	0
1064670	0	3644827	2
1064670	0	3644829	2
1064670	0	3729575	0
1064670	0	3729576	0
1064670	0	3729578	0
1064670	0	3729581	0
1064670	0	3807086	2
1064670	0	3826026	4
1064670	0	402493	4
1064670	0	4069993	0
1064670	0	4114926	4
1064670	0	4217682	2
1064670	0	4251134	0
1064670	0	4287682	0
1064670	0	4665418	0
1064670	0	4665419	0
1064670	0	4845469	0
1064670	0	5132336	2
1064670	0	554926	2
1064670	0	5608820	2
1064670	0	5652896	0
1064670	0	5874333	0
1064670	0	5888403	4
1064670	0	5888407	2
1064670	0	6038320	2
1064670	0	6062648	4
1064670	0	6093593	2
1064670	0	6106335	2
1064670	0	6106338	2
1064670	0	6106340	2
1064670	0	6106342	2
1064670	0	6169742	4
1064670	0	6364039	2
1064670	0	6770496	2
1064670	0	6824284	4
1064670	0	6824285	4
1064670	0	6824287	4
1064670	0	6824288	4
1064670	0	6867208	0
1064670	0	6878678	2
1064670	0	6878684	2
1064670	0	6878685	2
1064670	0	6991411	0
1064670	0	7012470	0
1064670	0	7318993	0
1064670	0	736681	4
1064670	0	7403024	2
1064670	0	7471765	2
1064670	0	7556560	2
1064670	0	7556561	0
1064670	0	7734392	2
1064670	0	7968225	2
1064670	0	8100018	4
1064670	0	8100020	4
1064670	0	816346	4
1064670	0	8337453	4
1064670	0	8337458	2
1064670	0	8386939	0
1064670	0	8496831	0
1064670	0	8680897	5
1064670	0	8680901	5
1064670	0	8680902	4
1064670	0	8680903	5
1064670	0	8680904	5
1064670	0	8680905	5
1064670	0	8680906	4
1064670	0	8734273	4
1064670	0	8748215	0
1064670	0	8750942	2
1071750	0	1110355	0
1071750	0	2562017	2
1071750	0	2670747	2
1071750	0	27185	2
1071750	0	3016474	4
1071750	0	3016475	0
1071750	0	3016476	2
1071750	0	3016477	0
1071750	0	3016478	0
1071750	0	3016481	4
1071750	0	3016482	4
1071750	0	3016483	2
1071750	0	3477868	2
1071750	0	3477869	2
1071750	0	3477870	2
1071750	0	3477871	0
1071750	0	3477873	2
1071750	0	3575934	4
1071750	0	3719923	0
1071750	0	3719925	2
1071750	0	3719926	4
1071750	0	3719929	2
1071750	0	3719930	0
1071750	0	3928913	5
1071750	0	3928914	4
1071750	0	3928915	4
1071750	0	3928916	4
1071750	0	3928917	4
1071750	0	3928918	4
1071750	0	3928919	4
1071750	0	3972898	0
1071750	0	4094983	0
1071750	0	4094984	0
1071750	0	4094986	0
1071750	0	4094988	0
1071750	0	4094989	0
1071750	0	4094990	0
1071750	0	4094991	2
1071750	0	4133636	0
1071750	0	4133638	0
1071750	0	4133640	2
1071750	0	4133641	0
1071750	0	4133644	4
1071750	0	4360119	0
1071750	0	4360121	2
1071750	0	4360125	2
1071750	0	4360127	0
1071750	0	4717395	2
1071750	0	4717396	0
1071750	0	4717397	0
1071750	0	4717398	0
1071750	0	4717400	2
1071750	0	4717401	5
1071750	0	4717402	0
1071750	0	4717403	2
1071750	0	4794978	4
1071750	0	4853905	0
1071750	0	4853911	0
1071750	0	5510448	2
1071750	0	5510450	2
1071750	0	5510451	0
1071750	0	5734677	0
1071750	0	5817517	2
1071750	0	6508490	2
1071750	0	6508491	4
1071750	0	6508493	4
1071750	0	6508494	4
1071750	0	6508496	4
1071750	0	6508497	2
1071750	0	6508498	4
1071750	0	6508499	2
1071750	0	7018750	2
1071750	0	7018752	2
1071750	0	7234874	0
1071750	0	7697597	2
1071750	0	7778577	4
1071750	0	8017969	0
1071750	0	8017972	0
1071750	0	8017974	0
1071750	0	8017976	0
1071750	0	8378382	4
1071750	0	8378383	4
1071750	0	8378384	2
1071750	0	8378385	4
1071750	0	8378386	2
1071750	0	8378387	2
1071750	0	8378388	4
1071750	0	8378389	4
1071750	0	8378390	4
1071750	0	8378391	4
1071750	0	8698267	4
1071750	0	8698268	4
1071750	0	8698269	4
1071750	0	8698270	4
1071750	0	8698271	4
1071750	0	8698272	4
1071750	0	8698273	4
1071750	0	8698274	5
1071750	0	8698275	4
1071750	0	8698276	4
1105792	0	1088726	0
1105792	0	1088729	5
1105792	0	1103228	0
1105792	0	1103229	0
1105792	0	1198608	3
1105792	0	1217271	0
1105792	0	1414377	3
1105792	0	1577040	0
1105792	0	1620080	0
1105792	0	1620089	0
1105792	0	189096	0
1105792	0	1955925	0
1105792	0	1955926	0
1105792	0	2151360	3
1105792	0	2493110	0
1105792	0	2501200	3
1105792	0	2668970	3
1105792	0	2668971	5
1105792	0	2668972	5
1105792	0	2694294	0
1105792	0	2694295	0
1105792	0	2694299	0
1105792	0	2694300	0
1105792	0	2918294	3
1105792	0	3003635	0
1105792	0	3098742	3
1105792	0	3098743	0
1105792	0	319934	0
1105792	0	319935	0
1105792	0	3229378	3
1105792	0	3229384	0
1105792	0	3435412	5
1105792	0	3435421	0
1105792	0	3614033	0
1105792	0	3633740	0
1105792	0	3633744	0
1105792	0	3719291	3
1105792	0	3719296	0
1105792	0	3813126	5
1105792	0	4043059	0
1105792	0	4193890	0
1105792	0	4193891	0
1105792	0	4193892	3
1105792	0	4193893	0
1105792	0	4193894	0
1105792	0	4193895	3
1105792	0	4350927	0
1105792	0	4398554	0
1105792	0	4423141	0
1105792	0	4423143	0
1105792	0	4423145	0
1105792	0	4864128	0
1105792	0	4864131	0
1105792	0	4864134	3
1105792	0	4927361	5
1105792	0	4927364	0
1105792	0	4948671	0
1105792	0	4948673	0
1105792	0	5174038	0
1105792	0	5280400	3
1105792	0	5556621	0
1105792	0	586107	0
1105792	0	586112	3
1105792	0	586113	3
1105792	0	586114	3
1105792	0	6264284	3
1105792	0	6413943	0
1105792	0	6493765	0
1105792	0	6506102	0
1105792	0	6977017	5
1105792	0	7144173	5
1105792	0	7144175	5
1105792	0	7203524	0
1105792	0	7255300	0
1105792	0	7672527	0
1105792	0	7808437	0
1105792	0	8201610	5
1105792	0	8201611	5
1105792	0	8201612	5
1105792	0	8201613	5
1105792	0	8201614	5
1105792	0	8201615	5
1105792	0	8201616	5
1105792	0	8201617	5
1105792	0	8201618	5
1105792	0	8201619	5
1105792	0	8629780	3
1105792	0	8711174	5
1105792	0	8711177	5
1105792	0	8711180	5
1105792	0	8782135	0
1105792	0	8788188	3
1105792	0	961491	5
1105792	0	961492	0
1105792	0	961493	3
1105792	0	961494	0
1105792	0	961497	3
1105792	0	991601	3
1105792	0	991602	3
1105792	0	991607	0
1106979	0	1039252	4
1106979	0	139740	0
1106979	0	1404125	0
1106979	0	1588765	0
1106979	0	1589841	2
1106979	0	1951280	2
1106979	0	1951287	2
1106979	0	210628	0
1106979	0	2135552	2
1106979	0	2135553	2
1106979	0	2258092	0
1106979	0	2306620	5
1106979	0	2375311	0
1106979	0	2375312	0
1106979	0	2375313	2
1106979	0	2375317	0
1106979	0	2391241	0
1106979	0	2420228	0
1106979	0	2496608	4
1106979	0	2789920	2
1106979	0	2789921	4
1106979	0	2884219	4
1106979	0	2884220	2
1106979	0	2884222	4
1106979	0	2884225	4
1106979	0	2884226	2
1106979	0	3018740	0
1106979	0	3018741	0
1106979	0	3058146	0
1106979	0	3290646	4
1106979	0	3290649	4
1106979	0	3290651	5
1106979	0	348054	5
1106979	0	348055	5
1106979	0	348057	5
1106979	0	3644124	0
1106979	0	391272	0
1106979	0	4085368	2
1106979	0	4085370	2
1106979	0	4102607	0
1106979	0	4259138	0
1106979	0	430215	0
1106979	0	431033	0
1106979	0	431034	0
1106979	0	4585827	0
1106979	0	4624749	0
1106979	0	4624750	0
1106979	0	4624751	0
1106979	0	4624755	0
1106979	0	5070543	0
1106979	0	5383176	4
1106979	0	563070	0
1106979	0	563072	0
1106979	0	5775866	0
1106979	0	5838049	0
1106979	0	620247	0
1106979	0	6221485	4
1106979	0	6221486	4
1106979	0	6221487	4
1106979	0	6221488	4
1106979	0	6221490	4
1106979	0	6221492	4
1106979	0	6221494	4
1106979	0	6373567	0
1106979	0	6612078	0
1106979	0	6670167	0
1106979	0	6678438	0
1106979	0	6678441	0
1106979	0	69637	0
1106979	0	69640	0
1106979	0	7145644	0
1106979	0	7145648	0
1106979	0	7557632	4
1106979	0	7674415	2
1106979	0	7674419	4
1106979	0	7674423	2
1106979	0	7920795	4
1106979	0	7920803	2
1106979	0	799359	5
1106979	0	799360	4
1106979	0	8177315	2
1106979	0	8190132	4
1106979	0	8190133	5
1106979	0	8190134	5
1106979	0	8190136	5
1106979	0	8190137	5
1106979	0	8190138	4
1106979	0	8190139	5
1106979	0	8190140	5
1106979	0	826511	0
1106979	0	826512	0
1106979	0	826516	0
1106979	0	8585465	0
1106979	0	8585468	0
1106979	0	8820393	0
1106979	0	8820396	0
1106979	0	885815	0
1106979	0	885818	2
1106979	0	947605	2
1106979	0	970167	0
1108651	0	1316982	0
1108651	0	1325618	1
1108651	0	1421349	4
1108651	0	1421350	4
1108651	0	1421351	4
1108651	0	1421353	4
1108651	0	1421354	4
1108651	0	1421355	4
1108651	0	1421356	4
1108651	0	1457501	1
1108651	0	1457502	1
1108651	0	1621553	0
1108651	0	1621557	0
1108651	0	1643320	1
1108651	0	1643321	1
1108651	0	1643324	4
1108651	0	1643325	1
1108651	0	1649634	1
1108651	0	1649637	4
1108651	0	1649639	4
1108651	0	1738015	1
1108651	0	1738017	1
1108651	0	2141336	4
1108651	0	2475817	1
1108651	0	2497199	1
1108651	0	2497201	1
1108651	0	2564923	1
1108651	0	2564930	4
1108651	0	2682940	1
1108651	0	2745683	4
1108651	0	2920134	1
1108651	0	2920137	1
1108651	0	3102788	4
1108651	0	3102791	1
1108651	0	3102792	4
1108651	0	3561559	0
1108651	0	3561560	0
1108651	0	3941207	1
1108651	0	3941209	1
1108651	0	4304301	1
1108651	0	4351515	1
1108651	0	4742421	1
1108651	0	479159	0
1108651	0	479166	0
1108651	0	4911228	1
1108651	0	5066712	1
1108651	0	5267001	1
1108651	0	5330509	4
1108651	0	5330512	4
1108651	0	5330513	1
1108651	0	5494401	4
1108651	0	5494410	1
1108651	0	5830553	4
1108651	0	6058576	1
1108651	0	6205441	1
1108651	0	6267454	1
1108651	0	6312698	0
1108651	0	6461621	1
1108651	0	6522183	4
1108651	0	6623205	1
1108651	0	6635998	4
1108651	0	6636001	4
1108651	0	6731792	4
1108651	0	6756165	1
1108651	0	7111296	1
1108651	0	7296468	0
1108651	0	7384898	1
1108651	0	7384902	1
1108651	0	7562550	0
1108651	0	7754981	0
1108651	0	7904315	1
1108651	0	815596	1
1108651	0	815597	1
1108651	0	815600	1
1108651	0	8175406	4
1108651	0	8175407	4
1108651	0	8175408	4
1108651	0	8175409	4
1108651	0	8175410	1
1108651	0	8175411	4
1108651	0	8175412	4
1108651	0	8175414	4
1108651	0	8175415	4
1108651	0	820252	0
1108651	0	8258085	4
1108651	0	8289552	4
1108651	0	8289553	1
1108651	0	8289554	4
1108651	0	8289555	4
1108651	0	8289556	4
1108651	0	8289557	4
1108651	0	8289560	4
1108651	0	8289561	4
1108651	0	8410352	1
1108651	0	8410357	1
1108651	0	847715	0
1108651	0	847721	1
1108651	0	8523642	1
1108651	0	8591633	1
1108651	0	8675709	0
1109707	0	1011113	5
1109707	0	1058288	1
1109707	0	1062372	1
1109707	0	107894	1
1109707	0	1143386	5
1109707	0	1143389	5
1109707	0	1207303	1
1109707	0	1235933	1
1109707	0	1255272	1
1109707	0	1335839	0
1109707	0	1444599	1
1109707	0	1608567	5
1109707	0	1671350	1
1109707	0	1719371	5
1109707	0	1719372	1
1109707	0	1719374	1
1109707	0	1823563	1
1109707	0	1911564	5
1109707	0	1969321	1
1109707	0	2245437	5
1109707	0	2456877	1
1109707	0	2510185	1
1109707	0	2608505	1
1109707	0	2646535	1
1109707	0	2649125	1
1109707	0	2879392	1
1109707	0	2882564	1
1109707	0	3039465	1
1109707	0	3101500	1
1109707	0	3421435	0
1109707	0	3497360	1
1109707	0	353770	0
1109707	0	353771	1
1109707	0	353772	1
1109707	0	3609758	1
1109707	0	3943399	1
1109707	0	3982977	5
1109707	0	4044432	1
1109707	0	4099609	5
1109707	0	4122615	1
1109707	0	4122618	1
1109707	0	4237062	1
1109707	0	4285843	1
1109707	0	4294915	1
1109707	0	4332695	1
1109707	0	4370753	1
1109707	0	4370755	1
1109707	0	4370756	1
1109707	0	4370757	0
1109707	0	4529876	1
1109707	0	458599	5
1109707	0	459374	1
1109707	0	459375	1
1109707	0	4709476	1
1109707	0	4788762	1
1109707	0	4867369	0
1109707	0	4869410	1
1109707	0	4933635	0
1109707	0	5061689	1
1109707	0	5121347	5
1109707	0	5145050	1
1109707	0	517840	1
1109707	0	5270487	0
1109707	0	5415865	1
1109707	0	561627	1
1109707	0	561628	1
1109707	0	5813142	1
1109707	0	5826551	1
1109707	0	5942603	1
1109707	0	5947139	5
1109707	0	5947140	1
1109707	0	603152	1
1109707	0	6238285	5
1109707	0	6238290	5
1109707	0	6652794	5
1109707	0	6872195	5
1109707	0	7241552	0
1109707	0	7241556	0
1109707	0	7241557	1
1109707	0	7566097	1
1109707	0	7566098	1
1109707	0	7566099	1
1109707	0	7566100	0
1109707	0	7566102	1
1109707	0	7566104	1
1109707	0	7566105	1
1109707	0	7671117	1
1109707	0	7671118	1
1109707	0	7671120	1
1109707	0	771002	5
1109707	0	785762	1
1109707	0	7979664	1
1109707	0	8027668	1
1109707	0	8165491	0
1109707	0	8165492	1
1109707	0	8165497	1
1109707	0	8363279	5
1109707	0	8411153	1
1109707	0	8411158	1
1109707	0	8411159	1
1110678	0	1054012	2
1110678	0	1180481	1
1110678	0	1191773	2
1110678	0	1273671	2
1110678	0	1273673	2
1110678	0	1273674	2
1110678	0	1273677	2
1110678	0	1327784	2
1110678	0	1555304	2
1110678	0	1896414	2
1110678	0	2041759	1
1110678	0	2096160	1
1110678	0	2126363	2
1110678	0	2519148	1
1110678	0	2596263	2
1110678	0	2713703	2
1110678	0	2713704	2
1110678	0	2713705	2
1110678	0	2713707	2
1110678	0	2713708	1
1110678	0	2713709	2
1110678	0	2713711	2
1110678	0	2714688	2
1110678	0	2822946	1
1110678	0	3195542	1
1110678	0	3460001	1
1110678	0	3491747	0
1110678	0	358450	5
1110678	0	3719134	2
1110678	0	3816892	0
1110678	0	3898227	2
1110678	0	4007919	1
1110678	0	4105531	2
1110678	0	4113151	0
1110678	0	428925	2
1110678	0	4297749	1
1110678	0	4421148	0
1110678	0	4421151	0
1110678	0	4465231	2
1110678	0	4517440	2
1110678	0	4562240	2
1110678	0	4671167	2
1110678	0	4671169	2
1110678	0	4686315	1
1110678	0	4709625	2
1110678	0	5260903	1
1110678	0	5272210	2
1110678	0	539177	2
1110678	0	5510586	2
1110678	0	5719597	2
1110678	0	5719602	2
1110678	0	5755316	1
1110678	0	5915945	2
1110678	0	6028890	1
1110678	0	6132506	0
1110678	0	6132507	0
1110678	0	6132509	0
1110678	0	6132511	0
1110678	0	6132513	0
1110678	0	6199919	2
1110678	0	6199920	2
1110678	0	6293499	2
1110678	0	6313951	0
1110678	0	6628388	1
1110678	0	6632692	2
1110678	0	6760989	1
1110678	0	6852025	2
1110678	0	6975878	2
1110678	0	7062093	0
1110678	0	7139329	2
1110678	0	7142094	2
1110678	0	7143067	2
1110678	0	7182988	2
1110678	0	7204348	0
1110678	0	7238156	1
1110678	0	7415114	2
1110678	0	741943	2
1110678	0	7671274	2
1110678	0	7681504	2
1110678	0	7742343	1
1110678	0	7775444	0
1110678	0	7822741	1
1110678	0	7822742	1
1110678	0	7822744	2
1110678	0	7830476	0
1110678	0	7833464	2
1110678	0	7836452	0
1110678	0	7836455	0
1110678	0	8055252	2
1110678	0	8092357	2
1110678	0	8155905	1
1110678	0	8155906	2
1110678	0	8155909	2
1110678	0	8155912	5
1110678	0	8155913	5
1110678	0	8155914	5
1110678	0	8167651	1
1110678	0	8315658	1
1110678	0	8319126	2
1110678	0	8472075	0
1113256	0	1407862	0
1113256	0	1407863	3
1113256	0	1407864	3
1113256	0	1407866	3
1113256	0	1407867	3
1113256	0	1407868	3
1113256	0	1407869	3
1113256	0	1407871	0
1113256	0	1669121	0
1113256	0	2067388	0
1113256	0	2067390	0
1113256	0	2067391	0
1113256	0	2285444	0
1113256	0	2285445	0
1113256	0	2285447	0
1113256	0	2285451	0
1113256	0	2321033	0
1113256	0	2321035	0
1113256	0	2321036	0
1113256	0	2321037	0
1113256	0	2321039	3
1113256	0	2550320	0
1113256	0	2680775	0
1113256	0	2713310	0
1113256	0	2713311	3
1113256	0	2713313	0
1113256	0	2713314	0
1113256	0	2713317	0
1113256	0	3059689	0
1113256	0	3059697	0
1113256	0	3263257	0
1113256	0	3263258	3
1113256	0	3263261	0
1113256	0	3263263	3
1113256	0	3479466	0
1113256	0	3539362	3
1113256	0	3539363	3
1113256	0	3539364	3
1113256	0	3539365	0
1113256	0	3539366	3
1113256	0	3539368	0
1113256	0	3808615	0
1113256	0	3828437	0
1113256	0	3828438	3
1113256	0	3828444	0
1113256	0	3976056	3
1113256	0	3976057	3
1113256	0	3976060	3
1113256	0	3976061	3
1113256	0	3976062	0
1113256	0	3976064	3
1113256	0	4098128	0
1113256	0	4689495	3
1113256	0	4689499	3
1113256	0	5097231	0
1113256	0	5236650	0
1113256	0	5236651	3
1113256	0	5365817	3
1113256	0	5542279	0
1113256	0	5542281	0
1113256	0	5723303	0
1113256	0	5723305	0
1113256	0	6061138	0
1113256	0	6915166	3
1113256	0	6915168	3
1113256	0	6915169	0
1113256	0	6915170	3
1113256	0	6915171	3
1113256	0	6922183	0
1113256	0	7010269	0
1113256	0	7010271	0
1113256	0	7010275	0
1113256	0	7010277	0
1113256	0	7330982	0
1113256	0	7494942	3
1113256	0	7561111	5
1113256	0	7561113	5
1113256	0	7561114	5
1113256	0	7561115	5
1113256	0	7561116	5
1113256	0	7561117	5
1113256	0	7561118	5
1113256	0	7561120	5
1113256	0	7572361	0
1113256	0	7594310	3
1113256	0	7843128	0
1113256	0	7843129	3
1113256	0	7843131	0
1113256	0	7843132	0
1113256	0	8130528	5
1113256	0	8130529	5
1113256	0	8130530	5
1113256	0	8130531	3
1113256	0	8130534	3
1113256	0	8130535	5
1113256	0	8224539	3
1113256	0	8224542	0
1113256	0	8224544	3
1113256	0	829580	0
1113256	0	8758391	0
1115210	0	1049525	0
1115210	0	131323	0
1115210	0	1419213	2
1115210	0	1592599	2
1115210	0	1603289	0
1115210	0	1930295	2
1115210	0	1930304	2
1115210	0	2003438	2
1115210	0	2136776	0
1115210	0	2168221	2
1115210	0	2168224	2
1115210	0	2168225	2
1115210	0	2216595	2
1115210	0	2237161	5
1115210	0	2539934	0
1115210	0	2690664	5
1115210	0	2759244	0
1115210	0	2765983	2
1115210	0	280723	2
1115210	0	2864046	2
1115210	0	3031185	2
1115210	0	3031187	0
1115210	0	3031188	2
1115210	0	3031191	2
1115210	0	3031193	2
1115210	0	3289727	0
1115210	0	3464699	0
1115210	0	3669036	0
1115210	0	396046	2
1115210	0	4126346	0
1115210	0	4189777	2
1115210	0	4450403	0
1115210	0	4450404	2
1115210	0	4450405	0
1115210	0	4450406	0
1115210	0	4450407	0
1115210	0	4466341	2
1115210	0	4671346	0
1115210	0	4781704	2
1115210	0	4781712	5
1115210	0	4981876	0
1115210	0	5337250	0
1115210	0	5547291	2
1115210	0	5547292	2
1115210	0	5547293	2
1115210	0	5547294	2
1115210	0	5547295	2
1115210	0	5547297	0
1115210	0	5547298	2
1115210	0	5547299	0
1115210	0	5682491	2
1115210	0	5769768	5
1115210	0	5903116	2
1115210	0	5903117	0
1115210	0	5903118	0
1115210	0	602916	0
1115210	0	602919	0
1115210	0	6040909	0
1115210	0	6046501	0
1115210	0	6086708	0
1115210	0	6379355	0
1115210	0	645563	0
1115210	0	6524075	0
1115210	0	6577861	0
1115210	0	6743912	0
1115210	0	6797763	0
1115210	0	6813922	2
1115210	0	6829950	0
1115210	0	7070335	2
1115210	0	7082206	0
1115210	0	7082211	0
1115210	0	71287	2
1115210	0	7237050	2
1115210	0	7305409	0
1115210	0	7463700	2
1115210	0	7463703	2
1115210	0	7487600	0
1115210	0	781163	2
1115210	0	7941240	2
1115210	0	8111878	5
1115210	0	8111879	5
1115210	0	8111882	5
1115210	0	8111883	2
1115210	0	8111884	5
1115210	0	8111885	5
1115210	0	8111886	5
1115210	0	8111887	5
1115210	0	8130976	2
1115210	0	8151776	0
1115210	0	8390252	2
1115210	0	8390254	2
1115210	0	840010	2
1115210	0	840012	2
1115210	0	8403757	0
1115210	0	845820	2
1115210	0	845823	2
1115210	0	845827	2
1115210	0	845828	5
1115210	0	8504985	0
1115210	0	992868	2
1116380	0	1242073	0
1116380	0	1422754	0
1116380	0	1422755	0
1116380	0	1422756	0
1116380	0	1422757	2
1116380	0	1422758	0
1116380	0	1422760	2
1116380	0	1422761	0
1116380	0	1537441	2
1116380	0	1537442	2
1116380	0	1537443	5
1116380	0	1537444	0
1116380	0	1537445	2
1116380	0	1537446	2
1116380	0	1537447	5
1116380	0	1537448	2
1116380	0	1537449	0
1116380	0	1537450	0
1116380	0	1635674	2
1116380	0	1635678	2
1116380	0	1635680	0
1116380	0	1645711	0
1116380	0	2302565	2
1116380	0	2302566	2
1116380	0	2302568	0
1116380	0	2302569	2
1116380	0	2302570	2
1116380	0	2302571	2
1116380	0	2626979	0
1116380	0	2626982	0
1116380	0	283258	2
1116380	0	283259	2
1116380	0	283260	0
1116380	0	283261	2
1116380	0	283262	2
1116380	0	283263	0
1116380	0	283264	2
1116380	0	283265	0
1116380	0	283266	2
1116380	0	283267	5
1116380	0	2960673	2
1116380	0	2960678	5
1116380	0	3456109	0
1116380	0	3456111	0
1116380	0	3456115	0
1116380	0	3588231	2
1116380	0	3588232	2
1116380	0	3588233	2
1116380	0	3588234	2
1116380	0	3588237	2
1116380	0	3588238	2
1116380	0	4118332	2
1116380	0	4118333	2
1116380	0	4118334	0
1116380	0	4118336	2
1116380	0	4118337	2
1116380	0	4118339	2
1116380	0	4523802	2
1116380	0	5104779	0
1116380	0	521336	0
1116380	0	521337	0
1116380	0	521338	0
1116380	0	521339	0
1116380	0	521340	0
1116380	0	521341	2
1116380	0	521342	2
1116380	0	521343	2
1116380	0	521344	0
1116380	0	521345	2
1116380	0	5631518	2
1116380	0	572184	0
1116380	0	5752652	2
1116380	0	5752654	2
1116380	0	5752655	2
1116380	0	5752657	0
1116380	0	5993459	0
1116380	0	684558	2
1116380	0	684559	0
1116380	0	684560	0
1116380	0	684563	0
1116380	0	684564	2
1116380	0	6993305	2
1116380	0	6993311	0
1116380	0	6993312	2
1116380	0	6993313	2
1116380	0	765639	2
1116380	0	765640	2
1116380	0	765642	0
1116380	0	765643	0
1116380	0	765644	0
1116380	0	765645	0
1116380	0	765646	2
1116380	0	7694374	0
1116380	0	8100542	5
1116380	0	8100543	5
1116380	0	8100545	5
1116380	0	8100546	5
1116380	0	8113949	2
1116380	0	8119446	2
1116380	0	8784326	0
1121353	0	1122643	1
1121353	0	1122644	1
1121353	0	1162835	0
1121353	0	1259245	1
1121353	0	1287147	1
1121353	0	1313775	1
1121353	0	1640299	1
1121353	0	1643468	1
1121353	0	1854970	1
1121353	0	1886363	1
1121353	0	1949495	1
1121353	0	195104	1
1121353	0	195110	1
1121353	0	2014565	1
1121353	0	2213820	1
1121353	0	2213824	1
1121353	0	2260259	1
1121353	0	2429916	0
1121353	0	2474382	1
1121353	0	2477448	1
1121353	0	2846270	0
1121353	0	3239107	1
1121353	0	3527298	1
1121353	0	3527301	1
1121353	0	3541848	0
1121353	0	3541849	0
1121353	0	3541852	0
1121353	0	3641804	1
1121353	0	3658916	1
1121353	0	3658920	1
1121353	0	3663574	0
1121353	0	3683368	1
1121353	0	4221654	1
1121353	0	4259960	1
1121353	0	4391580	1
1121353	0	4440318	5
1121353	0	4462242	1
1121353	0	4759722	1
1121353	0	4828747	5
1121353	0	4969903	0
1121353	0	4969908	1
1121353	0	5173061	1
1121353	0	5184182	1
1121353	0	524056	0
1121353	0	5292438	1
1121353	0	5357560	1
1121353	0	5407059	1
1121353	0	5539213	0
1121353	0	5540041	1
1121353	0	5540043	1
1121353	0	5572764	1
1121353	0	5606060	0
1121353	0	5606061	0
1121353	0	5606062	1
1121353	0	5606063	0
1121353	0	5606064	0
1121353	0	5606065	1
1121353	0	5614483	0
1121353	0	5642760	1
1121353	0	5884499	1
1121353	0	5894443	1
1121353	0	603453	1
1121353	0	618172	1
1121353	0	623603	0
1121353	0	6303946	1
1121353	0	6352622	1
1121353	0	6381283	1
1121353	0	6434038	1
1121353	0	6434041	0
1121353	0	643774	1
1121353	0	6599525	1
1121353	0	7069371	0
1121353	0	710825	1
1121353	0	7191734	1
1121353	0	7257527	1
1121353	0	7257528	1
1121353	0	7344843	1
1121353	0	7363356	1
1121353	0	7538287	1
1121353	0	7565484	1
1121353	0	7628719	1
1121353	0	7767775	1
1121353	0	7767776	1
1121353	0	8026857	1
1121353	0	8053108	1
1121353	0	8053109	1
1121353	0	8053112	1
1121353	0	8053113	1
1121353	0	8053117	1
1121353	0	8261242	1
1121353	0	8684415	0
1121353	0	8728942	1
1121353	0	8728943	0
1121353	0	8728944	0
1121353	0	8728945	1
1121353	0	896930	1
1121353	0	907550	0
1121353	0	935133	1
1121353	0	937045	0
1121353	0	946643	1
1122767	0	1176273	2
1122767	0	1182022	2
1122767	0	1182024	2
1122767	0	1238934	0
1122767	0	1253475	5
1122767	0	1282541	2
1122767	0	1370608	2
1122767	0	1548669	0
1122767	0	1660145	2
1122767	0	1901639	5
1122767	0	1951801	2
1122767	0	1987310	0
1122767	0	2019367	2
1122767	0	2019371	2
1122767	0	2358778	5
1122767	0	2859900	0
1122767	0	2859902	2
1122767	0	2859903	2
1122767	0	2859904	2
1122767	0	2859907	5
1122767	0	2859908	2
1122767	0	2869516	0
1122767	0	2869517	0
1122767	0	2869520	0
1122767	0	2869521	0
1122767	0	2869522	0
1122767	0	2912048	0
1122767	0	3192617	2
1122767	0	3320214	0
1122767	0	3320215	0
1122767	0	3320220	0
1122767	0	3407781	2
1122767	0	3467786	0
1122767	0	3467791	0
1122767	0	3514064	0
1122767	0	3559293	5
1122767	0	3601979	2
1122767	0	3972840	0
1122767	0	4102083	2
1122767	0	4161416	5
1122767	0	4161419	5
1122767	0	4259801	0
1122767	0	4364715	5
1122767	0	4461306	5
1122767	0	4461311	5
1122767	0	4461313	5
1122767	0	4481398	2
1122767	0	4550504	5
1122767	0	458261	5
1122767	0	466849	0
1122767	0	468959	5
1122767	0	4784605	5
1122767	0	4824672	0
1122767	0	4824677	2
1122767	0	4824679	2
1122767	0	4824681	2
1122767	0	5033787	2
1122767	0	506025	0
1122767	0	5285491	2
1122767	0	5468401	0
1122767	0	5642904	0
1122767	0	5796709	5
1122767	0	5796713	0
1122767	0	5877496	2
1122767	0	5877499	2
1122767	0	5877500	5
1122767	0	6063622	0
1122767	0	6179207	2
1122767	0	6179209	2
1122767	0	6179210	5
1122767	0	6179211	0
1122767	0	6179212	0
1122767	0	6179213	2
1122767	0	668427	5
1122767	0	6727509	5
1122767	0	6739572	2
1122767	0	6764249	0
1122767	0	6851717	5
1122767	0	6851720	2
1122767	0	6901879	0
1122767	0	6946769	0
1122767	0	720624	2
1122767	0	75236	0
1122767	0	7544609	2
1122767	0	7863109	2
1122767	0	8039582	0
1122767	0	8039583	2
1122767	0	8039587	0
1122767	0	8039589	2
1122767	0	8039590	2
1122767	0	8061226	0
1122767	0	8061228	0
1122767	0	8061233	0
1122767	0	8146817	0
1122767	0	8146818	0
1122767	0	8326513	0
1122767	0	8385762	2
1122767	0	8603216	0
1122767	0	884946	5
1122767	0	916144	0
1127540	0	1035226	0
1127540	0	1035229	0
1127540	0	1224263	0
1127540	0	1259596	0
1127540	0	1356884	0
1127540	0	1356889	0
1127540	0	1521794	0
1127540	0	1521795	0
1127540	0	1521797	0
1127540	0	1521802	0
1127540	0	1651864	0
1127540	0	1719834	0
1127540	0	1728151	0
1127540	0	1789428	0
1127540	0	1830085	0
1127540	0	1830090	0
1127540	0	1927020	5
1127540	0	1969748	0
1127540	0	2028506	0
1127540	0	2044364	5
1127540	0	2044366	5
1127540	0	2044368	5
1127540	0	2044369	5
1127540	0	2044371	5
1127540	0	2044372	5
1127540	0	2058024	0
1127540	0	2088001	0
1127540	0	2088004	0
1127540	0	2088007	0
1127540	0	2097108	5
1127540	0	2196688	0
1127540	0	2217566	0
1127540	0	2574460	5
1127540	0	2801715	0
1127540	0	2807443	0
1127540	0	3076215	0
1127540	0	3134960	5
1127540	0	3185252	0
1127540	0	3185253	0
1127540	0	3185257	0
1127540	0	3295841	0
1127540	0	3429006	0
1127540	0	3787182	0
1127540	0	3952503	0
1127540	0	409911	0
1127540	0	4369252	0
1127540	0	4449936	0
1127540	0	4504232	0
1127540	0	4510995	0
1127540	0	4510996	0
1127540	0	4611407	0
1127540	0	4633695	0
1127540	0	4752703	0
1127540	0	4752704	0
1127540	0	4752707	0
1127540	0	4752708	0
1127540	0	4752710	0
1127540	0	4939578	0
1127540	0	5018345	0
1127540	0	5695961	0
1127540	0	5728324	5
1127540	0	5728333	5
1127540	0	5753339	5
1127540	0	5812702	0
1127540	0	5978061	0
1127540	0	6058992	0
1127540	0	6094308	0
1127540	0	6094310	0
1127540	0	6184258	0
1127540	0	6275627	0
1127540	0	629884	0
1127540	0	6617905	0
1127540	0	6663175	0
1127540	0	6704443	0
1127540	0	6803493	0
1127540	0	6916597	0
1127540	0	7021938	0
1127540	0	7042538	0
1127540	0	7042540	0
1127540	0	7158667	0
1127540	0	7383908	0
1127540	0	7608516	0
1127540	0	814871	0
1127540	0	8382110	0
1127540	0	8485923	0
1127540	0	8485925	0
1127540	0	8485929	0
1127540	0	8559191	0
1127540	0	8626100	0
1127540	0	8659191	0
1127540	0	8726954	5
1127540	0	8726955	5
1127540	0	8726956	5
1127540	0	8726957	5
1127540	0	8726958	5
1127540	0	8726959	5
1127540	0	8726960	5
1127540	0	8726961	5
1127540	0	8726962	5
1127540	0	8726963	5
1131069	0	1148481	0
1131069	0	1286159	0
1131069	0	1595278	4
1131069	0	1627668	5
1131069	0	1780963	5
1131069	0	1780970	0
1131069	0	1780971	5
1131069	0	2127643	0
1131069	0	2143520	0
1131069	0	226992	0
1131069	0	2270338	0
1131069	0	2275212	0
1131069	0	2341951	0
1131069	0	2370612	0
1131069	0	2499281	0
1131069	0	2558539	4
1131069	0	2578817	0
1131069	0	2614315	0
1131069	0	2614316	0
1131069	0	2614322	0
1131069	0	2667597	4
1131069	0	2760729	5
1131069	0	2805726	5
1131069	0	2930347	0
1131069	0	3120302	0
1131069	0	3140066	0
1131069	0	3248835	0
1131069	0	325240	0
1131069	0	3298559	5
1131069	0	3324165	0
1131069	0	3341290	4
1131069	0	3343300	0
1131069	0	3363684	0
1131069	0	3398202	0
1131069	0	3442251	0
1131069	0	3471780	0
1131069	0	3688128	0
1131069	0	3966018	0
1131069	0	4019492	0
1131069	0	4101811	0
1131069	0	4120158	5
1131069	0	4269415	0
1131069	0	429333	5
1131069	0	4311900	5
1131069	0	4318857	5
1131069	0	439867	0
1131069	0	4512091	0
1131069	0	4593036	0
1131069	0	4639597	0
1131069	0	4764898	0
1131069	0	4960547	4
1131069	0	4960549	4
1131069	0	5013884	0
1131069	0	5079323	0
1131069	0	5158945	0
1131069	0	5197847	0
1131069	0	5211648	4
1131069	0	5240115	0
1131069	0	5309808	0
1131069	0	5455638	0
1131069	0	5455642	0
1131069	0	5668181	0
1131069	0	5668186	0
1131069	0	5871207	4
1131069	0	593127	0
1131069	0	593131	0
1131069	0	5946568	0
1131069	0	6094473	0
1131069	0	6188065	0
1131069	0	6241408	0
1131069	0	628422	0
1131069	0	6416365	4
1131069	0	671982	0
1131069	0	6803916	0
1131069	0	6809696	0
1131069	0	6907805	4
1131069	0	6907808	5
1131069	0	6907809	4
1131069	0	7069850	0
1131069	0	7275756	4
1131069	0	7315060	5
1131069	0	7321753	0
1131069	0	7419370	5
1131069	0	7610004	0
1131069	0	7610010	4
1131069	0	7783950	0
1131069	0	7829698	0
1131069	0	7943845	0
1131069	0	7943849	0
1131069	0	8191742	0
1131069	0	8191743	4
1131069	0	8191744	0
1131069	0	8315693	0
1131069	0	8432048	4
1131069	0	8432049	5
1131069	0	8432050	5
1131069	0	8432053	0
1131069	0	8449924	0
1131069	0	8558201	4
1131069	0	890157	0
1132532	0	1245510	4
1132532	0	1245511	1
1132532	0	1573544	0
1132532	0	1976995	0
1132532	0	236563	1
1132532	0	23960	1
1132532	0	23962	0
1132532	0	23966	0
1132532	0	2536147	0
1132532	0	2649453	0
1132532	0	2837987	4
1132532	0	331542	1
1132532	0	331543	1
1132532	0	331545	1
1132532	0	3406612	1
1132532	0	3643206	1
1132532	0	3797904	1
1132532	0	3870279	0
1132532	0	3894151	0
1132532	0	3894153	0
1132532	0	40091	1
1132532	0	4110870	1
1132532	0	4178255	1
1132532	0	4244998	1
1132532	0	4391702	1
1132532	0	4559094	1
1132532	0	4591601	4
1132532	0	4675181	1
1132532	0	4675183	1
1132532	0	4851673	4
1132532	0	4851677	4
1132532	0	4885820	0
1132532	0	4893092	1
1132532	0	4893093	1
1132532	0	5041349	4
1132532	0	5053525	4
1132532	0	5391381	1
1132532	0	5415207	0
1132532	0	5599760	1
1132532	0	5690319	0
1132532	0	569543	0
1132532	0	5883143	1
1132532	0	5910809	4
1132532	0	5989417	1
1132532	0	5989422	1
1132532	0	6000897	0
1132532	0	6117740	4
1132532	0	6117745	4
1132532	0	6142066	0
1132532	0	6153736	0
1132532	0	6176602	1
1132532	0	6176603	1
1132532	0	6176605	1
1132532	0	6176606	1
1132532	0	6189364	4
1132532	0	6189365	4
1132532	0	6189366	4
1132532	0	6189367	1
1132532	0	6189369	4
1132532	0	6191515	1
1132532	0	6191516	1
1132532	0	6191517	1
1132532	0	6208534	1
1132532	0	6526334	1
1132532	0	661416	0
1132532	0	6772437	1
1132532	0	6832788	1
1132532	0	6832789	4
1132532	0	6832790	4
1132532	0	6832791	1
1132532	0	6832794	4
1132532	0	6832795	1
1132532	0	6910564	1
1132532	0	6950262	1
1132532	0	718132	4
1132532	0	7452208	1
1132532	0	7452211	1
1132532	0	7476240	1
1132532	0	7496688	1
1132532	0	7508490	4
1132532	0	7508491	4
1132532	0	7508493	4
1132532	0	7543160	1
1132532	0	7543163	1
1132532	0	7543164	4
1132532	0	7591798	0
1132532	0	7654913	0
1132532	0	7657695	1
1132532	0	7694140	1
1132532	0	8307654	1
1132532	0	8307656	4
1132532	0	8307659	1
1132532	0	8307661	4
1132532	0	8307662	1
1132532	0	8318621	4
1132532	0	8318622	4
1132532	0	8413224	1
1132532	0	8447120	0
1132532	0	845904	0
1132532	0	986668	4
1133579	0	1200778	1
1133579	0	1200780	1
1133579	0	1318188	1
1133579	0	1318191	1
1133579	0	1318192	1
1133579	0	1318194	1
1133579	0	1318196	1
1133579	0	1659302	0
1133579	0	1659305	1
1133579	0	1659306	1
1133579	0	1659308	5
1133579	0	1659309	1
1133579	0	1694484	0
1133579	0	1694490	1
1133579	0	1817052	5
1133579	0	1817053	1
1133579	0	1817054	1
1133579	0	1817055	5
1133579	0	1817056	1
1133579	0	1817058	1
1133579	0	1817059	1
1133579	0	1916731	0
1133579	0	2067537	1
1133579	0	2067540	0
1133579	0	2067542	1
1133579	0	2067543	1
1133579	0	2067544	1
1133579	0	2067545	0
1133579	0	2067546	0
1133579	0	2130045	1
1133579	0	2130047	1
1133579	0	2130048	1
1133579	0	2180172	1
1133579	0	2180173	1
1133579	0	2448462	1
1133579	0	2623943	1
1133579	0	2727068	1
1133579	0	2829602	1
1133579	0	3586124	1
1133579	0	3691482	1
1133579	0	3691483	0
1133579	0	3691484	1
1133579	0	3691486	5
1133579	0	3691487	1
1133579	0	3841452	0
1133579	0	3841454	0
1133579	0	4057637	1
1133579	0	4057642	1
1133579	0	4274863	5
1133579	0	4274864	1
1133579	0	4274865	1
1133579	0	4506270	1
1133579	0	4868943	0
1133579	0	4931640	1
1133579	0	4931641	1
1133579	0	4931642	1
1133579	0	4931643	1
1133579	0	4931644	1
1133579	0	4931647	1
1133579	0	5277541	0
1133579	0	5277542	1
1133579	0	5277543	5
1133579	0	5277546	1
1133579	0	5719612	1
1133579	0	5801082	0
1133579	0	5801087	1
1133579	0	5801088	1
1133579	0	6252755	1
1133579	0	6252756	1
1133579	0	6252757	1
1133579	0	6252760	1
1133579	0	6600375	5
1133579	0	670206	5
1133579	0	7011715	1
1133579	0	7011718	1
1133579	0	733202	1
1133579	0	733203	5
1133579	0	733204	1
1133579	0	733205	1
1133579	0	733206	1
1133579	0	733207	1
1133579	0	733208	1
1133579	0	733209	1
1133579	0	733210	1
1133579	0	733211	1
1133579	0	7722922	1
1133579	0	7722928	1
1133579	0	8102278	1
1133579	0	8220872	1
1133579	0	8220876	1
1133579	0	8220877	1
1133579	0	8220878	1
1133579	0	8220879	1
1133579	0	8379130	1
1133579	0	8379131	1
1133579	0	8379132	1
1133579	0	8379135	1
1133579	0	8379136	1
1133579	0	8587177	1
1133579	0	8741939	1
1136043	0	1056534	5
1136043	0	1056535	0
1136043	0	1056537	2
1136043	0	1056540	5
1136043	0	1057769	2
1136043	0	1287597	2
1136043	0	1300465	0
1136043	0	1371506	0
1136043	0	1371507	2
1136043	0	1371508	2
1136043	0	1634131	5
1136043	0	1634133	2
1136043	0	1634134	5
1136043	0	1634137	2
1136043	0	1642217	2
1136043	0	1688266	2
1136043	0	2093141	2
1136043	0	2428269	2
1136043	0	2428271	2
1136043	0	2701068	5
1136043	0	2747625	2
1136043	0	291319	0
1136043	0	3028339	2
1136043	0	3042137	2
1136043	0	3099719	2
1136043	0	3228475	2
1136043	0	3273039	2
1136043	0	333046	2
1136043	0	3551093	2
1136043	0	3551098	0
1136043	0	3551100	2
1136043	0	3753358	0
1136043	0	3753359	0
1136043	0	4055271	5
1136043	0	418173	2
1136043	0	4385314	2
1136043	0	4533954	2
1136043	0	4545954	2
1136043	0	4687582	2
1136043	0	4793570	2
1136043	0	4882508	5
1136043	0	493123	0
1136043	0	5058916	2
1136043	0	5308948	0
1136043	0	5326188	2
1136043	0	5335220	2
1136043	0	5369633	0
1136043	0	5369635	0
1136043	0	5489249	0
1136043	0	5511269	2
1136043	0	5913967	5
1136043	0	5932683	0
1136043	0	597097	2
1136043	0	6043127	2
1136043	0	6157302	5
1136043	0	6157303	5
1136043	0	6245908	2
1136043	0	6464521	2
1136043	0	6539277	0
1136043	0	6652787	2
1136043	0	6788428	2
1136043	0	6788429	2
1136043	0	6788430	2
1136043	0	6788434	2
1136043	0	6844638	2
1136043	0	6844639	0
1136043	0	6883734	5
1136043	0	6893736	0
1136043	0	6893739	0
1136043	0	6968317	0
1136043	0	7355225	2
1136043	0	744907	2
1136043	0	744908	2
1136043	0	748028	2
1136043	0	7480951	2
1136043	0	7776563	0
1136043	0	7800508	2
1136043	0	7800510	2
1136043	0	7991445	0
1136043	0	8227490	2
1136043	0	8393877	2
1136043	0	8509309	5
1136043	0	8509311	0
1136043	0	852195	2
1136043	0	852196	0
1136043	0	852197	2
1136043	0	8526423	0
1136043	0	8551403	0
1136043	0	8551408	2
1136043	0	8724528	2
1136043	0	8728069	5
1136043	0	8728070	5
1136043	0	8728071	5
1136043	0	8728072	5
1136043	0	8728073	0
1136043	0	8728074	5
1136043	0	8728076	5
1136043	0	8728077	5
1136043	0	8728078	2
1136043	0	96067	2
1136047	0	1049293	0
1136047	0	1240507	0
1136047	0	1254133	0
1136047	0	1404322	2
1136047	0	1404326	2
1136047	0	1404328	2
1136047	0	1404329	2
1136047	0	1500783	0
1136047	0	1500784	0
1136047	0	1500786	0
1136047	0	1500788	0
1136047	0	1604058	0
1136047	0	1604084	0
1136047	0	1716876	2
1136047	0	1716878	2
1136047	0	1716882	2
1136047	0	1716883	2
1136047	0	2165349	0
1136047	0	2165350	2
1136047	0	2165354	2
1136047	0	2165357	0
1136047	0	2165358	2
1136047	0	2186578	5
1136047	0	2330116	0
1136047	0	2330118	2
1136047	0	2330119	2
1136047	0	2584743	0
1136047	0	2805850	0
1136047	0	2815435	2
1136047	0	2815436	0
1136047	0	2815437	0
1136047	0	2815439	2
1136047	0	2815440	2
1136047	0	2815441	0
1136047	0	2857693	2
1136047	0	2857700	0
1136047	0	2943835	2
1136047	0	2995917	0
1136047	0	2995920	0
1136047	0	2995922	2
1136047	0	3357564	2
1136047	0	3551290	0
1136047	0	3597758	0
1136047	0	3775376	2
1136047	0	3823103	2
1136047	0	3833480	2
1136047	0	3833481	2
1136047	0	3988779	2
1136047	0	4152503	2
1136047	0	4210771	0
1136047	0	434758	0
1136047	0	4803702	2
1136047	0	512481	5
1136047	0	512482	5
1136047	0	512483	2
1136047	0	512487	2
1136047	0	512489	2
1136047	0	5311968	0
1136047	0	5749026	2
1136047	0	5822427	2
1136047	0	5822428	2
1136047	0	5822430	2
1136047	0	5953375	2
1136047	0	5953376	2
1136047	0	5953383	2
1136047	0	6077881	2
1136047	0	6499345	0
1136047	0	6499347	0
1136047	0	6823455	2
1136047	0	6823456	2
1136047	0	6823457	2
1136047	0	6933714	0
1136047	0	7009393	2
1136047	0	7009397	2
1136047	0	7087317	0
1136047	0	7087318	0
1136047	0	7087319	0
1136047	0	7087324	2
1136047	0	7087326	0
1136047	0	7136490	2
1136047	0	7427174	0
1136047	0	7427178	0
1136047	0	7427179	0
1136047	0	7427180	0
1136047	0	7509635	0
1136047	0	7540967	2
1136047	0	7540969	2
1136047	0	7777166	2
1136047	0	8328670	2
1136047	0	8724031	5
1136047	0	8724032	5
1136047	0	8724033	5
1136047	0	8724035	5
1136047	0	8724036	5
1136047	0	8724038	5
1136047	0	8724039	2
1136047	0	8724040	2
1136047	0	894316	2
1136047	0	942685	0
1136047	0	952223	2
1136962	0	1561631	1
1136962	0	1561634	1
1136962	0	1858850	0
1136962	0	1858852	1
1136962	0	188460	0
1136962	0	188463	2
1136962	0	2241659	1
1136962	0	2406194	0
1136962	0	2481400	2
1136962	0	2504416	1
1136962	0	2504417	2
1136962	0	2662146	0
1136962	0	2668190	2
1136962	0	2734190	0
1136962	0	2736920	2
1136962	0	275378	1
1136962	0	277849	5
1136962	0	2883071	0
1136962	0	2883074	1
1136962	0	3140750	2
1136962	0	3293337	5
1136962	0	3348372	5
1136962	0	3459192	1
1136962	0	3504821	2
1136962	0	3586539	5
1136962	0	3646987	2
1136962	0	3863653	2
1136962	0	3937980	2
1136962	0	3940898	2
1136962	0	4024823	2
1136962	0	4088981	2
1136962	0	4170447	5
1136962	0	4276733	0
1136962	0	4373085	1
1136962	0	4373090	1
1136962	0	4405500	2
1136962	0	4405503	2
1136962	0	4405507	2
1136962	0	4405509	2
1136962	0	4468426	1
1136962	0	4548553	5
1136962	0	4589723	5
1136962	0	4589724	5
1136962	0	4589725	2
1136962	0	4589728	5
1136962	0	4589729	1
1136962	0	4589730	5
1136962	0	4601613	2
1136962	0	5167251	2
1136962	0	5414508	5
1136962	0	5471438	5
1136962	0	596001	5
1136962	0	6185710	5
1136962	0	6185711	5
1136962	0	6185712	5
1136962	0	6185713	2
1136962	0	6185714	5
1136962	0	6185715	2
1136962	0	6185716	2
1136962	0	6185717	5
1136962	0	6185718	2
1136962	0	6185719	2
1136962	0	6211004	5
1136962	0	638900	2
1136962	0	6442773	2
1136962	0	6442776	2
1136962	0	6684779	5
1136962	0	6842810	5
1136962	0	6906422	2
1136962	0	6922264	1
1136962	0	7609052	2
1136962	0	7621135	2
1136962	0	7631078	2
1136962	0	7631079	5
1136962	0	7631080	2
1136962	0	7631081	0
1136962	0	7631082	5
1136962	0	7631083	2
1136962	0	7631084	2
1136962	0	7631086	1
1136962	0	7745533	2
1136962	0	7756305	0
1136962	0	7896140	2
1136962	0	7938913	1
1136962	0	8181922	0
1136962	0	8278694	2
1136962	0	8336573	1
1136962	0	8336574	5
1136962	0	8336575	1
1136962	0	8336578	2
1136962	0	8336581	2
1136962	0	8380913	1
1136962	0	8614269	1
1136962	0	861631	0
1136962	0	8637479	1
1136962	0	8708235	1
1136962	0	937255	0
1136962	0	937256	2
1136962	0	937257	0
1136962	0	937258	2
118440	0	1031644	2
118440	0	1072189	2
118440	0	1305126	3
118440	0	1323064	5
118440	0	1410004	3
118440	0	1414739	0
118440	0	1414740	0
118440	0	1414741	0
118440	0	1414743	0
118440	0	1414745	2
118440	0	1414747	0
118440	0	1440029	3
118440	0	1440031	3
118440	0	1445679	0
118440	0	1445681	2
118440	0	1445685	3
118440	0	1516208	0
118440	0	1533730	3
118440	0	1569786	5
118440	0	1569787	5
118440	0	1706288	3
118440	0	1711898	0
118440	0	1714649	0
118440	0	1796307	3
118440	0	1827531	2
118440	0	1873528	0
118440	0	194614	0
118440	0	1974382	2
118440	0	2018708	3
118440	0	2111199	2
118440	0	220513	3
118440	0	2504007	3
118440	0	2605332	2
118440	0	2605338	0
118440	0	2605341	2
118440	0	2699180	5
118440	0	2699188	5
118440	0	2843799	5
118440	0	3033116	3
118440	0	3077626	3
118440	0	3168729	0
118440	0	3368682	0
118440	0	337308	0
118440	0	3647351	2
118440	0	4025848	0
118440	0	430754	0
118440	0	435732	2
118440	0	4403465	3
118440	0	4403471	3
118440	0	4403472	3
118440	0	4406105	0
118440	0	4737856	3
118440	0	477964	3
118440	0	4868258	3
118440	0	5010185	2
118440	0	5010190	0
118440	0	5229209	0
118440	0	5365148	0
118440	0	5365149	0
118440	0	5365150	0
118440	0	5365151	0
118440	0	5365153	0
118440	0	6360238	3
118440	0	6382751	3
118440	0	6382753	3
118440	0	6532364	2
118440	0	6609239	3
118440	0	6609240	3
118440	0	6609244	3
118440	0	6648627	3
118440	0	6687966	3
118440	0	6744365	5
118440	0	6744366	0
118440	0	6744368	0
118440	0	6750547	3
118440	0	6750550	0
118440	0	6750551	3
118440	0	6750552	2
118440	0	6750553	0
118440	0	6754570	2
118440	0	6802137	5
118440	0	7035722	5
118440	0	706891	2
118440	0	7159218	3
118440	0	7303160	0
118440	0	7370113	0
118440	0	7435598	2
118440	0	7657154	0
118440	0	7703789	0
118440	0	8099702	2
118440	0	8112011	0
118440	0	8112013	2
118440	0	8197938	3
118440	0	8479689	0
118440	0	8479692	0
118440	0	8516530	2
118440	0	8527723	5
118440	0	8724459	0
118440	0	8785852	3
118440	0	974366	2
121171	0	1087310	2
121171	0	1278921	0
121171	0	1278926	5
121171	0	1278929	0
121171	0	1278930	0
121171	0	1305416	0
121171	0	1521190	0
121171	0	1556199	0
121171	0	1645603	0
121171	0	1645604	0
121171	0	2132420	2
121171	0	2268541	0
121171	0	2268545	0
121171	0	2282917	2
121171	0	2479538	0
121171	0	2507431	0
121171	0	2550806	5
121171	0	2550807	2
121171	0	2550810	5
121171	0	2550811	5
121171	0	2550813	2
121171	0	2550814	2
121171	0	2566685	0
121171	0	2579338	2
121171	0	259430	5
121171	0	259431	5
121171	0	259432	2
121171	0	259433	2
121171	0	259434	2
121171	0	259436	5
121171	0	259437	0
121171	0	2626098	2
121171	0	2626100	0
121171	0	2626101	5
121171	0	2631821	2
121171	0	2631822	0
121171	0	2631823	0
121171	0	2631826	2
121171	0	2631827	2
121171	0	2692914	0
121171	0	2719857	0
121171	0	2735732	2
121171	0	2780358	0
121171	0	2792775	0
121171	0	3092263	2
121171	0	3117368	0
121171	0	3157970	0
121171	0	3468942	0
121171	0	3812019	2
121171	0	3812022	5
121171	0	3818498	0
121171	0	451170	5
121171	0	451171	5
121171	0	451172	2
121171	0	451173	2
121171	0	451174	2
121171	0	451175	5
121171	0	451176	2
121171	0	451177	2
121171	0	5237901	2
121171	0	5237905	2
121171	0	5237908	2
121171	0	5432077	2
121171	0	5434815	2
121171	0	5533021	0
121171	0	5533024	0
121171	0	5533025	0
121171	0	568794	0
121171	0	5713962	2
121171	0	5809826	2
121171	0	5809831	5
121171	0	5809834	0
121171	0	5885643	0
121171	0	5930987	2
121171	0	5930988	0
121171	0	6096109	2
121171	0	6137863	0
121171	0	6289799	2
121171	0	6580476	2
121171	0	6580478	2
121171	0	6684926	0
121171	0	7055966	0
121171	0	7165126	0
121171	0	7179489	0
121171	0	766150	0
121171	0	7677027	2
121171	0	7957399	0
121171	0	8004760	0
121171	0	8260188	2
121171	0	8260191	5
121171	0	8260192	5
121171	0	8260193	2
121171	0	8260194	2
121171	0	8260195	2
121171	0	8301993	2
121171	0	8456607	0
121171	0	8643275	2
121171	0	8731007	0
121171	0	8736222	0
121171	0	993235	0
135802	0	1060724	0
135802	0	1103938	5
135802	0	1164779	4
135802	0	1189347	0
135802	0	1193978	0
135802	0	1256034	4
135802	0	131296	0
135802	0	1414134	4
135802	0	1501876	0
135802	0	1529000	0
135802	0	1536475	0
135802	0	1541532	0
135802	0	1551649	0
135802	0	1551652	0
135802	0	1609250	0
135802	0	1740472	4
135802	0	1784862	0
135802	0	1784864	0
135802	0	1826136	0
135802	0	2156233	0
135802	0	2344998	4
135802	0	2411333	0
135802	0	2642696	0
135802	0	280908	0
135802	0	280909	0
135802	0	3235025	0
135802	0	3430170	4
135802	0	3441761	4
135802	0	3624450	4
135802	0	366626	4
135802	0	3775928	0
135802	0	3775931	0
135802	0	3896693	0
135802	0	3908960	0
135802	0	3908964	0
135802	0	438263	4
135802	0	4411252	4
135802	0	4625441	0
135802	0	4625442	0
135802	0	4625446	0
135802	0	4803287	0
135802	0	4905052	0
135802	0	4919670	5
135802	0	5258141	0
135802	0	5310004	0
135802	0	5394719	4
135802	0	5428871	0
135802	0	6006051	0
135802	0	6037331	4
135802	0	6037338	4
135802	0	6323691	0
135802	0	6354274	0
135802	0	6394860	0
135802	0	6445627	0
135802	0	648886	0
135802	0	648889	0
135802	0	6535015	4
135802	0	6542211	0
135802	0	6696691	0
135802	0	6855270	0
135802	0	6855271	0
135802	0	6874876	0
135802	0	6874879	0
135802	0	7003682	5
135802	0	7020899	4
135802	0	7075501	4
135802	0	7191581	0
135802	0	7285072	0
135802	0	7315667	0
135802	0	7315669	0
135802	0	7327478	4
135802	0	7559154	0
135802	0	7981012	0
135802	0	802446	4
135802	0	8104863	0
135802	0	8120579	4
135802	0	8256607	0
135802	0	8264839	4
135802	0	8264842	4
135802	0	8264847	4
135802	0	8523218	0
135802	0	8559742	0
135802	0	8595731	0
135802	0	8672006	0
135802	0	8692619	5
135802	0	8692620	4
135802	0	8692621	4
135802	0	8692622	4
135802	0	8692623	5
135802	0	8692624	5
135802	0	8692625	4
135802	0	8692626	5
135802	0	8692627	4
135802	0	8692628	5
135802	0	8713723	0
135802	0	8731214	4
135802	0	8773044	4
135802	0	882851	0
135802	0	960395	0
135802	0	969132	0
141630	0	1157249	2
141630	0	1157251	2
141630	0	1225952	2
141630	0	1314689	0
141630	0	1353759	2
141630	0	1611308	0
141630	0	176210	0
141630	0	1889340	2
141630	0	2366117	0
141630	0	2366119	2
141630	0	2366121	2
141630	0	2473236	0
141630	0	2593366	2
141630	0	2658026	0
141630	0	2686304	0
141630	0	2851002	2
141630	0	2892893	2
141630	0	3139270	2
141630	0	3303693	2
141630	0	340875	2
141630	0	3500851	2
141630	0	3500852	0
141630	0	3500854	2
141630	0	3500855	2
141630	0	3500857	2
141630	0	3500858	2
141630	0	3500860	2
141630	0	3523812	0
141630	0	3604692	0
141630	0	3672655	2
141630	0	3672659	0
141630	0	3752117	0
141630	0	4056584	0
141630	0	4098919	2
141630	0	4098924	2
141630	0	41364	0
141630	0	430422	0
141630	0	4422338	2
141630	0	4422339	2
141630	0	4422340	0
141630	0	4422342	2
141630	0	4422343	2
141630	0	4422344	2
141630	0	4457201	0
141630	0	4457202	0
141630	0	4718251	0
141630	0	4838674	0
141630	0	5098396	2
141630	0	5126206	2
141630	0	5126207	0
141630	0	516277	0
141630	0	5271691	0
141630	0	5337305	2
141630	0	5711339	0
141630	0	5711344	0
141630	0	6007465	0
141630	0	6007469	2
141630	0	6064896	0
141630	0	6064897	2
141630	0	6064902	0
141630	0	6290795	2
141630	0	6319711	2
141630	0	6486090	2
141630	0	6496220	0
141630	0	6496223	0
141630	0	6496225	2
141630	0	6496226	2
141630	0	6496229	2
141630	0	6530476	2
141630	0	6638749	2
141630	0	6861521	2
141630	0	6865899	2
141630	0	7004631	2
141630	0	7107466	2
141630	0	7261857	0
141630	0	7309677	2
141630	0	7985117	2
141630	0	7985118	2
141630	0	7985119	0
141630	0	8048021	2
141630	0	8068281	2
141630	0	8217013	2
141630	0	8225222	2
141630	0	8319987	2
141630	0	8319989	2
141630	0	8319990	2
141630	0	8319991	2
141630	0	8319992	2
141630	0	8319993	2
141630	0	861355	2
141630	0	8653584	2
141630	0	8653589	2
141630	0	8685361	2
141630	0	8808343	2
141630	0	885780	2
141630	0	885781	2
141630	0	885782	0
141630	0	885784	0
141630	0	885785	2
141630	0	885787	0
156498	0	104800	5
156498	0	104801	5
156498	0	104802	0
156498	0	104803	5
156498	0	1066785	5
156498	0	1118223	2
156498	0	1434102	0
156498	0	1439275	2
156498	0	1575717	2
156498	0	1575718	2
156498	0	1663164	5
156498	0	1663169	2
156498	0	1840047	0
156498	0	1840051	0
156498	0	2126090	0
156498	0	2167317	0
156498	0	2455307	5
156498	0	2854325	0
156498	0	3210967	0
156498	0	3234911	0
156498	0	3287996	2
156498	0	3287997	2
156498	0	3288004	2
156498	0	3288005	0
156498	0	3301559	5
156498	0	3301562	5
156498	0	3301563	5
156498	0	3301564	2
156498	0	3397578	2
156498	0	3397581	0
156498	0	3397582	0
156498	0	3446475	2
156498	0	3669926	5
156498	0	3669928	2
156498	0	3852370	2
156498	0	3852372	0
156498	0	3852379	2
156498	0	3929551	0
156498	0	4273410	5
156498	0	4273411	5
156498	0	4273412	5
156498	0	4273418	5
156498	0	4273419	5
156498	0	4325224	0
156498	0	4379568	2
156498	0	4468112	5
156498	0	494571	2
156498	0	494572	2
156498	0	494573	0
156498	0	494574	2
156498	0	494576	2
156498	0	4950763	0
156498	0	4950770	2
156498	0	4960216	5
156498	0	5043014	2
156498	0	5230812	2
156498	0	5310584	2
156498	0	5596941	2
156498	0	5598308	0
156498	0	5606983	0
156498	0	5606985	5
156498	0	5795829	0
156498	0	6351769	0
156498	0	6351772	2
156498	0	6351773	2
156498	0	6382184	5
156498	0	645642	0
156498	0	6460152	2
156498	0	6648981	0
156498	0	6648982	0
156498	0	6792607	0
156498	0	6871676	5
156498	0	6891227	2
156498	0	7075146	2
156498	0	7300615	2
156498	0	7393858	5
156498	0	7456845	2
156498	0	7456851	2
156498	0	752504	2
156498	0	7672399	0
156498	0	769467	2
156498	0	769492	2
156498	0	7713769	0
156498	0	7749572	0
156498	0	7807690	0
156498	0	8146073	2
156498	0	8238887	2
156498	0	824332	0
156498	0	8314103	0
156498	0	8414922	2
156498	0	841992	2
156498	0	841995	0
156498	0	8606129	0
156498	0	8615231	2
156498	0	8648969	5
156498	0	8648972	2
156498	0	8648975	5
156498	0	8731779	0
156498	0	8821152	0
156498	0	8823842	2
169208	0	1389264	3
169208	0	1395410	5
169208	0	1395412	3
169208	0	1395413	5
169208	0	1395417	5
169208	0	1395418	3
169208	0	160090	0
169208	0	2594160	3
169208	0	2594161	3
169208	0	2594164	3
169208	0	2888360	0
169208	0	2888361	0
169208	0	2888362	0
169208	0	2888363	3
169208	0	2888364	0
169208	0	2888366	2
169208	0	2888367	5
169208	0	2888368	2
169208	0	3262489	3
169208	0	3408570	2
169208	0	3555909	0
169208	0	3555910	0
169208	0	3555911	0
169208	0	3555914	0
169208	0	3561304	0
169208	0	3800142	2
169208	0	3800145	0
169208	0	4202275	5
169208	0	4202276	0
169208	0	4580131	5
169208	0	4580132	3
169208	0	4580133	5
169208	0	4580137	2
169208	0	4580139	5
169208	0	4694321	3
169208	0	4694322	0
169208	0	4694325	0
169208	0	4694326	2
169208	0	4694327	0
169208	0	4694328	0
169208	0	4694329	0
169208	0	4762134	3
169208	0	4762135	3
169208	0	4762137	3
169208	0	4762139	3
169208	0	4762140	5
169208	0	4762141	5
169208	0	4762142	3
169208	0	4771735	0
169208	0	4771736	0
169208	0	4771738	2
169208	0	4771743	0
169208	0	4859431	0
169208	0	4859432	5
169208	0	4859433	5
169208	0	4859434	0
169208	0	4859436	0
169208	0	4859437	5
169208	0	4859438	5
169208	0	5326937	0
169208	0	5326940	0
169208	0	5541538	2
169208	0	5541539	2
169208	0	560198	3
169208	0	5872890	2
169208	0	5893619	0
169208	0	6413011	2
169208	0	6440833	0
169208	0	6628987	3
169208	0	6808744	5
169208	0	6808748	5
169208	0	6900079	2
169208	0	7116790	2
169208	0	7169062	0
169208	0	7169063	3
169208	0	7169064	0
169208	0	7169065	0
169208	0	7169066	0
169208	0	7169068	2
169208	0	721607	3
169208	0	721610	3
169208	0	7251632	3
169208	0	7251638	3
169208	0	7251639	5
169208	0	7461957	2
169208	0	7461961	0
169208	0	748057	2
169208	0	7484151	0
169208	0	8155993	2
169208	0	8303019	3
169208	0	8411957	0
169208	0	8426366	3
169208	0	85984	3
169208	0	85985	3
169208	0	85987	3
169208	0	85988	3
169208	0	85989	5
169208	0	85992	3
169208	0	85993	5
169208	0	8616158	2
174463	0	1013078	2
174463	0	1024758	2
174463	0	1024759	2
174463	0	1024761	5
174463	0	1024764	5
174463	0	1024766	2
174463	0	1070616	2
174463	0	1479952	5
174463	0	1567956	2
174463	0	1567958	2
174463	0	1711072	0
174463	0	1711073	0
174463	0	1788354	2
174463	0	1788358	2
174463	0	1835369	2
174463	0	1835370	2
174463	0	1835375	5
174463	0	1835377	2
174463	0	1854163	2
174463	0	1854168	2
174463	0	1854169	0
174463	0	1970971	0
174463	0	2247004	0
174463	0	2247008	0
174463	0	2247009	0
174463	0	2533619	2
174463	0	2533622	2
174463	0	2533623	0
174463	0	2533624	2
174463	0	2533625	2
174463	0	2533626	2
174463	0	299161	2
174463	0	3350452	0
174463	0	3501225	2
174463	0	3716939	0
174463	0	3716941	0
174463	0	3716946	0
174463	0	3716947	0
174463	0	4003796	0
174463	0	4038738	0
174463	0	4275746	0
174463	0	4275747	0
174463	0	4275749	0
174463	0	4275750	0
174463	0	4275752	0
174463	0	4321177	2
174463	0	4452296	2
174463	0	4662168	0
174463	0	4665966	0
174463	0	4665969	0
174463	0	4665971	2
174463	0	470708	5
174463	0	470710	5
174463	0	470711	2
174463	0	470712	2
174463	0	4710618	5
174463	0	5084515	2
174463	0	5264566	2
174463	0	5303495	5
174463	0	5303496	2
174463	0	5538542	0
174463	0	5538543	0
174463	0	5538544	0
174463	0	5538545	0
174463	0	5538546	0
174463	0	5641976	2
174463	0	5688367	2
174463	0	5779094	2
174463	0	6083368	5
174463	0	6083369	5
174463	0	6083371	2
174463	0	6094016	2
174463	0	6094019	2
174463	0	6443245	0
174463	0	6443247	0
174463	0	6443248	0
174463	0	6718985	2
174463	0	6825750	2
174463	0	6867423	2
174463	0	688428	0
174463	0	7089624	5
174463	0	7089625	2
174463	0	7089627	2
174463	0	7089629	5
174463	0	7089632	5
174463	0	7399134	0
174463	0	7812730	0
174463	0	7898167	0
174463	0	8304451	2
174463	0	8304454	5
174463	0	8304456	5
174463	0	8304457	5
174463	0	8304458	5
174463	0	8454980	5
174463	0	8645014	0
174463	0	8645017	0
174463	0	8770949	2
174463	0	8770952	2
174463	0	8770955	2
174463	0	934733	0
23849	0	1034183	3
23849	0	1068470	3
23849	0	1147198	0
23849	0	1158886	3
23849	0	1281303	0
23849	0	1480452	0
23849	0	1490714	0
23849	0	1571351	3
23849	0	1601003	0
23849	0	1615014	3
23849	0	1635738	3
23849	0	1635741	3
23849	0	1635744	3
23849	0	1810140	3
23849	0	1902269	0
23849	0	1944730	3
23849	0	2217275	3
23849	0	2339898	0
23849	0	251147	3
23849	0	2647769	5
23849	0	2748591	3
23849	0	2794610	0
23849	0	3008750	0
23849	0	3180413	3
23849	0	3336455	3
23849	0	3336578	0
23849	0	3345679	0
23849	0	371563	0
23849	0	3772924	0
23849	0	3978767	3
23849	0	4046852	3
23849	0	4188880	3
23849	0	4196114	0
23849	0	4237823	3
23849	0	446099	0
23849	0	4482598	0
23849	0	4529806	3
23849	0	4556932	3
23849	0	4556933	3
23849	0	4556938	0
23849	0	4556941	0
23849	0	4604718	3
23849	0	4712571	3
23849	0	4834498	0
23849	0	4864055	3
23849	0	4944603	3
23849	0	4975580	3
23849	0	5024440	0
23849	0	5143193	3
23849	0	5255098	0
23849	0	5315510	0
23849	0	54314	0
23849	0	5888570	0
23849	0	5913890	3
23849	0	6095561	3
23849	0	6252656	0
23849	0	6264715	3
23849	0	6277578	0
23849	0	6455259	0
23849	0	6515917	0
23849	0	6688736	0
23849	0	6688737	3
23849	0	6688741	0
23849	0	6688742	3
23849	0	6688743	3
23849	0	6688744	0
23849	0	6705133	0
23849	0	6849942	0
23849	0	6863398	0
23849	0	6988064	0
23849	0	7039665	3
23849	0	715423	0
23849	0	7165935	0
23849	0	7381703	0
23849	0	74048	0
23849	0	7517850	3
23849	0	7519911	0
23849	0	7636108	3
23849	0	7655100	3
23849	0	7767394	3
23849	0	7845081	0
23849	0	7896999	0
23849	0	8010558	3
23849	0	8010559	3
23849	0	8010560	3
23849	0	8010561	3
23849	0	8010562	3
23849	0	8010566	3
23849	0	8013217	0
23849	0	8017141	3
23849	0	8052286	0
23849	0	8126279	3
23849	0	8162522	0
23849	0	836559	0
23849	0	8466750	0
23849	0	8564850	0
23849	0	8588842	3
23849	0	8760500	0
23849	0	882494	0
23849	0	988523	0
258062	0	1307170	0
258062	0	1311741	5
258062	0	1348968	5
258062	0	1805967	5
258062	0	1914282	0
258062	0	2009233	0
258062	0	2198616	0
258062	0	2463315	0
258062	0	2463319	0
258062	0	2510542	0
258062	0	2646109	0
258062	0	2707009	0
258062	0	2707014	0
258062	0	2707015	0
258062	0	2707016	0
258062	0	2898169	5
258062	0	2909753	0
258062	0	2940180	0
258062	0	2940183	0
258062	0	2940184	0
258062	0	3012167	0
258062	0	3016095	0
258062	0	3107703	0
258062	0	3189004	0
258062	0	3195763	0
258062	0	3195767	0
258062	0	3325413	0
258062	0	3392238	5
258062	0	3404351	0
258062	0	3404354	0
258062	0	3653864	0
258062	0	36703	0
258062	0	36707	0
258062	0	3740722	0
258062	0	3822856	0
258062	0	387595	0
258062	0	3947010	0
258062	0	412375	0
258062	0	4155912	0
258062	0	4159140	0
258062	0	4159142	0
258062	0	4159344	0
258062	0	4159345	0
258062	0	4174308	0
258062	0	4174310	0
258062	0	4174313	0
258062	0	4277759	0
258062	0	4595794	5
258062	0	4595795	5
258062	0	5035481	0
258062	0	5134732	0
258062	0	5254426	0
258062	0	5275169	0
258062	0	5275170	0
258062	0	5326260	0
258062	0	5396981	0
258062	0	5396985	0
258062	0	5426779	0
258062	0	5456423	0
258062	0	5456424	0
258062	0	5456429	0
258062	0	5463138	0
258062	0	5617294	0
258062	0	5627691	0
258062	0	5810936	0
258062	0	5863178	0
258062	0	598842	0
258062	0	5993823	5
258062	0	60521	0
258062	0	6084336	5
258062	0	6084339	5
258062	0	63214	0
258062	0	63215	0
258062	0	6347133	0
258062	0	639086	0
258062	0	639087	0
258062	0	6498440	0
258062	0	6594583	0
258062	0	6650606	0
258062	0	6852974	0
258062	0	6990374	5
258062	0	6996199	0
258062	0	7068639	0
258062	0	7344525	0
258062	0	7716250	0
258062	0	777716	0
258062	0	777719	0
258062	0	8311086	0
258062	0	8421207	0
258062	0	8421209	0
258062	0	8464763	0
258062	0	8464766	0
258062	0	8659544	0
258062	0	8694158	5
258062	0	8694161	5
258062	0	8694163	5
258062	0	91493	0
258062	0	926729	0
258062	0	955811	5
258062	0	955813	5
324585	0	1051441	1
324585	0	110660	2
324585	0	1261381	2
324585	0	1261383	2
324585	0	1261384	2
324585	0	1261387	2
324585	0	1514876	2
324585	0	1514877	2
324585	0	1536988	5
324585	0	1536990	5
324585	0	1536993	5
324585	0	1536995	2
324585	0	1536997	5
324585	0	1908321	2
324585	0	1908323	2
324585	0	1908328	2
324585	0	1908329	2
324585	0	2193462	0
324585	0	2259938	2
324585	0	2363582	0
324585	0	2709483	1
324585	0	3123073	2
324585	0	3608325	1
324585	0	3609598	0
324585	0	405277	5
324585	0	405281	5
324585	0	405282	1
324585	0	4201871	2
324585	0	4201872	2
324585	0	4320328	2
324585	0	4560658	0
324585	0	4706676	2
324585	0	4735945	1
324585	0	4765769	2
324585	0	4806924	1
324585	0	5131127	0
324585	0	5131128	0
324585	0	5131131	0
324585	0	5358854	0
324585	0	5525879	5
324585	0	5610255	0
324585	0	5860827	0
324585	0	5934310	0
324585	0	6093053	0
324585	0	612031	0
324585	0	6126015	2
324585	0	6126016	2
324585	0	6126018	2
324585	0	6126019	2
324585	0	6196947	2
324585	0	6196949	2
324585	0	6473682	2
324585	0	6473688	2
324585	0	6479756	1
324585	0	6480418	2
324585	0	6480421	1
324585	0	6480422	2
324585	0	6480425	2
324585	0	6836748	2
324585	0	6836749	2
324585	0	6836750	2
324585	0	6873083	0
324585	0	6900492	2
324585	0	6961642	2
324585	0	6961643	2
324585	0	6961644	2
324585	0	6961645	2
324585	0	7190243	2
324585	0	731211	0
324585	0	7363141	2
324585	0	7363142	2
324585	0	7363143	2
324585	0	7519882	0
324585	0	7653696	2
324585	0	7877828	1
324585	0	7877836	1
324585	0	7884824	1
324585	0	7884826	1
324585	0	7941125	1
324585	0	7941129	1
324585	0	8160764	2
324585	0	8160765	2
324585	0	8160773	2
324585	0	8290306	1
324585	0	8290307	2
324585	0	8290309	5
324585	0	8290310	2
324585	0	8290312	2
324585	0	8290314	5
324585	0	8310496	2
324585	0	8310498	5
324585	0	8310499	5
324585	0	8310502	5
324585	0	8310503	5
324585	0	8437890	2
324585	0	8500120	5
324585	0	8500121	5
324585	0	8500123	5
324585	0	8500124	2
324585	0	8762257	2
330975	0	1097857	3
330975	0	1097858	3
330975	0	1097859	0
330975	0	1097861	3
330975	0	1150915	0
330975	0	1598185	3
330975	0	1598186	0
330975	0	1598191	0
330975	0	1637261	0
330975	0	2299997	0
330975	0	233944	3
330975	0	233945	0
330975	0	233946	3
330975	0	233947	0
330975	0	233948	0
330975	0	233949	0
330975	0	233950	0
330975	0	233951	3
330975	0	233952	3
330975	0	2484642	0
330975	0	3018015	0
330975	0	3240106	0
330975	0	3240112	3
330975	0	3256083	0
330975	0	3256084	3
330975	0	3297853	0
330975	0	3297855	3
330975	0	3297856	3
330975	0	3297857	3
330975	0	3297858	3
330975	0	3297860	0
330975	0	3297862	0
330975	0	3857964	0
330975	0	3857965	3
330975	0	3857968	0
330975	0	4108178	3
330975	0	4108179	0
330975	0	4392140	3
330975	0	4392141	0
330975	0	4392142	0
330975	0	4392144	3
330975	0	4392147	3
330975	0	4408865	3
330975	0	4408867	0
330975	0	4620919	3
330975	0	4620920	0
330975	0	4620924	3
330975	0	4695290	0
330975	0	4695291	0
330975	0	4695292	3
330975	0	4695297	0
330975	0	482130	3
330975	0	482131	0
330975	0	4896436	0
330975	0	4896437	0
330975	0	5190215	3
330975	0	5196922	0
330975	0	5393803	3
330975	0	5393804	3
330975	0	5393805	3
330975	0	5393806	0
330975	0	5393808	0
330975	0	5427108	3
330975	0	5427109	0
330975	0	5427112	0
330975	0	5557976	3
330975	0	5558822	0
330975	0	5750875	3
330975	0	5750877	0
330975	0	5750879	0
330975	0	5750880	3
330975	0	5803903	0
330975	0	6009912	0
330975	0	6009915	0
330975	0	6127421	0
330975	0	6310757	3
330975	0	6310762	3
330975	0	6559225	3
330975	0	6625463	0
330975	0	6625466	0
330975	0	6625469	3
330975	0	6693239	3
330975	0	702096	3
330975	0	702098	0
330975	0	702099	3
330975	0	702102	0
330975	0	702103	0
330975	0	7074783	0
330975	0	7074784	0
330975	0	7074787	3
330975	0	7624935	0
330975	0	7871128	0
330975	0	7908218	0
330975	0	8327008	0
330975	0	8327009	0
330975	0	8327010	0
330975	0	8327011	0
330975	0	8327012	3
330975	0	8541458	0
330975	0	8541461	3
332593	0	1167181	2
332593	0	1167184	2
332593	0	1222945	2
332593	0	1443721	2
332593	0	1443722	2
332593	0	1443723	2
332593	0	1443724	2
332593	0	1539776	2
332593	0	1650687	2
332593	0	1831357	2
332593	0	1905433	0
332593	0	1905434	2
332593	0	1905438	2
332593	0	1905439	2
332593	0	3156805	0
332593	0	3156810	0
332593	0	329112	2
332593	0	3336840	0
332593	0	3336841	0
332593	0	3336847	2
332593	0	3731313	5
332593	0	4023720	2
332593	0	4023721	2
332593	0	4023722	2
332593	0	4023724	2
332593	0	4023727	2
332593	0	4431495	2
332593	0	4431497	2
332593	0	4431498	2
332593	0	4431500	0
332593	0	4431502	2
332593	0	4431504	0
332593	0	45433	2
332593	0	4614346	2
332593	0	4701751	2
332593	0	4701752	2
332593	0	4701753	0
332593	0	4701756	2
332593	0	4866229	0
332593	0	4866235	2
332593	0	4952087	0
332593	0	4952089	2
332593	0	4952093	0
332593	0	4952095	2
332593	0	5241321	5
332593	0	5241322	5
332593	0	5241323	2
332593	0	5241326	2
332593	0	5241327	2
332593	0	5241328	2
332593	0	5707520	0
332593	0	5707521	0
332593	0	5863367	0
332593	0	5975274	2
332593	0	5975275	0
332593	0	6007038	2
332593	0	6007045	2
332593	0	6016986	0
332593	0	6189464	0
332593	0	6514779	0
332593	0	6514780	2
332593	0	6514781	2
332593	0	6528405	0
332593	0	6528411	0
332593	0	6534081	2
332593	0	6534082	0
332593	0	6534085	2
332593	0	6534090	2
332593	0	6616552	2
332593	0	6616553	2
332593	0	6616554	2
332593	0	6616556	2
332593	0	6616559	2
332593	0	6765225	2
332593	0	6765227	2
332593	0	7073993	0
332593	0	7073995	2
332593	0	7073996	2
332593	0	7073998	2
332593	0	7331778	2
332593	0	7331782	2
332593	0	7362660	2
332593	0	7362661	2
332593	0	8021423	0
332593	0	8021425	0
332593	0	8091673	0
332593	0	8091677	2
332593	0	8091681	2
332593	0	8434869	2
332593	0	8434871	5
332593	0	8434872	0
332593	0	8434873	2
332593	0	8434874	2
332593	0	8749227	0
332593	0	8749229	2
332593	0	8749230	2
332593	0	8749231	2
332593	0	931415	2
332593	0	931416	2
332593	0	931417	2
336901	0	1521213	0
336901	0	1608960	0
336901	0	1644464	0
336901	0	1934747	0
336901	0	2136144	0
336901	0	2229274	4
336901	0	2537065	4
336901	0	2559124	0
336901	0	2594412	0
336901	0	2678939	0
336901	0	2755190	0
336901	0	2775595	0
336901	0	2792853	0
336901	0	2857864	4
336901	0	2909600	4
336901	0	2922202	0
336901	0	2934191	0
336901	0	3011078	0
336901	0	302494	4
336901	0	3166946	0
336901	0	3193294	0
336901	0	3193297	0
336901	0	3193298	0
336901	0	3217707	4
336901	0	3219589	0
336901	0	3330854	5
336901	0	3330861	0
336901	0	3367194	0
336901	0	3386083	4
336901	0	3558790	0
336901	0	3646550	5
336901	0	3824155	0
336901	0	3898251	0
336901	0	3920653	0
336901	0	3987390	0
336901	0	4048104	0
336901	0	4268010	0
336901	0	4273502	0
336901	0	4377113	0
336901	0	4473040	0
336901	0	4625064	0
336901	0	469091	0
336901	0	4789969	0
336901	0	5086827	0
336901	0	5171199	0
336901	0	5171203	0
336901	0	5284572	0
336901	0	53188	0
336901	0	53195	0
336901	0	5354099	0
336901	0	5361646	0
336901	0	5380098	0
336901	0	552083	0
336901	0	5558676	0
336901	0	5626742	0
336901	0	5700405	0
336901	0	6017280	4
336901	0	6017284	4
336901	0	6017286	4
336901	0	6017287	4
336901	0	6096613	4
336901	0	6096614	4
336901	0	6119776	0
336901	0	6394774	0
336901	0	6560729	0
336901	0	6577690	0
336901	0	6615453	0
336901	0	6719659	0
336901	0	6919021	0
336901	0	6919023	0
336901	0	6932549	0
336901	0	69552	0
336901	0	7061120	0
336901	0	7072530	0
336901	0	7400803	0
336901	0	7402234	0
336901	0	7459686	4
336901	0	7721275	0
336901	0	7794891	0
336901	0	7819232	0
336901	0	7836255	4
336901	0	7836256	4
336901	0	7836258	4
336901	0	7836261	4
336901	0	7941601	0
336901	0	7971504	0
336901	0	8130980	4
336901	0	8307986	0
336901	0	834302	0
336901	0	8528674	5
336901	0	8528675	5
336901	0	8528677	4
336901	0	8528678	5
336901	0	8528679	5
336901	0	8528680	4
336901	0	8528682	4
336901	0	8619415	0
336901	0	8712882	0
336901	0	8740069	4
336901	0	962149	4
390360	0	1093722	1
390360	0	1139946	1
390360	0	1139949	2
390360	0	1184647	2
390360	0	1264597	1
390360	0	1264606	2
390360	0	1326095	2
390360	0	1378333	5
390360	0	1378337	2
390360	0	1482259	1
390360	0	1613657	1
390360	0	1643798	2
390360	0	1689013	2
390360	0	1795979	0
390360	0	2164706	1
390360	0	2168033	2
390360	0	2173448	2
390360	0	2203875	2
390360	0	2203877	2
390360	0	2514537	1
390360	0	2615304	0
390360	0	2637765	2
390360	0	2637767	2
390360	0	2637770	1
390360	0	2825054	1
390360	0	2940056	0
390360	0	3104906	0
390360	0	310773	0
390360	0	3180631	2
390360	0	324991	2
390360	0	324992	2
390360	0	324994	2
390360	0	3331490	2
390360	0	3331497	1
390360	0	346463	0
390360	0	3504559	1
390360	0	3623759	1
390360	0	3786708	1
390360	0	3786710	2
390360	0	3786717	1
390360	0	4196139	2
390360	0	425021	5
390360	0	4619216	5
390360	0	4619218	5
390360	0	4683960	2
390360	0	4689259	1
390360	0	473001	2
390360	0	4973819	2
390360	0	5184054	1
390360	0	5423359	2
390360	0	5431403	1
390360	0	5443201	1
390360	0	5443203	1
390360	0	5466592	0
390360	0	566410	1
390360	0	5725004	2
390360	0	5864937	1
390360	0	5910178	1
390360	0	5989338	1
390360	0	6033322	0
390360	0	604111	2
390360	0	61397	2
390360	0	615093	0
390360	0	6179316	1
390360	0	6347740	0
390360	0	6471276	0
390360	0	6492799	2
390360	0	6492800	2
390360	0	6492801	2
390360	0	6492802	2
390360	0	655298	1
390360	0	6651080	1
390360	0	6651082	1
390360	0	680390	2
390360	0	6855721	2
390360	0	6933928	1
390360	0	7186643	2
390360	0	7664006	1
390360	0	7666614	2
390360	0	7679050	5
390360	0	7765639	0
390360	0	7807146	2
390360	0	7875098	1
390360	0	8085703	2
390360	0	8318053	1
390360	0	8333740	0
390360	0	8520605	1
390360	0	8630609	5
390360	0	8630611	5
390360	0	8630612	5
390360	0	8630613	5
390360	0	8630614	5
390360	0	8630615	0
390360	0	8630616	2
390360	0	8630617	2
390360	0	8630618	5
390360	0	8649075	1
390360	0	8717688	0
390360	0	937080	1
390360	0	963947	2
405163	0	1041993	0
405163	0	1041997	3
405163	0	1125561	0
405163	0	1212298	3
405163	0	1234964	0
405163	0	1305759	3
405163	0	1330010	3
405163	0	1352545	0
405163	0	1352547	0
405163	0	1352548	0
405163	0	1422055	0
405163	0	1429845	0
405163	0	1506457	0
405163	0	1518539	0
405163	0	1518541	3
405163	0	1655999	0
405163	0	1667024	0
405163	0	1667026	0
405163	0	1667027	3
405163	0	1844775	0
405163	0	1844781	0
405163	0	2016025	3
405163	0	2055217	0
405163	0	2055218	0
405163	0	2139588	0
405163	0	2181405	3
405163	0	2407799	0
405163	0	2514292	0
405163	0	2534299	3
405163	0	268004	0
405163	0	2902930	0
405163	0	2957079	0
405163	0	306987	0
405163	0	3216136	3
405163	0	3708033	3
405163	0	3850032	0
405163	0	3918981	0
405163	0	3918983	3
405163	0	3925019	0
405163	0	405639	0
405163	0	421595	0
405163	0	4228172	3
405163	0	429245	3
405163	0	429246	3
405163	0	429247	3
405163	0	429252	0
405163	0	4346504	3
405163	0	4557770	0
405163	0	4642223	0
405163	0	4752017	0
405163	0	4761344	0
405163	0	5095853	0
405163	0	5095855	0
405163	0	5282651	3
405163	0	5514160	0
405163	0	5523882	0
405163	0	5658841	3
405163	0	5706290	3
405163	0	5706291	3
405163	0	5710975	0
405163	0	5897402	0
405163	0	6250234	0
405163	0	6270437	3
405163	0	6289824	3
405163	0	644890	3
405163	0	647592	3
405163	0	647594	3
405163	0	6584197	0
405163	0	6689925	0
405163	0	6689927	0
405163	0	6689928	3
405163	0	6759833	0
405163	0	6770821	0
405163	0	6796414	0
405163	0	6796624	3
405163	0	6845523	0
405163	0	6877861	3
405163	0	6916264	5
405163	0	6945011	5
405163	0	6945014	0
405163	0	7044507	0
405163	0	7044508	0
405163	0	7044515	0
405163	0	7392419	0
405163	0	7392422	3
405163	0	7454159	0
405163	0	7622492	3
405163	0	8018950	3
405163	0	8088030	0
405163	0	8092441	0
405163	0	8282533	0
405163	0	8445973	3
405163	0	8445975	3
405163	0	849402	3
405163	0	851536	3
405163	0	8666230	0
405163	0	8682163	0
405163	0	8707747	3
405163	0	893316	3
405163	0	931373	3
42255	0	1470405	0
42255	0	1586874	1
42255	0	1636366	3
42255	0	179533	3
42255	0	179535	3
42255	0	179536	3
42255	0	182407	3
42255	0	182410	3
42255	0	182412	1
42255	0	1896379	0
42255	0	1956828	1
42255	0	2229961	3
42255	0	2584026	3
42255	0	2673761	1
42255	0	2799681	0
42255	0	2799683	0
42255	0	2799685	0
42255	0	2799686	0
42255	0	2799687	0
42255	0	2834575	3
42255	0	2941424	0
42255	0	3063190	0
42255	0	3063193	0
42255	0	3077468	3
42255	0	3349781	3
42255	0	3349782	1
42255	0	3349783	3
42255	0	3349784	1
42255	0	363752	1
42255	0	3716279	3
42255	0	3716280	3
42255	0	3817242	1
42255	0	3817244	3
42255	0	3817246	1
42255	0	4418198	1
42255	0	461282	0
42255	0	461284	0
42255	0	461285	0
42255	0	471838	3
42255	0	499031	1
42255	0	5326925	3
42255	0	5538134	1
42255	0	5550460	1
42255	0	5578766	3
42255	0	5656059	3
42255	0	5783300	1
42255	0	5801316	1
42255	0	5912307	1
42255	0	5912308	1
42255	0	5921273	3
42255	0	5921276	1
42255	0	5977535	0
42255	0	5977536	0
42255	0	5997798	3
42255	0	5997799	1
42255	0	6000165	3
42255	0	6098597	1
42255	0	6120375	1
42255	0	6120376	1
42255	0	6170535	3
42255	0	6174625	3
42255	0	6238238	1
42255	0	6278918	3
42255	0	630084	3
42255	0	6528860	3
42255	0	6560210	0
42255	0	6560218	0
42255	0	6983043	1
42255	0	7123386	1
42255	0	729163	1
42255	0	732000	1
42255	0	7545797	1
42255	0	7688778	3
42255	0	7843844	3
42255	0	7843847	1
42255	0	7944021	1
42255	0	7944025	3
42255	0	7944027	0
42255	0	7944028	0
42255	0	8286390	1
42255	0	8286392	3
42255	0	8328839	1
42255	0	8372965	0
42255	0	8372969	0
42255	0	857475	1
42255	0	857478	1
42255	0	857479	1
42255	0	857481	1
42255	0	8720118	3
42255	0	8720119	1
42255	0	8746188	5
42255	0	8746189	5
42255	0	8746191	3
42255	0	8746192	1
42255	0	8746193	3
42255	0	8746194	3
42255	0	8746195	3
42255	0	8746196	3
42255	0	8746197	5
42255	0	938661	3
47210	0	1156867	1
47210	0	1560501	1
47210	0	1764822	0
47210	0	1764823	0
47210	0	1839668	0
47210	0	1839669	1
47210	0	1839672	0
47210	0	2042918	4
47210	0	2042920	4
47210	0	2042922	1
47210	0	2042923	1
47210	0	2042924	1
47210	0	2042926	1
47210	0	2042927	0
47210	0	2338382	1
47210	0	2338383	1
47210	0	2338385	4
47210	0	2338386	1
47210	0	2545998	4
47210	0	2545999	1
47210	0	2546000	1
47210	0	2546001	4
47210	0	2546002	4
47210	0	2546004	1
47210	0	2546005	4
47210	0	2546007	4
47210	0	2566994	1
47210	0	2566998	1
47210	0	3107294	1
47210	0	3107295	1
47210	0	3304358	4
47210	0	3304359	4
47210	0	3304361	1
47210	0	3304362	1
47210	0	3858013	1
47210	0	4007103	1
47210	0	4007105	1
47210	0	4007106	1
47210	0	4007107	1
47210	0	4007108	1
47210	0	4007109	1
47210	0	4748993	0
47210	0	4748994	1
47210	0	4748997	1
47210	0	5207325	1
47210	0	5207327	1
47210	0	5207328	4
47210	0	5207329	4
47210	0	5301402	1
47210	0	5301403	1
47210	0	5301404	4
47210	0	5301406	4
47210	0	5497272	4
47210	0	5497274	0
47210	0	5497278	1
47210	0	5550873	1
47210	0	5550874	1
47210	0	5642104	4
47210	0	5642107	4
47210	0	5691600	4
47210	0	5698323	1
47210	0	5736869	0
47210	0	5736870	1
47210	0	5736873	1
47210	0	5787609	1
47210	0	5787617	1
47210	0	6025360	0
47210	0	6168273	4
47210	0	6168279	1
47210	0	6168280	0
47210	0	6168516	1
47210	0	6168517	1
47210	0	6168519	1
47210	0	6180503	1
47210	0	6180504	4
47210	0	6330615	1
47210	0	6330616	1
47210	0	6502207	1
47210	0	6695089	0
47210	0	6879333	0
47210	0	6910683	1
47210	0	6990782	1
47210	0	7067451	1
47210	0	7067452	1
47210	0	7067453	4
47210	0	7367872	4
47210	0	7367873	1
47210	0	7367874	0
47210	0	7386897	1
47210	0	7509248	4
47210	0	7509249	4
47210	0	7509251	1
47210	0	7509252	4
47210	0	7562284	1
47210	0	8241222	0
47210	0	8261977	1
47210	0	8261979	1
47210	0	8646329	1
47210	0	8646330	4
47210	0	883180	0
555530	0	1114218	2
555530	0	1409667	2
555530	0	1416941	2
555530	0	1447386	2
555530	0	1536620	2
555530	0	1536621	2
555530	0	1754584	2
555530	0	1897713	2
555530	0	1897715	2
555530	0	1897718	2
555530	0	191789	0
555530	0	2354211	0
555530	0	2354213	0
555530	0	2906190	2
555530	0	2906192	2
555530	0	2906193	2
555530	0	2978168	2
555530	0	2978169	0
555530	0	3143528	2
555530	0	338636	2
555530	0	3478505	0
555530	0	3559167	0
555530	0	3559168	0
555530	0	3593336	2
555530	0	3593337	0
555530	0	366872	2
555530	0	3717577	2
555530	0	3717582	2
555530	0	3764719	2
555530	0	3831201	0
555530	0	4071544	2
555530	0	4137963	0
555530	0	4137964	2
555530	0	4137965	2
555530	0	416659	2
555530	0	4238674	2
555530	0	4240158	2
555530	0	424017	2
555530	0	424021	2
555530	0	4340006	0
555530	0	448525	2
555530	0	448529	2
555530	0	4668014	0
555530	0	474541	2
555530	0	474544	2
555530	0	480993	0
555530	0	480995	2
555530	0	4977440	2
555530	0	5090232	2
555530	0	5404854	2
555530	0	5481818	0
555530	0	5481824	0
555530	0	5641154	2
555530	0	5641158	0
555530	0	5717510	0
555530	0	5780377	0
555530	0	5846396	2
555530	0	5846397	2
555530	0	5846399	2
555530	0	6078221	2
555530	0	6078223	0
555530	0	6078228	2
555530	0	6309262	2
555530	0	6434719	2
555530	0	6442296	0
555530	0	6449364	2
555530	0	6450951	2
555530	0	6450953	2
555530	0	6450954	2
555530	0	6450955	2
555530	0	6485976	2
555530	0	6485982	2
555530	0	668368	2
555530	0	6804648	2
555530	0	6869537	2
555530	0	6936082	2
555530	0	6938328	2
555530	0	7042270	2
555530	0	7154973	2
555530	0	7179784	2
555530	0	7179791	2
555530	0	7199721	0
555530	0	7232504	2
555530	0	7319200	2
555530	0	7339147	2
555530	0	7349580	2
555530	0	7419503	2
555530	0	7606337	2
555530	0	7606341	2
555530	0	7675308	2
555530	0	7766457	2
555530	0	7766465	2
555530	0	8099737	0
555530	0	8398331	2
555530	0	8398334	0
555530	0	845358	0
555530	0	8637526	2
555530	0	8801020	2
555530	0	921773	2
555530	0	976265	0
583468	0	119352	2
583468	0	119354	2
583468	0	119355	2
583468	0	119358	2
583468	0	119359	2
583468	0	1546126	2
583468	0	1546127	2
583468	0	1546128	2
583468	0	1546131	2
583468	0	1546134	2
583468	0	1675561	2
583468	0	1675562	2
583468	0	1675564	2
583468	0	1675566	2
583468	0	2080305	0
583468	0	2080306	0
583468	0	2080307	0
583468	0	2080312	2
583468	0	2142129	0
583468	0	2267047	0
583468	0	2267048	2
583468	0	2267049	2
583468	0	2267050	0
583468	0	2267051	2
583468	0	2267052	2
583468	0	2267054	2
583468	0	2267055	0
583468	0	2884627	0
583468	0	3418135	0
583468	0	3466605	0
583468	0	3466606	2
583468	0	3466607	2
583468	0	3466610	2
583468	0	4217514	0
583468	0	424310	2
583468	0	4502517	0
583468	0	48595	0
583468	0	5623829	0
583468	0	5747978	0
583468	0	5747984	0
583468	0	6171513	0
583468	0	6286920	2
583468	0	6286922	2
583468	0	6286923	2
583468	0	6286925	2
583468	0	6286927	0
583468	0	6286928	2
583468	0	6578660	2
583468	0	6654304	0
583468	0	6654306	0
583468	0	6654310	0
583468	0	6654312	0
583468	0	7450717	2
583468	0	7450718	2
583468	0	7450719	2
583468	0	7450725	2
583468	0	7465955	2
583468	0	7465956	0
583468	0	7465957	0
583468	0	7491697	2
583468	0	7491698	2
583468	0	7491700	2
583468	0	7491701	2
583468	0	7491702	0
583468	0	7491704	2
583468	0	7491705	2
583468	0	7706119	2
583468	0	7706120	2
583468	0	7706121	0
583468	0	7706122	2
583468	0	7706123	0
583468	0	7744346	2
583468	0	7744347	2
583468	0	7744348	2
583468	0	7744349	2
583468	0	7744350	2
583468	0	7744351	2
583468	0	7832015	0
583468	0	8144444	2
583468	0	8144445	2
583468	0	8144447	0
583468	0	8144448	2
583468	0	8144451	2
583468	0	8326076	0
583468	0	8326077	2
583468	0	8326078	0
583468	0	8326080	2
583468	0	8395838	0
583468	0	8395839	0
583468	0	8395840	2
583468	0	8395843	2
583468	0	8395844	0
583468	0	8395845	2
583468	0	914661	2
583468	0	914662	2
583468	0	914663	0
583468	0	914665	2
583468	0	914666	2
583468	0	914668	2
583468	0	914669	2
640502	0	1034851	4
640502	0	1186738	4
640502	0	1226398	1
640502	0	1226399	0
640502	0	1226400	1
640502	0	1226405	4
640502	0	1238025	1
640502	0	1393126	1
640502	0	1593637	1
640502	0	1593642	1
640502	0	1698183	1
640502	0	172502	4
640502	0	1754997	4
640502	0	1775697	4
640502	0	1854588	4
640502	0	1861075	1
640502	0	1861076	1
640502	0	1957246	0
640502	0	1957247	4
640502	0	1957252	4
640502	0	208378	1
640502	0	2096762	4
640502	0	2096764	1
640502	0	2146068	1
640502	0	218503	1
640502	0	2701130	1
640502	0	275138	1
640502	0	2808569	4
640502	0	2808576	1
640502	0	2989520	4
640502	0	3198074	1
640502	0	3245274	1
640502	0	3263512	1
640502	0	3263515	1
640502	0	3263516	4
640502	0	3271456	0
640502	0	3282192	1
640502	0	3511310	1
640502	0	3551380	1
640502	0	3554994	1
640502	0	3580218	1
640502	0	3580224	0
640502	0	3678130	1
640502	0	3803120	1
640502	0	3803123	1
640502	0	3992429	0
640502	0	3992434	4
640502	0	4088606	4
640502	0	409320	1
640502	0	409322	0
640502	0	4132983	4
640502	0	418508	4
640502	0	418511	4
640502	0	4310981	1
640502	0	4359297	4
640502	0	4359298	1
640502	0	4778464	4
640502	0	4998514	4
640502	0	5073872	4
640502	0	5116013	1
640502	0	5150987	4
640502	0	5150990	4
640502	0	5539487	4
640502	0	5641149	4
640502	0	5924242	1
640502	0	598202	4
640502	0	5989160	0
640502	0	6146400	4
640502	0	6354348	1
640502	0	6497379	1
640502	0	6497380	1
640502	0	6497384	0
640502	0	6497385	4
640502	0	6497387	0
640502	0	6497388	1
640502	0	6702284	1
640502	0	6702288	4
640502	0	6702955	1
640502	0	6730883	1
640502	0	6730884	4
640502	0	6730887	4
640502	0	6894840	0
640502	0	6959430	1
640502	0	6985038	4
640502	0	7000432	4
640502	0	708327	1
640502	0	7109037	4
640502	0	7621753	1
640502	0	7626908	1
640502	0	77134	4
640502	0	77138	1
640502	0	7917064	1
640502	0	821077	1
640502	0	8405337	0
640502	0	8412227	4
640502	0	8412229	4
640502	0	8451475	4
640502	0	8462353	1
640502	0	8612390	1
640502	0	880180	1
67316	0	1134526	3
67316	0	1191975	3
67316	0	1203264	0
67316	0	121111	0
67316	0	1218764	0
67316	0	1233288	0
67316	0	1261954	3
67316	0	1261955	3
67316	0	1349195	0
67316	0	1408570	0
67316	0	1552056	0
67316	0	1571465	3
67316	0	1677921	3
67316	0	1920786	0
67316	0	2078577	0
67316	0	2173082	3
67316	0	2173084	3
67316	0	2268657	3
67316	0	2276258	0
67316	0	2688813	3
67316	0	2930660	5
67316	0	308681	0
67316	0	3307992	0
67316	0	3393479	3
67316	0	3557359	0
67316	0	3557361	0
67316	0	3761777	3
67316	0	376564	0
67316	0	3844905	3
67316	0	3857558	3
67316	0	3871324	3
67316	0	395251	0
67316	0	44013	0
67316	0	4789322	3
67316	0	4818907	3
67316	0	4863059	3
67316	0	4915523	0
67316	0	5029981	0
67316	0	5029984	0
67316	0	5252008	0
67316	0	5252012	0
67316	0	5470840	0
67316	0	5537896	0
67316	0	5644600	0
67316	0	5678487	0
67316	0	5685814	0
67316	0	5685822	0
67316	0	5695904	0
67316	0	5826714	0
67316	0	6091255	3
67316	0	6091256	3
67316	0	6091258	0
67316	0	6387611	3
67316	0	6439840	3
67316	0	6607539	0
67316	0	6607542	3
67316	0	6680964	5
67316	0	6680968	0
67316	0	6715508	3
67316	0	6764671	3
67316	0	6764674	3
67316	0	6801739	3
67316	0	6905735	0
67316	0	6921864	3
67316	0	6925995	3
67316	0	6926001	0
67316	0	6957398	3
67316	0	699797	0
67316	0	7019081	3
67316	0	7027708	0
67316	0	7055840	0
67316	0	7111671	0
67316	0	7111673	0
67316	0	7112302	3
67316	0	7114279	3
67316	0	7183389	3
67316	0	7323071	0
67316	0	7326255	0
67316	0	7348851	5
67316	0	7389433	0
67316	0	7418438	3
67316	0	7630885	3
67316	0	7701876	3
67316	0	7817949	0
67316	0	7890065	0
67316	0	7946211	0
67316	0	800359	5
67316	0	8003840	0
67316	0	8161992	3
67316	0	8200130	0
67316	0	826134	3
67316	0	8308297	3
67316	0	8308718	3
67316	0	8312265	3
67316	0	8377581	3
67316	0	8473319	0
67316	0	865914	3
67316	0	866739	0
67316	0	91144	0
67316	0	973226	0
673670	0	1118758	1
673670	0	1118759	4
673670	0	1178245	4
673670	0	1203025	1
673670	0	1282792	4
673670	0	1282794	4
673670	0	1398748	4
673670	0	1454201	1
673670	0	1454202	0
673670	0	1454203	1
673670	0	1511452	4
673670	0	1511453	1
673670	0	1511457	1
673670	0	1511459	4
673670	0	1511460	1
673670	0	1531310	0
673670	0	1665447	1
673670	0	1705886	1
673670	0	1954736	1
673670	0	1954745	1
673670	0	2018332	0
673670	0	2240351	4
673670	0	2240353	1
673670	0	2240354	4
673670	0	2240355	1
673670	0	2240356	1
673670	0	2240357	1
673670	0	2240358	0
673670	0	2240359	1
673670	0	2420903	0
673670	0	2483406	1
673670	0	2896684	4
673670	0	3265118	4
673670	0	3333465	0
673670	0	3345262	4
673670	0	3345263	1
673670	0	3345266	4
673670	0	3592286	4
673670	0	3607495	4
673670	0	3607497	1
673670	0	3607499	1
673670	0	3607500	4
673670	0	3916293	1
673670	0	4013566	4
673670	0	4013572	1
673670	0	4013575	1
673670	0	4133948	1
673670	0	4133949	1
673670	0	4133952	1
673670	0	4561019	1
673670	0	4626829	4
673670	0	4806071	1
673670	0	5822283	0
673670	0	5900580	1
673670	0	6084744	4
673670	0	6084745	4
673670	0	6084748	4
673670	0	6342703	1
673670	0	6342705	1
673670	0	6342707	1
673670	0	6395146	0
673670	0	6521135	1
673670	0	6793497	1
673670	0	6794475	1
673670	0	7105057	1
673670	0	7176524	4
673670	0	7257301	4
673670	0	7257302	1
673670	0	7257304	4
673670	0	7257306	4
673670	0	7259576	1
673670	0	7534172	0
673670	0	7583949	4
673670	0	761712	4
673670	0	7618287	1
673670	0	7665209	1
673670	0	800855	1
673670	0	800861	0
673670	0	824934	1
673670	0	8389137	0
673670	0	8524262	1
673670	0	8524263	4
673670	0	8524264	1
673670	0	8524265	1
673670	0	8524269	1
673670	0	8524270	0
673670	0	8632357	4
673670	0	8632359	4
673670	0	8632360	4
673670	0	8632362	4
673670	0	8632363	1
673670	0	8632364	4
673670	0	8632365	1
673670	0	867197	1
673670	0	8735640	4
673670	0	8735643	4
673670	0	8773078	1
673670	0	8773081	0
673670	0	8837074	1
673670	0	907457	1
701453	0	1214309	1
701453	0	1214310	1
701453	0	1503748	1
701453	0	1566503	2
701453	0	1699264	2
701453	0	1714597	1
701453	0	1798882	1
701453	0	1990363	2
701453	0	2036076	5
701453	0	2036079	2
701453	0	2163064	1
701453	0	2672810	0
701453	0	2759226	0
701453	0	2811467	2
701453	0	2863309	1
701453	0	3143000	2
701453	0	3230202	1
701453	0	3759036	0
701453	0	3783939	2
701453	0	388377	1
701453	0	388379	1
701453	0	388380	1
701453	0	388384	1
701453	0	4001193	2
701453	0	416000	2
701453	0	4298987	1
701453	0	4330671	5
701453	0	4330672	2
701453	0	4330673	2
701453	0	4330675	2
701453	0	4330676	5
701453	0	4330677	2
701453	0	4330678	2
701453	0	4330679	5
701453	0	4330680	5
701453	0	4355643	2
701453	0	4355644	2
701453	0	4355645	5
701453	0	4355647	5
701453	0	4355649	5
701453	0	4355652	5
701453	0	4647293	2
701453	0	4647295	0
701453	0	4647297	0
701453	0	4748213	1
701453	0	4940430	0
701453	0	5325772	2
701453	0	5521743	2
701453	0	5574758	2
701453	0	5923932	1
701453	0	5923935	1
701453	0	5923938	1
701453	0	5923939	2
701453	0	5923940	1
701453	0	606130	2
701453	0	6190998	1
701453	0	6282450	0
701453	0	6282451	0
701453	0	6282453	1
701453	0	6289231	2
701453	0	6353551	1
701453	0	6445718	2
701453	0	6667025	1
701453	0	685118	1
701453	0	688613	2
701453	0	688614	5
701453	0	688615	5
701453	0	688618	5
701453	0	6927982	1
701453	0	6999084	1
701453	0	6999085	1
701453	0	6999087	1
701453	0	6999088	1
701453	0	6999090	0
701453	0	6999093	1
701453	0	7062710	1
701453	0	7259848	2
701453	0	7586972	2
701453	0	7779211	1
701453	0	7783869	1
701453	0	7806569	2
701453	0	7832642	0
701453	0	8133443	1
701453	0	8402344	2
701453	0	8402345	2
701453	0	8402346	2
701453	0	8402348	2
701453	0	8402349	2
701453	0	8402350	2
701453	0	8616498	1
701453	0	8626140	2
701453	0	8626142	5
701453	0	8626143	2
701453	0	8626144	5
701453	0	8626145	2
701453	0	8626147	2
701453	0	8626148	2
701453	0	8626149	2
701453	0	8694414	1
701453	0	871170	0
730539	0	1520037	0
730539	0	1625667	4
730539	0	1625670	4
730539	0	1625673	4
730539	0	1625674	4
730539	0	1754509	0
730539	0	1965747	2
730539	0	1965748	2
730539	0	1965750	0
730539	0	1965751	0
730539	0	239231	4
730539	0	2574019	2
730539	0	2574020	4
730539	0	2574022	2
730539	0	2666436	4
730539	0	2666441	2
730539	0	2666442	4
730539	0	2666443	4
730539	0	2666444	5
730539	0	2902680	0
730539	0	3320012	4
730539	0	3383670	2
730539	0	3476824	4
730539	0	3865163	0
730539	0	3867117	2
730539	0	3944257	4
730539	0	402967	0
730539	0	402968	2
730539	0	402972	0
730539	0	402974	2
730539	0	437274	2
730539	0	437275	2
730539	0	437276	4
730539	0	437277	0
730539	0	437278	0
730539	0	437283	0
730539	0	4400407	4
730539	0	4400410	2
730539	0	4400412	2
730539	0	4539973	2
730539	0	4539974	4
730539	0	4568476	2
730539	0	4605022	5
730539	0	4780022	2
730539	0	4885113	0
730539	0	5201652	2
730539	0	5201655	0
730539	0	5201657	2
730539	0	522503	2
730539	0	5240591	2
730539	0	5428552	4
730539	0	5452882	4
730539	0	5452883	0
730539	0	5452884	2
730539	0	5452886	0
730539	0	5452887	2
730539	0	5509826	2
730539	0	5973897	0
730539	0	5973898	0
730539	0	654679	0
730539	0	6734967	4
730539	0	6844905	0
730539	0	6844908	0
730539	0	6844909	0
730539	0	6844910	0
730539	0	6844914	0
730539	0	6951640	2
730539	0	7064628	4
730539	0	7122720	0
730539	0	7129065	0
730539	0	7129068	0
730539	0	713057	0
730539	0	7171210	0
730539	0	7377486	0
730539	0	7463749	0
730539	0	7463754	2
730539	0	7916064	5
730539	0	8276217	4
730539	0	8276218	5
730539	0	8276219	4
730539	0	8276221	4
730539	0	8276222	4
730539	0	8276223	4
730539	0	8276225	4
730539	0	8276226	4
730539	0	8327959	4
730539	0	8413907	0
730539	0	8413912	2
730539	0	8413914	4
730539	0	8430207	0
730539	0	8430208	0
730539	0	8577875	4
730539	0	8577876	4
730539	0	8577877	5
730539	0	8577879	4
730539	0	8577880	4
730539	0	8577882	4
730539	0	8728494	4
730539	0	8781840	2
730539	0	912651	0
768208	0	1270921	0
768208	0	1341230	0
768208	0	1440778	0
768208	0	1511832	0
768208	0	1731747	0
768208	0	1731749	0
768208	0	2023511	0
768208	0	2086635	0
768208	0	208876	0
768208	0	2128799	4
768208	0	2132882	0
768208	0	2288105	0
768208	0	2347694	0
768208	0	2347695	0
768208	0	2347701	0
768208	0	2379474	5
768208	0	240435	4
768208	0	240436	5
768208	0	2701376	0
768208	0	2701383	0
768208	0	287566	0
768208	0	300008	0
768208	0	300011	0
768208	0	3022427	0
768208	0	3171395	4
768208	0	3171396	0
768208	0	3171397	4
768208	0	3171399	0
768208	0	3187590	5
768208	0	3205423	0
768208	0	3318163	0
768208	0	3331978	0
768208	0	3515882	5
768208	0	3515883	5
768208	0	3515884	5
768208	0	3515887	4
768208	0	3602123	0
768208	0	3673698	0
768208	0	3710762	4
768208	0	3710766	0
768208	0	4005508	4
768208	0	4074706	0
768208	0	4091158	0
768208	0	4112074	0
768208	0	4112075	0
768208	0	4251602	5
768208	0	4270116	0
768208	0	4270121	0
768208	0	442878	0
768208	0	442884	0
768208	0	4595766	0
768208	0	4813037	0
768208	0	4916669	0
768208	0	52154	5
768208	0	52155	5
768208	0	52156	5
768208	0	52157	5
768208	0	52158	5
768208	0	52159	5
768208	0	52160	5
768208	0	52161	5
768208	0	52162	5
768208	0	52163	5
768208	0	5222129	4
768208	0	5222132	4
768208	0	5222133	4
768208	0	5222138	0
768208	0	531302	0
768208	0	5332245	0
768208	0	5576961	0
768208	0	5619644	0
768208	0	5662365	0
768208	0	5868687	0
768208	0	6170604	0
768208	0	6527094	0
768208	0	6825888	0
768208	0	7069781	0
768208	0	722485	0
768208	0	7226930	4
768208	0	7439967	0
768208	0	7736616	0
768208	0	7967947	0
768208	0	8003246	0
768208	0	813102	5
768208	0	8138438	4
768208	0	8175882	0
768208	0	8399321	0
768208	0	8436328	0
768208	0	8436330	0
768208	0	8436335	4
768208	0	8525681	5
768208	0	8525683	5
768208	0	8615154	0
768208	0	8615155	0
768208	0	8637476	0
768208	0	8666556	0
768208	0	867384	0
768208	0	8802550	0
768208	0	8802555	0
768208	0	8802559	0
877809	0	1030813	0
877809	0	1030818	0
877809	0	1050327	5
877809	0	119535	0
877809	0	1208595	0
877809	0	1420115	0
877809	0	1495853	0
877809	0	1495856	0
877809	0	1550610	5
877809	0	1550611	0
877809	0	1550612	0
877809	0	1550613	5
877809	0	1550615	0
877809	0	1550616	0
877809	0	1550617	0
877809	0	1550619	0
877809	0	1719922	0
877809	0	1873513	0
877809	0	1939815	0
877809	0	2213765	0
877809	0	2213767	0
877809	0	2298374	0
877809	0	2492397	0
877809	0	2515032	5
877809	0	2515036	0
877809	0	2640804	0
877809	0	2781468	0
877809	0	3248714	0
877809	0	3328098	0
877809	0	3328100	0
877809	0	35107	0
877809	0	35108	0
877809	0	35109	5
877809	0	35110	0
877809	0	35111	0
877809	0	35112	0
877809	0	35113	0
877809	0	35114	0
877809	0	35115	0
877809	0	3716286	0
877809	0	3747467	0
877809	0	379138	0
877809	0	379141	0
877809	0	379142	0
877809	0	3879160	0
877809	0	3879161	0
877809	0	3879167	0
877809	0	3982277	0
877809	0	4476390	0
877809	0	4534156	0
877809	0	4626619	0
877809	0	4635482	0
877809	0	4879501	0
877809	0	4879503	0
877809	0	4879507	0
877809	0	4888926	5
877809	0	4888929	5
877809	0	4888932	0
877809	0	5037395	0
877809	0	5196143	0
877809	0	5196148	5
877809	0	5416048	0
877809	0	5697589	0
877809	0	5758394	0
877809	0	5758395	0
877809	0	5758396	0
877809	0	5758399	0
877809	0	5850349	0
877809	0	5940393	0
877809	0	5940394	0
877809	0	6269999	0
877809	0	647034	0
877809	0	6680909	0
877809	0	6704838	0
877809	0	6762711	0
877809	0	7040017	0
877809	0	7040022	0
877809	0	7050366	5
877809	0	7070855	0
877809	0	7346771	0
877809	0	7380091	0
877809	0	7380092	0
877809	0	7714171	0
877809	0	7797185	0
877809	0	788181	0
877809	0	7906970	0
877809	0	7906974	0
877809	0	7952694	0
877809	0	805935	0
877809	0	8165590	0
877809	0	8240722	0
877809	0	8417501	0
877809	0	8439207	0
877809	0	8484191	0
877809	0	8484195	0
877809	0	8484200	0
877809	0	8659718	0
877809	0	8703650	0
877809	0	8720148	0
877809	0	955828	0
911232	0	1273376	0
911232	0	1273377	0
911232	0	1431776	0
911232	0	1547692	0
911232	0	1674264	4
911232	0	1847336	4
911232	0	1847345	5
911232	0	1879470	4
911232	0	1879471	4
911232	0	1879472	4
911232	0	1879474	4
911232	0	1879475	4
911232	0	2019288	0
911232	0	2019293	0
911232	0	2044353	0
911232	0	2098850	0
911232	0	2098854	0
911232	0	2098855	0
911232	0	2098856	0
911232	0	2098859	0
911232	0	2100444	0
911232	0	2428677	0
911232	0	2428679	0
911232	0	2570161	0
911232	0	2585992	0
911232	0	2663777	0
911232	0	276497	4
911232	0	2783585	0
911232	0	2783587	0
911232	0	2819207	0
911232	0	2861547	0
911232	0	2861551	0
911232	0	2861554	0
911232	0	2861555	0
911232	0	294553	0
911232	0	2999924	4
911232	0	2999925	5
911232	0	2999928	4
911232	0	2999929	4
911232	0	2999930	4
911232	0	2999933	4
911232	0	3262012	0
911232	0	3277464	0
911232	0	3827465	0
911232	0	3915058	0
911232	0	3915061	0
911232	0	3976212	4
911232	0	3976215	0
911232	0	3976218	0
911232	0	4088115	0
911232	0	4100709	0
911232	0	4182455	0
911232	0	4238478	0
911232	0	4238479	0
911232	0	4238481	4
911232	0	4238482	4
911232	0	4238487	0
911232	0	4295271	0
911232	0	4396997	0
911232	0	4517906	4
911232	0	4519997	0
911232	0	4625622	0
911232	0	4625629	0
911232	0	4807205	0
911232	0	4967291	4
911232	0	4967296	0
911232	0	4967298	0
911232	0	4967299	5
911232	0	5013056	0
911232	0	5308118	0
911232	0	6305527	0
911232	0	6407778	0
911232	0	6732194	4
911232	0	6749946	4
911232	0	6802317	0
911232	0	6928655	5
911232	0	7231607	4
911232	0	7279108	0
911232	0	7532416	0
911232	0	7647252	0
911232	0	8027887	0
911232	0	8095847	0
911232	0	8479332	0
911232	0	8484176	0
911232	0	8484177	0
911232	0	8484178	0
911232	0	8484179	0
911232	0	8534943	5
911232	0	8638330	4
911232	0	8757783	0
911232	0	8757785	0
911232	0	8757788	0
911232	0	8816617	4
911232	0	8816620	5
911232	0	8816621	4
911232	0	8816622	5
911232	0	8816626	4
911232	0	8819167	0
911232	0	8839196	0
911232	0	963420	0
914916	0	1027218	0
914916	0	1183902	0
914916	0	1183905	0
914916	0	142989	0
914916	0	145274	0
914916	0	1501494	0
914916	0	1545740	5
914916	0	1545742	0
914916	0	1545743	0
914916	0	1593795	0
914916	0	1699112	0
914916	0	1702009	0
914916	0	2001626	0
914916	0	2001628	0
914916	0	2200004	0
914916	0	2463783	0
914916	0	2463787	0
914916	0	2631739	0
914916	0	2631743	0
914916	0	2693897	0
914916	0	2696191	0
914916	0	2715117	0
914916	0	2754113	0
914916	0	2989234	5
914916	0	2989235	0
914916	0	2989236	0
914916	0	2989241	0
914916	0	3000228	0
914916	0	3031377	0
914916	0	3031379	0
914916	0	3057739	0
914916	0	3104988	0
914916	0	3142379	0
914916	0	3170839	0
914916	0	3170840	0
914916	0	3253278	0
914916	0	3253279	0
914916	0	3375842	0
914916	0	3459136	0
914916	0	3530685	0
914916	0	3573855	0
914916	0	3586559	0
914916	0	3594677	0
914916	0	4425460	0
914916	0	4468018	0
914916	0	4482577	0
914916	0	4571856	0
914916	0	4571857	0
914916	0	4884201	0
914916	0	4893397	0
914916	0	4958358	0
914916	0	502331	0
914916	0	5039691	0
914916	0	5061651	0
914916	0	5080850	0
914916	0	5122808	0
914916	0	5177082	0
914916	0	5325750	0
914916	0	5363820	0
914916	0	5363821	0
914916	0	5439629	0
914916	0	5645041	0
914916	0	5681257	0
914916	0	5681258	0
914916	0	5730352	0
914916	0	5730355	0
914916	0	5730356	0
914916	0	5730357	5
914916	0	585413	0
914916	0	5945849	0
914916	0	6042348	0
914916	0	6042350	5
914916	0	6071696	0
914916	0	6613409	0
914916	0	6818272	0
914916	0	6818273	0
914916	0	6974915	0
914916	0	7040507	0
914916	0	7081901	0
914916	0	7240123	0
914916	0	7407145	0
914916	0	7662448	0
914916	0	8027657	0
914916	0	8129165	0
914916	0	8345544	0
914916	0	8438561	0
914916	0	8481901	0
914916	0	8481903	0
914916	0	8563840	0
914916	0	8689503	0
914916	0	8772516	0
914916	0	8772517	5
914916	0	8772518	0
914916	0	8772520	0
914916	0	8772521	0
914916	0	8772523	0
914916	0	8772524	0
914916	0	8772525	0
914916	0	8813139	0
914916	0	8822754	0
938400	0	2009152	0
938400	0	2009157	0
938400	0	2071046	2
938400	0	2071052	2
938400	0	2071055	2
938400	0	2484342	0
938400	0	2484343	2
938400	0	2484350	0
938400	0	2532047	2
938400	0	2532049	5
938400	0	2532053	0
938400	0	2659899	0
938400	0	2870509	2
938400	0	2870513	0
938400	0	2870514	5
938400	0	2870515	0
938400	0	2958099	0
938400	0	2958100	2
938400	0	2958103	0
938400	0	2958104	0
938400	0	2958107	5
938400	0	2962203	2
938400	0	2962205	2
938400	0	2962206	0
938400	0	2962208	5
938400	0	2962209	2
938400	0	2962212	5
938400	0	3088746	5
938400	0	3088747	5
938400	0	3088748	5
938400	0	3088750	0
938400	0	3088751	0
938400	0	3088752	0
938400	0	3088754	0
938400	0	3088755	0
938400	0	3353755	2
938400	0	3353756	2
938400	0	3353757	2
938400	0	3353758	2
938400	0	3353759	2
938400	0	3353760	2
938400	0	3353761	2
938400	0	3353762	5
938400	0	3353763	2
938400	0	3353764	5
938400	0	3820291	0
938400	0	3820292	2
938400	0	3820293	2
938400	0	3820294	5
938400	0	3914686	5
938400	0	3914689	0
938400	0	4207804	2
938400	0	4207807	2
938400	0	4611417	0
938400	0	47281	2
938400	0	47282	0
938400	0	47286	0
938400	0	47287	2
938400	0	47289	2
938400	0	47290	2
938400	0	492658	0
938400	0	4956057	5
938400	0	4956059	5
938400	0	4956063	2
938400	0	4956064	5
938400	0	5061328	0
938400	0	5833736	0
938400	0	5833738	0
938400	0	5833739	0
938400	0	5833740	0
938400	0	6769075	0
938400	0	6769078	0
938400	0	7004405	2
938400	0	7004406	5
938400	0	7004408	2
938400	0	7004409	0
938400	0	7004410	0
938400	0	7239121	0
938400	0	7239122	0
938400	0	7239128	0
938400	0	7313619	0
938400	0	7313620	2
938400	0	7313622	0
938400	0	7313626	5
938400	0	7396872	0
938400	0	7624439	2
938400	0	7787197	2
938400	0	790222	2
938400	0	7970190	2
938400	0	8309427	2
938400	0	8309428	5
938400	0	8309429	2
938400	0	8309430	0
938400	0	8309433	5
938400	0	8309435	0
938400	0	8309436	2
938400	0	8678066	5
938400	0	8678068	0
938400	0	8678071	0
938400	0	8769932	2
940547	0	1335718	1
940547	0	1383750	1
940547	0	2120466	1
940547	0	2253228	0
940547	0	2613393	1
940547	0	2654913	0
940547	0	2667345	1
940547	0	2667347	5
940547	0	2667350	1
940547	0	2667353	1
940547	0	2699754	1
940547	0	2906044	0
940547	0	3558980	0
940547	0	3624263	1
940547	0	3706456	5
940547	0	3706457	1
940547	0	3899964	1
940547	0	4489262	1
940547	0	4505955	1
940547	0	4566517	1
940547	0	4584778	1
940547	0	4652486	0
940547	0	4664997	1
940547	0	4664999	1
940547	0	4665000	1
940547	0	4665002	0
940547	0	4696636	1
940547	0	4696637	1
940547	0	4696640	5
940547	0	4696641	1
940547	0	4771055	0
940547	0	4787647	0
940547	0	4800886	1
940547	0	4800890	1
940547	0	4800891	1
940547	0	4984056	1
940547	0	506000	1
940547	0	506003	1
940547	0	506006	1
940547	0	5072878	0
940547	0	5072883	0
940547	0	5118370	1
940547	0	5118373	5
940547	0	5118374	1
940547	0	5118376	1
940547	0	5118377	1
940547	0	5118378	1
940547	0	5165367	0
940547	0	5209286	1
940547	0	5270010	1
940547	0	5270011	0
940547	0	5270019	1
940547	0	5300646	0
940547	0	5300647	1
940547	0	5300651	1
940547	0	5300654	1
940547	0	5429311	1
940547	0	5578993	1
940547	0	5831702	1
940547	0	5831703	5
940547	0	5831706	1
940547	0	5831707	1
940547	0	5831708	1
940547	0	5831709	1
940547	0	5831711	5
940547	0	5951249	1
940547	0	61062	1
940547	0	61065	1
940547	0	61068	5
940547	0	61069	0
940547	0	61071	5
940547	0	6285918	1
940547	0	6331066	0
940547	0	7259153	1
940547	0	7259157	1
940547	0	7280582	1
940547	0	7280584	1
940547	0	7282174	1
940547	0	7282176	1
940547	0	7282177	1
940547	0	7282182	1
940547	0	755181	1
940547	0	7937005	0
940547	0	7951561	1
940547	0	8219050	1
940547	0	8219052	1
940547	0	8219244	1
940547	0	8219246	1
940547	0	8219249	1
940547	0	8254211	1
940547	0	837714	1
940547	0	8667176	0
940547	0	870279	1
940547	0	8772074	1
940547	0	8772075	1
940547	0	8805005	1
940547	0	8805011	1
940547	0	8837175	0
940547	0	964766	1
940547	0	964772	1
997622	0	1635461	1
997622	0	1664199	1
997622	0	1725837	0
997622	0	18624	1
997622	0	18626	1
997622	0	2182282	1
997622	0	2297069	0
997622	0	2388756	0
997622	0	2467384	0
997622	0	2467749	5
997622	0	2535508	0
997622	0	2536378	1
997622	0	2684410	0
997622	0	2684411	1
997622	0	2684414	3
997622	0	2691445	1
997622	0	2691447	1
997622	0	2820929	5
997622	0	3142955	1
997622	0	3142959	1
997622	0	3142961	1
997622	0	3142963	1
997622	0	3224648	3
997622	0	3224651	3
997622	0	3369596	1
997622	0	3369597	0
997622	0	3369599	1
997622	0	3409798	1
997622	0	3409801	1
997622	0	3604710	3
997622	0	3604711	3
997622	0	3913144	0
997622	0	3913149	1
997622	0	406412	1
997622	0	406418	3
997622	0	406420	1
997622	0	4224347	3
997622	0	4317202	1
997622	0	4317203	1
997622	0	4357743	5
997622	0	4421158	1
997622	0	4421160	1
997622	0	4439219	3
997622	0	4518220	3
997622	0	4518222	5
997622	0	4543861	3
997622	0	4543865	3
997622	0	4543867	5
997622	0	4543869	3
997622	0	4558331	1
997622	0	4596839	5
997622	0	4643388	5
997622	0	4643389	3
997622	0	4643392	5
997622	0	4643394	3
997622	0	4643397	3
997622	0	4700298	3
997622	0	4700299	1
997622	0	4723212	1
997622	0	4723214	1
997622	0	4723215	3
997622	0	4723216	0
997622	0	4729561	0
997622	0	4734743	3
997622	0	489245	0
997622	0	4939131	5
997622	0	5084956	0
997622	0	5095552	1
997622	0	5095553	1
997622	0	5111440	0
997622	0	5111444	0
997622	0	5111445	0
997622	0	5172000	1
997622	0	5285928	3
997622	0	5430569	1
997622	0	5618213	0
997622	0	5719836	0
997622	0	5935884	5
997622	0	59869	1
997622	0	6280505	3
997622	0	6501163	1
997622	0	72291	5
997622	0	72292	0
997622	0	72293	1
997622	0	73459	3
997622	0	73460	5
997622	0	73462	3
997622	0	73465	3
997622	0	7834078	0
997622	0	8533344	3
997622	0	8533348	5
997622	0	8569272	1
997622	0	8684996	3
997622	0	8813537	5
997622	0	8819264	3
997622	0	941632	3
997622	0	941634	1
997622	0	941636	1
997622	0	941638	0
997622	0	972448	3
