1	0	10fe5e39-2019-04-18T17:45:15Z-00004-000	0
1	0	197beaca-2019-04-18T11:28:59Z-00001-000	0
1	0	19c6997a-2019-04-18T11:36:52Z-00000-000	0
1	0	1a76ed9f-2019-04-18T16:07:27Z-00005-000	0
1	0	1b03f390-2019-04-18T18:42:36Z-00007-000	0
1	0	1b03f390-2019-04-18T18:42:36Z-00008-000	0
1	0	2313226a-2019-04-18T15:33:54Z-00003-000	0
1	0	2345fbf4-2019-04-18T14:09:46Z-00000-000	0
1	0	2345fbf4-2019-04-18T14:09:46Z-00001-000	0
1	0	2345fbf4-2019-04-18T14:09:46Z-00002-000	0
1	0	2345fbf4-2019-04-18T14:09:46Z-00003-000	0
1	0	2345fbf4-2019-04-18T14:09:46Z-00004-000	0
1	0	24e47090-2019-04-18T19:22:46Z-00000-000	0
1	0	24e47090-2019-04-18T19:22:46Z-00002-000	0
1	0	24e47090-2019-04-18T19:22:46Z-00003-000	0
1	0	24e47090-2019-04-18T19:22:46Z-00004-000	1
1	0	315a3e11-2019-04-18T19:18:13Z-00004-000	0
1	0	31e2f374-2019-04-18T19:26:29Z-00005-000	0
1	0	31e2f374-2019-04-18T19:26:29Z-00006-000	0
1	0	39a42c2d-2019-04-18T18:27:44Z-00004-000	0
1	0	39a42c2d-2019-04-18T18:27:44Z-00007-000	0
1	0	39b69e06-2019-04-18T19:45:40Z-00002-000	0
1	0	41a0fb20-2019-04-18T12:49:42Z-00000-000	0
1	0	4d8487a-2019-04-18T18:20:20Z-00003-000	0
1	0	4fb4627-2019-04-18T18:47:37Z-00001-000	0
1	0	4fb4627-2019-04-18T18:47:37Z-00002-000	0
1	0	4fb4627-2019-04-18T18:47:37Z-00003-000	0
1	0	51530f3f-2019-04-18T18:15:02Z-00000-000	1
1	0	51530f3f-2019-04-18T18:15:02Z-00001-000	1
1	0	51530f3f-2019-04-18T18:15:02Z-00002-000	1
1	0	51530f3f-2019-04-18T18:15:02Z-00003-000	0
1	0	51530f3f-2019-04-18T18:15:02Z-00004-000	1
1	0	51530f3f-2019-04-18T18:15:02Z-00005-000	1
1	0	51530f3f-2019-04-18T18:15:02Z-00007-000	1
1	0	52024653-2019-04-18T13:52:27Z-00003-000	0
1	0	52024653-2019-04-18T13:52:27Z-00005-000	0
1	0	52024672-2019-04-18T13:52:01Z-00001-000	0
1	0	52024672-2019-04-18T13:52:01Z-00002-000	0
1	0	52024672-2019-04-18T13:52:01Z-00003-000	0
1	0	5596abaa-2019-04-19T12:47:14Z-00004-000	0
1	0	591127c0-2019-04-18T12:54:29Z-00000-000	0
1	0	591127c0-2019-04-18T12:54:29Z-00001-000	0
1	0	5cfdd422-2019-04-18T12:19:47Z-00000-000	0
1	0	5cfdd422-2019-04-18T12:19:47Z-00001-000	0
1	0	68c2d8d0-2019-04-18T15:02:29Z-00003-000	0
1	0	77fb8a5-2019-04-18T17:48:47Z-00002-000	0
1	0	7e01e803-2019-04-18T19:38:24Z-00003-000	0
1	0	828b95b1-2019-04-18T19:43:02Z-00001-000	0
1	0	828b95b1-2019-04-18T19:43:02Z-00003-000	0
1	0	828b95b1-2019-04-18T19:43:02Z-00004-000	0
1	0	855bacb6-2019-04-18T19:16:17Z-00002-000	0
1	0	87cfcfdc-2019-04-18T17:46:40Z-00002-000	0
1	0	91988e1b-2019-04-17T11:47:31Z-00013-000	0
1	0	91988e1b-2019-04-17T11:47:31Z-00032-000	0
1	0	91988e1b-2019-04-17T11:47:31Z-00041-000	0
1	0	91988e1b-2019-04-17T11:47:31Z-00042-000	0
1	0	91988e1b-2019-04-17T11:47:31Z-00044-000	0
1	0	91988e1b-2019-04-17T11:47:31Z-00047-000	0
1	0	91988e1b-2019-04-17T11:47:31Z-00048-000	0
1	0	91988e1b-2019-04-17T11:47:31Z-00049-000	0
1	0	aef6705c-2019-04-18T17:45:42Z-00002-000	0
1	0	aef6707b-2019-04-18T17:47:23Z-00004-000	0
1	0	b0680508-2019-04-18T13:48:51Z-00002-000	1
1	0	b0680508-2019-04-18T13:48:51Z-00003-000	0
1	0	b0680508-2019-04-18T13:48:51Z-00004-000	0
1	0	b58929b-2019-04-18T18:27:16Z-00000-000	0
1	0	b58929b-2019-04-18T18:27:16Z-00001-000	0
1	0	b58929b-2019-04-18T18:27:16Z-00002-000	0
1	0	b81d860e-2019-04-18T17:03:17Z-00002-000	0
1	0	bdfbbe63-2019-04-18T16:41:16Z-00000-000	0
1	0	be19aa3c-2019-04-18T19:12:23Z-00004-000	0
1	0	be19aa3c-2019-04-18T19:12:23Z-00005-000	0
1	0	c065954f-2019-04-18T14:32:52Z-00000-000	1
1	0	c065954f-2019-04-18T14:32:52Z-00001-000	1
1	0	c065954f-2019-04-18T14:32:52Z-00002-000	1
1	0	c065954f-2019-04-18T14:32:52Z-00003-000	1
1	0	c065954f-2019-04-18T14:32:52Z-00004-000	0
1	0	c065954f-2019-04-18T14:32:52Z-00005-000	1
1	0	c6de6870-2019-04-18T16:46:42Z-00001-000	0
1	0	cafa7193-2019-04-15T20:24:35Z-00014-000	0
1	0	d04ae01f-2019-04-18T17:40:13Z-00005-000	0
1	0	d5189153-2019-04-18T16:33:15Z-00003-000	0
1	0	d9f7c3ee-2019-04-18T11:41:16Z-00001-000	0
1	0	d9f7c3ee-2019-04-18T11:41:16Z-00003-000	0
1	0	da86b00e-2019-04-15T20:22:17Z-00010-000	0
1	0	da86b00e-2019-04-15T20:22:17Z-00011-000	0
1	0	dd068049-2019-04-18T17:07:24Z-00004-000	0
1	0	dd068049-2019-04-18T17:07:24Z-00005-000	0
1	0	e02d66a9-2019-04-18T17:16:14Z-00000-000	0
1	0	e02d66a9-2019-04-18T17:16:14Z-00001-000	0
1	0	e02d66a9-2019-04-18T17:16:14Z-00002-000	0
1	0	e3f07189-2019-04-18T17:54:23Z-00001-000	1
1	0	e3f07189-2019-04-18T17:54:23Z-00002-000	0
1	0	e3f07189-2019-04-18T17:54:23Z-00003-000	0
1	0	e3f07189-2019-04-18T17:54:23Z-00004-000	0
1	0	e3f07189-2019-04-18T17:54:23Z-00005-000	0
1	0	e43a535a-2019-04-18T11:37:17Z-00000-000	0
1	0	ee252398-2019-04-18T19:15:29Z-00001-000	0
1	0	ff0947ec-2019-04-18T12:23:12Z-00000-000	1
1	0	ff0947ec-2019-04-18T12:23:12Z-00001-000	1
10	0	173e9f20-2019-04-18T13:26:12Z-00001-000	0
10	0	173e9f20-2019-04-18T13:26:12Z-00002-000	0
10	0	173e9f20-2019-04-18T13:26:12Z-00003-000	1
10	0	1f658c7-2019-04-18T15:06:29Z-00003-000	0
10	0	1f658c7-2019-04-18T15:06:29Z-00004-000	0
10	0	3143d274-2019-04-18T18:19:27Z-00000-000	1
10	0	3143d274-2019-04-18T18:19:27Z-00006-000	0
10	0	3575d3d7-2019-04-18T15:45:28Z-00001-000	1
10	0	3dd052cc-2019-04-18T13:46:56Z-00002-000	0
10	0	3dd052cc-2019-04-18T13:46:56Z-00008-000	1
10	0	4716187-2019-04-18T16:23:45Z-00006-000	0
10	0	4716187-2019-04-18T16:23:45Z-00008-000	0
10	0	4716187-2019-04-18T16:23:45Z-00009-000	0
10	0	47161a6-2019-04-18T16:19:35Z-00003-000	1
10	0	47161a6-2019-04-18T16:19:35Z-00005-000	0
10	0	4ec4605f-2019-04-18T13:47:30Z-00004-000	0
10	0	57fb26e6-2019-04-18T16:51:39Z-00006-000	0
10	0	5a57223d-2019-04-18T11:54:56Z-00000-000	1
10	0	5a57223d-2019-04-18T11:54:56Z-00001-000	0
10	0	5a57225c-2019-04-18T11:55:06Z-00000-000	0
10	0	5ce3f9aa-2019-04-18T19:47:55Z-00000-000	1
10	0	6abd1330-2019-04-18T14:24:26Z-00005-000	0
10	0	6abd1330-2019-04-18T14:24:26Z-00007-000	0
10	0	6c8d356f-2019-04-18T20:03:16Z-00000-000	0
10	0	6c8d356f-2019-04-18T20:03:16Z-00001-000	1
10	0	6c8d356f-2019-04-18T20:03:16Z-00002-000	0
10	0	6c8d356f-2019-04-18T20:03:16Z-00003-000	1
10	0	6c8d356f-2019-04-18T20:03:16Z-00004-000	0
10	0	6c8d356f-2019-04-18T20:03:16Z-00005-000	1
10	0	79f05a32-2019-04-18T15:09:09Z-00001-000	1
10	0	79f05a32-2019-04-18T15:09:09Z-00002-000	0
10	0	79f05a32-2019-04-18T15:09:09Z-00003-000	1
10	0	79f05a32-2019-04-18T15:09:09Z-00004-000	0
10	0	79f05a32-2019-04-18T15:09:09Z-00005-000	1
10	0	79f05a51-2019-04-18T14:20:37Z-00002-000	0
10	0	79f05a51-2019-04-18T14:20:37Z-00003-000	0
10	0	79f05a51-2019-04-18T14:20:37Z-00005-000	0
10	0	79f05a51-2019-04-18T14:20:37Z-00006-000	0
10	0	7c2f6af5-2019-04-19T12:44:28Z-00001-000	0
10	0	7c2f6af5-2019-04-19T12:44:28Z-00002-000	0
10	0	7c2f6af5-2019-04-19T12:44:28Z-00008-000	0
10	0	7c2f6af5-2019-04-19T12:44:28Z-00012-000	0
10	0	7d2f63b6-2019-04-18T14:52:21Z-00002-000	0
10	0	7d2f63b6-2019-04-18T14:52:21Z-00003-000	0
10	0	7d2f63b6-2019-04-18T14:52:21Z-00004-000	1
10	0	7e60a5d4-2019-04-18T15:49:08Z-00001-000	0
10	0	7e60a5d4-2019-04-18T15:49:08Z-00002-000	1
10	0	7e60a5d4-2019-04-18T15:49:08Z-00003-000	1
10	0	7e60a5d4-2019-04-18T15:49:08Z-00004-000	0
10	0	7e60a5d4-2019-04-18T15:49:08Z-00005-000	1
10	0	81901837-2019-04-18T17:55:43Z-00000-000	1
10	0	81901837-2019-04-18T17:55:43Z-00001-000	0
10	0	81901837-2019-04-18T17:55:43Z-00002-000	1
10	0	81901837-2019-04-18T17:55:43Z-00003-000	0
10	0	81901837-2019-04-18T17:55:43Z-00004-000	1
10	0	8319c6c-2019-04-18T14:13:06Z-00003-000	0
10	0	8906c1ae-2019-04-18T16:24:58Z-00008-000	1
10	0	8906c1ae-2019-04-18T16:24:58Z-00009-000	0
10	0	954be27-2019-04-18T15:19:53Z-00001-000	0
10	0	954be27-2019-04-18T15:19:53Z-00003-000	0
10	0	9e704ad5-2019-04-18T13:12:37Z-00004-000	1
10	0	9f71c585-2019-04-18T19:02:47Z-00004-000	0
10	0	9f71c585-2019-04-18T19:02:47Z-00005-000	0
10	0	9f71c585-2019-04-18T19:02:47Z-00006-000	1
10	0	9f71c585-2019-04-18T19:02:47Z-00007-000	1
10	0	a662a740-2019-04-18T11:50:22Z-00004-000	0
10	0	a70ffd6e-2019-04-18T15:13:01Z-00001-000	0
10	0	a70ffd6e-2019-04-18T15:13:01Z-00002-000	0
10	0	a70ffd6e-2019-04-18T15:13:01Z-00003-000	1
10	0	a70ffd6e-2019-04-18T15:13:01Z-00004-000	0
10	0	a70ffd6e-2019-04-18T15:13:01Z-00005-000	1
10	0	bb781d0c-2019-04-18T13:19:10Z-00001-000	1
10	0	cea53ba4-2019-04-18T14:44:38Z-00004-000	0
10	0	cea53ba4-2019-04-18T14:44:38Z-00005-000	0
10	0	d0c78d5a-2019-04-18T11:47:44Z-00001-000	0
10	0	d3dbec22-2019-04-18T11:44:14Z-00001-000	0
10	0	d77612cc-2019-04-15T20:24:10Z-00006-000	0
10	0	d9814b0e-2019-04-18T15:05:25Z-00003-000	0
10	0	dc5cae13-2019-04-18T15:01:47Z-00000-000	0
10	0	e0e14c7d-2019-04-18T14:48:21Z-00001-000	0
10	0	e890bfaf-2019-04-18T18:22:18Z-00001-000	0
10	0	e890bfaf-2019-04-18T18:22:18Z-00002-000	0
10	0	ea0ed4bb-2019-04-18T11:37:52Z-00000-000	0
10	0	ea0ed4bb-2019-04-18T11:37:52Z-00001-000	1
10	0	ef8842bc-2019-04-18T12:14:18Z-00002-000	0
10	0	f083f162-2019-04-18T19:17:08Z-00003-000	0
10	0	f36f640f-2019-04-18T12:25:26Z-00000-000	1
10	0	f36f640f-2019-04-18T12:25:26Z-00001-000	0
10	0	f36f640f-2019-04-18T12:25:26Z-00002-000	1
10	0	f5063168-2019-04-18T15:13:20Z-00003-000	1
10	0	f5063168-2019-04-18T15:13:20Z-00005-000	1
10	0	f5063168-2019-04-18T15:13:20Z-00007-000	0
10	0	f5670653-2019-04-18T11:06:37Z-00000-000	0
10	0	f5670653-2019-04-18T11:06:37Z-00001-000	0
10	0	f5670653-2019-04-18T11:06:37Z-00002-000	0
10	0	f5670653-2019-04-18T11:06:37Z-00004-000	0
10	0	f6ae05dd-2019-04-18T14:09:36Z-00005-000	1
10	0	f9f87c6a-2019-04-19T12:44:53Z-00022-000	1
10	0	f9f87c6a-2019-04-19T12:44:53Z-00025-000	0
10	0	fd606b23-2019-04-18T11:34:33Z-00005-000	1
11	0	1109cf85-2019-04-18T17:19:52Z-00001-000	1
11	0	1109cf85-2019-04-18T17:19:52Z-00002-000	0
11	0	1109cf85-2019-04-18T17:19:52Z-00003-000	1
11	0	1109cf85-2019-04-18T17:19:52Z-00004-000	1
11	0	1109cf85-2019-04-18T17:19:52Z-00005-000	1
11	0	117d2319-2019-04-18T16:13:12Z-00001-000	0
11	0	117d2319-2019-04-18T16:13:12Z-00002-000	0
11	0	117d2319-2019-04-18T16:13:12Z-00003-000	0
11	0	117d2319-2019-04-18T16:13:12Z-00004-000	1
11	0	117d2319-2019-04-18T16:13:12Z-00005-000	0
11	0	1acaa7cf-2019-04-18T16:45:44Z-00004-000	0
11	0	1c1c7401-2019-04-18T18:06:00Z-00003-000	1
11	0	1cbf91f8-2019-04-18T17:32:45Z-00000-000	0
11	0	1cbf91f8-2019-04-18T17:32:45Z-00001-000	0
11	0	1cbf91f8-2019-04-18T17:32:45Z-00002-000	0
11	0	1cbf91f8-2019-04-18T17:32:45Z-00003-000	1
11	0	1cbf91f8-2019-04-18T17:32:45Z-00004-000	1
11	0	1cbf91f8-2019-04-18T17:32:45Z-00005-000	1
11	0	21fa6aa9-2019-04-18T15:26:34Z-00002-000	1
11	0	21fa6aa9-2019-04-18T15:26:34Z-00003-000	1
11	0	4e2a557f-2019-04-18T20:00:48Z-00001-000	1
11	0	4e2a557f-2019-04-18T20:00:48Z-00002-000	1
11	0	4e2a557f-2019-04-18T20:00:48Z-00003-000	1
11	0	5d238bd8-2019-04-18T17:02:34Z-00004-000	0
11	0	5ff35ceb-2019-04-18T13:07:08Z-00000-000	1
11	0	5ff35ceb-2019-04-18T13:07:08Z-00005-000	1
11	0	6143b928-2019-04-15T20:22:25Z-00000-000	0
11	0	6143b928-2019-04-15T20:22:25Z-00001-000	0
11	0	6143b928-2019-04-15T20:22:25Z-00002-000	0
11	0	6143b928-2019-04-15T20:22:25Z-00003-000	0
11	0	6143b928-2019-04-15T20:22:25Z-00004-000	0
11	0	6143b928-2019-04-15T20:22:25Z-00005-000	0
11	0	6143b928-2019-04-15T20:22:25Z-00006-000	0
11	0	6143b928-2019-04-15T20:22:25Z-00007-000	0
11	0	6143b928-2019-04-15T20:22:25Z-00012-000	0
11	0	6143b928-2019-04-15T20:22:25Z-00013-000	0
11	0	6143b928-2019-04-15T20:22:25Z-00016-000	0
11	0	6143b928-2019-04-15T20:22:25Z-00017-000	1
11	0	6143b928-2019-04-15T20:22:25Z-00019-000	1
11	0	6143b928-2019-04-15T20:22:25Z-00021-000	1
11	0	6143b928-2019-04-15T20:22:25Z-00023-000	0
11	0	6a9cc0cb-2019-04-18T16:29:23Z-00002-000	1
11	0	6a9cc0cb-2019-04-18T16:29:23Z-00003-000	1
11	0	6b570162-2019-04-19T12:47:54Z-00007-000	1
11	0	6b570162-2019-04-19T12:47:54Z-00008-000	1
11	0	6b570162-2019-04-19T12:47:54Z-00011-000	0
11	0	6b570162-2019-04-19T12:47:54Z-00012-000	1
11	0	6b570162-2019-04-19T12:47:54Z-00015-000	0
11	0	6b570162-2019-04-19T12:47:54Z-00019-000	0
11	0	73f0ef4b-2019-04-18T16:26:16Z-00000-000	0
11	0	91f321b3-2019-04-18T18:07:03Z-00000-000	1
11	0	91f321b3-2019-04-18T18:07:03Z-00001-000	0
11	0	91f321b3-2019-04-18T18:07:03Z-00002-000	0
11	0	91f321b3-2019-04-18T18:07:03Z-00003-000	0
11	0	91f321b3-2019-04-18T18:07:03Z-00004-000	0
11	0	91f321b3-2019-04-18T18:07:03Z-00005-000	0
11	0	98d8337d-2019-04-18T18:14:26Z-00003-000	0
11	0	9a4dadf6-2019-04-18T12:48:47Z-00001-000	1
11	0	a126b2a4-2019-04-18T15:25:09Z-00004-000	1
11	0	a126b2a4-2019-04-18T15:25:09Z-00005-000	1
11	0	a5cc8c4a-2019-04-18T17:40:51Z-00002-000	1
11	0	ac709939-2019-04-18T19:39:56Z-00000-000	0
11	0	ac709939-2019-04-18T19:39:56Z-00001-000	0
11	0	ac709939-2019-04-18T19:39:56Z-00002-000	1
11	0	ac709939-2019-04-18T19:39:56Z-00003-000	0
11	0	ac709939-2019-04-18T19:39:56Z-00004-000	0
11	0	ac709939-2019-04-18T19:39:56Z-00005-000	1
11	0	ad998274-2019-04-18T12:30:10Z-00002-000	0
11	0	add356d0-2019-04-18T17:26:20Z-00001-000	0
11	0	add356d0-2019-04-18T17:26:20Z-00002-000	0
11	0	add356d0-2019-04-18T17:26:20Z-00003-000	0
11	0	add356d0-2019-04-18T17:26:20Z-00004-000	1
11	0	bb621258-2019-04-18T13:52:35Z-00006-000	1
11	0	bb7b9e0f-2019-04-18T17:42:12Z-00004-000	1
11	0	bcde55c5-2019-04-19T12:44:29Z-00006-000	0
11	0	bcde55c5-2019-04-19T12:44:29Z-00007-000	0
11	0	d4cf84c8-2019-04-18T15:35:47Z-00001-000	0
11	0	d4cf84c8-2019-04-18T15:35:47Z-00002-000	0
11	0	d4cf84c8-2019-04-18T15:35:47Z-00003-000	0
11	0	d4cf84c8-2019-04-18T15:35:47Z-00004-000	1
11	0	d4cf84c8-2019-04-18T15:35:47Z-00006-000	1
11	0	d4cf84c8-2019-04-18T15:35:47Z-00007-000	1
11	0	de10c9ca-2019-04-18T14:41:06Z-00002-000	0
11	0	dfa0f2e4-2019-04-18T11:51:34Z-00001-000	0
11	0	e8bee87e-2019-04-18T19:38:55Z-00003-000	1
11	0	e9b63a9a-2019-04-18T19:37:33Z-00001-000	1
11	0	e9b63a9a-2019-04-18T19:37:33Z-00003-000	1
11	0	e9b63a9a-2019-04-18T19:37:33Z-00004-000	1
11	0	f5b0db6a-2019-04-18T11:13:26Z-00003-000	1
11	0	f5b0db6a-2019-04-18T11:13:26Z-00004-000	1
11	0	f5b0db6a-2019-04-18T11:13:26Z-00005-000	1
11	0	f5b0db6a-2019-04-18T11:13:26Z-00006-000	0
11	0	fd2a6336-2019-04-18T16:18:03Z-00003-000	0
11	0	ffd45b01-2019-04-18T18:54:19Z-00001-000	0
11	0	ffe83842-2019-04-18T15:14:48Z-00000-000	1
11	0	ffe83842-2019-04-18T15:14:48Z-00001-000	1
11	0	ffe83842-2019-04-18T15:14:48Z-00002-000	1
11	0	ffe83842-2019-04-18T15:14:48Z-00003-000	1
11	0	ffe83842-2019-04-18T15:14:48Z-00004-000	0
11	0	ffe83842-2019-04-18T15:14:48Z-00005-000	0
12	0	10c1d5c6-2019-04-18T16:38:18Z-00000-000	0
12	0	10c1d5c6-2019-04-18T16:38:18Z-00001-000	0
12	0	10c1d5c6-2019-04-18T16:38:18Z-00003-000	0
12	0	10c1d5c6-2019-04-18T16:38:18Z-00004-000	0
12	0	10c1d5c6-2019-04-18T16:38:18Z-00005-000	0
12	0	136c9048-2019-04-18T18:17:33Z-00000-000	1
12	0	136c9048-2019-04-18T18:17:33Z-00001-000	0
12	0	136c9048-2019-04-18T18:17:33Z-00003-000	0
12	0	136c9048-2019-04-18T18:17:33Z-00005-000	0
12	0	16d7ef8d-2019-04-18T14:33:01Z-00003-000	0
12	0	171219b4-2019-04-18T16:02:02Z-00001-000	0
12	0	2059e76d-2019-04-18T18:24:15Z-00003-000	0
12	0	2059e76d-2019-04-18T18:24:15Z-00004-000	0
12	0	224936ac-2019-04-18T16:48:40Z-00000-000	0
12	0	224936ac-2019-04-18T16:48:40Z-00001-000	0
12	0	224936ac-2019-04-18T16:48:40Z-00004-000	0
12	0	224936ac-2019-04-18T16:48:40Z-00005-000	0
12	0	224936ac-2019-04-18T16:48:40Z-00006-000	0
12	0	284f3543-2019-04-18T12:51:10Z-00000-000	0
12	0	2b998372-2019-04-18T16:48:05Z-00006-000	0
12	0	3d1a752c-2019-04-18T17:01:05Z-00000-000	0
12	0	3d1a752c-2019-04-18T17:01:05Z-00001-000	0
12	0	3d1a752c-2019-04-18T17:01:05Z-00002-000	0
12	0	3d1a752c-2019-04-18T17:01:05Z-00003-000	0
12	0	3d1a752c-2019-04-18T17:01:05Z-00004-000	0
12	0	3d1a752c-2019-04-18T17:01:05Z-00005-000	0
12	0	3d1a752c-2019-04-18T17:01:05Z-00006-000	0
12	0	3d1a752c-2019-04-18T17:01:05Z-00007-000	0
12	0	3d1a752c-2019-04-18T17:01:05Z-00008-000	0
12	0	3d1a752c-2019-04-18T17:01:05Z-00009-000	0
12	0	3d9819c3-2019-04-18T18:25:50Z-00000-000	0
12	0	3d9819c3-2019-04-18T18:25:50Z-00001-000	0
12	0	3d9819c3-2019-04-18T18:25:50Z-00002-000	0
12	0	3d9819c3-2019-04-18T18:25:50Z-00003-000	0
12	0	4c2eee41-2019-04-18T15:38:30Z-00002-000	0
12	0	4c2eee41-2019-04-18T15:38:30Z-00003-000	0
12	0	5504cb87-2019-04-18T16:02:19Z-00001-000	0
12	0	5a745a9a-2019-04-18T14:49:14Z-00002-000	0
12	0	6702c8de-2019-04-18T12:13:43Z-00003-000	0
12	0	679b4310-2019-04-18T18:44:18Z-00001-000	0
12	0	6b19ea3e-2019-04-18T18:37:17Z-00000-000	0
12	0	6b19ea3e-2019-04-18T18:37:17Z-00001-000	0
12	0	6b19ea3e-2019-04-18T18:37:17Z-00002-000	0
12	0	6b19ea3e-2019-04-18T18:37:17Z-00003-000	0
12	0	6b19ea3e-2019-04-18T18:37:17Z-00004-000	0
12	0	6b19ea3e-2019-04-18T18:37:17Z-00005-000	0
12	0	6b229b30-2019-04-18T19:44:54Z-00002-000	0
12	0	6b3f6ff2-2019-04-18T15:38:12Z-00000-000	0
12	0	6b3f6ff2-2019-04-18T15:38:12Z-00001-000	0
12	0	6bf018ce-2019-04-18T15:42:47Z-00004-000	0
12	0	6c503906-2019-04-19T12:45:38Z-00014-000	0
12	0	739d0c9a-2019-04-18T19:00:41Z-00004-000	0
12	0	775cd6a9-2019-04-18T18:14:26Z-00002-000	0
12	0	775cd6a9-2019-04-18T18:14:26Z-00003-000	0
12	0	7d6799b0-2019-04-18T17:09:31Z-00000-000	0
12	0	7d6799b0-2019-04-18T17:09:31Z-00004-000	0
12	0	7d6799b0-2019-04-18T17:09:31Z-00005-000	0
12	0	7d6799b0-2019-04-18T17:09:31Z-00006-000	0
12	0	8791f9a4-2019-04-18T15:46:11Z-00001-000	0
12	0	88b831f5-2019-04-18T18:25:06Z-00001-000	0
12	0	88b831f5-2019-04-18T18:25:06Z-00002-000	0
12	0	88b831f5-2019-04-18T18:25:06Z-00003-000	0
12	0	88b831f5-2019-04-18T18:25:06Z-00004-000	0
12	0	8d834d48-2019-04-18T20:01:52Z-00000-000	0
12	0	8d834d48-2019-04-18T20:01:52Z-00002-000	0
12	0	8d834d48-2019-04-18T20:01:52Z-00004-000	0
12	0	8e214b94-2019-04-18T12:19:56Z-00001-000	0
12	0	928f9e5e-2019-04-18T16:33:36Z-00000-000	0
12	0	928f9e5e-2019-04-18T16:33:36Z-00001-000	0
12	0	928f9e5e-2019-04-18T16:33:36Z-00002-000	0
12	0	928f9e5e-2019-04-18T16:33:36Z-00003-000	0
12	0	928f9e5e-2019-04-18T16:33:36Z-00004-000	0
12	0	928f9e5e-2019-04-18T16:33:36Z-00005-000	0
12	0	92fdc6f-2019-04-18T14:33:39Z-00006-000	0
12	0	98cbcd80-2019-04-18T18:06:29Z-00009-000	0
12	0	a4a6c3d4-2019-04-18T15:38:59Z-00000-000	0
12	0	a4a6c3d4-2019-04-18T15:38:59Z-00002-000	0
12	0	a4a6c3d4-2019-04-18T15:38:59Z-00003-000	0
12	0	a4a6c3d4-2019-04-18T15:38:59Z-00004-000	0
12	0	b79cf889-2019-04-15T20:23:02Z-00029-000	0
12	0	c64898ed-2019-04-18T18:17:24Z-00001-000	0
12	0	c64898ed-2019-04-18T18:17:24Z-00002-000	0
12	0	c64898ed-2019-04-18T18:17:24Z-00003-000	0
12	0	c64898ed-2019-04-18T18:17:24Z-00004-000	0
12	0	c64898ed-2019-04-18T18:17:24Z-00005-000	0
12	0	c64898ed-2019-04-18T18:17:24Z-00006-000	0
12	0	c64898ed-2019-04-18T18:17:24Z-00007-000	0
12	0	d0b50e27-2019-04-19T12:46:41Z-00008-000	0
12	0	deb2a1a4-2019-04-18T14:56:32Z-00000-000	0
12	0	e1347bd3-2019-04-19T12:47:56Z-00001-000	0
12	0	e1347bd3-2019-04-19T12:47:56Z-00010-000	0
12	0	e1347bd3-2019-04-19T12:47:56Z-00011-000	0
12	0	e1347bd3-2019-04-19T12:47:56Z-00014-000	0
12	0	e1347bd3-2019-04-19T12:47:56Z-00015-000	0
12	0	e897bde-2019-04-19T12:47:15Z-00012-000	0
12	0	f3fff4a7-2019-04-18T15:33:41Z-00002-000	0
12	0	f3fff4a7-2019-04-18T15:33:41Z-00004-000	0
12	0	f3fff523-2019-04-18T13:04:43Z-00004-000	0
12	0	fd36e585-2019-04-18T16:35:51Z-00002-000	0
12	0	fd36e585-2019-04-18T16:35:51Z-00003-000	0
13	0	1baa36a6-2019-04-18T16:31:18Z-00000-000	0
13	0	1baa36a6-2019-04-18T16:31:18Z-00001-000	0
13	0	1baa36a6-2019-04-18T16:31:18Z-00002-000	0
13	0	1baa36a6-2019-04-18T16:31:18Z-00003-000	1
13	0	1baa36a6-2019-04-18T16:31:18Z-00005-000	0
13	0	212f2296-2019-04-19T12:47:07Z-00010-000	0
13	0	2aa5711e-2019-04-18T19:33:45Z-00003-000	0
13	0	31698916-2019-04-18T12:33:52Z-00000-000	0
13	0	31698916-2019-04-18T12:33:52Z-00002-000	0
13	0	3af9364a-2019-04-18T18:59:56Z-00000-000	0
13	0	3af9364a-2019-04-18T18:59:56Z-00005-000	0
13	0	3d507ec5-2019-04-18T19:02:10Z-00001-000	1
13	0	3d507ec5-2019-04-18T19:02:10Z-00003-000	1
13	0	3d507ec5-2019-04-18T19:02:10Z-00004-000	0
13	0	3d677ded-2019-04-18T19:42:10Z-00001-000	0
13	0	43533c49-2019-04-18T16:15:41Z-00003-000	0
13	0	43533c49-2019-04-18T16:15:41Z-00004-000	0
13	0	43533c49-2019-04-18T16:15:41Z-00005-000	0
13	0	45c09d2f-2019-04-18T19:52:48Z-00003-000	0
13	0	45c09d4e-2019-04-18T15:57:17Z-00004-000	0
13	0	4911d42e-2019-04-18T12:51:15Z-00000-000	0
13	0	4911d42e-2019-04-18T12:51:15Z-00001-000	1
13	0	4c6aab06-2019-04-18T17:04:35Z-00000-000	0
13	0	53275be8-2019-04-15T20:22:23Z-00009-000	0
13	0	534c28d7-2019-04-18T15:18:27Z-00000-000	0
13	0	53b7edd-2019-04-18T15:25:15Z-00004-000	1
13	0	57476c56-2019-04-18T16:05:23Z-00004-000	0
13	0	57476c75-2019-04-18T16:05:05Z-00000-000	0
13	0	57476c75-2019-04-18T16:05:05Z-00004-000	0
13	0	59e99f04-2019-04-18T18:06:02Z-00001-000	1
13	0	6e782a7f-2019-04-18T13:11:24Z-00001-000	0
13	0	6e782a7f-2019-04-18T13:11:24Z-00002-000	0
13	0	6e782a7f-2019-04-18T13:11:24Z-00003-000	1
13	0	713810f5-2019-04-18T19:32:29Z-00002-000	0
13	0	713810f5-2019-04-18T19:32:29Z-00003-000	0
13	0	713810f5-2019-04-18T19:32:29Z-00005-000	0
13	0	713810f5-2019-04-18T19:32:29Z-00006-000	0
13	0	7729e8b4-2019-04-19T12:45:07Z-00028-000	0
13	0	7785529c-2019-04-17T11:47:37Z-00053-000	1
13	0	77d1660c-2019-04-18T11:26:24Z-00001-000	0
13	0	7ae7b591-2019-04-15T20:22:23Z-00009-000	0
13	0	7f65d0b8-2019-04-18T19:33:27Z-00002-000	0
13	0	8706d0e3-2019-04-18T19:44:13Z-00000-000	0
13	0	8706d0e3-2019-04-18T19:44:13Z-00002-000	0
13	0	8706d0e3-2019-04-18T19:44:13Z-00004-000	0
13	0	8706d0e3-2019-04-18T19:44:13Z-00005-000	0
13	0	8b68ae4-2019-04-17T11:47:47Z-00093-000	0
13	0	8da25347-2019-04-18T19:55:51Z-00004-000	0
13	0	8fdcc598-2019-04-18T19:16:21Z-00003-000	1
13	0	8fdcc598-2019-04-18T19:16:21Z-00004-000	0
13	0	8fdcc598-2019-04-18T19:16:21Z-00005-000	0
13	0	991e76d8-2019-04-19T12:45:42Z-00012-000	0
13	0	991e76d8-2019-04-19T12:45:42Z-00013-000	0
13	0	9bc8d269-2019-04-17T11:47:38Z-00073-000	1
13	0	9d6aeb41-2019-04-18T14:17:35Z-00002-000	0
13	0	a0c49403-2019-04-18T14:02:20Z-00002-000	0
13	0	a0c49422-2019-04-18T13:39:39Z-00001-000	0
13	0	a0c49422-2019-04-18T13:39:39Z-00002-000	0
13	0	a0c49422-2019-04-18T13:39:39Z-00003-000	0
13	0	ae945b47-2019-04-19T12:43:59Z-00004-000	0
13	0	b4dd79cd-2019-04-18T17:27:57Z-00002-000	0
13	0	bb33e2b7-2019-04-18T18:22:23Z-00000-000	0
13	0	bb33e2d6-2019-04-18T18:22:16Z-00002-000	0
13	0	bdaef866-2019-04-15T20:24:47Z-00017-000	0
13	0	c67a3d49-2019-04-18T20:03:24Z-00001-000	0
13	0	c67a3d49-2019-04-18T20:03:24Z-00003-000	0
13	0	c67a3d49-2019-04-18T20:03:24Z-00005-000	0
13	0	c98fe988-2019-04-18T19:32:51Z-00002-000	0
13	0	c98fe9a7-2019-04-18T19:33:20Z-00003-000	0
13	0	c98fe9c6-2019-04-18T19:32:48Z-00004-000	0
13	0	c98fe9c6-2019-04-18T19:32:48Z-00005-000	0
13	0	c98fe9e5-2019-04-18T19:32:56Z-00000-000	0
13	0	c98fea23-2019-04-18T19:31:33Z-00006-000	1
13	0	cb08147e-2019-04-18T19:50:34Z-00000-000	0
13	0	cb08147e-2019-04-18T19:50:34Z-00001-000	0
13	0	cb08147e-2019-04-18T19:50:34Z-00002-000	0
13	0	cb08147e-2019-04-18T19:50:34Z-00005-000	0
13	0	d258aeb1-2019-04-15T20:22:20Z-00013-000	0
13	0	d3d77219-2019-04-18T16:07:25Z-00000-000	0
13	0	d3d77219-2019-04-18T16:07:25Z-00002-000	0
13	0	d3d77219-2019-04-18T16:07:25Z-00004-000	0
13	0	de8ec542-2019-04-18T19:27:37Z-00000-000	0
13	0	de8ec542-2019-04-18T19:27:37Z-00003-000	0
13	0	de8ec542-2019-04-18T19:27:37Z-00004-000	0
13	0	e2550a31-2019-04-18T19:24:02Z-00005-000	0
13	0	e7056476-2019-04-19T12:47:46Z-00010-000	1
13	0	e7056476-2019-04-19T12:47:46Z-00018-000	1
13	0	e7056476-2019-04-19T12:47:46Z-00019-000	0
13	0	e8b51f74-2019-04-18T20:01:33Z-00001-000	0
13	0	e8b51f74-2019-04-18T20:01:33Z-00002-000	0
13	0	e8b51f74-2019-04-18T20:01:33Z-00003-000	0
13	0	e91be287-2019-04-18T18:33:15Z-00001-000	0
13	0	ee0f4916-2019-04-18T19:05:18Z-00009-000	0
13	0	f1a21d96-2019-04-18T19:45:14Z-00007-000	0
13	0	f1a21db5-2019-04-18T19:44:42Z-00007-000	0
13	0	f1a21e12-2019-04-18T19:41:35Z-00000-000	0
13	0	f1a21e12-2019-04-18T19:41:35Z-00006-000	0
13	0	f1a21e31-2019-04-18T19:40:41Z-00004-000	0
13	0	f1a21e6f-2019-04-18T19:39:32Z-00005-000	0
13	0	f8fc8c9e-2019-04-18T19:30:17Z-00000-000	0
14	0	13176601-2019-04-18T17:19:14Z-00005-000	0
14	0	21910622-2019-04-18T13:51:05Z-00000-000	0
14	0	21910622-2019-04-18T13:51:05Z-00003-000	0
14	0	242d821e-2019-04-18T13:14:34Z-00001-000	0
14	0	242d821e-2019-04-18T13:14:34Z-00002-000	0
14	0	2771aba0-2019-04-18T15:29:45Z-00000-000	0
14	0	2771aba0-2019-04-18T15:29:45Z-00003-000	0
14	0	2771aba0-2019-04-18T15:29:45Z-00004-000	0
14	0	2771aba0-2019-04-18T15:29:45Z-00005-000	0
14	0	2bb90bda-2019-04-19T12:47:20Z-00009-000	0
14	0	2bb90bda-2019-04-19T12:47:20Z-00010-000	0
14	0	2c397b27-2019-04-18T18:05:05Z-00005-000	0
14	0	3584cf5e-2019-04-18T12:25:29Z-00000-000	0
14	0	3584cf5e-2019-04-18T12:25:29Z-00001-000	0
14	0	38921a47-2019-04-18T16:48:17Z-00004-000	0
14	0	3892212e-2019-04-18T15:09:07Z-00001-000	0
14	0	45198ce6-2019-04-18T18:35:19Z-00001-000	0
14	0	4686f91-2019-04-18T15:19:05Z-00007-000	0
14	0	4855ee40-2019-04-18T11:58:57Z-00001-000	0
14	0	48a90be2-2019-04-18T19:16:29Z-00009-000	1
14	0	4abdfa29-2019-04-18T13:33:10Z-00003-000	1
14	0	4abdfa29-2019-04-18T13:33:10Z-00004-000	0
14	0	4abdfa29-2019-04-18T13:33:10Z-00006-000	0
14	0	4af6a77e-2019-04-18T19:07:42Z-00001-000	1
14	0	4b0ccd12-2019-04-18T13:50:18Z-00000-000	0
14	0	4b0ccd12-2019-04-18T13:50:18Z-00001-000	0
14	0	4b2f7f7a-2019-04-18T14:27:39Z-00007-000	0
14	0	4e4efcc0-2019-04-18T17:45:10Z-00006-000	0
14	0	4e4efcc0-2019-04-18T17:45:10Z-00007-000	0
14	0	59391011-2019-04-18T16:44:19Z-00001-000	0
14	0	59391011-2019-04-18T16:44:19Z-00002-000	1
14	0	59391011-2019-04-18T16:44:19Z-00005-000	0
14	0	5c2b5def-2019-04-18T17:19:13Z-00001-000	0
14	0	5c2b5def-2019-04-18T17:19:13Z-00002-000	0
14	0	6228e627-2019-04-18T17:33:40Z-00001-000	0
14	0	62827e8d-2019-04-18T16:10:15Z-00000-000	0
14	0	62827e8d-2019-04-18T16:10:15Z-00001-000	0
14	0	62827e8d-2019-04-18T16:10:15Z-00002-000	0
14	0	63356ea3-2019-04-18T13:22:32Z-00002-000	0
14	0	6335718b-2019-04-18T13:11:44Z-00003-000	0
14	0	6335c4fa-2019-04-18T13:04:41Z-00003-000	0
14	0	6335c4fa-2019-04-18T13:04:41Z-00004-000	0
14	0	6458ea0b-2019-04-18T14:01:57Z-00003-000	0
14	0	6458ea0b-2019-04-18T14:01:57Z-00005-000	0
14	0	67148c4d-2019-04-18T18:48:23Z-00000-000	1
14	0	67148c4d-2019-04-18T18:48:23Z-00001-000	0
14	0	7839a8e-2019-04-18T13:02:10Z-00000-000	0
14	0	7839a8e-2019-04-18T13:02:10Z-00001-000	0
14	0	7839a8e-2019-04-18T13:02:10Z-00002-000	1
14	0	7b58b49f-2019-04-18T15:10:31Z-00001-000	0
14	0	7b58b49f-2019-04-18T15:10:31Z-00004-000	1
14	0	7b58b49f-2019-04-18T15:10:31Z-00005-000	0
14	0	83991908-2019-04-18T17:04:39Z-00001-000	0
14	0	83991908-2019-04-18T17:04:39Z-00004-000	0
14	0	83991908-2019-04-18T17:04:39Z-00006-000	0
14	0	83991908-2019-04-18T17:04:39Z-00007-000	0
14	0	83991946-2019-04-18T13:42:47Z-00004-000	0
14	0	83991946-2019-04-18T13:42:47Z-00005-000	1
14	0	843406fe-2019-04-18T19:14:31Z-00004-000	1
14	0	8532ca4-2019-04-18T18:09:34Z-00007-000	0
14	0	88021be-2019-04-18T17:47:30Z-00000-000	1
14	0	88021be-2019-04-18T17:47:30Z-00001-000	1
14	0	88021be-2019-04-18T17:47:30Z-00002-000	0
14	0	88021be-2019-04-18T17:47:30Z-00003-000	1
14	0	88fc8c51-2019-04-18T20:02:10Z-00002-000	0
14	0	88fc8c51-2019-04-18T20:02:10Z-00003-000	0
14	0	88fc8c51-2019-04-18T20:02:10Z-00004-000	1
14	0	8d3589f8-2019-04-18T16:08:36Z-00006-000	0
14	0	8de3af5b-2019-04-17T11:47:40Z-00022-000	0
14	0	8de3af5b-2019-04-17T11:47:40Z-00045-000	0
14	0	9828e7fb-2019-04-18T17:04:41Z-00001-000	0
14	0	9828e7fb-2019-04-18T17:04:41Z-00002-000	0
14	0	9828e7fb-2019-04-18T17:04:41Z-00006-000	1
14	0	9828e7fb-2019-04-18T17:04:41Z-00007-000	0
14	0	b2e1c509-2019-04-18T17:47:32Z-00001-000	0
14	0	cae0ad5c-2019-04-18T15:17:55Z-00004-000	0
14	0	cae0ad5c-2019-04-18T15:17:55Z-00006-000	1
14	0	cae0ad5c-2019-04-18T15:17:55Z-00007-000	0
14	0	caecc1bf-2019-04-18T13:39:21Z-00001-000	0
14	0	caecc1bf-2019-04-18T13:39:21Z-00002-000	0
14	0	caecc1bf-2019-04-18T13:39:21Z-00003-000	0
14	0	caecc1bf-2019-04-18T13:39:21Z-00004-000	0
14	0	d2d4219f-2019-04-18T13:20:48Z-00001-000	1
14	0	d2d4219f-2019-04-18T13:20:48Z-00002-000	0
14	0	d2d4219f-2019-04-18T13:20:48Z-00004-000	0
14	0	d2f4b1cd-2019-04-17T11:47:27Z-00188-000	0
14	0	dd8d96ee-2019-04-18T17:13:58Z-00005-000	0
14	0	ddd2fdad-2019-04-18T14:39:16Z-00000-000	0
14	0	dfb058ea-2019-04-18T18:50:06Z-00003-000	1
14	0	e815f813-2019-04-18T13:09:13Z-00001-000	0
14	0	ea863988-2019-04-18T15:13:12Z-00002-000	0
14	0	ea863988-2019-04-18T15:13:12Z-00003-000	0
14	0	eada3b89-2019-04-18T12:09:35Z-00002-000	0
14	0	eada3b89-2019-04-18T12:09:35Z-00003-000	0
14	0	ed60d0ec-2019-04-18T17:27:24Z-00005-000	0
14	0	f15d0350-2019-04-18T12:57:04Z-00004-000	0
14	0	f5793ac8-2019-04-18T13:25:55Z-00002-000	0
14	0	f8070fca-2019-04-18T17:34:05Z-00000-000	0
14	0	f8070fca-2019-04-18T17:34:05Z-00003-000	0
14	0	fbf5301a-2019-04-18T14:14:29Z-00003-000	0
15	0	141a4562-2019-04-18T14:32:34Z-00005-000	0
15	0	16dc9c32-2019-04-18T16:46:13Z-00005-000	1
15	0	171633f7-2019-04-18T12:17:13Z-00002-000	1
15	0	19c1b3ad-2019-04-18T18:53:56Z-00004-000	1
15	0	1a7b445a-2019-04-18T17:18:44Z-00002-000	0
15	0	1a7b445a-2019-04-18T17:18:44Z-00003-000	1
15	0	1fba06e8-2019-04-18T18:19:54Z-00002-000	1
15	0	2025817a-2019-04-18T14:44:11Z-00002-000	1
15	0	28e0a6b5-2019-04-18T15:07:33Z-00001-000	1
15	0	2bce8c52-2019-04-18T19:09:45Z-00004-000	1
15	0	2f5fdbe4-2019-04-18T13:01:15Z-00000-000	1
15	0	2f5fdbe4-2019-04-18T13:01:15Z-00001-000	0
15	0	3db879f2-2019-04-18T19:11:15Z-00002-000	1
15	0	3e6f0cf1-2019-04-18T16:00:16Z-00003-000	1
15	0	3e6f0cf1-2019-04-18T16:00:16Z-00004-000	1
15	0	3e6f0cf1-2019-04-18T16:00:16Z-00005-000	1
15	0	3eced554-2019-04-18T19:30:38Z-00000-000	0
15	0	3eced554-2019-04-18T19:30:38Z-00001-000	0
15	0	3eced554-2019-04-18T19:30:38Z-00004-000	0
15	0	3eced554-2019-04-18T19:30:38Z-00005-000	1
15	0	59a01d40-2019-04-18T18:41:19Z-00001-000	1
15	0	59a01d40-2019-04-18T18:41:19Z-00003-000	1
15	0	59a01dfa-2019-04-18T16:44:04Z-00003-000	1
15	0	61bc36ac-2019-04-18T17:28:04Z-00002-000	0
15	0	61bc36ac-2019-04-18T17:28:04Z-00004-000	0
15	0	61bc36ea-2019-04-18T12:14:22Z-00001-000	0
15	0	61bc36ea-2019-04-18T12:14:22Z-00003-000	0
15	0	61bc36ea-2019-04-18T12:14:22Z-00005-000	0
15	0	61bcb28d-2019-04-18T18:20:07Z-00008-000	1
15	0	61bcb28d-2019-04-18T18:20:07Z-00009-000	1
15	0	61bcb9f0-2019-04-18T15:36:32Z-00002-000	0
15	0	61bcb9f0-2019-04-18T15:36:32Z-00004-000	0
15	0	61bcba6c-2019-04-18T15:04:19Z-00004-000	1
15	0	61bcbdef-2019-04-18T13:29:29Z-00003-000	1
15	0	61bcbe8a-2019-04-18T11:44:14Z-00003-000	1
15	0	61bcc172-2019-04-18T11:29:12Z-00002-000	1
15	0	638d406b-2019-04-18T16:47:38Z-00001-000	0
15	0	638d406b-2019-04-18T16:47:38Z-00002-000	1
15	0	7ef1e9dc-2019-04-18T18:28:00Z-00002-000	1
15	0	7ef1e9fb-2019-04-18T11:22:45Z-00000-000	1
15	0	7ef1e9fb-2019-04-18T11:22:45Z-00002-000	0
15	0	7ef1e9fb-2019-04-18T11:22:45Z-00004-000	0
15	0	7ef1e9fb-2019-04-18T11:22:45Z-00006-000	1
15	0	7ef1e9fb-2019-04-18T11:22:45Z-00007-000	0
15	0	7ef1e9fb-2019-04-18T11:22:45Z-00009-000	0
15	0	7f023e5c-2019-04-15T20:22:59Z-00015-000	1
15	0	85178f24-2019-04-18T15:22:54Z-00004-000	1
15	0	89e6a139-2019-04-18T12:40:16Z-00000-000	0
15	0	89e6a139-2019-04-18T12:40:16Z-00001-000	1
15	0	89eb9d8b-2019-04-18T17:43:09Z-00002-000	1
15	0	89eb9d8b-2019-04-18T17:43:09Z-00003-000	1
15	0	89eb9d8b-2019-04-18T17:43:09Z-00004-000	1
15	0	8cce991f-2019-04-18T15:43:14Z-00002-000	0
15	0	8cce991f-2019-04-18T15:43:14Z-00004-000	1
15	0	901f612c-2019-04-18T12:44:04Z-00006-000	1
15	0	908ed2cb-2019-04-18T15:35:47Z-00006-000	1
15	0	908ed2cb-2019-04-18T15:35:47Z-00008-000	1
15	0	908f4e4f-2019-04-18T18:40:43Z-00007-000	0
15	0	908f4ecb-2019-04-18T18:01:19Z-00003-000	1
15	0	908f528c-2019-04-18T16:59:04Z-00003-000	1
15	0	93c134db-2019-04-18T15:26:18Z-00003-000	1
15	0	98931b41-2019-04-18T16:05:52Z-00000-000	0
15	0	99bfe116-2019-04-18T11:52:08Z-00000-000	1
15	0	9addf540-2019-04-18T19:47:29Z-00002-000	1
15	0	ad53c4eb-2019-04-18T15:29:26Z-00007-000	1
15	0	aefcf694-2019-04-18T17:34:55Z-00001-000	1
15	0	aefcf694-2019-04-18T17:34:55Z-00002-000	1
15	0	aefcf694-2019-04-18T17:34:55Z-00003-000	1
15	0	b57b83e8-2019-04-18T11:57:23Z-00000-000	1
15	0	b8d48ad7-2019-04-18T18:50:39Z-00004-000	1
15	0	b8d48ad7-2019-04-18T18:50:39Z-00005-000	1
15	0	c0429f6c-2019-04-18T15:12:05Z-00001-000	0
15	0	c0429f6c-2019-04-18T15:12:05Z-00004-000	1
15	0	c514e6f9-2019-04-18T14:04:46Z-00002-000	1
15	0	c514e6f9-2019-04-18T14:04:46Z-00003-000	1
15	0	d0a8ad59-2019-04-18T19:51:31Z-00004-000	1
15	0	d1a53c21-2019-04-18T19:17:41Z-00001-000	0
15	0	da630fe7-2019-04-18T14:32:44Z-00006-000	0
15	0	da638ba9-2019-04-18T13:02:33Z-00000-000	0
15	0	daece536-2019-04-18T15:14:44Z-00004-000	1
15	0	daece574-2019-04-18T15:03:14Z-00006-000	0
15	0	dd18e758-2019-04-18T18:38:23Z-00004-000	1
15	0	dd5367d8-2019-04-18T15:51:23Z-00006-000	1
15	0	e057cec7-2019-04-18T15:04:52Z-00001-000	1
15	0	e057cec7-2019-04-18T15:04:52Z-00004-000	1
15	0	e937961a-2019-04-18T14:45:55Z-00001-000	0
15	0	e937961a-2019-04-18T14:45:55Z-00002-000	1
15	0	e937961a-2019-04-18T14:45:55Z-00004-000	1
15	0	e9fceef8-2019-04-18T14:01:57Z-00005-000	1
15	0	ec5a2259-2019-04-18T18:03:25Z-00003-000	0
15	0	efcd9117-2019-04-18T16:37:47Z-00002-000	1
15	0	f1a3ed1e-2019-04-18T17:27:16Z-00005-000	1
15	0	fd3161b0-2019-04-17T11:47:42Z-00041-000	0
15	0	fd3161b0-2019-04-17T11:47:42Z-00161-000	0
15	0	fd3161b0-2019-04-17T11:47:42Z-00183-000	1
15	0	fd3161b0-2019-04-17T11:47:42Z-00209-000	0
15	0	fd98a1f9-2019-04-18T16:36:58Z-00003-000	1
15	0	fe53122f-2019-04-18T15:22:41Z-00003-000	0
15	0	fe53164d-2019-04-18T12:01:29Z-00000-000	1
15	0	fe53164d-2019-04-18T12:01:29Z-00001-000	1
16	0	11aa61bc-2019-04-18T14:21:12Z-00004-000	0
16	0	1401781f-2019-04-18T14:26:32Z-00000-000	0
16	0	1401781f-2019-04-18T14:26:32Z-00004-000	0
16	0	1401781f-2019-04-18T14:26:32Z-00005-000	0
16	0	1401781f-2019-04-18T14:26:32Z-00006-000	0
16	0	1b53d7af-2019-04-18T19:58:57Z-00005-000	0
16	0	1f157f6c-2019-04-18T20:00:07Z-00003-000	0
16	0	203a1bed-2019-04-18T18:45:02Z-00006-000	0
16	0	2654c4cb-2019-04-18T16:09:27Z-00000-000	0
16	0	2654c4cb-2019-04-18T16:09:27Z-00002-000	0
16	0	292b475e-2019-04-15T20:22:25Z-00009-000	0
16	0	2a507379-2019-04-18T19:50:48Z-00001-000	0
16	0	2d0fc6c1-2019-04-18T19:20:44Z-00002-000	0
16	0	2d0fc6c1-2019-04-18T19:20:44Z-00003-000	0
16	0	2d0fc6c1-2019-04-18T19:20:44Z-00004-000	0
16	0	2d0fc6e0-2019-04-18T19:20:27Z-00002-000	0
16	0	2d0fc75c-2019-04-18T19:04:33Z-00004-000	0
16	0	42468ac1-2019-04-18T19:48:35Z-00000-000	0
16	0	42468ac1-2019-04-18T19:48:35Z-00003-000	0
16	0	42468ae0-2019-04-18T19:48:02Z-00004-000	0
16	0	42d0f61c-2019-04-18T16:45:08Z-00003-000	0
16	0	44c44402-2019-04-18T14:44:19Z-00001-000	0
16	0	44c44402-2019-04-18T14:44:19Z-00002-000	0
16	0	44c44402-2019-04-18T14:44:19Z-00003-000	0
16	0	44c44402-2019-04-18T14:44:19Z-00004-000	0
16	0	48c982ab-2019-04-18T17:22:17Z-00002-000	0
16	0	48c982ab-2019-04-18T17:22:17Z-00003-000	0
16	0	67a1de10-2019-04-18T14:49:31Z-00004-000	0
16	0	6a050331-2019-04-18T18:57:24Z-00000-000	0
16	0	6a050331-2019-04-18T18:57:24Z-00002-000	0
16	0	6a050331-2019-04-18T18:57:24Z-00003-000	0
16	0	6a050331-2019-04-18T18:57:24Z-00004-000	0
16	0	6a050331-2019-04-18T18:57:24Z-00005-000	0
16	0	6c503906-2019-04-19T12:45:38Z-00008-000	0
16	0	6c503906-2019-04-19T12:45:38Z-00014-000	0
16	0	6c503906-2019-04-19T12:45:38Z-00015-000	0
16	0	74e912a5-2019-04-18T13:31:24Z-00004-000	0
16	0	774f72e6-2019-04-18T19:28:26Z-00005-000	0
16	0	79bc6730-2019-04-18T19:25:31Z-00001-000	0
16	0	7b8b69bb-2019-04-15T20:22:38Z-00019-000	0
16	0	7b8b69bb-2019-04-15T20:22:38Z-00020-000	0
16	0	7e7e5efd-2019-04-18T15:27:05Z-00003-000	0
16	0	7e7e5efd-2019-04-18T15:27:05Z-00004-000	0
16	0	7e7e5efd-2019-04-18T15:27:05Z-00006-000	0
16	0	7f8a714c-2019-04-18T14:25:39Z-00003-000	0
16	0	8c1650c4-2019-04-18T11:36:35Z-00000-000	0
16	0	8c1650c4-2019-04-18T11:36:35Z-00002-000	0
16	0	8c165140-2019-04-18T11:35:18Z-00000-000	0
16	0	8c16515f-2019-04-18T11:29:56Z-00000-000	0
16	0	8c8c9887-2019-04-18T15:58:39Z-00005-000	0
16	0	8cb27dbc-2019-04-15T20:22:42Z-00000-000	0
16	0	8cb27dbc-2019-04-15T20:22:42Z-00001-000	0
16	0	8cb27dbc-2019-04-15T20:22:42Z-00002-000	0
16	0	8cb27dbc-2019-04-15T20:22:42Z-00003-000	0
16	0	8cb27dbc-2019-04-15T20:22:42Z-00004-000	0
16	0	8cb27dbc-2019-04-15T20:22:42Z-00005-000	0
16	0	8cb27dbc-2019-04-15T20:22:42Z-00006-000	0
16	0	8cb27dbc-2019-04-15T20:22:42Z-00007-000	1
16	0	8cb27dbc-2019-04-15T20:22:42Z-00008-000	1
16	0	8cb27dbc-2019-04-15T20:22:42Z-00009-000	1
16	0	8cb27dbc-2019-04-15T20:22:42Z-00010-000	1
16	0	8cb27dbc-2019-04-15T20:22:42Z-00011-000	1
16	0	8cb27dbc-2019-04-15T20:22:42Z-00012-000	0
16	0	8cb27dbc-2019-04-15T20:22:42Z-00013-000	0
16	0	8cb27dbc-2019-04-15T20:22:42Z-00014-000	0
16	0	8cb27dbc-2019-04-15T20:22:42Z-00015-000	1
16	0	8cb27dbc-2019-04-15T20:22:42Z-00016-000	0
16	0	8cb27dbc-2019-04-15T20:22:42Z-00017-000	1
16	0	8cb27dbc-2019-04-15T20:22:42Z-00018-000	0
16	0	8cb27dbc-2019-04-15T20:22:42Z-00019-000	1
16	0	97f9c89a-2019-04-18T14:53:20Z-00001-000	0
16	0	9908ed79-2019-04-18T15:15:15Z-00001-000	0
16	0	9908ed79-2019-04-18T15:15:15Z-00002-000	0
16	0	9908ed79-2019-04-18T15:15:15Z-00003-000	0
16	0	9bf42280-2019-04-18T16:34:01Z-00002-000	0
16	0	9bf42280-2019-04-18T16:34:01Z-00004-000	0
16	0	a629bc60-2019-04-18T15:38:05Z-00003-000	0
16	0	a799c6ee-2019-04-18T14:21:14Z-00006-000	0
16	0	a799c6ee-2019-04-18T14:21:14Z-00009-000	0
16	0	bd77b6f0-2019-04-18T19:36:38Z-00004-000	0
16	0	bf18a6fe-2019-04-18T15:08:15Z-00002-000	0
16	0	bf18a6fe-2019-04-18T15:08:15Z-00004-000	0
16	0	bf3fbda4-2019-04-18T18:34:09Z-00000-000	0
16	0	c11ad62c-2019-04-18T18:40:47Z-00000-000	0
16	0	c5e70a48-2019-04-18T18:53:35Z-00006-000	0
16	0	c8c928fc-2019-04-18T13:22:34Z-00006-000	0
16	0	ccc2df2c-2019-04-18T15:53:51Z-00002-000	0
16	0	d5323527-2019-04-18T19:02:16Z-00004-000	0
16	0	db54ecb2-2019-04-18T19:45:28Z-00001-000	0
16	0	dfb23292-2019-04-18T19:45:52Z-00001-000	0
16	0	dfb23292-2019-04-18T19:45:52Z-00002-000	0
16	0	dfb23292-2019-04-18T19:45:52Z-00003-000	0
16	0	e08bd04b-2019-04-18T13:58:43Z-00001-000	0
16	0	e26f0079-2019-04-18T19:03:34Z-00004-000	0
16	0	ed50be0f-2019-04-18T18:18:18Z-00001-000	0
16	0	f0840876-2019-04-18T12:43:48Z-00005-000	0
16	0	f0840895-2019-04-18T12:42:05Z-00004-000	0
16	0	f0f76624-2019-04-18T15:01:18Z-00002-000	0
16	0	f6fa986c-2019-04-18T13:29:32Z-00003-000	0
16	0	fa3cb933-2019-04-18T19:46:11Z-00002-000	0
17	0	110247dd-2019-04-18T18:02:36Z-00004-000	1
17	0	12148574-2019-04-18T14:19:18Z-00004-000	1
17	0	14b9fbe0-2019-04-18T17:06:27Z-00004-000	0
17	0	14b9fbe0-2019-04-18T17:06:27Z-00005-000	1
17	0	14b9fbff-2019-04-18T12:11:41Z-00002-000	1
17	0	1e41346c-2019-04-18T17:04:39Z-00005-000	1
17	0	21ae906a-2019-04-18T17:46:25Z-00007-000	1
17	0	21af0c6a-2019-04-18T14:47:21Z-00004-000	1
17	0	21af0c6a-2019-04-18T14:47:21Z-00005-000	1
17	0	2a5141f4-2019-04-18T12:43:08Z-00000-000	1
17	0	2a5141f4-2019-04-18T12:43:08Z-00001-000	1
17	0	2a5141f4-2019-04-18T12:43:08Z-00002-000	0
17	0	2bdac55a-2019-04-18T13:14:01Z-00004-000	0
17	0	40e4b6f7-2019-04-18T19:05:22Z-00005-000	1
17	0	4ab35585-2019-04-18T11:47:33Z-00001-000	1
17	0	4ac9891f-2019-04-18T17:10:18Z-00002-000	1
17	0	4ac9891f-2019-04-18T17:10:18Z-00003-000	1
17	0	4ac9891f-2019-04-18T17:10:18Z-00004-000	0
17	0	4ac9893e-2019-04-18T16:40:07Z-00000-000	0
17	0	4ac9893e-2019-04-18T16:40:07Z-00003-000	1
17	0	4ac9893e-2019-04-18T16:40:07Z-00005-000	1
17	0	4d38532b-2019-04-18T18:44:12Z-00003-000	1
17	0	4f2bd943-2019-04-18T11:08:44Z-00000-000	0
17	0	4f2bd943-2019-04-18T11:08:44Z-00001-000	0
17	0	4f2bd943-2019-04-18T11:08:44Z-00006-000	1
17	0	4f2bd943-2019-04-18T11:08:44Z-00007-000	1
17	0	548752a9-2019-04-18T18:38:58Z-00003-000	1
17	0	548752a9-2019-04-18T18:38:58Z-00005-000	1
17	0	590b30db-2019-04-18T13:13:52Z-00004-000	0
17	0	5992fb47-2019-04-18T13:36:34Z-00003-000	0
17	0	59d1f83c-2019-04-18T18:35:46Z-00007-000	1
17	0	59d1fcb7-2019-04-18T17:16:51Z-00003-000	0
17	0	6231af27-2019-04-18T14:52:04Z-00004-000	1
17	0	665ddd92-2019-04-18T18:55:36Z-00001-000	1
17	0	665dddb1-2019-04-18T14:39:12Z-00003-000	1
17	0	665dddb1-2019-04-18T14:39:12Z-00004-000	1
17	0	6c7100de-2019-04-18T16:32:09Z-00004-000	0
17	0	6c7100fd-2019-04-18T16:32:07Z-00008-000	0
17	0	703fcb1d-2019-04-18T15:08:04Z-00005-000	1
17	0	711b9599-2019-04-18T13:44:23Z-00005-000	1
17	0	7c8b175c-2019-04-18T15:27:03Z-00003-000	1
17	0	7c8b175c-2019-04-18T15:27:03Z-00005-000	1
17	0	815a0e5f-2019-04-18T14:14:58Z-00004-000	1
17	0	864c52b1-2019-04-18T19:23:38Z-00005-000	1
17	0	86fcaef8-2019-04-18T12:12:08Z-00000-000	1
17	0	893155f6-2019-04-18T15:28:59Z-00005-000	0
17	0	8b859a7-2019-04-18T16:07:04Z-00005-000	0
17	0	8b8ff60f-2019-04-18T18:26:25Z-00000-000	0
17	0	8b8ff60f-2019-04-18T18:26:25Z-00001-000	1
17	0	8b8ff60f-2019-04-18T18:26:25Z-00004-000	1
17	0	8b8ff60f-2019-04-18T18:26:25Z-00005-000	1
17	0	90bdd46c-2019-04-18T18:54:24Z-00004-000	1
17	0	93ed752f-2019-04-18T11:37:10Z-00001-000	1
17	0	99d62d9d-2019-04-18T14:32:36Z-00003-000	1
17	0	99d62d9d-2019-04-18T14:32:36Z-00004-000	0
17	0	99d62d9d-2019-04-18T14:32:36Z-00007-000	1
17	0	99d62d9d-2019-04-18T14:32:36Z-00008-000	0
17	0	99d62d9d-2019-04-18T14:32:36Z-00009-000	1
17	0	ae791dd7-2019-04-18T17:53:18Z-00000-000	0
17	0	ae791dd7-2019-04-18T17:53:18Z-00001-000	1
17	0	b8e612ba-2019-04-18T19:59:02Z-00003-000	1
17	0	bc59cf1f-2019-04-18T14:25:37Z-00000-000	0
17	0	bc59cf1f-2019-04-18T14:25:37Z-00001-000	0
17	0	bc59cf1f-2019-04-18T14:25:37Z-00002-000	0
17	0	bc59cf1f-2019-04-18T14:25:37Z-00006-000	0
17	0	c0722593-2019-04-18T19:00:13Z-00004-000	0
17	0	c0722593-2019-04-18T19:00:13Z-00005-000	1
17	0	c0ff09ad-2019-04-18T20:00:02Z-00003-000	1
17	0	cb307ee3-2019-04-18T14:46:23Z-00005-000	1
17	0	cb307ee3-2019-04-18T14:46:23Z-00006-000	0
17	0	cb307ee3-2019-04-18T14:46:23Z-00007-000	1
17	0	cd0b8158-2019-04-18T18:35:37Z-00003-000	1
17	0	d3fcb97c-2019-04-18T17:00:53Z-00004-000	1
17	0	d3fcb97c-2019-04-18T17:00:53Z-00006-000	0
17	0	d3fcb99b-2019-04-18T15:37:25Z-00000-000	0
17	0	d3fcb99b-2019-04-18T15:37:25Z-00002-000	0
17	0	d3fcb99b-2019-04-18T15:37:25Z-00004-000	1
17	0	d3fcb9ba-2019-04-18T11:58:12Z-00000-000	1
17	0	d3fcb9ba-2019-04-18T11:58:12Z-00001-000	1
17	0	d44d94da-2019-04-18T15:44:00Z-00002-000	0
17	0	d7c339a6-2019-04-18T11:47:37Z-00001-000	0
17	0	db2406b1-2019-04-18T11:51:37Z-00001-000	1
17	0	db751e93-2019-04-18T13:07:25Z-00000-000	0
17	0	db751e93-2019-04-18T13:07:25Z-00005-000	1
17	0	db751e93-2019-04-18T13:07:25Z-00006-000	0
17	0	dc68ec3e-2019-04-18T13:40:55Z-00000-000	1
17	0	dc68ec3e-2019-04-18T13:40:55Z-00003-000	0
17	0	dc68ec3e-2019-04-18T13:40:55Z-00004-000	0
17	0	e3b7cf32-2019-04-18T19:40:04Z-00004-000	1
17	0	e3b7cf32-2019-04-18T19:40:04Z-00005-000	1
17	0	e833dcb-2019-04-18T14:32:54Z-00005-000	1
17	0	eec21427-2019-04-18T11:48:32Z-00001-000	1
17	0	f703aaba-2019-04-18T13:53:50Z-00008-000	1
17	0	fad1e930-2019-04-18T14:45:25Z-00000-000	0
17	0	fad1e94f-2019-04-18T13:10:10Z-00000-000	1
17	0	fad1e94f-2019-04-18T13:10:10Z-00003-000	1
17	0	fad1e94f-2019-04-18T13:10:10Z-00005-000	0
17	0	fad1e94f-2019-04-18T13:10:10Z-00007-000	1
17	0	fbfca9a3-2019-04-18T14:52:26Z-00004-000	0
17	0	fe4bca00-2019-04-18T17:28:15Z-00004-000	0
18	0	18e421a8-2019-04-18T17:25:04Z-00004-000	1
18	0	18e421a8-2019-04-18T17:25:04Z-00005-000	0
18	0	1e5d5fcd-2019-04-18T19:02:10Z-00003-000	1
18	0	2f656c50-2019-04-18T18:20:05Z-00000-000	1
18	0	2f656c50-2019-04-18T18:20:05Z-00001-000	1
18	0	2f656c50-2019-04-18T18:20:05Z-00002-000	1
18	0	2f656c50-2019-04-18T18:20:05Z-00004-000	0
18	0	32e89ba9-2019-04-18T16:30:48Z-00000-000	0
18	0	32e89ba9-2019-04-18T16:30:48Z-00001-000	0
18	0	32e89ba9-2019-04-18T16:30:48Z-00002-000	0
18	0	32e89ba9-2019-04-18T16:30:48Z-00003-000	0
18	0	32e89ba9-2019-04-18T16:30:48Z-00004-000	1
18	0	37eb35dd-2019-04-18T18:23:18Z-00000-000	0
18	0	37eb35dd-2019-04-18T18:23:18Z-00001-000	1
18	0	37eb35dd-2019-04-18T18:23:18Z-00002-000	0
18	0	37eb35dd-2019-04-18T18:23:18Z-00003-000	0
18	0	3f1c75e-2019-04-18T11:15:58Z-00000-000	0
18	0	3f1c75e-2019-04-18T11:15:58Z-00001-000	0
18	0	3f1c75e-2019-04-18T11:15:58Z-00003-000	1
18	0	3f1c75e-2019-04-18T11:15:58Z-00005-000	1
18	0	439c18e2-2019-04-18T12:33:35Z-00000-000	0
18	0	43bad6be-2019-04-18T12:01:38Z-00000-000	0
18	0	43bad6be-2019-04-18T12:01:38Z-00002-000	0
18	0	48db7620-2019-04-18T18:11:25Z-00000-000	0
18	0	48db7620-2019-04-18T18:11:25Z-00001-000	0
18	0	48db7620-2019-04-18T18:11:25Z-00002-000	0
18	0	48db7620-2019-04-18T18:11:25Z-00003-000	1
18	0	48db7620-2019-04-18T18:11:25Z-00004-000	1
18	0	48db7620-2019-04-18T18:11:25Z-00005-000	0
18	0	541c0fdb-2019-04-18T14:17:03Z-00000-000	0
18	0	541c0fdb-2019-04-18T14:17:03Z-00001-000	1
18	0	5df4b40e-2019-04-18T12:51:46Z-00000-000	0
18	0	5df4b40e-2019-04-18T12:51:46Z-00001-000	0
18	0	5efc5feb-2019-04-18T16:38:30Z-00000-000	0
18	0	5efc5feb-2019-04-18T16:38:30Z-00001-000	1
18	0	5efc5feb-2019-04-18T16:38:30Z-00002-000	1
18	0	5efc5feb-2019-04-18T16:38:30Z-00003-000	1
18	0	5efc5feb-2019-04-18T16:38:30Z-00004-000	1
18	0	5efc5feb-2019-04-18T16:38:30Z-00005-000	0
18	0	7a73d7d7-2019-04-18T16:29:54Z-00001-000	1
18	0	7a73d7d7-2019-04-18T16:29:54Z-00003-000	1
18	0	7a73d7d7-2019-04-18T16:29:54Z-00004-000	1
18	0	7a73d7d7-2019-04-18T16:29:54Z-00005-000	1
18	0	7dd07516-2019-04-18T15:38:12Z-00002-000	1
18	0	7dd07516-2019-04-18T15:38:12Z-00003-000	0
18	0	7f792826-2019-04-18T15:23:48Z-00000-000	0
18	0	7f792826-2019-04-18T15:23:48Z-00001-000	0
18	0	7f792826-2019-04-18T15:23:48Z-00002-000	0
18	0	7f792826-2019-04-18T15:23:48Z-00003-000	1
18	0	7f792826-2019-04-18T15:23:48Z-00004-000	1
18	0	8a799a1-2019-04-18T19:04:58Z-00000-000	0
18	0	8a799a1-2019-04-18T19:04:58Z-00001-000	0
18	0	8a799a1-2019-04-18T19:04:58Z-00002-000	1
18	0	8a799a1-2019-04-18T19:04:58Z-00003-000	1
18	0	9a66988-2019-04-18T12:07:13Z-00000-000	0
18	0	9a66988-2019-04-18T12:07:13Z-00001-000	0
18	0	9a66988-2019-04-18T12:07:13Z-00002-000	0
18	0	9a66988-2019-04-18T12:07:13Z-00003-000	0
18	0	9a66988-2019-04-18T12:07:13Z-00004-000	0
18	0	9a66988-2019-04-18T12:07:13Z-00005-000	1
18	0	9a66988-2019-04-18T12:07:13Z-00006-000	0
18	0	9a66988-2019-04-18T12:07:13Z-00007-000	1
18	0	9a66988-2019-04-18T12:07:13Z-00008-000	1
18	0	9a66988-2019-04-18T12:07:13Z-00009-000	1
18	0	a84c3c83-2019-04-18T15:40:29Z-00000-000	1
18	0	a84c3c83-2019-04-18T15:40:29Z-00001-000	0
18	0	a84c3c83-2019-04-18T15:40:29Z-00002-000	1
18	0	a84c3c83-2019-04-18T15:40:29Z-00003-000	1
18	0	a84c3c83-2019-04-18T15:40:29Z-00004-000	1
18	0	af414960-2019-04-19T12:47:32Z-00010-000	1
18	0	af414960-2019-04-19T12:47:32Z-00011-000	0
18	0	af414960-2019-04-19T12:47:32Z-00012-000	0
18	0	b80912ea-2019-04-18T17:08:58Z-00000-000	0
18	0	b80912ea-2019-04-18T17:08:58Z-00002-000	1
18	0	b80912ea-2019-04-18T17:08:58Z-00003-000	1
18	0	c5ba2ffc-2019-04-18T16:06:55Z-00000-000	0
18	0	c5ba2ffc-2019-04-18T16:06:55Z-00001-000	0
18	0	c5ba2ffc-2019-04-18T16:06:55Z-00002-000	0
18	0	c5ba2ffc-2019-04-18T16:06:55Z-00003-000	1
18	0	c5ba2ffc-2019-04-18T16:06:55Z-00004-000	0
18	0	c5ba2ffc-2019-04-18T16:06:55Z-00005-000	1
18	0	c5ba2ffc-2019-04-18T16:06:55Z-00006-000	0
18	0	ca561f99-2019-04-18T15:37:24Z-00002-000	1
18	0	ca561f99-2019-04-18T15:37:24Z-00003-000	1
18	0	f0d9c7b8-2019-04-18T16:34:21Z-00000-000	0
18	0	f0d9c7b8-2019-04-18T16:34:21Z-00001-000	1
18	0	f0d9c7b8-2019-04-18T16:34:21Z-00002-000	0
18	0	f0d9c7b8-2019-04-18T16:34:21Z-00003-000	0
18	0	f0d9c7b8-2019-04-18T16:34:21Z-00004-000	0
18	0	f0d9c7b8-2019-04-18T16:34:21Z-00005-000	1
18	0	f1173c1a-2019-04-18T17:52:03Z-00006-000	0
18	0	f2f7c9c0-2019-04-18T12:43:51Z-00000-000	1
18	0	f2f7c9c0-2019-04-18T12:43:51Z-00001-000	0
18	0	f2f7c9c0-2019-04-18T12:43:51Z-00002-000	1
18	0	f2f7c9c0-2019-04-18T12:43:51Z-00003-000	0
18	0	f2f7c9c0-2019-04-18T12:43:51Z-00005-000	1
18	0	f2f7c9c0-2019-04-18T12:43:51Z-00007-000	1
18	0	ffa16c3b-2019-04-18T15:59:53Z-00001-000	1
18	0	ffa16c3b-2019-04-18T15:59:53Z-00002-000	0
18	0	ffa16c3b-2019-04-18T15:59:53Z-00003-000	1
19	0	14339ab0-2019-04-18T19:35:57Z-00005-000	1
19	0	14339aee-2019-04-18T19:27:46Z-00005-000	1
19	0	14341634-2019-04-18T18:25:02Z-00009-000	1
19	0	173a3f88-2019-04-18T19:56:25Z-00005-000	1
19	0	173a3fe5-2019-04-18T19:55:19Z-00004-000	1
19	0	1d3a62-2019-04-18T18:47:49Z-00004-000	1
19	0	2b847bd0-2019-04-18T16:20:07Z-00003-000	1
19	0	33954e07-2019-04-18T17:15:23Z-00004-000	1
19	0	368a6ce4-2019-04-18T19:54:59Z-00001-000	1
19	0	368a6ce4-2019-04-18T19:54:59Z-00003-000	1
19	0	369e4f1b-2019-04-18T19:30:47Z-00007-000	1
19	0	369e4f3a-2019-04-18T19:20:56Z-00007-000	1
19	0	369e4f59-2019-04-18T19:20:37Z-00006-000	1
19	0	37683889-2019-04-18T14:46:57Z-00004-000	0
19	0	37683905-2019-04-18T14:40:35Z-00005-000	1
19	0	415c5789-2019-04-18T19:59:53Z-00005-000	1
19	0	415c5843-2019-04-18T19:41:38Z-00007-000	1
19	0	429c4751-2019-04-18T15:12:55Z-00004-000	1
19	0	48d10dab-2019-04-18T17:25:56Z-00003-000	1
19	0	4bafe90c-2019-04-18T12:09:08Z-00002-000	1
19	0	4ce3fccf-2019-04-18T16:32:51Z-00003-000	1
19	0	5b95326a-2019-04-18T16:00:23Z-00004-000	0
19	0	5b95326a-2019-04-18T16:00:23Z-00005-000	1
19	0	5b953289-2019-04-18T13:58:30Z-00001-000	1
19	0	5d03cab1-2019-04-18T18:06:19Z-00004-000	1
19	0	6145e2c1-2019-04-18T18:25:51Z-00005-000	1
19	0	630bc9f5-2019-04-18T16:38:01Z-00006-000	1
19	0	630bca14-2019-04-18T16:30:59Z-00003-000	1
19	0	6334f98a-2019-04-18T15:23:50Z-00005-000	1
19	0	6335541e-2019-04-18T14:59:13Z-00002-000	1
19	0	63356341-2019-04-18T14:26:12Z-00009-000	1
19	0	63357264-2019-04-18T13:13:26Z-00002-000	1
19	0	6335cb84-2019-04-18T12:35:52Z-00004-000	1
19	0	6335cba3-2019-04-18T12:35:45Z-00005-000	1
19	0	6335cfc1-2019-04-18T11:44:27Z-00003-000	0
19	0	64e25863-2019-04-18T16:48:03Z-00003-000	1
19	0	659e55fe-2019-04-18T15:05:30Z-00007-000	1
19	0	7141563a-2019-04-18T18:43:57Z-00000-000	0
19	0	73b244ee-2019-04-18T17:10:44Z-00006-000	0
19	0	7f10e5b7-2019-04-18T18:42:06Z-00005-000	1
19	0	84c909d3-2019-04-18T13:03:41Z-00005-000	1
19	0	8ca2faee-2019-04-18T17:27:45Z-00004-000	1
19	0	8d358e35-2019-04-18T14:45:58Z-00002-000	0
19	0	933d85b9-2019-04-18T16:11:47Z-00005-000	1
19	0	96274e4d-2019-04-18T17:24:22Z-00005-000	1
19	0	99501f33-2019-04-18T14:39:03Z-00005-000	1
19	0	9bfee71c-2019-04-18T18:31:58Z-00007-000	1
19	0	9bfef25f-2019-04-18T13:27:14Z-00006-000	1
19	0	9c4cd4ca-2019-04-18T17:42:19Z-00004-000	1
19	0	aa9f4e48-2019-04-18T19:54:37Z-00005-000	1
19	0	acb337d5-2019-04-18T12:00:04Z-00005-000	1
19	0	b561ef57-2019-04-18T16:28:46Z-00003-000	1
19	0	b91f04f4-2019-04-18T15:09:43Z-00003-000	1
19	0	bd64e7e3-2019-04-18T19:12:30Z-00006-000	1
19	0	c1c5ca56-2019-04-18T13:28:17Z-00007-000	1
19	0	c40a309f-2019-04-18T15:49:49Z-00001-000	1
19	0	c831b805-2019-04-18T13:49:40Z-00000-000	1
19	0	ce8a18b4-2019-04-18T17:09:26Z-00002-000	1
19	0	d00d2efe-2019-04-18T18:44:35Z-00000-000	0
19	0	d00d2f7a-2019-04-18T17:48:12Z-00002-000	0
19	0	d00d2f7a-2019-04-18T17:48:12Z-00004-000	1
19	0	d00d2f7a-2019-04-18T17:48:12Z-00005-000	1
19	0	d01db0ce-2019-04-18T18:38:16Z-00005-000	1
19	0	d3f8a401-2019-04-18T11:39:08Z-00001-000	1
19	0	d52a3f22-2019-04-18T20:02:10Z-00004-000	1
19	0	d5c5480-2019-04-18T17:55:56Z-00003-000	0
19	0	d90ecf0b-2019-04-18T17:50:52Z-00004-000	1
19	0	d9e8f6e2-2019-04-18T19:03:35Z-00005-000	1
19	0	d9e8fd8b-2019-04-18T18:54:39Z-00004-000	1
19	0	d9e8fdaa-2019-04-18T18:54:22Z-00005-000	1
19	0	db2d82ac-2019-04-18T14:35:14Z-00003-000	1
19	0	db75e34a-2019-04-18T16:12:20Z-00000-000	0
19	0	db75e34a-2019-04-18T16:12:20Z-00005-000	1
19	0	de756082-2019-04-18T19:21:02Z-00004-000	0
19	0	de756082-2019-04-18T19:21:02Z-00005-000	1
19	0	df9e9598-2019-04-18T18:54:32Z-00003-000	1
19	0	df9e9614-2019-04-18T18:27:18Z-00001-000	1
19	0	ea2e1a62-2019-04-18T19:39:51Z-00004-000	1
19	0	ea2e1aa0-2019-04-18T18:49:03Z-00003-000	1
19	0	ea2e1abf-2019-04-18T18:45:35Z-00005-000	1
19	0	ea2e9624-2019-04-18T19:16:55Z-00007-000	1
19	0	ea2e96a0-2019-04-18T18:53:48Z-00005-000	1
19	0	ea2e99e5-2019-04-18T18:31:36Z-00000-000	1
19	0	ea2e99e5-2019-04-18T18:31:36Z-00001-000	1
19	0	ea2e99e5-2019-04-18T18:31:36Z-00004-000	0
19	0	ea2e9a80-2019-04-18T17:42:23Z-00003-000	1
19	0	ea2e9abe-2019-04-18T17:35:59Z-00001-000	1
19	0	ea2e9abe-2019-04-18T17:35:59Z-00004-000	1
19	0	ea2e9abe-2019-04-18T17:35:59Z-00006-000	1
19	0	ea2e9e7f-2019-04-18T16:00:14Z-00007-000	0
19	0	ea2ea202-2019-04-18T15:17:45Z-00007-000	1
19	0	eaf2d2ed-2019-04-18T17:08:20Z-00003-000	1
19	0	ec4f6b63-2019-04-18T18:27:06Z-00004-000	1
19	0	f0369d47-2019-04-18T15:38:06Z-00004-000	1
19	0	f0369d47-2019-04-18T15:38:06Z-00006-000	1
19	0	f54ab53a-2019-04-18T12:48:18Z-00004-000	1
19	0	fb3c024a-2019-04-18T14:45:20Z-00004-000	1
19	0	fe5e045a-2019-04-18T15:15:22Z-00003-000	1
19	0	fe5e045a-2019-04-18T15:15:22Z-00005-000	1
19	0	ffc1678c-2019-04-18T15:31:55Z-00005-000	1
2	0	17e9941d-2019-04-18T11:19:19Z-00001-000	0
2	0	18710bc8-2019-04-18T16:37:00Z-00000-000	1
2	0	18710bc8-2019-04-18T16:37:00Z-00001-000	0
2	0	18710bc8-2019-04-18T16:37:00Z-00002-000	0
2	0	18710bc8-2019-04-18T16:37:00Z-00003-000	0
2	0	18710bc8-2019-04-18T16:37:00Z-00004-000	0
2	0	18710bc8-2019-04-18T16:37:00Z-00005-000	0
2	0	1dd23d36-2019-04-18T13:49:55Z-00001-000	0
2	0	224229b9-2019-04-18T14:58:07Z-00004-000	0
2	0	2bb11255-2019-04-18T19:59:23Z-00001-000	0
2	0	2bb11255-2019-04-18T19:59:23Z-00002-000	0
2	0	2f73041-2019-04-18T16:50:49Z-00005-000	0
2	0	2f73060-2019-04-18T15:23:25Z-00003-000	0
2	0	2f73060-2019-04-18T15:23:25Z-00005-000	0
2	0	36da01fa-2019-04-17T11:47:24Z-00033-000	0
2	0	37c512c8-2019-04-18T18:56:27Z-00001-000	0
2	0	41269782-2019-04-18T18:21:05Z-00001-000	0
2	0	497a4c74-2019-04-18T16:49:19Z-00000-000	0
2	0	497a4c74-2019-04-18T16:49:19Z-00001-000	0
2	0	497a4c74-2019-04-18T16:49:19Z-00002-000	0
2	0	497a4c74-2019-04-18T16:49:19Z-00003-000	0
2	0	497a4c74-2019-04-18T16:49:19Z-00004-000	0
2	0	497a4c74-2019-04-18T16:49:19Z-00005-000	0
2	0	497a4c74-2019-04-18T16:49:19Z-00006-000	0
2	0	4ebdedaf-2019-04-18T11:49:05Z-00001-000	0
2	0	545bc510-2019-04-18T11:17:42Z-00000-000	0
2	0	65de0e0f-2019-04-18T14:18:27Z-00004-000	0
2	0	65de0e0f-2019-04-18T14:18:27Z-00005-000	0
2	0	68d8ce13-2019-04-19T12:45:16Z-00027-000	0
2	0	6aa773f4-2019-04-18T14:45:16Z-00000-000	0
2	0	6aa773f4-2019-04-18T14:45:16Z-00001-000	0
2	0	6aa773f4-2019-04-18T14:45:16Z-00002-000	0
2	0	6aa773f4-2019-04-18T14:45:16Z-00003-000	0
2	0	6aa773f4-2019-04-18T14:45:16Z-00004-000	0
2	0	6aa773f4-2019-04-18T14:45:16Z-00005-000	0
2	0	6b4bfaa3-2019-04-18T17:09:50Z-00005-000	0
2	0	6b4bfaa3-2019-04-18T17:09:50Z-00007-000	0
2	0	71cb6b31-2019-04-18T14:53:18Z-00001-000	0
2	0	71cb6b31-2019-04-18T14:53:18Z-00002-000	0
2	0	71cb6b31-2019-04-18T14:53:18Z-00003-000	0
2	0	71cb6b31-2019-04-18T14:53:18Z-00004-000	0
2	0	7916b405-2019-04-18T18:52:54Z-00005-000	0
2	0	85842615-2019-04-18T18:51:22Z-00006-000	0
2	0	8a8904c0-2019-04-18T18:21:52Z-00002-000	0
2	0	8a8904c0-2019-04-18T18:21:52Z-00008-000	0
2	0	95a04ba1-2019-04-18T18:22:05Z-00007-000	0
2	0	98db412b-2019-04-18T18:37:22Z-00003-000	0
2	0	9c12282d-2019-04-18T15:23:15Z-00003-000	0
2	0	9c12284c-2019-04-18T15:23:08Z-00001-000	0
2	0	9c1228a9-2019-04-18T15:22:19Z-00002-000	0
2	0	9e1b2402-2019-04-18T18:23:00Z-00000-000	0
2	0	9e1b2402-2019-04-18T18:23:00Z-00001-000	0
2	0	9e1b2402-2019-04-18T18:23:00Z-00002-000	0
2	0	9e1b2402-2019-04-18T18:23:00Z-00004-000	0
2	0	b2b2d4a9-2019-04-18T15:55:06Z-00000-000	0
2	0	b4007c56-2019-04-18T19:08:37Z-00005-000	0
2	0	b784fde6-2019-04-17T11:47:38Z-00005-000	0
2	0	b784fde6-2019-04-17T11:47:38Z-00021-000	0
2	0	b784fde6-2019-04-17T11:47:38Z-00066-000	0
2	0	b83fa829-2019-04-18T16:06:32Z-00000-000	0
2	0	b83fa829-2019-04-18T16:06:32Z-00001-000	0
2	0	b83fa829-2019-04-18T16:06:32Z-00002-000	0
2	0	b83fa829-2019-04-18T16:06:32Z-00003-000	0
2	0	b83fa829-2019-04-18T16:06:32Z-00004-000	0
2	0	b83fa829-2019-04-18T16:06:32Z-00005-000	0
2	0	b8f591f2-2019-04-18T17:23:08Z-00001-000	0
2	0	bcfb9664-2019-04-18T18:59:00Z-00003-000	0
2	0	c062611d-2019-04-18T12:44:42Z-00003-000	0
2	0	c062611d-2019-04-18T12:44:42Z-00004-000	0
2	0	c4355c55-2019-04-18T17:57:19Z-00003-000	0
2	0	c5b75e15-2019-04-18T13:42:58Z-00004-000	0
2	0	c5c7b5a6-2019-04-18T18:56:41Z-00003-000	0
2	0	c5c7b5a6-2019-04-18T18:56:41Z-00004-000	0
2	0	c5c7b5c5-2019-04-18T13:27:00Z-00003-000	0
2	0	c81986ed-2019-04-18T15:29:36Z-00003-000	0
2	0	c81986ed-2019-04-18T15:29:36Z-00004-000	0
2	0	c81986ed-2019-04-18T15:29:36Z-00005-000	0
2	0	c81986ed-2019-04-18T15:29:36Z-00006-000	0
2	0	c81986ed-2019-04-18T15:29:36Z-00009-000	0
2	0	d291cb2f-2019-04-18T11:24:40Z-00002-000	0
2	0	d291cb2f-2019-04-18T11:24:40Z-00003-000	0
2	0	d291cb2f-2019-04-18T11:24:40Z-00004-000	0
2	0	d291cb2f-2019-04-18T11:24:40Z-00005-000	0
2	0	e435a482-2019-04-18T11:12:51Z-00000-000	0
2	0	e435a482-2019-04-18T11:12:51Z-00001-000	1
2	0	e435a482-2019-04-18T11:12:51Z-00002-000	0
2	0	e435a482-2019-04-18T11:12:51Z-00003-000	0
2	0	e435a482-2019-04-18T11:12:51Z-00004-000	0
2	0	e435a482-2019-04-18T11:12:51Z-00005-000	0
2	0	e8f990ec-2019-04-18T11:43:24Z-00001-000	0
2	0	ea49e1d9-2019-04-18T16:19:13Z-00002-000	0
2	0	ebbaf687-2019-04-18T11:45:29Z-00000-000	0
2	0	eef1da7a-2019-04-18T18:52:32Z-00003-000	0
2	0	eef1da7a-2019-04-18T18:52:32Z-00005-000	0
2	0	f77858a3-2019-04-18T18:32:57Z-00003-000	0
2	0	fa7e9c9a-2019-04-18T19:59:47Z-00000-000	0
2	0	fa7e9c9a-2019-04-18T19:59:47Z-00001-000	0
2	0	fa7e9c9a-2019-04-18T19:59:47Z-00002-000	0
2	0	fd247fbe-2019-04-18T16:32:44Z-00001-000	0
2	0	fd54e53a-2019-04-18T15:45:23Z-00000-000	0
20	0	3471caff-2019-04-18T14:09:31Z-00006-000	0
20	0	349509a7-2019-04-18T15:33:27Z-00000-000	0
20	0	349509a7-2019-04-18T15:33:27Z-00001-000	0
20	0	349509a7-2019-04-18T15:33:27Z-00002-000	0
20	0	349509a7-2019-04-18T15:33:27Z-00003-000	0
20	0	349509a7-2019-04-18T15:33:27Z-00004-000	0
20	0	349509a7-2019-04-18T15:33:27Z-00005-000	0
20	0	349509a7-2019-04-18T15:33:27Z-00006-000	1
20	0	38a4d680-2019-04-18T20:01:06Z-00002-000	0
20	0	38a4d680-2019-04-18T20:01:06Z-00003-000	0
20	0	38a4d680-2019-04-18T20:01:06Z-00005-000	0
20	0	3be655b-2019-04-18T15:25:31Z-00001-000	0
20	0	3f566289-2019-04-18T13:21:59Z-00000-000	0
20	0	3f566289-2019-04-18T13:21:59Z-00001-000	0
20	0	3f566289-2019-04-18T13:21:59Z-00002-000	0
20	0	3f566289-2019-04-18T13:21:59Z-00003-000	0
20	0	3f566289-2019-04-18T13:21:59Z-00004-000	0
20	0	3f566289-2019-04-18T13:21:59Z-00005-000	0
20	0	3f566289-2019-04-18T13:21:59Z-00006-000	0
20	0	3f566289-2019-04-18T13:21:59Z-00007-000	0
20	0	3f566289-2019-04-18T13:21:59Z-00008-000	0
20	0	3f566289-2019-04-18T13:21:59Z-00009-000	0
20	0	40eccde7-2019-04-18T15:21:23Z-00001-000	0
20	0	48ae4466-2019-04-18T18:45:18Z-00000-000	0
20	0	48ae4466-2019-04-18T18:45:18Z-00001-000	0
20	0	48ae4466-2019-04-18T18:45:18Z-00002-000	0
20	0	48ae4466-2019-04-18T18:45:18Z-00003-000	0
20	0	53a2843c-2019-04-18T17:59:58Z-00005-000	0
20	0	53a2843c-2019-04-18T17:59:58Z-00007-000	0
20	0	61b1ed2-2019-04-18T12:19:50Z-00000-000	0
20	0	61b1ed2-2019-04-18T12:19:50Z-00003-000	0
20	0	7c2a3a74-2019-04-18T14:50:45Z-00000-000	0
20	0	7c2a3a74-2019-04-18T14:50:45Z-00001-000	0
20	0	7c2a3a74-2019-04-18T14:50:45Z-00002-000	0
20	0	7c2a3a74-2019-04-18T14:50:45Z-00003-000	0
20	0	7c2a3a74-2019-04-18T14:50:45Z-00004-000	0
20	0	7c2a3a74-2019-04-18T14:50:45Z-00005-000	0
20	0	7c7b248b-2019-04-18T15:09:21Z-00003-000	0
20	0	7f37549c-2019-04-18T17:36:23Z-00003-000	0
20	0	82bdc687-2019-04-18T15:10:10Z-00001-000	0
20	0	84da562b-2019-04-18T19:20:50Z-00000-000	0
20	0	84da562b-2019-04-18T19:20:50Z-00001-000	0
20	0	84da562b-2019-04-18T19:20:50Z-00002-000	0
20	0	84da562b-2019-04-18T19:20:50Z-00005-000	0
20	0	84da562b-2019-04-18T19:20:50Z-00006-000	0
20	0	84da562b-2019-04-18T19:20:50Z-00007-000	0
20	0	8668e35f-2019-04-18T13:12:55Z-00002-000	0
20	0	8ab0c1d5-2019-04-18T11:47:23Z-00000-000	0
20	0	8ab0c1d5-2019-04-18T11:47:23Z-00001-000	0
20	0	8ab0c1d5-2019-04-18T11:47:23Z-00002-000	0
20	0	97845105-2019-04-18T14:12:09Z-00001-000	0
20	0	a32f2d93-2019-04-18T18:26:41Z-00004-000	0
20	0	a74d58bd-2019-04-18T15:50:40Z-00000-000	0
20	0	a74d58bd-2019-04-18T15:50:40Z-00001-000	0
20	0	a74d58bd-2019-04-18T15:50:40Z-00002-000	0
20	0	a74d58bd-2019-04-18T15:50:40Z-00003-000	0
20	0	b81e7ad4-2019-04-18T12:32:40Z-00000-000	0
20	0	c2eeacb1-2019-04-18T18:59:19Z-00000-000	0
20	0	c2eeacb1-2019-04-18T18:59:19Z-00001-000	0
20	0	c2eeacb1-2019-04-18T18:59:19Z-00002-000	1
20	0	c2eeacb1-2019-04-18T18:59:19Z-00003-000	0
20	0	c2eeacb1-2019-04-18T18:59:19Z-00004-000	1
20	0	c70591bd-2019-04-17T11:47:43Z-00017-000	0
20	0	c70591bd-2019-04-17T11:47:43Z-00053-000	0
20	0	c7b83259-2019-04-18T12:23:48Z-00001-000	0
20	0	c7f58e-2019-04-19T12:48:05Z-00010-000	0
20	0	ca9fde68-2019-04-18T19:48:18Z-00002-000	0
20	0	ca9fde68-2019-04-18T19:48:18Z-00003-000	0
20	0	ce21fce9-2019-04-18T12:52:34Z-00000-000	0
20	0	ce21fce9-2019-04-18T12:52:34Z-00001-000	1
20	0	ce21fce9-2019-04-18T12:52:34Z-00002-000	1
20	0	ce875d98-2019-04-17T11:47:26Z-00021-000	0
20	0	dabcc311-2019-04-17T11:47:40Z-00085-000	0
20	0	dca446e-2019-04-18T15:10:01Z-00001-000	0
20	0	dca446e-2019-04-18T15:10:01Z-00002-000	0
20	0	dca446e-2019-04-18T15:10:01Z-00005-000	0
20	0	e2d731b-2019-04-18T14:43:52Z-00005-000	0
20	0	ebf02ef3-2019-04-18T12:49:39Z-00000-000	1
20	0	ebf02ef3-2019-04-18T12:49:39Z-00001-000	1
20	0	ebf02ef3-2019-04-18T12:49:39Z-00002-000	0
20	0	ece5e0e4-2019-04-18T18:03:47Z-00000-000	0
20	0	ece5e0e4-2019-04-18T18:03:47Z-00001-000	0
20	0	ece5e0e4-2019-04-18T18:03:47Z-00002-000	0
20	0	ece5e0e4-2019-04-18T18:03:47Z-00003-000	0
20	0	ece5e0e4-2019-04-18T18:03:47Z-00004-000	0
20	0	ece5e0e4-2019-04-18T18:03:47Z-00005-000	0
20	0	ece5e0e4-2019-04-18T18:03:47Z-00006-000	0
20	0	ece5e0e4-2019-04-18T18:03:47Z-00007-000	0
20	0	edc8122b-2019-04-18T15:03:09Z-00000-000	0
20	0	edc8122b-2019-04-18T15:03:09Z-00001-000	0
20	0	edc8122b-2019-04-18T15:03:09Z-00002-000	0
20	0	edc8122b-2019-04-18T15:03:09Z-00003-000	0
20	0	edc8122b-2019-04-18T15:03:09Z-00004-000	0
20	0	edc8122b-2019-04-18T15:03:09Z-00005-000	0
20	0	f0e341f2-2019-04-18T12:13:47Z-00000-000	0
20	0	f63b76cb-2019-04-18T16:55:02Z-00000-000	0
20	0	f63b76cb-2019-04-18T16:55:02Z-00001-000	0
20	0	f63b76cb-2019-04-18T16:55:02Z-00002-000	0
20	0	f63b76cb-2019-04-18T16:55:02Z-00003-000	0
20	0	fd4c46d1-2019-04-18T11:16:26Z-00000-000	0
21	0	10d1d2f8-2019-04-18T12:21:35Z-00000-000	0
21	0	12ea8fac-2019-04-18T18:53:37Z-00000-000	0
21	0	12ea8fac-2019-04-18T18:53:37Z-00004-000	0
21	0	12ea8fac-2019-04-18T18:53:37Z-00005-000	0
21	0	183436dd-2019-04-18T12:34:27Z-00005-000	1
21	0	1896d3f9-2019-04-18T13:41:41Z-00001-000	0
21	0	1896d3f9-2019-04-18T13:41:41Z-00002-000	1
21	0	1896d3f9-2019-04-18T13:41:41Z-00004-000	1
21	0	1f15702f-2019-04-18T18:02:44Z-00005-000	0
21	0	1f15702f-2019-04-18T18:02:44Z-00009-000	1
21	0	1f15704e-2019-04-18T17:53:55Z-00004-000	0
21	0	1f15704e-2019-04-18T17:53:55Z-00007-000	1
21	0	283a7731-2019-04-18T17:35:59Z-00002-000	1
21	0	29d685d9-2019-04-18T13:29:32Z-00002-000	0
21	0	29d685d9-2019-04-18T13:29:32Z-00003-000	1
21	0	29d685d9-2019-04-18T13:29:32Z-00004-000	0
21	0	2b8acaa-2019-04-18T14:19:06Z-00002-000	0
21	0	37b461ed-2019-04-18T19:53:03Z-00004-000	0
21	0	37b461ed-2019-04-18T19:53:03Z-00005-000	1
21	0	422c0992-2019-04-18T18:12:13Z-00005-000	1
21	0	4733bf42-2019-04-18T15:17:57Z-00002-000	0
21	0	4733bf42-2019-04-18T15:17:57Z-00003-000	0
21	0	4733bf42-2019-04-18T15:17:57Z-00005-000	1
21	0	4b594354-2019-04-18T15:15:42Z-00002-000	1
21	0	4b594354-2019-04-18T15:15:42Z-00004-000	1
21	0	4b594354-2019-04-18T15:15:42Z-00006-000	1
21	0	5d920354-2019-04-18T16:11:42Z-00001-000	1
21	0	61b465af-2019-04-18T12:27:15Z-00001-000	0
21	0	61d6604e-2019-04-18T19:59:31Z-00001-000	0
21	0	61d6604e-2019-04-18T19:59:31Z-00003-000	0
21	0	66212ba4-2019-04-18T19:44:16Z-00001-000	0
21	0	66212ba4-2019-04-18T19:44:16Z-00002-000	1
21	0	66212ba4-2019-04-18T19:44:16Z-00003-000	0
21	0	66bd90cb-2019-04-18T18:11:34Z-00004-000	1
21	0	66bd90ea-2019-04-18T18:08:50Z-00007-000	1
21	0	66bd9128-2019-04-18T17:28:46Z-00006-000	1
21	0	67064b1f-2019-04-18T12:27:23Z-00002-000	0
21	0	70f488e3-2019-04-18T14:43:55Z-00003-000	1
21	0	70f488e3-2019-04-18T14:43:55Z-00004-000	0
21	0	70f4897e-2019-04-18T13:23:25Z-00006-000	0
21	0	71f54413-2019-04-18T19:36:05Z-00004-000	1
21	0	71f54413-2019-04-18T19:36:05Z-00005-000	0
21	0	723ea482-2019-04-18T15:56:13Z-00003-000	0
21	0	74fc08ec-2019-04-18T12:32:40Z-00002-000	1
21	0	74fc08ec-2019-04-18T12:32:40Z-00003-000	0
21	0	7852a724-2019-04-18T14:16:39Z-00001-000	0
21	0	7852a724-2019-04-18T14:16:39Z-00002-000	1
21	0	7852a724-2019-04-18T14:16:39Z-00003-000	0
21	0	797b35ea-2019-04-18T14:50:47Z-00002-000	0
21	0	8ff43ff3-2019-04-19T12:45:46Z-00010-000	0
21	0	9416a94c-2019-04-18T19:03:34Z-00003-000	0
21	0	9416a94c-2019-04-18T19:03:34Z-00005-000	0
21	0	96383afe-2019-04-18T17:54:35Z-00008-000	1
21	0	9c07825d-2019-04-18T13:31:03Z-00000-000	0
21	0	9c07825d-2019-04-18T13:31:03Z-00003-000	1
21	0	9c07825d-2019-04-18T13:31:03Z-00004-000	0
21	0	9c07825d-2019-04-18T13:31:03Z-00005-000	1
21	0	9e1451e9-2019-04-18T16:05:01Z-00004-000	1
21	0	a05d84f6-2019-04-15T20:24:47Z-00014-000	0
21	0	a05d84f6-2019-04-15T20:24:47Z-00015-000	1
21	0	a5cb0429-2019-04-18T19:47:04Z-00001-000	0
21	0	a5cb0429-2019-04-18T19:47:04Z-00002-000	1
21	0	a5cb0429-2019-04-18T19:47:04Z-00003-000	0
21	0	a5cb0429-2019-04-18T19:47:04Z-00004-000	1
21	0	a80b0a3-2019-04-18T14:21:27Z-00007-000	1
21	0	aa3d5131-2019-04-18T15:24:35Z-00005-000	0
21	0	ab411006-2019-04-18T19:20:25Z-00009-000	1
21	0	ad1940fe-2019-04-18T13:29:29Z-00005-000	1
21	0	b235f67a-2019-04-18T15:13:16Z-00002-000	0
21	0	b235f67a-2019-04-18T15:13:16Z-00003-000	1
21	0	b567d7fa-2019-04-18T12:55:36Z-00001-000	1
21	0	b58ff37e-2019-04-17T11:47:36Z-00070-000	1
21	0	b58ff37e-2019-04-17T11:47:36Z-00071-000	0
21	0	b58ff37e-2019-04-17T11:47:36Z-00074-000	0
21	0	c09112b2-2019-04-18T14:00:47Z-00000-000	0
21	0	c09112b2-2019-04-18T14:00:47Z-00001-000	1
21	0	c09112b2-2019-04-18T14:00:47Z-00002-000	0
21	0	c09112b2-2019-04-18T14:00:47Z-00003-000	1
21	0	c09112b2-2019-04-18T14:00:47Z-00004-000	0
21	0	c09112b2-2019-04-18T14:00:47Z-00005-000	1
21	0	c09112b2-2019-04-18T14:00:47Z-00006-000	0
21	0	cf5179a4-2019-04-18T14:23:26Z-00004-000	1
21	0	d23f3b88-2019-04-18T19:58:38Z-00002-000	0
21	0	d23f3b88-2019-04-18T19:58:38Z-00003-000	1
21	0	dbed694f-2019-04-18T19:38:35Z-00002-000	1
21	0	ddbc0081-2019-04-18T19:42:12Z-00003-000	0
21	0	ddbc0081-2019-04-18T19:42:12Z-00004-000	1
21	0	e505d905-2019-04-18T16:03:11Z-00004-000	0
21	0	e505d905-2019-04-18T16:03:11Z-00005-000	1
21	0	e75e308d-2019-04-18T18:04:28Z-00003-000	1
21	0	ece6b339-2019-04-18T19:37:59Z-00001-000	1
21	0	f16410ab-2019-04-18T18:01:25Z-00000-000	1
21	0	f16410ab-2019-04-18T18:01:25Z-00002-000	1
21	0	f16410ab-2019-04-18T18:01:25Z-00004-000	1
21	0	f600de9a-2019-04-18T20:00:34Z-00003-000	0
21	0	fb47c4dc-2019-04-18T18:05:44Z-00002-000	0
21	0	fb47c4dc-2019-04-18T18:05:44Z-00003-000	1
21	0	fb47c4dc-2019-04-18T18:05:44Z-00004-000	0
21	0	fb47c4dc-2019-04-18T18:05:44Z-00005-000	1
21	0	fde913a8-2019-04-18T19:39:14Z-00002-000	0
22	0	1928f89c-2019-04-18T17:09:14Z-00004-000	0
22	0	3b38021e-2019-04-18T11:38:27Z-00000-000	0
22	0	3b38021e-2019-04-18T11:38:27Z-00001-000	1
22	0	3c5b3139-2019-04-15T20:22:23Z-00004-000	0
22	0	3c5b3139-2019-04-15T20:22:23Z-00005-000	0
22	0	3dc15a15-2019-04-18T17:31:16Z-00005-000	0
22	0	402902df-2019-04-17T11:47:31Z-00000-000	0
22	0	402902df-2019-04-17T11:47:31Z-00001-000	0
22	0	402902df-2019-04-17T11:47:31Z-00002-000	1
22	0	402902df-2019-04-17T11:47:31Z-00003-000	0
22	0	402902df-2019-04-17T11:47:31Z-00004-000	0
22	0	402902df-2019-04-17T11:47:31Z-00005-000	0
22	0	402902df-2019-04-17T11:47:31Z-00006-000	0
22	0	402902df-2019-04-17T11:47:31Z-00007-000	0
22	0	402902df-2019-04-17T11:47:31Z-00008-000	0
22	0	402902df-2019-04-17T11:47:31Z-00009-000	0
22	0	402902df-2019-04-17T11:47:31Z-00010-000	0
22	0	402902df-2019-04-17T11:47:31Z-00011-000	0
22	0	402902df-2019-04-17T11:47:31Z-00012-000	0
22	0	402902df-2019-04-17T11:47:31Z-00013-000	0
22	0	402902df-2019-04-17T11:47:31Z-00014-000	1
22	0	402902df-2019-04-17T11:47:31Z-00015-000	0
22	0	402902df-2019-04-17T11:47:31Z-00016-000	0
22	0	402902df-2019-04-17T11:47:31Z-00017-000	0
22	0	402902df-2019-04-17T11:47:31Z-00018-000	0
22	0	402902df-2019-04-17T11:47:31Z-00019-000	0
22	0	402902df-2019-04-17T11:47:31Z-00020-000	0
22	0	402902df-2019-04-17T11:47:31Z-00021-000	0
22	0	402902df-2019-04-17T11:47:31Z-00022-000	0
22	0	402902df-2019-04-17T11:47:31Z-00023-000	0
22	0	402902df-2019-04-17T11:47:31Z-00024-000	0
22	0	402902df-2019-04-17T11:47:31Z-00025-000	0
22	0	402902df-2019-04-17T11:47:31Z-00026-000	0
22	0	402902df-2019-04-17T11:47:31Z-00027-000	0
22	0	402902df-2019-04-17T11:47:31Z-00028-000	0
22	0	402902df-2019-04-17T11:47:31Z-00029-000	0
22	0	402902df-2019-04-17T11:47:31Z-00030-000	0
22	0	402902df-2019-04-17T11:47:31Z-00031-000	0
22	0	402902df-2019-04-17T11:47:31Z-00032-000	0
22	0	402902df-2019-04-17T11:47:31Z-00033-000	1
22	0	402902df-2019-04-17T11:47:31Z-00034-000	1
22	0	402902df-2019-04-17T11:47:31Z-00035-000	0
22	0	402902df-2019-04-17T11:47:31Z-00036-000	0
22	0	402902df-2019-04-17T11:47:31Z-00037-000	1
22	0	402902df-2019-04-17T11:47:31Z-00038-000	1
22	0	402902df-2019-04-17T11:47:31Z-00039-000	0
22	0	402902df-2019-04-17T11:47:31Z-00042-000	0
22	0	402902df-2019-04-17T11:47:31Z-00045-000	0
22	0	402902df-2019-04-17T11:47:31Z-00046-000	0
22	0	402902df-2019-04-17T11:47:31Z-00047-000	0
22	0	402902df-2019-04-17T11:47:31Z-00048-000	0
22	0	402902df-2019-04-17T11:47:31Z-00050-000	1
22	0	402902df-2019-04-17T11:47:31Z-00051-000	0
22	0	402902df-2019-04-17T11:47:31Z-00052-000	0
22	0	402902df-2019-04-17T11:47:31Z-00053-000	0
22	0	402902df-2019-04-17T11:47:31Z-00054-000	0
22	0	402902df-2019-04-17T11:47:31Z-00055-000	0
22	0	402902df-2019-04-17T11:47:31Z-00057-000	1
22	0	402902df-2019-04-17T11:47:31Z-00059-000	1
22	0	402902df-2019-04-17T11:47:31Z-00060-000	0
22	0	402902df-2019-04-17T11:47:31Z-00062-000	0
22	0	402902df-2019-04-17T11:47:31Z-00063-000	0
22	0	402902df-2019-04-17T11:47:31Z-00064-000	0
22	0	402902df-2019-04-17T11:47:31Z-00066-000	0
22	0	402902df-2019-04-17T11:47:31Z-00069-000	0
22	0	402902df-2019-04-17T11:47:31Z-00070-000	0
22	0	6cca92f3-2019-04-18T19:16:36Z-00006-000	0
22	0	6d80da78-2019-04-18T16:47:39Z-00002-000	0
22	0	71d8bac1-2019-04-18T17:26:47Z-00001-000	0
22	0	74054f75-2019-04-18T16:54:56Z-00005-000	1
22	0	8aaee538-2019-04-17T11:47:26Z-00069-000	0
22	0	8d325e50-2019-04-15T20:22:20Z-00000-000	0
22	0	8d325e50-2019-04-15T20:22:20Z-00001-000	1
22	0	8d325e50-2019-04-15T20:22:20Z-00002-000	0
22	0	8d325e50-2019-04-15T20:22:20Z-00003-000	1
22	0	8d325e50-2019-04-15T20:22:20Z-00004-000	0
22	0	8d325e50-2019-04-15T20:22:20Z-00005-000	1
22	0	8d325e50-2019-04-15T20:22:20Z-00006-000	0
22	0	8d325e50-2019-04-15T20:22:20Z-00007-000	1
22	0	8d325e50-2019-04-15T20:22:20Z-00008-000	0
22	0	8d325e50-2019-04-15T20:22:20Z-00009-000	1
22	0	8d325e50-2019-04-15T20:22:20Z-00010-000	0
22	0	8d325e50-2019-04-15T20:22:20Z-00011-000	1
22	0	8d325e50-2019-04-15T20:22:20Z-00012-000	1
22	0	8d325e50-2019-04-15T20:22:20Z-00013-000	0
22	0	8d325e50-2019-04-15T20:22:20Z-00014-000	1
22	0	8d325e50-2019-04-15T20:22:20Z-00015-000	0
22	0	8d325e50-2019-04-15T20:22:20Z-00017-000	0
22	0	8f77a64e-2019-04-18T17:07:37Z-00000-000	0
22	0	8f77a64e-2019-04-18T17:07:37Z-00002-000	0
22	0	8f77a64e-2019-04-18T17:07:37Z-00003-000	0
22	0	95d75426-2019-04-18T17:15:19Z-00002-000	0
22	0	a8b3ad91-2019-04-18T18:40:00Z-00006-000	0
22	0	a9ca9e97-2019-04-17T11:47:19Z-00039-000	1
22	0	bcdf1d5e-2019-04-18T19:59:53Z-00000-000	0
22	0	bcdf1d5e-2019-04-18T19:59:53Z-00001-000	0
22	0	be07bde7-2019-04-18T15:48:22Z-00005-000	0
22	0	c63a5a63-2019-04-18T19:29:06Z-00004-000	0
22	0	da1af4bd-2019-04-18T11:43:02Z-00001-000	0
22	0	df3df8f2-2019-04-18T12:26:13Z-00001-000	1
23	0	114892b1-2019-04-18T11:52:47Z-00006-000	0
23	0	1e884b3e-2019-04-18T16:53:19Z-00003-000	0
23	0	1e884b3e-2019-04-18T16:53:19Z-00004-000	1
23	0	1e884b3e-2019-04-18T16:53:19Z-00005-000	0
23	0	1e884b3e-2019-04-18T16:53:19Z-00006-000	1
23	0	25dc8ac6-2019-04-18T19:24:09Z-00004-000	1
23	0	2782977f-2019-04-18T13:34:32Z-00006-000	1
23	0	29343e58-2019-04-18T12:48:29Z-00001-000	1
23	0	294713ae-2019-04-18T15:54:26Z-00001-000	1
23	0	294713ae-2019-04-18T15:54:26Z-00005-000	1
23	0	2a7a3797-2019-04-18T18:16:06Z-00001-000	1
23	0	2a7a3797-2019-04-18T18:16:06Z-00003-000	1
23	0	2a7a37f4-2019-04-18T16:54:34Z-00002-000	0
23	0	2a7a37f4-2019-04-18T16:54:34Z-00004-000	0
23	0	2a7a37f4-2019-04-18T16:54:34Z-00005-000	1
23	0	2a7a3832-2019-04-18T14:51:38Z-00005-000	1
23	0	2a7a3832-2019-04-18T14:51:38Z-00007-000	1
23	0	2d207525-2019-04-18T19:36:31Z-00003-000	1
23	0	2d207525-2019-04-18T19:36:31Z-00004-000	1
23	0	311e5749-2019-04-18T11:43:57Z-00005-000	1
23	0	32c18ac6-2019-04-18T12:19:10Z-00005-000	1
23	0	3fcde3d5-2019-04-18T19:24:36Z-00009-000	1
23	0	41ed75c9-2019-04-18T13:41:02Z-00002-000	1
23	0	41ed75c9-2019-04-18T13:41:02Z-00003-000	1
23	0	4487af89-2019-04-18T17:22:01Z-00000-000	0
23	0	4487af89-2019-04-18T17:22:01Z-00003-000	1
23	0	4f51142c-2019-04-18T15:23:59Z-00000-000	0
23	0	4f51142c-2019-04-18T15:23:59Z-00001-000	0
23	0	4f51142c-2019-04-18T15:23:59Z-00004-000	1
23	0	4f51142c-2019-04-18T15:23:59Z-00005-000	0
23	0	4f51142c-2019-04-18T15:23:59Z-00006-000	1
23	0	4f51142c-2019-04-18T15:23:59Z-00007-000	0
23	0	638e3853-2019-04-18T15:18:33Z-00003-000	1
23	0	6626ac2e-2019-04-18T13:30:40Z-00001-000	1
23	0	6626ac2e-2019-04-18T13:30:40Z-00005-000	1
23	0	6626ac2e-2019-04-18T13:30:40Z-00006-000	0
23	0	6626ac2e-2019-04-18T13:30:40Z-00007-000	1
23	0	668509e3-2019-04-18T19:24:49Z-00002-000	1
23	0	668509e3-2019-04-18T19:24:49Z-00003-000	0
23	0	668509e3-2019-04-18T19:24:49Z-00004-000	1
23	0	668509e3-2019-04-18T19:24:49Z-00005-000	1
23	0	668509e3-2019-04-18T19:24:49Z-00006-000	1
23	0	6985a2da-2019-04-18T19:09:38Z-00002-000	1
23	0	6dbd1f79-2019-04-18T16:49:50Z-00005-000	0
23	0	6dbd1f79-2019-04-18T16:49:50Z-00008-000	1
23	0	7301aafd-2019-04-18T14:11:51Z-00005-000	1
23	0	7301ab1c-2019-04-18T14:05:34Z-00004-000	1
23	0	7d51d9aa-2019-04-18T16:21:24Z-00006-000	0
23	0	7d751371-2019-04-18T18:44:43Z-00004-000	0
23	0	7dba56a5-2019-04-18T12:15:17Z-00000-000	0
23	0	7dba56a5-2019-04-18T12:15:17Z-00002-000	0
23	0	7dba56a5-2019-04-18T12:15:17Z-00003-000	1
23	0	84a6fafa-2019-04-18T14:47:38Z-00003-000	1
23	0	84a6fafa-2019-04-18T14:47:38Z-00004-000	1
23	0	88e3525b-2019-04-18T18:52:58Z-00009-000	1
23	0	8fd1156e-2019-04-18T19:09:00Z-00003-000	0
23	0	9230094f-2019-04-18T14:30:38Z-00001-000	0
23	0	9230094f-2019-04-18T14:30:38Z-00002-000	0
23	0	9230094f-2019-04-18T14:30:38Z-00004-000	0
23	0	9386df88-2019-04-18T17:16:33Z-00005-000	1
23	0	9386e349-2019-04-18T16:54:59Z-00004-000	1
23	0	9386e729-2019-04-18T16:05:14Z-00005-000	1
23	0	9386ee6d-2019-04-18T15:04:34Z-00002-000	1
23	0	9386f26c-2019-04-18T13:35:08Z-00003-000	1
23	0	9386f592-2019-04-18T12:46:22Z-00000-000	0
23	0	94c429fc-2019-04-18T15:58:07Z-00003-000	1
23	0	950a295-2019-04-18T15:44:41Z-00006-000	1
23	0	950a295-2019-04-18T15:44:41Z-00007-000	1
23	0	9f12f501-2019-04-18T19:55:28Z-00001-000	1
23	0	9f12f501-2019-04-18T19:55:28Z-00004-000	0
23	0	9f12f501-2019-04-18T19:55:28Z-00005-000	1
23	0	9fa39f2d-2019-04-18T16:43:29Z-00008-000	1
23	0	b280a10e-2019-04-18T11:35:31Z-00002-000	0
23	0	b280a10e-2019-04-18T11:35:31Z-00004-000	1
23	0	ba1566fe-2019-04-18T15:13:06Z-00008-000	0
23	0	bbce1e09-2019-04-18T15:28:32Z-00001-000	1
23	0	bdcebe60-2019-04-18T13:07:00Z-00000-000	0
23	0	bdcebe60-2019-04-18T13:07:00Z-00002-000	0
23	0	c8970382-2019-04-18T12:54:41Z-00005-000	1
23	0	c8f72601-2019-04-18T15:27:47Z-00004-000	1
23	0	d1a9845d-2019-04-18T16:38:29Z-00004-000	1
23	0	d695a71e-2019-04-18T18:29:18Z-00003-000	1
23	0	d80382e8-2019-04-18T15:28:06Z-00003-000	1
23	0	dccf7263-2019-04-18T16:52:37Z-00001-000	0
23	0	dccf7263-2019-04-18T16:52:37Z-00004-000	1
23	0	ddc4d7ee-2019-04-18T18:45:23Z-00002-000	0
23	0	e21a5046-2019-04-18T15:14:26Z-00000-000	1
23	0	e21a5046-2019-04-18T15:14:26Z-00002-000	0
23	0	e21a5065-2019-04-18T15:14:34Z-00004-000	0
23	0	e21a5065-2019-04-18T15:14:34Z-00005-000	1
23	0	e21a5084-2019-04-18T12:37:53Z-00002-000	1
23	0	e21a50a3-2019-04-18T12:16:45Z-00001-000	1
23	0	e21a50a3-2019-04-18T12:16:45Z-00002-000	1
23	0	e21a50a3-2019-04-18T12:16:45Z-00003-000	1
23	0	e5dc1bba-2019-04-18T12:13:21Z-00002-000	1
23	0	faec40a-2019-04-18T15:15:24Z-00005-000	1
23	0	fb69d67d-2019-04-18T17:20:55Z-00004-000	1
23	0	fbc5207f-2019-04-18T17:32:39Z-00004-000	1
23	0	fd123096-2019-04-18T17:20:32Z-00002-000	1
23	0	fe13b6d0-2019-04-18T17:15:38Z-00005-000	0
24	0	122c8a75-2019-04-18T18:16:37Z-00002-000	0
24	0	137919fb-2019-04-18T17:51:50Z-00004-000	0
24	0	2131c836-2019-04-18T12:42:05Z-00002-000	0
24	0	2131c836-2019-04-18T12:42:05Z-00003-000	0
24	0	217e4b71-2019-04-19T12:46:16Z-00011-000	0
24	0	21b3bfec-2019-04-18T15:16:46Z-00003-000	0
24	0	29a590aa-2019-04-18T19:27:23Z-00005-000	0
24	0	2c183942-2019-04-18T16:35:26Z-00001-000	0
24	0	2c183942-2019-04-18T16:35:26Z-00003-000	0
24	0	2c183942-2019-04-18T16:35:26Z-00004-000	0
24	0	2c183942-2019-04-18T16:35:26Z-00006-000	0
24	0	2de2f8b-2019-04-18T19:24:00Z-00007-000	0
24	0	35c1b265-2019-04-18T14:23:30Z-00001-000	0
24	0	35c1b265-2019-04-18T14:23:30Z-00006-000	0
24	0	35c1b265-2019-04-18T14:23:30Z-00009-000	0
24	0	3af97b-2019-04-18T18:41:17Z-00000-000	0
24	0	3af97b-2019-04-18T18:41:17Z-00002-000	0
24	0	3b46eaaf-2019-04-18T16:12:59Z-00002-000	0
24	0	3b46eaaf-2019-04-18T16:12:59Z-00003-000	0
24	0	3b46eaaf-2019-04-18T16:12:59Z-00004-000	0
24	0	413eb840-2019-04-19T12:45:04Z-00019-000	0
24	0	41ae7225-2019-04-15T20:22:54Z-00006-000	0
24	0	42f71650-2019-04-18T16:16:31Z-00003-000	0
24	0	442da727-2019-04-15T20:22:50Z-00013-000	0
24	0	4531b787-2019-04-18T18:37:54Z-00007-000	0
24	0	4688fcc6-2019-04-18T14:43:50Z-00004-000	0
24	0	4688fcc6-2019-04-18T14:43:50Z-00005-000	0
24	0	4688fcc6-2019-04-18T14:43:50Z-00007-000	0
24	0	46e96378-2019-04-17T11:47:47Z-00039-000	0
24	0	4aa1f178-2019-04-18T12:47:06Z-00000-000	0
24	0	4cd87808-2019-04-18T17:29:44Z-00000-000	0
24	0	4cd87808-2019-04-18T17:29:44Z-00001-000	0
24	0	4cd87808-2019-04-18T17:29:44Z-00002-000	0
24	0	4cd87808-2019-04-18T17:29:44Z-00003-000	0
24	0	5993a6ac-2019-04-18T16:46:48Z-00008-000	0
24	0	5c336b56-2019-04-18T14:30:50Z-00000-000	0
24	0	5c336b56-2019-04-18T14:30:50Z-00001-000	1
24	0	5c336b56-2019-04-18T14:30:50Z-00002-000	0
24	0	5c336b56-2019-04-18T14:30:50Z-00003-000	0
24	0	5c336b56-2019-04-18T14:30:50Z-00004-000	0
24	0	5c336b56-2019-04-18T14:30:50Z-00005-000	1
24	0	5c336b56-2019-04-18T14:30:50Z-00006-000	0
24	0	5ec4ecb3-2019-04-18T18:41:04Z-00002-000	0
24	0	5ec4ecb3-2019-04-18T18:41:04Z-00003-000	0
24	0	5ec4ecb3-2019-04-18T18:41:04Z-00004-000	0
24	0	610acc43-2019-04-18T14:48:09Z-00001-000	0
24	0	610acc43-2019-04-18T14:48:09Z-00002-000	0
24	0	63cad73d-2019-04-17T11:47:24Z-00044-000	0
24	0	6b8ee15-2019-04-19T12:45:29Z-00011-000	0
24	0	70ffe88-2019-04-17T11:47:25Z-00119-000	1
24	0	72004c60-2019-04-18T13:30:24Z-00001-000	0
24	0	7a272734-2019-04-18T17:24:53Z-00004-000	0
24	0	7a4698ab-2019-04-18T16:31:39Z-00007-000	0
24	0	7af1d731-2019-04-18T13:35:26Z-00004-000	0
24	0	825c062c-2019-04-18T18:50:04Z-00001-000	0
24	0	825c062c-2019-04-18T18:50:04Z-00002-000	0
24	0	825c062c-2019-04-18T18:50:04Z-00003-000	0
24	0	825c062c-2019-04-18T18:50:04Z-00004-000	0
24	0	825c062c-2019-04-18T18:50:04Z-00005-000	0
24	0	876f4fd6-2019-04-18T17:24:41Z-00007-000	0
24	0	876f4fd6-2019-04-18T17:24:41Z-00009-000	0
24	0	884e356b-2019-04-18T19:47:21Z-00005-000	0
24	0	8b2eaf6e-2019-04-15T20:22:54Z-00016-000	0
24	0	9c51f1b0-2019-04-18T18:53:53Z-00003-000	0
24	0	a01e51a9-2019-04-18T16:36:28Z-00000-000	0
24	0	a01e51a9-2019-04-18T16:36:28Z-00002-000	0
24	0	a01e51a9-2019-04-18T16:36:28Z-00003-000	0
24	0	a1064dfa-2019-04-18T15:49:04Z-00001-000	0
24	0	a1064dfa-2019-04-18T15:49:04Z-00003-000	1
24	0	a1064dfa-2019-04-18T15:49:04Z-00005-000	1
24	0	a44baae-2019-04-18T17:58:49Z-00002-000	0
24	0	a5f5b5ee-2019-04-18T18:04:11Z-00003-000	0
24	0	b50e5709-2019-04-18T15:46:32Z-00001-000	0
24	0	ba23bc61-2019-04-18T16:33:13Z-00000-000	0
24	0	bf178f17-2019-04-18T19:41:46Z-00003-000	0
24	0	bf4f19d7-2019-04-18T18:29:38Z-00007-000	0
24	0	bf86583-2019-04-18T18:37:59Z-00000-000	0
24	0	c608ddc9-2019-04-19T12:47:36Z-00020-000	0
24	0	cc898157-2019-04-18T11:47:45Z-00003-000	0
24	0	cc95487f-2019-04-15T20:22:50Z-00008-000	0
24	0	cc95487f-2019-04-15T20:22:50Z-00009-000	0
24	0	cc95487f-2019-04-15T20:22:50Z-00010-000	0
24	0	cc95487f-2019-04-15T20:22:50Z-00011-000	0
24	0	cc95487f-2019-04-15T20:22:50Z-00016-000	0
24	0	d681ff4e-2019-04-18T11:51:12Z-00000-000	0
24	0	d7aa69c4-2019-04-18T16:31:03Z-00003-000	0
24	0	ddb9f050-2019-04-18T11:59:07Z-00001-000	0
24	0	de0bb8bf-2019-04-18T19:32:59Z-00004-000	0
24	0	e0e36c38-2019-04-18T13:31:30Z-00005-000	0
24	0	e217042b-2019-04-18T18:38:21Z-00004-000	0
24	0	e3fe80a5-2019-04-17T11:47:19Z-00032-000	0
24	0	e3fe80a5-2019-04-17T11:47:19Z-00034-000	0
24	0	e3fe80a5-2019-04-17T11:47:19Z-00042-000	0
24	0	e9656a54-2019-04-18T11:36:11Z-00002-000	0
24	0	ea7f6323-2019-04-18T15:24:37Z-00005-000	0
24	0	f008727a-2019-04-18T16:05:36Z-00001-000	0
24	0	f536e531-2019-04-18T18:43:52Z-00005-000	0
24	0	f9e149b9-2019-04-15T20:22:51Z-00006-000	0
24	0	f9e149b9-2019-04-15T20:22:51Z-00015-000	0
24	0	ffb8146b-2019-04-18T16:31:52Z-00007-000	0
26	0	168a23bf-2019-04-18T19:18:32Z-00005-000	1
26	0	168a23bf-2019-04-18T19:18:32Z-00006-000	1
26	0	215c5d68-2019-04-18T13:01:38Z-00000-000	1
26	0	259f65bb-2019-04-15T20:24:15Z-00010-000	0
26	0	288c2167-2019-04-18T13:45:09Z-00000-000	1
26	0	2b8b982c-2019-04-18T11:40:15Z-00000-000	1
26	0	2e0cb8e2-2019-04-18T12:27:23Z-00001-000	0
26	0	372ca988-2019-04-18T19:00:37Z-00003-000	0
26	0	372ca988-2019-04-18T19:00:37Z-00004-000	0
26	0	40f19507-2019-04-17T11:47:33Z-00065-000	0
26	0	40f19507-2019-04-17T11:47:33Z-00066-000	0
26	0	40f19507-2019-04-17T11:47:33Z-00070-000	0
26	0	440fb971-2019-04-18T17:06:22Z-00001-000	1
26	0	440fb971-2019-04-18T17:06:22Z-00003-000	1
26	0	440fb971-2019-04-18T17:06:22Z-00005-000	0
26	0	440fb971-2019-04-18T17:06:22Z-00007-000	0
26	0	440fb971-2019-04-18T17:06:22Z-00008-000	1
26	0	440fb971-2019-04-18T17:06:22Z-00009-000	0
26	0	4ab880b6-2019-04-18T18:55:30Z-00003-000	0
26	0	4e2b4436-2019-04-18T16:47:41Z-00002-000	0
26	0	51fb112a-2019-04-18T13:44:40Z-00001-000	1
26	0	6cfd1c53-2019-04-18T14:30:12Z-00003-000	1
26	0	7182eb4d-2019-04-18T19:07:15Z-00002-000	1
26	0	7182eb4d-2019-04-18T19:07:15Z-00003-000	1
26	0	71e51e54-2019-04-18T17:40:28Z-00004-000	0
26	0	828c21ed-2019-04-18T14:35:36Z-00004-000	1
26	0	828c21ed-2019-04-18T14:35:36Z-00005-000	1
26	0	828c220c-2019-04-18T14:36:05Z-00000-000	0
26	0	828c220c-2019-04-18T14:36:05Z-00005-000	1
26	0	8703c5ca-2019-04-18T16:10:43Z-00000-000	1
26	0	8703c5ca-2019-04-18T16:10:43Z-00001-000	1
26	0	8703c5ca-2019-04-18T16:10:43Z-00002-000	0
26	0	8703c5ca-2019-04-18T16:10:43Z-00003-000	0
26	0	8703c5ca-2019-04-18T16:10:43Z-00004-000	1
26	0	8703c5ca-2019-04-18T16:10:43Z-00005-000	0
26	0	8ed1a49-2019-04-18T19:10:33Z-00003-000	0
26	0	8ed1a49-2019-04-18T19:10:33Z-00004-000	0
26	0	9168d27e-2019-04-18T15:43:14Z-00001-000	0
26	0	952e7fd8-2019-04-18T18:59:54Z-00000-000	1
26	0	952e7fd8-2019-04-18T18:59:54Z-00002-000	1
26	0	952e7fd8-2019-04-18T18:59:54Z-00004-000	1
26	0	952e7fd8-2019-04-18T18:59:54Z-00006-000	1
26	0	961ba92b-2019-04-18T15:54:26Z-00004-000	0
26	0	961ba94a-2019-04-18T15:54:06Z-00002-000	1
26	0	961ba94a-2019-04-18T15:54:06Z-00003-000	0
26	0	97409bf1-2019-04-18T14:11:04Z-00000-000	1
26	0	97409bf1-2019-04-18T14:11:04Z-00001-000	0
26	0	97409bf1-2019-04-18T14:11:04Z-00002-000	1
26	0	9bab90c3-2019-04-18T17:06:03Z-00000-000	1
26	0	9bab90c3-2019-04-18T17:06:03Z-00001-000	1
26	0	9d3f621-2019-04-18T17:05:53Z-00000-000	0
26	0	9d3f621-2019-04-18T17:05:53Z-00004-000	1
26	0	a331003f-2019-04-18T14:04:49Z-00001-000	0
26	0	a331003f-2019-04-18T14:04:49Z-00002-000	0
26	0	a331003f-2019-04-18T14:04:49Z-00003-000	0
26	0	a331003f-2019-04-18T14:04:49Z-00004-000	1
26	0	a331003f-2019-04-18T14:04:49Z-00005-000	1
26	0	a3eb04e5-2019-04-18T16:10:36Z-00004-000	1
26	0	ab3b5048-2019-04-18T14:01:05Z-00000-000	1
26	0	ab3b5048-2019-04-18T14:01:05Z-00001-000	1
26	0	ab3b5048-2019-04-18T14:01:05Z-00003-000	0
26	0	ab3b5048-2019-04-18T14:01:05Z-00004-000	0
26	0	ab3b5048-2019-04-18T14:01:05Z-00005-000	0
26	0	ab3b5048-2019-04-18T14:01:05Z-00006-000	1
26	0	ab3b5048-2019-04-18T14:01:05Z-00007-000	0
26	0	ab3b5067-2019-04-18T14:00:59Z-00000-000	0
26	0	ab3b5067-2019-04-18T14:00:59Z-00006-000	0
26	0	ab3b5067-2019-04-18T14:00:59Z-00007-000	0
26	0	b715aa5e-2019-04-18T19:17:55Z-00004-000	0
26	0	b760073d-2019-04-18T17:08:38Z-00000-000	0
26	0	b760073d-2019-04-18T17:08:38Z-00002-000	0
26	0	b760075c-2019-04-18T17:06:45Z-00001-000	0
26	0	b760075c-2019-04-18T17:06:45Z-00002-000	0
26	0	b760075c-2019-04-18T17:06:45Z-00003-000	1
26	0	b760077b-2019-04-18T13:01:46Z-00000-000	1
26	0	b760077b-2019-04-18T13:01:46Z-00001-000	0
26	0	b760077b-2019-04-18T13:01:46Z-00002-000	0
26	0	b760077b-2019-04-18T13:01:46Z-00003-000	1
26	0	da13af75-2019-04-18T19:16:49Z-00001-000	0
26	0	da13af75-2019-04-18T19:16:49Z-00003-000	1
26	0	da13af75-2019-04-18T19:16:49Z-00004-000	0
26	0	db293567-2019-04-18T12:00:16Z-00000-000	1
26	0	dc4d2564-2019-04-18T13:57:13Z-00000-000	0
26	0	dc4d2564-2019-04-18T13:57:13Z-00002-000	0
26	0	dc4d2564-2019-04-18T13:57:13Z-00003-000	0
26	0	dc4d2564-2019-04-18T13:57:13Z-00004-000	0
26	0	e4d12b1a-2019-04-18T13:55:40Z-00003-000	0
26	0	e5182312-2019-04-18T19:16:34Z-00003-000	1
26	0	e79cf3ec-2019-04-18T13:51:09Z-00002-000	0
26	0	e79cf3ec-2019-04-18T13:51:09Z-00003-000	1
26	0	eb991d36-2019-04-15T20:24:15Z-00005-000	0
26	0	eb991d36-2019-04-15T20:24:15Z-00018-000	1
26	0	eb991d36-2019-04-15T20:24:15Z-00019-000	0
26	0	eb991d36-2019-04-15T20:24:15Z-00025-000	1
26	0	fc1e411a-2019-04-18T17:05:30Z-00001-000	0
26	0	fd3c1a15-2019-04-18T14:07:33Z-00000-000	0
26	0	fd3c1a15-2019-04-18T14:07:33Z-00001-000	1
26	0	ffd7fc64-2019-04-18T13:35:20Z-00001-000	1
26	0	ffd7fc64-2019-04-18T13:35:20Z-00002-000	1
26	0	ffd7fc64-2019-04-18T13:35:20Z-00003-000	0
27	0	12fc6c09-2019-04-18T13:30:20Z-00004-000	1
27	0	13966fe3-2019-04-18T12:08:09Z-00005-000	1
27	0	181cc311-2019-04-18T19:28:45Z-00001-000	1
27	0	18fe5038-2019-04-18T11:50:24Z-00007-000	0
27	0	220ad58c-2019-04-18T12:53:30Z-00002-000	1
27	0	220ad58c-2019-04-18T12:53:30Z-00003-000	1
27	0	22222c8b-2019-04-18T17:32:10Z-00002-000	0
27	0	22222c8b-2019-04-18T17:32:10Z-00004-000	0
27	0	22f13602-2019-04-18T11:49:18Z-00001-000	0
27	0	26b87b4d-2019-04-18T14:11:38Z-00001-000	1
27	0	3845a876-2019-04-18T15:34:35Z-00003-000	1
27	0	38cc7420-2019-04-18T17:34:32Z-00005-000	1
27	0	3a2ea41b-2019-04-18T11:43:16Z-00000-000	1
27	0	3a2ea41b-2019-04-18T11:43:16Z-00001-000	0
27	0	3c91b0d8-2019-04-18T12:50:09Z-00000-000	1
27	0	3c91b0d8-2019-04-18T12:50:09Z-00001-000	1
27	0	3dc74951-2019-04-18T12:37:41Z-00005-000	0
27	0	42af831b-2019-04-18T19:42:13Z-00005-000	0
27	0	4b3ceaeb-2019-04-18T19:55:22Z-00004-000	1
27	0	56e1b675-2019-04-18T17:54:00Z-00003-000	1
27	0	579ea5ea-2019-04-18T20:00:09Z-00004-000	1
27	0	5b342d86-2019-04-18T14:39:19Z-00003-000	1
27	0	5b342d86-2019-04-18T14:39:19Z-00004-000	1
27	0	622002e-2019-04-18T15:10:57Z-00002-000	0
27	0	622002e-2019-04-18T15:10:57Z-00004-000	1
27	0	63a919c3-2019-04-18T14:40:18Z-00004-000	1
27	0	63a919c3-2019-04-18T14:40:18Z-00005-000	1
27	0	63a919e2-2019-04-18T14:36:09Z-00004-000	1
27	0	63a919e2-2019-04-18T14:36:09Z-00005-000	1
27	0	6b19ced-2019-04-18T16:55:34Z-00005-000	1
27	0	6cb47fec-2019-04-18T16:52:16Z-00003-000	0
27	0	6cb47fec-2019-04-18T16:52:16Z-00004-000	1
27	0	70e17380-2019-04-18T16:06:30Z-00002-000	1
27	0	70e17380-2019-04-18T16:06:30Z-00004-000	1
27	0	7525390b-2019-04-18T13:30:35Z-00004-000	1
27	0	810cf76c-2019-04-18T11:37:56Z-00000-000	0
27	0	810cf76c-2019-04-18T11:37:56Z-00001-000	1
27	0	810cf76c-2019-04-18T11:37:56Z-00002-000	0
27	0	89d3a882-2019-04-18T14:48:17Z-00005-000	1
27	0	8bd7f617-2019-04-18T16:43:06Z-00001-000	1
27	0	8c4d2ba1-2019-04-18T18:15:06Z-00004-000	1
27	0	8dcb5f4-2019-04-18T11:44:04Z-00001-000	0
27	0	8dfe56c7-2019-04-18T18:49:50Z-00003-000	0
27	0	90dc2530-2019-04-18T20:02:12Z-00006-000	1
27	0	90dc256e-2019-04-18T16:43:44Z-00005-000	1
27	0	90dc25ac-2019-04-18T12:51:05Z-00002-000	1
27	0	934989d9-2019-04-18T11:38:17Z-00000-000	1
27	0	934989d9-2019-04-18T11:38:17Z-00001-000	1
27	0	93d0d2a6-2019-04-18T17:51:46Z-00004-000	0
27	0	93e44982-2019-04-18T17:37:53Z-00005-000	0
27	0	94f33e11-2019-04-18T11:19:38Z-00001-000	1
27	0	9c3617c3-2019-04-18T17:45:22Z-00000-000	0
27	0	9c3617c3-2019-04-18T17:45:22Z-00002-000	1
27	0	9c361ba3-2019-04-18T17:35:49Z-00004-000	1
27	0	9c3627bf-2019-04-18T16:33:08Z-00004-000	1
27	0	9c362ee4-2019-04-18T16:02:18Z-00005-000	1
27	0	9e3e2e75-2019-04-18T19:50:01Z-00000-000	0
27	0	9e3e2e75-2019-04-18T19:50:01Z-00003-000	1
27	0	9e3e2e75-2019-04-18T19:50:01Z-00004-000	1
27	0	a2eaad4e-2019-04-18T15:15:09Z-00001-000	0
27	0	a2eaad4e-2019-04-18T15:15:09Z-00002-000	1
27	0	a2eaad4e-2019-04-18T15:15:09Z-00003-000	1
27	0	a339f889-2019-04-18T17:21:26Z-00005-000	1
27	0	a4cc71c7-2019-04-18T17:30:40Z-00000-000	0
27	0	a4cc71c7-2019-04-18T17:30:40Z-00003-000	0
27	0	a6235621-2019-04-19T12:44:35Z-00026-000	1
27	0	af032b19-2019-04-18T19:11:07Z-00000-000	1
27	0	af032b19-2019-04-18T19:11:07Z-00002-000	1
27	0	af032b19-2019-04-18T19:11:07Z-00005-000	1
27	0	af032b19-2019-04-18T19:11:07Z-00007-000	0
27	0	bc8e03f8-2019-04-18T16:49:16Z-00002-000	1
27	0	c6cefb24-2019-04-18T11:37:52Z-00002-000	0
27	0	c72ee19b-2019-04-18T13:33:16Z-00000-000	0
27	0	c72ee19b-2019-04-18T13:33:16Z-00003-000	1
27	0	ceedae87-2019-04-18T12:38:43Z-00005-000	0
27	0	d4c415c0-2019-04-18T17:49:26Z-00002-000	1
27	0	d4c415df-2019-04-18T17:44:56Z-00003-000	1
27	0	da25e6c7-2019-04-18T16:51:38Z-00006-000	1
27	0	dfe50bee-2019-04-18T17:58:14Z-00003-000	1
27	0	dfe50f52-2019-04-18T17:19:31Z-00003-000	0
27	0	dfe51eb3-2019-04-18T13:02:50Z-00004-000	1
27	0	e0c0a42c-2019-04-18T15:09:41Z-00003-000	0
27	0	e0c0b3cb-2019-04-18T13:03:33Z-00001-000	0
27	0	ea8bffed-2019-04-18T14:12:28Z-00007-000	1
27	0	ea8c004a-2019-04-18T14:05:01Z-00003-000	0
27	0	ea8c0370-2019-04-18T13:53:40Z-00003-000	1
27	0	ea8c0370-2019-04-18T13:53:40Z-00005-000	1
27	0	ea8c0750-2019-04-18T13:06:42Z-00005-000	0
27	0	ea8c07ad-2019-04-18T13:04:12Z-00001-000	1
27	0	ea8c07ad-2019-04-18T13:04:12Z-00007-000	1
27	0	ea8c0b4f-2019-04-18T12:44:26Z-00000-000	0
27	0	ea8c0bac-2019-04-18T12:24:23Z-00004-000	1
27	0	ea8c0fab-2019-04-18T11:49:00Z-00007-000	0
27	0	ea8c1293-2019-04-18T11:41:07Z-00000-000	1
27	0	ea8c1293-2019-04-18T11:41:07Z-00001-000	1
27	0	ea8c172d-2019-04-18T11:17:10Z-00002-000	1
27	0	f614a31f-2019-04-18T14:43:26Z-00001-000	0
27	0	f614a31f-2019-04-18T14:43:26Z-00005-000	0
27	0	faa200d-2019-04-18T17:55:01Z-00004-000	1
27	0	fc60053c-2019-04-18T17:42:17Z-00005-000	1
28	0	10dba703-2019-04-18T16:38:10Z-00002-000	1
28	0	181f179a-2019-04-18T16:34:11Z-00002-000	1
28	0	181f179a-2019-04-18T16:34:11Z-00005-000	1
28	0	181f179a-2019-04-18T16:34:11Z-00006-000	1
28	0	181f179a-2019-04-18T16:34:11Z-00007-000	0
28	0	181f179a-2019-04-18T16:34:11Z-00008-000	1
28	0	181f935c-2019-04-18T13:30:24Z-00000-000	1
28	0	181f935c-2019-04-18T13:30:24Z-00002-000	1
28	0	181f935c-2019-04-18T13:30:24Z-00003-000	1
28	0	181f935c-2019-04-18T13:30:24Z-00004-000	0
28	0	185ae0c9-2019-04-18T16:46:43Z-00003-000	0
28	0	1a28e069-2019-04-18T12:15:36Z-00000-000	1
28	0	286347c6-2019-04-18T12:24:41Z-00004-000	1
28	0	2a95f892-2019-04-18T15:15:09Z-00004-000	1
28	0	2d28827a-2019-04-18T15:32:33Z-00004-000	1
28	0	2d288299-2019-04-18T13:53:09Z-00003-000	1
28	0	2d75e907-2019-04-18T16:52:23Z-00003-000	1
28	0	35179721-2019-04-18T19:41:11Z-00003-000	0
28	0	35179721-2019-04-18T19:41:11Z-00005-000	1
28	0	3677e360-2019-04-19T12:44:54Z-00018-000	0
28	0	3f7340ce-2019-04-18T12:13:23Z-00001-000	1
28	0	436cc21d-2019-04-18T13:44:16Z-00002-000	1
28	0	4ab4275-2019-04-18T15:50:20Z-00003-000	1
28	0	52c8b976-2019-04-18T15:37:15Z-00002-000	1
28	0	58074c52-2019-04-18T17:05:22Z-00004-000	1
28	0	58074c90-2019-04-18T16:54:16Z-00004-000	1
28	0	58074caf-2019-04-18T16:46:15Z-00004-000	1
28	0	58074cce-2019-04-18T16:42:41Z-00003-000	1
28	0	626e386a-2019-04-18T13:16:43Z-00005-000	1
28	0	6356f35f-2019-04-18T17:10:27Z-00001-000	1
28	0	66ec5f48-2019-04-18T13:31:25Z-00004-000	1
28	0	6b369348-2019-04-18T15:15:08Z-00004-000	1
28	0	6c53db90-2019-04-18T16:50:44Z-00001-000	1
28	0	6c53db90-2019-04-18T16:50:44Z-00004-000	0
28	0	6c53db90-2019-04-18T16:50:44Z-00005-000	1
28	0	7a081757-2019-04-18T18:57:44Z-00002-000	1
28	0	7c83e847-2019-04-18T16:13:26Z-00001-000	1
28	0	821c3053-2019-04-18T18:09:42Z-00005-000	1
28	0	936e7b82-2019-04-18T12:19:14Z-00000-000	1
28	0	94aebaa-2019-04-18T19:21:27Z-00003-000	1
28	0	94b676c-2019-04-18T16:56:27Z-00004-000	1
28	0	94b67aa-2019-04-18T16:42:17Z-00003-000	1
28	0	94b67aa-2019-04-18T16:42:17Z-00004-000	0
28	0	94b67e8-2019-04-18T16:15:54Z-00004-000	1
28	0	94b6864-2019-04-18T11:26:01Z-00001-000	1
28	0	94b6883-2019-04-18T11:25:20Z-00000-000	1
28	0	94b6883-2019-04-18T11:25:20Z-00003-000	1
28	0	94b6b2d-2019-04-18T11:25:16Z-00001-000	1
28	0	94b6b4c-2019-04-18T11:10:45Z-00008-000	1
28	0	9b3bf6ac-2019-04-18T15:15:26Z-00001-000	1
28	0	9b3bf6ac-2019-04-18T15:15:26Z-00002-000	0
28	0	a4429b52-2019-04-18T17:41:28Z-00003-000	1
28	0	a4429b52-2019-04-18T17:41:28Z-00005-000	1
28	0	a4429c4a-2019-04-18T13:39:27Z-00005-000	1
28	0	a4a55c63-2019-04-18T18:00:29Z-00007-000	1
28	0	ab52fe20-2019-04-18T17:03:24Z-00002-000	1
28	0	ab52fe20-2019-04-18T17:03:24Z-00003-000	0
28	0	ab52fe3f-2019-04-18T17:03:06Z-00000-000	1
28	0	ab52fe3f-2019-04-18T17:03:06Z-00002-000	1
28	0	ab52fe3f-2019-04-18T17:03:06Z-00004-000	1
28	0	ab52fe3f-2019-04-18T17:03:06Z-00005-000	0
28	0	afa260ba-2019-04-18T19:36:42Z-00005-000	1
28	0	b24a50c9-2019-04-18T19:04:46Z-00002-000	1
28	0	b2564ac-2019-04-18T14:01:26Z-00005-000	1
28	0	b62b0bc1-2019-04-18T16:51:50Z-00004-000	1
28	0	bbe2f561-2019-04-18T19:26:06Z-00000-000	0
28	0	bbe2f561-2019-04-18T19:26:06Z-00004-000	1
28	0	bbe2f561-2019-04-18T19:26:06Z-00005-000	1
28	0	be3c3d9e-2019-04-18T19:00:02Z-00005-000	1
28	0	be3c3dbd-2019-04-18T18:24:51Z-00003-000	1
28	0	be3c3ddc-2019-04-18T17:34:00Z-00000-000	1
28	0	be3c3ddc-2019-04-18T17:34:00Z-00001-000	1
28	0	be3c3ddc-2019-04-18T17:34:00Z-00005-000	1
28	0	be3c3ddc-2019-04-18T17:34:00Z-00006-000	1
28	0	be3c3ddc-2019-04-18T17:34:00Z-00007-000	1
28	0	be3c3ddc-2019-04-18T17:34:00Z-00008-000	1
28	0	be3c3ddc-2019-04-18T17:34:00Z-00009-000	0
28	0	be3c3e1a-2019-04-18T17:01:37Z-00002-000	1
28	0	cf3ad38f-2019-04-18T16:49:54Z-00002-000	1
28	0	cf3ad38f-2019-04-18T16:49:54Z-00004-000	1
28	0	cf3ad38f-2019-04-18T16:49:54Z-00005-000	1
28	0	cf3ad3ec-2019-04-18T15:15:37Z-00000-000	1
28	0	cf3ad3ec-2019-04-18T15:15:37Z-00004-000	0
28	0	cf3ad40b-2019-04-18T15:04:08Z-00003-000	1
28	0	cf3ad40b-2019-04-18T15:04:08Z-00008-000	1
28	0	cf3ad40b-2019-04-18T15:04:08Z-00009-000	1
28	0	d1002c17-2019-04-18T19:25:13Z-00002-000	1
28	0	d31537ce-2019-04-18T16:41:38Z-00000-000	0
28	0	d31537ce-2019-04-18T16:41:38Z-00005-000	1
28	0	daa1bf82-2019-04-18T16:57:22Z-00005-000	0
28	0	ddcd2e78-2019-04-18T12:57:31Z-00000-000	1
28	0	e410cf7a-2019-04-18T12:25:46Z-00001-000	1
28	0	e410cf7a-2019-04-18T12:25:46Z-00002-000	1
28	0	f2b76fc7-2019-04-18T14:52:56Z-00002-000	1
28	0	f2b76fe6-2019-04-18T14:49:20Z-00003-000	1
28	0	f2b76fe6-2019-04-18T14:49:20Z-00005-000	1
28	0	f4fc3e13-2019-04-18T18:28:50Z-00005-000	1
28	0	fae7b289-2019-04-18T15:40:53Z-00003-000	1
28	0	fae7b289-2019-04-18T15:40:53Z-00004-000	1
28	0	fc16d928-2019-04-18T18:05:52Z-00001-000	1
29	0	152a53f-2019-04-18T12:42:52Z-00000-000	0
29	0	188b21d7-2019-04-18T15:29:19Z-00003-000	0
29	0	188b21d7-2019-04-18T15:29:19Z-00006-000	1
29	0	1c270f65-2019-04-18T20:01:32Z-00002-000	0
29	0	1c270f65-2019-04-18T20:01:32Z-00003-000	1
29	0	1c270f65-2019-04-18T20:01:32Z-00004-000	0
29	0	1e41d536-2019-04-18T18:26:07Z-00002-000	0
29	0	27d7329-2019-04-18T19:03:26Z-00005-000	0
29	0	2b8563c2-2019-04-18T19:52:57Z-00004-000	0
29	0	2cf2c469-2019-04-15T20:22:34Z-00010-000	0
29	0	2d0f2532-2019-04-18T16:15:38Z-00000-000	0
29	0	327c8f25-2019-04-18T18:09:12Z-00000-000	0
29	0	327c8f25-2019-04-18T18:09:12Z-00002-000	0
29	0	3305846b-2019-04-18T18:01:39Z-00004-000	0
29	0	3cdc63cb-2019-04-18T18:06:59Z-00000-000	0
29	0	3cdc63cb-2019-04-18T18:06:59Z-00001-000	0
29	0	3cdc63cb-2019-04-18T18:06:59Z-00002-000	0
29	0	3cdc63cb-2019-04-18T18:06:59Z-00003-000	0
29	0	3cdc63cb-2019-04-18T18:06:59Z-00004-000	1
29	0	3cdc63cb-2019-04-18T18:06:59Z-00005-000	1
29	0	3fc36285-2019-04-18T18:54:17Z-00001-000	0
29	0	403d99e5-2019-04-18T18:53:31Z-00002-000	0
29	0	403d99e5-2019-04-18T18:53:31Z-00004-000	0
29	0	45ac225-2019-04-18T16:51:04Z-00003-000	0
29	0	46817e6e-2019-04-18T17:05:35Z-00000-000	1
29	0	46817e6e-2019-04-18T17:05:35Z-00004-000	1
29	0	46817eac-2019-04-18T14:11:51Z-00000-000	0
29	0	46817eac-2019-04-18T14:11:51Z-00001-000	0
29	0	46817eac-2019-04-18T14:11:51Z-00002-000	0
29	0	4cf9e3c5-2019-04-17T11:47:27Z-00032-000	0
29	0	4cf9e3c5-2019-04-17T11:47:27Z-00037-000	0
29	0	4cf9e3c5-2019-04-17T11:47:27Z-00045-000	0
29	0	4cf9e3c5-2019-04-17T11:47:27Z-00062-000	0
29	0	4d289846-2019-04-18T18:20:48Z-00001-000	0
29	0	4d289846-2019-04-18T18:20:48Z-00005-000	0
29	0	5609f55e-2019-04-18T16:48:34Z-00000-000	0
29	0	5609f55e-2019-04-18T16:48:34Z-00004-000	0
29	0	5609f55e-2019-04-18T16:48:34Z-00007-000	1
29	0	58603726-2019-04-18T19:19:44Z-00002-000	0
29	0	59ad9eee-2019-04-18T17:17:47Z-00002-000	0
29	0	59ad9eee-2019-04-18T17:17:47Z-00004-000	0
29	0	6340764-2019-04-18T18:24:24Z-00000-000	0
29	0	68a8a49-2019-04-18T20:02:39Z-00001-000	0
29	0	68a8a68-2019-04-18T20:01:06Z-00005-000	0
29	0	68a8a87-2019-04-18T19:59:59Z-00002-000	0
29	0	68a8a87-2019-04-18T19:59:59Z-00004-000	1
29	0	6d359933-2019-04-18T14:06:36Z-00004-000	1
29	0	7224124a-2019-04-18T19:58:29Z-00005-000	0
29	0	7af5072-2019-04-18T11:55:42Z-00001-000	0
29	0	7b43bc48-2019-04-18T17:04:21Z-00001-000	1
29	0	7b43bc48-2019-04-18T17:04:21Z-00002-000	0
29	0	7b43bc48-2019-04-18T17:04:21Z-00009-000	1
29	0	823ab1d2-2019-04-18T20:01:30Z-00000-000	0
29	0	8e58c781-2019-04-18T16:40:22Z-00000-000	1
29	0	8e58c781-2019-04-18T16:40:22Z-00001-000	0
29	0	8e58c781-2019-04-18T16:40:22Z-00002-000	1
29	0	8e58c781-2019-04-18T16:40:22Z-00004-000	1
29	0	9dc4ffdd-2019-04-18T16:16:02Z-00000-000	0
29	0	9e36ecf4-2019-04-18T11:47:16Z-00000-000	0
29	0	9e36ecf4-2019-04-18T11:47:16Z-00002-000	0
29	0	9f061228-2019-04-18T15:29:10Z-00004-000	0
29	0	9f061228-2019-04-18T15:29:10Z-00005-000	0
29	0	9f061228-2019-04-18T15:29:10Z-00007-000	0
29	0	a6458ad5-2019-04-18T14:29:07Z-00002-000	0
29	0	a6458ad5-2019-04-18T14:29:07Z-00003-000	0
29	0	a6458ad5-2019-04-18T14:29:07Z-00007-000	0
29	0	aa74b1cd-2019-04-18T16:07:04Z-00000-000	0
29	0	af83a7e2-2019-04-19T12:44:04Z-00016-000	0
29	0	b6b0ac06-2019-04-18T17:05:45Z-00001-000	0
29	0	bd5f8f32-2019-04-18T19:45:16Z-00004-000	0
29	0	c1e8634f-2019-04-18T18:54:56Z-00000-000	0
29	0	c1e8634f-2019-04-18T18:54:56Z-00003-000	0
29	0	c2876a88-2019-04-18T17:23:20Z-00000-000	0
29	0	c8662773-2019-04-17T11:47:49Z-00039-000	0
29	0	c8662773-2019-04-17T11:47:49Z-00042-000	0
29	0	cac6bfdf-2019-04-18T12:31:47Z-00000-000	1
29	0	cac6bfdf-2019-04-18T12:31:47Z-00002-000	1
29	0	cd8abfbd-2019-04-18T17:04:37Z-00003-000	1
29	0	cd8abfdc-2019-04-18T17:04:45Z-00000-000	1
29	0	cd8abfdc-2019-04-18T17:04:45Z-00005-000	1
29	0	d4ce048b-2019-04-18T14:57:27Z-00001-000	0
29	0	d82d8130-2019-04-18T12:53:53Z-00005-000	0
29	0	d82d8130-2019-04-18T12:53:53Z-00007-000	0
29	0	dd869c53-2019-04-18T18:29:24Z-00003-000	0
29	0	eb83b1d7-2019-04-18T16:50:19Z-00000-000	0
29	0	eb83b1d7-2019-04-18T16:50:19Z-00001-000	0
29	0	eb83b1d7-2019-04-18T16:50:19Z-00002-000	0
29	0	eb83b1d7-2019-04-18T16:50:19Z-00003-000	1
29	0	eb83b1d7-2019-04-18T16:50:19Z-00004-000	0
29	0	eb83b1d7-2019-04-18T16:50:19Z-00005-000	0
29	0	f238c9cb-2019-04-18T20:00:15Z-00003-000	0
29	0	f2c09b09-2019-04-18T20:02:30Z-00005-000	0
29	0	f40414eb-2019-04-18T11:51:17Z-00000-000	0
29	0	f40414eb-2019-04-18T11:51:17Z-00001-000	0
29	0	f40414eb-2019-04-18T11:51:17Z-00003-000	0
29	0	f40414eb-2019-04-18T11:51:17Z-00004-000	1
29	0	f44bcd7f-2019-04-18T11:45:00Z-00000-000	1
29	0	f48be0a0-2019-04-18T12:05:27Z-00000-000	0
29	0	feca27b2-2019-04-18T16:55:14Z-00001-000	0
29	0	feca27b2-2019-04-18T16:55:14Z-00003-000	1
30	0	1295c15f-2019-04-18T13:59:40Z-00003-000	1
30	0	147f8537-2019-04-18T17:58:22Z-00001-000	0
30	0	147f8537-2019-04-18T17:58:22Z-00005-000	0
30	0	1dfc3384-2019-04-18T18:40:31Z-00006-000	1
30	0	1e59290-2019-04-18T14:16:42Z-00009-000	0
30	0	219f521f-2019-04-17T11:47:23Z-00045-000	0
30	0	219f521f-2019-04-17T11:47:23Z-00050-000	0
30	0	219f521f-2019-04-17T11:47:23Z-00051-000	0
30	0	219f521f-2019-04-17T11:47:23Z-00062-000	0
30	0	21b1d6ff-2019-04-18T18:54:17Z-00007-000	0
30	0	24b1c879-2019-04-18T11:34:11Z-00000-000	0
30	0	2fc9fc2c-2019-04-18T11:56:34Z-00001-000	0
30	0	313f329c-2019-04-18T17:48:01Z-00002-000	0
30	0	35e7fa17-2019-04-18T14:50:38Z-00001-000	1
30	0	35e7fa17-2019-04-18T14:50:38Z-00002-000	0
30	0	35e7fa17-2019-04-18T14:50:38Z-00005-000	0
30	0	386a0c00-2019-04-18T20:02:17Z-00003-000	1
30	0	386a0c00-2019-04-18T20:02:17Z-00004-000	0
30	0	3c17bcad-2019-04-18T15:29:17Z-00000-000	0
30	0	3c17bcad-2019-04-18T15:29:17Z-00002-000	0
30	0	42af831b-2019-04-18T19:42:13Z-00001-000	0
30	0	45d4a2d5-2019-04-18T19:14:31Z-00000-000	0
30	0	45d4a2d5-2019-04-18T19:14:31Z-00001-000	0
30	0	45d4a2d5-2019-04-18T19:14:31Z-00002-000	0
30	0	45d4a2d5-2019-04-18T19:14:31Z-00003-000	1
30	0	45d4a2d5-2019-04-18T19:14:31Z-00005-000	1
30	0	463ce731-2019-04-18T17:56:39Z-00008-000	0
30	0	4a7eb2d2-2019-04-18T18:04:55Z-00005-000	0
30	0	4b3ceaeb-2019-04-18T19:55:22Z-00003-000	0
30	0	4b3ceaeb-2019-04-18T19:55:22Z-00005-000	0
30	0	4d21044-2019-04-18T15:20:38Z-00002-000	1
30	0	5895f373-2019-04-18T13:12:52Z-00004-000	0
30	0	5d2a077f-2019-04-18T13:59:07Z-00007-000	0
30	0	5d2a077f-2019-04-18T13:59:07Z-00008-000	0
30	0	5d2a077f-2019-04-18T13:59:07Z-00009-000	0
30	0	614dae8b-2019-04-18T19:38:19Z-00002-000	0
30	0	614dae8b-2019-04-18T19:38:19Z-00004-000	0
30	0	6e3f713c-2019-04-18T16:02:54Z-00007-000	0
30	0	6f4a304e-2019-04-18T18:17:19Z-00002-000	0
30	0	711f3f19-2019-04-18T18:36:07Z-00007-000	0
30	0	717c0448-2019-04-18T14:29:15Z-00001-000	0
30	0	717c0448-2019-04-18T14:29:15Z-00002-000	0
30	0	717c0448-2019-04-18T14:29:15Z-00003-000	0
30	0	73f57b94-2019-04-18T16:59:02Z-00004-000	0
30	0	77fb8a5-2019-04-18T17:48:47Z-00001-000	0
30	0	78eb6d97-2019-04-18T18:16:29Z-00001-000	1
30	0	78eb6d97-2019-04-18T18:16:29Z-00002-000	0
30	0	7904b371-2019-04-18T19:41:25Z-00004-000	0
30	0	80557bae-2019-04-18T18:21:52Z-00004-000	0
30	0	81403fde-2019-04-18T11:16:40Z-00003-000	0
30	0	81403fde-2019-04-18T11:16:40Z-00004-000	0
30	0	81403fde-2019-04-18T11:16:40Z-00005-000	1
30	0	8200d780-2019-04-18T18:16:43Z-00002-000	1
30	0	84495ff-2019-04-18T18:13:22Z-00004-000	1
30	0	8cca124b-2019-04-18T19:59:14Z-00003-000	0
30	0	90cc69d8-2019-04-18T19:09:33Z-00002-000	0
30	0	93e5aabc-2019-04-18T17:54:56Z-00004-000	0
30	0	93e5aabc-2019-04-18T17:54:56Z-00005-000	0
30	0	95dbed37-2019-04-18T19:47:10Z-00002-000	0
30	0	95dbed37-2019-04-18T19:47:10Z-00003-000	0
30	0	99185ec1-2019-04-18T18:08:00Z-00002-000	0
30	0	9989f087-2019-04-18T20:02:35Z-00000-000	0
30	0	9989f087-2019-04-18T20:02:35Z-00001-000	1
30	0	9989f087-2019-04-18T20:02:35Z-00003-000	0
30	0	9f12e0e6-2019-04-18T15:26:02Z-00000-000	0
30	0	9f12e0e6-2019-04-18T15:26:02Z-00001-000	1
30	0	9f12e0e6-2019-04-18T15:26:02Z-00002-000	1
30	0	9f12e0e6-2019-04-18T15:26:02Z-00003-000	1
30	0	9fd7f84b-2019-04-18T18:57:49Z-00004-000	0
30	0	a25cb9de-2019-04-18T15:43:31Z-00002-000	0
30	0	a29a39c-2019-04-18T11:41:47Z-00001-000	1
30	0	af69c8f7-2019-04-18T14:28:36Z-00003-000	1
30	0	b9569921-2019-04-18T13:58:43Z-00003-000	0
30	0	be1c3672-2019-04-18T17:22:56Z-00003-000	0
30	0	be1c3672-2019-04-18T17:22:56Z-00004-000	1
30	0	c633bfbe-2019-04-18T16:54:41Z-00003-000	0
30	0	c633bfbe-2019-04-18T16:54:41Z-00004-000	1
30	0	ca07a94-2019-04-18T16:25:14Z-00003-000	1
30	0	ca07a94-2019-04-18T16:25:14Z-00004-000	0
30	0	ca07a94-2019-04-18T16:25:14Z-00006-000	1
30	0	ca07a94-2019-04-18T16:25:14Z-00008-000	1
30	0	cab6587-2019-04-18T17:58:32Z-00001-000	0
30	0	d74a3bb0-2019-04-18T16:16:41Z-00005-000	0
30	0	dec51a05-2019-04-18T19:12:23Z-00005-000	0
30	0	dedbd50d-2019-04-18T15:09:04Z-00000-000	0
30	0	dedbd50d-2019-04-18T15:09:04Z-00002-000	0
30	0	e1e36173-2019-04-18T19:41:57Z-00005-000	0
30	0	e356788e-2019-04-18T18:21:46Z-00004-000	0
30	0	ead0d54d-2019-04-18T16:54:45Z-00000-000	0
30	0	ead0d54d-2019-04-18T16:54:45Z-00001-000	0
30	0	ead0d54d-2019-04-18T16:54:45Z-00003-000	0
30	0	ead0d54d-2019-04-18T16:54:45Z-00005-000	1
30	0	f22c90b3-2019-04-18T17:43:03Z-00001-000	0
30	0	f35758f7-2019-04-18T12:59:35Z-00000-000	1
30	0	f35758f7-2019-04-18T12:59:35Z-00001-000	1
30	0	f5c75f6e-2019-04-18T11:54:23Z-00000-000	0
30	0	f7b00f4-2019-04-18T19:05:00Z-00004-000	1
30	0	fd5562c6-2019-04-18T15:49:12Z-00003-000	0
30	0	fd5562c6-2019-04-18T15:49:12Z-00005-000	0
30	0	fd5562c6-2019-04-18T15:49:12Z-00006-000	0
31	0	15f74a6f-2019-04-18T15:07:00Z-00001-000	0
31	0	15f74a6f-2019-04-18T15:07:00Z-00002-000	0
31	0	15f74a6f-2019-04-18T15:07:00Z-00004-000	0
31	0	1b20a275-2019-04-18T19:44:06Z-00007-000	0
31	0	1e7f4ed8-2019-04-15T20:22:41Z-00007-000	0
31	0	21e2b85c-2019-04-18T15:17:47Z-00000-000	0
31	0	21e2b85c-2019-04-18T15:17:47Z-00001-000	0
31	0	21e2b85c-2019-04-18T15:17:47Z-00002-000	0
31	0	21e2b85c-2019-04-18T15:17:47Z-00003-000	0
31	0	21e2b85c-2019-04-18T15:17:47Z-00004-000	1
31	0	21e2b85c-2019-04-18T15:17:47Z-00005-000	0
31	0	2245ae98-2019-04-18T16:15:50Z-00003-000	0
31	0	2245ae98-2019-04-18T16:15:50Z-00005-000	0
31	0	2399752d-2019-04-18T18:43:01Z-00001-000	0
31	0	2399752d-2019-04-18T18:43:01Z-00007-000	0
31	0	283df47e-2019-04-18T19:33:43Z-00004-000	0
31	0	3c486dec-2019-04-18T16:40:15Z-00000-000	0
31	0	3c486dec-2019-04-18T16:40:15Z-00001-000	0
31	0	3c486dec-2019-04-18T16:40:15Z-00002-000	0
31	0	3c486dec-2019-04-18T16:40:15Z-00003-000	0
31	0	3c486dec-2019-04-18T16:40:15Z-00004-000	0
31	0	3c486e0b-2019-04-18T16:34:39Z-00000-000	0
31	0	3cce454e-2019-04-18T17:58:23Z-00003-000	0
31	0	445d9e6e-2019-04-18T17:14:03Z-00000-000	0
31	0	445d9e6e-2019-04-18T17:14:03Z-00001-000	0
31	0	445d9e6e-2019-04-18T17:14:03Z-00002-000	0
31	0	4bdb8ef9-2019-04-18T17:43:07Z-00003-000	0
31	0	4e64f8eb-2019-04-18T19:04:33Z-00002-000	0
31	0	5f670626-2019-04-18T19:41:30Z-00001-000	0
31	0	605392ad-2019-04-18T17:01:18Z-00003-000	0
31	0	605392ad-2019-04-18T17:01:18Z-00008-000	0
31	0	605392ad-2019-04-18T17:01:18Z-00009-000	0
31	0	615af073-2019-04-18T11:22:17Z-00002-000	0
31	0	615af073-2019-04-18T11:22:17Z-00005-000	0
31	0	6327257c-2019-04-18T18:25:19Z-00001-000	0
31	0	63392463-2019-04-15T20:24:36Z-00006-000	0
31	0	63392463-2019-04-15T20:24:36Z-00007-000	0
31	0	636669d7-2019-04-18T19:49:10Z-00000-000	0
31	0	6388e7e9-2019-04-19T12:47:11Z-00005-000	0
31	0	69f186d6-2019-04-18T16:47:51Z-00003-000	0
31	0	6b6c62d2-2019-04-18T18:00:26Z-00000-000	0
31	0	6c3b36ba-2019-04-18T14:58:51Z-00003-000	0
31	0	6e81aa86-2019-04-18T19:35:34Z-00003-000	0
31	0	6e81aa86-2019-04-18T19:35:34Z-00004-000	0
31	0	7064c844-2019-04-18T15:41:56Z-00007-000	0
31	0	720c8ec-2019-04-18T16:27:18Z-00000-000	0
31	0	720c8ec-2019-04-18T16:27:18Z-00002-000	0
31	0	720c8ec-2019-04-18T16:27:18Z-00003-000	0
31	0	720c8ec-2019-04-18T16:27:18Z-00004-000	0
31	0	720c8ec-2019-04-18T16:27:18Z-00005-000	0
31	0	745edcc5-2019-04-18T18:16:38Z-00000-000	0
31	0	745edcc5-2019-04-18T18:16:38Z-00001-000	0
31	0	745edcc5-2019-04-18T18:16:38Z-00004-000	0
31	0	7b734685-2019-04-18T11:48:24Z-00003-000	0
31	0	86362978-2019-04-19T12:46:42Z-00009-000	0
31	0	86362978-2019-04-19T12:46:42Z-00010-000	0
31	0	8662c54-2019-04-18T17:31:23Z-00000-000	0
31	0	8662c54-2019-04-18T17:31:23Z-00002-000	0
31	0	87ef82c7-2019-04-18T19:25:59Z-00001-000	0
31	0	9f203748-2019-04-19T12:46:11Z-00001-000	0
31	0	a8af0abf-2019-04-18T19:34:36Z-00002-000	0
31	0	ab908431-2019-04-18T13:57:08Z-00006-000	0
31	0	ab908431-2019-04-18T13:57:08Z-00008-000	0
31	0	b21e001c-2019-04-18T17:10:18Z-00002-000	0
31	0	b5b096db-2019-04-18T18:54:54Z-00000-000	1
31	0	b5b096db-2019-04-18T18:54:54Z-00001-000	0
31	0	b5b096db-2019-04-18T18:54:54Z-00002-000	0
31	0	b5b096db-2019-04-18T18:54:54Z-00003-000	0
31	0	b5b096db-2019-04-18T18:54:54Z-00004-000	0
31	0	b5b096db-2019-04-18T18:54:54Z-00005-000	0
31	0	c3cbe7d1-2019-04-18T13:12:52Z-00000-000	0
31	0	c3cbe7d1-2019-04-18T13:12:52Z-00001-000	0
31	0	c3cbe7d1-2019-04-18T13:12:52Z-00002-000	0
31	0	c3cbe7d1-2019-04-18T13:12:52Z-00003-000	0
31	0	c3cbe7d1-2019-04-18T13:12:52Z-00004-000	0
31	0	c4eaae9b-2019-04-18T15:22:52Z-00001-000	0
31	0	c4eaae9b-2019-04-18T15:22:52Z-00002-000	0
31	0	c4eaae9b-2019-04-18T15:22:52Z-00003-000	1
31	0	c5d6e3e3-2019-04-18T19:13:00Z-00003-000	0
31	0	c5d6e3e3-2019-04-18T19:13:00Z-00004-000	0
31	0	c71893a8-2019-04-18T15:21:11Z-00002-000	0
31	0	cb509540-2019-04-18T13:01:05Z-00000-000	0
31	0	d4a2b65c-2019-04-18T18:00:36Z-00003-000	0
31	0	d4a2b65c-2019-04-18T18:00:36Z-00006-000	0
31	0	d4a2b65c-2019-04-18T18:00:36Z-00008-000	0
31	0	de2f5531-2019-04-18T15:07:10Z-00001-000	0
31	0	de2f5531-2019-04-18T15:07:10Z-00003-000	0
31	0	e1952864-2019-04-18T12:16:12Z-00004-000	0
31	0	e1952864-2019-04-18T12:16:12Z-00005-000	0
31	0	efbdcc9f-2019-04-15T20:22:41Z-00013-000	0
31	0	efbdcc9f-2019-04-15T20:22:41Z-00014-000	0
31	0	f58281f0-2019-04-18T12:08:22Z-00002-000	0
31	0	f58281f0-2019-04-18T12:08:22Z-00003-000	0
31	0	fb2e263c-2019-04-18T19:34:26Z-00000-000	0
31	0	fb2e263c-2019-04-18T19:34:26Z-00003-000	0
31	0	fc61533a-2019-04-18T16:00:26Z-00002-000	0
31	0	fdb7b7d4-2019-04-17T11:47:29Z-00076-000	0
31	0	ff331d14-2019-04-18T19:00:19Z-00001-000	0
31	0	ff331d14-2019-04-18T19:00:19Z-00002-000	0
31	0	ff331d14-2019-04-18T19:00:19Z-00003-000	0
32	0	13fc3acf-2019-04-19T12:45:38Z-00027-000	0
32	0	15a2bd73-2019-04-19T12:44:11Z-00014-000	0
32	0	1a2ffdd3-2019-04-18T15:08:28Z-00004-000	0
32	0	24b396e9-2019-04-15T20:22:53Z-00014-000	0
32	0	29758b9-2019-04-18T17:06:05Z-00003-000	0
32	0	2c05e9fb-2019-04-15T20:23:05Z-00000-000	0
32	0	2c05e9fb-2019-04-15T20:23:05Z-00001-000	0
32	0	2c05e9fb-2019-04-15T20:23:05Z-00002-000	0
32	0	2c05e9fb-2019-04-15T20:23:05Z-00003-000	0
32	0	2c05e9fb-2019-04-15T20:23:05Z-00004-000	0
32	0	2c05e9fb-2019-04-15T20:23:05Z-00005-000	0
32	0	2c05e9fb-2019-04-15T20:23:05Z-00006-000	0
32	0	2c05e9fb-2019-04-15T20:23:05Z-00007-000	0
32	0	2c05e9fb-2019-04-15T20:23:05Z-00008-000	0
32	0	2c05e9fb-2019-04-15T20:23:05Z-00009-000	0
32	0	2c05e9fb-2019-04-15T20:23:05Z-00010-000	0
32	0	2c05e9fb-2019-04-15T20:23:05Z-00011-000	0
32	0	2c05e9fb-2019-04-15T20:23:05Z-00014-000	0
32	0	2c05e9fb-2019-04-15T20:23:05Z-00015-000	1
32	0	2c05e9fb-2019-04-15T20:23:05Z-00016-000	0
32	0	2c05e9fb-2019-04-15T20:23:05Z-00017-000	1
32	0	2c05e9fb-2019-04-15T20:23:05Z-00019-000	1
32	0	2c05e9fb-2019-04-15T20:23:05Z-00020-000	1
32	0	2c05e9fb-2019-04-15T20:23:05Z-00021-000	0
32	0	2c05e9fb-2019-04-15T20:23:05Z-00022-000	0
32	0	2c05e9fb-2019-04-15T20:23:05Z-00023-000	1
32	0	2c05e9fb-2019-04-15T20:23:05Z-00027-000	0
32	0	2c05e9fb-2019-04-15T20:23:05Z-00029-000	0
32	0	2d2c209d-2019-04-18T16:00:51Z-00003-000	0
32	0	2d2c209d-2019-04-18T16:00:51Z-00005-000	0
32	0	33d6b29e-2019-04-18T17:32:30Z-00004-000	0
32	0	370a7f9a-2019-04-18T18:03:12Z-00002-000	0
32	0	3a2444f6-2019-04-18T15:27:55Z-00001-000	0
32	0	3e2e5609-2019-04-18T15:55:20Z-00005-000	0
32	0	4a00fdd0-2019-04-18T17:59:44Z-00004-000	0
32	0	4ce497c-2019-04-15T20:22:56Z-00017-000	0
32	0	4ce497c-2019-04-15T20:22:56Z-00019-000	0
32	0	538dd198-2019-04-18T18:14:33Z-00001-000	0
32	0	538dd198-2019-04-18T18:14:33Z-00006-000	0
32	0	54bd63d7-2019-04-17T11:47:45Z-00038-000	0
32	0	5c32174c-2019-04-18T19:57:01Z-00003-000	0
32	0	5d4778b5-2019-04-18T16:33:53Z-00006-000	0
32	0	5dd7d039-2019-04-18T12:44:08Z-00002-000	0
32	0	5dfa3e2e-2019-04-18T18:37:00Z-00004-000	0
32	0	615e029c-2019-04-18T19:03:24Z-00002-000	0
32	0	648217ec-2019-04-18T19:48:00Z-00002-000	0
32	0	668b3d92-2019-04-15T20:24:26Z-00026-000	0
32	0	6a239086-2019-04-18T13:57:48Z-00001-000	0
32	0	6c53db9d-2019-04-18T18:00:25Z-00002-000	0
32	0	7371560d-2019-04-18T18:37:18Z-00002-000	0
32	0	7371560d-2019-04-18T18:37:18Z-00003-000	0
32	0	7399741b-2019-04-18T14:34:55Z-00002-000	0
32	0	76b390ba-2019-04-18T12:41:01Z-00002-000	0
32	0	77b9d4a1-2019-04-19T12:47:46Z-00015-000	0
32	0	797d43b8-2019-04-15T20:22:52Z-00015-000	0
32	0	7e8cbef7-2019-04-18T18:37:20Z-00003-000	0
32	0	7e8cbef7-2019-04-18T18:37:20Z-00004-000	0
32	0	816da028-2019-04-18T18:24:51Z-00002-000	0
32	0	93844764-2019-04-18T19:10:04Z-00000-000	0
32	0	93844764-2019-04-18T19:10:04Z-00001-000	0
32	0	93844764-2019-04-18T19:10:04Z-00003-000	0
32	0	93844764-2019-04-18T19:10:04Z-00004-000	0
32	0	992b0216-2019-04-18T14:30:54Z-00003-000	0
32	0	a83c80fd-2019-04-18T14:13:58Z-00000-000	0
32	0	a83c80fd-2019-04-18T14:13:58Z-00005-000	0
32	0	b291f03d-2019-04-18T13:32:17Z-00002-000	0
32	0	b33077f-2019-04-18T15:26:00Z-00004-000	0
32	0	b33077f-2019-04-18T15:26:00Z-00006-000	0
32	0	b661889e-2019-04-18T17:56:09Z-00004-000	0
32	0	b76ec089-2019-04-19T12:45:35Z-00014-000	0
32	0	b9c7eff8-2019-04-18T12:18:17Z-00000-000	0
32	0	b9c7eff8-2019-04-18T12:18:17Z-00001-000	0
32	0	b9c7eff8-2019-04-18T12:18:17Z-00002-000	0
32	0	bdcf90af-2019-04-15T20:24:22Z-00023-000	0
32	0	bdcf90af-2019-04-15T20:24:22Z-00024-000	0
32	0	c0900fa2-2019-04-18T13:00:22Z-00005-000	0
32	0	c4f7d17e-2019-04-18T16:45:40Z-00000-000	0
32	0	c4f7d17e-2019-04-18T16:45:40Z-00003-000	0
32	0	c4f7d17e-2019-04-18T16:45:40Z-00004-000	0
32	0	c9ac87dd-2019-04-15T20:23:04Z-00011-000	0
32	0	ca9d6789-2019-04-15T20:24:25Z-00012-000	0
32	0	cbfd88a8-2019-04-18T13:14:17Z-00002-000	0
32	0	d48f82ad-2019-04-18T16:09:11Z-00004-000	0
32	0	d62e7eb3-2019-04-18T17:50:30Z-00000-000	0
32	0	d62e7eb3-2019-04-18T17:50:30Z-00006-000	0
32	0	d62e7eb3-2019-04-18T17:50:30Z-00008-000	0
32	0	e006bff-2019-04-18T19:30:36Z-00001-000	0
32	0	e0860e7e-2019-04-18T15:28:49Z-00002-000	0
32	0	e0860e7e-2019-04-18T15:28:49Z-00004-000	0
32	0	e0860e7e-2019-04-18T15:28:49Z-00005-000	0
32	0	e6af11b5-2019-04-15T20:22:52Z-00012-000	0
32	0	e6af11b5-2019-04-15T20:22:52Z-00013-000	0
32	0	e6af11b5-2019-04-15T20:22:52Z-00018-000	0
32	0	eb110400-2019-04-18T18:34:54Z-00002-000	0
32	0	f02204e9-2019-04-18T18:35:58Z-00004-000	0
32	0	f2c72c91-2019-04-18T19:54:40Z-00000-000	0
32	0	f2c72c91-2019-04-18T19:54:40Z-00004-000	0
32	0	f9847a21-2019-04-18T16:39:50Z-00002-000	0
32	0	fcff81a7-2019-04-18T17:19:43Z-00000-000	0
32	0	fcff81a7-2019-04-18T17:19:43Z-00001-000	0
33	0	107900c0-2019-04-18T19:16:33Z-00000-000	0
33	0	107900c0-2019-04-18T19:16:33Z-00001-000	0
33	0	12209678-2019-04-18T19:43:36Z-00005-000	1
33	0	129ce23f-2019-04-18T15:31:47Z-00006-000	0
33	0	180c0226-2019-04-18T15:39:49Z-00001-000	0
33	0	180c0226-2019-04-18T15:39:49Z-00003-000	1
33	0	180c0226-2019-04-18T15:39:49Z-00004-000	0
33	0	180c0226-2019-04-18T15:39:49Z-00005-000	1
33	0	1d882e9c-2019-04-18T19:40:03Z-00001-000	1
33	0	1d882e9c-2019-04-18T19:40:03Z-00003-000	1
33	0	1d882e9c-2019-04-18T19:40:03Z-00007-000	1
33	0	2626df18-2019-04-18T18:47:30Z-00005-000	0
33	0	272dfd04-2019-04-18T16:21:30Z-00002-000	0
33	0	272dfd04-2019-04-18T16:21:30Z-00005-000	1
33	0	272dfd04-2019-04-18T16:21:30Z-00006-000	0
33	0	272dfd04-2019-04-18T16:21:30Z-00007-000	0
33	0	2d6e4294-2019-04-18T16:03:38Z-00004-000	0
33	0	2e8eda95-2019-04-18T19:50:43Z-00000-000	0
33	0	2e8edad3-2019-04-18T18:39:06Z-00004-000	0
33	0	2e8edaf2-2019-04-18T17:50:40Z-00000-000	1
33	0	2e8edaf2-2019-04-18T17:50:40Z-00004-000	1
33	0	2e8edb11-2019-04-18T16:22:57Z-00005-000	0
33	0	2e8edb11-2019-04-18T16:22:57Z-00006-000	0
33	0	2e8edb4f-2019-04-18T15:53:37Z-00001-000	1
33	0	39ecbe5b-2019-04-18T20:01:18Z-00002-000	1
33	0	3be655b-2019-04-18T15:25:31Z-00003-000	0
33	0	55477f4b-2019-04-18T11:29:19Z-00006-000	0
33	0	57f0866c-2019-04-18T13:10:45Z-00000-000	1
33	0	57f0866c-2019-04-18T13:10:45Z-00005-000	1
33	0	57f0866c-2019-04-18T13:10:45Z-00006-000	0
33	0	57f0866c-2019-04-18T13:10:45Z-00007-000	0
33	0	5941421a-2019-04-18T15:20:27Z-00001-000	0
33	0	5941421a-2019-04-18T15:20:27Z-00003-000	1
33	0	61b66cc4-2019-04-18T18:12:28Z-00002-000	0
33	0	61b66cc4-2019-04-18T18:12:28Z-00003-000	0
33	0	61b66cc4-2019-04-18T18:12:28Z-00004-000	1
33	0	64748291-2019-04-18T18:18:03Z-00004-000	1
33	0	7648964d-2019-04-18T19:18:16Z-00002-000	1
33	0	7b65bdc-2019-04-18T19:55:37Z-00005-000	1
33	0	7eabc63c-2019-04-18T12:18:12Z-00002-000	1
33	0	7eabc63c-2019-04-18T12:18:12Z-00003-000	1
33	0	828ec24d-2019-04-18T17:17:56Z-00000-000	0
33	0	828ec24d-2019-04-18T17:17:56Z-00004-000	0
33	0	8aed976f-2019-04-18T19:15:00Z-00001-000	0
33	0	8aed976f-2019-04-18T19:15:00Z-00003-000	1
33	0	8e65f903-2019-04-18T15:34:23Z-00000-000	1
33	0	8e65f903-2019-04-18T15:34:23Z-00002-000	1
33	0	8e65f903-2019-04-18T15:34:23Z-00003-000	0
33	0	8eeab760-2019-04-18T16:21:32Z-00000-000	0
33	0	8eeab760-2019-04-18T16:21:32Z-00001-000	0
33	0	8eeab760-2019-04-18T16:21:32Z-00003-000	1
33	0	8eeab760-2019-04-18T16:21:32Z-00004-000	0
33	0	8eeab760-2019-04-18T16:21:32Z-00006-000	0
33	0	8eeab760-2019-04-18T16:21:32Z-00007-000	1
33	0	8eeb67c1-2019-04-18T11:56:03Z-00001-000	1
33	0	8eeb67c1-2019-04-18T11:56:03Z-00003-000	1
33	0	8fa5c306-2019-04-18T18:47:35Z-00001-000	0
33	0	8fa5c306-2019-04-18T18:47:35Z-00005-000	1
33	0	937b9d40-2019-04-18T19:44:20Z-00002-000	1
33	0	937b9d40-2019-04-18T19:44:20Z-00003-000	0
33	0	95769c7a-2019-04-18T16:10:49Z-00008-000	0
33	0	970346b5-2019-04-18T16:22:22Z-00005-000	1
33	0	a82d5442-2019-04-18T11:23:18Z-00000-000	0
33	0	a82d5442-2019-04-18T11:23:18Z-00002-000	0
33	0	a82d5442-2019-04-18T11:23:18Z-00003-000	1
33	0	ac45b77d-2019-04-18T13:38:21Z-00000-000	0
33	0	ac45b77d-2019-04-18T13:38:21Z-00001-000	0
33	0	ac45b77d-2019-04-18T13:38:21Z-00002-000	0
33	0	ac45b77d-2019-04-18T13:38:21Z-00004-000	1
33	0	ac45b77d-2019-04-18T13:38:21Z-00006-000	1
33	0	ac45b77d-2019-04-18T13:38:21Z-00007-000	0
33	0	ac45b77d-2019-04-18T13:38:21Z-00008-000	0
33	0	b66b3ad1-2019-04-18T17:41:33Z-00002-000	0
33	0	b66b3ad1-2019-04-18T17:41:33Z-00003-000	1
33	0	b66b3ad1-2019-04-18T17:41:33Z-00005-000	1
33	0	b801a11e-2019-04-15T20:24:33Z-00012-000	1
33	0	c6d799ed-2019-04-18T14:24:09Z-00004-000	0
33	0	c97ab4d9-2019-04-18T16:30:21Z-00004-000	0
33	0	d0e3a01f-2019-04-18T19:52:17Z-00005-000	1
33	0	d0e3a01f-2019-04-18T19:52:17Z-00008-000	0
33	0	d3e762f6-2019-04-18T16:43:07Z-00001-000	0
33	0	d98175c5-2019-04-18T14:27:13Z-00000-000	1
33	0	d98175c5-2019-04-18T14:27:13Z-00004-000	1
33	0	d98175c5-2019-04-18T14:27:13Z-00005-000	0
33	0	d98175c5-2019-04-18T14:27:13Z-00007-000	0
33	0	da18aa91-2019-04-18T15:04:21Z-00003-000	0
33	0	dcbaec56-2019-04-18T14:28:53Z-00000-000	0
33	0	dcbaec56-2019-04-18T14:28:53Z-00004-000	1
33	0	e3d235e2-2019-04-17T11:47:41Z-00130-000	0
33	0	eb02dec1-2019-04-18T17:30:38Z-00001-000	0
33	0	eb7cbdce-2019-04-18T17:08:09Z-00003-000	0
33	0	eb7cbdce-2019-04-18T17:08:09Z-00004-000	1
33	0	ebd53e8-2019-04-18T14:14:21Z-00003-000	0
33	0	ebf0ab1b-2019-04-18T12:58:35Z-00000-000	0
33	0	f0feb825-2019-04-18T19:38:53Z-00002-000	0
33	0	f0feb825-2019-04-18T19:38:53Z-00003-000	1
33	0	f36764da-2019-04-18T16:39:30Z-00003-000	0
33	0	f3baef00-2019-04-18T19:20:52Z-00003-000	1
33	0	f67363ae-2019-04-18T17:04:18Z-00003-000	0
33	0	fad42a17-2019-04-18T18:48:08Z-00004-000	1
34	0	19ef6a93-2019-04-18T19:33:50Z-00003-000	1
34	0	2e54c887-2019-04-18T18:01:19Z-00003-000	1
34	0	2e54c887-2019-04-18T18:01:19Z-00006-000	1
34	0	37f600fc-2019-04-18T15:26:22Z-00001-000	1
34	0	37f600fc-2019-04-18T15:26:22Z-00003-000	0
34	0	3840237e-2019-04-18T14:40:03Z-00004-000	1
34	0	38dbedb8-2019-04-18T13:49:05Z-00003-000	0
34	0	3c5fdcf2-2019-04-18T14:44:38Z-00002-000	0
34	0	3c5fdcf2-2019-04-18T14:44:38Z-00003-000	0
34	0	4a484e4e-2019-04-18T18:10:35Z-00001-000	0
34	0	4a484e4e-2019-04-18T18:10:35Z-00003-000	0
34	0	4befcae3-2019-04-18T17:19:09Z-00003-000	0
34	0	4befcae3-2019-04-18T17:19:09Z-00004-000	0
34	0	4c26d828-2019-04-18T19:20:17Z-00003-000	0
34	0	4c26d828-2019-04-18T19:20:17Z-00004-000	1
34	0	4c26d828-2019-04-18T19:20:17Z-00005-000	0
34	0	4c26d847-2019-04-18T18:51:36Z-00003-000	0
34	0	4c26d847-2019-04-18T18:51:36Z-00004-000	1
34	0	4cb138a2-2019-04-18T19:27:54Z-00002-000	0
34	0	4cb138a2-2019-04-18T19:27:54Z-00004-000	1
34	0	4cb138a2-2019-04-18T19:27:54Z-00005-000	1
34	0	528fb34-2019-04-18T16:00:42Z-00003-000	1
34	0	562197e9-2019-04-18T16:01:31Z-00001-000	1
34	0	562197e9-2019-04-18T16:01:31Z-00003-000	1
34	0	562197e9-2019-04-18T16:01:31Z-00004-000	0
34	0	562197e9-2019-04-18T16:01:31Z-00005-000	1
34	0	570da76a-2019-04-18T19:28:12Z-00000-000	0
34	0	570da76a-2019-04-18T19:28:12Z-00001-000	0
34	0	570da76a-2019-04-18T19:28:12Z-00002-000	0
34	0	570da76a-2019-04-18T19:28:12Z-00003-000	1
34	0	58177ab3-2019-04-18T19:34:39Z-00000-000	0
34	0	58177ab3-2019-04-18T19:34:39Z-00001-000	1
34	0	58177ab3-2019-04-18T19:34:39Z-00003-000	1
34	0	58177ad2-2019-04-18T19:34:18Z-00001-000	0
34	0	58177ad2-2019-04-18T19:34:18Z-00002-000	0
34	0	58177ad2-2019-04-18T19:34:18Z-00003-000	0
34	0	58177ad2-2019-04-18T19:34:18Z-00004-000	0
34	0	58177ad2-2019-04-18T19:34:18Z-00005-000	1
34	0	5c1e1da6-2019-04-18T18:36:14Z-00000-000	0
34	0	5c1e1da6-2019-04-18T18:36:14Z-00007-000	0
34	0	5c1e1da6-2019-04-18T18:36:14Z-00008-000	0
34	0	5d621fc6-2019-04-18T18:36:07Z-00000-000	0
34	0	5d621fc6-2019-04-18T18:36:07Z-00001-000	0
34	0	5d621fc6-2019-04-18T18:36:07Z-00004-000	0
34	0	5d621fc6-2019-04-18T18:36:07Z-00005-000	0
34	0	5e021afe-2019-04-18T11:56:28Z-00000-000	1
34	0	629412b6-2019-04-18T18:09:34Z-00002-000	0
34	0	629412b6-2019-04-18T18:09:34Z-00003-000	0
34	0	6ea9a438-2019-04-18T15:38:58Z-00000-000	0
34	0	6ea9a438-2019-04-18T15:38:58Z-00003-000	1
34	0	700681d9-2019-04-18T17:01:58Z-00001-000	1
34	0	700681d9-2019-04-18T17:01:58Z-00008-000	0
34	0	7a949437-2019-04-18T19:29:40Z-00001-000	0
34	0	7a949437-2019-04-18T19:29:40Z-00002-000	1
34	0	7a949437-2019-04-18T19:29:40Z-00003-000	0
34	0	7a949437-2019-04-18T19:29:40Z-00004-000	0
34	0	8fd4114f-2019-04-18T15:15:13Z-00000-000	1
34	0	9e189cf7-2019-04-18T15:08:59Z-00001-000	0
34	0	a5deb511-2019-04-18T13:31:14Z-00002-000	0
34	0	ab9f69d4-2019-04-18T15:31:53Z-00000-000	0
34	0	ab9f69d4-2019-04-18T15:31:53Z-00002-000	1
34	0	aef01efd-2019-04-18T15:53:36Z-00005-000	0
34	0	c4b5d675-2019-04-18T17:50:23Z-00003-000	0
34	0	c86547b-2019-04-18T19:08:33Z-00000-000	0
34	0	c86547b-2019-04-18T19:08:33Z-00002-000	1
34	0	c86547b-2019-04-18T19:08:33Z-00003-000	0
34	0	cc128cdd-2019-04-18T15:58:37Z-00000-000	0
34	0	cc128cdd-2019-04-18T15:58:37Z-00001-000	0
34	0	cc128cdd-2019-04-18T15:58:37Z-00002-000	0
34	0	cc128cdd-2019-04-18T15:58:37Z-00003-000	0
34	0	cc128cdd-2019-04-18T15:58:37Z-00004-000	0
34	0	df3b86f3-2019-04-18T18:41:07Z-00002-000	0
34	0	df3b86f3-2019-04-18T18:41:07Z-00003-000	0
34	0	e8b687aa-2019-04-18T14:02:51Z-00004-000	1
34	0	e8e5f96c-2019-04-18T17:06:00Z-00000-000	0
34	0	e8e5f96c-2019-04-18T17:06:00Z-00002-000	1
34	0	ec88ad82-2019-04-18T19:34:14Z-00002-000	0
34	0	ec88ad82-2019-04-18T19:34:14Z-00003-000	1
34	0	ec88ad82-2019-04-18T19:34:14Z-00004-000	1
34	0	ec88ad82-2019-04-18T19:34:14Z-00005-000	0
34	0	f0c04fae-2019-04-18T11:22:23Z-00000-000	1
34	0	f359b0bb-2019-04-18T19:27:59Z-00004-000	0
34	0	fb0073bc-2019-04-18T12:47:53Z-00000-000	1
34	0	fb0073bc-2019-04-18T12:47:53Z-00001-000	0
34	0	fb0073bc-2019-04-18T12:47:53Z-00007-000	1
34	0	ff33548-2019-04-19T12:46:27Z-00016-000	0
34	0	ff33548-2019-04-19T12:46:27Z-00017-000	0
34	0	ff6dab30-2019-04-18T19:31:40Z-00000-000	0
34	0	ff6dab30-2019-04-18T19:31:40Z-00001-000	0
34	0	ff6dab30-2019-04-18T19:31:40Z-00002-000	1
34	0	ff6dab30-2019-04-18T19:31:40Z-00003-000	0
34	0	ff6dab30-2019-04-18T19:31:40Z-00004-000	1
34	0	ff6dab6e-2019-04-18T19:30:28Z-00000-000	0
34	0	ff6dab6e-2019-04-18T19:30:28Z-00001-000	0
34	0	ff6dab6e-2019-04-18T19:30:28Z-00002-000	0
34	0	ff6dab6e-2019-04-18T19:30:28Z-00003-000	1
34	0	ff6dab6e-2019-04-18T19:30:28Z-00004-000	0
34	0	ff6dab6e-2019-04-18T19:30:28Z-00005-000	1
34	0	ff6f8975-2019-04-18T17:08:18Z-00001-000	0
34	0	ff6f8975-2019-04-18T17:08:18Z-00005-000	1
35	0	117d4c1a-2019-04-18T18:37:03Z-00004-000	0
35	0	117d4c1a-2019-04-18T18:37:03Z-00007-000	1
35	0	1ac69d5c-2019-04-18T13:30:47Z-00002-000	1
35	0	1dd4cde4-2019-04-18T16:08:31Z-00002-000	0
35	0	1ff4635e-2019-04-18T18:36:23Z-00005-000	1
35	0	30a5cf73-2019-04-18T18:52:16Z-00001-000	1
35	0	30a5cf73-2019-04-18T18:52:16Z-00002-000	1
35	0	30a5cf73-2019-04-18T18:52:16Z-00003-000	1
35	0	33b3c1cd-2019-04-18T16:44:36Z-00000-000	0
35	0	33b3c1cd-2019-04-18T16:44:36Z-00001-000	0
35	0	3466ccde-2019-04-18T15:56:31Z-00002-000	0
35	0	3466ccde-2019-04-18T15:56:31Z-00006-000	0
35	0	3a5eaf06-2019-04-18T16:06:44Z-00006-000	1
35	0	3e67d226-2019-04-18T17:47:14Z-00001-000	1
35	0	4381b332-2019-04-19T12:47:35Z-00023-000	1
35	0	4381b332-2019-04-19T12:47:35Z-00030-000	0
35	0	45462ad0-2019-04-18T13:17:49Z-00000-000	0
35	0	45462ad0-2019-04-18T13:17:49Z-00005-000	1
35	0	456d6b1b-2019-04-18T16:18:57Z-00002-000	0
35	0	456d6b3a-2019-04-18T16:19:18Z-00001-000	0
35	0	456d6b3a-2019-04-18T16:19:18Z-00002-000	1
35	0	456d6b3a-2019-04-18T16:19:18Z-00004-000	0
35	0	456d6b3a-2019-04-18T16:19:18Z-00005-000	0
35	0	46745944-2019-04-18T12:08:45Z-00000-000	1
35	0	4f2fe78e-2019-04-18T11:10:15Z-00002-000	1
35	0	50c55103-2019-04-18T16:52:42Z-00003-000	1
35	0	586cd9b6-2019-04-18T17:05:07Z-00003-000	1
35	0	5b6b25e-2019-04-18T18:46:35Z-00001-000	0
35	0	5b6b25e-2019-04-18T18:46:35Z-00002-000	1
35	0	5b6b2f9-2019-04-18T15:28:19Z-00000-000	0
35	0	5b6b2f9-2019-04-18T15:28:19Z-00001-000	1
35	0	5dce2de2-2019-04-18T15:41:55Z-00001-000	1
35	0	60e33950-2019-04-18T16:35:04Z-00000-000	0
35	0	60e33950-2019-04-18T16:35:04Z-00001-000	1
35	0	63308ee0-2019-04-18T16:43:34Z-00001-000	0
35	0	63308ee0-2019-04-18T16:43:34Z-00002-000	1
35	0	6714f378-2019-04-18T20:03:11Z-00004-000	1
35	0	6a618e4b-2019-04-18T16:23:33Z-00004-000	1
35	0	6da2e494-2019-04-15T20:22:30Z-00008-000	1
35	0	6da2e494-2019-04-15T20:22:30Z-00010-000	1
35	0	758ea5f9-2019-04-18T16:05:18Z-00000-000	0
35	0	758ea5f9-2019-04-18T16:05:18Z-00001-000	0
35	0	758ea5f9-2019-04-18T16:05:18Z-00002-000	0
35	0	758ea5f9-2019-04-18T16:05:18Z-00004-000	1
35	0	7b564465-2019-04-18T13:46:22Z-00003-000	0
35	0	7d79edc5-2019-04-18T17:46:39Z-00002-000	1
35	0	7f02efbf-2019-04-18T17:47:09Z-00005-000	0
35	0	7f95546c-2019-04-18T14:36:44Z-00002-000	0
35	0	7f95546c-2019-04-18T14:36:44Z-00005-000	0
35	0	8294b441-2019-04-18T17:22:30Z-00003-000	0
35	0	8db68a9b-2019-04-18T16:56:06Z-00000-000	0
35	0	8db68a9b-2019-04-18T16:56:06Z-00003-000	0
35	0	8db68a9b-2019-04-18T16:56:06Z-00005-000	0
35	0	8e52f9f1-2019-04-18T19:02:33Z-00002-000	0
35	0	8e52f9f1-2019-04-18T19:02:33Z-00003-000	0
35	0	92fc546a-2019-04-15T20:22:34Z-00008-000	0
35	0	92fc546a-2019-04-15T20:22:34Z-00009-000	1
35	0	92fc546a-2019-04-15T20:22:34Z-00010-000	1
35	0	92fc546a-2019-04-15T20:22:34Z-00017-000	0
35	0	96c86471-2019-04-18T19:34:56Z-00002-000	1
35	0	a1ac5625-2019-04-18T12:11:35Z-00003-000	1
35	0	a5ca39dc-2019-04-18T11:43:36Z-00000-000	0
35	0	b1a6f17a-2019-04-18T15:54:21Z-00005-000	1
35	0	b4849efd-2019-04-18T17:56:23Z-00001-000	1
35	0	b4849efd-2019-04-18T17:56:23Z-00003-000	0
35	0	b84c76ff-2019-04-18T15:39:28Z-00002-000	0
35	0	b84c76ff-2019-04-18T15:39:28Z-00003-000	0
35	0	baa6345c-2019-04-18T13:44:43Z-00002-000	1
35	0	baa6345c-2019-04-18T13:44:43Z-00003-000	1
35	0	c4008d1a-2019-04-18T17:57:07Z-00001-000	1
35	0	c4f2dab6-2019-04-18T17:04:26Z-00001-000	0
35	0	c827393f-2019-04-18T17:49:30Z-00001-000	0
35	0	c958dc5a-2019-04-18T17:51:05Z-00003-000	0
35	0	ccecc0ad-2019-04-18T15:37:21Z-00001-000	1
35	0	ce330406-2019-04-18T15:51:12Z-00006-000	0
35	0	d0e5c093-2019-04-18T18:40:47Z-00006-000	1
35	0	d48f37bf-2019-04-17T11:47:20Z-00035-000	0
35	0	d48f37bf-2019-04-17T11:47:20Z-00038-000	1
35	0	d48f37bf-2019-04-17T11:47:20Z-00039-000	0
35	0	d48f37bf-2019-04-17T11:47:20Z-00043-000	0
35	0	d4bb089c-2019-04-18T15:33:19Z-00001-000	1
35	0	d4bb089c-2019-04-18T15:33:19Z-00002-000	1
35	0	d4bb089c-2019-04-18T15:33:19Z-00004-000	0
35	0	d5c9fd7c-2019-04-18T13:00:26Z-00002-000	1
35	0	d5fac21c-2019-04-18T15:06:25Z-00001-000	0
35	0	d94ca2d5-2019-04-18T18:35:58Z-00005-000	1
35	0	d94ca2d5-2019-04-18T18:35:58Z-00006-000	1
35	0	d94ca2d5-2019-04-18T18:35:58Z-00007-000	1
35	0	e42653aa-2019-04-18T16:41:40Z-00001-000	0
35	0	e42653aa-2019-04-18T16:41:40Z-00002-000	0
35	0	e6270ff-2019-04-18T16:35:46Z-00003-000	1
35	0	e6270ff-2019-04-18T16:35:46Z-00004-000	1
35	0	e6d00db4-2019-04-18T16:41:52Z-00001-000	1
35	0	e81dfba3-2019-04-18T17:00:44Z-00004-000	1
35	0	f3750c50-2019-04-18T11:57:33Z-00000-000	1
35	0	f3750c50-2019-04-18T11:57:33Z-00004-000	1
35	0	f3750c50-2019-04-18T11:57:33Z-00005-000	1
35	0	f3750c50-2019-04-18T11:57:33Z-00007-000	1
35	0	f47d4ad1-2019-04-18T16:02:36Z-00004-000	1
35	0	f47d4ad1-2019-04-18T16:02:36Z-00005-000	1
36	0	181c69f4-2019-04-18T19:26:04Z-00003-000	0
36	0	181c69f4-2019-04-18T19:26:04Z-00004-000	0
36	0	185c50aa-2019-04-18T16:11:29Z-00003-000	0
36	0	1d13f979-2019-04-18T16:56:19Z-00000-000	0
36	0	1d13f979-2019-04-18T16:56:19Z-00001-000	0
36	0	1d13f979-2019-04-18T16:56:19Z-00002-000	0
36	0	1d13f979-2019-04-18T16:56:19Z-00003-000	0
36	0	1d13f979-2019-04-18T16:56:19Z-00004-000	0
36	0	1d13f979-2019-04-18T16:56:19Z-00007-000	0
36	0	1d13f998-2019-04-18T13:32:52Z-00002-000	0
36	0	1d13f9d6-2019-04-18T12:17:58Z-00001-000	0
36	0	1d13f9d6-2019-04-18T12:17:58Z-00002-000	0
36	0	1d13f9d6-2019-04-18T12:17:58Z-00003-000	0
36	0	1d13f9d6-2019-04-18T12:17:58Z-00004-000	0
36	0	1d13f9d6-2019-04-18T12:17:58Z-00005-000	0
36	0	1d13f9d6-2019-04-18T12:17:58Z-00006-000	0
36	0	2a05382b-2019-04-18T14:26:42Z-00005-000	0
36	0	2a05382b-2019-04-18T14:26:42Z-00006-000	0
36	0	2c13cc23-2019-04-18T16:11:23Z-00000-000	0
36	0	2c13cc23-2019-04-18T16:11:23Z-00001-000	0
36	0	2c13cc23-2019-04-18T16:11:23Z-00003-000	0
36	0	2c13cc23-2019-04-18T16:11:23Z-00004-000	1
36	0	2e6a0d7e-2019-04-18T19:25:29Z-00004-000	0
36	0	2e6a0d7e-2019-04-18T19:25:29Z-00005-000	0
36	0	331dbe36-2019-04-18T14:51:04Z-00000-000	0
36	0	331dbe36-2019-04-18T14:51:04Z-00001-000	1
36	0	331dbe36-2019-04-18T14:51:04Z-00002-000	1
36	0	331dbe36-2019-04-18T14:51:04Z-00003-000	0
36	0	331dbe36-2019-04-18T14:51:04Z-00004-000	0
36	0	331dbe36-2019-04-18T14:51:04Z-00005-000	1
36	0	3bbff083-2019-04-18T19:52:50Z-00001-000	0
36	0	3bbff083-2019-04-18T19:52:50Z-00002-000	0
36	0	3e5c91eb-2019-04-17T11:47:40Z-00063-000	0
36	0	3e5c91eb-2019-04-17T11:47:40Z-00072-000	0
36	0	414e4d8a-2019-04-18T11:42:39Z-00000-000	0
36	0	4b7e0d28-2019-04-18T19:28:51Z-00004-000	0
36	0	4b7e0d28-2019-04-18T19:28:51Z-00005-000	1
36	0	4b7e0d28-2019-04-18T19:28:51Z-00009-000	0
36	0	4c19a039-2019-04-18T18:38:18Z-00003-000	0
36	0	51afcf0c-2019-04-18T17:56:46Z-00001-000	0
36	0	51afcf0c-2019-04-18T17:56:46Z-00002-000	0
36	0	5b40f34d-2019-04-18T14:05:29Z-00002-000	0
36	0	691acc63-2019-04-15T20:23:01Z-00021-000	0
36	0	6b8ef422-2019-04-18T16:45:09Z-00000-000	0
36	0	6b8ef422-2019-04-18T16:45:09Z-00001-000	0
36	0	6b8ef422-2019-04-18T16:45:09Z-00002-000	1
36	0	6b8ef422-2019-04-18T16:45:09Z-00003-000	0
36	0	6b8ef422-2019-04-18T16:45:09Z-00004-000	1
36	0	7768222e-2019-04-18T17:59:36Z-00000-000	0
36	0	7768222e-2019-04-18T17:59:36Z-00001-000	1
36	0	895fbbe-2019-04-18T12:03:45Z-00000-000	0
36	0	895fbbe-2019-04-18T12:03:45Z-00001-000	0
36	0	8b62fc9c-2019-04-18T19:14:51Z-00004-000	0
36	0	8b62fc9c-2019-04-18T19:14:51Z-00005-000	0
36	0	953298b6-2019-04-18T16:05:27Z-00000-000	0
36	0	953298b6-2019-04-18T16:05:27Z-00001-000	0
36	0	953298b6-2019-04-18T16:05:27Z-00005-000	1
36	0	9678a3d2-2019-04-18T16:17:12Z-00000-000	0
36	0	a2449587-2019-04-18T16:24:07Z-00004-000	0
36	0	a452c48c-2019-04-18T17:19:37Z-00001-000	0
36	0	a452c48c-2019-04-18T17:19:37Z-00005-000	1
36	0	a452c48c-2019-04-18T17:19:37Z-00006-000	0
36	0	a452c48c-2019-04-18T17:19:37Z-00007-000	1
36	0	a5088c85-2019-04-18T13:09:22Z-00003-000	0
36	0	a6235621-2019-04-19T12:44:35Z-00014-000	0
36	0	a81751a9-2019-04-18T18:54:52Z-00003-000	0
36	0	a81751a9-2019-04-18T18:54:52Z-00004-000	0
36	0	b032fa0a-2019-04-18T15:02:37Z-00001-000	0
36	0	b1838549-2019-04-18T17:05:27Z-00003-000	0
36	0	b5ccaffb-2019-04-18T16:45:07Z-00003-000	0
36	0	bb04abe6-2019-04-18T19:54:49Z-00000-000	1
36	0	bb04abe6-2019-04-18T19:54:49Z-00001-000	1
36	0	bb04abe6-2019-04-18T19:54:49Z-00002-000	1
36	0	bb04abe6-2019-04-18T19:54:49Z-00003-000	0
36	0	bb04abe6-2019-04-18T19:54:49Z-00004-000	1
36	0	bb04abe6-2019-04-18T19:54:49Z-00005-000	0
36	0	c788fb1e-2019-04-18T19:50:24Z-00001-000	0
36	0	c82afe8b-2019-04-18T14:35:31Z-00002-000	0
36	0	c82afeaa-2019-04-18T12:13:32Z-00000-000	0
36	0	c82afeaa-2019-04-18T12:13:32Z-00001-000	0
36	0	d6baaaf1-2019-04-18T12:08:55Z-00001-000	1
36	0	d6cf9790-2019-04-18T11:58:57Z-00001-000	0
36	0	e4499700-2019-04-18T17:28:24Z-00005-000	0
36	0	edab086a-2019-04-18T17:21:18Z-00000-000	1
36	0	edab086a-2019-04-18T17:21:18Z-00001-000	1
36	0	edab086a-2019-04-18T17:21:18Z-00002-000	1
36	0	edab086a-2019-04-18T17:21:18Z-00003-000	1
36	0	edab086a-2019-04-18T17:21:18Z-00004-000	1
36	0	edab086a-2019-04-18T17:21:18Z-00005-000	0
36	0	edab08a8-2019-04-18T16:34:53Z-00000-000	0
36	0	edab08a8-2019-04-18T16:34:53Z-00001-000	1
36	0	edab08a8-2019-04-18T16:34:53Z-00002-000	0
36	0	edab08a8-2019-04-18T16:34:53Z-00003-000	1
36	0	f6c3ab3f-2019-04-18T16:53:00Z-00000-000	0
36	0	f6c3ab3f-2019-04-18T16:53:00Z-00001-000	1
36	0	f6c3ab3f-2019-04-18T16:53:00Z-00002-000	0
36	0	f6c3ab3f-2019-04-18T16:53:00Z-00003-000	1
36	0	f6c3ab3f-2019-04-18T16:53:00Z-00004-000	0
36	0	f81067da-2019-04-18T12:40:50Z-00005-000	0
36	0	fdc24f12-2019-04-18T13:53:44Z-00001-000	0
37	0	160682d8-2019-04-18T18:08:30Z-00000-000	0
37	0	160682d8-2019-04-18T18:08:30Z-00001-000	0
37	0	160682d8-2019-04-18T18:08:30Z-00002-000	0
37	0	1a94f253-2019-04-18T17:01:12Z-00001-000	0
37	0	1a94f253-2019-04-18T17:01:12Z-00002-000	0
37	0	1a94f253-2019-04-18T17:01:12Z-00003-000	0
37	0	1a94f253-2019-04-18T17:01:12Z-00004-000	0
37	0	1a94f253-2019-04-18T17:01:12Z-00005-000	0
37	0	1fdda57c-2019-04-15T20:24:46Z-00021-000	0
37	0	240561fd-2019-04-17T11:47:40Z-00003-000	0
37	0	240561fd-2019-04-17T11:47:40Z-00014-000	0
37	0	240561fd-2019-04-17T11:47:40Z-00017-000	0
37	0	240561fd-2019-04-17T11:47:40Z-00030-000	0
37	0	240561fd-2019-04-17T11:47:40Z-00031-000	0
37	0	240561fd-2019-04-17T11:47:40Z-00032-000	0
37	0	240561fd-2019-04-17T11:47:40Z-00038-000	0
37	0	240561fd-2019-04-17T11:47:40Z-00044-000	0
37	0	240561fd-2019-04-17T11:47:40Z-00047-000	0
37	0	240561fd-2019-04-17T11:47:40Z-00049-000	0
37	0	240561fd-2019-04-17T11:47:40Z-00051-000	0
37	0	240561fd-2019-04-17T11:47:40Z-00052-000	0
37	0	240561fd-2019-04-17T11:47:40Z-00073-000	0
37	0	240561fd-2019-04-17T11:47:40Z-00077-000	0
37	0	257b9024-2019-04-18T14:44:28Z-00006-000	0
37	0	26d40999-2019-04-18T18:23:26Z-00001-000	0
37	0	26d40999-2019-04-18T18:23:26Z-00002-000	1
37	0	26d40999-2019-04-18T18:23:26Z-00003-000	0
37	0	337d5b0b-2019-04-18T17:17:37Z-00002-000	0
37	0	3fb6ba05-2019-04-15T20:24:45Z-00000-000	0
37	0	3fb6ba05-2019-04-15T20:24:45Z-00005-000	0
37	0	3fb6ba05-2019-04-15T20:24:45Z-00006-000	0
37	0	3fb6ba05-2019-04-15T20:24:45Z-00007-000	0
37	0	3fb6ba05-2019-04-15T20:24:45Z-00009-000	0
37	0	3fb6ba05-2019-04-15T20:24:45Z-00017-000	0
37	0	4c2cac7d-2019-04-19T12:44:36Z-00008-000	0
37	0	522c7c3b-2019-04-19T12:44:42Z-00005-000	0
37	0	522c7c3b-2019-04-19T12:44:42Z-00006-000	0
37	0	522c7c3b-2019-04-19T12:44:42Z-00007-000	0
37	0	522c7c3b-2019-04-19T12:44:42Z-00008-000	0
37	0	522c7c3b-2019-04-19T12:44:42Z-00016-000	0
37	0	53fc0783-2019-04-18T16:30:32Z-00000-000	0
37	0	53fc0783-2019-04-18T16:30:32Z-00002-000	0
37	0	53fc0783-2019-04-18T16:30:32Z-00004-000	0
37	0	57e140e8-2019-04-18T18:27:47Z-00002-000	0
37	0	57e140e8-2019-04-18T18:27:47Z-00003-000	0
37	0	57e140e8-2019-04-18T18:27:47Z-00004-000	0
37	0	5af4c3ec-2019-04-19T12:48:10Z-00010-000	0
37	0	691fdd5d-2019-04-18T17:30:47Z-00001-000	0
37	0	70b67f9b-2019-04-18T12:33:37Z-00000-000	0
37	0	70b67f9b-2019-04-18T12:33:37Z-00001-000	0
37	0	70b67f9b-2019-04-18T12:33:37Z-00002-000	0
37	0	70b67f9b-2019-04-18T12:33:37Z-00003-000	0
37	0	7864ca28-2019-04-18T15:29:03Z-00006-000	0
37	0	7cb4f197-2019-04-18T16:20:01Z-00000-000	0
37	0	8e939d6d-2019-04-18T14:17:04Z-00000-000	0
37	0	8e939d6d-2019-04-18T14:17:04Z-00004-000	0
37	0	8f405a57-2019-04-18T19:20:50Z-00001-000	0
37	0	8f405a57-2019-04-18T19:20:50Z-00003-000	0
37	0	8f540882-2019-04-18T11:13:47Z-00004-000	0
37	0	9a803cbb-2019-04-18T11:41:24Z-00000-000	0
37	0	9a803cbb-2019-04-18T11:41:24Z-00001-000	0
37	0	9aa2da1b-2019-04-19T12:46:59Z-00001-000	0
37	0	9aa2da1b-2019-04-19T12:46:59Z-00002-000	0
37	0	9aa2da1b-2019-04-19T12:46:59Z-00003-000	0
37	0	9aa2da1b-2019-04-19T12:46:59Z-00004-000	0
37	0	9aa2da1b-2019-04-19T12:46:59Z-00005-000	0
37	0	9aa2da1b-2019-04-19T12:46:59Z-00006-000	0
37	0	9aa2da1b-2019-04-19T12:46:59Z-00007-000	0
37	0	9aa2da1b-2019-04-19T12:46:59Z-00010-000	1
37	0	9aa2da1b-2019-04-19T12:46:59Z-00012-000	0
37	0	9aa2da1b-2019-04-19T12:46:59Z-00013-000	1
37	0	9e69ad73-2019-04-18T16:17:25Z-00002-000	0
37	0	a0c60838-2019-04-18T15:04:15Z-00001-000	0
37	0	a56dda15-2019-04-18T16:24:49Z-00002-000	0
37	0	a6bcbd59-2019-04-18T17:58:11Z-00000-000	0
37	0	aecf7370-2019-04-18T12:27:52Z-00002-000	0
37	0	b2b3385f-2019-04-18T11:40:05Z-00000-000	1
37	0	b2b3385f-2019-04-18T11:40:05Z-00001-000	0
37	0	b2b3385f-2019-04-18T11:40:05Z-00002-000	0
37	0	b2b3385f-2019-04-18T11:40:05Z-00003-000	1
37	0	b2b3385f-2019-04-18T11:40:05Z-00004-000	0
37	0	b2b3385f-2019-04-18T11:40:05Z-00005-000	0
37	0	b2b3385f-2019-04-18T11:40:05Z-00006-000	0
37	0	b61f3301-2019-04-18T12:40:37Z-00000-000	0
37	0	b986bc28-2019-04-18T19:08:23Z-00000-000	0
37	0	b986bc28-2019-04-18T19:08:23Z-00001-000	0
37	0	b986bc28-2019-04-18T19:08:23Z-00002-000	0
37	0	b986bc28-2019-04-18T19:08:23Z-00003-000	0
37	0	e07687cb-2019-04-18T19:49:34Z-00003-000	0
37	0	e4f285c5-2019-04-18T19:36:52Z-00000-000	0
37	0	e4f285c5-2019-04-18T19:36:52Z-00001-000	0
37	0	e598cf79-2019-04-18T17:58:13Z-00004-000	0
37	0	ec1fbf3f-2019-04-18T15:36:00Z-00003-000	0
37	0	f7b7b428-2019-04-18T19:06:58Z-00002-000	0
37	0	f7b7b428-2019-04-18T19:06:58Z-00003-000	0
37	0	fa5da6ff-2019-04-18T15:40:19Z-00001-000	0
37	0	fa5da6ff-2019-04-18T15:40:19Z-00002-000	0
37	0	fcff2e33-2019-04-18T14:12:26Z-00002-000	0
37	0	fdbb8e69-2019-04-18T16:08:28Z-00002-000	0
37	0	fea6e8c3-2019-04-18T15:16:16Z-00002-000	0
38	0	110247dd-2019-04-18T18:02:36Z-00004-000	0
38	0	174daa99-2019-04-18T19:27:29Z-00003-000	0
38	0	174daab8-2019-04-18T19:00:10Z-00003-000	0
38	0	174daab8-2019-04-18T19:00:10Z-00004-000	1
38	0	174dab53-2019-04-18T18:33:55Z-00007-000	1
38	0	21af0c6a-2019-04-18T14:47:21Z-00005-000	0
38	0	2a0ef4cd-2019-04-18T15:56:01Z-00003-000	0
38	0	2bdac55a-2019-04-18T13:14:01Z-00004-000	0
38	0	342a26ba-2019-04-18T19:28:06Z-00002-000	0
38	0	3975582b-2019-04-18T15:31:02Z-00001-000	1
38	0	3f13792b-2019-04-18T16:30:49Z-00002-000	0
38	0	44c2bf2a-2019-04-18T16:43:35Z-00003-000	0
38	0	4d3852ce-2019-04-18T18:53:13Z-00000-000	0
38	0	4d3852ce-2019-04-18T18:53:13Z-00008-000	0
38	0	4d3852ce-2019-04-18T18:53:13Z-00009-000	1
38	0	59d1f899-2019-04-18T18:19:38Z-00005-000	1
38	0	59d1f934-2019-04-18T18:08:59Z-00003-000	1
38	0	59d1fcb7-2019-04-18T17:16:51Z-00004-000	1
38	0	59d1ffbe-2019-04-18T16:45:33Z-00006-000	1
38	0	5acb3c54-2019-04-18T19:31:09Z-00004-000	1
38	0	5d56b6d8-2019-04-18T16:58:57Z-00002-000	0
38	0	5d56b6d8-2019-04-18T16:58:57Z-00004-000	0
38	0	6231ab47-2019-04-18T16:20:48Z-00008-000	0
38	0	66907055-2019-04-18T19:31:34Z-00002-000	0
38	0	66907055-2019-04-18T19:31:34Z-00003-000	1
38	0	6c71015a-2019-04-18T16:09:02Z-00002-000	0
38	0	6c71015a-2019-04-18T16:09:02Z-00005-000	1
38	0	6f02a9c0-2019-04-18T14:40:29Z-00001-000	1
38	0	6f02a9c0-2019-04-18T14:40:29Z-00003-000	1
38	0	6f02a9c0-2019-04-18T14:40:29Z-00004-000	0
38	0	703fcb1d-2019-04-18T15:08:04Z-00005-000	0
38	0	711b9599-2019-04-18T13:44:23Z-00000-000	0
38	0	711b9599-2019-04-18T13:44:23Z-00001-000	1
38	0	711b9599-2019-04-18T13:44:23Z-00002-000	0
38	0	711b9599-2019-04-18T13:44:23Z-00005-000	1
38	0	71a0ec90-2019-04-18T18:13:05Z-00004-000	0
38	0	8160cfd9-2019-04-18T18:44:31Z-00005-000	0
38	0	82c12bae-2019-04-18T18:49:36Z-00000-000	0
38	0	82c12bae-2019-04-18T18:49:36Z-00001-000	0
38	0	82c12bae-2019-04-18T18:49:36Z-00002-000	1
38	0	82c12bae-2019-04-18T18:49:36Z-00003-000	0
38	0	82c12bae-2019-04-18T18:49:36Z-00004-000	1
38	0	84f999d5-2019-04-18T18:09:59Z-00005-000	1
38	0	864c52b1-2019-04-18T19:23:38Z-00005-000	0
38	0	86da9e6a-2019-04-18T18:38:11Z-00004-000	0
38	0	86da9e6a-2019-04-18T18:38:11Z-00005-000	1
38	0	86fca339-2019-04-18T18:03:35Z-00006-000	0
38	0	87b8c230-2019-04-17T11:47:26Z-00118-000	0
38	0	87b8c230-2019-04-17T11:47:26Z-00130-000	0
38	0	8c493086-2019-04-18T19:25:29Z-00001-000	0
38	0	8c493086-2019-04-18T19:25:29Z-00007-000	0
38	0	8e815158-2019-04-18T20:01:50Z-00005-000	0
38	0	94bd510e-2019-04-18T19:53:10Z-00005-000	0
38	0	9821cb64-2019-04-18T15:54:34Z-00002-000	1
38	0	9821cb64-2019-04-18T15:54:34Z-00003-000	0
38	0	9821cb64-2019-04-18T15:54:34Z-00004-000	0
38	0	99d62d9d-2019-04-18T14:32:36Z-00004-000	0
38	0	b0a1297b-2019-04-18T17:56:41Z-00000-000	0
38	0	b0a1297b-2019-04-18T17:56:41Z-00003-000	1
38	0	b0a1297b-2019-04-18T17:56:41Z-00004-000	0
38	0	b0a1297b-2019-04-18T17:56:41Z-00006-000	0
38	0	b0a1297b-2019-04-18T17:56:41Z-00007-000	1
38	0	b8e612ba-2019-04-18T19:59:02Z-00003-000	1
38	0	c0722593-2019-04-18T19:00:13Z-00004-000	0
38	0	c416873d-2019-04-18T18:19:50Z-00003-000	1
38	0	c416877b-2019-04-18T15:36:17Z-00002-000	0
38	0	c6aab7ec-2019-04-18T19:30:19Z-00003-000	0
38	0	c6aab7ec-2019-04-18T19:30:19Z-00004-000	1
38	0	ce3ef40f-2019-04-18T14:04:54Z-00002-000	0
38	0	d0a9155a-2019-04-18T19:00:24Z-00002-000	0
38	0	d0a91579-2019-04-18T18:58:48Z-00002-000	1
38	0	d0a91598-2019-04-18T18:36:17Z-00003-000	1
38	0	d0a91598-2019-04-18T18:36:17Z-00004-000	0
38	0	d0a91598-2019-04-18T18:36:17Z-00005-000	0
38	0	d267a533-2019-04-18T18:20:55Z-00000-000	0
38	0	d267a533-2019-04-18T18:20:55Z-00005-000	1
38	0	d267a8f4-2019-04-18T17:01:16Z-00000-000	0
38	0	d267a8f4-2019-04-18T17:01:16Z-00001-000	1
38	0	d267a913-2019-04-18T16:17:41Z-00005-000	1
38	0	d267a970-2019-04-18T15:26:34Z-00003-000	1
38	0	d267acd4-2019-04-18T12:17:49Z-00001-000	1
38	0	d267acf3-2019-04-18T11:47:51Z-00001-000	1
38	0	d267ad12-2019-04-18T11:40:03Z-00000-000	1
38	0	d3a6203-2019-04-18T17:51:05Z-00002-000	0
38	0	d42a9277-2019-04-18T16:35:12Z-00002-000	1
38	0	d6ea1958-2019-04-18T18:02:20Z-00004-000	0
38	0	d7c339a6-2019-04-18T11:47:37Z-00001-000	1
38	0	d9c294ad-2019-04-18T15:44:22Z-00001-000	0
38	0	dc68ec3e-2019-04-18T13:40:55Z-00000-000	1
38	0	dc68ec3e-2019-04-18T13:40:55Z-00003-000	0
38	0	de9f97e-2019-04-18T15:11:49Z-00002-000	1
38	0	e1d1a698-2019-04-18T15:18:36Z-00004-000	0
38	0	eda04888-2019-04-18T14:09:48Z-00007-000	1
38	0	efda0a4-2019-04-18T13:23:28Z-00002-000	0
38	0	fa1a69b6-2019-04-18T16:31:37Z-00001-000	0
38	0	fa1a69b6-2019-04-18T16:31:37Z-00002-000	0
38	0	fa1a69b6-2019-04-18T16:31:37Z-00003-000	0
38	0	fa1a69b6-2019-04-18T16:31:37Z-00004-000	0
38	0	fa1a69b6-2019-04-18T16:31:37Z-00005-000	0
38	0	ffcf93d6-2019-04-18T18:36:12Z-00003-000	1
39	0	1374527e-2019-04-18T17:17:19Z-00002-000	1
39	0	1cab55-2019-04-18T13:56:58Z-00003-000	1
39	0	1d5f1558-2019-04-18T15:25:13Z-00001-000	1
39	0	1d5f1558-2019-04-18T15:25:13Z-00006-000	0
39	0	342cf7b6-2019-04-18T16:32:02Z-00000-000	1
39	0	342cf7b6-2019-04-18T16:32:02Z-00005-000	1
39	0	342cf7b6-2019-04-18T16:32:02Z-00006-000	1
39	0	342cf7b6-2019-04-18T16:32:02Z-00007-000	0
39	0	40f0bed0-2019-04-18T14:11:38Z-00000-000	1
39	0	40f0bed0-2019-04-18T14:11:38Z-00002-000	0
39	0	4505ff06-2019-04-18T13:43:08Z-00002-000	1
39	0	47041c36-2019-04-18T14:16:28Z-00000-000	0
39	0	47041c36-2019-04-18T14:16:28Z-00001-000	0
39	0	47041c36-2019-04-18T14:16:28Z-00002-000	0
39	0	47041c36-2019-04-18T14:16:28Z-00003-000	0
39	0	47041c36-2019-04-18T14:16:28Z-00004-000	1
39	0	47041c36-2019-04-18T14:16:28Z-00005-000	1
39	0	47041c36-2019-04-18T14:16:28Z-00006-000	1
39	0	4d04459a-2019-04-18T14:01:20Z-00000-000	1
39	0	4d04459a-2019-04-18T14:01:20Z-00003-000	1
39	0	4d04459a-2019-04-18T14:01:20Z-00004-000	1
39	0	4d04459a-2019-04-18T14:01:20Z-00005-000	0
39	0	4d04459a-2019-04-18T14:01:20Z-00006-000	1
39	0	4d04459a-2019-04-18T14:01:20Z-00007-000	0
39	0	5194bbe-2019-04-18T17:30:08Z-00000-000	0
39	0	5194bbe-2019-04-18T17:30:08Z-00003-000	0
39	0	5194bbe-2019-04-18T17:30:08Z-00004-000	0
39	0	5194bbe-2019-04-18T17:30:08Z-00005-000	1
39	0	5194bbe-2019-04-18T17:30:08Z-00006-000	1
39	0	51c34db5-2019-04-18T13:22:25Z-00001-000	0
39	0	51c34db5-2019-04-18T13:22:25Z-00003-000	0
39	0	51c34db5-2019-04-18T13:22:25Z-00004-000	1
39	0	51c34db5-2019-04-18T13:22:25Z-00005-000	1
39	0	51c34db5-2019-04-18T13:22:25Z-00006-000	1
39	0	5339b784-2019-04-18T15:45:56Z-00004-000	1
39	0	5339b784-2019-04-18T15:45:56Z-00005-000	1
39	0	5339b784-2019-04-18T15:45:56Z-00006-000	1
39	0	630f7c6f-2019-04-18T12:52:49Z-00001-000	0
39	0	630f7c6f-2019-04-18T12:52:49Z-00002-000	1
39	0	6ac98ba6-2019-04-18T15:12:23Z-00000-000	1
39	0	6ac98ba6-2019-04-18T15:12:23Z-00002-000	1
39	0	6ac98ba6-2019-04-18T15:12:23Z-00003-000	0
39	0	6ac98ba6-2019-04-18T15:12:23Z-00004-000	1
39	0	6ac98ba6-2019-04-18T15:12:23Z-00005-000	1
39	0	6ac98ba6-2019-04-18T15:12:23Z-00006-000	1
39	0	6ac98ba6-2019-04-18T15:12:23Z-00007-000	0
39	0	7021d6d5-2019-04-18T16:45:34Z-00000-000	0
39	0	7021d6d5-2019-04-18T16:45:34Z-00001-000	1
39	0	7245daba-2019-04-18T15:27:44Z-00003-000	0
39	0	74df972a-2019-04-18T14:06:51Z-00000-000	0
39	0	74df972a-2019-04-18T14:06:51Z-00001-000	0
39	0	74df972a-2019-04-18T14:06:51Z-00002-000	0
39	0	74df972a-2019-04-18T14:06:51Z-00004-000	1
39	0	74df972a-2019-04-18T14:06:51Z-00005-000	1
39	0	74df972a-2019-04-18T14:06:51Z-00006-000	0
39	0	7a99c7b0-2019-04-18T16:23:13Z-00005-000	1
39	0	7a99c7b0-2019-04-18T16:23:13Z-00007-000	1
39	0	7a99c7cf-2019-04-18T16:20:28Z-00005-000	1
39	0	7a99c7cf-2019-04-18T16:20:28Z-00007-000	1
39	0	7e7132f5-2019-04-18T13:44:45Z-00003-000	1
39	0	8c866652-2019-04-18T18:27:57Z-00003-000	1
39	0	8c9c7325-2019-04-18T13:31:47Z-00001-000	0
39	0	8c9c7325-2019-04-18T13:31:47Z-00003-000	0
39	0	8c9c7325-2019-04-18T13:31:47Z-00004-000	1
39	0	8c9c7325-2019-04-18T13:31:47Z-00005-000	1
39	0	9329eedd-2019-04-18T14:04:54Z-00001-000	0
39	0	9329eedd-2019-04-18T14:04:54Z-00003-000	1
39	0	9329eedd-2019-04-18T14:04:54Z-00004-000	1
39	0	9329eedd-2019-04-18T14:04:54Z-00005-000	1
39	0	9329eedd-2019-04-18T14:04:54Z-00006-000	0
39	0	93fbabb6-2019-04-18T12:38:32Z-00002-000	1
39	0	9e83cfe2-2019-04-18T14:18:48Z-00000-000	0
39	0	9e83cfe2-2019-04-18T14:18:48Z-00001-000	0
39	0	9e83cfe2-2019-04-18T14:18:48Z-00003-000	0
39	0	a3568b53-2019-04-18T17:13:51Z-00003-000	1
39	0	a3568bcf-2019-04-18T12:53:07Z-00001-000	1
39	0	b3c6f9b8-2019-04-18T12:20:53Z-00001-000	1
39	0	b3c6f9b8-2019-04-18T12:20:53Z-00004-000	0
39	0	b3c6f9b8-2019-04-18T12:20:53Z-00005-000	1
39	0	b6f6e654-2019-04-18T17:09:58Z-00000-000	1
39	0	b6f6e654-2019-04-18T17:09:58Z-00001-000	0
39	0	b6f6e654-2019-04-18T17:09:58Z-00002-000	1
39	0	b6f6e654-2019-04-18T17:09:58Z-00003-000	1
39	0	be617355-2019-04-18T14:49:38Z-00002-000	1
39	0	beb2c569-2019-04-18T16:49:14Z-00002-000	1
39	0	beb2c569-2019-04-18T16:49:14Z-00005-000	0
39	0	bf184b88-2019-04-18T14:33:20Z-00000-000	1
39	0	bf184b88-2019-04-18T14:33:20Z-00004-000	1
39	0	bf184b88-2019-04-18T14:33:20Z-00005-000	0
39	0	ce0a06a9-2019-04-18T13:25:18Z-00001-000	1
39	0	ce0a06a9-2019-04-18T13:25:18Z-00002-000	1
39	0	d13faac7-2019-04-18T14:24:38Z-00007-000	0
39	0	d93e6b4a-2019-04-18T14:23:03Z-00002-000	1
39	0	db76a53d-2019-04-18T16:19:38Z-00001-000	1
39	0	ddb9f050-2019-04-18T11:59:07Z-00001-000	1
39	0	ddb9f050-2019-04-18T11:59:07Z-00004-000	1
39	0	e1beae30-2019-04-18T15:58:56Z-00000-000	1
39	0	e4c4f298-2019-04-18T12:58:30Z-00002-000	1
39	0	e4c4f298-2019-04-18T12:58:30Z-00004-000	1
39	0	fb307db5-2019-04-18T12:46:41Z-00002-000	1
4	0	139da6c8-2019-04-18T18:43:01Z-00005-000	1
4	0	1d10487f-2019-04-17T11:47:31Z-00009-000	0
4	0	1d10487f-2019-04-17T11:47:31Z-00040-000	0
4	0	1d10487f-2019-04-17T11:47:31Z-00041-000	1
4	0	1d10487f-2019-04-17T11:47:31Z-00064-000	1
4	0	1db9e12f-2019-04-18T14:56:22Z-00002-000	1
4	0	1db9e12f-2019-04-18T14:56:22Z-00003-000	1
4	0	1df1290b-2019-04-19T12:44:36Z-00000-000	0
4	0	1df1290b-2019-04-19T12:44:36Z-00042-000	1
4	0	1df1290b-2019-04-19T12:44:36Z-00048-000	1
4	0	1df1290b-2019-04-19T12:44:36Z-00057-000	0
4	0	1df1290b-2019-04-19T12:44:36Z-00072-000	1
4	0	1df1290b-2019-04-19T12:44:36Z-00076-000	1
4	0	21d6875b-2019-04-18T16:29:45Z-00000-000	1
4	0	21d6875b-2019-04-18T16:29:45Z-00004-000	1
4	0	29b5e1ff-2019-04-18T17:57:40Z-00000-000	1
4	0	29b5e1ff-2019-04-18T17:57:40Z-00001-000	1
4	0	29b5e1ff-2019-04-18T17:57:40Z-00004-000	0
4	0	29b5e1ff-2019-04-18T17:57:40Z-00005-000	1
4	0	29b5e1ff-2019-04-18T17:57:40Z-00008-000	0
4	0	2fc6200f-2019-04-18T17:01:39Z-00001-000	1
4	0	2fc6200f-2019-04-18T17:01:39Z-00002-000	1
4	0	2fc6200f-2019-04-18T17:01:39Z-00003-000	1
4	0	2fc6200f-2019-04-18T17:01:39Z-00004-000	1
4	0	2fc6200f-2019-04-18T17:01:39Z-00005-000	0
4	0	2fc6200f-2019-04-18T17:01:39Z-00006-000	0
4	0	3cb1c9ed-2019-04-18T15:44:50Z-00002-000	1
4	0	4712ec0a-2019-04-18T12:53:28Z-00000-000	0
4	0	4712ec0a-2019-04-18T12:53:28Z-00001-000	1
4	0	4712ec0a-2019-04-18T12:53:28Z-00003-000	1
4	0	4712ec0a-2019-04-18T12:53:28Z-00004-000	0
4	0	4712ec0a-2019-04-18T12:53:28Z-00005-000	1
4	0	4712ec0a-2019-04-18T12:53:28Z-00006-000	1
4	0	4712ec0a-2019-04-18T12:53:28Z-00007-000	1
4	0	4d028cd3-2019-04-18T18:37:10Z-00007-000	1
4	0	4f5f2556-2019-04-18T19:32:13Z-00001-000	1
4	0	4f5f2556-2019-04-18T19:32:13Z-00003-000	1
4	0	54c72979-2019-04-19T12:45:56Z-00015-000	1
4	0	573905a8-2019-04-18T19:08:18Z-00000-000	0
4	0	573905a8-2019-04-18T19:08:18Z-00002-000	0
4	0	573905a8-2019-04-18T19:08:18Z-00003-000	0
4	0	573905a8-2019-04-18T19:08:18Z-00004-000	1
4	0	579727b-2019-04-18T16:09:13Z-00003-000	1
4	0	579727b-2019-04-18T16:09:13Z-00004-000	0
4	0	579727b-2019-04-18T16:09:13Z-00006-000	0
4	0	6110d4e2-2019-04-18T18:37:47Z-00001-000	1
4	0	6110d4e2-2019-04-18T18:37:47Z-00002-000	1
4	0	6110d4e2-2019-04-18T18:37:47Z-00003-000	1
4	0	6110d4e2-2019-04-18T18:37:47Z-00004-000	1
4	0	6e08c139-2019-04-18T17:29:42Z-00001-000	0
4	0	6e08c139-2019-04-18T17:29:42Z-00003-000	0
4	0	88fb55b2-2019-04-18T11:33:06Z-00001-000	0
4	0	8baf5944-2019-04-18T19:55:55Z-00000-000	0
4	0	8baf5944-2019-04-18T19:55:55Z-00001-000	0
4	0	8baf5944-2019-04-18T19:55:55Z-00002-000	1
4	0	8baf5944-2019-04-18T19:55:55Z-00003-000	1
4	0	8e9af3ad-2019-04-18T17:07:58Z-00002-000	0
4	0	8e9af3ad-2019-04-18T17:07:58Z-00003-000	1
4	0	91279d46-2019-04-18T17:53:34Z-00000-000	1
4	0	91279d46-2019-04-18T17:53:34Z-00001-000	1
4	0	91279d46-2019-04-18T17:53:34Z-00002-000	0
4	0	91279d46-2019-04-18T17:53:34Z-00003-000	0
4	0	91279d46-2019-04-18T17:53:34Z-00004-000	1
4	0	91279d46-2019-04-18T17:53:34Z-00005-000	1
4	0	9302c20c-2019-04-18T12:52:33Z-00001-000	0
4	0	b9f16e7f-2019-04-18T19:50:47Z-00000-000	0
4	0	b9f16e7f-2019-04-18T19:50:47Z-00001-000	1
4	0	c6b278de-2019-04-18T15:01:18Z-00000-000	0
4	0	c6b278de-2019-04-18T15:01:18Z-00001-000	1
4	0	c6b278de-2019-04-18T15:01:18Z-00002-000	1
4	0	c6b278de-2019-04-18T15:01:18Z-00003-000	1
4	0	c6b2791c-2019-04-18T14:59:08Z-00002-000	1
4	0	c6b2791c-2019-04-18T14:59:08Z-00003-000	1
4	0	c6b2791c-2019-04-18T14:59:08Z-00004-000	1
4	0	c93845a0-2019-04-18T15:10:52Z-00000-000	0
4	0	c93845a0-2019-04-18T15:10:52Z-00001-000	1
4	0	cb52628f-2019-04-18T11:53:57Z-00000-000	0
4	0	cb52628f-2019-04-18T11:53:57Z-00001-000	1
4	0	d5f20e4-2019-04-18T17:16:50Z-00000-000	1
4	0	d5f20e4-2019-04-18T17:16:50Z-00001-000	0
4	0	d5f20e4-2019-04-18T17:16:50Z-00002-000	0
4	0	dab6c791-2019-04-18T12:50:18Z-00001-000	0
4	0	dab6c791-2019-04-18T12:50:18Z-00002-000	0
4	0	dc1d3e0b-2019-04-18T19:21:17Z-00001-000	1
4	0	dde1a370-2019-04-19T12:46:18Z-00005-000	0
4	0	e6fbb7b9-2019-04-18T15:17:52Z-00000-000	0
4	0	e6fbb7b9-2019-04-18T15:17:52Z-00002-000	0
4	0	e7b98175-2019-04-18T14:36:18Z-00002-000	1
4	0	e7b98175-2019-04-18T14:36:18Z-00004-000	1
4	0	ec0930ea-2019-04-18T18:58:19Z-00000-000	0
4	0	ec0930ea-2019-04-18T18:58:19Z-00001-000	1
4	0	ec0930ea-2019-04-18T18:58:19Z-00003-000	1
4	0	ec0930ea-2019-04-18T18:58:19Z-00004-000	0
4	0	f21ee3ae-2019-04-18T11:25:06Z-00001-000	0
4	0	f21ee3ae-2019-04-18T11:25:06Z-00003-000	0
4	0	f21ee3ae-2019-04-18T11:25:06Z-00004-000	1
4	0	f21ee3ae-2019-04-18T11:25:06Z-00005-000	1
4	0	f788467e-2019-04-18T15:05:59Z-00004-000	1
4	0	fe50a233-2019-04-18T18:12:45Z-00002-000	0
4	0	fe50a233-2019-04-18T18:12:45Z-00007-000	1
40	0	11800e-2019-04-18T16:27:30Z-00000-000	1
40	0	11800e-2019-04-18T16:27:30Z-00002-000	1
40	0	11800e-2019-04-18T16:27:30Z-00003-000	1
40	0	11800e-2019-04-18T16:27:30Z-00004-000	1
40	0	11800e-2019-04-18T16:27:30Z-00005-000	1
40	0	15a94d7c-2019-04-18T15:05:25Z-00002-000	0
40	0	236d14ec-2019-04-18T16:29:51Z-00007-000	0
40	0	2671a90b-2019-04-18T11:25:10Z-00006-000	0
40	0	2728717c-2019-04-18T18:23:20Z-00002-000	0
40	0	2728717c-2019-04-18T18:23:20Z-00004-000	1
40	0	2728717c-2019-04-18T18:23:20Z-00005-000	1
40	0	2728717c-2019-04-18T18:23:20Z-00007-000	0
40	0	2728719b-2019-04-18T18:24:05Z-00007-000	1
40	0	2728719b-2019-04-18T18:24:05Z-00009-000	0
40	0	2990464f-2019-04-18T19:48:02Z-00005-000	1
40	0	33caf0a6-2019-04-18T18:21:33Z-00003-000	1
40	0	351fa6f9-2019-04-18T18:52:58Z-00007-000	1
40	0	3dfbb4f2-2019-04-18T15:52:34Z-00005-000	1
40	0	41271d1b-2019-04-18T19:19:52Z-00003-000	1
40	0	447458de-2019-04-18T15:29:29Z-00004-000	1
40	0	51838eda-2019-04-18T18:14:12Z-00005-000	1
40	0	53f92967-2019-04-18T13:26:30Z-00003-000	1
40	0	5db0f1ba-2019-04-18T20:00:13Z-00004-000	0
40	0	5fee6856-2019-04-18T19:16:22Z-00007-000	1
40	0	617d1901-2019-04-18T15:27:49Z-00003-000	1
40	0	61c0373c-2019-04-18T13:32:15Z-00000-000	0
40	0	61c0373c-2019-04-18T13:32:15Z-00004-000	0
40	0	6604e4a3-2019-04-18T14:33:25Z-00005-000	1
40	0	6604e4c2-2019-04-18T14:32:22Z-00007-000	1
40	0	67db7502-2019-04-18T16:37:19Z-00004-000	1
40	0	6eefc0cc-2019-04-18T14:12:24Z-00004-000	1
40	0	6eefc0cc-2019-04-18T14:12:24Z-00005-000	0
40	0	7220f276-2019-04-18T15:13:10Z-00004-000	1
40	0	75f8530d-2019-04-18T15:27:15Z-00003-000	1
40	0	7691451e-2019-04-18T15:11:20Z-00004-000	1
40	0	776be9b-2019-04-18T15:48:37Z-00000-000	1
40	0	7857750e-2019-04-18T18:38:21Z-00004-000	1
40	0	7ad5a00-2019-04-18T17:12:23Z-00000-000	1
40	0	7ad5a00-2019-04-18T17:12:23Z-00002-000	0
40	0	7ad5a1f-2019-04-18T12:20:56Z-00005-000	1
40	0	7ce71e90-2019-04-18T12:23:57Z-00003-000	1
40	0	7fa91ebc-2019-04-18T19:55:53Z-00005-000	1
40	0	84c9f2f7-2019-04-18T15:27:26Z-00002-000	1
40	0	8d075a55-2019-04-18T11:47:46Z-00001-000	0
40	0	98cd11a9-2019-04-18T12:27:33Z-00000-000	1
40	0	9a981cf3-2019-04-18T18:38:38Z-00003-000	1
40	0	9acc9242-2019-04-18T16:41:38Z-00007-000	0
40	0	9ef66e59-2019-04-18T15:04:49Z-00002-000	1
40	0	9ef66e59-2019-04-18T15:04:49Z-00003-000	1
40	0	9ef66e59-2019-04-18T15:04:49Z-00005-000	1
40	0	a01601f4-2019-04-18T15:32:31Z-00000-000	1
40	0	a01601f4-2019-04-18T15:32:31Z-00002-000	1
40	0	a01601f4-2019-04-18T15:32:31Z-00005-000	1
40	0	a22bf062-2019-04-18T19:30:56Z-00002-000	1
40	0	a46309d5-2019-04-18T17:15:13Z-00005-000	1
40	0	a46309d5-2019-04-18T17:15:13Z-00006-000	0
40	0	a4630a13-2019-04-18T17:14:46Z-00009-000	0
40	0	a490c460-2019-04-18T19:21:31Z-00007-000	1
40	0	a490c4dc-2019-04-18T19:19:49Z-00004-000	1
40	0	a490c89d-2019-04-18T19:03:24Z-00005-000	1
40	0	a490cbe2-2019-04-18T18:54:43Z-00003-000	1
40	0	a490cc01-2019-04-18T18:54:44Z-00005-000	1
40	0	a490d725-2019-04-18T18:29:58Z-00003-000	1
40	0	a5f7e590-2019-04-18T14:47:34Z-00003-000	1
40	0	aafab678-2019-04-18T13:08:10Z-00005-000	1
40	0	abe4dd25-2019-04-18T16:41:16Z-00007-000	1
40	0	abe4dd44-2019-04-18T16:35:31Z-00002-000	1
40	0	abe4e504-2019-04-18T12:20:32Z-00001-000	1
40	0	b92daf36-2019-04-18T17:23:18Z-00005-000	1
40	0	bf8e76ff-2019-04-18T11:53:03Z-00003-000	1
40	0	c0a5f15c-2019-04-18T13:45:23Z-00004-000	0
40	0	c0a5f15c-2019-04-18T13:45:23Z-00005-000	1
40	0	c3fe10be-2019-04-18T19:16:26Z-00005-000	1
40	0	c60d5889-2019-04-18T17:40:08Z-00004-000	0
40	0	c6c19d9c-2019-04-18T17:17:05Z-00003-000	1
40	0	cbf9e451-2019-04-18T17:42:06Z-00000-000	1
40	0	cbf9e451-2019-04-18T17:42:06Z-00007-000	1
40	0	cbf9e451-2019-04-18T17:42:06Z-00008-000	1
40	0	cc812c57-2019-04-18T15:27:45Z-00001-000	1
40	0	cc812c57-2019-04-18T15:27:45Z-00007-000	1
40	0	d1abdd08-2019-04-18T15:12:32Z-00003-000	1
40	0	e03e810a-2019-04-18T11:15:46Z-00005-000	1
40	0	e3bc12cf-2019-04-18T15:17:08Z-00002-000	1
40	0	e9f1259e-2019-04-18T17:35:39Z-00006-000	1
40	0	eaf9851d-2019-04-18T15:40:44Z-00004-000	1
40	0	eaf9851d-2019-04-18T15:40:44Z-00006-000	1
40	0	ec00b32a-2019-04-18T17:26:25Z-00003-000	1
40	0	ecf66d5c-2019-04-18T12:46:06Z-00000-000	1
40	0	ed876692-2019-04-18T15:19:39Z-00002-000	1
40	0	ed87672d-2019-04-18T15:14:18Z-00003-000	1
40	0	ed87c126-2019-04-18T13:45:18Z-00005-000	1
40	0	ed8c6e01-2019-04-18T18:08:43Z-00001-000	1
40	0	ed8c6e01-2019-04-18T18:08:43Z-00004-000	1
40	0	edb374e6-2019-04-18T17:02:39Z-00002-000	0
40	0	edfd66cb-2019-04-18T11:26:43Z-00000-000	0
40	0	eef41183-2019-04-18T18:39:06Z-00000-000	0
40	0	eef41183-2019-04-18T18:39:06Z-00003-000	1
40	0	efef4309-2019-04-18T16:10:20Z-00003-000	0
40	0	f2cac0b5-2019-04-18T16:06:26Z-00007-000	1
40	0	faee85ab-2019-04-18T15:24:43Z-00005-000	1
41	0	16199f60-2019-04-18T18:14:23Z-00004-000	0
41	0	18d23014-2019-04-18T16:43:47Z-00002-000	0
41	0	1b21a2f2-2019-04-18T15:02:36Z-00001-000	0
41	0	1b21a2f2-2019-04-18T15:02:36Z-00002-000	0
41	0	1db3eaf8-2019-04-15T20:24:50Z-00015-000	0
41	0	1db3eaf8-2019-04-15T20:24:50Z-00016-000	0
41	0	27aba745-2019-04-18T20:02:46Z-00000-000	0
41	0	27aba745-2019-04-18T20:02:46Z-00001-000	0
41	0	27aba745-2019-04-18T20:02:46Z-00005-000	0
41	0	28b3999f-2019-04-18T18:29:22Z-00009-000	0
41	0	3607cc01-2019-04-19T12:45:00Z-00027-000	0
41	0	3c15c9f1-2019-04-18T19:14:38Z-00003-000	0
41	0	3f68778d-2019-04-17T11:47:34Z-00097-000	0
41	0	3f68778d-2019-04-17T11:47:34Z-00098-000	0
41	0	426b8860-2019-04-19T12:46:12Z-00012-000	0
41	0	426b8860-2019-04-19T12:46:12Z-00013-000	0
41	0	426b8860-2019-04-19T12:46:12Z-00015-000	0
41	0	42aeb76-2019-04-18T13:45:52Z-00004-000	0
41	0	46b49c01-2019-04-18T12:30:42Z-00002-000	0
41	0	472d8abe-2019-04-18T12:17:23Z-00002-000	0
41	0	4b166fea-2019-04-18T15:31:20Z-00005-000	0
41	0	4baacc25-2019-04-18T11:57:13Z-00001-000	0
41	0	4baacc25-2019-04-18T11:57:13Z-00003-000	0
41	0	4baacc25-2019-04-18T11:57:13Z-00004-000	0
41	0	4baacc25-2019-04-18T11:57:13Z-00005-000	0
41	0	50689d14-2019-04-17T11:47:19Z-00149-000	0
41	0	5279eb1d-2019-04-18T17:25:55Z-00000-000	0
41	0	5279eb1d-2019-04-18T17:25:55Z-00001-000	0
41	0	5279eb1d-2019-04-18T17:25:55Z-00002-000	1
41	0	574204a2-2019-04-18T16:11:24Z-00000-000	0
41	0	574204a2-2019-04-18T16:11:24Z-00002-000	0
41	0	574204c1-2019-04-18T16:10:11Z-00000-000	0
41	0	574204c1-2019-04-18T16:10:11Z-00001-000	0
41	0	574204c1-2019-04-18T16:10:11Z-00002-000	0
41	0	574204c1-2019-04-18T16:10:11Z-00003-000	0
41	0	5d68f3d4-2019-04-18T14:39:09Z-00000-000	0
41	0	5d69331e-2019-04-18T19:00:35Z-00000-000	0
41	0	5d69331e-2019-04-18T19:00:35Z-00001-000	0
41	0	5d69331e-2019-04-18T19:00:35Z-00002-000	0
41	0	5efd650c-2019-04-18T13:45:25Z-00005-000	0
41	0	61cb9cad-2019-04-18T15:04:34Z-00006-000	0
41	0	65e788a3-2019-04-18T17:22:21Z-00001-000	0
41	0	65e788a3-2019-04-18T17:22:21Z-00002-000	0
41	0	78bebf1b-2019-04-18T11:22:15Z-00001-000	0
41	0	7cc54135-2019-04-19T12:44:52Z-00018-000	0
41	0	7cc54135-2019-04-19T12:44:52Z-00025-000	0
41	0	8492878d-2019-04-18T19:20:08Z-00001-000	0
41	0	8492878d-2019-04-18T19:20:08Z-00003-000	0
41	0	85299632-2019-04-18T18:32:30Z-00004-000	0
41	0	85299632-2019-04-18T18:32:30Z-00008-000	0
41	0	893935f9-2019-04-18T18:43:24Z-00002-000	0
41	0	8944c7f4-2019-04-18T12:00:04Z-00000-000	0
41	0	8e244df0-2019-04-18T16:15:31Z-00000-000	0
41	0	912e5771-2019-04-18T18:50:38Z-00001-000	0
41	0	912e5771-2019-04-18T18:50:38Z-00002-000	0
41	0	912e5771-2019-04-18T18:50:38Z-00003-000	0
41	0	927cbc62-2019-04-19T12:47:44Z-00016-000	0
41	0	927cbc62-2019-04-19T12:47:44Z-00017-000	0
41	0	98f89922-2019-04-18T19:47:39Z-00001-000	0
41	0	9e81cfe-2019-04-15T20:24:17Z-00005-000	0
41	0	9e81cfe-2019-04-15T20:24:17Z-00008-000	0
41	0	9e81cfe-2019-04-15T20:24:17Z-00009-000	0
41	0	9e81cfe-2019-04-15T20:24:17Z-00013-000	0
41	0	9e81cfe-2019-04-15T20:24:17Z-00018-000	0
41	0	9e81cfe-2019-04-15T20:24:17Z-00019-000	0
41	0	9e81cfe-2019-04-15T20:24:17Z-00023-000	0
41	0	9e81cfe-2019-04-15T20:24:17Z-00024-000	0
41	0	9e81cfe-2019-04-15T20:24:17Z-00025-000	0
41	0	a175ba49-2019-04-19T12:46:37Z-00025-000	0
41	0	a175ba49-2019-04-19T12:46:37Z-00027-000	0
41	0	a2310a08-2019-04-18T15:11:53Z-00003-000	0
41	0	a2310a08-2019-04-18T15:11:53Z-00005-000	0
41	0	a4631a54-2019-04-18T11:13:58Z-00000-000	0
41	0	a4631a54-2019-04-18T11:13:58Z-00001-000	0
41	0	a4631a54-2019-04-18T11:13:58Z-00002-000	0
41	0	a4631a54-2019-04-18T11:13:58Z-00004-000	0
41	0	a7780b0e-2019-04-18T17:26:14Z-00001-000	0
41	0	b17f35b2-2019-04-18T17:21:34Z-00000-000	0
41	0	b2d493e1-2019-04-18T16:02:03Z-00003-000	0
41	0	b78f8bbc-2019-04-18T13:17:13Z-00002-000	0
41	0	b78f8bbc-2019-04-18T13:17:13Z-00004-000	0
41	0	b99dba22-2019-04-18T16:24:03Z-00001-000	0
41	0	bafdb0f3-2019-04-18T16:28:51Z-00002-000	0
41	0	bafdb0f3-2019-04-18T16:28:51Z-00004-000	0
41	0	bafdb0f3-2019-04-18T16:28:51Z-00005-000	0
41	0	bc93daf7-2019-04-18T11:22:56Z-00001-000	0
41	0	c2daa9b1-2019-04-18T14:37:46Z-00003-000	0
41	0	c7831446-2019-04-15T20:22:14Z-00015-000	0
41	0	c7831446-2019-04-15T20:22:14Z-00016-000	0
41	0	d8daa153-2019-04-18T15:42:57Z-00000-000	0
41	0	d8daa153-2019-04-18T15:42:57Z-00001-000	0
41	0	e3f93a3a-2019-04-15T20:22:23Z-00015-000	0
41	0	e4a40999-2019-04-18T18:11:30Z-00007-000	0
41	0	e6ffa8fb-2019-04-19T12:45:14Z-00011-000	0
41	0	e6ffa8fb-2019-04-19T12:45:14Z-00024-000	0
41	0	e6ffa8fb-2019-04-19T12:45:14Z-00025-000	0
41	0	e6ffa8fb-2019-04-19T12:45:14Z-00031-000	0
41	0	e6ffa8fb-2019-04-19T12:45:14Z-00037-000	0
41	0	e6ffa8fb-2019-04-19T12:45:14Z-00040-000	0
41	0	f3057566-2019-04-19T12:46:34Z-00009-000	0
42	0	1568e11-2019-04-18T18:25:47Z-00004-000	0
42	0	17c425c8-2019-04-18T15:29:10Z-00000-000	0
42	0	18f233de-2019-04-18T13:00:35Z-00000-000	0
42	0	18f233de-2019-04-18T13:00:35Z-00004-000	0
42	0	1f504932-2019-04-18T12:16:43Z-00000-000	0
42	0	1f504932-2019-04-18T12:16:43Z-00002-000	0
42	0	1f504932-2019-04-18T12:16:43Z-00003-000	0
42	0	1fa36ce1-2019-04-18T12:57:00Z-00003-000	0
42	0	1fa36ce1-2019-04-18T12:57:00Z-00004-000	0
42	0	218c53b7-2019-04-18T13:07:00Z-00000-000	0
42	0	218c53b7-2019-04-18T13:07:00Z-00002-000	0
42	0	218c53b7-2019-04-18T13:07:00Z-00004-000	0
42	0	218c53b7-2019-04-18T13:07:00Z-00005-000	0
42	0	249416df-2019-04-18T15:26:50Z-00000-000	0
42	0	27512099-2019-04-18T18:41:40Z-00000-000	0
42	0	27512099-2019-04-18T18:41:40Z-00001-000	1
42	0	27512099-2019-04-18T18:41:40Z-00002-000	1
42	0	27512099-2019-04-18T18:41:40Z-00003-000	1
42	0	29da6a70-2019-04-18T19:49:27Z-00000-000	0
42	0	29da6a70-2019-04-18T19:49:27Z-00001-000	0
42	0	29da6a70-2019-04-18T19:49:27Z-00003-000	0
42	0	29da6a70-2019-04-18T19:49:27Z-00005-000	0
42	0	2ad5d788-2019-04-17T11:47:22Z-00022-000	0
42	0	2c86e05a-2019-04-18T13:07:22Z-00001-000	0
42	0	3123e8fb-2019-04-18T19:15:47Z-00004-000	0
42	0	3bc8ffb5-2019-04-18T12:16:40Z-00000-000	0
42	0	3d98c367-2019-04-18T17:02:37Z-00000-000	1
42	0	3d98c367-2019-04-18T17:02:37Z-00001-000	0
42	0	3d98c367-2019-04-18T17:02:37Z-00002-000	0
42	0	3d98c367-2019-04-18T17:02:37Z-00003-000	0
42	0	49b078ea-2019-04-18T17:39:26Z-00003-000	0
42	0	4ddcd82e-2019-04-18T18:56:07Z-00000-000	0
42	0	4ddcd82e-2019-04-18T18:56:07Z-00001-000	0
42	0	4ddcd82e-2019-04-18T18:56:07Z-00004-000	0
42	0	51e5d59b-2019-04-18T18:18:46Z-00002-000	0
42	0	528d0e3f-2019-04-18T13:10:45Z-00005-000	0
42	0	528d0e3f-2019-04-18T13:10:45Z-00006-000	0
42	0	5462614-2019-04-18T18:02:38Z-00000-000	0
42	0	5462614-2019-04-18T18:02:38Z-00002-000	0
42	0	6c5cb143-2019-04-18T15:25:50Z-00002-000	0
42	0	6f9798b2-2019-04-18T11:31:20Z-00008-000	0
42	0	705c612-2019-04-18T16:50:44Z-00001-000	0
42	0	705c612-2019-04-18T16:50:44Z-00005-000	0
42	0	7282d1c1-2019-04-18T11:33:12Z-00000-000	1
42	0	7282d1c1-2019-04-18T11:33:12Z-00001-000	1
42	0	7282d1c1-2019-04-18T11:33:12Z-00002-000	1
42	0	7282d1c1-2019-04-18T11:33:12Z-00003-000	1
42	0	7282d1c1-2019-04-18T11:33:12Z-00004-000	1
42	0	7282d1c1-2019-04-18T11:33:12Z-00005-000	1
42	0	7548319a-2019-04-18T15:55:31Z-00005-000	0
42	0	8aad4958-2019-04-18T17:51:53Z-00000-000	0
42	0	8aad4958-2019-04-18T17:51:53Z-00001-000	0
42	0	8fd0a899-2019-04-18T19:13:12Z-00003-000	0
42	0	8fd0a899-2019-04-18T19:13:12Z-00004-000	0
42	0	90232b-2019-04-18T17:52:46Z-00002-000	0
42	0	90ee2c92-2019-04-18T13:46:20Z-00000-000	0
42	0	a08e5384-2019-04-18T19:37:59Z-00001-000	0
42	0	a9cf4b34-2019-04-18T16:35:17Z-00004-000	0
42	0	a9cf4b34-2019-04-18T16:35:17Z-00005-000	0
42	0	a9cf4b34-2019-04-18T16:35:17Z-00006-000	0
42	0	a9cf4b34-2019-04-18T16:35:17Z-00007-000	0
42	0	a9cf4b34-2019-04-18T16:35:17Z-00008-000	0
42	0	abf7ee52-2019-04-19T12:44:08Z-00023-000	0
42	0	b1f382a5-2019-04-15T20:22:18Z-00021-000	0
42	0	b2030785-2019-04-18T19:02:29Z-00002-000	0
42	0	bacefc52-2019-04-18T11:07:59Z-00002-000	0
42	0	bacefc52-2019-04-18T11:07:59Z-00003-000	0
42	0	be11cc98-2019-04-18T12:31:37Z-00000-000	0
42	0	be11cc98-2019-04-18T12:31:37Z-00001-000	0
42	0	c752a687-2019-04-18T14:10:24Z-00001-000	0
42	0	ca72da7d-2019-04-18T19:21:03Z-00001-000	0
42	0	ceb05684-2019-04-18T11:10:55Z-00003-000	0
42	0	cf884b8c-2019-04-18T15:50:31Z-00005-000	0
42	0	cf884b8c-2019-04-18T15:50:31Z-00006-000	0
42	0	cf884bab-2019-04-18T15:50:33Z-00000-000	0
42	0	cf884bab-2019-04-18T15:50:33Z-00002-000	0
42	0	cf884bab-2019-04-18T15:50:33Z-00005-000	0
42	0	cf884bca-2019-04-18T15:29:03Z-00004-000	0
42	0	d4da401a-2019-04-18T16:24:29Z-00001-000	0
42	0	d4da401a-2019-04-18T16:24:29Z-00003-000	0
42	0	d4da401a-2019-04-18T16:24:29Z-00006-000	0
42	0	db68a818-2019-04-18T18:44:52Z-00002-000	0
42	0	db68a818-2019-04-18T18:44:52Z-00003-000	0
42	0	db68a818-2019-04-18T18:44:52Z-00004-000	0
42	0	e73852e6-2019-04-18T15:41:47Z-00000-000	0
42	0	e73852e6-2019-04-18T15:41:47Z-00002-000	0
42	0	e73852e6-2019-04-18T15:41:47Z-00005-000	0
42	0	e73852e6-2019-04-18T15:41:47Z-00007-000	0
42	0	ec9a62c5-2019-04-18T13:00:17Z-00002-000	0
42	0	ec9a62c5-2019-04-18T13:00:17Z-00004-000	0
42	0	ecb78456-2019-04-19T12:46:23Z-00003-000	0
42	0	f37e79be-2019-04-18T15:05:52Z-00006-000	0
42	0	f83473c9-2019-04-15T20:22:40Z-00019-000	0
42	0	fde975a1-2019-04-18T13:14:27Z-00001-000	0
42	0	fde975a1-2019-04-18T13:14:27Z-00002-000	0
42	0	fde975a1-2019-04-18T13:14:27Z-00003-000	0
42	0	fe78c166-2019-04-18T18:12:01Z-00005-000	0
42	0	fe78c185-2019-04-18T16:45:26Z-00004-000	0
42	0	fe78c185-2019-04-18T16:45:26Z-00005-000	0
42	0	fe78c1c3-2019-04-18T12:49:22Z-00007-000	0
43	0	18b82749-2019-04-18T11:37:16Z-00004-000	0
43	0	18e22d96-2019-04-18T17:01:29Z-00002-000	0
43	0	299f3b0e-2019-04-18T15:45:14Z-00002-000	0
43	0	36be6099-2019-04-18T13:55:05Z-00001-000	0
43	0	39e75959-2019-04-19T12:45:40Z-00001-000	0
43	0	39e75959-2019-04-19T12:45:40Z-00002-000	0
43	0	39e75959-2019-04-19T12:45:40Z-00003-000	0
43	0	39e75959-2019-04-19T12:45:40Z-00004-000	0
43	0	39e75959-2019-04-19T12:45:40Z-00005-000	0
43	0	39e75959-2019-04-19T12:45:40Z-00006-000	0
43	0	39e75959-2019-04-19T12:45:40Z-00007-000	0
43	0	39e75959-2019-04-19T12:45:40Z-00008-000	0
43	0	39e75959-2019-04-19T12:45:40Z-00009-000	0
43	0	39e75959-2019-04-19T12:45:40Z-00010-000	0
43	0	39e75959-2019-04-19T12:45:40Z-00011-000	0
43	0	39e75959-2019-04-19T12:45:40Z-00012-000	0
43	0	39e75959-2019-04-19T12:45:40Z-00015-000	0
43	0	39e75959-2019-04-19T12:45:40Z-00019-000	0
43	0	39e75959-2019-04-19T12:45:40Z-00020-000	0
43	0	39e75959-2019-04-19T12:45:40Z-00021-000	0
43	0	39e75959-2019-04-19T12:45:40Z-00022-000	0
43	0	39e75959-2019-04-19T12:45:40Z-00023-000	0
43	0	39e75959-2019-04-19T12:45:40Z-00024-000	0
43	0	39e75959-2019-04-19T12:45:40Z-00029-000	0
43	0	39e75959-2019-04-19T12:45:40Z-00031-000	0
43	0	39e75959-2019-04-19T12:45:40Z-00032-000	0
43	0	51260ca8-2019-04-18T18:07:31Z-00000-000	1
43	0	51260ca8-2019-04-18T18:07:31Z-00001-000	1
43	0	51260ca8-2019-04-18T18:07:31Z-00002-000	0
43	0	51260ca8-2019-04-18T18:07:31Z-00003-000	1
43	0	5141ec23-2019-04-18T11:29:56Z-00001-000	0
43	0	555d7f20-2019-04-18T15:56:10Z-00001-000	0
43	0	5618cfde-2019-04-18T16:58:17Z-00001-000	0
43	0	5618cfde-2019-04-18T16:58:17Z-00002-000	1
43	0	5618cfde-2019-04-18T16:58:17Z-00003-000	0
43	0	5986c100-2019-04-18T13:20:46Z-00002-000	0
43	0	5eeccd5b-2019-04-18T16:36:15Z-00004-000	0
43	0	7b4f34d2-2019-04-18T17:50:08Z-00003-000	0
43	0	824ed8eb-2019-04-18T18:32:31Z-00000-000	0
43	0	824ed8eb-2019-04-18T18:32:31Z-00001-000	0
43	0	824ed8eb-2019-04-18T18:32:31Z-00002-000	0
43	0	824ed8eb-2019-04-18T18:32:31Z-00003-000	1
43	0	824ed8eb-2019-04-18T18:32:31Z-00004-000	0
43	0	824ed8eb-2019-04-18T18:32:31Z-00005-000	1
43	0	824ed8eb-2019-04-18T18:32:31Z-00006-000	0
43	0	824ed8eb-2019-04-18T18:32:31Z-00007-000	1
43	0	824ed8eb-2019-04-18T18:32:31Z-00008-000	1
43	0	824ed8eb-2019-04-18T18:32:31Z-00009-000	1
43	0	824ed986-2019-04-18T11:15:23Z-00000-000	0
43	0	824ed986-2019-04-18T11:15:23Z-00001-000	1
43	0	824ed986-2019-04-18T11:15:23Z-00002-000	0
43	0	824ed986-2019-04-18T11:15:23Z-00003-000	1
43	0	8ae07785-2019-04-18T14:01:12Z-00006-000	0
43	0	8d266032-2019-04-18T16:46:37Z-00003-000	0
43	0	8ff4717-2019-04-18T15:38:25Z-00003-000	0
43	0	9621632a-2019-04-18T18:35:10Z-00004-000	0
43	0	962b00f0-2019-04-18T17:46:15Z-00003-000	0
43	0	962b00f0-2019-04-18T17:46:15Z-00004-000	0
43	0	96617488-2019-04-18T19:02:49Z-00000-000	0
43	0	aec074d3-2019-04-18T15:35:44Z-00001-000	0
43	0	aec074d3-2019-04-18T15:35:44Z-00002-000	0
43	0	aec074d3-2019-04-18T15:35:44Z-00003-000	0
43	0	aec074d3-2019-04-18T15:35:44Z-00004-000	0
43	0	aec074d3-2019-04-18T15:35:44Z-00005-000	1
43	0	aec074d3-2019-04-18T15:35:44Z-00006-000	0
43	0	aec074d3-2019-04-18T15:35:44Z-00007-000	0
43	0	b07ade91-2019-04-18T17:44:19Z-00003-000	0
43	0	b07ade91-2019-04-18T17:44:19Z-00005-000	0
43	0	b0a7bcdb-2019-04-18T18:05:08Z-00002-000	0
43	0	b0a7bcdb-2019-04-18T18:05:08Z-00003-000	0
43	0	b0a7bcdb-2019-04-18T18:05:08Z-00004-000	0
43	0	b0a7bcdb-2019-04-18T18:05:08Z-00005-000	0
43	0	b0a7bcdb-2019-04-18T18:05:08Z-00006-000	0
43	0	b0a7bcdb-2019-04-18T18:05:08Z-00007-000	0
43	0	b0a7bcdb-2019-04-18T18:05:08Z-00008-000	0
43	0	b0a7bcdb-2019-04-18T18:05:08Z-00009-000	0
43	0	ba5288b7-2019-04-18T19:24:33Z-00005-000	0
43	0	bbc5b97a-2019-04-18T16:48:53Z-00000-000	0
43	0	bc1220bc-2019-04-18T17:06:48Z-00002-000	0
43	0	c29734a-2019-04-18T15:46:37Z-00005-000	0
43	0	c29734a-2019-04-18T15:46:37Z-00007-000	0
43	0	c8a50f55-2019-04-18T18:22:24Z-00001-000	0
43	0	c8a50f55-2019-04-18T18:22:24Z-00003-000	0
43	0	c8a50f55-2019-04-18T18:22:24Z-00006-000	1
43	0	c8a50f55-2019-04-18T18:22:24Z-00007-000	0
43	0	c9759ef3-2019-04-18T13:14:28Z-00004-000	0
43	0	e01b315f-2019-04-18T17:32:02Z-00006-000	0
43	0	e01b315f-2019-04-18T17:32:02Z-00009-000	1
43	0	e1463160-2019-04-18T19:39:47Z-00002-000	0
43	0	e1463160-2019-04-18T19:39:47Z-00004-000	1
43	0	e2132ea3-2019-04-18T16:23:06Z-00007-000	0
43	0	e239dfcf-2019-04-18T17:33:15Z-00003-000	0
43	0	e239dfcf-2019-04-18T17:33:15Z-00004-000	0
43	0	ec0533d0-2019-04-18T18:40:01Z-00004-000	0
43	0	ec05340e-2019-04-18T16:34:29Z-00002-000	0
43	0	ec05340e-2019-04-18T16:34:29Z-00004-000	0
43	0	f00819c1-2019-04-18T18:27:12Z-00006-000	0
43	0	f3fd5f9a-2019-04-18T13:42:56Z-00002-000	0
43	0	f486d045-2019-04-18T12:46:49Z-00001-000	0
43	0	f827bfc0-2019-04-18T19:02:01Z-00006-000	0
44	0	13fc3acf-2019-04-19T12:45:38Z-00006-000	0
44	0	13fc3acf-2019-04-19T12:45:38Z-00018-000	0
44	0	13fc3acf-2019-04-19T12:45:38Z-00022-000	0
44	0	13fc3acf-2019-04-19T12:45:38Z-00023-000	1
44	0	154b7816-2019-04-18T13:14:28Z-00001-000	0
44	0	154b7816-2019-04-18T13:14:28Z-00003-000	0
44	0	154b7816-2019-04-18T13:14:28Z-00005-000	0
44	0	1a514fda-2019-04-17T11:47:23Z-00078-000	0
44	0	1b4be3e0-2019-04-18T12:49:26Z-00001-000	0
44	0	1f90691a-2019-04-18T13:19:43Z-00004-000	0
44	0	2092a3f-2019-04-18T18:34:37Z-00002-000	0
44	0	2d5917aa-2019-04-18T12:15:33Z-00000-000	0
44	0	2d5917aa-2019-04-18T12:15:33Z-00001-000	0
44	0	2db5fce7-2019-04-18T13:17:49Z-00005-000	0
44	0	2e4689b-2019-04-18T12:51:02Z-00000-000	0
44	0	3a611346-2019-04-18T13:21:19Z-00003-000	0
44	0	3a618f08-2019-04-18T13:21:20Z-00001-000	0
44	0	481724c0-2019-04-18T17:05:27Z-00000-000	0
44	0	4c34b206-2019-04-18T13:21:25Z-00001-000	0
44	0	4c34b206-2019-04-18T13:21:25Z-00003-000	0
44	0	4c34b206-2019-04-18T13:21:25Z-00005-000	0
44	0	4d289846-2019-04-18T18:20:48Z-00003-000	0
44	0	4f3adbc7-2019-04-18T12:51:25Z-00002-000	0
44	0	5666d2e5-2019-04-18T12:54:00Z-00002-000	0
44	0	5c32174c-2019-04-18T19:57:01Z-00002-000	0
44	0	5c5b4bdf-2019-04-18T12:36:30Z-00001-000	0
44	0	5d52ac69-2019-04-18T13:21:20Z-00003-000	0
44	0	5d52ac69-2019-04-18T13:21:20Z-00004-000	0
44	0	5e30e768-2019-04-18T19:07:13Z-00000-000	0
44	0	5edc9da-2019-04-18T11:14:48Z-00001-000	0
44	0	5edc9da-2019-04-18T11:14:48Z-00002-000	0
44	0	5edc9da-2019-04-18T11:14:48Z-00003-000	0
44	0	5fa207c6-2019-04-18T17:59:10Z-00001-000	0
44	0	5fa207c6-2019-04-18T17:59:10Z-00002-000	0
44	0	5fa207c6-2019-04-18T17:59:10Z-00003-000	0
44	0	648217ec-2019-04-18T19:48:00Z-00002-000	0
44	0	672a41a8-2019-04-18T13:21:19Z-00000-000	0
44	0	672a41a8-2019-04-18T13:21:19Z-00003-000	0
44	0	672a41c7-2019-04-18T13:21:25Z-00000-000	0
44	0	672a41c7-2019-04-18T13:21:25Z-00001-000	0
44	0	672a41c7-2019-04-18T13:21:25Z-00004-000	0
44	0	6ec66cd9-2019-04-18T14:50:01Z-00002-000	0
44	0	6ec66cd9-2019-04-18T14:50:01Z-00003-000	0
44	0	6fd3b342-2019-04-18T17:20:32Z-00005-000	0
44	0	7068d2b9-2019-04-18T18:58:24Z-00004-000	0
44	0	7068d2b9-2019-04-18T18:58:24Z-00005-000	0
44	0	72a32b1a-2019-04-18T18:22:08Z-00002-000	0
44	0	7371560d-2019-04-18T18:37:18Z-00002-000	0
44	0	7782d574-2019-04-18T13:53:19Z-00000-000	0
44	0	7782d574-2019-04-18T13:53:19Z-00001-000	0
44	0	7782d574-2019-04-18T13:53:19Z-00003-000	0
44	0	790c6317-2019-04-18T14:20:46Z-00004-000	0
44	0	7b7584cd-2019-04-18T13:10:25Z-00004-000	0
44	0	7c0b669f-2019-04-18T18:19:34Z-00000-000	0
44	0	7e1d77e4-2019-04-18T13:19:36Z-00000-000	0
44	0	7e1d77e4-2019-04-18T13:19:36Z-00004-000	0
44	0	7e1d7803-2019-04-18T13:19:10Z-00005-000	0
44	0	7f77decc-2019-04-18T14:03:56Z-00002-000	0
44	0	827b1042-2019-04-19T12:48:12Z-00028-000	0
44	0	827b1042-2019-04-19T12:48:12Z-00032-000	0
44	0	83938c1f-2019-04-18T13:21:20Z-00001-000	0
44	0	83938c1f-2019-04-18T13:21:20Z-00002-000	0
44	0	8a31ff75-2019-04-18T13:21:24Z-00000-000	0
44	0	8a31ff75-2019-04-18T13:21:24Z-00003-000	0
44	0	8a31ff75-2019-04-18T13:21:24Z-00004-000	0
44	0	98eac3fb-2019-04-18T13:19:43Z-00001-000	0
44	0	9df1ccdc-2019-04-18T17:38:07Z-00004-000	0
44	0	9df1ccdc-2019-04-18T17:38:07Z-00005-000	0
44	0	9df1ccfb-2019-04-18T17:35:14Z-00006-000	0
44	0	9df1ccfb-2019-04-18T17:35:14Z-00007-000	0
44	0	a52fa32e-2019-04-18T12:01:36Z-00000-000	0
44	0	a6a12f7b-2019-04-19T12:44:10Z-00004-000	0
44	0	a9586a5-2019-04-18T15:18:07Z-00000-000	0
44	0	a9586a5-2019-04-18T15:18:07Z-00001-000	0
44	0	aba65d2c-2019-04-18T13:42:39Z-00001-000	0
44	0	b38b6b92-2019-04-18T13:11:31Z-00002-000	0
44	0	b7d8dba7-2019-04-18T19:42:33Z-00000-000	0
44	0	b7d8dba7-2019-04-18T19:42:33Z-00001-000	0
44	0	b7d8dba7-2019-04-18T19:42:33Z-00002-000	0
44	0	b7d8dba7-2019-04-18T19:42:33Z-00003-000	1
44	0	b7d8dba7-2019-04-18T19:42:33Z-00004-000	0
44	0	b7d8dba7-2019-04-18T19:42:33Z-00005-000	1
44	0	c2dd898d-2019-04-18T18:56:27Z-00000-000	0
44	0	c2dd898d-2019-04-18T18:56:27Z-00001-000	0
44	0	d7265417-2019-04-18T13:19:04Z-00004-000	0
44	0	e8dd2df4-2019-04-18T13:19:43Z-00000-000	0
44	0	e8dd2df4-2019-04-18T13:19:43Z-00001-000	0
44	0	e8dd2df4-2019-04-18T13:19:43Z-00002-000	0
44	0	e8dd2df4-2019-04-18T13:19:43Z-00005-000	0
44	0	e95c9f90-2019-04-18T13:42:54Z-00000-000	0
44	0	e95c9f90-2019-04-18T13:42:54Z-00005-000	0
44	0	eb5233c9-2019-04-18T15:04:28Z-00000-000	0
44	0	eb5233c9-2019-04-18T15:04:28Z-00001-000	0
44	0	eb5233c9-2019-04-18T15:04:28Z-00007-000	0
44	0	eb5233c9-2019-04-18T15:04:28Z-00008-000	0
44	0	ec580f43-2019-04-18T19:58:39Z-00000-000	0
44	0	fcff81a7-2019-04-18T17:19:43Z-00000-000	0
44	0	fcff81a7-2019-04-18T17:19:43Z-00001-000	0
44	0	fcff81a7-2019-04-18T17:19:43Z-00003-000	0
44	0	fcff81a7-2019-04-18T17:19:43Z-00004-000	0
45	0	141e3960-2019-04-18T15:20:37Z-00000-000	0
45	0	141e3960-2019-04-18T15:20:37Z-00001-000	1
45	0	141e3960-2019-04-18T15:20:37Z-00002-000	0
45	0	141e3960-2019-04-18T15:20:37Z-00003-000	0
45	0	141e3960-2019-04-18T15:20:37Z-00004-000	0
45	0	141e3960-2019-04-18T15:20:37Z-00005-000	1
45	0	19444029-2019-04-18T16:04:23Z-00002-000	1
45	0	19444029-2019-04-18T16:04:23Z-00003-000	0
45	0	19444029-2019-04-18T16:04:23Z-00004-000	0
45	0	19444029-2019-04-18T16:04:23Z-00005-000	0
45	0	19444029-2019-04-18T16:04:23Z-00006-000	1
45	0	1a13d72d-2019-04-18T18:34:18Z-00000-000	0
45	0	1a13d72d-2019-04-18T18:34:18Z-00002-000	1
45	0	1a13d72d-2019-04-18T18:34:18Z-00003-000	1
45	0	1a13d72d-2019-04-18T18:34:18Z-00004-000	1
45	0	1a13d72d-2019-04-18T18:34:18Z-00005-000	1
45	0	21311659-2019-04-18T12:07:50Z-00001-000	1
45	0	261deb04-2019-04-18T13:26:46Z-00000-000	0
45	0	261deb04-2019-04-18T13:26:46Z-00004-000	1
45	0	261deb04-2019-04-18T13:26:46Z-00005-000	1
45	0	2e7d8f78-2019-04-18T16:06:39Z-00000-000	0
45	0	2fa2d5d5-2019-04-18T19:44:52Z-00001-000	1
45	0	2fa2d5d5-2019-04-18T19:44:52Z-00003-000	0
45	0	2fa2d5d5-2019-04-18T19:44:52Z-00004-000	1
45	0	2fa2d5d5-2019-04-18T19:44:52Z-00005-000	1
45	0	3207095a-2019-04-18T16:54:39Z-00001-000	1
45	0	3207095a-2019-04-18T16:54:39Z-00002-000	1
45	0	35161051-2019-04-18T12:33:43Z-00000-000	0
45	0	35161051-2019-04-18T12:33:43Z-00001-000	0
45	0	35161051-2019-04-18T12:33:43Z-00002-000	0
45	0	35161051-2019-04-18T12:33:43Z-00004-000	0
45	0	35161051-2019-04-18T12:33:43Z-00005-000	1
45	0	3a3f4e49-2019-04-18T15:16:14Z-00001-000	1
45	0	3a3f4e49-2019-04-18T15:16:14Z-00002-000	1
45	0	3a3f4e49-2019-04-18T15:16:14Z-00003-000	1
45	0	3a3f4e49-2019-04-18T15:16:14Z-00004-000	1
45	0	3a3f4e49-2019-04-18T15:16:14Z-00005-000	1
45	0	42633cc5-2019-04-18T16:25:30Z-00003-000	0
45	0	42633cc5-2019-04-18T16:25:30Z-00004-000	1
45	0	42633cc5-2019-04-18T16:25:30Z-00007-000	1
45	0	540788cc-2019-04-18T15:19:54Z-00000-000	1
45	0	540788cc-2019-04-18T15:19:54Z-00002-000	1
45	0	540788cc-2019-04-18T15:19:54Z-00003-000	0
45	0	540788cc-2019-04-18T15:19:54Z-00004-000	1
45	0	540788cc-2019-04-18T15:19:54Z-00005-000	1
45	0	540788cc-2019-04-18T15:19:54Z-00007-000	0
45	0	5c2fb364-2019-04-18T19:07:11Z-00001-000	0
45	0	5c2fb364-2019-04-18T19:07:11Z-00002-000	0
45	0	5c2fb364-2019-04-18T19:07:11Z-00003-000	0
45	0	5c2fb364-2019-04-18T19:07:11Z-00004-000	1
45	0	5c2fb364-2019-04-18T19:07:11Z-00005-000	1
45	0	5dbc32e9-2019-04-18T13:24:41Z-00003-000	1
45	0	64d27e41-2019-04-18T19:38:48Z-00002-000	0
45	0	64d27e41-2019-04-18T19:38:48Z-00003-000	1
45	0	64d27e41-2019-04-18T19:38:48Z-00004-000	1
45	0	64d27e41-2019-04-18T19:38:48Z-00005-000	0
45	0	652f23f4-2019-04-18T17:28:19Z-00000-000	1
45	0	652f23f4-2019-04-18T17:28:19Z-00001-000	1
45	0	652f23f4-2019-04-18T17:28:19Z-00002-000	1
45	0	652f23f4-2019-04-18T17:28:19Z-00003-000	0
45	0	652f23f4-2019-04-18T17:28:19Z-00004-000	1
45	0	652f23f4-2019-04-18T17:28:19Z-00005-000	1
45	0	652f23f4-2019-04-18T17:28:19Z-00006-000	1
45	0	652f23f4-2019-04-18T17:28:19Z-00007-000	1
45	0	7c26af48-2019-04-18T14:43:09Z-00000-000	1
45	0	7c26af48-2019-04-18T14:43:09Z-00001-000	1
45	0	7c26af48-2019-04-18T14:43:09Z-00002-000	1
45	0	7c26af48-2019-04-18T14:43:09Z-00003-000	1
45	0	7c26af48-2019-04-18T14:43:09Z-00004-000	0
45	0	87bd157b-2019-04-18T13:37:52Z-00000-000	0
45	0	87bd157b-2019-04-18T13:37:52Z-00001-000	0
45	0	87bd157b-2019-04-18T13:37:52Z-00002-000	0
45	0	87bd157b-2019-04-18T13:37:52Z-00003-000	0
45	0	87bd157b-2019-04-18T13:37:52Z-00004-000	0
45	0	87bd157b-2019-04-18T13:37:52Z-00005-000	1
45	0	8bcc4a46-2019-04-18T17:43:27Z-00002-000	0
45	0	8bcc4a46-2019-04-18T17:43:27Z-00003-000	1
45	0	8ce6be05-2019-04-18T16:30:30Z-00000-000	0
45	0	8ce6be05-2019-04-18T16:30:30Z-00001-000	0
45	0	8ce6be05-2019-04-18T16:30:30Z-00002-000	1
45	0	8ce6be05-2019-04-18T16:30:30Z-00003-000	1
45	0	8ce6be05-2019-04-18T16:30:30Z-00004-000	1
45	0	922d439b-2019-04-18T19:30:51Z-00002-000	1
45	0	953ebef5-2019-04-18T15:39:05Z-00005-000	1
45	0	953ebef5-2019-04-18T15:39:05Z-00006-000	0
45	0	953ebef5-2019-04-18T15:39:05Z-00007-000	1
45	0	953ebf14-2019-04-18T15:12:14Z-00004-000	1
45	0	953ebf14-2019-04-18T15:12:14Z-00005-000	1
45	0	b59a9ba7-2019-04-18T11:38:43Z-00000-000	0
45	0	bb3f63e1-2019-04-18T16:27:45Z-00000-000	0
45	0	bb3f63e1-2019-04-18T16:27:45Z-00001-000	0
45	0	bb3f63e1-2019-04-18T16:27:45Z-00002-000	1
45	0	bb3f63e1-2019-04-18T16:27:45Z-00003-000	1
45	0	c5a30943-2019-04-18T16:06:11Z-00000-000	1
45	0	c5a30943-2019-04-18T16:06:11Z-00001-000	1
45	0	ce686c60-2019-04-18T17:24:46Z-00003-000	1
45	0	ce686c60-2019-04-18T17:24:46Z-00004-000	1
45	0	ce686c60-2019-04-18T17:24:46Z-00006-000	0
45	0	f143e2ae-2019-04-18T19:44:22Z-00001-000	1
45	0	f143e2ae-2019-04-18T19:44:22Z-00003-000	1
46	0	1ae9f84e-2019-04-18T15:25:04Z-00000-000	1
46	0	1ae9f84e-2019-04-18T15:25:04Z-00001-000	0
46	0	1ae9f84e-2019-04-18T15:25:04Z-00002-000	1
46	0	1ae9f84e-2019-04-18T15:25:04Z-00003-000	0
46	0	1ae9f84e-2019-04-18T15:25:04Z-00004-000	0
46	0	1ae9f84e-2019-04-18T15:25:04Z-00005-000	0
46	0	1f1620a4-2019-04-18T11:54:27Z-00000-000	0
46	0	1f1620a4-2019-04-18T11:54:27Z-00001-000	1
46	0	1f1620a4-2019-04-18T11:54:27Z-00002-000	0
46	0	1f1620a4-2019-04-18T11:54:27Z-00003-000	0
46	0	1f1620a4-2019-04-18T11:54:27Z-00004-000	0
46	0	29a6de52-2019-04-18T19:37:33Z-00002-000	0
46	0	29a6de52-2019-04-18T19:37:33Z-00003-000	0
46	0	2b6ac2c3-2019-04-18T15:10:44Z-00000-000	0
46	0	2b6ac2c3-2019-04-18T15:10:44Z-00001-000	0
46	0	2b6ac2c3-2019-04-18T15:10:44Z-00003-000	1
46	0	2b6ac2c3-2019-04-18T15:10:44Z-00004-000	0
46	0	2b6ac2c3-2019-04-18T15:10:44Z-00006-000	0
46	0	2b6ac2c3-2019-04-18T15:10:44Z-00007-000	1
46	0	2b6ac2c3-2019-04-18T15:10:44Z-00009-000	0
46	0	2b6ac301-2019-04-18T11:55:15Z-00001-000	1
46	0	32192392-2019-04-18T14:44:58Z-00003-000	0
46	0	32192392-2019-04-18T14:44:58Z-00004-000	0
46	0	38441d06-2019-04-15T20:24:35Z-00019-000	0
46	0	40a68302-2019-04-18T14:17:57Z-00002-000	0
46	0	40a68302-2019-04-18T14:17:57Z-00003-000	0
46	0	41ed0b25-2019-04-18T11:53:25Z-00004-000	0
46	0	41ed0b25-2019-04-18T11:53:25Z-00007-000	0
46	0	41ed0b25-2019-04-18T11:53:25Z-00008-000	0
46	0	41ed0b25-2019-04-18T11:53:25Z-00009-000	0
46	0	53e1d5d9-2019-04-18T19:16:52Z-00007-000	1
46	0	5b09f227-2019-04-18T20:01:38Z-00003-000	0
46	0	5b09f227-2019-04-18T20:01:38Z-00004-000	0
46	0	5b09f227-2019-04-18T20:01:38Z-00005-000	1
46	0	5b09f246-2019-04-18T16:17:57Z-00002-000	0
46	0	5b09f246-2019-04-18T16:17:57Z-00005-000	1
46	0	5b09f246-2019-04-18T16:17:57Z-00007-000	0
46	0	5b09f300-2019-04-18T11:54:53Z-00001-000	0
46	0	5b09f300-2019-04-18T11:54:53Z-00004-000	0
46	0	5b09f31f-2019-04-18T11:54:28Z-00002-000	0
46	0	5b09f31f-2019-04-18T11:54:28Z-00003-000	1
46	0	81d4eb96-2019-04-18T11:26:08Z-00000-000	1
46	0	81d4eb96-2019-04-18T11:26:08Z-00001-000	0
46	0	81d4eb96-2019-04-18T11:26:08Z-00002-000	1
46	0	81d4eb96-2019-04-18T11:26:08Z-00003-000	0
46	0	81d4eb96-2019-04-18T11:26:08Z-00004-000	0
46	0	877a9d97-2019-04-18T15:11:50Z-00005-000	0
46	0	91bf368f-2019-04-18T18:58:56Z-00001-000	1
46	0	91bf368f-2019-04-18T18:58:56Z-00002-000	0
46	0	91bf368f-2019-04-18T18:58:56Z-00003-000	1
46	0	91bf368f-2019-04-18T18:58:56Z-00004-000	0
46	0	91bf368f-2019-04-18T18:58:56Z-00005-000	1
46	0	92c80a0a-2019-04-19T12:47:33Z-00000-000	0
46	0	92c80a0a-2019-04-19T12:47:33Z-00001-000	0
46	0	92c80a0a-2019-04-19T12:47:33Z-00002-000	0
46	0	92c80a0a-2019-04-19T12:47:33Z-00004-000	0
46	0	92c80a0a-2019-04-19T12:47:33Z-00005-000	0
46	0	92c80a0a-2019-04-19T12:47:33Z-00006-000	0
46	0	92c80a0a-2019-04-19T12:47:33Z-00007-000	0
46	0	92c80a0a-2019-04-19T12:47:33Z-00009-000	1
46	0	92c80a0a-2019-04-19T12:47:33Z-00011-000	1
46	0	92c80a0a-2019-04-19T12:47:33Z-00012-000	0
46	0	92c80a0a-2019-04-19T12:47:33Z-00013-000	0
46	0	92c80a0a-2019-04-19T12:47:33Z-00018-000	0
46	0	92c80a0a-2019-04-19T12:47:33Z-00019-000	0
46	0	92c80a0a-2019-04-19T12:47:33Z-00021-000	0
46	0	92c80a0a-2019-04-19T12:47:33Z-00023-000	0
46	0	e635989e-2019-04-15T20:24:14Z-00023-000	0
46	0	f4864a7e-2019-04-18T19:41:08Z-00001-000	1
46	0	f4864a7e-2019-04-18T19:41:08Z-00004-000	0
46	0	f4864a7e-2019-04-18T19:41:08Z-00005-000	1
46	0	f5b3410d-2019-04-18T15:41:50Z-00001-000	0
46	0	f5b3410d-2019-04-18T15:41:50Z-00002-000	1
46	0	f5b3410d-2019-04-18T15:41:50Z-00003-000	0
46	0	f5b3410d-2019-04-18T15:41:50Z-00004-000	0
46	0	f5b3410d-2019-04-18T15:41:50Z-00005-000	0
46	0	f5b3410d-2019-04-18T15:41:50Z-00006-000	1
46	0	f5b3410d-2019-04-18T15:41:50Z-00007-000	0
46	0	f5b3410d-2019-04-18T15:41:50Z-00009-000	0
46	0	fca1d19b-2019-04-17T11:47:27Z-00013-000	0
46	0	fca1d19b-2019-04-17T11:47:27Z-00014-000	0
46	0	fca1d19b-2019-04-17T11:47:27Z-00023-000	0
46	0	fca1d19b-2019-04-17T11:47:27Z-00025-000	0
46	0	fca1d19b-2019-04-17T11:47:27Z-00035-000	1
46	0	fca1d19b-2019-04-17T11:47:27Z-00037-000	1
46	0	fca1d19b-2019-04-17T11:47:27Z-00038-000	0
46	0	fca1d19b-2019-04-17T11:47:27Z-00043-000	0
46	0	fca1d19b-2019-04-17T11:47:27Z-00044-000	1
46	0	fca1d19b-2019-04-17T11:47:27Z-00047-000	0
46	0	fca1d19b-2019-04-17T11:47:27Z-00048-000	0
46	0	fca1d19b-2019-04-17T11:47:27Z-00051-000	0
46	0	fca1d19b-2019-04-17T11:47:27Z-00053-000	0
46	0	fca1d19b-2019-04-17T11:47:27Z-00055-000	0
46	0	fca1d19b-2019-04-17T11:47:27Z-00058-000	1
46	0	fca1d19b-2019-04-17T11:47:27Z-00059-000	0
46	0	fca1d19b-2019-04-17T11:47:27Z-00061-000	0
46	0	fca1d19b-2019-04-17T11:47:27Z-00063-000	1
46	0	fca1d19b-2019-04-17T11:47:27Z-00064-000	0
46	0	fca1d19b-2019-04-17T11:47:27Z-00066-000	0
46	0	fd4a422a-2019-04-18T11:54:51Z-00001-000	0
47	0	1733befb-2019-04-18T15:36:46Z-00002-000	1
47	0	1733bf1a-2019-04-18T15:28:10Z-00000-000	1
47	0	1733bf39-2019-04-18T15:25:58Z-00002-000	1
47	0	1733bf77-2019-04-18T14:51:21Z-00002-000	1
47	0	1733c240-2019-04-18T14:46:35Z-00000-000	1
47	0	1733c240-2019-04-18T14:46:35Z-00001-000	1
47	0	1733c29d-2019-04-18T14:10:58Z-00000-000	1
47	0	1733c2bc-2019-04-18T13:51:19Z-00003-000	1
47	0	1733c338-2019-04-18T12:35:44Z-00004-000	1
47	0	1733c338-2019-04-18T12:35:44Z-00005-000	1
47	0	1733c67d-2019-04-18T11:47:10Z-00001-000	1
47	0	1733c6bb-2019-04-18T11:28:17Z-00000-000	1
47	0	2439be89-2019-04-18T16:47:44Z-00000-000	0
47	0	2439be89-2019-04-18T16:47:44Z-00006-000	1
47	0	269c4789-2019-04-15T20:24:11Z-00010-000	1
47	0	27354bd7-2019-04-18T18:33:09Z-00001-000	1
47	0	2acab7ab-2019-04-18T17:01:31Z-00000-000	0
47	0	2acab7ab-2019-04-18T17:01:31Z-00006-000	1
47	0	3ec31e7c-2019-04-18T16:14:06Z-00005-000	1
47	0	3ec31e7c-2019-04-18T16:14:06Z-00007-000	1
47	0	3ec31e7c-2019-04-18T16:14:06Z-00008-000	0
47	0	3ec31e7c-2019-04-18T16:14:06Z-00009-000	1
47	0	45419141-2019-04-18T13:34:20Z-00000-000	1
47	0	48cd3dfc-2019-04-18T13:56:49Z-00004-000	1
47	0	49b76b2f-2019-04-18T15:51:00Z-00002-000	1
47	0	4c6f94e5-2019-04-18T15:09:04Z-00000-000	1
47	0	4c6f94e5-2019-04-18T15:09:04Z-00001-000	1
47	0	4c6f94e5-2019-04-18T15:09:04Z-00002-000	0
47	0	4c6f94e5-2019-04-18T15:09:04Z-00003-000	1
47	0	503cf2fa-2019-04-18T16:18:09Z-00002-000	0
47	0	503cf2fa-2019-04-18T16:18:09Z-00003-000	1
47	0	506b6158-2019-04-18T16:27:40Z-00002-000	1
47	0	506b6158-2019-04-18T16:27:40Z-00003-000	1
47	0	546112c3-2019-04-18T13:30:38Z-00004-000	1
47	0	546112c3-2019-04-18T13:30:38Z-00005-000	0
47	0	59460e7f-2019-04-18T13:41:43Z-00001-000	1
47	0	5e2b575d-2019-04-18T16:32:42Z-00004-000	1
47	0	6013441c-2019-04-18T16:58:33Z-00001-000	1
47	0	6013441c-2019-04-18T16:58:33Z-00003-000	1
47	0	6013441c-2019-04-18T16:58:33Z-00007-000	1
47	0	6851beca-2019-04-18T12:14:03Z-00003-000	0
47	0	68a4cf31-2019-04-18T18:58:34Z-00003-000	1
47	0	68a4cf8e-2019-04-18T17:19:01Z-00000-000	1
47	0	68a4d029-2019-04-18T16:39:32Z-00000-000	1
47	0	68a4d029-2019-04-18T16:39:32Z-00001-000	1
47	0	698c3c78-2019-04-18T18:17:36Z-00003-000	1
47	0	6bc9904a-2019-04-18T16:46:57Z-00001-000	1
47	0	6c734766-2019-04-18T13:20:17Z-00004-000	1
47	0	6cbdf87a-2019-04-18T17:46:54Z-00001-000	1
47	0	748ad8df-2019-04-18T15:53:22Z-00000-000	1
47	0	76fe7ef5-2019-04-18T16:54:29Z-00004-000	1
47	0	779b1229-2019-04-18T16:52:55Z-00005-000	1
47	0	779b1267-2019-04-18T11:39:15Z-00005-000	1
47	0	7d1fa14a-2019-04-18T16:51:16Z-00001-000	1
47	0	7de56526-2019-04-18T15:10:01Z-00008-000	1
47	0	81d5454b-2019-04-18T13:19:41Z-00004-000	1
47	0	82c5bb4f-2019-04-18T17:27:44Z-00003-000	1
47	0	8c35ffbd-2019-04-19T12:47:53Z-00007-000	1
47	0	93909ee1-2019-04-18T17:40:32Z-00002-000	1
47	0	93909ee1-2019-04-18T17:40:32Z-00004-000	0
47	0	952deb76-2019-04-18T14:21:08Z-00002-000	1
47	0	abf49c16-2019-04-18T11:37:52Z-00004-000	1
47	0	abf51816-2019-04-18T15:38:53Z-00002-000	1
47	0	abf51ede-2019-04-18T13:34:18Z-00003-000	1
47	0	acf20e3-2019-04-18T19:29:41Z-00001-000	0
47	0	acf20e3-2019-04-18T19:29:41Z-00005-000	0
47	0	ae7c3aca-2019-04-18T13:14:06Z-00005-000	1
47	0	b3c9295e-2019-04-18T15:39:39Z-00001-000	1
47	0	b3cad6e6-2019-04-18T14:54:44Z-00003-000	1
47	0	b7e16db9-2019-04-18T14:29:56Z-00002-000	1
47	0	ba50642-2019-04-18T12:23:18Z-00001-000	1
47	0	bc9ca527-2019-04-18T14:21:38Z-00003-000	1
47	0	bd7013ea-2019-04-18T14:03:21Z-00001-000	0
47	0	bd7013ea-2019-04-18T14:03:21Z-00002-000	1
47	0	bd7013ea-2019-04-18T14:03:21Z-00003-000	0
47	0	bd7013ea-2019-04-18T14:03:21Z-00004-000	0
47	0	bf1a606c-2019-04-18T15:14:10Z-00003-000	1
47	0	bfd69562-2019-04-18T17:38:09Z-00000-000	1
47	0	c47ceb6b-2019-04-18T12:45:44Z-00001-000	1
47	0	c6512081-2019-04-18T16:44:37Z-00000-000	0
47	0	c6512081-2019-04-18T16:44:37Z-00001-000	1
47	0	c6512081-2019-04-18T16:44:37Z-00003-000	0
47	0	cf3337ae-2019-04-18T18:36:24Z-00004-000	1
47	0	cf3337ae-2019-04-18T18:36:24Z-00005-000	1
47	0	cf422126-2019-04-18T15:04:19Z-00003-000	1
47	0	d15e57c3-2019-04-18T11:59:31Z-00000-000	1
47	0	d15e57c3-2019-04-18T11:59:31Z-00001-000	0
47	0	d4ad3156-2019-04-18T15:31:45Z-00003-000	1
47	0	d686e01-2019-04-18T14:47:36Z-00000-000	1
47	0	d686e01-2019-04-18T14:47:36Z-00005-000	1
47	0	d68721f-2019-04-18T11:59:11Z-00000-000	0
47	0	dee3e592-2019-04-18T11:16:51Z-00001-000	1
47	0	e251da52-2019-04-18T17:08:23Z-00005-000	1
47	0	ea4173a6-2019-04-18T17:11:07Z-00001-000	1
47	0	ed89f195-2019-04-18T15:14:40Z-00002-000	1
47	0	ed89f195-2019-04-18T15:14:40Z-00003-000	1
47	0	effd51d-2019-04-18T12:26:46Z-00000-000	1
47	0	f54bb389-2019-04-18T18:08:32Z-00002-000	1
47	0	f6e16c0b-2019-04-18T12:39:51Z-00005-000	1
47	0	f9c95d4e-2019-04-18T15:27:16Z-00002-000	1
48	0	1962bef4-2019-04-19T12:46:39Z-00015-000	0
48	0	1a7af591-2019-04-18T18:28:22Z-00000-000	0
48	0	1a7af591-2019-04-18T18:28:22Z-00001-000	0
48	0	1a7af591-2019-04-18T18:28:22Z-00003-000	1
48	0	1a7af591-2019-04-18T18:28:22Z-00004-000	0
48	0	1a7af591-2019-04-18T18:28:22Z-00005-000	1
48	0	1c3a6a0a-2019-04-18T14:09:40Z-00005-000	1
48	0	219652fa-2019-04-18T14:33:32Z-00004-000	0
48	0	219652fa-2019-04-18T14:33:32Z-00005-000	1
48	0	2a12b5f8-2019-04-18T16:35:53Z-00000-000	1
48	0	2a12b5f8-2019-04-18T16:35:53Z-00001-000	1
48	0	2a12b5f8-2019-04-18T16:35:53Z-00002-000	0
48	0	2a12b5f8-2019-04-18T16:35:53Z-00004-000	1
48	0	2a12b5f8-2019-04-18T16:35:53Z-00005-000	1
48	0	322dcc7f-2019-04-18T17:04:21Z-00003-000	0
48	0	3f867421-2019-04-18T18:19:00Z-00000-000	0
48	0	44c7d18-2019-04-18T18:04:38Z-00004-000	1
48	0	44c7d18-2019-04-18T18:04:38Z-00005-000	1
48	0	452eaf9c-2019-04-18T19:48:30Z-00000-000	0
48	0	452eaf9c-2019-04-18T19:48:30Z-00002-000	1
48	0	452eaf9c-2019-04-18T19:48:30Z-00003-000	1
48	0	4848b93e-2019-04-18T13:12:06Z-00002-000	0
48	0	4848b93e-2019-04-18T13:12:06Z-00003-000	0
48	0	4848b93e-2019-04-18T13:12:06Z-00004-000	1
48	0	5f3b3c6d-2019-04-19T12:44:37Z-00002-000	0
48	0	5f3b3c6d-2019-04-19T12:44:37Z-00026-000	1
48	0	5f3b3c6d-2019-04-19T12:44:37Z-00027-000	0
48	0	5ff149d1-2019-04-18T16:31:56Z-00002-000	0
48	0	5ff149d1-2019-04-18T16:31:56Z-00003-000	0
48	0	5ff149d1-2019-04-18T16:31:56Z-00004-000	1
48	0	6623faa8-2019-04-18T13:12:04Z-00000-000	0
48	0	6623faa8-2019-04-18T13:12:04Z-00005-000	0
48	0	6623faa8-2019-04-18T13:12:04Z-00006-000	1
48	0	68fec0d0-2019-04-18T19:14:41Z-00002-000	1
48	0	68fec0d0-2019-04-18T19:14:41Z-00003-000	0
48	0	6c32784f-2019-04-18T18:59:38Z-00000-000	0
48	0	6c32784f-2019-04-18T18:59:38Z-00001-000	1
48	0	6c32784f-2019-04-18T18:59:38Z-00004-000	1
48	0	6c32784f-2019-04-18T18:59:38Z-00005-000	1
48	0	6d6965d5-2019-04-18T17:51:17Z-00000-000	0
48	0	6d6965d5-2019-04-18T17:51:17Z-00003-000	1
48	0	6d6965d5-2019-04-18T17:51:17Z-00005-000	1
48	0	6d6965d5-2019-04-18T17:51:17Z-00006-000	0
48	0	6d6965d5-2019-04-18T17:51:17Z-00007-000	1
48	0	6ead9505-2019-04-18T18:25:41Z-00000-000	0
48	0	6effc6f6-2019-04-18T18:59:04Z-00002-000	1
48	0	a06c77c-2019-04-18T11:36:18Z-00000-000	1
48	0	a7acd758-2019-04-18T19:54:02Z-00000-000	1
48	0	a7acd758-2019-04-18T19:54:02Z-00001-000	1
48	0	a7acd758-2019-04-18T19:54:02Z-00002-000	1
48	0	a7acd758-2019-04-18T19:54:02Z-00003-000	1
48	0	abb42382-2019-04-18T16:14:47Z-00001-000	0
48	0	abb42382-2019-04-18T16:14:47Z-00003-000	1
48	0	abb42382-2019-04-18T16:14:47Z-00004-000	0
48	0	abb42382-2019-04-18T16:14:47Z-00005-000	1
48	0	aeb43fe9-2019-04-18T11:40:53Z-00003-000	0
48	0	aeb43fe9-2019-04-18T11:40:53Z-00005-000	1
48	0	bc6012b0-2019-04-18T18:58:46Z-00004-000	0
48	0	bda53b78-2019-04-18T15:58:35Z-00002-000	1
48	0	c0b1c40c-2019-04-18T13:10:29Z-00000-000	0
48	0	c0b1c40c-2019-04-18T13:10:29Z-00002-000	0
48	0	c0b1c40c-2019-04-18T13:10:29Z-00003-000	1
48	0	c0b1c40c-2019-04-18T13:10:29Z-00004-000	0
48	0	c0b1c40c-2019-04-18T13:10:29Z-00005-000	1
48	0	c1d70405-2019-04-18T19:11:25Z-00003-000	0
48	0	c1d70405-2019-04-18T19:11:25Z-00004-000	0
48	0	c6ce3e46-2019-04-18T13:30:26Z-00005-000	1
48	0	ca9d6789-2019-04-15T20:24:25Z-00000-000	0
48	0	ca9d6789-2019-04-15T20:24:25Z-00001-000	0
48	0	ca9d6789-2019-04-15T20:24:25Z-00004-000	0
48	0	ca9d6789-2019-04-15T20:24:25Z-00005-000	0
48	0	ca9d6789-2019-04-15T20:24:25Z-00012-000	0
48	0	ca9d6789-2019-04-15T20:24:25Z-00015-000	1
48	0	ca9d6789-2019-04-15T20:24:25Z-00022-000	1
48	0	ca9d6789-2019-04-15T20:24:25Z-00023-000	1
48	0	d003097b-2019-04-18T13:09:47Z-00000-000	1
48	0	d003097b-2019-04-18T13:09:47Z-00001-000	0
48	0	d003097b-2019-04-18T13:09:47Z-00002-000	1
48	0	d003097b-2019-04-18T13:09:47Z-00003-000	1
48	0	d003097b-2019-04-18T13:09:47Z-00005-000	1
48	0	d01d031e-2019-04-18T16:42:46Z-00000-000	1
48	0	d01d031e-2019-04-18T16:42:46Z-00002-000	0
48	0	d01debdc-2019-04-18T12:30:47Z-00000-000	0
48	0	d01debdc-2019-04-18T12:30:47Z-00001-000	1
48	0	d461a67d-2019-04-18T11:42:08Z-00000-000	0
48	0	d461a67d-2019-04-18T11:42:08Z-00002-000	0
48	0	d461a67d-2019-04-18T11:42:08Z-00003-000	0
48	0	d461a67d-2019-04-18T11:42:08Z-00007-000	0
48	0	dac67b43-2019-04-18T15:27:10Z-00000-000	0
48	0	dac67b43-2019-04-18T15:27:10Z-00003-000	0
48	0	dac67b43-2019-04-18T15:27:10Z-00006-000	0
48	0	e62a27a7-2019-04-18T11:20:35Z-00000-000	1
48	0	e6603d1a-2019-04-18T14:22:17Z-00003-000	0
48	0	e6603d1a-2019-04-18T14:22:17Z-00005-000	0
48	0	e76f7b80-2019-04-18T18:21:51Z-00001-000	0
48	0	e76f7b80-2019-04-18T18:21:51Z-00002-000	1
48	0	e8f3cfdf-2019-04-18T19:27:57Z-00003-000	0
48	0	e8f3cfdf-2019-04-18T19:27:57Z-00004-000	1
48	0	f12d8c0e-2019-04-18T18:47:16Z-00003-000	1
48	0	fe7a40d0-2019-04-18T11:53:23Z-00001-000	1
49	0	1733c744-2019-04-18T12:03:59Z-00002-000	0
49	0	185445e5-2019-04-18T14:15:33Z-00002-000	0
49	0	2250950f-2019-04-15T20:22:46Z-00009-000	0
49	0	2250950f-2019-04-15T20:22:46Z-00013-000	0
49	0	2250950f-2019-04-15T20:22:46Z-00014-000	0
49	0	2250950f-2019-04-15T20:22:46Z-00018-000	0
49	0	240561fd-2019-04-17T11:47:40Z-00072-000	0
49	0	256154c4-2019-04-18T12:08:48Z-00000-000	0
49	0	289dc5b0-2019-04-18T12:28:56Z-00000-000	0
49	0	289dc5b0-2019-04-18T12:28:56Z-00001-000	1
49	0	2ecd255b-2019-04-19T12:45:25Z-00017-000	0
49	0	2ecd255b-2019-04-19T12:45:25Z-00018-000	0
49	0	431b936a-2019-04-18T14:11:36Z-00000-000	0
49	0	431b936a-2019-04-18T14:11:36Z-00001-000	0
49	0	431b936a-2019-04-18T14:11:36Z-00002-000	0
49	0	431b936a-2019-04-18T14:11:36Z-00003-000	0
49	0	431b936a-2019-04-18T14:11:36Z-00004-000	0
49	0	431b936a-2019-04-18T14:11:36Z-00005-000	1
49	0	431b936a-2019-04-18T14:11:36Z-00006-000	1
49	0	431b936a-2019-04-18T14:11:36Z-00007-000	0
49	0	43845dbd-2019-04-18T18:54:01Z-00003-000	0
49	0	4809e6cc-2019-04-18T13:30:35Z-00000-000	0
49	0	4809e6cc-2019-04-18T13:30:35Z-00002-000	0
49	0	4809e6cc-2019-04-18T13:30:35Z-00003-000	0
49	0	4809e6cc-2019-04-18T13:30:35Z-00004-000	0
49	0	4809e6cc-2019-04-18T13:30:35Z-00005-000	0
49	0	4e6308a9-2019-04-18T16:13:43Z-00003-000	0
49	0	5644e973-2019-04-18T18:07:58Z-00007-000	0
49	0	57c07d4a-2019-04-18T14:21:10Z-00003-000	0
49	0	57c07d69-2019-04-18T14:20:50Z-00005-000	0
49	0	5d6bbcc-2019-04-18T12:50:03Z-00000-000	0
49	0	5d6bbcc-2019-04-18T12:50:03Z-00001-000	0
49	0	5d6bbcc-2019-04-18T12:50:03Z-00002-000	1
49	0	8375938-2019-04-18T19:45:55Z-00003-000	0
49	0	869af6cc-2019-04-19T12:47:53Z-00017-000	0
49	0	91a1b22c-2019-04-17T11:47:28Z-00059-000	0
49	0	9247b1e1-2019-04-18T19:02:31Z-00001-000	1
49	0	9247b1e1-2019-04-18T19:02:31Z-00002-000	0
49	0	9247b1e1-2019-04-18T19:02:31Z-00003-000	1
49	0	9247b1e1-2019-04-18T19:02:31Z-00004-000	0
49	0	9247b1e1-2019-04-18T19:02:31Z-00005-000	0
49	0	9247b1e1-2019-04-18T19:02:31Z-00006-000	0
49	0	95d32768-2019-04-18T14:24:30Z-00000-000	0
49	0	9c6c768b-2019-04-15T20:22:56Z-00020-000	0
49	0	a17ccf37-2019-04-18T18:07:57Z-00003-000	0
49	0	aedd50a2-2019-04-18T16:47:09Z-00003-000	0
49	0	b655ce20-2019-04-18T16:46:49Z-00000-000	0
49	0	b655ce20-2019-04-18T16:46:49Z-00002-000	0
49	0	b655ce20-2019-04-18T16:46:49Z-00003-000	0
49	0	b655ce20-2019-04-18T16:46:49Z-00004-000	0
49	0	b655ce20-2019-04-18T16:46:49Z-00005-000	0
49	0	b97c1aa6-2019-04-18T14:22:15Z-00002-000	0
49	0	b99bced-2019-04-18T18:57:48Z-00003-000	0
49	0	b9ef185e-2019-04-17T11:47:34Z-00001-000	0
49	0	b9ef185e-2019-04-17T11:47:34Z-00063-000	0
49	0	b9ef185e-2019-04-17T11:47:34Z-00071-000	0
49	0	b9ef185e-2019-04-17T11:47:34Z-00072-000	0
49	0	b9ef185e-2019-04-17T11:47:34Z-00073-000	0
49	0	b9ef185e-2019-04-17T11:47:34Z-00074-000	0
49	0	b9ef185e-2019-04-17T11:47:34Z-00075-000	0
49	0	b9ef185e-2019-04-17T11:47:34Z-00076-000	0
49	0	b9ef185e-2019-04-17T11:47:34Z-00078-000	0
49	0	b9ef185e-2019-04-17T11:47:34Z-00079-000	0
49	0	b9ef185e-2019-04-17T11:47:34Z-00080-000	0
49	0	b9ef185e-2019-04-17T11:47:34Z-00081-000	0
49	0	b9ef185e-2019-04-17T11:47:34Z-00085-000	0
49	0	bcb55956-2019-04-19T12:45:33Z-00011-000	0
49	0	c76e356b-2019-04-18T16:15:36Z-00003-000	0
49	0	c8b84b6-2019-04-18T16:36:47Z-00000-000	0
49	0	c8b84b6-2019-04-18T16:36:47Z-00001-000	0
49	0	c8b84b6-2019-04-18T16:36:47Z-00002-000	0
49	0	c8b84b6-2019-04-18T16:36:47Z-00003-000	0
49	0	c8b84b6-2019-04-18T16:36:47Z-00004-000	0
49	0	c8b84b6-2019-04-18T16:36:47Z-00005-000	0
49	0	d71a719c-2019-04-18T13:56:36Z-00004-000	0
49	0	d9146b60-2019-04-18T17:43:20Z-00000-000	0
49	0	dcd97b83-2019-04-19T12:44:22Z-00007-000	0
49	0	df83ba5e-2019-04-18T15:01:49Z-00002-000	0
49	0	dfae64e7-2019-04-18T13:40:27Z-00000-000	0
49	0	dfae64e7-2019-04-18T13:40:27Z-00001-000	1
49	0	dfae64e7-2019-04-18T13:40:27Z-00002-000	0
49	0	dfae64e7-2019-04-18T13:40:27Z-00003-000	0
49	0	dfae64e7-2019-04-18T13:40:27Z-00004-000	0
49	0	dfae64e7-2019-04-18T13:40:27Z-00005-000	1
49	0	e0dffbaa-2019-04-18T14:56:40Z-00001-000	0
49	0	e8129322-2019-04-18T15:46:19Z-00002-000	0
49	0	f4135ff7-2019-04-18T14:01:54Z-00000-000	0
49	0	f4135ff7-2019-04-18T14:01:54Z-00001-000	1
49	0	f4135ff7-2019-04-18T14:01:54Z-00002-000	0
49	0	f4135ff7-2019-04-18T14:01:54Z-00003-000	1
49	0	f4135ff7-2019-04-18T14:01:54Z-00004-000	0
49	0	f4135ff7-2019-04-18T14:01:54Z-00005-000	0
49	0	f4978a00-2019-04-18T18:48:17Z-00002-000	0
49	0	f4978a00-2019-04-18T18:48:17Z-00003-000	0
49	0	f7064fa1-2019-04-18T19:37:25Z-00001-000	0
49	0	f89c38d5-2019-04-18T18:20:43Z-00001-000	0
49	0	f89c38d5-2019-04-18T18:20:43Z-00002-000	0
49	0	f89c38d5-2019-04-18T18:20:43Z-00003-000	0
49	0	f89c38d5-2019-04-18T18:20:43Z-00004-000	0
49	0	f89c38d5-2019-04-18T18:20:43Z-00005-000	0
5	0	2d6f4e75-2019-04-15T20:22:43Z-00000-000	0
5	0	2d6f4e75-2019-04-15T20:22:43Z-00001-000	1
5	0	2d6f4e75-2019-04-15T20:22:43Z-00002-000	1
5	0	2d6f4e75-2019-04-15T20:22:43Z-00003-000	0
5	0	2d6f4e75-2019-04-15T20:22:43Z-00004-000	0
5	0	2d6f4e75-2019-04-15T20:22:43Z-00005-000	0
5	0	2d6f4e75-2019-04-15T20:22:43Z-00006-000	1
5	0	2d6f4e75-2019-04-15T20:22:43Z-00007-000	1
5	0	2d6f4e75-2019-04-15T20:22:43Z-00008-000	1
5	0	2d6f4e75-2019-04-15T20:22:43Z-00009-000	1
5	0	2d6f4e75-2019-04-15T20:22:43Z-00010-000	1
5	0	2d6f4e75-2019-04-15T20:22:43Z-00011-000	1
5	0	2d6f4e75-2019-04-15T20:22:43Z-00012-000	1
5	0	2d6f4e75-2019-04-15T20:22:43Z-00013-000	1
5	0	2d6f4e75-2019-04-15T20:22:43Z-00014-000	1
5	0	2d6f4e75-2019-04-15T20:22:43Z-00015-000	1
5	0	2d6f4e75-2019-04-15T20:22:43Z-00016-000	1
5	0	2d6f4e75-2019-04-15T20:22:43Z-00017-000	1
5	0	36e1731d-2019-04-18T18:29:46Z-00006-000	0
5	0	38b0fdf5-2019-04-18T12:55:15Z-00001-000	0
5	0	38b0fdf5-2019-04-18T12:55:15Z-00004-000	0
5	0	38b0fe14-2019-04-18T12:54:22Z-00004-000	1
5	0	41ee0719-2019-04-18T14:19:05Z-00000-000	0
5	0	41ee0719-2019-04-18T14:19:05Z-00001-000	0
5	0	41ee0719-2019-04-18T14:19:05Z-00002-000	0
5	0	41ee0719-2019-04-18T14:19:05Z-00003-000	1
5	0	41ee0719-2019-04-18T14:19:05Z-00004-000	1
5	0	41ee0719-2019-04-18T14:19:05Z-00005-000	1
5	0	41ee0719-2019-04-18T14:19:05Z-00006-000	0
5	0	41ee0719-2019-04-18T14:19:05Z-00007-000	0
5	0	687ae770-2019-04-18T19:44:03Z-00003-000	0
5	0	8c527629-2019-04-18T19:33:00Z-00003-000	0
5	0	8c527667-2019-04-18T19:32:56Z-00003-000	0
5	0	b4e53fbf-2019-04-18T12:06:48Z-00000-000	0
5	0	b4e53fbf-2019-04-18T12:06:48Z-00001-000	0
5	0	b4e53fbf-2019-04-18T12:06:48Z-00005-000	1
5	0	ca713976-2019-04-18T12:06:48Z-00000-000	0
5	0	ca713976-2019-04-18T12:06:48Z-00001-000	0
5	0	ca713976-2019-04-18T12:06:48Z-00002-000	1
5	0	cf4c9cbf-2019-04-17T11:47:24Z-00000-000	0
5	0	cf4c9cbf-2019-04-17T11:47:24Z-00002-000	0
5	0	cf4c9cbf-2019-04-17T11:47:24Z-00003-000	0
5	0	cf4c9cbf-2019-04-17T11:47:24Z-00004-000	0
5	0	cf4c9cbf-2019-04-17T11:47:24Z-00009-000	1
5	0	cf4c9cbf-2019-04-17T11:47:24Z-00010-000	0
5	0	cf4c9cbf-2019-04-17T11:47:24Z-00011-000	0
5	0	cf4c9cbf-2019-04-17T11:47:24Z-00012-000	0
5	0	cf4c9cbf-2019-04-17T11:47:24Z-00013-000	0
5	0	cf4c9cbf-2019-04-17T11:47:24Z-00014-000	0
5	0	cf4c9cbf-2019-04-17T11:47:24Z-00015-000	0
5	0	cf4c9cbf-2019-04-17T11:47:24Z-00016-000	0
5	0	cf4c9cbf-2019-04-17T11:47:24Z-00018-000	0
5	0	cf4c9cbf-2019-04-17T11:47:24Z-00019-000	1
5	0	cf4c9cbf-2019-04-17T11:47:24Z-00023-000	0
5	0	cf4c9cbf-2019-04-17T11:47:24Z-00024-000	0
5	0	cf4c9cbf-2019-04-17T11:47:24Z-00025-000	0
5	0	cf4c9cbf-2019-04-17T11:47:24Z-00026-000	0
5	0	cf4c9cbf-2019-04-17T11:47:24Z-00028-000	0
5	0	cf4c9cbf-2019-04-17T11:47:24Z-00030-000	0
5	0	cf4c9cbf-2019-04-17T11:47:24Z-00032-000	0
5	0	cf4c9cbf-2019-04-17T11:47:24Z-00033-000	0
5	0	cf4c9cbf-2019-04-17T11:47:24Z-00034-000	0
5	0	cf4c9cbf-2019-04-17T11:47:24Z-00035-000	0
5	0	cf4c9cbf-2019-04-17T11:47:24Z-00036-000	0
5	0	cf4c9cbf-2019-04-17T11:47:24Z-00037-000	0
5	0	cf4c9cbf-2019-04-17T11:47:24Z-00038-000	0
5	0	cf4c9cbf-2019-04-17T11:47:24Z-00039-000	0
5	0	cf4c9cbf-2019-04-17T11:47:24Z-00041-000	0
5	0	cf4c9cbf-2019-04-17T11:47:24Z-00042-000	1
5	0	cf4c9cbf-2019-04-17T11:47:24Z-00044-000	1
5	0	cf4c9cbf-2019-04-17T11:47:24Z-00046-000	1
5	0	cf4c9cbf-2019-04-17T11:47:24Z-00049-000	0
5	0	cf4c9cbf-2019-04-17T11:47:24Z-00050-000	1
5	0	cf4c9cbf-2019-04-17T11:47:24Z-00053-000	1
5	0	cf4c9cbf-2019-04-17T11:47:24Z-00055-000	1
5	0	cf4c9cbf-2019-04-17T11:47:24Z-00059-000	0
5	0	cf4c9cbf-2019-04-17T11:47:24Z-00061-000	0
5	0	cf4c9cbf-2019-04-17T11:47:24Z-00062-000	1
5	0	cf4c9cbf-2019-04-17T11:47:24Z-00065-000	1
5	0	cf4c9cbf-2019-04-17T11:47:24Z-00069-000	1
5	0	cf4c9cbf-2019-04-17T11:47:24Z-00074-000	1
5	0	dac7811d-2019-04-18T20:00:32Z-00000-000	0
5	0	dac7811d-2019-04-18T20:00:32Z-00001-000	1
5	0	dac7811d-2019-04-18T20:00:32Z-00002-000	1
5	0	dac7811d-2019-04-18T20:00:32Z-00003-000	1
5	0	dac7811d-2019-04-18T20:00:32Z-00004-000	1
5	0	dac7811d-2019-04-18T20:00:32Z-00005-000	1
5	0	e14e9db-2019-04-19T12:45:06Z-00002-000	1
5	0	e14e9db-2019-04-19T12:45:06Z-00029-000	0
5	0	e14e9db-2019-04-19T12:45:06Z-00030-000	1
5	0	e28c98a3-2019-04-18T13:23:25Z-00000-000	0
5	0	e28c98a3-2019-04-18T13:23:25Z-00001-000	0
5	0	e28c98a3-2019-04-18T13:23:25Z-00002-000	0
5	0	e28c98a3-2019-04-18T13:23:25Z-00004-000	0
5	0	e28c98a3-2019-04-18T13:23:25Z-00005-000	1
5	0	e28c98a3-2019-04-18T13:23:25Z-00006-000	1
5	0	e28c98a3-2019-04-18T13:23:25Z-00007-000	1
5	0	efd6a8a8-2019-04-18T14:03:24Z-00000-000	0
5	0	efd6a8a8-2019-04-18T14:03:24Z-00001-000	1
5	0	f2dab09c-2019-04-18T19:44:13Z-00003-000	0
50	0	1133e4fe-2019-04-18T17:50:58Z-00001-000	0
50	0	1215c0b1-2019-04-18T19:42:30Z-00001-000	0
50	0	12cc98d3-2019-04-18T11:08:03Z-00000-000	1
50	0	12cc98d3-2019-04-18T11:08:03Z-00001-000	0
50	0	12cc98d3-2019-04-18T11:08:03Z-00002-000	1
50	0	1e94668a-2019-04-18T11:39:10Z-00005-000	0
50	0	1e94668a-2019-04-18T11:39:10Z-00007-000	0
50	0	3e6e1f09-2019-04-18T14:11:20Z-00007-000	0
50	0	3ffe2bd6-2019-04-18T18:54:44Z-00001-000	0
50	0	3ffe2bf5-2019-04-18T18:54:54Z-00001-000	0
50	0	3ffe2bf5-2019-04-18T18:54:54Z-00004-000	0
50	0	3ffe2c14-2019-04-18T18:54:28Z-00001-000	0
50	0	3ffe2c14-2019-04-18T18:54:28Z-00003-000	0
50	0	43380995-2019-04-18T18:47:38Z-00001-000	0
50	0	49479255-2019-04-18T20:00:46Z-00004-000	0
50	0	4d103774-2019-04-18T13:49:55Z-00001-000	0
50	0	4d103774-2019-04-18T13:49:55Z-00002-000	0
50	0	4d103774-2019-04-18T13:49:55Z-00003-000	1
50	0	4d103774-2019-04-18T13:49:55Z-00004-000	0
50	0	4d103774-2019-04-18T13:49:55Z-00005-000	1
50	0	4d103793-2019-04-18T11:35:54Z-00000-000	0
50	0	4d103793-2019-04-18T11:35:54Z-00002-000	0
50	0	4d103793-2019-04-18T11:35:54Z-00003-000	0
50	0	4d103793-2019-04-18T11:35:54Z-00004-000	0
50	0	4d103793-2019-04-18T11:35:54Z-00005-000	1
50	0	4d103793-2019-04-18T11:35:54Z-00007-000	1
50	0	4d1037b2-2019-04-18T11:26:06Z-00000-000	0
50	0	4d1037b2-2019-04-18T11:26:06Z-00001-000	0
50	0	4d1037b2-2019-04-18T11:26:06Z-00002-000	1
50	0	4d1037d1-2019-04-18T11:25:50Z-00000-000	0
50	0	4d1037d1-2019-04-18T11:25:50Z-00001-000	0
50	0	4d1037d1-2019-04-18T11:25:50Z-00002-000	0
50	0	4d1037f0-2019-04-18T11:08:29Z-00000-000	1
50	0	4d1037f0-2019-04-18T11:08:29Z-00001-000	0
50	0	4d1037f0-2019-04-18T11:08:29Z-00002-000	1
50	0	530b96d7-2019-04-18T11:55:04Z-00000-000	0
50	0	530b96d7-2019-04-18T11:55:04Z-00001-000	1
50	0	530b96d7-2019-04-18T11:55:04Z-00002-000	0
50	0	530b96d7-2019-04-18T11:55:04Z-00003-000	0
50	0	530b96d7-2019-04-18T11:55:04Z-00004-000	0
50	0	530b96d7-2019-04-18T11:55:04Z-00005-000	1
50	0	558e5346-2019-04-18T17:50:52Z-00004-000	0
50	0	57d5f0e9-2019-04-18T13:28:54Z-00006-000	0
50	0	5d28666e-2019-04-18T14:09:38Z-00002-000	0
50	0	5d28666e-2019-04-18T14:09:38Z-00004-000	0
50	0	5fb07803-2019-04-18T15:26:29Z-00000-000	0
50	0	5fb07803-2019-04-18T15:26:29Z-00003-000	0
50	0	5fb07803-2019-04-18T15:26:29Z-00005-000	0
50	0	610acc43-2019-04-18T14:48:09Z-00001-000	0
50	0	67787fa5-2019-04-18T17:08:18Z-00003-000	0
50	0	69f9cd05-2019-04-18T20:00:23Z-00002-000	0
50	0	6ac98ba6-2019-04-18T15:12:23Z-00003-000	0
50	0	6d5f9faf-2019-04-18T16:51:08Z-00000-000	0
50	0	6d8dec29-2019-04-18T11:32:09Z-00003-000	0
50	0	7ebf99a0-2019-04-18T19:54:23Z-00004-000	0
50	0	8af69e8a-2019-04-18T18:55:03Z-00003-000	0
50	0	8af69e8a-2019-04-18T18:55:03Z-00005-000	0
50	0	a451fc52-2019-04-18T15:49:02Z-00002-000	0
50	0	a451fc52-2019-04-18T15:49:02Z-00005-000	0
50	0	a76b7e0f-2019-04-18T19:48:00Z-00001-000	0
50	0	a76b7e0f-2019-04-18T19:48:00Z-00006-000	0
50	0	acecdf53-2019-04-18T16:15:44Z-00001-000	0
50	0	b1ae42c6-2019-04-18T19:53:25Z-00004-000	0
50	0	b1ae42c6-2019-04-18T19:53:25Z-00007-000	0
50	0	b7051d6f-2019-04-18T11:25:14Z-00000-000	1
50	0	b7051d6f-2019-04-18T11:25:14Z-00001-000	1
50	0	b7051d6f-2019-04-18T11:25:14Z-00002-000	0
50	0	b7051d6f-2019-04-18T11:25:14Z-00003-000	0
50	0	bc8970dc-2019-04-18T11:07:28Z-00001-000	0
50	0	bcb6a7c3-2019-04-18T18:03:56Z-00003-000	0
50	0	bd42305f-2019-04-18T11:08:40Z-00004-000	0
50	0	c5aa5ce3-2019-04-18T15:10:25Z-00007-000	0
50	0	c8ff866-2019-04-18T19:56:46Z-00004-000	0
50	0	c905620-2019-04-18T11:23:50Z-00001-000	0
50	0	c98c6638-2019-04-18T18:27:36Z-00003-000	0
50	0	d21a6c90-2019-04-18T11:39:37Z-00000-000	0
50	0	d21a6c90-2019-04-18T11:39:37Z-00001-000	0
50	0	d21a6c90-2019-04-18T11:39:37Z-00002-000	0
50	0	da0b362d-2019-04-18T16:13:49Z-00002-000	0
50	0	da116120-2019-04-18T16:15:25Z-00003-000	0
50	0	da116120-2019-04-18T16:15:25Z-00004-000	0
50	0	e1bc5fbb-2019-04-18T17:55:48Z-00003-000	0
50	0	e1bc5fbb-2019-04-18T17:55:48Z-00006-000	0
50	0	e560984e-2019-04-18T19:42:21Z-00000-000	0
50	0	e560984e-2019-04-18T19:42:21Z-00003-000	0
50	0	e560984e-2019-04-18T19:42:21Z-00004-000	0
50	0	ed9ea64e-2019-04-18T19:45:38Z-00003-000	0
50	0	f0a15ed7-2019-04-18T17:47:18Z-00005-000	0
50	0	f266897a-2019-04-18T13:59:44Z-00001-000	0
50	0	f266897a-2019-04-18T13:59:44Z-00002-000	1
50	0	f266897a-2019-04-18T13:59:44Z-00003-000	0
50	0	f266897a-2019-04-18T13:59:44Z-00004-000	1
50	0	f3de1edf-2019-04-18T12:54:07Z-00002-000	0
50	0	f8e629a6-2019-04-18T12:17:46Z-00001-000	0
50	0	fbb2201b-2019-04-18T19:20:40Z-00002-000	0
50	0	fbb2201b-2019-04-18T19:20:40Z-00003-000	0
50	0	ffdf2e2e-2019-04-18T11:43:09Z-00003-000	0
50	0	ffdf2e2e-2019-04-18T11:43:09Z-00004-000	0
50	0	ffdf2e2e-2019-04-18T11:43:09Z-00005-000	0
50	0	ffdf2e2e-2019-04-18T11:43:09Z-00006-000	1
6	0	10a0d139-2019-04-18T13:26:28Z-00004-000	0
6	0	1788cfe5-2019-04-18T18:14:02Z-00001-000	0
6	0	1788cfe5-2019-04-18T18:14:02Z-00002-000	0
6	0	1788cfe5-2019-04-18T18:14:02Z-00003-000	0
6	0	1788cfe5-2019-04-18T18:14:02Z-00004-000	0
6	0	1788cfe5-2019-04-18T18:14:02Z-00005-000	0
6	0	1788cfe5-2019-04-18T18:14:02Z-00006-000	1
6	0	1788cfe5-2019-04-18T18:14:02Z-00007-000	0
6	0	19e647b-2019-04-18T11:51:58Z-00001-000	1
6	0	1b21a2f2-2019-04-18T15:02:36Z-00004-000	0
6	0	28b3999f-2019-04-18T18:29:22Z-00004-000	0
6	0	28b3999f-2019-04-18T18:29:22Z-00005-000	0
6	0	28b3999f-2019-04-18T18:29:22Z-00009-000	0
6	0	2e6aa8d5-2019-04-18T14:46:14Z-00003-000	0
6	0	2ea519c-2019-04-18T15:42:30Z-00000-000	0
6	0	32e58fb0-2019-04-18T18:29:04Z-00001-000	1
6	0	32e58fb0-2019-04-18T18:29:04Z-00002-000	0
6	0	32e58fb0-2019-04-18T18:29:04Z-00003-000	1
6	0	33b011a1-2019-04-18T18:11:15Z-00000-000	1
6	0	33b011a1-2019-04-18T18:11:15Z-00001-000	1
6	0	33b011a1-2019-04-18T18:11:15Z-00004-000	0
6	0	33b011a1-2019-04-18T18:11:15Z-00005-000	1
6	0	33b011a1-2019-04-18T18:11:15Z-00006-000	1
6	0	33b011a1-2019-04-18T18:11:15Z-00007-000	0
6	0	3c15c9f1-2019-04-18T19:14:38Z-00001-000	0
6	0	3c15c9f1-2019-04-18T19:14:38Z-00002-000	1
6	0	3c15c9f1-2019-04-18T19:14:38Z-00003-000	0
6	0	3c15c9f1-2019-04-18T19:14:38Z-00004-000	0
6	0	3ee73521-2019-04-18T17:53:53Z-00002-000	0
6	0	472d8abe-2019-04-18T12:17:23Z-00002-000	1
6	0	472d8abe-2019-04-18T12:17:23Z-00003-000	1
6	0	472d8abe-2019-04-18T12:17:23Z-00004-000	1
6	0	472d8abe-2019-04-18T12:17:23Z-00005-000	1
6	0	5495d3a1-2019-04-18T16:12:53Z-00004-000	0
6	0	561c5e25-2019-04-18T15:50:58Z-00000-000	0
6	0	561c5e25-2019-04-18T15:50:58Z-00002-000	1
6	0	561c5e25-2019-04-18T15:50:58Z-00003-000	0
6	0	561c5e25-2019-04-18T15:50:58Z-00004-000	1
6	0	56ad9029-2019-04-18T19:14:15Z-00000-000	0
6	0	56ad9029-2019-04-18T19:14:15Z-00001-000	1
6	0	5a5f6670-2019-04-18T15:23:39Z-00001-000	0
6	0	5d68f3d4-2019-04-18T14:39:09Z-00001-000	0
6	0	5e3d2af5-2019-04-18T12:41:09Z-00000-000	0
6	0	5e3d2af5-2019-04-18T12:41:09Z-00001-000	0
6	0	5e3d2af5-2019-04-18T12:41:09Z-00002-000	0
6	0	5e3d2af5-2019-04-18T12:41:09Z-00003-000	0
6	0	690558ad-2019-04-18T18:09:37Z-00000-000	0
6	0	70e98e44-2019-04-18T12:52:18Z-00000-000	0
6	0	76c7c4bc-2019-04-18T13:04:33Z-00000-000	0
6	0	76c7c4bc-2019-04-18T13:04:33Z-00001-000	0
6	0	76c7c4bc-2019-04-18T13:04:33Z-00002-000	0
6	0	76c7c4bc-2019-04-18T13:04:33Z-00003-000	0
6	0	76c7c4bc-2019-04-18T13:04:33Z-00004-000	0
6	0	76c7c4bc-2019-04-18T13:04:33Z-00005-000	1
6	0	76c7c4bc-2019-04-18T13:04:33Z-00006-000	0
6	0	7cc54135-2019-04-19T12:44:52Z-00011-000	0
6	0	7cc54135-2019-04-19T12:44:52Z-00012-000	1
6	0	7d582ac3-2019-04-18T16:28:22Z-00000-000	0
6	0	7d582ac3-2019-04-18T16:28:22Z-00001-000	0
6	0	7d582ac3-2019-04-18T16:28:22Z-00003-000	1
6	0	7d582ac3-2019-04-18T16:28:22Z-00004-000	0
6	0	7d582ac3-2019-04-18T16:28:22Z-00005-000	1
6	0	844ad89d-2019-04-18T12:18:26Z-00001-000	0
6	0	88cfaec7-2019-04-18T19:17:31Z-00000-000	0
6	0	88cfaec7-2019-04-18T19:17:31Z-00002-000	0
6	0	912e5771-2019-04-18T18:50:38Z-00002-000	0
6	0	912e5771-2019-04-18T18:50:38Z-00004-000	0
6	0	912e5771-2019-04-18T18:50:38Z-00005-000	1
6	0	9221b9ae-2019-04-18T16:38:23Z-00002-000	1
6	0	9221b9ae-2019-04-18T16:38:23Z-00003-000	0
6	0	a1f3d362-2019-04-18T12:48:11Z-00002-000	0
6	0	a96d2cbd-2019-04-18T13:46:35Z-00000-000	0
6	0	b4208ffd-2019-04-18T17:49:49Z-00004-000	1
6	0	b4208ffd-2019-04-18T17:49:49Z-00005-000	0
6	0	b6997948-2019-04-18T16:22:25Z-00001-000	1
6	0	b6997948-2019-04-18T16:22:25Z-00003-000	1
6	0	b72eb951-2019-04-18T19:45:34Z-00004-000	0
6	0	b7e5c696-2019-04-18T17:58:32Z-00003-000	0
6	0	b9fe573f-2019-04-18T16:11:37Z-00002-000	0
6	0	bbae4f1c-2019-04-18T12:51:49Z-00000-000	0
6	0	bbae4f3b-2019-04-18T12:51:48Z-00001-000	1
6	0	c195ff79-2019-04-18T13:35:02Z-00000-000	1
6	0	c195ff79-2019-04-18T13:35:02Z-00001-000	1
6	0	c195ff79-2019-04-18T13:35:02Z-00003-000	1
6	0	c195ff79-2019-04-18T13:35:02Z-00004-000	0
6	0	c50238c9-2019-04-18T17:47:31Z-00001-000	0
6	0	c5b8d1f0-2019-04-18T15:28:42Z-00007-000	0
6	0	dfe65563-2019-04-18T18:09:32Z-00004-000	0
6	0	e6ffa8fb-2019-04-19T12:45:14Z-00036-000	0
6	0	e78f47fa-2019-04-18T18:20:34Z-00000-000	0
6	0	e78f47fa-2019-04-18T18:20:34Z-00001-000	0
6	0	e78f47fa-2019-04-18T18:20:34Z-00002-000	0
6	0	e78f47fa-2019-04-18T18:20:34Z-00003-000	1
6	0	e78f47fa-2019-04-18T18:20:34Z-00004-000	0
6	0	e78f47fa-2019-04-18T18:20:34Z-00005-000	1
6	0	ea43a5f1-2019-04-18T11:39:29Z-00003-000	0
6	0	f48730ac-2019-04-18T15:19:48Z-00001-000	1
6	0	f48730ac-2019-04-18T15:19:48Z-00003-000	0
6	0	f76890a8-2019-04-18T12:32:48Z-00003-000	0
6	0	f76890a8-2019-04-18T12:32:48Z-00004-000	1
7	0	146c9c8-2019-04-18T15:39:55Z-00002-000	1
7	0	362f40bc-2019-04-18T13:09:40Z-00002-000	1
7	0	36c2c315-2019-04-18T11:41:22Z-00002-000	1
7	0	36c2c315-2019-04-18T11:41:22Z-00003-000	0
7	0	36c2c315-2019-04-18T11:41:22Z-00004-000	1
7	0	36c2c315-2019-04-18T11:41:22Z-00005-000	0
7	0	3771ef2c-2019-04-18T19:30:15Z-00003-000	0
7	0	3e3318ae-2019-04-18T12:20:39Z-00001-000	0
7	0	41f862a6-2019-04-18T19:35:39Z-00001-000	0
7	0	41f862a6-2019-04-18T19:35:39Z-00002-000	1
7	0	52f90272-2019-04-18T19:19:15Z-00001-000	0
7	0	68fed5c1-2019-04-18T19:35:23Z-00004-000	1
7	0	6a816453-2019-04-18T19:25:29Z-00005-000	1
7	0	6bf94fce-2019-04-18T19:32:42Z-00002-000	0
7	0	7581a608-2019-04-18T19:58:23Z-00004-000	0
7	0	7da97fb8-2019-04-18T14:19:59Z-00002-000	0
7	0	7da97fb8-2019-04-18T14:19:59Z-00005-000	1
7	0	8267279d-2019-04-18T15:31:31Z-00000-000	0
7	0	8267279d-2019-04-18T15:31:31Z-00002-000	0
7	0	8267279d-2019-04-18T15:31:31Z-00003-000	1
7	0	8267279d-2019-04-18T15:31:31Z-00004-000	0
7	0	8267279d-2019-04-18T15:31:31Z-00006-000	0
7	0	8267279d-2019-04-18T15:31:31Z-00007-000	1
7	0	826727bc-2019-04-18T15:25:22Z-00006-000	0
7	0	826727bc-2019-04-18T15:25:22Z-00007-000	1
7	0	826727db-2019-04-18T14:31:24Z-00003-000	1
7	0	826727db-2019-04-18T14:31:24Z-00004-000	1
7	0	826727db-2019-04-18T14:31:24Z-00007-000	1
7	0	85363321-2019-04-18T18:11:52Z-00000-000	0
7	0	85363321-2019-04-18T18:11:52Z-00001-000	0
7	0	85363321-2019-04-18T18:11:52Z-00002-000	1
7	0	85363321-2019-04-18T18:11:52Z-00003-000	1
7	0	85363321-2019-04-18T18:11:52Z-00004-000	1
7	0	8fa3a98b-2019-04-18T19:35:48Z-00003-000	1
7	0	8fa3a98b-2019-04-18T19:35:48Z-00005-000	1
7	0	8fa3a9aa-2019-04-18T19:35:39Z-00000-000	1
7	0	8fa3a9aa-2019-04-18T19:35:39Z-00004-000	1
7	0	8fdec11b-2019-04-18T19:35:19Z-00000-000	0
7	0	8fdec159-2019-04-18T19:34:03Z-00004-000	1
7	0	8fdf3c42-2019-04-18T19:34:44Z-00005-000	0
7	0	9762761d-2019-04-18T19:34:37Z-00004-000	0
7	0	9762761d-2019-04-18T19:34:37Z-00005-000	1
7	0	b20f7665-2019-04-18T19:34:59Z-00003-000	1
7	0	b952f294-2019-04-18T14:13:42Z-00002-000	1
7	0	bcb43496-2019-04-18T19:26:12Z-00002-000	1
7	0	bcb43496-2019-04-18T19:26:12Z-00003-000	1
7	0	c2a70fea-2019-04-18T19:34:28Z-00002-000	0
7	0	c2a70fea-2019-04-18T19:34:28Z-00003-000	1
7	0	c2a70fea-2019-04-18T19:34:28Z-00004-000	0
7	0	c9139d24-2019-04-18T19:32:47Z-00003-000	0
7	0	cb1a30bc-2019-04-18T19:35:27Z-00000-000	0
7	0	cb1a30bc-2019-04-18T19:35:27Z-00001-000	1
7	0	cb1a30bc-2019-04-18T19:35:27Z-00002-000	0
7	0	cefb92e7-2019-04-18T12:32:56Z-00000-000	1
7	0	cfa9c036-2019-04-18T19:26:00Z-00001-000	1
7	0	cfa9c036-2019-04-18T19:26:00Z-00002-000	0
7	0	cfa9c036-2019-04-18T19:26:00Z-00003-000	1
7	0	d57ca0db-2019-04-18T15:34:22Z-00003-000	1
7	0	d57ca0db-2019-04-18T15:34:22Z-00004-000	0
7	0	d57ca0db-2019-04-18T15:34:22Z-00005-000	1
7	0	d8496939-2019-04-18T16:39:08Z-00000-000	0
7	0	d8496939-2019-04-18T16:39:08Z-00002-000	0
7	0	d8496939-2019-04-18T16:39:08Z-00003-000	1
7	0	e2b0dc35-2019-04-18T19:35:13Z-00003-000	1
7	0	e2b0dc54-2019-04-18T19:35:06Z-00002-000	1
7	0	e540288d-2019-04-18T16:49:57Z-00000-000	1
7	0	e540288d-2019-04-18T16:49:57Z-00001-000	0
7	0	e540288d-2019-04-18T16:49:57Z-00002-000	1
7	0	e540288d-2019-04-18T16:49:57Z-00003-000	0
7	0	e5aaa317-2019-04-18T19:37:54Z-00002-000	0
7	0	e5aaa317-2019-04-18T19:37:54Z-00003-000	1
7	0	e5aaa317-2019-04-18T19:37:54Z-00004-000	1
7	0	e5aaa355-2019-04-18T19:35:37Z-00000-000	0
7	0	e5aaa355-2019-04-18T19:35:37Z-00002-000	0
7	0	e5aaa355-2019-04-18T19:35:37Z-00005-000	0
7	0	e5aaa355-2019-04-18T19:35:37Z-00007-000	1
7	0	e5aaa355-2019-04-18T19:35:37Z-00008-000	0
7	0	e5aaa374-2019-04-18T19:35:42Z-00001-000	0
7	0	e5aaa393-2019-04-18T19:35:11Z-00001-000	0
7	0	e5aaa393-2019-04-18T19:35:11Z-00002-000	0
7	0	e5aaa3b2-2019-04-18T19:34:25Z-00003-000	0
7	0	e5aaa3b2-2019-04-18T19:34:25Z-00004-000	1
7	0	e5aaa40f-2019-04-18T19:30:54Z-00001-000	1
7	0	e5aaa40f-2019-04-18T19:30:54Z-00003-000	1
7	0	e9f3a082-2019-04-18T19:25:53Z-00005-000	1
7	0	ed449e61-2019-04-18T15:13:37Z-00000-000	0
7	0	ed449e61-2019-04-18T15:13:37Z-00001-000	1
7	0	ed449e61-2019-04-18T15:13:37Z-00002-000	0
7	0	ed449e61-2019-04-18T15:13:37Z-00003-000	1
7	0	ed449e61-2019-04-18T15:13:37Z-00004-000	1
7	0	ed449e61-2019-04-18T15:13:37Z-00005-000	1
7	0	ffc1c5ad-2019-04-18T16:49:56Z-00000-000	0
7	0	ffc1c5ad-2019-04-18T16:49:56Z-00001-000	1
7	0	ffc1c5ad-2019-04-18T16:49:56Z-00002-000	0
7	0	ffc1c5ad-2019-04-18T16:49:56Z-00003-000	1
7	0	ffc1c5ad-2019-04-18T16:49:56Z-00004-000	0
7	0	ffc1c5ad-2019-04-18T16:49:56Z-00005-000	1
7	0	ffc1c5ad-2019-04-18T16:49:56Z-00006-000	0
7	0	ffc1c5ad-2019-04-18T16:49:56Z-00007-000	1
7	0	ffc1c5ad-2019-04-18T16:49:56Z-00008-000	1
8	0	18dd4096-2019-04-18T11:17:01Z-00007-000	0
8	0	18dd4096-2019-04-18T11:17:01Z-00008-000	0
8	0	18dd4096-2019-04-18T11:17:01Z-00009-000	1
8	0	198d8310-2019-04-18T17:42:52Z-00003-000	1
8	0	1d36d012-2019-04-18T14:21:52Z-00004-000	1
8	0	21d8799e-2019-04-18T13:45:43Z-00000-000	1
8	0	21d8799e-2019-04-18T13:45:43Z-00003-000	1
8	0	21d879bd-2019-04-18T13:44:31Z-00005-000	1
8	0	271173e1-2019-04-18T15:21:14Z-00000-000	1
8	0	32f403e5-2019-04-18T13:07:08Z-00001-000	1
8	0	32f403e5-2019-04-18T13:07:08Z-00003-000	1
8	0	32f40404-2019-04-18T13:07:04Z-00003-000	1
8	0	32f40404-2019-04-18T13:07:04Z-00005-000	1
8	0	32f40423-2019-04-18T13:02:48Z-00003-000	1
8	0	32f40423-2019-04-18T13:02:48Z-00005-000	1
8	0	3b40d869-2019-04-18T12:03:23Z-00004-000	1
8	0	3b40d888-2019-04-18T11:38:30Z-00002-000	1
8	0	45d1bbfd-2019-04-18T12:13:17Z-00001-000	1
8	0	47e4d062-2019-04-18T18:02:31Z-00004-000	0
8	0	48e4db2d-2019-04-18T19:52:25Z-00004-000	1
8	0	4d5807f9-2019-04-18T13:03:58Z-00003-000	1
8	0	670240c2-2019-04-18T20:00:30Z-00005-000	1
8	0	670240e1-2019-04-18T19:43:42Z-00005-000	1
8	0	6702411f-2019-04-18T18:02:03Z-00007-000	1
8	0	6702415d-2019-04-18T15:27:01Z-00000-000	0
8	0	6702415d-2019-04-18T15:27:01Z-00001-000	0
8	0	6702415d-2019-04-18T15:27:01Z-00002-000	1
8	0	6702417c-2019-04-18T15:16:55Z-00000-000	0
8	0	6702417c-2019-04-18T15:16:55Z-00001-000	0
8	0	6702bd00-2019-04-18T17:57:26Z-00003-000	1
8	0	6702bd00-2019-04-18T17:57:26Z-00005-000	1
8	0	6702bd00-2019-04-18T17:57:26Z-00007-000	1
8	0	6702c0e0-2019-04-18T16:04:55Z-00003-000	1
8	0	6702c425-2019-04-18T15:23:27Z-00005-000	1
8	0	6702c444-2019-04-18T15:14:03Z-00000-000	1
8	0	6702c444-2019-04-18T15:14:03Z-00003-000	1
8	0	6702c4a1-2019-04-18T14:16:55Z-00002-000	0
8	0	6702c4a1-2019-04-18T14:16:55Z-00003-000	0
8	0	6702c4a1-2019-04-18T14:16:55Z-00009-000	0
8	0	6702c4fe-2019-04-18T13:27:55Z-00004-000	1
8	0	6702c4fe-2019-04-18T13:27:55Z-00005-000	0
8	0	6702c8de-2019-04-18T12:13:43Z-00004-000	1
8	0	6702cb88-2019-04-18T11:57:24Z-00000-000	1
8	0	6702cba7-2019-04-18T11:43:44Z-00001-000	1
8	0	6702cbc6-2019-04-18T11:40:47Z-00003-000	1
8	0	67e96441-2019-04-18T16:54:02Z-00002-000	0
8	0	72a540d2-2019-04-18T20:00:34Z-00005-000	1
8	0	7586389e-2019-04-18T19:47:25Z-00002-000	0
8	0	7586b87e-2019-04-18T16:28:16Z-00003-000	1
8	0	7586b8bc-2019-04-18T16:04:45Z-00005-000	1
8	0	7586c03e-2019-04-18T13:47:10Z-00002-000	0
8	0	7586c763-2019-04-18T11:45:22Z-00009-000	1
8	0	7586cae6-2019-04-18T11:18:51Z-00000-000	1
8	0	7586cb05-2019-04-18T11:13:57Z-00002-000	1
8	0	7945d7cc-2019-04-18T14:27:21Z-00001-000	1
8	0	7945d7cc-2019-04-18T14:27:21Z-00004-000	1
8	0	7945d7eb-2019-04-18T14:14:13Z-00000-000	0
8	0	7945d7eb-2019-04-18T14:14:13Z-00003-000	1
8	0	81e767ea-2019-04-18T13:52:10Z-00005-000	1
8	0	83226e2e-2019-04-18T17:40:10Z-00000-000	1
8	0	83226e2e-2019-04-18T17:40:10Z-00007-000	1
8	0	83226e4d-2019-04-18T17:37:54Z-00004-000	0
8	0	85e1f2e4-2019-04-18T11:55:44Z-00005-000	0
8	0	8b1c2c7d-2019-04-18T16:20:49Z-00003-000	0
8	0	95429d28-2019-04-18T19:45:05Z-00006-000	1
8	0	95429d47-2019-04-18T18:54:49Z-00004-000	1
8	0	95d50422-2019-04-18T19:03:02Z-00004-000	1
8	0	9d769a92-2019-04-18T17:04:37Z-00006-000	1
8	0	a039e5e3-2019-04-18T18:54:55Z-00005-000	1
8	0	a21797ac-2019-04-18T17:09:29Z-00001-000	0
8	0	b1852066-2019-04-18T18:45:04Z-00003-000	1
8	0	b1852c63-2019-04-18T18:27:22Z-00005-000	0
8	0	b1852c82-2019-04-18T18:27:23Z-00009-000	0
8	0	b185b349-2019-04-18T16:29:28Z-00003-000	1
8	0	b1870922-2019-04-18T12:50:45Z-00003-000	1
8	0	b187e2fb-2019-04-18T11:11:54Z-00003-000	1
8	0	b38c2a52-2019-04-18T14:11:17Z-00004-000	0
8	0	bd47aa60-2019-04-18T18:35:54Z-00006-000	1
8	0	c32a8d70-2019-04-18T11:49:53Z-00000-000	1
8	0	c32a8d70-2019-04-18T11:49:53Z-00001-000	1
8	0	c42f2f21-2019-04-18T19:22:30Z-00005-000	1
8	0	c42f2f5f-2019-04-18T17:23:19Z-00004-000	1
8	0	c7ab4e76-2019-04-18T19:47:10Z-00004-000	1
8	0	c7ab4e76-2019-04-18T19:47:10Z-00005-000	1
8	0	cff9b0d3-2019-04-18T16:44:56Z-00006-000	1
8	0	cff9b14f-2019-04-18T11:12:43Z-00002-000	1
8	0	dc00944c-2019-04-18T14:04:29Z-00003-000	1
8	0	e11cd140-2019-04-18T11:17:57Z-00007-000	0
8	0	e12b4db4-2019-04-18T13:41:23Z-00007-000	1
8	0	e12b543e-2019-04-18T12:39:42Z-00004-000	1
8	0	e12b543e-2019-04-18T12:39:42Z-00005-000	0
8	0	ecb3571b-2019-04-18T16:51:54Z-00002-000	1
8	0	f03a8a52-2019-04-18T19:31:01Z-00003-000	1
8	0	f2c294b-2019-04-18T12:20:34Z-00000-000	1
8	0	f2c294b-2019-04-18T12:20:34Z-00001-000	1
8	0	f32ea338-2019-04-18T15:39:42Z-00001-000	1
8	0	f8b7357b-2019-04-18T16:24:40Z-00005-000	1
8	0	fb4c445b-2019-04-18T11:54:17Z-00005-000	1
8	0	fe8a2184-2019-04-18T11:12:03Z-00004-000	0
8	0	fe8a2184-2019-04-18T11:12:03Z-00005-000	1
9	0	109aecea-2019-04-18T17:09:12Z-00005-000	0
9	0	109aed09-2019-04-18T16:36:24Z-00000-000	1
9	0	109aed09-2019-04-18T16:36:24Z-00001-000	1
9	0	16833a0f-2019-04-18T14:31:17Z-00003-000	0
9	0	16833a0f-2019-04-18T14:31:17Z-00004-000	0
9	0	16833a0f-2019-04-18T14:31:17Z-00005-000	1
9	0	2403550a-2019-04-18T14:02:10Z-00006-000	1
9	0	24035966-2019-04-18T12:50:42Z-00003-000	1
9	0	24035c6d-2019-04-18T12:30:50Z-00001-000	1
9	0	24035fd1-2019-04-18T12:22:39Z-00005-000	1
9	0	28f316b1-2019-04-18T18:27:06Z-00004-000	1
9	0	2ee9faf4-2019-04-18T15:42:59Z-00002-000	1
9	0	2f076d70-2019-04-18T18:22:08Z-00001-000	1
9	0	2f076d70-2019-04-18T18:22:08Z-00007-000	1
9	0	2f076d70-2019-04-18T18:22:08Z-00009-000	1
9	0	375bf80d-2019-04-18T18:30:46Z-00005-000	1
9	0	38c6731a-2019-04-18T19:33:25Z-00004-000	1
9	0	38c6731a-2019-04-18T19:33:25Z-00005-000	1
9	0	38c67339-2019-04-18T17:31:04Z-00004-000	1
9	0	40c16f39-2019-04-18T16:15:15Z-00004-000	1
9	0	41506d41-2019-04-18T15:34:52Z-00003-000	0
9	0	4430de8b-2019-04-18T15:28:56Z-00000-000	1
9	0	4430de8b-2019-04-18T15:28:56Z-00006-000	1
9	0	4430de8b-2019-04-18T15:28:56Z-00007-000	0
9	0	466a544c-2019-04-18T15:32:32Z-00000-000	1
9	0	466a544c-2019-04-18T15:32:32Z-00002-000	1
9	0	466a544c-2019-04-18T15:32:32Z-00003-000	1
9	0	466a544c-2019-04-18T15:32:32Z-00004-000	1
9	0	466a544c-2019-04-18T15:32:32Z-00005-000	1
9	0	46c53f41-2019-04-18T16:27:17Z-00003-000	1
9	0	480a719a-2019-04-18T14:11:26Z-00001-000	1
9	0	4b51d325-2019-04-19T12:44:49Z-00046-000	1
9	0	55bb92f4-2019-04-18T13:47:20Z-00002-000	1
9	0	5f1c7022-2019-04-18T15:36:48Z-00001-000	1
9	0	5f1c7022-2019-04-18T15:36:48Z-00005-000	1
9	0	6a52a7de-2019-04-18T13:44:47Z-00003-000	1
9	0	6ae58551-2019-04-18T15:35:40Z-00004-000	1
9	0	6ae58551-2019-04-18T15:35:40Z-00006-000	1
9	0	6f5c7d0-2019-04-18T15:43:46Z-00003-000	1
9	0	6f5c7d0-2019-04-18T15:43:46Z-00007-000	1
9	0	7ba06a9e-2019-04-18T13:30:49Z-00003-000	1
9	0	8156d8db-2019-04-18T13:53:21Z-00005-000	1
9	0	89208796-2019-04-18T17:01:01Z-00004-000	1
9	0	8ae1260a-2019-04-18T15:33:35Z-00000-000	0
9	0	8ae1260a-2019-04-18T15:33:35Z-00001-000	0
9	0	8ae1260a-2019-04-18T15:33:35Z-00003-000	0
9	0	8ae1260a-2019-04-18T15:33:35Z-00004-000	0
9	0	8ae1260a-2019-04-18T15:33:35Z-00005-000	0
9	0	9389d854-2019-04-18T18:50:20Z-00004-000	1
9	0	9389d854-2019-04-18T18:50:20Z-00005-000	1
9	0	94533937-2019-04-18T17:03:17Z-00004-000	1
9	0	94533937-2019-04-18T17:03:17Z-00005-000	1
9	0	96158d24-2019-04-18T11:23:27Z-00001-000	1
9	0	a54d8ac8-2019-04-18T14:32:55Z-00001-000	0
9	0	a54d8ac8-2019-04-18T14:32:55Z-00002-000	0
9	0	a54d8ac8-2019-04-18T14:32:55Z-00003-000	0
9	0	a54d8ac8-2019-04-18T14:32:55Z-00004-000	1
9	0	a56d6e37-2019-04-18T18:23:00Z-00002-000	1
9	0	a7f5e454-2019-04-18T13:43:30Z-00001-000	0
9	0	a7f5e454-2019-04-18T13:43:30Z-00002-000	1
9	0	a7f5e454-2019-04-18T13:43:30Z-00003-000	1
9	0	b5339025-2019-04-18T18:30:27Z-00002-000	1
9	0	b5339025-2019-04-18T18:30:27Z-00003-000	1
9	0	b959db22-2019-04-18T18:05:43Z-00005-000	1
9	0	c617f5ab-2019-04-18T14:18:24Z-00002-000	0
9	0	c617f5ab-2019-04-18T14:18:24Z-00003-000	1
9	0	c618f3a4-2019-04-18T14:31:04Z-00005-000	1
9	0	c7f51eb0-2019-04-18T16:19:34Z-00003-000	1
9	0	c7f51eb0-2019-04-18T16:19:34Z-00006-000	0
9	0	ca9c6b9f-2019-04-18T11:12:56Z-00005-000	0
9	0	caa63d4b-2019-04-18T12:31:31Z-00001-000	0
9	0	cf842d6a-2019-04-18T17:28:15Z-00005-000	1
9	0	cf842d6a-2019-04-18T17:28:15Z-00006-000	1
9	0	d75a0ed1-2019-04-18T16:35:33Z-00003-000	1
9	0	db524bb6-2019-04-18T15:31:00Z-00001-000	0
9	0	db524bb6-2019-04-18T15:31:00Z-00002-000	1
9	0	db524bb6-2019-04-18T15:31:00Z-00003-000	0
9	0	db524bb6-2019-04-18T15:31:00Z-00005-000	1
9	0	ddb0b6b8-2019-04-18T14:08:45Z-00000-000	1
9	0	ddb0b6b8-2019-04-18T14:08:45Z-00004-000	1
9	0	ddb0b6b8-2019-04-18T14:08:45Z-00005-000	0
9	0	df002939-2019-04-18T11:10:56Z-00004-000	1
9	0	e6f906f4-2019-04-18T15:32:03Z-00006-000	1
9	0	eb9a4d4d-2019-04-18T18:18:05Z-00001-000	1
9	0	eb9a4d4d-2019-04-18T18:18:05Z-00002-000	1
9	0	ef3bf44-2019-04-18T20:03:14Z-00004-000	0
9	0	f0896680-2019-04-18T18:00:05Z-00000-000	1
9	0	f0896680-2019-04-18T18:00:05Z-00001-000	1
9	0	f0896680-2019-04-18T18:00:05Z-00003-000	1
9	0	f1b2e4e-2019-04-18T17:48:46Z-00003-000	1
9	0	f1b2e4e-2019-04-18T17:48:46Z-00004-000	1
9	0	f4a3ee69-2019-04-18T15:32:25Z-00000-000	1
9	0	f6f33da9-2019-04-18T17:06:27Z-00002-000	1
9	0	f84713e2-2019-04-18T18:06:56Z-00003-000	0
9	0	f84713e2-2019-04-18T18:06:56Z-00004-000	1
9	0	f8471401-2019-04-18T17:54:46Z-00001-000	1
9	0	f8471401-2019-04-18T17:54:46Z-00002-000	1
9	0	fa922cd8-2019-04-18T16:13:55Z-00000-000	1
9	0	fa922cd8-2019-04-18T16:13:55Z-00004-000	1
9	0	fe10ede9-2019-04-18T11:30:33Z-00005-000	1
