1030303	0	1269099	0
1030303	0	1269101	0
1030303	0	1269102	0
1030303	0	1305519	5
1030303	0	1305520	5
1030303	0	1305521	5
1030303	0	1305528	0
1030303	0	1440058	0
1030303	0	1440061	0
1030303	0	1451848	5
1030303	0	1475508	0
1030303	0	1615360	0
1030303	0	1905988	5
1030303	0	1930723	0
1030303	0	226464	0
1030303	0	228357	0
1030303	0	228358	0
1030303	0	228360	0
1030303	0	228362	0
1030303	0	228365	0
1030303	0	228366	0
1030303	0	2567926	0
1030303	0	2627384	0
1030303	0	2805193	0
1030303	0	2902049	0
1030303	0	3143401	0
1030303	0	3166329	0
1030303	0	3166332	0
1030303	0	3166337	0
1030303	0	3190643	0
1030303	0	319192	0
1030303	0	3218147	0
1030303	0	3302252	5
1030303	0	3302254	0
1030303	0	3318757	0
1030303	0	3327029	5
1030303	0	3402910	0
1030303	0	3606266	0
1030303	0	3620981	0
1030303	0	4087754	0
1030303	0	4087756	0
1030303	0	4226538	0
1030303	0	4236749	5
1030303	0	5103906	0
1030303	0	5130399	0
1030303	0	5421615	0
1030303	0	5421619	0
1030303	0	5421620	0
1030303	0	5696806	0
1030303	0	6054030	0
1030303	0	6054032	0
1030303	0	6101361	0
1030303	0	6222298	0
1030303	0	6271629	5
1030303	0	6277500	0
1030303	0	6616751	0
1030303	0	6616753	0
1030303	0	6616754	0
1030303	0	6696171	0
1030303	0	6696174	0
1030303	0	6696177	0
1030303	0	6858638	5
1030303	0	6895305	0
1030303	0	6939423	5
1030303	0	6939428	5
1030303	0	6939429	0
1030303	0	6939430	5
1030303	0	6939431	5
1030303	0	6974892	0
1030303	0	7063043	0
1030303	0	7063044	0
1030303	0	7063046	0
1030303	0	7156982	5
1030303	0	7168323	0
1030303	0	7183993	0
1030303	0	7265273	0
1030303	0	7284047	0
1030303	0	7284052	5
1030303	0	7508058	5
1030303	0	7508059	5
1030303	0	7562251	0
1030303	0	7722248	0
1030303	0	7722250	0
1030303	0	7731261	0
1030303	0	7823704	0
1030303	0	7938932	0
1030303	0	7961145	0
1030303	0	7972299	0
1030303	0	8006084	0
1030303	0	8006086	0
1030303	0	8124160	0
1030303	0	8408728	0
1030303	0	8619289	0
1030303	0	8726430	5
1030303	0	8726432	0
1030303	0	8726433	5
1030303	0	8726435	5
1030303	0	8726436	5
1030303	0	8726437	5
1030303	0	979606	5
1037496	0	1101288	0
1037496	0	1101293	0
1037496	0	1326843	0
1037496	0	1326844	0
1037496	0	1326846	0
1037496	0	1326848	0
1037496	0	1648957	0
1037496	0	1992565	0
1037496	0	2017822	0
1037496	0	2017825	0
1037496	0	2017829	0
1037496	0	216951	0
1037496	0	218298	0
1037496	0	2672141	3
1037496	0	2725825	5
1037496	0	2725834	3
1037496	0	2829448	0
1037496	0	3074871	0
1037496	0	3099174	0
1037496	0	3155314	0
1037496	0	3155316	0
1037496	0	3155318	0
1037496	0	346606	0
1037496	0	3494125	0
1037496	0	3536982	0
1037496	0	3725931	3
1037496	0	3725932	3
1037496	0	3725933	3
1037496	0	3725934	5
1037496	0	3725935	3
1037496	0	3725936	3
1037496	0	3725937	5
1037496	0	3725938	3
1037496	0	3725939	3
1037496	0	3725940	3
1037496	0	387537	0
1037496	0	387540	0
1037496	0	4174374	3
1037496	0	4174376	3
1037496	0	4174377	5
1037496	0	4174378	3
1037496	0	4174380	3
1037496	0	4187303	3
1037496	0	4187304	3
1037496	0	4187305	5
1037496	0	4187307	3
1037496	0	4187309	3
1037496	0	4386023	0
1037496	0	4568145	0
1037496	0	4760906	3
1037496	0	4760907	5
1037496	0	4760908	3
1037496	0	4760909	3
1037496	0	4760910	3
1037496	0	4760912	5
1037496	0	4760914	3
1037496	0	4760915	3
1037496	0	4905509	3
1037496	0	4905511	3
1037496	0	4912160	3
1037496	0	4912162	3
1037496	0	4912163	3
1037496	0	4912166	3
1037496	0	4912167	3
1037496	0	5019969	0
1037496	0	5420837	0
1037496	0	5781886	0
1037496	0	5781887	0
1037496	0	5868502	0
1037496	0	5927420	3
1037496	0	6105867	0
1037496	0	6105868	0
1037496	0	6105869	0
1037496	0	6866284	3
1037496	0	7090171	0
1037496	0	7123621	0
1037496	0	7123622	0
1037496	0	7198871	0
1037496	0	7198877	0
1037496	0	7225145	0
1037496	0	7287404	5
1037496	0	7575933	0
1037496	0	7575937	0
1037496	0	7689329	0
1037496	0	7766583	5
1037496	0	7766584	3
1037496	0	7766585	3
1037496	0	7766587	5
1037496	0	7963311	0
1037496	0	8116412	0
1037496	0	8159564	3
1037496	0	8301812	0
1037496	0	8301814	0
1037496	0	8301816	0
1037496	0	8301821	0
1037496	0	8413924	3
1037496	0	8729385	0
1037496	0	8771395	0
1037496	0	8771398	0
1037496	0	890787	0
1043135	0	1536025	0
1043135	0	1536028	0
1043135	0	1637694	4
1043135	0	1637695	5
1043135	0	1637701	4
1043135	0	1727793	4
1043135	0	1845636	4
1043135	0	1845637	0
1043135	0	1845638	0
1043135	0	1845639	0
1043135	0	1845640	0
1043135	0	1845641	0
1043135	0	1845642	0
1043135	0	1845643	0
1043135	0	1845644	0
1043135	0	1845645	0
1043135	0	2443319	4
1043135	0	2514945	0
1043135	0	2514949	0
1043135	0	2514951	0
1043135	0	2514953	0
1043135	0	2664986	4
1043135	0	2664987	0
1043135	0	2664989	4
1043135	0	2664990	4
1043135	0	2664991	0
1043135	0	2664992	4
1043135	0	2664993	4
1043135	0	2664994	0
1043135	0	2664995	5
1043135	0	2790617	0
1043135	0	2790624	0
1043135	0	2996214	0
1043135	0	2996217	0
1043135	0	2996221	0
1043135	0	3209006	0
1043135	0	3378240	4
1043135	0	3878603	5
1043135	0	3878608	4
1043135	0	4355525	4
1043135	0	4541687	0
1043135	0	4541688	4
1043135	0	4541689	0
1043135	0	4541691	0
1043135	0	4541692	0
1043135	0	4541694	0
1043135	0	4541695	0
1043135	0	4721484	0
1043135	0	4881715	4
1043135	0	4994428	5
1043135	0	4994429	0
1043135	0	5119428	0
1043135	0	5119432	0
1043135	0	5262282	0
1043135	0	5262284	0
1043135	0	5262285	0
1043135	0	5262288	5
1043135	0	5262289	5
1043135	0	5262290	0
1043135	0	6044059	0
1043135	0	6097574	0
1043135	0	650641	4
1043135	0	650642	5
1043135	0	650643	0
1043135	0	650644	0
1043135	0	7022075	0
1043135	0	7022077	0
1043135	0	7022079	4
1043135	0	7137848	5
1043135	0	7137849	5
1043135	0	7137851	5
1043135	0	7137852	4
1043135	0	7137853	4
1043135	0	7751287	0
1043135	0	7770352	0
1043135	0	7770353	0
1043135	0	7770354	0
1043135	0	7945768	0
1043135	0	7945772	0
1043135	0	8049995	0
1043135	0	8224813	0
1043135	0	8632895	0
1043135	0	8632897	0
1043135	0	8696952	4
1043135	0	8696953	4
1043135	0	8696954	4
1043135	0	8696955	0
1043135	0	8696956	5
1043135	0	8696957	5
1043135	0	8696958	0
1043135	0	8696959	0
1043135	0	8696960	4
1043135	0	8696961	5
1043135	0	8787046	0
1043135	0	8787047	0
1043135	0	8787048	0
1043135	0	8787049	0
1043135	0	8787050	0
1043135	0	8787051	0
1043135	0	8787053	0
1051399	0	2180779	5
1051399	0	2258302	0
1051399	0	2258966	0
1051399	0	2258970	0
1051399	0	2674668	4
1051399	0	2674671	0
1051399	0	2814611	0
1051399	0	28364	0
1051399	0	2852880	0
1051399	0	2866975	5
1051399	0	2955059	0
1051399	0	2978630	0
1051399	0	2978631	0
1051399	0	2978632	0
1051399	0	2978635	0
1051399	0	2994450	0
1051399	0	330558	0
1051399	0	330559	0
1051399	0	330560	0
1051399	0	330562	0
1051399	0	330563	0
1051399	0	330564	4
1051399	0	330565	0
1051399	0	3376623	4
1051399	0	3376628	0
1051399	0	3554029	0
1051399	0	3681698	0
1051399	0	3681701	0
1051399	0	3694752	0
1051399	0	3694758	0
1051399	0	3782482	0
1051399	0	3826735	4
1051399	0	3826736	0
1051399	0	3826738	0
1051399	0	3826741	0
1051399	0	3943226	4
1051399	0	3943227	4
1051399	0	3943228	5
1051399	0	3943229	5
1051399	0	3969385	5
1051399	0	3969388	5
1051399	0	4117100	0
1051399	0	4213890	0
1051399	0	4213892	0
1051399	0	4213895	0
1051399	0	4213896	0
1051399	0	4213898	0
1051399	0	4245382	0
1051399	0	4380507	5
1051399	0	4384327	0
1051399	0	4422069	0
1051399	0	4426182	5
1051399	0	4426187	5
1051399	0	4426188	5
1051399	0	4469293	0
1051399	0	4513307	0
1051399	0	4736961	0
1051399	0	4772455	0
1051399	0	4916845	0
1051399	0	4963405	0
1051399	0	5146834	0
1051399	0	5146836	0
1051399	0	5150671	0
1051399	0	5195183	4
1051399	0	5231234	0
1051399	0	5348043	4
1051399	0	5956634	0
1051399	0	5956641	0
1051399	0	5969318	0
1051399	0	6385405	0
1051399	0	6791680	0
1051399	0	69812	4
1051399	0	69813	5
1051399	0	69818	5
1051399	0	69819	4
1051399	0	71750	4
1051399	0	7302023	0
1051399	0	7302024	0
1051399	0	745838	4
1051399	0	745839	4
1051399	0	7592732	0
1051399	0	7592733	0
1051399	0	7592735	4
1051399	0	7664150	0
1051399	0	7816049	0
1051399	0	7816050	4
1051399	0	7816052	0
1051399	0	7816053	4
1051399	0	7899640	0
1051399	0	8100075	4
1051399	0	8100091	0
1051399	0	8100099	0
1051399	0	8671315	5
1051399	0	8679462	0
1051399	0	8679463	0
1051399	0	8752995	0
1051399	0	904302	4
1051399	0	909463	0
1051399	0	909464	0
1051399	0	909467	0
1064670	0	1156065	3
1064670	0	1223737	5
1064670	0	1237071	3
1064670	0	129468	5
1064670	0	1567824	5
1064670	0	1733189	0
1064670	0	1760662	0
1064670	0	192188	3
1064670	0	192189	0
1064670	0	2219488	0
1064670	0	2512823	0
1064670	0	2691156	0
1064670	0	2692462	0
1064670	0	2839843	5
1064670	0	2839848	3
1064670	0	2988848	0
1064670	0	2988849	0
1064670	0	2988854	0
1064670	0	3111455	0
1064670	0	3215240	0
1064670	0	3328188	0
1064670	0	3328191	0
1064670	0	3476082	0
1064670	0	3476088	3
1064670	0	3490014	0
1064670	0	3659747	0
1064670	0	3807086	3
1064670	0	3826022	3
1064670	0	3826025	5
1064670	0	3826026	5
1064670	0	3930	3
1064670	0	3950917	0
1064670	0	402493	5
1064670	0	4684866	0
1064670	0	4757827	3
1064670	0	4780210	3
1064670	0	4855039	3
1064670	0	4878373	3
1064670	0	5232952	3
1064670	0	5265412	0
1064670	0	5293525	0
1064670	0	536251	0
1064670	0	5530581	0
1064670	0	5681345	0
1064670	0	5960794	3
1064670	0	6098427	0
1064670	0	6106336	3
1064670	0	6106337	3
1064670	0	6106338	3
1064670	0	6106339	0
1064670	0	6106340	3
1064670	0	6106342	3
1064670	0	6127865	0
1064670	0	6171059	0
1064670	0	6175221	0
1064670	0	6175225	3
1064670	0	6493041	0
1064670	0	6824284	5
1064670	0	6824287	5
1064670	0	6824288	5
1064670	0	6824289	5
1064670	0	6867208	0
1064670	0	6878678	3
1064670	0	6894130	0
1064670	0	7012470	0
1064670	0	7181810	3
1064670	0	7359467	0
1064670	0	736681	5
1064670	0	7470966	0
1064670	0	7471765	3
1064670	0	7556560	3
1064670	0	7928012	3
1064670	0	8018735	0
1064670	0	8100015	5
1064670	0	8100020	5
1064670	0	8109571	0
1064670	0	816346	5
1064670	0	8250162	0
1064670	0	8337453	5
1064670	0	8337454	3
1064670	0	8337455	3
1064670	0	8385050	0
1064670	0	8385052	0
1064670	0	8385053	0
1064670	0	8385054	0
1064670	0	8385055	0
1064670	0	8385058	0
1064670	0	8415424	0
1064670	0	8543529	0
1064670	0	8680897	5
1064670	0	8680898	0
1064670	0	8680900	0
1064670	0	8680901	5
1064670	0	8680902	5
1064670	0	8680903	5
1064670	0	8680904	5
1064670	0	8680905	5
1064670	0	8680906	5
1064670	0	8748215	0
1064670	0	8791586	0
1071750	0	1110355	0
1071750	0	2562017	2
1071750	0	27185	2
1071750	0	3016474	4
1071750	0	3016475	0
1071750	0	3016476	2
1071750	0	3016477	0
1071750	0	3016478	0
1071750	0	3016481	4
1071750	0	3016482	4
1071750	0	3016483	2
1071750	0	3477868	2
1071750	0	3477869	2
1071750	0	3477870	2
1071750	0	3477871	0
1071750	0	3477873	2
1071750	0	3477875	0
1071750	0	3575934	4
1071750	0	3719923	0
1071750	0	3719925	2
1071750	0	3719926	4
1071750	0	3719929	2
1071750	0	3928913	5
1071750	0	3928914	4
1071750	0	3928915	4
1071750	0	3928916	4
1071750	0	3928917	4
1071750	0	3928918	4
1071750	0	3972898	0
1071750	0	4094983	0
1071750	0	4094984	2
1071750	0	4094986	0
1071750	0	4094987	4
1071750	0	4094988	0
1071750	0	4094989	0
1071750	0	4094990	0
1071750	0	4094991	2
1071750	0	4133638	0
1071750	0	4133640	2
1071750	0	4133641	0
1071750	0	4133644	4
1071750	0	4360119	0
1071750	0	4360121	2
1071750	0	4360123	0
1071750	0	4360124	0
1071750	0	4360125	2
1071750	0	4360127	0
1071750	0	4360128	0
1071750	0	4717395	2
1071750	0	4717396	0
1071750	0	4717397	0
1071750	0	4717398	0
1071750	0	4717399	2
1071750	0	4717400	2
1071750	0	4717401	5
1071750	0	4717402	0
1071750	0	4717403	2
1071750	0	4794978	4
1071750	0	4853905	0
1071750	0	4853911	0
1071750	0	5047600	0
1071750	0	5510448	2
1071750	0	5510450	2
1071750	0	5510451	0
1071750	0	6508491	4
1071750	0	6508493	4
1071750	0	6508494	4
1071750	0	6508496	4
1071750	0	6508497	2
1071750	0	6508498	4
1071750	0	6508499	2
1071750	0	717792	0
1071750	0	7234874	0
1071750	0	7323628	0
1071750	0	7323633	0
1071750	0	7697597	2
1071750	0	7778577	4
1071750	0	8017971	0
1071750	0	8017973	0
1071750	0	8378382	4
1071750	0	8378383	4
1071750	0	8378384	2
1071750	0	8378385	4
1071750	0	8378386	2
1071750	0	8378387	2
1071750	0	8378388	4
1071750	0	8378389	4
1071750	0	8378390	4
1071750	0	8378391	4
1071750	0	8698267	4
1071750	0	8698268	4
1071750	0	8698269	4
1071750	0	8698270	4
1071750	0	8698271	4
1071750	0	8698272	4
1071750	0	8698273	4
1071750	0	8698274	5
1071750	0	8698275	4
1071750	0	8698276	4
1071750	0	8736874	0
1105792	0	1088726	0
1105792	0	1149495	0
1105792	0	1149498	0
1105792	0	1217266	3
1105792	0	1251388	3
1105792	0	1251392	0
1105792	0	1577037	0
1105792	0	1577038	0
1105792	0	1577040	0
1105792	0	1577041	0
1105792	0	1617737	0
1105792	0	1620087	0
1105792	0	1620089	0
1105792	0	1779642	0
1105792	0	1814605	3
1105792	0	1814612	3
1105792	0	1828155	0
1105792	0	1828159	0
1105792	0	186244	0
1105792	0	186247	0
1105792	0	186250	0
1105792	0	186251	0
1105792	0	2158684	0
1105792	0	2363456	0
1105792	0	2394668	3
1105792	0	2449495	3
1105792	0	2496026	3
1105792	0	2668970	3
1105792	0	2668971	5
1105792	0	2668972	5
1105792	0	2712387	3
1105792	0	2773545	0
1105792	0	2773546	0
1105792	0	2773547	0
1105792	0	2773548	0
1105792	0	3073329	0
1105792	0	3222863	0
1105792	0	3284366	3
1105792	0	3352151	0
1105792	0	3352156	3
1105792	0	3464600	0
1105792	0	3858643	3
1105792	0	4043059	0
1105792	0	4394494	0
1105792	0	4407177	0
1105792	0	4624333	3
1105792	0	4624341	5
1105792	0	4908893	3
1105792	0	5509824	0
1105792	0	5556617	0
1105792	0	5556621	0
1105792	0	569458	3
1105792	0	5703088	3
1105792	0	5857329	3
1105792	0	6182935	0
1105792	0	6182936	0
1105792	0	6198191	3
1105792	0	6238006	0
1105792	0	6252170	0
1105792	0	6412594	5
1105792	0	6438275	0
1105792	0	674175	0
1105792	0	6961094	0
1105792	0	6961099	0
1105792	0	6972261	0
1105792	0	6977017	5
1105792	0	707280	0
1105792	0	7102720	5
1105792	0	7144173	5
1105792	0	7144174	5
1105792	0	7144175	5
1105792	0	7284742	0
1105792	0	7414717	0
1105792	0	7448031	0
1105792	0	7448032	0
1105792	0	7505452	0
1105792	0	7567236	3
1105792	0	7606222	0
1105792	0	7609976	3
1105792	0	765641	0
1105792	0	7787325	0
1105792	0	7901002	0
1105792	0	8076352	3
1105792	0	8119890	0
1105792	0	8201610	5
1105792	0	8201611	5
1105792	0	8201612	5
1105792	0	8201613	5
1105792	0	8201614	5
1105792	0	8201615	5
1105792	0	8201616	5
1105792	0	8201617	5
1105792	0	8201618	5
1105792	0	8201619	5
1105792	0	8387587	0
1105792	0	8549871	3
1105792	0	8556473	3
1105792	0	8711177	5
1105792	0	8711180	5
1105792	0	8788188	3
1106979	0	1142258	0
1106979	0	1382074	5
1106979	0	1391380	0
1106979	0	1391383	0
1106979	0	139740	0
1106979	0	1951287	4
1106979	0	210632	0
1106979	0	2133100	0
1106979	0	2258092	0
1106979	0	2306620	5
1106979	0	2420229	0
1106979	0	2452474	4
1106979	0	2452477	0
1106979	0	2496608	4
1106979	0	2645853	0
1106979	0	2819574	0
1106979	0	2884219	4
1106979	0	2884227	4
1106979	0	2910472	0
1106979	0	2910477	0
1106979	0	297173	0
1106979	0	297176	0
1106979	0	3290646	4
1106979	0	3290649	5
1106979	0	3290651	5
1106979	0	3294974	0
1106979	0	3294977	0
1106979	0	3322163	0
1106979	0	348054	5
1106979	0	348055	5
1106979	0	348057	5
1106979	0	3644124	0
1106979	0	3851857	0
1106979	0	3851860	0
1106979	0	391272	0
1106979	0	4019426	0
1106979	0	4102607	0
1106979	0	4259138	0
1106979	0	431034	0
1106979	0	5070543	0
1106979	0	5383176	4
1106979	0	5427878	0
1106979	0	5432472	0
1106979	0	563070	0
1106979	0	563072	0
1106979	0	6075765	0
1106979	0	6221485	4
1106979	0	6221486	4
1106979	0	6221487	4
1106979	0	6221488	4
1106979	0	6221489	4
1106979	0	6221492	4
1106979	0	6221494	4
1106979	0	6373567	0
1106979	0	6450592	0
1106979	0	6654373	0
1106979	0	6678438	0
1106979	0	6678441	0
1106979	0	6678444	0
1106979	0	6739455	0
1106979	0	6739457	0
1106979	0	6802961	0
1106979	0	7007161	0
1106979	0	7033760	0
1106979	0	7033761	0
1106979	0	7033762	0
1106979	0	7033763	0
1106979	0	7033764	0
1106979	0	7033765	0
1106979	0	7033766	0
1106979	0	7033767	0
1106979	0	7033768	0
1106979	0	7059720	0
1106979	0	7499364	0
1106979	0	7557632	4
1106979	0	7674415	4
1106979	0	7674419	4
1106979	0	7674423	4
1106979	0	7832129	0
1106979	0	7961270	0
1106979	0	799359	5
1106979	0	799360	4
1106979	0	8121033	0
1106979	0	8177315	4
1106979	0	8190132	4
1106979	0	8190133	5
1106979	0	8190134	5
1106979	0	8190135	4
1106979	0	8190137	5
1106979	0	8190138	4
1106979	0	8190139	5
1106979	0	8190140	5
1106979	0	826857	0
1106979	0	8820391	0
1106979	0	8820395	0
1106979	0	8820396	0
1106979	0	885811	4
1106979	0	885815	0
1106979	0	885818	4
1106979	0	947605	4
1108651	0	1179691	2
1108651	0	1421350	4
1108651	0	1421353	4
1108651	0	1421355	4
1108651	0	1421356	4
1108651	0	1457502	2
1108651	0	1621557	2
1108651	0	1643325	2
1108651	0	1714260	2
1108651	0	1817809	0
1108651	0	2022311	2
1108651	0	2024963	4
1108651	0	2141336	4
1108651	0	2497201	2
1108651	0	2564923	2
1108651	0	2564930	4
1108651	0	258192	0
1108651	0	2745683	4
1108651	0	2745687	2
1108651	0	2745688	2
1108651	0	2761077	0
1108651	0	2903084	2
1108651	0	2920137	2
1108651	0	2920142	2
1108651	0	3102791	2
1108651	0	3102792	4
1108651	0	3102793	2
1108651	0	3313491	0
1108651	0	3313493	0
1108651	0	3508038	0
1108651	0	3544869	2
1108651	0	3561552	0
1108651	0	3561553	0
1108651	0	3561554	0
1108651	0	3561556	0
1108651	0	3561558	2
1108651	0	3561559	0
1108651	0	3561560	0
1108651	0	3632746	2
1108651	0	3641700	2
1108651	0	3832773	0
1108651	0	389096	2
1108651	0	3909388	2
1108651	0	3917887	0
1108651	0	406698	0
1108651	0	4482349	0
1108651	0	4517715	0
1108651	0	460414	2
1108651	0	4791426	0
1108651	0	4911228	2
1108651	0	4991456	2
1108651	0	5330509	4
1108651	0	5330510	4
1108651	0	5830553	4
1108651	0	6048405	2
1108651	0	6058576	2
1108651	0	6254872	2
1108651	0	6522183	4
1108651	0	6522184	2
1108651	0	6623205	2
1108651	0	6635998	4
1108651	0	6636001	4
1108651	0	6663873	0
1108651	0	6728084	2
1108651	0	6728087	2
1108651	0	6731792	4
1108651	0	6917944	2
1108651	0	6952860	0
1108651	0	7111296	2
1108651	0	7299329	2
1108651	0	7341143	0
1108651	0	7353934	2
1108651	0	7501823	0
1108651	0	7818065	0
1108651	0	815596	2
1108651	0	815597	2
1108651	0	815598	2
1108651	0	815600	2
1108651	0	8175406	4
1108651	0	8175407	4
1108651	0	8175408	4
1108651	0	8175409	4
1108651	0	8175410	2
1108651	0	8175412	4
1108651	0	8175414	4
1108651	0	8175415	4
1108651	0	8258084	2
1108651	0	8289552	4
1108651	0	8289554	4
1108651	0	8289555	4
1108651	0	8289556	4
1108651	0	8289560	4
1108651	0	8289561	4
1108651	0	847721	2
1108651	0	8519010	0
1108651	0	8523642	2
1108651	0	8643791	0
1108651	0	8677669	0
1108651	0	8677670	2
1108651	0	93020	2
1109707	0	1058288	1
1109707	0	107894	1
1109707	0	1143386	5
1109707	0	1143389	5
1109707	0	1190624	1
1109707	0	1230608	5
1109707	0	1235933	1
1109707	0	1255271	1
1109707	0	1444599	1
1109707	0	1608569	5
1109707	0	1719371	5
1109707	0	1719372	1
1109707	0	1719374	1
1109707	0	185685	1
1109707	0	1911564	5
1109707	0	1969321	1
1109707	0	2031419	1
1109707	0	2241069	1
1109707	0	2245437	5
1109707	0	2456877	1
1109707	0	2510185	1
1109707	0	2510193	1
1109707	0	2581464	0
1109707	0	2646535	1
1109707	0	2646538	1
1109707	0	2879391	1
1109707	0	3037793	1
1109707	0	3039465	1
1109707	0	3039466	1
1109707	0	3101500	1
1109707	0	3398421	0
1109707	0	353771	1
1109707	0	353772	1
1109707	0	353773	0
1109707	0	3943399	1
1109707	0	3982977	5
1109707	0	4122615	1
1109707	0	4122618	1
1109707	0	4236630	1
1109707	0	4237064	1
1109707	0	4285843	1
1109707	0	4294915	1
1109707	0	4332695	1
1109707	0	4370751	1
1109707	0	4370752	5
1109707	0	4370753	5
1109707	0	4370754	1
1109707	0	4370755	1
1109707	0	4370756	1
1109707	0	4542193	1
1109707	0	458599	5
1109707	0	4788762	1
1109707	0	4867369	0
1109707	0	4869410	1
1109707	0	5061689	1
1109707	0	5121347	5
1109707	0	517849	1
1109707	0	5415865	1
1109707	0	5740302	1
1109707	0	5740304	1
1109707	0	5826551	1
1109707	0	5942603	1
1109707	0	5947139	5
1109707	0	5947140	1
1109707	0	603152	1
1109707	0	6189800	1
1109707	0	6238285	5
1109707	0	6594554	0
1109707	0	6872195	5
1109707	0	7091469	0
1109707	0	7126490	1
1109707	0	7126495	1
1109707	0	7233616	1
1109707	0	7241557	1
1109707	0	7299963	1
1109707	0	7566099	1
1109707	0	7566104	1
1109707	0	7566105	1
1109707	0	7671117	1
1109707	0	7671118	1
1109707	0	7671120	1
1109707	0	771002	5
1109707	0	771745	5
1109707	0	771747	1
1109707	0	785762	1
1109707	0	7979662	1
1109707	0	7979663	5
1109707	0	7979664	1
1109707	0	8008033	1
1109707	0	8165491	0
1109707	0	8165492	1
1109707	0	8165497	1
1109707	0	8239871	1
1109707	0	8363279	5
1109707	0	8411158	1
1109707	0	8411159	1
1109707	0	8441435	0
1109707	0	8552236	0
1109707	0	8564591	5
1109707	0	8679294	0
1110678	0	1174910	3
1110678	0	1191773	3
1110678	0	1263295	3
1110678	0	1327784	3
1110678	0	1710934	2
1110678	0	178476	0
1110678	0	1785383	2
1110678	0	1902637	0
1110678	0	1902639	0
1110678	0	1912261	2
1110678	0	2096160	2
1110678	0	2138649	2
1110678	0	2387980	2
1110678	0	2713703	3
1110678	0	2713704	3
1110678	0	2713705	3
1110678	0	2713707	3
1110678	0	2713708	2
1110678	0	2713709	3
1110678	0	2713710	3
1110678	0	2713711	3
1110678	0	2721386	2
1110678	0	2822946	2
1110678	0	2943505	0
1110678	0	3116196	3
1110678	0	3170708	2
1110678	0	3514958	0
1110678	0	3559143	2
1110678	0	3559144	3
1110678	0	358450	5
1110678	0	3719134	3
1110678	0	3816545	0
1110678	0	3898227	3
1110678	0	3898234	3
1110678	0	39100	2
1110678	0	3933533	0
1110678	0	4007919	2
1110678	0	4018386	0
1110678	0	4058683	0
1110678	0	4058685	0
1110678	0	4224836	3
1110678	0	4402636	2
1110678	0	4636596	0
1110678	0	4671167	3
1110678	0	4706125	2
1110678	0	4706126	2
1110678	0	4714724	2
1110678	0	4717474	0
1110678	0	4738965	2
1110678	0	4741237	0
1110678	0	4932632	0
1110678	0	4938479	0
1110678	0	4938482	2
1110678	0	539177	3
1110678	0	5510586	3
1110678	0	5605209	2
1110678	0	6087414	3
1110678	0	614076	0
1110678	0	614766	0
1110678	0	6395875	0
1110678	0	6512110	2
1110678	0	6512111	3
1110678	0	6512114	2
1110678	0	6512116	3
1110678	0	6512117	3
1110678	0	6604336	0
1110678	0	6632692	3
1110678	0	6704694	3
1110678	0	673555	0
1110678	0	6852020	2
1110678	0	6886850	3
1110678	0	6975878	3
1110678	0	7139329	3
1110678	0	7182988	3
1110678	0	7238156	3
1110678	0	7273115	0
1110678	0	7381470	0
1110678	0	7410020	0
1110678	0	7415114	3
1110678	0	741943	3
1110678	0	7487380	3
1110678	0	7671274	3
1110678	0	7822742	3
1110678	0	7822744	3
1110678	0	7961176	2
1110678	0	8082645	0
1110678	0	8097978	0
1110678	0	8117105	2
1110678	0	8155905	2
1110678	0	8155906	3
1110678	0	8155909	3
1110678	0	8155910	3
1110678	0	8155912	5
1110678	0	8155913	5
1110678	0	8155914	5
1110678	0	8319126	3
1110678	0	834157	0
1110678	0	8540942	0
1110678	0	8576096	0
1110678	0	8774212	2
1113256	0	1037242	0
1113256	0	1053108	0
1113256	0	1053113	0
1113256	0	1394758	0
1113256	0	1394759	0
1113256	0	1394760	0
1113256	0	1394765	0
1113256	0	1394766	0
1113256	0	1407862	0
1113256	0	1407867	4
1113256	0	1669121	0
1113256	0	1684435	0
1113256	0	1850742	0
1113256	0	1869268	0
1113256	0	1907401	0
1113256	0	1983388	0
1113256	0	2067386	0
1113256	0	2321033	0
1113256	0	2321035	0
1113256	0	2321037	0
1113256	0	2337082	0
1113256	0	2680775	0
1113256	0	2713310	0
1113256	0	2713311	4
1113256	0	2713313	0
1113256	0	2713314	0
1113256	0	2762962	0
1113256	0	2971360	0
1113256	0	3059689	0
1113256	0	3263257	0
1113256	0	3263258	4
1113256	0	3263263	4
1113256	0	3427295	0
1113256	0	3427300	0
1113256	0	3479466	0
1113256	0	3539363	0
1113256	0	3539364	4
1113256	0	3539366	4
1113256	0	3539368	0
1113256	0	3539369	0
1113256	0	3828437	0
1113256	0	3828438	4
1113256	0	3828444	0
1113256	0	3976056	4
1113256	0	3976057	4
1113256	0	3976060	4
1113256	0	3976061	4
1113256	0	3976064	4
1113256	0	4111648	0
1113256	0	4355161	0
1113256	0	4373687	0
1113256	0	4373690	0
1113256	0	4689495	4
1113256	0	4689499	0
1113256	0	4888393	0
1113256	0	5295502	0
1113256	0	5334106	0
1113256	0	5365817	4
1113256	0	5365819	0
1113256	0	5365821	0
1113256	0	5393118	0
1113256	0	5723305	0
1113256	0	5820962	0
1113256	0	6412273	0
1113256	0	6426659	0
1113256	0	6782246	0
1113256	0	678873	0
1113256	0	678876	0
1113256	0	6789756	0
1113256	0	6915166	4
1113256	0	6915168	4
1113256	0	6915169	0
1113256	0	6915170	4
1113256	0	6915171	4
1113256	0	7168617	0
1113256	0	7561111	5
1113256	0	7561113	5
1113256	0	7561114	5
1113256	0	7561115	5
1113256	0	7561116	5
1113256	0	7561117	5
1113256	0	7561118	5
1113256	0	7561120	5
1113256	0	7572361	0
1113256	0	7594310	4
1113256	0	7679035	0
1113256	0	7843131	0
1113256	0	8130528	5
1113256	0	8130529	5
1113256	0	8130530	5
1113256	0	8130534	4
1113256	0	8130535	5
1113256	0	8135390	0
1113256	0	8215990	0
1113256	0	8224539	4
1113256	0	8224542	0
1113256	0	8380139	0
1113256	0	844373	4
1113256	0	8447987	0
1113256	0	8505961	0
1115210	0	1194735	0
1115210	0	1194736	0
1115210	0	1194737	0
1115210	0	1209793	0
1115210	0	1209794	0
1115210	0	145068	0
1115210	0	1537119	0
1115210	0	1592599	3
1115210	0	1622035	3
1115210	0	1622040	0
1115210	0	1899987	0
1115210	0	1930303	0
1115210	0	1930304	3
1115210	0	2048455	0
1115210	0	2168219	5
1115210	0	2168224	3
1115210	0	2214776	0
1115210	0	2329744	0
1115210	0	3031185	3
1115210	0	3031187	0
1115210	0	3031188	3
1115210	0	3031191	3
1115210	0	3101518	0
1115210	0	3793701	0
1115210	0	382378	3
1115210	0	3857888	3
1115210	0	4126346	0
1115210	0	4189777	3
1115210	0	4285364	0
1115210	0	4450403	0
1115210	0	4450404	5
1115210	0	4450405	0
1115210	0	4450406	0
1115210	0	4450407	0
1115210	0	4456807	0
1115210	0	4717646	0
1115210	0	4781704	3
1115210	0	4781712	5
1115210	0	4791665	0
1115210	0	4902828	0
1115210	0	4902836	3
1115210	0	5000065	0
1115210	0	5042789	0
1115210	0	5242501	0
1115210	0	5337250	0
1115210	0	5547291	3
1115210	0	5547292	3
1115210	0	5547293	3
1115210	0	5547295	3
1115210	0	5547297	0
1115210	0	5547298	3
1115210	0	5547299	0
1115210	0	5865972	0
1115210	0	5903116	3
1115210	0	5903118	0
1115210	0	5903119	3
1115210	0	6188880	0
1115210	0	6188884	0
1115210	0	6486934	0
1115210	0	6486935	0
1115210	0	6486936	0
1115210	0	6486938	0
1115210	0	6577861	0
1115210	0	6684506	0
1115210	0	7011981	0
1115210	0	7011982	0
1115210	0	7011986	0
1115210	0	7011990	0
1115210	0	7082205	0
1115210	0	7188543	0
1115210	0	7440357	3
1115210	0	7440360	0
1115210	0	7440361	3
1115210	0	7440364	0
1115210	0	7440365	0
1115210	0	7440366	3
1115210	0	7463699	3
1115210	0	7463700	3
1115210	0	7487597	5
1115210	0	7487600	0
1115210	0	7919714	0
1115210	0	7941238	3
1115210	0	8111878	5
1115210	0	8111879	5
1115210	0	8111881	3
1115210	0	8111883	3
1115210	0	8111885	5
1115210	0	8111886	5
1115210	0	8111887	5
1115210	0	8119264	0
1115210	0	833299	0
1115210	0	8390254	3
1115210	0	840010	3
1115210	0	840012	3
1115210	0	845819	3
1115210	0	845820	3
1115210	0	845823	3
1115210	0	845827	3
1115210	0	845828	5
1115210	0	8787715	0
1116380	0	1012460	0
1116380	0	1242071	1
1116380	0	1242073	1
1116380	0	1291048	1
1116380	0	1291051	3
1116380	0	1291052	0
1116380	0	1291053	3
1116380	0	1422754	1
1116380	0	1422755	1
1116380	0	1422756	1
1116380	0	1422757	3
1116380	0	1422758	1
1116380	0	1422760	3
1116380	0	1422761	1
1116380	0	1537442	3
1116380	0	1537444	1
1116380	0	1537446	3
1116380	0	1537447	5
1116380	0	1537448	3
1116380	0	1537449	1
1116380	0	1537450	1
1116380	0	1635678	3
1116380	0	1645707	0
1116380	0	1645711	0
1116380	0	1645713	1
1116380	0	1682893	1
1116380	0	2302565	3
1116380	0	2302566	3
1116380	0	2302568	1
1116380	0	2302570	3
1116380	0	2302571	3
1116380	0	2557536	1
1116380	0	2626979	1
1116380	0	2626982	0
1116380	0	2626983	0
1116380	0	2626986	0
1116380	0	2626987	1
1116380	0	2626988	0
1116380	0	283258	3
1116380	0	283259	3
1116380	0	283260	1
1116380	0	283261	3
1116380	0	283262	3
1116380	0	283263	1
1116380	0	283265	1
1116380	0	283266	3
1116380	0	283267	5
1116380	0	2960673	3
1116380	0	2960678	5
1116380	0	3588232	3
1116380	0	3588234	3
1116380	0	3588236	1
1116380	0	3588238	3
1116380	0	3680690	1
1116380	0	4118333	3
1116380	0	4118334	1
1116380	0	4118339	3
1116380	0	444974	1
1116380	0	4844490	0
1116380	0	4954565	0
1116380	0	5104774	1
1116380	0	5104775	1
1116380	0	5104779	1
1116380	0	521336	1
1116380	0	521337	1
1116380	0	521338	1
1116380	0	521341	3
1116380	0	521342	3
1116380	0	521344	1
1116380	0	5395322	1
1116380	0	5406796	3
1116380	0	568198	0
1116380	0	572184	0
1116380	0	5752652	3
1116380	0	5752653	3
1116380	0	5752657	1
1116380	0	5993459	1
1116380	0	631532	0
1116380	0	6615241	0
1116380	0	684558	3
1116380	0	684559	1
1116380	0	684563	1
1116380	0	684564	3
1116380	0	765639	3
1116380	0	765640	3
1116380	0	765642	1
1116380	0	765643	1
1116380	0	765644	3
1116380	0	765645	1
1116380	0	771103	0
1116380	0	771105	0
1116380	0	8100541	5
1116380	0	8100542	5
1116380	0	8100543	5
1116380	0	8100545	5
1116380	0	8100546	5
1116380	0	8100548	3
1116380	0	8113949	3
1116380	0	8784326	1
1116380	0	8784328	1
1121353	0	1287147	2
1121353	0	1287149	1
1121353	0	1470180	2
1121353	0	1598758	2
1121353	0	1643468	2
1121353	0	1713980	2
1121353	0	1854962	1
1121353	0	1886363	2
1121353	0	1929867	1
1121353	0	195104	2
1121353	0	195110	2
1121353	0	1976011	2
1121353	0	2043904	2
1121353	0	208502	1
1121353	0	2120814	1
1121353	0	2174358	2
1121353	0	2174360	2
1121353	0	2429916	1
1121353	0	2454252	0
1121353	0	2474382	2
1121353	0	2500055	0
1121353	0	2517743	0
1121353	0	2846270	1
1121353	0	3218890	0
1121353	0	3450547	0
1121353	0	3568849	2
1121353	0	3763465	2
1121353	0	3763468	2
1121353	0	3764771	0
1121353	0	3856519	2
1121353	0	4259960	2
1121353	0	4391580	2
1121353	0	4440318	5
1121353	0	4513266	1
1121353	0	4595103	2
1121353	0	4828747	5
1121353	0	4936081	2
1121353	0	4969906	2
1121353	0	4969908	2
1121353	0	5065103	0
1121353	0	5112603	0
1121353	0	5112604	0
1121353	0	5214698	0
1121353	0	524082	1
1121353	0	5407059	2
1121353	0	5517895	1
1121353	0	5539213	1
1121353	0	5540041	2
1121353	0	5572765	0
1121353	0	5642760	2
1121353	0	5642762	1
1121353	0	6000311	2
1121353	0	6207768	2
1121353	0	623601	0
1121353	0	623603	0
1121353	0	623604	0
1121353	0	623606	0
1121353	0	623607	0
1121353	0	6352617	2
1121353	0	6381281	1
1121353	0	6381283	2
1121353	0	6434036	2
1121353	0	6434042	2
1121353	0	643770	2
1121353	0	643774	2
1121353	0	6505405	0
1121353	0	6599525	2
1121353	0	6606564	2
1121353	0	6649435	0
1121353	0	6682307	1
1121353	0	6792535	0
1121353	0	6796077	0
1121353	0	7069371	1
1121353	0	7070396	2
1121353	0	710825	2
1121353	0	7109837	1
1121353	0	7225092	2
1121353	0	7344843	2
1121353	0	7363356	2
1121353	0	7488346	1
1121353	0	750872	1
1121353	0	7628716	1
1121353	0	7628719	2
1121353	0	7698997	0
1121353	0	7767775	1
1121353	0	7767776	2
1121353	0	8026861	2
1121353	0	8041299	2
1121353	0	8053108	2
1121353	0	8053109	2
1121353	0	8053112	2
1121353	0	8053113	2
1121353	0	8053117	2
1121353	0	8081420	2
1121353	0	867954	2
1121353	0	8708805	0
1121353	0	8728948	2
1121353	0	935133	2
1121353	0	946643	2
1121353	0	946647	2
1122767	0	1456251	0
1122767	0	1475981	1
1122767	0	1901639	5
1122767	0	1951801	4
1122767	0	2019367	4
1122767	0	2019371	4
1122767	0	2109135	1
1122767	0	240313	0
1122767	0	2411997	0
1122767	0	2412002	0
1122767	0	2859900	1
1122767	0	2859902	4
1122767	0	2859903	1
1122767	0	2859904	4
1122767	0	2859905	0
1122767	0	2859907	5
1122767	0	2859908	4
1122767	0	2869516	1
1122767	0	2869517	1
1122767	0	2869520	1
1122767	0	2869521	1
1122767	0	2912048	1
1122767	0	3192617	4
1122767	0	3320214	1
1122767	0	3320215	1
1122767	0	3320220	1
1122767	0	3368027	1
1122767	0	3407781	4
1122767	0	3467786	1
1122767	0	3467791	0
1122767	0	3601979	4
1122767	0	3773405	0
1122767	0	4102083	4
1122767	0	4161419	5
1122767	0	4191681	1
1122767	0	4259801	1
1122767	0	4461313	5
1122767	0	4550503	1
1122767	0	4550504	5
1122767	0	458261	5
1122767	0	461302	1
1122767	0	461308	1
1122767	0	468959	5
1122767	0	4784605	5
1122767	0	4824672	1
1122767	0	4824674	1
1122767	0	4824677	4
1122767	0	4824679	4
1122767	0	4824681	1
1122767	0	4973919	1
1122767	0	506025	1
1122767	0	5145967	1
1122767	0	5285491	4
1122767	0	5468401	1
1122767	0	5468407	1
1122767	0	585508	1
1122767	0	585509	1
1122767	0	5877496	4
1122767	0	5877499	4
1122767	0	5877500	5
1122767	0	6063622	1
1122767	0	6179207	4
1122767	0	6179209	4
1122767	0	6179210	5
1122767	0	6179211	1
1122767	0	6179212	0
1122767	0	6179213	4
1122767	0	6179214	1
1122767	0	6310719	1
1122767	0	668427	5
1122767	0	675885	1
1122767	0	6769861	0
1122767	0	6851716	1
1122767	0	6851717	5
1122767	0	6851718	1
1122767	0	6851720	4
1122767	0	6901879	1
1122767	0	6901884	1
1122767	0	6946767	1
1122767	0	6946769	1
1122767	0	6946770	1
1122767	0	6946772	1
1122767	0	6946774	1
1122767	0	7040330	0
1122767	0	75236	1
1122767	0	7544609	4
1122767	0	8039583	4
1122767	0	8039587	1
1122767	0	8039589	4
1122767	0	8039590	4
1122767	0	8061226	1
1122767	0	8061228	1
1122767	0	8061234	1
1122767	0	8326513	1
1122767	0	8512347	0
1122767	0	8642985	1
1122767	0	8642986	1
1122767	0	884952	4
1122767	0	940618	0
1122767	0	992694	0
1127540	0	1067934	0
1127540	0	1074250	0
1127540	0	1222365	0
1127540	0	1251267	0
1127540	0	1259593	0
1127540	0	1259595	0
1127540	0	1259597	0
1127540	0	1569259	0
1127540	0	1720170	0
1127540	0	1737767	0
1127540	0	1830086	0
1127540	0	1830380	0
1127540	0	1897898	0
1127540	0	1897899	0
1127540	0	2044364	5
1127540	0	2044366	5
1127540	0	2044368	5
1127540	0	2044369	5
1127540	0	2044370	5
1127540	0	2044372	5
1127540	0	2058018	0
1127540	0	2058020	0
1127540	0	2058022	0
1127540	0	2058024	0
1127540	0	2316314	0
1127540	0	2316316	0
1127540	0	2556549	0
1127540	0	2574460	5
1127540	0	267133	0
1127540	0	2698248	0
1127540	0	2809002	0
1127540	0	330049	5
1127540	0	3336192	0
1127540	0	3336198	0
1127540	0	3496912	0
1127540	0	3496914	0
1127540	0	3601165	0
1127540	0	3601166	0
1127540	0	3601168	0
1127540	0	3649463	0
1127540	0	3651963	0
1127540	0	3689987	0
1127540	0	369817	0
1127540	0	3723499	0
1127540	0	3787182	0
1127540	0	3787184	0
1127540	0	421169	0
1127540	0	4368062	0
1127540	0	4368068	0
1127540	0	4507239	0
1127540	0	4573418	0
1127540	0	463869	0
1127540	0	5458614	0
1127540	0	5533406	0
1127540	0	5638575	0
1127540	0	5715075	0
1127540	0	5728324	5
1127540	0	5753339	5
1127540	0	630076	0
1127540	0	630078	0
1127540	0	630082	0
1127540	0	6421961	0
1127540	0	6421969	0
1127540	0	6498571	0
1127540	0	6706583	0
1127540	0	6990140	0
1127540	0	7443616	0
1127540	0	7782109	0
1127540	0	7971392	0
1127540	0	7994046	0
1127540	0	7994048	0
1127540	0	7994051	0
1127540	0	8069412	0
1127540	0	8102569	0
1127540	0	8102577	0
1127540	0	8102759	0
1127540	0	8253108	0
1127540	0	8288867	0
1127540	0	8288868	0
1127540	0	8342394	0
1127540	0	8403939	0
1127540	0	8425619	0
1127540	0	8425620	0
1127540	0	8519988	0
1127540	0	8548969	0
1127540	0	8612540	5
1127540	0	8698688	0
1127540	0	8726954	5
1127540	0	8726955	5
1127540	0	8726956	5
1127540	0	8726957	5
1127540	0	8726958	5
1127540	0	8726959	5
1127540	0	8726960	5
1127540	0	8726961	5
1127540	0	8726962	5
1127540	0	8726963	5
1127540	0	897698	0
1127540	0	944828	0
1127540	0	956534	0
1131069	0	1780963	5
1131069	0	1780965	0
1131069	0	1780966	0
1131069	0	1780968	5
1131069	0	1780969	0
1131069	0	1780970	0
1131069	0	1780971	5
1131069	0	2499281	0
1131069	0	2519968	0
1131069	0	2614322	0
1131069	0	2662474	0
1131069	0	2662476	0
1131069	0	2680782	0
1131069	0	2721755	0
1131069	0	2783520	0
1131069	0	2805723	5
1131069	0	2805726	5
1131069	0	2930344	0
1131069	0	2930347	0
1131069	0	3058806	0
1131069	0	315348	0
1131069	0	3166508	0
1131069	0	3174310	0
1131069	0	3324165	0
1131069	0	3388332	5
1131069	0	3671672	0
1131069	0	3872373	0
1131069	0	4090555	0
1131069	0	4167954	0
1131069	0	4237857	0
1131069	0	4267382	0
1131069	0	4334851	0
1131069	0	4340237	0
1131069	0	4542385	0
1131069	0	4648857	0
1131069	0	4788859	0
1131069	0	4788864	0
1131069	0	5247865	0
1131069	0	5247866	0
1131069	0	5455642	0
1131069	0	5488948	0
1131069	0	5531387	5
1131069	0	5832672	0
1131069	0	5943518	0
1131069	0	6000239	0
1131069	0	6154671	0
1131069	0	6159839	0
1131069	0	6159842	0
1131069	0	6240966	0
1131069	0	6240969	0
1131069	0	6447001	0
1131069	0	6488758	0
1131069	0	6488759	0
1131069	0	6488766	0
1131069	0	6661240	0
1131069	0	6661241	0
1131069	0	6661246	5
1131069	0	6661248	0
1131069	0	671985	0
1131069	0	6809696	0
1131069	0	6809697	0
1131069	0	6809698	0
1131069	0	6809699	0
1131069	0	6809701	0
1131069	0	6809702	0
1131069	0	6809703	0
1131069	0	6864912	0
1131069	0	6907802	0
1131069	0	6907803	0
1131069	0	6907806	0
1131069	0	6907807	5
1131069	0	6907808	5
1131069	0	6907809	5
1131069	0	7242655	0
1131069	0	7275756	0
1131069	0	7275757	0
1131069	0	7275758	0
1131069	0	7275761	5
1131069	0	7358208	0
1131069	0	7610004	0
1131069	0	7610005	5
1131069	0	7610007	0
1131069	0	7610010	5
1131069	0	7618868	0
1131069	0	7770231	0
1131069	0	7962538	5
1131069	0	8002900	0
1131069	0	8191742	0
1131069	0	8191743	5
1131069	0	8191744	0
1131069	0	8192253	0
1131069	0	8432048	5
1131069	0	8432049	5
1131069	0	8432050	5
1131069	0	8432053	0
1131069	0	8432054	0
1131069	0	8432055	5
1131069	0	8541468	0
1131069	0	8780999	0
1131069	0	8841676	0
1132532	0	1012083	0
1132532	0	1133607	0
1132532	0	1245510	4
1132532	0	1245511	2
1132532	0	1976992	0
1132532	0	1976993	0
1132532	0	1976995	0
1132532	0	23959	2
1132532	0	23960	2
1132532	0	23966	0
1132532	0	2449556	0
1132532	0	2451606	0
1132532	0	2649448	0
1132532	0	2918611	2
1132532	0	3173190	2
1132532	0	331542	2
1132532	0	331543	2
1132532	0	331545	2
1132532	0	3469358	0
1132532	0	3648080	0
1132532	0	3797904	2
1132532	0	3873087	0
1132532	0	3894151	0
1132532	0	3962	2
1132532	0	40091	2
1132532	0	4104574	0
1132532	0	4110870	2
1132532	0	4139703	0
1132532	0	4244998	2
1132532	0	4437763	0
1132532	0	4675181	2
1132532	0	4675183	2
1132532	0	4753032	2
1132532	0	4851669	2
1132532	0	4851673	4
1132532	0	4851677	4
1132532	0	4893092	2
1132532	0	5041349	4
1132532	0	5053525	4
1132532	0	5446722	2
1132532	0	5479424	0
1132532	0	5636112	0
1132532	0	5636512	0
1132532	0	5651674	0
1132532	0	569543	0
1132532	0	5906395	0
1132532	0	5910809	4
1132532	0	5989422	2
1132532	0	6036022	4
1132532	0	6117740	4
1132532	0	6117745	4
1132532	0	6172567	2
1132532	0	6176605	2
1132532	0	6176606	2
1132532	0	6189364	4
1132532	0	6189365	4
1132532	0	6189366	4
1132532	0	6189367	2
1132532	0	6189369	4
1132532	0	6189370	2
1132532	0	6191514	2
1132532	0	6191515	2
1132532	0	6191516	2
1132532	0	6191517	2
1132532	0	6208534	2
1132532	0	6566738	0
1132532	0	661413	0
1132532	0	6832788	2
1132532	0	6832789	4
1132532	0	6832790	4
1132532	0	6832794	4
1132532	0	6950262	2
1132532	0	7061215	0
1132532	0	7070826	4
1132532	0	718132	4
1132532	0	7504790	2
1132532	0	7508490	4
1132532	0	7508491	4
1132532	0	7508493	4
1132532	0	7543160	2
1132532	0	7543163	2
1132532	0	7543164	4
1132532	0	7740552	2
1132532	0	7941105	4
1132532	0	8243454	0
1132532	0	8307656	4
1132532	0	8307659	2
1132532	0	8307660	2
1132532	0	8307661	4
1132532	0	8307662	2
1132532	0	8310437	4
1132532	0	8318621	4
1132532	0	8318622	4
1132532	0	8327843	2
1132532	0	845904	0
1132532	0	845908	2
1132532	0	8524072	0
1132532	0	8602382	0
1132532	0	8827215	0
1132532	0	986668	4
1133579	0	1200778	1
1133579	0	1200780	1
1133579	0	1318188	1
1133579	0	1318191	1
1133579	0	1318194	1
1133579	0	1318196	1
1133579	0	1659302	0
1133579	0	1659305	1
1133579	0	1659306	1
1133579	0	1659308	5
1133579	0	1659309	1
1133579	0	1694484	0
1133579	0	1694485	1
1133579	0	1817052	5
1133579	0	1817053	1
1133579	0	1817054	1
1133579	0	1817055	5
1133579	0	1817056	1
1133579	0	1817057	1
1133579	0	1817058	1
1133579	0	1817059	0
1133579	0	2067537	1
1133579	0	2067540	0
1133579	0	2067542	0
1133579	0	2067543	1
1133579	0	2067544	1
1133579	0	2067545	0
1133579	0	2067546	0
1133579	0	2130044	1
1133579	0	2130045	1
1133579	0	2130046	1
1133579	0	2130047	1
1133579	0	2130048	1
1133579	0	2130049	0
1133579	0	2257983	1
1133579	0	2577274	1
1133579	0	2623943	1
1133579	0	2829602	1
1133579	0	3314130	1
1133579	0	3586124	1
1133579	0	3691482	1
1133579	0	3691484	1
1133579	0	3691486	5
1133579	0	3691487	1
1133579	0	3841449	1
1133579	0	3841451	0
1133579	0	3841452	1
1133579	0	3841454	0
1133579	0	3841456	0
1133579	0	4057642	1
1133579	0	4274863	5
1133579	0	4274865	1
1133579	0	4506269	0
1133579	0	4506270	1
1133579	0	4868943	0
1133579	0	4931640	1
1133579	0	4931641	1
1133579	0	4931642	1
1133579	0	4931643	1
1133579	0	4931644	1
1133579	0	4931645	1
1133579	0	4931646	1
1133579	0	4931647	1
1133579	0	5277542	1
1133579	0	5277546	1
1133579	0	5719608	0
1133579	0	5719612	1
1133579	0	5801087	1
1133579	0	6252755	1
1133579	0	6252756	1
1133579	0	6252757	1
1133579	0	6252760	1
1133579	0	6252761	1
1133579	0	6252762	1
1133579	0	6436962	0
1133579	0	6600375	5
1133579	0	7011718	1
1133579	0	733202	1
1133579	0	733203	5
1133579	0	733204	1
1133579	0	733205	1
1133579	0	733206	1
1133579	0	733207	1
1133579	0	733208	1
1133579	0	733209	1
1133579	0	733210	1
1133579	0	733211	1
1133579	0	7722922	1
1133579	0	8102278	1
1133579	0	8220872	1
1133579	0	8220877	1
1133579	0	8220878	1
1133579	0	8220879	1
1133579	0	8379130	1
1133579	0	8379131	1
1133579	0	8379132	1
1133579	0	8379133	1
1133579	0	8379135	1
1133579	0	8379136	1
1133579	0	8741939	1
1136043	0	1056534	5
1136043	0	1056535	0
1136043	0	1056536	0
1136043	0	1056537	2
1136043	0	1056539	0
1136043	0	1056540	5
1136043	0	1056541	0
1136043	0	1056542	0
1136043	0	1057769	2
1136043	0	1329685	0
1136043	0	1421570	0
1136043	0	1557106	0
1136043	0	160039	2
1136043	0	160042	2
1136043	0	160044	0
1136043	0	1634128	2
1136043	0	1634131	5
1136043	0	1634132	5
1136043	0	1634133	2
1136043	0	1634134	5
1136043	0	1776591	0
1136043	0	2319724	0
1136043	0	2363699	2
1136043	0	2428271	2
1136043	0	2682608	2
1136043	0	2682609	0
1136043	0	2682611	2
1136043	0	2858298	2
1136043	0	2910447	0
1136043	0	291319	0
1136043	0	3028339	2
1136043	0	3148206	0
1136043	0	3223689	0
1136043	0	3228475	2
1136043	0	3538519	2
1136043	0	3551093	2
1136043	0	3551098	0
1136043	0	3551100	2
1136043	0	3722654	0
1136043	0	3729116	2
1136043	0	4078313	0
1136043	0	4545954	2
1136043	0	4687582	2
1136043	0	4794922	0
1136043	0	4882508	5
1136043	0	493123	0
1136043	0	4946558	0
1136043	0	5196420	0
1136043	0	5196423	0
1136043	0	5369633	0
1136043	0	5369635	0
1136043	0	5369640	0
1136043	0	5940540	0
1136043	0	6267202	0
1136043	0	6420305	2
1136043	0	6420308	2
1136043	0	6420309	0
1136043	0	6420313	2
1136043	0	6456014	2
1136043	0	6461937	0
1136043	0	6464514	0
1136043	0	6464517	0
1136043	0	6511396	0
1136043	0	6614531	2
1136043	0	6702368	2
1136043	0	6788428	2
1136043	0	6788429	2
1136043	0	6788430	2
1136043	0	6844640	2
1136043	0	6844641	0
1136043	0	6844643	0
1136043	0	6844644	2
1136043	0	6893735	2
1136043	0	6893736	0
1136043	0	6893739	0
1136043	0	6893740	0
1136043	0	6893741	0
1136043	0	6973492	0
1136043	0	7012123	2
1136043	0	7158603	0
1136043	0	7355225	2
1136043	0	744907	2
1136043	0	744908	2
1136043	0	7463059	0
1136043	0	7889774	0
1136043	0	7930850	0
1136043	0	837097	0
1136043	0	852195	2
1136043	0	852196	0
1136043	0	852197	2
1136043	0	858881	2
1136043	0	8728069	5
1136043	0	8728070	5
1136043	0	8728071	5
1136043	0	8728072	5
1136043	0	8728073	0
1136043	0	8728074	5
1136043	0	8728076	5
1136043	0	8728077	5
1136043	0	8728078	2
1136047	0	1200687	0
1136047	0	1240507	0
1136047	0	1240508	0
1136047	0	1240513	0
1136047	0	1254129	0
1136047	0	1500786	0
1136047	0	1500788	0
1136047	0	1601010	0
1136047	0	1716876	2
1136047	0	1716878	2
1136047	0	1716882	2
1136047	0	1716883	2
1136047	0	2165349	0
1136047	0	2165350	2
1136047	0	2165357	0
1136047	0	2165358	2
1136047	0	2186578	5
1136047	0	2330118	2
1136047	0	2330119	2
1136047	0	2432010	0
1136047	0	2584743	0
1136047	0	272459	0
1136047	0	272464	2
1136047	0	2815435	2
1136047	0	2815436	0
1136047	0	2815439	2
1136047	0	2815440	2
1136047	0	2995917	0
1136047	0	2995922	2
1136047	0	3178979	0
1136047	0	3178983	0
1136047	0	3357564	2
1136047	0	3400271	2
1136047	0	3447381	0
1136047	0	3447385	0
1136047	0	3447389	0
1136047	0	3512793	0
1136047	0	3551290	0
1136047	0	360410	0
1136047	0	360414	0
1136047	0	360415	0
1136047	0	360416	0
1136047	0	3775376	2
1136047	0	3833480	2
1136047	0	3833481	2
1136047	0	388995	0
1136047	0	3960077	0
1136047	0	3988779	2
1136047	0	4152503	2
1136047	0	434758	0
1136047	0	478073	0
1136047	0	4803702	2
1136047	0	4867539	2
1136047	0	5021130	2
1136047	0	512480	0
1136047	0	512481	5
1136047	0	512482	5
1136047	0	512483	2
1136047	0	512484	0
1136047	0	512487	2
1136047	0	512489	2
1136047	0	5440530	2
1136047	0	5440533	0
1136047	0	5715172	0
1136047	0	5715175	0
1136047	0	5822428	2
1136047	0	5822430	2
1136047	0	5864630	0
1136047	0	5953383	2
1136047	0	6168170	2
1136047	0	6499345	0
1136047	0	6499347	0
1136047	0	6604409	0
1136047	0	677662	0
1136047	0	7009393	2
1136047	0	7087318	0
1136047	0	7141883	2
1136047	0	7170088	0
1136047	0	7501471	0
1136047	0	7509635	0
1136047	0	7540966	0
1136047	0	7540967	2
1136047	0	7540969	2
1136047	0	7571090	2
1136047	0	7777166	2
1136047	0	7830195	0
1136047	0	8155686	2
1136047	0	8328670	2
1136047	0	871544	0
1136047	0	8724031	5
1136047	0	8724032	5
1136047	0	8724033	5
1136047	0	8724034	2
1136047	0	8724035	5
1136047	0	8724036	5
1136047	0	8724037	2
1136047	0	8724038	5
1136047	0	8724039	2
1136047	0	8724040	2
1136047	0	952223	2
1136962	0	1635572	0
1136962	0	1858852	1
1136962	0	188458	1
1136962	0	188463	2
1136962	0	1994003	1
1136962	0	2002694	0
1136962	0	208545	0
1136962	0	2333056	0
1136962	0	2389849	1
1136962	0	2455918	2
1136962	0	2481400	2
1136962	0	2504416	1
1136962	0	2504417	2
1136962	0	2662146	0
1136962	0	2668190	2
1136962	0	2736920	2
1136962	0	275374	1
1136962	0	275378	1
1136962	0	277849	5
1136962	0	2883074	1
1136962	0	3049177	2
1136962	0	3049180	2
1136962	0	3080322	0
1136962	0	3293337	5
1136962	0	3348372	5
1136962	0	3504821	2
1136962	0	3551394	0
1136962	0	3586539	5
1136962	0	3646987	2
1136962	0	3796591	2
1136962	0	3863653	2
1136962	0	4024823	2
1136962	0	4088981	2
1136962	0	4170447	5
1136962	0	4276733	0
1136962	0	427823	0
1136962	0	427826	0
1136962	0	4373085	1
1136962	0	4373090	1
1136962	0	4405500	2
1136962	0	4405503	2
1136962	0	4405509	2
1136962	0	4471029	1
1136962	0	4548553	5
1136962	0	4589722	0
1136962	0	4589723	5
1136962	0	4589724	5
1136962	0	4589725	2
1136962	0	4589728	5
1136962	0	4589729	1
1136962	0	4589730	5
1136962	0	4601613	2
1136962	0	4934921	1
1136962	0	5167251	2
1136962	0	5414508	5
1136962	0	5420816	1
1136962	0	5420819	2
1136962	0	5420820	2
1136962	0	5471438	5
1136962	0	596001	5
1136962	0	6185710	5
1136962	0	6185711	5
1136962	0	6185712	5
1136962	0	6185713	2
1136962	0	6185714	5
1136962	0	6185715	2
1136962	0	6185716	2
1136962	0	6185717	5
1136962	0	6185718	2
1136962	0	6185719	2
1136962	0	6211004	5
1136962	0	638900	2
1136962	0	657447	1
1136962	0	6684779	5
1136962	0	6842810	5
1136962	0	7116081	1
1136962	0	7621135	2
1136962	0	7631079	5
1136962	0	7631080	2
1136962	0	7631082	5
1136962	0	7631083	2
1136962	0	7631084	2
1136962	0	7750621	0
1136962	0	7896140	2
1136962	0	7938913	1
1136962	0	811626	1
1136962	0	8278694	2
1136962	0	8336574	5
1136962	0	8336575	1
1136962	0	8336578	2
1136962	0	8336581	2
1136962	0	8380913	1
1136962	0	8667204	1
1136962	0	8667206	0
1136962	0	8708235	1
1136962	0	937255	0
1136962	0	937256	2
1136962	0	937257	0
1136962	0	937258	2
1136962	0	980634	1
118440	0	1016473	0
118440	0	1031641	0
118440	0	1031644	3
118440	0	1312334	0
118440	0	1445679	0
118440	0	1445681	3
118440	0	1445685	5
118440	0	1569786	5
118440	0	1569787	5
118440	0	158198	0
118440	0	158199	0
118440	0	158205	0
118440	0	1606054	0
118440	0	1711898	0
118440	0	1734506	0
118440	0	1827531	3
118440	0	194614	0
118440	0	2074413	0
118440	0	230122	5
118440	0	232470	5
118440	0	232473	5
118440	0	2605332	3
118440	0	2843799	5
118440	0	285716	3
118440	0	3104947	5
118440	0	3104951	3
118440	0	3104952	0
118440	0	3104953	3
118440	0	3368681	0
118440	0	3402818	0
118440	0	3647350	3
118440	0	3647351	3
118440	0	3647356	5
118440	0	3647357	3
118440	0	391241	0
118440	0	4069689	0
118440	0	4115092	0
118440	0	4236463	5
118440	0	4290593	3
118440	0	4334263	3
118440	0	4403471	5
118440	0	5169678	0
118440	0	5229209	0
118440	0	5255427	0
118440	0	5365149	0
118440	0	5365150	0
118440	0	5365153	0
118440	0	5555683	3
118440	0	5780839	5
118440	0	6144350	0
118440	0	615975	0
118440	0	6382751	5
118440	0	6382753	5
118440	0	6382755	3
118440	0	6439078	3
118440	0	6540562	0
118440	0	6540563	0
118440	0	6540565	0
118440	0	6655848	0
118440	0	6726031	3
118440	0	6738065	3
118440	0	6744366	0
118440	0	6744368	0
118440	0	6750546	0
118440	0	6750547	5
118440	0	6750548	0
118440	0	6750549	0
118440	0	6750550	0
118440	0	6750552	3
118440	0	6750553	0
118440	0	6750554	0
118440	0	6805395	0
118440	0	6871256	3
118440	0	7109951	0
118440	0	7137471	0
118440	0	7169531	0
118440	0	730845	3
118440	0	748206	0
118440	0	7539487	5
118440	0	7703789	0
118440	0	7721624	0
118440	0	7808619	0
118440	0	7967582	3
118440	0	8072581	0
118440	0	8072588	0
118440	0	8072592	0
118440	0	8072593	0
118440	0	8072595	0
118440	0	8124427	0
118440	0	8285609	0
118440	0	8325148	0
118440	0	8412702	5
118440	0	8420653	0
118440	0	8527719	0
118440	0	8527721	0
118440	0	8724458	0
118440	0	8724459	0
118440	0	8737577	3
118440	0	8737579	3
118440	0	8785852	5
121171	0	1278921	0
121171	0	1278922	0
121171	0	1278923	5
121171	0	1278924	0
121171	0	1278926	5
121171	0	1278927	2
121171	0	1278928	0
121171	0	1278929	0
121171	0	143073	0
121171	0	1898444	0
121171	0	2122174	0
121171	0	2370501	2
121171	0	2550805	0
121171	0	2550806	5
121171	0	2550807	2
121171	0	2550808	2
121171	0	2550809	0
121171	0	2550810	2
121171	0	2550811	5
121171	0	2550813	2
121171	0	2550814	2
121171	0	2579338	2
121171	0	259430	5
121171	0	259431	5
121171	0	259432	2
121171	0	259433	2
121171	0	259434	2
121171	0	259435	2
121171	0	259436	5
121171	0	259437	0
121171	0	2626097	2
121171	0	2626098	2
121171	0	2626100	0
121171	0	2626101	5
121171	0	2626103	0
121171	0	2631821	2
121171	0	2631822	0
121171	0	2631825	0
121171	0	2631826	2
121171	0	2631827	2
121171	0	2735732	2
121171	0	2896413	2
121171	0	3029510	0
121171	0	3092263	2
121171	0	3389840	0
121171	0	3389841	0
121171	0	3812019	2
121171	0	3812022	5
121171	0	451170	5
121171	0	451171	5
121171	0	451172	2
121171	0	451173	2
121171	0	451174	2
121171	0	451175	5
121171	0	451176	2
121171	0	4609616	0
121171	0	5237901	2
121171	0	5237902	0
121171	0	5237903	0
121171	0	5237905	2
121171	0	5237907	0
121171	0	5237908	2
121171	0	5237909	2
121171	0	5713962	2
121171	0	5809826	2
121171	0	5809828	2
121171	0	5809829	2
121171	0	5809830	0
121171	0	5809831	5
121171	0	5809833	0
121171	0	5930985	0
121171	0	5930988	0
121171	0	6223547	2
121171	0	6461186	2
121171	0	6580474	0
121171	0	6580476	2
121171	0	6580478	2
121171	0	7151456	0
121171	0	7224846	0
121171	0	8018580	0
121171	0	8056821	0
121171	0	8164251	2
121171	0	8220026	0
121171	0	8260188	2
121171	0	8260190	2
121171	0	8260191	5
121171	0	8260192	5
121171	0	8260193	2
121171	0	8260194	2
121171	0	8260195	2
121171	0	8260196	2
121171	0	8301993	2
121171	0	8643272	0
121171	0	8643274	0
121171	0	8643275	2
121171	0	8643277	2
121171	0	8643278	0
121171	0	8643279	0
121171	0	8684391	0
121171	0	8735296	0
135802	0	1189352	0
135802	0	1226132	0
135802	0	1226134	0
135802	0	1226135	0
135802	0	1256034	5
135802	0	1279164	0
135802	0	1352752	0
135802	0	1352753	0
135802	0	1352755	0
135802	0	1386451	0
135802	0	1448020	0
135802	0	1711322	0
135802	0	2201180	3
135802	0	2256996	0
135802	0	2440643	0
135802	0	2511075	5
135802	0	2539731	0
135802	0	2539732	3
135802	0	2539734	0
135802	0	2539735	0
135802	0	2539740	3
135802	0	2582185	0
135802	0	2739063	5
135802	0	2739065	5
135802	0	2739068	3
135802	0	2739069	5
135802	0	2739070	0
135802	0	2739072	0
135802	0	2773337	5
135802	0	2773344	5
135802	0	2898913	0
135802	0	3017530	0
135802	0	348109	0
135802	0	3547571	3
135802	0	3624450	5
135802	0	366625	0
135802	0	366626	3
135802	0	366632	0
135802	0	3707269	0
135802	0	3707271	0
135802	0	3707272	0
135802	0	3707274	0
135802	0	3737716	3
135802	0	3737719	3
135802	0	4007442	0
135802	0	4007446	5
135802	0	4007447	3
135802	0	4146404	0
135802	0	4331542	0
135802	0	4347259	3
135802	0	4411252	5
135802	0	4419391	0
135802	0	4419396	0
135802	0	4653333	0
135802	0	4663166	0
135802	0	4688637	3
135802	0	470796	5
135802	0	4744979	0
135802	0	5424633	5
135802	0	5593350	0
135802	0	5593351	0
135802	0	5835149	0
135802	0	5973586	0
135802	0	6111235	0
135802	0	62182	5
135802	0	6302977	0
135802	0	6302978	0
135802	0	663703	3
135802	0	663707	3
135802	0	6755953	0
135802	0	6755954	0
135802	0	7003682	5
135802	0	7020899	5
135802	0	7285065	0
135802	0	7299370	0
135802	0	732284	0
135802	0	7327478	5
135802	0	7483372	0
135802	0	7483379	0
135802	0	767626	0
135802	0	7752424	0
135802	0	7752427	0
135802	0	8015460	0
135802	0	802446	5
135802	0	8081411	3
135802	0	8081412	5
135802	0	8163784	0
135802	0	8168198	3
135802	0	8168201	3
135802	0	8264847	5
135802	0	8285230	0
135802	0	8444470	0
135802	0	8493056	0
135802	0	8692619	5
135802	0	8692621	5
135802	0	8692623	5
135802	0	8692624	5
135802	0	8692626	5
135802	0	8692628	5
135802	0	946436	0
141630	0	1157247	0
141630	0	1157249	2
141630	0	1157251	2
141630	0	1314684	0
141630	0	1314689	0
141630	0	1611308	0
141630	0	1611310	0
141630	0	1611313	2
141630	0	1889340	2
141630	0	2265945	0
141630	0	2278493	0
141630	0	2366117	0
141630	0	2366121	2
141630	0	2768009	0
141630	0	2851002	2
141630	0	2892893	2
141630	0	3461358	0
141630	0	3500851	2
141630	0	3500852	0
141630	0	3500853	0
141630	0	3500854	2
141630	0	3500855	2
141630	0	3500856	2
141630	0	3500857	2
141630	0	3500858	2
141630	0	3500860	2
141630	0	3665879	2
141630	0	3672655	2
141630	0	3752117	0
141630	0	3811989	2
141630	0	4098919	2
141630	0	4098924	2
141630	0	4101944	2
141630	0	4101945	2
141630	0	4101951	2
141630	0	4101952	2
141630	0	41361	2
141630	0	41364	0
141630	0	4422338	2
141630	0	4422339	2
141630	0	4422340	0
141630	0	4422343	2
141630	0	4422344	2
141630	0	5098393	2
141630	0	5098395	2
141630	0	5098396	2
141630	0	5098397	2
141630	0	5098400	2
141630	0	5126206	2
141630	0	5126212	0
141630	0	5337305	2
141630	0	554699	2
141630	0	554701	0
141630	0	5694666	2
141630	0	5711339	0
141630	0	5711344	0
141630	0	6007465	0
141630	0	6064897	2
141630	0	6185807	0
141630	0	6319711	2
141630	0	6319713	2
141630	0	6319716	0
141630	0	6496226	2
141630	0	6496228	2
141630	0	6496229	2
141630	0	6530476	2
141630	0	6580043	2
141630	0	6580051	0
141630	0	6638749	2
141630	0	7004631	2
141630	0	7107466	2
141630	0	712617	2
141630	0	7228533	2
141630	0	7261857	0
141630	0	7309677	2
141630	0	7705603	2
141630	0	7985117	2
141630	0	7985118	2
141630	0	7985123	0
141630	0	8068281	2
141630	0	8217013	2
141630	0	8319987	2
141630	0	8319989	2
141630	0	8319990	2
141630	0	8319991	2
141630	0	8319993	2
141630	0	861355	2
141630	0	8653584	2
141630	0	8685361	2
141630	0	8768725	2
141630	0	8808343	0
141630	0	885780	2
141630	0	885781	2
141630	0	885782	0
141630	0	885784	0
141630	0	885785	2
141630	0	885786	2
141630	0	885787	0
141630	0	885788	2
141630	0	986986	2
156498	0	104800	5
156498	0	104801	5
156498	0	104803	5
156498	0	1066785	5
156498	0	1066789	5
156498	0	1118223	3
156498	0	1176897	0
156498	0	1176903	0
156498	0	1430192	0
156498	0	1430195	0
156498	0	1434101	3
156498	0	1439275	3
156498	0	1439277	3
156498	0	153722	0
156498	0	1575717	3
156498	0	1663164	5
156498	0	1663169	3
156498	0	1823189	0
156498	0	1840047	0
156498	0	2126090	0
156498	0	2167314	5
156498	0	2167315	5
156498	0	2167316	0
156498	0	2167317	0
156498	0	2167320	0
156498	0	2305389	3
156498	0	2305390	0
156498	0	2455301	0
156498	0	2455302	0
156498	0	2455307	5
156498	0	2814536	3
156498	0	2837360	0
156498	0	3068132	0
156498	0	3114158	3
156498	0	3301559	5
156498	0	3301562	5
156498	0	3301563	5
156498	0	3443396	0
156498	0	3443397	0
156498	0	3484644	0
156498	0	3484650	0
156498	0	3669926	5
156498	0	3669928	3
156498	0	3852372	0
156498	0	3853777	0
156498	0	3929551	0
156498	0	4273410	5
156498	0	4273412	5
156498	0	4273413	5
156498	0	4273414	0
156498	0	4273418	5
156498	0	4273419	5
156498	0	4325225	0
156498	0	4349518	0
156498	0	4468111	3
156498	0	4468112	5
156498	0	463350	0
156498	0	463355	0
156498	0	463358	0
156498	0	4950763	0
156498	0	4950764	3
156498	0	4950765	0
156498	0	4950770	3
156498	0	4996221	0
156498	0	5051130	3
156498	0	5051133	0
156498	0	5289945	0
156498	0	5456027	0
156498	0	5554129	5
156498	0	5596941	3
156498	0	5606985	5
156498	0	576146	0
156498	0	6024051	0
156498	0	6350447	0
156498	0	6350450	3
156498	0	6574893	0
156498	0	6602231	0
156498	0	6602232	0
156498	0	687748	3
156498	0	7051176	0
156498	0	7051181	0
156498	0	7051184	0
156498	0	7393852	3
156498	0	7393853	0
156498	0	7393854	0
156498	0	7393857	0
156498	0	7393858	5
156498	0	7456851	3
156498	0	752504	3
156498	0	7617959	3
156498	0	824326	0
156498	0	824332	0
156498	0	8305049	0
156498	0	8615226	0
156498	0	8615228	3
156498	0	8648966	3
156498	0	8648969	5
156498	0	968558	0
156498	0	968559	0
156498	0	973038	0
169208	0	1395413	5
169208	0	1395417	5
169208	0	160090	0
169208	0	1694742	0
169208	0	2099561	2
169208	0	2594164	4
169208	0	2653222	0
169208	0	2653225	0
169208	0	2653226	0
169208	0	2653229	0
169208	0	2720365	0
169208	0	2888360	0
169208	0	2888361	0
169208	0	2888362	0
169208	0	2888363	4
169208	0	2888364	0
169208	0	2888366	2
169208	0	2888367	5
169208	0	2888368	4
169208	0	3218383	0
169208	0	3408570	2
169208	0	344711	2
169208	0	344715	0
169208	0	3555910	0
169208	0	3555912	2
169208	0	3561306	0
169208	0	3569715	0
169208	0	4011279	0
169208	0	4202275	5
169208	0	4202276	0
169208	0	4202278	5
169208	0	4321613	0
169208	0	4460805	0
169208	0	4580131	5
169208	0	4580132	4
169208	0	4580133	5
169208	0	4580137	2
169208	0	4580139	5
169208	0	4694321	4
169208	0	4694322	0
169208	0	4694325	0
169208	0	4694326	2
169208	0	4694327	0
169208	0	4694328	0
169208	0	4694329	0
169208	0	4762134	4
169208	0	4762135	4
169208	0	4762137	4
169208	0	4762140	5
169208	0	4762141	5
169208	0	4762142	4
169208	0	4771735	0
169208	0	4771736	0
169208	0	4771743	0
169208	0	4859431	0
169208	0	4859432	5
169208	0	4859433	5
169208	0	4859434	0
169208	0	4859436	0
169208	0	4859437	5
169208	0	4859438	5
169208	0	5523560	0
169208	0	5541539	2
169208	0	5573046	4
169208	0	560198	4
169208	0	5624766	0
169208	0	5624767	0
169208	0	5724652	0
169208	0	5893619	0
169208	0	6153857	0
169208	0	6413011	2
169208	0	6628987	4
169208	0	6808744	5
169208	0	6900079	2
169208	0	7116790	2
169208	0	7169062	0
169208	0	7169063	4
169208	0	7169064	0
169208	0	7169065	0
169208	0	7169066	0
169208	0	7169068	2
169208	0	721607	4
169208	0	721610	4
169208	0	7251632	4
169208	0	7251637	4
169208	0	7251639	5
169208	0	7461953	2
169208	0	7461959	0
169208	0	7484151	0
169208	0	7698777	2
169208	0	7768298	0
169208	0	8155993	2
169208	0	8498445	0
169208	0	85984	4
169208	0	85987	4
169208	0	85989	5
169208	0	85992	4
169208	0	85993	5
169208	0	8656602	0
169208	0	8656607	0
174463	0	1013078	2
174463	0	1024762	5
174463	0	1024763	2
174463	0	1024764	5
174463	0	1024767	5
174463	0	129840	0
174463	0	1409812	0
174463	0	1479952	5
174463	0	1567955	2
174463	0	1567956	2
174463	0	1788354	2
174463	0	1788362	2
174463	0	1835369	2
174463	0	1835370	2
174463	0	1835375	5
174463	0	1835377	2
174463	0	1854163	2
174463	0	1924691	0
174463	0	1970967	0
174463	0	1970971	0
174463	0	1973699	0
174463	0	2247005	0
174463	0	2247008	0
174463	0	2533617	2
174463	0	2533619	2
174463	0	2533622	2
174463	0	2533623	0
174463	0	2533624	2
174463	0	2533625	2
174463	0	2533626	2
174463	0	2911252	0
174463	0	2911253	0
174463	0	3057395	2
174463	0	3277323	0
174463	0	3350452	0
174463	0	3716941	0
174463	0	3716946	0
174463	0	3716947	0
174463	0	3788058	2
174463	0	3829743	2
174463	0	3959789	0
174463	0	3959793	0
174463	0	4038738	0
174463	0	4043870	0
174463	0	4275746	0
174463	0	4275747	0
174463	0	4275750	0
174463	0	4275752	0
174463	0	4452289	2
174463	0	4662168	0
174463	0	4665966	0
174463	0	4665971	2
174463	0	467393	0
174463	0	470707	2
174463	0	470708	2
174463	0	470712	5
174463	0	4710618	5
174463	0	4725836	0
174463	0	5084509	0
174463	0	5084515	2
174463	0	5190737	0
174463	0	5264564	2
174463	0	5264565	0
174463	0	5264566	2
174463	0	5264567	2
174463	0	5303493	2
174463	0	5303496	2
174463	0	5349500	0
174463	0	5538542	0
174463	0	5538544	0
174463	0	5538545	0
174463	0	5688363	2
174463	0	5688364	2
174463	0	6083369	5
174463	0	6083371	2
174463	0	6094016	2
174463	0	6094017	5
174463	0	6094019	2
174463	0	6148993	0
174463	0	6148994	0
174463	0	6164614	0
174463	0	6342348	0
174463	0	6718987	5
174463	0	7089624	5
174463	0	7089629	5
174463	0	7089632	5
174463	0	7314482	0
174463	0	7383891	0
174463	0	7812730	0
174463	0	787927	0
174463	0	8304451	2
174463	0	8304456	5
174463	0	8304457	5
174463	0	8304458	5
174463	0	8645014	0
174463	0	8645017	0
174463	0	8770949	2
174463	0	8770952	2
174463	0	8770954	2
174463	0	934733	0
23849	0	1020327	4
23849	0	1127543	1
23849	0	1158886	4
23849	0	1215556	1
23849	0	1215557	1
23849	0	1303551	0
23849	0	1333480	1
23849	0	1414120	4
23849	0	1414122	1
23849	0	1449785	1
23849	0	1460057	1
23849	0	146754	1
23849	0	1594083	1
23849	0	1622747	1
23849	0	1827512	1
23849	0	188246	1
23849	0	1944730	4
23849	0	2055243	0
23849	0	2199043	1
23849	0	2277376	1
23849	0	2454705	1
23849	0	2607127	4
23849	0	2607129	4
23849	0	2647769	5
23849	0	2822437	1
23849	0	2822438	1
23849	0	3318475	1
23849	0	3468397	1
23849	0	3796914	1
23849	0	3796917	1
23849	0	3803316	1
23849	0	3829885	1
23849	0	3978767	4
23849	0	403811	1
23849	0	4091550	0
23849	0	4188880	4
23849	0	4366147	1
23849	0	4482145	1
23849	0	4491642	1
23849	0	4556932	4
23849	0	4556933	4
23849	0	4556938	1
23849	0	4556939	1
23849	0	4577479	1
23849	0	4806514	1
23849	0	4886625	1
23849	0	4920679	1
23849	0	4942375	1
23849	0	5053606	1
23849	0	5340997	4
23849	0	5341000	0
23849	0	5356225	1
23849	0	5455962	0
23849	0	5554704	0
23849	0	590926	4
23849	0	5913890	4
23849	0	604008	0
23849	0	6328466	1
23849	0	6328471	1
23849	0	640767	4
23849	0	6456991	0
23849	0	6498474	1
23849	0	6667419	1
23849	0	6688736	1
23849	0	6688737	4
23849	0	6688741	1
23849	0	6688742	4
23849	0	6688743	4
23849	0	6688744	1
23849	0	7039665	4
23849	0	7119957	4
23849	0	7144405	1
23849	0	7186713	4
23849	0	7395195	1
23849	0	7475860	1
23849	0	7482415	1
23849	0	7519911	1
23849	0	7593919	1
23849	0	7845073	1
23849	0	7845081	1
23849	0	8010558	4
23849	0	8010559	4
23849	0	8010560	4
23849	0	8010561	4
23849	0	8010562	4
23849	0	8010563	4
23849	0	8010564	4
23849	0	8010565	4
23849	0	8010566	4
23849	0	8017141	4
23849	0	8126279	4
23849	0	8293997	1
23849	0	8293999	0
23849	0	8466750	1
23849	0	849074	0
23849	0	8665052	4
23849	0	8668783	1
23849	0	8769995	4
23849	0	958491	4
23849	0	958495	4
258062	0	1311741	5
258062	0	1348968	5
258062	0	1360248	0
258062	0	1805967	5
258062	0	18097	0
258062	0	1914282	0
258062	0	2009228	0
258062	0	2009233	0
258062	0	2009235	0
258062	0	2463315	0
258062	0	2463319	0
258062	0	2510542	0
258062	0	2707009	0
258062	0	2707010	0
258062	0	2707014	0
258062	0	2707015	0
258062	0	2707016	0
258062	0	2875425	0
258062	0	2898169	5
258062	0	2909753	0
258062	0	2940183	0
258062	0	2940184	0
258062	0	3012167	0
258062	0	3016095	0
258062	0	3032427	0
258062	0	3189004	0
258062	0	3195767	0
258062	0	3325413	0
258062	0	3404354	0
258062	0	36703	0
258062	0	3683402	0
258062	0	3777927	0
258062	0	3777928	0
258062	0	3777930	0
258062	0	3807311	0
258062	0	3822856	0
258062	0	3947004	0
258062	0	3947005	0
258062	0	3947010	0
258062	0	412375	0
258062	0	4155912	5
258062	0	4159140	0
258062	0	4159142	0
258062	0	4159145	0
258062	0	4159344	0
258062	0	4159345	0
258062	0	4174308	0
258062	0	4174310	0
258062	0	4174311	0
258062	0	4174313	0
258062	0	4211513	0
258062	0	4595794	5
258062	0	4595795	5
258062	0	5035481	0
258062	0	5134210	0
258062	0	5134732	0
258062	0	5275169	0
258062	0	5326260	0
258062	0	5385089	0
258062	0	5456423	0
258062	0	5456424	0
258062	0	5456429	0
258062	0	5463138	0
258062	0	5617294	0
258062	0	5617297	0
258062	0	5627691	0
258062	0	5810936	0
258062	0	5810937	0
258062	0	598842	0
258062	0	5993823	5
258062	0	5993826	0
258062	0	60521	0
258062	0	60522	0
258062	0	6084336	5
258062	0	6084337	0
258062	0	6084339	5
258062	0	63214	0
258062	0	63215	0
258062	0	6347133	0
258062	0	639086	0
258062	0	6498440	0
258062	0	6655805	0
258062	0	6990374	5
258062	0	7068639	0
258062	0	7344525	0
258062	0	7645153	0
258062	0	7655251	0
258062	0	7716250	0
258062	0	8242299	0
258062	0	8311086	0
258062	0	8421207	0
258062	0	8421209	0
258062	0	8464763	0
258062	0	8694158	5
258062	0	8694161	5
258062	0	8694163	5
258062	0	8820986	0
258062	0	91493	0
258062	0	955811	5
258062	0	955813	5
324585	0	1349811	0
324585	0	1349814	0
324585	0	1349818	0
324585	0	1536988	5
324585	0	1536989	3
324585	0	1536990	5
324585	0	1536993	5
324585	0	1536995	3
324585	0	1536997	5
324585	0	1557511	0
324585	0	1579643	0
324585	0	1908329	3
324585	0	2259938	3
324585	0	2363585	0
324585	0	3860753	3
324585	0	3929680	2
324585	0	3957438	2
324585	0	405277	5
324585	0	405281	5
324585	0	405282	2
324585	0	438845	0
324585	0	4662468	0
324585	0	4662469	0
324585	0	4662472	0
324585	0	4722016	3
324585	0	4765768	3
324585	0	4765769	3
324585	0	5089018	3
324585	0	509044	3
324585	0	5131127	0
324585	0	5131128	0
324585	0	5131129	0
324585	0	5131133	0
324585	0	5131134	0
324585	0	5478143	0
324585	0	5488901	2
324585	0	5488905	3
324585	0	5525879	5
324585	0	5650548	3
324585	0	5864200	0
324585	0	5864204	0
324585	0	5934308	0
324585	0	5934309	0
324585	0	5934310	0
324585	0	6093053	0
324585	0	612031	0
324585	0	612033	0
324585	0	6126015	3
324585	0	6126016	3
324585	0	6126018	3
324585	0	6126019	3
324585	0	6170175	2
324585	0	6196947	3
324585	0	6196949	3
324585	0	620298	0
324585	0	625754	0
324585	0	625760	0
324585	0	6480417	2
324585	0	6480420	2
324585	0	6480421	2
324585	0	6480424	2
324585	0	6490813	0
324585	0	6873083	0
324585	0	6961642	3
324585	0	6961643	3
324585	0	6961645	3
324585	0	7363143	3
324585	0	7363145	0
324585	0	7386634	3
324585	0	7392860	0
324585	0	7551648	3
324585	0	7653696	3
324585	0	7728340	2
324585	0	7824745	0
324585	0	7884832	2
324585	0	7941122	2
324585	0	7941125	2
324585	0	7941127	2
324585	0	7941130	2
324585	0	8189416	0
324585	0	8189418	0
324585	0	8290306	3
324585	0	8290307	3
324585	0	8290308	3
324585	0	8290309	5
324585	0	8290310	3
324585	0	8290312	3
324585	0	8290314	5
324585	0	8310496	3
324585	0	8310498	5
324585	0	8310499	5
324585	0	8310502	5
324585	0	8310503	5
324585	0	8480207	2
324585	0	8500120	5
324585	0	8500121	5
324585	0	8500123	5
324585	0	8500124	3
324585	0	8516270	3
324585	0	8706808	0
330975	0	1097857	3
330975	0	1097858	3
330975	0	1097861	3
330975	0	1598185	3
330975	0	1598187	0
330975	0	1598188	0
330975	0	1637261	0
330975	0	2299992	0
330975	0	233944	3
330975	0	233945	0
330975	0	233946	3
330975	0	233947	0
330975	0	233948	0
330975	0	233949	0
330975	0	233950	0
330975	0	233951	3
330975	0	233952	3
330975	0	3240106	0
330975	0	3240112	0
330975	0	3256083	0
330975	0	3256084	3
330975	0	3256086	0
330975	0	3297853	0
330975	0	3297854	0
330975	0	3297855	3
330975	0	3297856	3
330975	0	3297857	3
330975	0	3297858	3
330975	0	3297859	0
330975	0	3297860	0
330975	0	3857964	0
330975	0	3857965	3
330975	0	3857968	0
330975	0	4108178	3
330975	0	4108179	0
330975	0	4108180	0
330975	0	4392140	3
330975	0	4392141	0
330975	0	4392142	0
330975	0	4392144	3
330975	0	4392147	3
330975	0	4408865	3
330975	0	4408867	0
330975	0	4408869	0
330975	0	4620919	3
330975	0	4620920	0
330975	0	4620924	3
330975	0	4695291	0
330975	0	4695292	3
330975	0	4695297	0
330975	0	482126	0
330975	0	482130	3
330975	0	482131	0
330975	0	4896437	0
330975	0	5190215	3
330975	0	5393803	3
330975	0	5393804	3
330975	0	5393805	3
330975	0	5393808	0
330975	0	5427108	3
330975	0	5427109	0
330975	0	5427114	0
330975	0	5557976	3
330975	0	5557977	0
330975	0	5558821	0
330975	0	5558822	0
330975	0	5750875	3
330975	0	5750877	0
330975	0	5750878	0
330975	0	5750880	3
330975	0	5803903	0
330975	0	6009916	0
330975	0	6127421	0
330975	0	6310757	3
330975	0	6310762	3
330975	0	6559223	0
330975	0	6559225	3
330975	0	6625463	0
330975	0	6625466	0
330975	0	6625469	3
330975	0	6625786	0
330975	0	6693239	3
330975	0	6693240	3
330975	0	702096	3
330975	0	702098	0
330975	0	702099	3
330975	0	702102	0
330975	0	702103	0
330975	0	7074783	0
330975	0	7074784	0
330975	0	7074785	3
330975	0	7074787	3
330975	0	7871128	0
330975	0	7871129	0
330975	0	8327008	0
330975	0	8327010	0
330975	0	8327011	0
330975	0	8541455	0
330975	0	8541458	0
330975	0	8541461	3
332593	0	1167184	2
332593	0	1222945	2
332593	0	1443722	2
332593	0	1443723	2
332593	0	1539776	2
332593	0	1650687	2
332593	0	1831357	2
332593	0	1905438	2
332593	0	249844	0
332593	0	3193889	0
332593	0	3193890	0
332593	0	329112	2
332593	0	3336848	1
332593	0	3475387	0
332593	0	3731313	5
332593	0	3731319	1
332593	0	3883458	0
332593	0	4023721	2
332593	0	4023722	2
332593	0	4023725	1
332593	0	4377343	0
332593	0	4431497	2
332593	0	4431498	2
332593	0	4431499	2
332593	0	4431502	2
332593	0	4431504	1
332593	0	45433	2
332593	0	4614346	2
332593	0	4701752	2
332593	0	4946080	0
332593	0	4952093	1
332593	0	4952095	2
332593	0	5014866	1
332593	0	5241320	2
332593	0	5241321	2
332593	0	5241322	5
332593	0	5241323	2
332593	0	5241326	2
332593	0	5241327	2
332593	0	5241328	2
332593	0	5241329	2
332593	0	5257858	1
332593	0	5257859	0
332593	0	5707520	1
332593	0	5750021	1
332593	0	5750023	1
332593	0	5750024	1
332593	0	5750025	1
332593	0	5750026	1
332593	0	6007038	2
332593	0	6007040	1
332593	0	6007041	1
332593	0	6007045	2
332593	0	6007046	0
332593	0	6016986	1
332593	0	6514779	1
332593	0	6514780	2
332593	0	6514781	1
332593	0	6514783	1
332593	0	6528407	1
332593	0	6528411	1
332593	0	6534081	2
332593	0	6534082	1
332593	0	6534084	1
332593	0	6534085	2
332593	0	6534089	2
332593	0	6534090	2
332593	0	6616552	2
332593	0	6765225	2
332593	0	6765227	2
332593	0	7073993	1
332593	0	7073994	2
332593	0	7073995	2
332593	0	7073996	2
332593	0	7073998	2
332593	0	713457	1
332593	0	713460	1
332593	0	7331782	2
332593	0	7331783	1
332593	0	7362660	2
332593	0	8021425	1
332593	0	8091677	2
332593	0	8091678	1
332593	0	8091681	2
332593	0	8434869	2
332593	0	8434870	2
332593	0	8434871	5
332593	0	8434872	1
332593	0	8434873	2
332593	0	8434874	2
332593	0	8688114	1
332593	0	8749227	1
332593	0	8749229	2
332593	0	8749230	2
332593	0	8749231	2
332593	0	931412	1
332593	0	931415	2
332593	0	931417	2
332593	0	948693	0
332593	0	948702	1
336901	0	122860	0
336901	0	1658821	0
336901	0	1658825	0
336901	0	1674353	0
336901	0	1768586	0
336901	0	1869827	0
336901	0	1927503	0
336901	0	1942395	0
336901	0	1942397	0
336901	0	2291851	0
336901	0	2291853	0
336901	0	2291857	0
336901	0	2291859	0
336901	0	2562739	0
336901	0	2589736	5
336901	0	2620378	0
336901	0	2620383	0
336901	0	2722274	0
336901	0	2722283	0
336901	0	2755190	0
336901	0	2853615	0
336901	0	2929232	0
336901	0	3002134	0
336901	0	3004046	0
336901	0	3187469	0
336901	0	3217707	5
336901	0	3330854	5
336901	0	3441181	0
336901	0	3550918	0
336901	0	3587994	5
336901	0	3587995	0
336901	0	3587996	0
336901	0	3624188	0
336901	0	3631609	0
336901	0	3739084	0
336901	0	3753996	0
336901	0	4268010	0
336901	0	4268015	0
336901	0	4340049	0
336901	0	4645983	0
336901	0	4763953	0
336901	0	4763954	0
336901	0	4763957	0
336901	0	4763961	0
336901	0	4789974	0
336901	0	4954233	0
336901	0	5000215	0
336901	0	5000220	0
336901	0	5100469	0
336901	0	5150928	0
336901	0	519896	0
336901	0	5354093	0
336901	0	5354099	0
336901	0	5384135	0
336901	0	5384136	0
336901	0	5384137	0
336901	0	5579766	0
336901	0	560662	0
336901	0	5700405	0
336901	0	6045774	0
336901	0	6066139	0
336901	0	6066140	0
336901	0	6066141	0
336901	0	6066143	0
336901	0	614072	0
336901	0	6174296	0
336901	0	6555430	0
336901	0	6789401	0
336901	0	6988062	0
336901	0	7459686	5
336901	0	7476974	0
336901	0	7476979	0
336901	0	7526931	0
336901	0	7526933	0
336901	0	7819232	0
336901	0	7819234	0
336901	0	7836253	0
336901	0	7836254	0
336901	0	7836255	5
336901	0	7836256	5
336901	0	7836258	5
336901	0	7836259	0
336901	0	7836261	5
336901	0	8130980	5
336901	0	8130986	0
336901	0	8130987	0
336901	0	8225020	0
336901	0	8528674	5
336901	0	8528675	5
336901	0	8528677	5
336901	0	8528678	5
336901	0	8528679	5
336901	0	8528680	5
336901	0	8528681	5
336901	0	8528682	5
336901	0	8611301	0
336901	0	8712881	0
336901	0	8712882	0
336901	0	8740069	5
336901	0	895971	0
390360	0	1024985	0
390360	0	1073855	0
390360	0	1073859	2
390360	0	1139949	2
390360	0	1144945	2
390360	0	121527	0
390360	0	121529	0
390360	0	1262104	0
390360	0	1273110	2
390360	0	1378332	0
390360	0	1378333	5
390360	0	1378337	2
390360	0	1568415	2
390360	0	1643792	2
390360	0	1643798	2
390360	0	1650809	0
390360	0	1686817	2
390360	0	1927068	0
390360	0	1927069	0
390360	0	1936946	0
390360	0	1936950	0
390360	0	1975039	2
390360	0	2044655	0
390360	0	2044656	2
390360	0	2100928	0
390360	0	2100929	0
390360	0	216659	2
390360	0	217537	0
390360	0	217538	0
390360	0	217540	0
390360	0	217541	0
390360	0	2203875	2
390360	0	2203877	2
390360	0	2265711	2
390360	0	2328883	2
390360	0	2419904	5
390360	0	2923934	2
390360	0	3489896	2
390360	0	3489901	0
390360	0	3504561	2
390360	0	3518917	0
390360	0	3518921	0
390360	0	3518924	0
390360	0	3646944	2
390360	0	3786708	0
390360	0	3812754	0
390360	0	3891634	0
390360	0	3983483	2
390360	0	3983484	0
390360	0	3983487	0
390360	0	3988320	0
390360	0	3988321	0
390360	0	4345836	2
390360	0	4506037	0
390360	0	4619216	5
390360	0	4619218	5
390360	0	4658522	0
390360	0	4843994	2
390360	0	4962302	2
390360	0	4962303	2
390360	0	5005531	0
390360	0	5005535	0
390360	0	5005536	0
390360	0	5423359	2
390360	0	5778001	0
390360	0	5778004	0
390360	0	5778006	2
390360	0	601024	5
390360	0	604110	0
390360	0	604111	2
390360	0	604118	2
390360	0	6188335	2
390360	0	6200817	2
390360	0	6359991	0
390360	0	675665	0
390360	0	7098940	2
390360	0	7166011	0
390360	0	7406840	5
390360	0	749106	0
390360	0	7632426	0
390360	0	7632429	2
390360	0	7679050	5
390360	0	7745589	2
390360	0	8009002	5
390360	0	8384881	0
390360	0	844992	2
390360	0	844995	2
390360	0	860971	0
390360	0	8630609	5
390360	0	8630611	5
390360	0	8630612	5
390360	0	8630614	5
390360	0	8630616	2
390360	0	8630617	2
390360	0	8630618	5
390360	0	913763	2
390360	0	962551	0
390360	0	963941	2
390360	0	963943	2
390360	0	963947	2
405163	0	1092361	1
405163	0	1234964	1
405163	0	1352547	1
405163	0	1422055	1
405163	0	1506457	1
405163	0	1567779	1
405163	0	1655999	1
405163	0	1667027	5
405163	0	1718782	1
405163	0	1844775	1
405163	0	1893008	0
405163	0	1893015	0
405163	0	1902861	1
405163	0	1902863	1
405163	0	1902864	0
405163	0	1902866	5
405163	0	1902868	1
405163	0	2055217	1
405163	0	2055218	1
405163	0	2077809	5
405163	0	2407799	1
405163	0	249570	0
405163	0	27987	0
405163	0	2806293	1
405163	0	2806296	1
405163	0	289329	1
405163	0	2902930	1
405163	0	2936336	1
405163	0	295189	5
405163	0	306987	1
405163	0	306992	1
405163	0	3216136	5
405163	0	3421043	0
405163	0	346285	1
405163	0	3600866	5
405163	0	3700383	1
405163	0	3850031	1
405163	0	3850032	1
405163	0	3918981	1
405163	0	3918983	5
405163	0	394399	1
405163	0	394400	1
405163	0	4058115	5
405163	0	4228172	5
405163	0	4232058	1
405163	0	429246	5
405163	0	4359636	1
405163	0	4413113	1
405163	0	451983	1
405163	0	4631848	1
405163	0	4633676	0
405163	0	4633681	1
405163	0	4761345	1
405163	0	4824126	1
405163	0	5089775	5
405163	0	5174690	0
405163	0	5174691	0
405163	0	5214452	5
405163	0	5214456	1
405163	0	5248627	1
405163	0	5514160	1
405163	0	5523884	1
405163	0	5710975	1
405163	0	5710976	1
405163	0	5710977	1
405163	0	5768621	1
405163	0	5909571	5
405163	0	6237400	1
405163	0	6334781	5
405163	0	647594	5
405163	0	6585590	5
405163	0	6613036	1
405163	0	6689927	1
405163	0	6733335	1
405163	0	6781056	1
405163	0	6796624	5
405163	0	6916264	5
405163	0	6945011	5
405163	0	6965575	5
405163	0	7031027	1
405163	0	7044508	1
405163	0	7113739	1
405163	0	72203	0
405163	0	7445944	1
405163	0	7454159	1
405163	0	7507332	1
405163	0	8282533	1
405163	0	834754	5
405163	0	8445975	5
405163	0	8482540	0
405163	0	8482542	0
405163	0	8631598	1
405163	0	8633840	1
405163	0	863570	5
405163	0	8637786	0
405163	0	8666230	1
405163	0	8682163	5
405163	0	8682164	1
405163	0	8707747	5
405163	0	8713688	0
42255	0	1470405	0
42255	0	1601662	0
42255	0	1601667	4
42255	0	1601668	2
42255	0	179531	0
42255	0	179532	4
42255	0	179534	0
42255	0	179535	4
42255	0	182410	4
42255	0	182411	4
42255	0	182412	2
42255	0	2040834	4
42255	0	2229964	2
42255	0	2584026	4
42255	0	2673761	2
42255	0	2673764	4
42255	0	2673765	0
42255	0	2799681	0
42255	0	2799685	0
42255	0	2799687	0
42255	0	2882385	0
42255	0	2882387	0
42255	0	2941420	0
42255	0	3063187	0
42255	0	3063191	2
42255	0	3077466	4
42255	0	3077467	2
42255	0	3077468	4
42255	0	3349781	4
42255	0	3349782	2
42255	0	3349784	2
42255	0	363751	4
42255	0	363752	2
42255	0	3716276	4
42255	0	3716279	2
42255	0	3817242	2
42255	0	3817246	2
42255	0	459262	0
42255	0	461282	0
42255	0	461285	0
42255	0	471838	4
42255	0	499029	2
42255	0	5076181	4
42255	0	5326925	4
42255	0	5326930	0
42255	0	5538135	4
42255	0	5538138	2
42255	0	5656056	0
42255	0	5656058	0
42255	0	5656060	2
42255	0	5783297	4
42255	0	5783300	2
42255	0	5921270	4
42255	0	5997797	4
42255	0	5997799	2
42255	0	6098597	2
42255	0	6098599	4
42255	0	6098600	4
42255	0	6098601	0
42255	0	6120375	2
42255	0	6120376	2
42255	0	6133938	2
42255	0	6157452	0
42255	0	6159641	0
42255	0	6208757	0
42255	0	6261570	2
42255	0	6784918	0
42255	0	6784920	0
42255	0	6784921	0
42255	0	6784924	2
42255	0	6971736	4
42255	0	6971740	4
42255	0	7123386	2
42255	0	732000	2
42255	0	7545797	2
42255	0	7688778	4
42255	0	7688780	0
42255	0	8012296	4
42255	0	8070166	4
42255	0	8286390	2
42255	0	8286391	2
42255	0	8286392	4
42255	0	8328839	2
42255	0	8328843	4
42255	0	8372968	5
42255	0	857475	2
42255	0	857478	2
42255	0	857479	2
42255	0	857481	2
42255	0	8586796	0
42255	0	8720118	4
42255	0	8720119	2
42255	0	8746188	5
42255	0	8746189	5
42255	0	8746190	2
42255	0	8746191	4
42255	0	8746192	2
42255	0	8746194	4
42255	0	8746197	5
42255	0	938661	4
47210	0	1156867	1
47210	0	1560501	1
47210	0	1764823	0
47210	0	2042918	4
47210	0	2042919	0
47210	0	2042920	4
47210	0	2042921	0
47210	0	2042922	1
47210	0	2042923	1
47210	0	2131773	0
47210	0	2338383	1
47210	0	2338385	4
47210	0	2338386	1
47210	0	2545998	4
47210	0	2546001	4
47210	0	2546002	4
47210	0	2546004	1
47210	0	2546005	4
47210	0	2546007	4
47210	0	2566994	1
47210	0	2566998	1
47210	0	2769575	0
47210	0	3107294	1
47210	0	3107295	1
47210	0	3304358	4
47210	0	3304359	4
47210	0	3304361	1
47210	0	3304362	1
47210	0	3757931	4
47210	0	3858013	1
47210	0	4007103	1
47210	0	4007104	4
47210	0	4007105	1
47210	0	4007106	1
47210	0	4007107	1
47210	0	4007109	1
47210	0	4748992	0
47210	0	4748993	0
47210	0	4748994	1
47210	0	4748997	1
47210	0	4766143	0
47210	0	5207323	1
47210	0	5207326	4
47210	0	5207328	4
47210	0	5207329	4
47210	0	5301399	0
47210	0	5301400	0
47210	0	5301402	1
47210	0	5301403	1
47210	0	5301404	4
47210	0	5301406	4
47210	0	5497274	0
47210	0	5497278	1
47210	0	5550873	1
47210	0	5550874	1
47210	0	5642104	4
47210	0	5642107	4
47210	0	5691600	4
47210	0	5698323	1
47210	0	5698326	0
47210	0	5698328	1
47210	0	5736870	1
47210	0	5787609	1
47210	0	5787617	1
47210	0	6168273	4
47210	0	6168275	1
47210	0	6168276	4
47210	0	6168277	1
47210	0	6168279	1
47210	0	6168516	1
47210	0	6168517	1
47210	0	6168519	1
47210	0	6180503	1
47210	0	6180504	4
47210	0	6180505	1
47210	0	6180506	1
47210	0	6180507	1
47210	0	6330615	1
47210	0	6502207	1
47210	0	6502208	4
47210	0	6879333	0
47210	0	6886411	0
47210	0	6990781	1
47210	0	7067451	1
47210	0	7067453	4
47210	0	7367872	4
47210	0	7367873	1
47210	0	7367874	0
47210	0	7509248	4
47210	0	7509249	4
47210	0	7509251	1
47210	0	7509252	4
47210	0	7562282	1
47210	0	8241222	0
47210	0	8261977	1
47210	0	8261978	1
47210	0	8261979	1
47210	0	8339175	0
47210	0	8646329	1
47210	0	8646331	1
555530	0	1114212	0
555530	0	1114213	1
555530	0	1114218	1
555530	0	1409669	0
555530	0	1416941	1
555530	0	1447386	1
555530	0	1536620	1
555530	0	1536621	1
555530	0	1754575	1
555530	0	1754577	1
555530	0	1754578	0
555530	0	1754579	1
555530	0	1754582	1
555530	0	1754584	1
555530	0	1807676	1
555530	0	1897713	1
555530	0	1897716	1
555530	0	1897718	1
555530	0	2217431	1
555530	0	2617021	1
555530	0	275794	1
555530	0	2805520	1
555530	0	2906191	1
555530	0	2906192	1
555530	0	2978164	1
555530	0	2978171	1
555530	0	3339633	0
555530	0	338636	1
555530	0	3473125	1
555530	0	3473131	1
555530	0	3559167	0
555530	0	3559168	0
555530	0	3651807	0
555530	0	3703992	1
555530	0	3717577	1
555530	0	3717578	1
555530	0	3717582	1
555530	0	4071550	1
555530	0	4071881	1
555530	0	4137963	0
555530	0	4137964	1
555530	0	4137965	1
555530	0	4238674	1
555530	0	424014	1
555530	0	4240158	1
555530	0	424021	1
555530	0	448525	1
555530	0	4668014	0
555530	0	474538	1
555530	0	474544	1
555530	0	480988	1
555530	0	5090232	1
555530	0	5090891	1
555530	0	5641154	1
555530	0	5753585	1
555530	0	5846397	1
555530	0	5846399	1
555530	0	5846405	1
555530	0	5959543	0
555530	0	5959544	1
555530	0	6017929	0
555530	0	6078221	1
555530	0	6078223	0
555530	0	6078228	1
555530	0	6168650	0
555530	0	6221470	1
555530	0	6225332	1
555530	0	6434718	1
555530	0	6434719	1
555530	0	6449364	1
555530	0	6450951	1
555530	0	6450953	1
555530	0	6485976	1
555530	0	668364	0
555530	0	668366	1
555530	0	6913116	1
555530	0	6936082	1
555530	0	6990474	1
555530	0	7154973	1
555530	0	7179784	1
555530	0	7179789	1
555530	0	7179791	1
555530	0	7232504	1
555530	0	7232505	1
555530	0	7339147	1
555530	0	7349580	1
555530	0	7419503	1
555530	0	7475084	1
555530	0	7606337	1
555530	0	7606341	1
555530	0	7675309	0
555530	0	7766457	1
555530	0	7766465	1
555530	0	8097532	1
555530	0	8398334	0
555530	0	8461277	1
555530	0	8637526	1
555530	0	8801020	1
555530	0	910809	0
555530	0	976267	0
583468	0	119352	2
583468	0	119353	0
583468	0	119354	2
583468	0	119358	2
583468	0	119359	2
583468	0	1546128	2
583468	0	1546134	2
583468	0	1675561	2
583468	0	1675562	2
583468	0	1675563	1
583468	0	1675564	2
583468	0	1675566	2
583468	0	1675568	0
583468	0	2080306	1
583468	0	2080313	1
583468	0	2267047	0
583468	0	2267048	2
583468	0	2267049	2
583468	0	2267050	1
583468	0	2267051	2
583468	0	2267052	2
583468	0	2267054	2
583468	0	2267055	1
583468	0	3466605	1
583468	0	3466607	2
583468	0	3466609	1
583468	0	3466610	2
583468	0	3929226	0
583468	0	4118564	0
583468	0	424310	2
583468	0	5581453	0
583468	0	5623829	1
583468	0	5623832	0
583468	0	5623837	0
583468	0	5623838	0
583468	0	5747978	1
583468	0	5747984	1
583468	0	6286920	2
583468	0	6286922	2
583468	0	6286923	2
583468	0	6286925	2
583468	0	6578660	2
583468	0	6654304	1
583468	0	6654305	1
583468	0	6654306	1
583468	0	6654310	1
583468	0	7203294	0
583468	0	7450717	2
583468	0	7450718	2
583468	0	7450719	2
583468	0	7450722	0
583468	0	7450725	2
583468	0	7465954	1
583468	0	7465955	2
583468	0	7465956	1
583468	0	7465957	1
583468	0	7465959	0
583468	0	7491697	2
583468	0	7491698	2
583468	0	7491699	2
583468	0	7491700	2
583468	0	7491701	2
583468	0	7491702	1
583468	0	7491704	2
583468	0	7491705	2
583468	0	7706119	2
583468	0	7706120	2
583468	0	7706121	0
583468	0	7706122	2
583468	0	7706123	1
583468	0	7744346	2
583468	0	7744347	2
583468	0	7744348	2
583468	0	7744349	2
583468	0	7744350	2
583468	0	7744351	2
583468	0	8144444	2
583468	0	8144445	2
583468	0	8144446	1
583468	0	8144447	1
583468	0	8144448	2
583468	0	8144450	1
583468	0	8144451	2
583468	0	8326076	0
583468	0	8326077	2
583468	0	8326078	1
583468	0	8326080	2
583468	0	8395838	1
583468	0	8395839	1
583468	0	8395840	2
583468	0	8395841	1
583468	0	8395842	1
583468	0	8395843	2
583468	0	8395844	1
583468	0	8395845	2
583468	0	914662	2
583468	0	914665	2
583468	0	914666	2
583468	0	914667	0
583468	0	914668	2
640502	0	1034851	4
640502	0	1091795	4
640502	0	1186738	4
640502	0	1226398	1
640502	0	1226400	1
640502	0	1226403	1
640502	0	1449254	4
640502	0	1754997	4
640502	0	1775681	1
640502	0	1775688	1
640502	0	1775690	1
640502	0	1775697	4
640502	0	1854584	1
640502	0	1854588	4
640502	0	1861071	1
640502	0	1861076	1
640502	0	1957246	0
640502	0	1957247	4
640502	0	1957252	4
640502	0	2096762	4
640502	0	2096764	1
640502	0	2146068	1
640502	0	2442847	4
640502	0	2445381	1
640502	0	2526910	1
640502	0	2701130	1
640502	0	275138	1
640502	0	2808576	1
640502	0	297619	1
640502	0	300924	1
640502	0	3242632	1
640502	0	3242633	1
640502	0	3263512	1
640502	0	3263515	1
640502	0	3263516	4
640502	0	3282190	1
640502	0	3282193	1
640502	0	3423600	1
640502	0	3432051	0
640502	0	3483496	1
640502	0	3551380	1
640502	0	3554994	1
640502	0	3580218	1
640502	0	3580219	1
640502	0	3580224	0
640502	0	3992434	4
640502	0	4088606	4
640502	0	409320	1
640502	0	4132983	4
640502	0	418507	1
640502	0	418508	4
640502	0	4261742	4
640502	0	4778464	4
640502	0	4814628	0
640502	0	4888711	1
640502	0	4888716	0
640502	0	4998514	4
640502	0	5073872	4
640502	0	5150990	4
640502	0	5468145	1
640502	0	5539487	4
640502	0	5641149	4
640502	0	5827713	1
640502	0	5903335	1
640502	0	598202	4
640502	0	598204	1
640502	0	6107937	1
640502	0	6146400	4
640502	0	6497380	1
640502	0	6497387	0
640502	0	6497388	1
640502	0	6679958	4
640502	0	6702955	1
640502	0	6730883	1
640502	0	6730884	4
640502	0	6730885	1
640502	0	6730886	1
640502	0	6730887	4
640502	0	683499	0
640502	0	6985038	4
640502	0	7000432	4
640502	0	7109037	4
640502	0	7160372	1
640502	0	7456406	4
640502	0	7527423	1
640502	0	7539728	1
640502	0	7540167	4
640502	0	7626908	1
640502	0	7849742	1
640502	0	8178630	4
640502	0	8405337	0
640502	0	8412227	4
640502	0	8412229	4
640502	0	8451474	1
640502	0	8462353	1
640502	0	8530024	0
640502	0	8612389	4
640502	0	8659176	0
640502	0	895832	0
640502	0	941128	1
67316	0	1218759	2
67316	0	1325092	2
67316	0	1401789	4
67316	0	1408563	2
67316	0	1408570	2
67316	0	1877892	0
67316	0	1887017	0
67316	0	1974375	2
67316	0	209702	4
67316	0	209704	4
67316	0	209706	4
67316	0	2254163	0
67316	0	2268657	4
67316	0	2292554	2
67316	0	2365991	2
67316	0	2365997	2
67316	0	2550864	0
67316	0	2697961	0
67316	0	2930654	4
67316	0	2930655	4
67316	0	2930660	5
67316	0	2930661	4
67316	0	3042632	0
67316	0	308680	2
67316	0	308681	2
67316	0	3224557	0
67316	0	3250707	4
67316	0	3252049	0
67316	0	3393479	4
67316	0	3481250	2
67316	0	3557361	0
67316	0	3638861	2
67316	0	3679358	2
67316	0	3942287	4
67316	0	4163705	2
67316	0	4180169	2
67316	0	4360613	0
67316	0	44013	2
67316	0	44015	2
67316	0	4437598	0
67316	0	4437599	2
67316	0	4654271	0
67316	0	4789318	4
67316	0	4789322	4
67316	0	479887	0
67316	0	479894	2
67316	0	4890192	0
67316	0	4890195	0
67316	0	5029988	2
67316	0	5230287	2
67316	0	5252008	2
67316	0	5252012	2
67316	0	529227	2
67316	0	5695909	2
67316	0	5756237	0
67316	0	6091469	2
67316	0	6221796	0
67316	0	6281477	0
67316	0	6387611	4
67316	0	6422015	0
67316	0	6507744	2
67316	0	6509337	2
67316	0	6607539	0
67316	0	6607540	2
67316	0	6607541	2
67316	0	6607542	4
67316	0	6607546	2
67316	0	6680964	5
67316	0	6680965	2
67316	0	6680966	4
67316	0	6680967	2
67316	0	6680968	2
67316	0	6764671	4
67316	0	6764674	4
67316	0	6905735	2
67316	0	6926001	2
67316	0	699797	2
67316	0	7051373	0
67316	0	708462	0
67316	0	7114279	4
67316	0	720065	2
67316	0	7348851	5
67316	0	7397551	0
67316	0	7418431	4
67316	0	7418432	4
67316	0	7418437	4
67316	0	7418438	4
67316	0	7519026	0
67316	0	7559407	2
67316	0	800359	5
67316	0	8003840	2
67316	0	8174900	0
67316	0	8200130	2
67316	0	8246599	0
67316	0	8308297	4
67316	0	8312258	5
67316	0	8312265	4
67316	0	8377582	4
67316	0	8534317	2
67316	0	8821911	2
673670	0	1282792	4
673670	0	1282794	4
673670	0	1342539	1
673670	0	1403193	4
673670	0	1454199	1
673670	0	1511459	4
673670	0	1531310	1
673670	0	1558777	1
673670	0	1705886	2
673670	0	1832686	1
673670	0	1875851	1
673670	0	1875855	1
673670	0	1875858	1
673670	0	1954736	2
673670	0	1954745	2
673670	0	2003791	2
673670	0	2240350	2
673670	0	2240354	4
673670	0	2240356	2
673670	0	2240357	2
673670	0	2269043	1
673670	0	2445197	0
673670	0	2445198	0
673670	0	2478998	2
673670	0	2479000	4
673670	0	2601904	2
673670	0	3154039	1
673670	0	3154040	1
673670	0	3253291	2
673670	0	3296853	4
673670	0	3345263	2
673670	0	3345266	2
673670	0	334627	1
673670	0	3423310	0
673670	0	3491798	0
673670	0	3550031	4
673670	0	3592286	4
673670	0	3607495	4
673670	0	3607497	2
673670	0	3607500	4
673670	0	387909	1
673670	0	4013566	4
673670	0	4013569	2
673670	0	4013572	4
673670	0	4131485	4
673670	0	4333481	1
673670	0	4867206	2
673670	0	5254909	1
673670	0	5254912	0
673670	0	5998205	1
673670	0	6011549	0
673670	0	6011551	1
673670	0	6011554	0
673670	0	6084748	2
673670	0	6616754	0
673670	0	6616755	0
673670	0	6616758	2
673670	0	6842557	1
673670	0	6842558	1
673670	0	6989198	4
673670	0	7017048	1
673670	0	7017054	1
673670	0	7182356	0
673670	0	7182359	2
673670	0	7182361	1
673670	0	7257304	4
673670	0	7257305	1
673670	0	7257306	4
673670	0	73554	1
673670	0	7412700	1
673670	0	7465166	1
673670	0	7567397	1
673670	0	7587952	2
673670	0	761712	4
673670	0	7840018	4
673670	0	7961418	1
673670	0	800861	1
673670	0	8093987	1
673670	0	8105731	1
673670	0	8105860	0
673670	0	8105864	1
673670	0	8238864	1
673670	0	824934	2
673670	0	8495250	4
673670	0	8524263	4
673670	0	8524270	1
673670	0	8632357	4
673670	0	8632359	4
673670	0	8632360	4
673670	0	8632362	4
673670	0	8632363	2
673670	0	8632364	4
673670	0	8632365	2
673670	0	867197	2
673670	0	8735643	4
673670	0	8757348	1
673670	0	8773078	2
673670	0	8773081	1
673670	0	909035	1
673670	0	909044	0
701453	0	100342	0
701453	0	1125916	2
701453	0	1389025	2
701453	0	1394243	0
701453	0	1503748	0
701453	0	1667623	0
701453	0	1699264	2
701453	0	1813606	2
701453	0	1926979	0
701453	0	1926980	0
701453	0	1926984	0
701453	0	2017215	0
701453	0	2036076	5
701453	0	2163064	0
701453	0	2163068	0
701453	0	2610149	2
701453	0	2610155	2
701453	0	265736	0
701453	0	265737	0
701453	0	265738	0
701453	0	265741	0
701453	0	265743	0
701453	0	280117	0
701453	0	280119	2
701453	0	3097694	2
701453	0	3182033	0
701453	0	3394978	0
701453	0	3783935	2
701453	0	388378	0
701453	0	388381	0
701453	0	388384	0
701453	0	4027002	0
701453	0	406423	0
701453	0	406424	0
701453	0	410016	2
701453	0	4330671	5
701453	0	4330672	2
701453	0	4330673	2
701453	0	4330675	2
701453	0	4330676	5
701453	0	4330677	2
701453	0	4330679	5
701453	0	4330680	5
701453	0	4355643	2
701453	0	4355645	5
701453	0	4355647	5
701453	0	4355649	5
701453	0	4355652	5
701453	0	4440685	2
701453	0	4748213	0
701453	0	4748219	0
701453	0	4832975	2
701453	0	5008056	2
701453	0	5521743	2
701453	0	5574758	2
701453	0	5732822	0
701453	0	5732823	2
701453	0	5923931	0
701453	0	5923935	0
701453	0	5923938	0
701453	0	5923939	2
701453	0	606130	2
701453	0	6229727	0
701453	0	6229728	0
701453	0	6289231	2
701453	0	6709811	0
701453	0	685120	0
701453	0	685121	0
701453	0	688613	2
701453	0	688614	5
701453	0	688615	5
701453	0	688618	5
701453	0	6927982	0
701453	0	6927983	0
701453	0	6927984	2
701453	0	6999084	0
701453	0	6999087	0
701453	0	6999089	2
701453	0	6999090	0
701453	0	6999093	0
701453	0	7141807	0
701453	0	7259848	2
701453	0	7333087	2
701453	0	7428827	0
701453	0	7428830	0
701453	0	7494104	2
701453	0	7806569	2
701453	0	781518	2
701453	0	8402346	2
701453	0	8402350	2
701453	0	8564501	0
701453	0	8564503	0
701453	0	8626140	2
701453	0	8626142	5
701453	0	8626143	2
701453	0	8626145	2
701453	0	8634865	2
701453	0	8694414	0
701453	0	8775158	2
701453	0	928339	0
730539	0	1105515	0
730539	0	1105520	1
730539	0	12804	1
730539	0	1625665	4
730539	0	1625667	4
730539	0	1625670	4
730539	0	1625673	4
730539	0	1625674	4
730539	0	1965747	1
730539	0	2147968	4
730539	0	239231	4
730539	0	2574019	1
730539	0	2574020	4
730539	0	2666436	4
730539	0	2666437	4
730539	0	2666438	1
730539	0	2666443	4
730539	0	2666444	5
730539	0	2925721	0
730539	0	3303728	1
730539	0	3303730	4
730539	0	3320012	4
730539	0	3383670	1
730539	0	3383673	1
730539	0	3476824	4
730539	0	3481301	1
730539	0	3699059	1
730539	0	3699066	4
730539	0	3867115	1
730539	0	3867117	1
730539	0	3867118	4
730539	0	3867121	1
730539	0	3870063	1
730539	0	402967	0
730539	0	402968	1
730539	0	402972	0
730539	0	437274	1
730539	0	437275	1
730539	0	437276	4
730539	0	437283	0
730539	0	4400410	1
730539	0	4400412	1
730539	0	4501513	1
730539	0	4539973	1
730539	0	4539974	4
730539	0	4539978	4
730539	0	4568476	1
730539	0	4605022	5
730539	0	4716876	1
730539	0	4716877	0
730539	0	4726812	1
730539	0	4870095	1
730539	0	4870096	1
730539	0	5015482	4
730539	0	5201655	0
730539	0	5201657	1
730539	0	5402962	1
730539	0	5428552	4
730539	0	5452882	4
730539	0	5452883	0
730539	0	5452884	1
730539	0	5460046	0
730539	0	6105418	0
730539	0	6211808	1
730539	0	6211809	0
730539	0	6211810	1
730539	0	6211811	1
730539	0	6211814	1
730539	0	6844905	0
730539	0	6844909	0
730539	0	6844910	0
730539	0	6844914	0
730539	0	6888514	4
730539	0	691044	0
730539	0	7129068	1
730539	0	7463749	0
730539	0	7916064	5
730539	0	7941091	1
730539	0	8045257	1
730539	0	8160473	0
730539	0	8276217	4
730539	0	8276218	5
730539	0	8276219	4
730539	0	8276221	4
730539	0	8276222	4
730539	0	8276223	4
730539	0	8276225	4
730539	0	8327957	4
730539	0	8413907	0
730539	0	8413912	1
730539	0	8413914	4
730539	0	8505684	0
730539	0	8577877	5
730539	0	8577878	4
730539	0	8577879	4
730539	0	8577880	4
730539	0	8577882	4
730539	0	8709724	1
730539	0	8794225	1
730539	0	8794229	1
768208	0	1022765	4
768208	0	1071995	0
768208	0	1129207	0
768208	0	138103	0
768208	0	1438239	0
768208	0	1458052	0
768208	0	1529971	0
768208	0	1542618	0
768208	0	1759527	0
768208	0	2149240	0
768208	0	2149245	0
768208	0	2201541	0
768208	0	240434	0
768208	0	240435	4
768208	0	240436	4
768208	0	240439	0
768208	0	240441	4
768208	0	2446637	0
768208	0	2599956	0
768208	0	2666879	0
768208	0	2741691	4
768208	0	2741692	0
768208	0	2968696	0
768208	0	2988811	0
768208	0	3171396	0
768208	0	3171399	0
768208	0	3184514	4
768208	0	3267287	0
768208	0	3413844	0
768208	0	3413846	0
768208	0	3515882	5
768208	0	3515884	5
768208	0	3549177	0
768208	0	3624631	0
768208	0	3624635	0
768208	0	3709208	0
768208	0	3710761	0
768208	0	3710762	4
768208	0	3710763	0
768208	0	3710766	0
768208	0	3763456	4
768208	0	3856825	0
768208	0	3856827	0
768208	0	3856832	4
768208	0	4047417	0
768208	0	4193544	0
768208	0	4213915	0
768208	0	4291279	0
768208	0	433614	0
768208	0	4531215	0
768208	0	4531216	0
768208	0	4531220	0
768208	0	4564553	0
768208	0	4599613	0
768208	0	4637743	0
768208	0	4637749	0
768208	0	4687976	0
768208	0	4714624	0
768208	0	4815333	0
768208	0	4833662	4
768208	0	5177591	0
768208	0	52154	5
768208	0	52155	5
768208	0	52157	5
768208	0	52158	5
768208	0	52159	5
768208	0	52160	5
768208	0	52161	5
768208	0	52162	5
768208	0	52163	5
768208	0	5228428	0
768208	0	5260117	0
768208	0	5260119	4
768208	0	5309145	0
768208	0	5353430	0
768208	0	5630685	0
768208	0	5756345	0
768208	0	5756348	0
768208	0	6060116	0
768208	0	6190433	0
768208	0	6236571	0
768208	0	6236576	0
768208	0	6288576	0
768208	0	6409417	0
768208	0	6450936	0
768208	0	6569320	4
768208	0	6569321	4
768208	0	6569322	0
768208	0	6730055	0
768208	0	6763014	0
768208	0	682714	0
768208	0	6846418	0
768208	0	6944794	4
768208	0	7942501	0
768208	0	813102	5
768208	0	8222548	0
768208	0	8525681	5
768208	0	8525683	5
768208	0	8550526	0
768208	0	8670315	5
877809	0	1030811	0
877809	0	1030813	2
877809	0	1030818	0
877809	0	1050327	5
877809	0	1208595	2
877809	0	1208598	2
877809	0	1335170	5
877809	0	1420115	2
877809	0	1550610	5
877809	0	1550611	2
877809	0	1550612	2
877809	0	1550613	5
877809	0	1550616	2
877809	0	1550619	2
877809	0	1821652	0
877809	0	1830189	2
877809	0	1856108	0
877809	0	1939815	2
877809	0	1939819	0
877809	0	2213765	2
877809	0	2515032	5
877809	0	2515036	2
877809	0	2781468	2
877809	0	3248714	2
877809	0	3248719	0
877809	0	3328098	2
877809	0	3328099	2
877809	0	3328100	2
877809	0	3328103	0
877809	0	35106	2
877809	0	35107	2
877809	0	35108	2
877809	0	35109	5
877809	0	35110	2
877809	0	35111	2
877809	0	35112	2
877809	0	35113	2
877809	0	35114	2
877809	0	35115	2
877809	0	3553710	0
877809	0	379134	0
877809	0	3879161	2
877809	0	3879167	2
877809	0	3914626	0
877809	0	3914629	0
877809	0	3982282	0
877809	0	4402455	2
877809	0	4534156	2
877809	0	4534157	0
877809	0	4534158	0
877809	0	4534161	0
877809	0	4635482	2
877809	0	4879503	2
877809	0	4888926	5
877809	0	4888929	5
877809	0	4888931	0
877809	0	4888932	2
877809	0	5037393	0
877809	0	5092506	0
877809	0	5092507	0
877809	0	51732	0
877809	0	5341527	0
877809	0	5411988	0
877809	0	5695320	2
877809	0	5697591	2
877809	0	5758391	2
877809	0	5758393	2
877809	0	5758394	2
877809	0	5758395	2
877809	0	5758396	2
877809	0	5758399	2
877809	0	5850349	2
877809	0	5940393	2
877809	0	5940394	2
877809	0	6021521	0
877809	0	6021523	2
877809	0	6021528	0
877809	0	6269999	2
877809	0	6306988	2
877809	0	658471	0
877809	0	6680909	2
877809	0	6704838	2
877809	0	6704845	0
877809	0	6942008	0
877809	0	7040017	2
877809	0	7050366	5
877809	0	7346771	2
877809	0	7380092	0
877809	0	7380100	2
877809	0	7714171	2
877809	0	788181	2
877809	0	7906970	2
877809	0	7952694	2
877809	0	8156089	0
877809	0	8165590	2
877809	0	8290072	0
877809	0	8517491	0
877809	0	8578390	0
877809	0	8659718	2
877809	0	8703650	0
911232	0	1035664	0
911232	0	1307489	0
911232	0	1331445	0
911232	0	1354932	0
911232	0	1772634	0
911232	0	1879470	4
911232	0	1879471	4
911232	0	1879472	4
911232	0	1879474	4
911232	0	1879475	4
911232	0	2072150	0
911232	0	2151657	0
911232	0	2219822	0
911232	0	2260823	0
911232	0	2296894	0
911232	0	258825	0
911232	0	258832	0
911232	0	2655221	0
911232	0	2856885	0
911232	0	2861555	0
911232	0	2878331	0
911232	0	2920891	0
911232	0	2923649	0
911232	0	2999924	4
911232	0	2999925	5
911232	0	2999927	5
911232	0	2999928	4
911232	0	2999929	4
911232	0	2999930	4
911232	0	2999932	4
911232	0	2999933	4
911232	0	3036446	0
911232	0	3143225	4
911232	0	3321151	0
911232	0	3336133	0
911232	0	3450009	0
911232	0	3450010	0
911232	0	3450011	0
911232	0	3450014	0
911232	0	3599952	0
911232	0	3646938	0
911232	0	3697394	0
911232	0	3890812	0
911232	0	4100712	0
911232	0	4163779	0
911232	0	4182458	0
911232	0	4204231	0
911232	0	4238478	0
911232	0	4238479	4
911232	0	4295271	0
911232	0	4446820	0
911232	0	4657020	0
911232	0	4967291	4
911232	0	4967294	4
911232	0	4967296	0
911232	0	4967298	0
911232	0	4967299	5
911232	0	5013056	0
911232	0	5175765	0
911232	0	6069293	0
911232	0	6069297	0
911232	0	6407778	0
911232	0	6430847	0
911232	0	6665302	0
911232	0	6732189	0
911232	0	6863348	4
911232	0	68773	0
911232	0	6928649	5
911232	0	6928653	5
911232	0	6928655	5
911232	0	7279109	0
911232	0	7288278	0
911232	0	7391487	0
911232	0	7408380	0
911232	0	7436234	0
911232	0	7504623	0
911232	0	7630990	0
911232	0	7715384	0
911232	0	7726720	0
911232	0	7783893	4
911232	0	7910530	0
911232	0	7953925	4
911232	0	7958779	0
911232	0	8027887	0
911232	0	8198321	0
911232	0	8228297	0
911232	0	8484172	0
911232	0	8484177	0
911232	0	8534943	5
911232	0	8572788	0
911232	0	8633435	0
911232	0	8668083	0
911232	0	8757785	0
911232	0	8816617	4
911232	0	8816618	4
911232	0	8816620	5
911232	0	8816621	4
911232	0	8816622	5
911232	0	8816625	4
911232	0	8816626	4
914916	0	1027218	0
914916	0	1183902	0
914916	0	1183903	0
914916	0	1183904	0
914916	0	1183905	0
914916	0	1183908	0
914916	0	1362718	0
914916	0	1444921	0
914916	0	1501494	0
914916	0	1545740	5
914916	0	1545741	0
914916	0	1545742	0
914916	0	1545743	0
914916	0	1593795	0
914916	0	1701421	0
914916	0	1918908	0
914916	0	2020133	0
914916	0	2020137	0
914916	0	2338697	0
914916	0	2463787	0
914916	0	2693900	0
914916	0	2754113	0
914916	0	2989234	5
914916	0	2989239	0
914916	0	3000228	0
914916	0	3057739	0
914916	0	3170839	0
914916	0	3170857	0
914916	0	3253278	0
914916	0	3253279	0
914916	0	3375845	0
914916	0	352992	0
914916	0	3530681	0
914916	0	3530685	0
914916	0	3535610	0
914916	0	3594677	0
914916	0	3722758	0
914916	0	3763841	0
914916	0	3949623	0
914916	0	4023897	0
914916	0	4425458	0
914916	0	4482574	0
914916	0	4482575	0
914916	0	4482576	0
914916	0	4571857	0
914916	0	4840522	0
914916	0	4840523	0
914916	0	4854255	0
914916	0	4884201	0
914916	0	4955073	0
914916	0	5039691	0
914916	0	5061651	0
914916	0	5122808	0
914916	0	5284607	0
914916	0	5363819	0
914916	0	5363820	0
914916	0	5363821	0
914916	0	5380647	0
914916	0	5380648	0
914916	0	5380650	5
914916	0	5681257	0
914916	0	5681262	0
914916	0	5730352	0
914916	0	5730355	0
914916	0	5730356	0
914916	0	5730357	5
914916	0	5784911	0
914916	0	585413	0
914916	0	5945849	0
914916	0	6282187	0
914916	0	6613406	0
914916	0	6613409	0
914916	0	6613410	0
914916	0	6818272	0
914916	0	6947198	0
914916	0	7081901	0
914916	0	7081903	0
914916	0	7240123	0
914916	0	7240126	0
914916	0	7407146	0
914916	0	7747312	0
914916	0	7747316	0
914916	0	7747317	0
914916	0	7798476	0
914916	0	7798478	0
914916	0	7798479	0
914916	0	7798480	0
914916	0	8027657	0
914916	0	8212446	0
914916	0	8404588	0
914916	0	8481900	0
914916	0	8563840	0
914916	0	8689503	5
914916	0	8772516	0
914916	0	8772517	5
914916	0	8772518	0
914916	0	8772520	0
914916	0	8772521	0
914916	0	8772525	0
914916	0	920037	0
938400	0	1246779	4
938400	0	1571994	0
938400	0	1842931	0
938400	0	1983233	0
938400	0	2009152	1
938400	0	2009157	1
938400	0	2484350	1
938400	0	2532047	4
938400	0	2532049	5
938400	0	2532053	1
938400	0	2532054	1
938400	0	2709065	1
938400	0	2709066	1
938400	0	2709068	1
938400	0	2870509	4
938400	0	2870513	1
938400	0	2870514	5
938400	0	2887524	0
938400	0	2887528	0
938400	0	294548	1
938400	0	294551	1
938400	0	2958099	1
938400	0	2958100	4
938400	0	2958103	1
938400	0	2958104	0
938400	0	2958107	5
938400	0	2958108	0
938400	0	2962204	1
938400	0	2962206	1
938400	0	2962208	5
938400	0	2962209	4
938400	0	3074065	0
938400	0	3074956	0
938400	0	3088746	5
938400	0	3088747	5
938400	0	3088748	5
938400	0	3088750	1
938400	0	3088751	1
938400	0	3088752	1
938400	0	3088753	1
938400	0	3088754	1
938400	0	3088755	1
938400	0	3353757	4
938400	0	3353758	4
938400	0	3353759	4
938400	0	3353761	4
938400	0	3353762	5
938400	0	3353763	4
938400	0	3820289	4
938400	0	3820293	4
938400	0	3872763	0
938400	0	3914689	1
938400	0	4207807	4
938400	0	4611417	0
938400	0	47281	4
938400	0	47282	1
938400	0	47283	1
938400	0	47287	4
938400	0	47289	4
938400	0	47290	4
938400	0	492658	1
938400	0	4956057	5
938400	0	4956060	1
938400	0	4956064	5
938400	0	4956065	1
938400	0	5061328	1
938400	0	5154745	0
938400	0	5154746	0
938400	0	5154750	0
938400	0	5418290	0
938400	0	5833738	1
938400	0	5833739	1
938400	0	6088913	0
938400	0	6088914	1
938400	0	6499448	1
938400	0	6769078	1
938400	0	7004406	5
938400	0	7004409	1
938400	0	7004412	0
938400	0	7239122	1
938400	0	7239123	1
938400	0	7239126	1
938400	0	7239127	1
938400	0	7239128	1
938400	0	7313619	1
938400	0	7313620	4
938400	0	7313621	4
938400	0	7313622	1
938400	0	7313624	4
938400	0	7313626	5
938400	0	7396872	1
938400	0	7528255	1
938400	0	7591482	0
938400	0	790225	1
938400	0	790226	1
938400	0	8309430	1
938400	0	8309435	1
938400	0	8309436	4
938400	0	8678068	1
938400	0	8678070	1
940547	0	1335718	1
940547	0	1383750	1
940547	0	1493024	1
940547	0	2231654	0
940547	0	2425540	0
940547	0	2613393	1
940547	0	2667345	1
940547	0	2667347	5
940547	0	2667350	1
940547	0	2667353	1
940547	0	2699754	1
940547	0	2729630	1
940547	0	2814756	5
940547	0	3167333	1
940547	0	3443058	0
940547	0	3558980	0
940547	0	3624263	1
940547	0	3663067	0
940547	0	3706454	1
940547	0	3706456	5
940547	0	3706457	1
940547	0	3899964	1
940547	0	4242488	0
940547	0	4664997	1
940547	0	4664999	1
940547	0	4665000	1
940547	0	4665002	0
940547	0	4696636	1
940547	0	4696637	1
940547	0	4696640	5
940547	0	4696641	1
940547	0	4715069	0
940547	0	4787647	0
940547	0	4800886	1
940547	0	4800890	1
940547	0	4800891	1
940547	0	506000	1
940547	0	506006	1
940547	0	5072883	0
940547	0	5096774	1
940547	0	5118370	1
940547	0	5118372	1
940547	0	5118373	5
940547	0	5118376	1
940547	0	5118377	1
940547	0	5118378	1
940547	0	5270011	0
940547	0	5270019	1
940547	0	5300651	1
940547	0	5300654	1
940547	0	5368337	1
940547	0	5578993	1
940547	0	5831702	1
940547	0	5831703	5
940547	0	5831704	1
940547	0	5831706	1
940547	0	5831707	1
940547	0	5831708	1
940547	0	5831709	1
940547	0	5831711	5
940547	0	61062	1
940547	0	61065	1
940547	0	61068	5
940547	0	61070	1
940547	0	61071	5
940547	0	6285918	1
940547	0	6782540	0
940547	0	6782541	1
940547	0	6782542	1
940547	0	6782543	1
940547	0	6948118	1
940547	0	6980862	0
940547	0	7259153	1
940547	0	7259157	5
940547	0	7280582	1
940547	0	7280584	1
940547	0	7280585	1
940547	0	7282174	1
940547	0	7282176	1
940547	0	7282177	1
940547	0	7282178	1
940547	0	7678629	1
940547	0	7951561	1
940547	0	8082227	1
940547	0	8219050	1
940547	0	8219052	1
940547	0	8219054	0
940547	0	8219244	1
940547	0	8219246	1
940547	0	8219248	1
940547	0	8219249	1
940547	0	837714	1
940547	0	870275	1
940547	0	870279	1
940547	0	8730308	0
940547	0	8772073	5
940547	0	8772074	1
940547	0	8772075	1
940547	0	964766	1
940547	0	964772	1
997622	0	1664196	1
997622	0	1664199	1
997622	0	18622	0
997622	0	18624	1
997622	0	18627	1
997622	0	2182275	1
997622	0	2388756	0
997622	0	2598764	1
997622	0	2684410	0
997622	0	2684411	1
997622	0	2684414	4
997622	0	2691445	1
997622	0	2691447	1
997622	0	2699953	0
997622	0	2699957	0
997622	0	2699958	1
997622	0	2994494	0
997622	0	3369596	1
997622	0	3369599	1
997622	0	3409798	1
997622	0	3409799	1
997622	0	3409801	1
997622	0	3604705	0
997622	0	3604710	4
997622	0	3604711	4
997622	0	3767361	0
997622	0	3767365	0
997622	0	3767367	1
997622	0	3913144	0
997622	0	406412	4
997622	0	406413	1
997622	0	406414	1
997622	0	406418	4
997622	0	406419	1
997622	0	4185211	1
997622	0	4207705	1
997622	0	4317196	0
997622	0	4317202	1
997622	0	4317203	1
997622	0	4421158	1
997622	0	4421160	1
997622	0	4518217	1
997622	0	4518222	5
997622	0	4543861	4
997622	0	4543865	4
997622	0	4543867	5
997622	0	4543869	4
997622	0	4596839	5
997622	0	4643388	5
997622	0	4643389	4
997622	0	4643391	0
997622	0	4643392	5
997622	0	4643394	4
997622	0	4643397	4
997622	0	4700298	4
997622	0	4700299	1
997622	0	4723212	1
997622	0	4723214	1
997622	0	4723215	4
997622	0	4734740	0
997622	0	4734743	4
997622	0	4734747	1
997622	0	5084953	0
997622	0	5084956	1
997622	0	5111440	0
997622	0	5111444	0
997622	0	5172000	1
997622	0	5389321	1
997622	0	5389322	1
997622	0	5430570	0
997622	0	5694846	1
997622	0	5719834	1
997622	0	59867	1
997622	0	59868	1
997622	0	59869	1
997622	0	59871	1
997622	0	59874	0
997622	0	6501162	0
997622	0	6501163	1
997622	0	650167	1
997622	0	6568903	1
997622	0	72291	5
997622	0	72292	0
997622	0	72293	1
997622	0	73460	5
997622	0	73462	4
997622	0	73463	0
997622	0	73464	0
997622	0	73465	4
997622	0	73466	0
997622	0	7965342	0
997622	0	8533348	5
997622	0	8684994	1
997622	0	8684996	4
997622	0	8782267	1
997622	0	8782272	1
997622	0	8813537	5
997622	0	941632	4
997622	0	941634	1
997622	0	972448	4
